step,time,policy,x_des,y_des,z_des,x_act,y_act,z_act,ee_err_norm_true,ee_err_norm_measured,roll_des,roll_act,pitch_des,pitch_act,ee_hf_norm,saturation_step,joint_limit_flag,actuator_limit_flag,ncon,tau_j1,tau_j2,tau_j3,tau_j4,W_Fx,W_Fy,W_Fz,W_Mroll,W_Mpitch
0,0.01,zero,0.249999840958464,-0.20000009542492161,-0.1000000318083072,0.2500398155097736,-0.20001072970143097,-0.09999479765925912,4.16947107621503e-05,0.0009405280239284359,-1.570803106772076,-1.5708031069781694,-5.264885037714606e-06,1.555902612770943e-05,1.8219302866035585e-05,0,0,0,0,0.017053112295626296,-7.046909717116024,-1.433845095324808,0.04883982747088611,0.0,0.0,0.0,0.0,0.0
1,0.02,zero,0.249998735310848,-0.20000075881349122,-0.10000025293783041,0.25003873433414403,-0.20000923785195734,-0.09999589020275479,4.1119939388152766e-05,0.0004257114881484738,-1.570803106772076,-1.5708031072632394,-5.264885037714606e-06,5.9329998848944854e-05,1.186020334568493e-05,0,0,0,0,0.01714994035298495,-7.046797832926724,-1.433730418699889,0.04883171158730599,0.0,0.0,0.0,0.0,0.0
2,0.03,zero,0.249995757386752,-0.2000025455679488,-0.10000084852264961,0.2500436253414742,-0.20001075880924338,-0.09999405304069339,4.9040564809796086e-05,0.0003595001414199421,-1.570803106772076,-1.570803107471397,-5.264885037714606e-06,0.00012512740076897622,1.323070990121462e-05,0,0,0,0,-0.0038548616751293598,-6.99086530752277,-1.3907084544154515,0.03291517845209237,0.0,0.0,0.0,0.0,0.0
3,0.04,zero,0.249990004187136,-0.2000059974877184,-0.10000199916257281,0.250040194557211,-0.19999915018564077,-0.09998859304561872,5.239926302721427e-05,0.00039935473988004334,-1.570803106772076,-1.570803107494752,-5.264885037714606e-06,6.407747152437082e-05,1.510665665683902e-05,0,0,0,0,-0.0004308523206390339,-6.954893840468652,-1.376848876497439,0.03080050508004409,0.0,0.0,0.0,0.0,0.0
4,0.05,zero,0.2499805952,-0.20001164288,-0.10000388096,0.25003171299433774,-0.1999781228688809,-0.09998598142485568,6.36946889604226e-05,0.0004316687260420216,-1.570803106772076,-1.5708031075888786,-5.264885037714606e-06,-5.428926711181781e-05,2.611473985157822e-05,0,0,0,0,-0.015175116821772966,-6.975716975959748,-1.3841244521372493,0.031848809901443176,0.0,0.0,0.0,0.0,0.0
5,0.060000000000000005,zero,0.249966672216064,-0.2000199966703616,-0.10000666555678721,0.25001763427370227,-0.19994625620588116,-0.09998926903594313,9.130950858479292e-05,0.0005626153541703678,-1.570803106772076,-1.5708031079075515,-5.264885037714606e-06,-0.00021397683275936608,4.328110776691114e-05,0,0,0,0,-0.010683075814257807,-7.006983706567532,-1.4076295177813158,0.04093516512239609,0.0,0.0,0.0,0.0,0.0
6,0.07,zero,0.249947399144448,-0.2000315605133312,-0.10001052017111041,0.2499931845242433,-0.1998964353348607,-0.09999254607786973,0.00014379910600386073,0.00012329335138309549,-1.570803106772076,-1.5708031084292227,-5.264885037714606e-06,-0.00046211199100798517,6.941056939520757e-05,0,0,0,0,-0.0063890988316884405,-7.001587961761088,-1.3927700032414603,0.032375062232180216,0.0,0.0,0.0,0.0,0.0
7,0.08,zero,0.249921961828352,-0.2000468229029888,-0.10001560763432961,0.24995852355701717,-0.19983605547905778,-0.0999981062249124,0.0002146298355893167,0.0006400646602679075,-1.570803106772076,-1.5708031091247638,-5.264885037714606e-06,-0.000765879760932453,9.670402284228307e-05,0,0,0,0,0.001087732817912191,-6.995130580080096,-1.4083856890591926,0.04481051300855437,0.0,0.0,0.0,0.0,0.0
8,0.09,zero,0.249889567860736,-0.20006625928355842,-0.1000220864278528,0.24992075043307305,-0.199771853050625,-0.10000676343838036,0.0002964492820264125,0.001094611661849534,-1.570803106772076,-1.5708031100156534,-5.264885037714606e-06,-0.001065813611470512,0.00012012044285930113,0,0,0,0,0.030257944006932096,-7.019925903223683,-1.4168663713018181,0.04463022462231968,0.0,0.0,0.0,0.0,0.0
9,0.09999999999999999,zero,0.2498494464,-0.20009033216000002,-0.10003011072000001,0.249890683496527,-0.19972129019460805,-0.1000183348232199,0.00037152542590692663,0.0007166482061927213,-1.570803106772076,-1.5708031109634701,-5.264885037714606e-06,-0.0012617911899190926,0.00012947457774754647,0,0,0,0,0.04498468988102566,-7.043432807027952,-1.4239879280188263,0.0453762282906533,0.0,0.0,0.0,0.0,0.0
10,0.10999999999999999,zero,0.249800847985664,-0.20011949120860162,-0.10003983040286721,0.24987295224777842,-0.19968855698145718,-0.10003134460625443,0.00043700725564204583,0.0002271959894689319,-1.570803106772076,-1.5708031118852974,-5.264885037714606e-06,-0.0013319864063408016,0.00012920004681495786,0,0,0,0,0.045431708355355344,-6.99018897845023,-1.399372680571956,0.04180762003291394,0.0,0.0,0.0,0.0,0.0
11,0.11999999999999998,zero,0.249743044354048,-0.20015417338757122,-0.10005139112919041,0.2498538468932923,-0.19965211906114066,-0.10004159071667348,0.0005142293238197495,0.0005680255889116672,-1.570803106772076,-1.5708031127299185,-5.264885037714606e-06,-0.0014376453744826545,0.00013803028148168188,0,0,0,0,0.022733204397365314,-6.991057774087656,-1.4069007983762927,0.046202776816806145,0.0,0.0,0.0,0.0,0.0
12,0.12999999999999998,zero,0.249675328253952,-0.20019480304762882,-0.1000649343492096,0.24982396436255727,-0.1996132006820976,-0.1000470531573926,0.0006005611887173845,0.0006382123914659442,-1.570803106772076,-1.5708031134851876,-5.264885037714606e-06,-0.0015948650108983387,0.00015013344514306447,0,0,0,0,0.035966606658979994,-6.971383600193448,-1.4047177461426057,0.048581978754827976,0.0,0.0,0.0,0.0,0.0
13,0.13999999999999999,zero,0.249597013262336,-0.2002417920425984,-0.1000805973475328,0.2497910008566919,-0.19958230020123843,-0.10005642515588864,0.0006878553412115308,0.0008150456769297096,-1.570803106772076,-1.5708031142757344,-5.264885037714606e-06,-0.0017137445762078762,0.0001594378220559537,0,0,0,0,0.03732677562117319,-6.986900965552618,-1.4208185783498006,0.05670779019038737,0.0,0.0,0.0,0.0,0.0
14,0.15,zero,0.2495074336,-0.20029553984,-0.10009851328000001,0.24976761246222154,-0.1995634099496653,-0.10007312519160508,0.0007774006506948499,0.001280986067337897,-1.570803106772076,-1.5708031151407131,-5.264885037714606e-06,-0.0017369757834591049,0.00016941426629502195,0,0,0,0,0.04932920308725935,-6.958285446238398,-1.3965477378500495,0.04672112793569227,0.0,0.0,0.0,0.0,0.0
15,0.16,zero,0.249405943947264,-0.2003564336316416,-0.1001188112105472,0.2497503644065416,-0.19955912189085614,-0.10009771110639332,0.0008687788436412524,0.0007649681337101137,-1.570803106772076,-1.5708031160864393,-5.264885037714606e-06,-0.0016582008559844486,0.00018057051677473042,0,0,0,0,0.0703654644712911,-6.9763212515226165,-1.4181739682288255,0.05765447425332051,0.0,0.0,0.0,0.0,0.0
16,0.17,zero,0.249291919259648,-0.2004248484442112,-0.1001416161480704,0.24974596647976194,-0.19957213039574495,-0.10013109380457161,0.000966125078851601,0.0008664579213916669,-1.570803106772076,-1.5708031172334684,-5.264885037714606e-06,-0.0014223159820163644,0.00019775736908800954,0,0,0,0,0.05041634356421711,-7.006433772249922,-1.4124324148805951,0.04862189818196113,0.0,0.0,0.0,0.0,0.0
17,0.18000000000000002,zero,0.249164754583552,-0.2005011472498688,-0.1001670490832896,0.24975159579855333,-0.19960200800804442,-0.10016731488016303,0.0010737011029428745,0.001128467754321588,-1.570803106772076,-1.5708031185087925,-5.264885037714606e-06,-0.0010436639255231306,0.00022147689607431955,0,0,0,0,0.056280022195553864,-6.990252235697898,-1.4126630830858347,0.05140971328352946,0.0,0.0,0.0,0.0,0.0
18,0.19000000000000003,zero,0.249023864871936,-0.2005856810768384,-0.1001952270256128,0.24974212403168902,-0.19963905819564737,-0.10020059413639182,0.0011882844380204838,0.0018744706832009603,-1.570803106772076,-1.5708031194851524,-5.264885037714606e-06,-0.0007176174873024799,0.0002391461996046001,0,0,0,0,0.07537946472723107,-6.945255326055634,-1.3704126171529813,0.03359894630869827,0.0,0.0,0.0,0.0,0.0
19,0.20000000000000004,zero,0.2488686848,-0.20067878912,-0.10022626304,0.24969954276329048,-0.19966585197397063,-0.10022241655368258,0.0013101074049200513,0.0017746836217480278,-1.570803106772076,-1.5708031197441763,-5.264885037714606e-06,-0.0006586448961016789,0.00024586032389142386,0,0,0,0,0.11645989024354261,-6.94586807498578,-1.3711239049823207,0.032863401168616455,0.0,0.0,0.0,0.0,0.0
20,0.21000000000000005,zero,0.248698668580864,-0.20078079885148162,-0.10026026628382721,0.249637924672609,-0.19969825612240785,-0.10023479317002959,0.0014334397949258679,0.0019158936873613901,-1.570803106772076,-1.5708031192523466,-5.264885037714606e-06,-0.0007500700440679076,0.0002495600890462856,0,0,0,0,0.10759198600804558,-6.952391304847421,-1.3523733008929064,0.017927269158132895,0.0,0.0,0.0,0.0,0.0
21,0.22000000000000006,zero,0.248513289781248,-0.2008920261312512,-0.1002973420437504,0.24957068974462193,-0.19974869967900966,-0.10024402800854532,0.001558246593222097,0.0022244502154667918,-1.570803106772076,-1.5708031182598057,-5.264885037714606e-06,-0.0008472662258243169,0.000255678656873755,0,0,0,0,0.11775363420469527,-6.98454046868313,-1.3855597996467155,0.033088399448152825,0.0,0.0,0.0,0.0,0.0
22,0.23000000000000007,zero,0.248312041137152,-0.2010127753177088,-0.10033759177256961,0.24949230218811239,-0.19981004853775822,-0.10024943598394001,0.0016874060858884416,0.0022079226596008915,-1.570803106772076,-1.5708031169923482,-5.264885037714606e-06,-0.0009587625994202931,0.0002631831689907104,0,0,0,0,0.13334447773581426,-6.967919764439065,-1.370354038019661,0.02793030520485597,0.0,0.0,0.0,0.0,0.0
23,0.24000000000000007,zero,0.248094434369536,-0.2011433393782784,-0.10038111312609281,0.24940960371432938,-0.1998909377411159,-0.1002548888790741,0.0018204704959946594,0.0025326831392855852,-1.570803106772076,-1.5708031155611952,-5.264885037714606e-06,-0.0010019419676225993,0.0002732574273074531,0,0,0,0,0.13004087802048298,-6.928609914419571,-1.3723045768536846,0.0373889780441215,0.0,0.0,0.0,0.0,0.0
24,0.25000000000000006,zero,0.24786,-0.20128400000000002,-0.100428,0.24931039639917044,-0.1999844427899442,-0.10026131875179034,0.0019545539888781165,0.0020207520873307392,-1.570803106772076,-1.5708031138780538,-5.264885037714606e-06,-0.0010665008053551972,0.00028035660133350935,0,0,0,0,0.1459037766499242,-6.960303431841182,-1.3739751023194668,0.03230238065861357,0.0,0.0,0.0,0.0,0.0
25,0.26000000000000006,zero,0.247608287166464,-0.20143502770012162,-0.10047834256670721,0.24918586186476965,-0.20008905352287518,-0.1002719441545534,0.002083983857684133,0.002724091873383378,-1.570803106772076,-1.5708031119270556,-5.264885037714606e-06,-0.001191853942339005,0.00028026685317639026,0,0,0,0,0.11903983689618555,-6.914370105434886,-1.3474206771064758,0.02486211303416818,0.0,0.0,0.0,0.0,0.0
26,0.2700000000000001,zero,0.247338863438848,-0.20159668193669122,-0.10053222731223041,0.24902533275643576,-0.20019428888437119,-0.10028393050764572,0.0022073822359363585,0.00229202114467592,-1.570803106772076,-1.5708031096624386,-5.264885037714606e-06,-0.0014691092725258592,0.00027231822924684223,0,0,0,0,0.15036026457583007,-6.909052838229085,-1.3298878819430706,0.015647772101373317,0.0,0.0,0.0,0.0,0.0
27,0.2800000000000001,zero,0.247051314634752,-0.20176921121914881,-0.1005897370730496,0.24882397326923922,-0.2002931622728703,-0.10029777135557602,0.002325141523953298,0.0030215089128921295,-1.570803106772076,-1.570803107339068,-5.264885037714606e-06,-0.001900159136314583,0.0002596658045590796,0,0,0,0,0.1261954784023041,-6.920865695341258,-1.3276452394328577,0.011078742695413962,0.0,0.0,0.0,0.0,0.0
28,0.2900000000000001,zero,0.246745244635136,-0.2019528532189184,-0.10065095107297281,0.2485880966114955,-0.20038886259605385,-0.10031986376736143,0.002439628840442203,0.0030343238584392093,-1.570803106772076,-1.5708031053167226,-5.264885037714606e-06,-0.002389259083786399,0.00024825674266584633,0,0,0,0,0.16550081321776658,-6.9316007322514475,-1.3389434236773001,0.016738332226133232,0.0,0.0,0.0,0.0,0.0
29,0.3000000000000001,zero,0.24642027519999998,-0.20214783488000002,-0.10071594496000001,0.24830547334422587,-0.2004799227277704,-0.10034735213632254,0.0025439661279613125,0.0033385716761130634,-1.570803106772076,-1.5708031034262147,-5.264885037714606e-06,-0.0030043255541225555,0.0002365239818190441,0,0,0,0,0.16609892368712834,-6.930112393049028,-1.349585795532688,0.026205660299974967,0.0,0.0,0.0,0.0,0.0
30,0.3100000000000001,zero,0.246076045784064,-0.20235437252956162,-0.1007847908431872,0.2479855340195654,-0.20057554962706653,-0.10037874129873481,0.002641066540719743,0.0032790650376490057,-1.570803106772076,-1.570803101741178,-5.264885037714606e-06,-0.003650608182577564,0.00022979272855810538,0,0,0,0,0.17665130337446003,-6.888447630169683,-1.3258614051970705,0.020411808369834417,0.0,0.0,0.0,0.0,0.0
31,0.3200000000000001,zero,0.245712213352448,-0.2025726719885312,-0.1008575573295104,0.24762159229159825,-0.2006788794212118,-0.10041796697243063,0.0027249620003483204,0.003305306221603667,-1.570803106772076,-1.5708031000804585,-5.264885037714606e-06,-0.004368989489178965,0.00022451176634832575,0,0,0,0,0.1701469621175383,-6.8881378105104005,-1.3288587734593897,0.024542266729446854,0.0,0.0,0.0,0.0,0.0
32,0.3300000000000001,zero,0.245328452196352,-0.20280292868218883,-0.1009343095607296,0.2472192920249068,-0.20079013162551657,-0.1004655846996513,0.0028011301726250746,0.003250975988953002,-1.570803106772076,-1.570803098434797,-5.264885037714606e-06,-0.005145800203524953,0.00022461770909671375,0,0,0,0,0.17275852707363595,-6.921239704188338,-1.3489741826969548,0.032849600089185554,0.0,0.0,0.0,0.0,0.0
33,0.34000000000000014,zero,0.244924453748736,-0.20304532775075843,-0.10101510925025281,0.2467888987883594,-0.20090963245048127,-0.10051949109448396,0.002878017907819543,0.0033940628528307233,-1.570803106772076,-1.5708030968830273,-5.264885037714606e-06,-0.005932963115394818,0.00023068556385774603,0,0,0,0,0.17250310319186032,-6.950405208169515,-1.3818579456400033,0.04961511778826208,0.0,0.0,0.0,0.0,0.0
34,0.35000000000000014,zero,0.24449992639999998,-0.20330004416000003,-0.10110001472,0.24633862565184722,-0.20104181410151145,-0.10057844274832303,0.002958454876695588,0.003912235529802163,-1.570803106772076,-1.5708030954011902,-5.264885037714606e-06,-0.00668584147851381,0.00023686648862408967,0,0,0,0,0.17877689409377184,-6.933512281205062,-1.3663224914388825,0.04514902395053101,0.0,0.0,0.0,0.0,0.0
35,0.36000000000000015,zero,0.244054595313664,-0.2035672428118016,-0.10118908093726721,0.24587405001200485,-0.20119505329754675,-0.1006457879395719,0.003038563109793848,0.003610670861067951,-1.570803106772076,-1.5708030938691326,-5.264885037714606e-06,-0.007370474291449769,0.00023541543951628477,0,0,0,0,0.20464805962888763,-6.924476809041235,-1.3535077740582604,0.04099757742468942,0.0,0.0,0.0,0.0,0.0
36,0.37000000000000016,zero,0.243588202242048,-0.20384707865477122,-0.1012823595515904,0.24538842854027654,-0.20135729258001717,-0.10072373825885544,0.0031228043761288874,0.0036633591278006604,-1.570803106772076,-1.5708030922151377,-5.264885037714606e-06,-0.008091198858639848,0.0002361952567825537,0,0,0,0,0.18717568977121368,-6.9337474143896305,-1.3907165853340824,0.06368938134016733,0.0,0.0,0.0,0.0,0.0
37,0.38000000000000017,zero,0.243100505341952,-0.20413969679482882,-0.1013798989316096,0.24488258206023275,-0.2015298413553243,-0.10081065837670963,0.0032111022491182737,0.0040885104959317575,-1.570803106772076,-1.5708030904618124,-5.264885037714606e-06,-0.00883000427564129,0.00023795244560032244,0,0,0,0,0.19302293806660537,-6.962480487508531,-1.4154392105439695,0.07587139919396735,0.0,0.0,0.0,0.0,0.0
38,0.3900000000000002,zero,0.242591278990336,-0.20444523260579842,-0.1014817442019328,0.24435827335265298,-0.20171820968726079,-0.10090152127828825,0.0033008456061761064,0.004417405359807609,-1.570803106772076,-1.5708030883737465,-5.264885037714606e-06,-0.009588015005181472,0.0002371941298957341,0,0,0,0,0.21073968818308983,-6.941698136825845,-1.4025190797383325,0.07451094640439715,0.0,0.0,0.0,0.0,0.0
39,0.4000000000000002,zero,0.2420603136,-0.20476381184,-0.10158793728000001,0.2438193711140598,-0.2019210943231355,-0.10099365549540085,0.0033953640538188002,0.004366010019208705,-1.570803106772076,-1.5708030858570206,-5.264885037714606e-06,-0.010376701042541958,0.00023549632946919587,0,0,0,0,0.2284482385674255,-6.946676377757221,-1.3831540548140646,0.06385756785502672,0.0,0.0,0.0,0.0,0.0
40,0.4100000000000002,zero,0.241507415435264,-0.20509555073884161,-0.1016985169129472,0.24326696906191522,-0.20214932638813454,-0.10108679602427864,0.0034857523342019373,0.004081439862881829,-1.570803106772076,-1.570803082968644,-5.264885037714606e-06,-0.011116142597234369,0.00022624761420943828,0,0,0,0,0.2251521209594377,-6.947954582592568,-1.3959642871686608,0.07414571307546988,0.0,0.0,0.0,0.0,0.0
41,0.4200000000000002,zero,0.240932406427648,-0.20544055614341122,-0.1018135187144704,0.2426984720381749,-0.20239871585948904,-0.10117565068684611,0.0035747245592133246,0.004425238219203671,-1.570803106772076,-1.5708030796944705,-5.264885037714606e-06,-0.011829647686275813,0.00021588837160434838,0,0,0,0,0.21062804874241994,-6.921364679301499,-1.3810217592477614,0.0714120136276435,0.0,0.0,0.0,0.0,0.0
42,0.4300000000000002,zero,0.240335123991552,-0.20579892560506882,-0.1019329752016896,0.24212164760945235,-0.2026697977481366,-0.1012571055212291,0.0036660479548569513,0.004961672377782395,-1.570803106772076,-1.5708030759622926,-5.264885037714606e-06,-0.012503038012950052,0.00020601157545642806,0,0,0,0,0.22962032948907146,-6.939970920858001,-1.400305922220403,0.08286724493984511,0.0,0.0,0.0,0.0,0.0
43,0.4400000000000002,zero,0.239715420839936,-0.20617074749603842,-0.1020569158320128,0.24153731556951571,-0.2029710736779046,-0.10133092034470081,0.0037529031956231996,0.005182370258715489,-1.570803106772076,-1.570803071553184,-5.264885037714606e-06,-0.01312620401602893,0.00019412369062545657,0,0,0,0,0.2556835361712285,-6.925595599125286,-1.383912425777304,0.07710498468099533,0.0,0.0,0.0,0.0,0.0
44,0.45000000000000023,zero,0.2390731648,-0.20655610112000003,-0.10218536704,0.24094628093752674,-0.20330734382567417,-0.10140231479835154,0.0038309475114192415,0.00521598684084578,-1.570803106772076,-1.5708030663807269,-5.264885037714606e-06,-0.013693329238411156,0.0001814444129912122,0,0,0,0,0.2643060689042617,-6.934445690131885,-1.3938347132522937,0.08295975721253636,0.0,0.0,0.0,0.0,0.0
45,0.46000000000000024,zero,0.23840823862886398,-0.20695505682268162,-0.10231835227422721,0.24036808225675882,-0.20369213812074066,-0.10147667095639537,0.0038982115055577952,0.005671641392316999,-1.570803106772076,-1.5708030606891499,-5.264885037714606e-06,-0.014034725047519458,0.00017282830163154944,0,0,0,0,0.25678077997713405,-6.889667917720057,-1.380807718324164,0.08582003765780905,0.0,0.0,0.0,0.0,0.0
46,0.47000000000000025,zero,0.23772053982924798,-0.20736767610245121,-0.10245589203415041,0.23979527092118566,-0.20412392985579972,-0.10154863335306194,0.003955947058661044,0.0051139123373424595,-1.570803106772076,-1.5708030542355065,-5.264885037714606e-06,-0.014215700325832303,0.00018506613370094838,0,0,0,0,0.27685036248416584,-6.866631454362407,-1.3590760676915352,0.07762145074958182,0.0,0.0,0.0,0.0,0.0
47,0.48000000000000026,zero,0.23700998046515198,-0.20779401172090883,-0.1025980039069696,0.2392186840197158,-0.20458820441073988,-0.10160810765401712,0.004016897620488341,0.005900573590924465,-1.570803106772076,-1.5708030469807208,-5.264885037714606e-06,-0.014334093768618494,0.00022129771749973678,0,0,0,0,0.2521486984248194,-6.876922416361442,-1.3631133861049767,0.07918864075487579,0.0,0.0,0.0,0.0,0.0
48,0.49000000000000027,zero,0.23627648697753598,-0.20823410781347843,-0.10274470260449281,0.23863902274916443,-0.20508744198301923,-0.10165923090276971,0.004081829238962007,0.0058015540068846365,-1.570803106772076,-1.5708030391280103,-5.264885037714606e-06,-0.014337570249808085,0.0002689478038543017,0,0,0,0,0.2888173165030694,-6.85636880305883,-1.3485166933735284,0.07436399743564379,0.0,0.0,0.0,0.0,0.0
49,0.5000000000000002,zero,0.23551999999999998,-0.208688,-0.102896,0.23804266324461903,-0.20561935351599145,-0.10170879634774069,0.004146067245174385,0.005844354522518556,-1.570803106772076,-1.5708030305843372,-5.264885037714606e-06,-0.014300122930860137,0.00031241880562707093,0,0,0,0,0.2855795586460875,-6.840606716547312,-1.3192667584820452,0.06123939617746503,0.0,0.0,0.0,0.0,0.0
50,0.5100000000000002,zero,0.23474047417446398,-0.20915571549532164,-0.1030519051651072,0.23742509471187476,-0.2061831796016195,-0.10175807427112396,0.004209175150960197,0.005570481750682841,-1.570803106772076,-1.570803021364923,-5.264885037714606e-06,-0.014233249028564599,0.00034969014165567547,0,0,0,0,0.2858701336308172,-6.842024375722617,-1.3117410379053858,0.05615873912784276,0.0,0.0,0.0,0.0,0.0
51,0.5200000000000002,zero,0.23393787796684798,-0.20963727321989123,-0.10321242440663041,0.23678479096273086,-0.20677697234390907,-0.10181132175047794,0.004271922677243661,0.005909346733456711,-1.570803106772076,-1.5708030115921805,-5.264885037714606e-06,-0.01413195685241031,0.0003803795573127509,0,0,0,0,0.2673652987633305,-6.817680300839518,-1.281753222432685,0.04213658025580777,0.0,0.0,0.0,0.0,0.0
52,0.5300000000000002,zero,0.23311219348275197,-0.2101326839103488,-0.1033775613034496,0.2361222509224929,-0.20739833954907086,-0.10187357736884747,0.004335787420081098,0.005154139805352439,-1.570803106772076,-1.5708030013877952,-5.264885037714606e-06,-0.013990885701386846,0.0004049432974847358,0,0,0,0,0.28274493063603195,-6.80703610437522,-1.2738107911135481,0.040853097188035176,0.0,0.0,0.0,0.0,0.0
53,0.5400000000000003,zero,0.232263416283136,-0.21064195023011842,-0.10354731674337281,0.23544800207852445,-0.20804066879838107,-0.10194618899919478,0.004412693262449607,0.005498495629836743,-1.570803106772076,-1.5708029910611367,-5.264885037714606e-06,-0.013764314635531516,0.0004283318656865069,0,0,0,0,0.2465383795364975,-6.799586683439704,-1.254184928692202,0.030379812815225907,0.0,0.0,0.0,0.0,0.0
54,0.5500000000000003,zero,0.2313915552,-0.21116506688000003,-0.10372168896000002,0.2347279294578476,-0.20867741553129038,-0.10201929943715504,0.0044964355336930455,0.005265222249388311,-1.570803106772076,-1.5708029803770152,-5.264885037714606e-06,-0.013717420688712068,0.0004279581164145615,0,0,0,0,0.25258165836422863,-6.75209153533058,-1.2270778299512082,0.02317915152759345,0.0,0.0,0.0,0.0,0.0
55,0.5600000000000003,zero,0.23049663215206398,-0.21170202070876162,-0.10390067356958721,0.23394736279618855,-0.20929826886820266,-0.10208932469908016,0.004578924504725771,0.006176520027357406,-1.570803106772076,-1.5708029693080345,-5.264885037714606e-06,-0.013940769127315455,0.00040250416254399604,0,0,0,0,0.24464991625310606,-6.7571564730561455,-1.2371647409699662,0.030517541753001996,0.0,0.0,0.0,0.0,0.0
56,0.5700000000000003,zero,0.22957868196044798,-0.21225279082373122,-0.10408426360791041,0.23313031532980144,-0.20992995087739266,-0.1021652380036471,0.004657504082277256,0.006351752993556009,-1.570803106772076,-1.5708029581169254,-5.264885037714606e-06,-0.014177339170416081,0.00037869860608425593,0,0,0,0,0.28150641696672374,-6.719917682436809,-1.2062475290293544,0.01950308621585621,0.0,0.0,0.0,0.0,0.0
57,0.5800000000000003,zero,0.22863775216435198,-0.21281734870138883,-0.10427244956712961,0.23226965799779833,-0.2105723315971182,-0.1022557994663984,0.00472204610420828,0.006637215215362526,-1.570803106772076,-1.5708029465950797,-5.264885037714606e-06,-0.014496520310915972,0.0003496713913355949,0,0,0,0,0.28771219604784304,-6.720565864917621,-1.2166425575868611,0.026815975648962653,0.0,0.0,0.0,0.0,0.0
58,0.5900000000000003,zero,0.22767390283673597,-0.21339565829795842,-0.10446521943265281,0.2313672647267434,-0.21121869521175654,-0.10236990019281261,0.004771839587212613,0.006424469069628029,-1.570803106772076,-1.5708029346650356,-5.264885037714606e-06,-0.014962911475650209,0.00031232696820386244,0,0,0,0,0.2931070564999591,-6.685336421769536,-1.1925484744122201,0.020939717064168493,0.0,0.0,0.0,0.0,0.0
59,0.6000000000000003,zero,0.22668720639999995,-0.21398767616000003,-0.10466255872,0.23042260196057834,-0.2118547665652134,-0.10251167104197914,0.004809241222582165,0.006698845157822688,-1.570803106772076,-1.5708029226267568,-5.264885037714606e-06,-0.015608903057169554,0.0002623756652721884,0,0,0,0,0.269185757222162,-6.659394602214458,-1.179158224765037,0.018470680064392016,0.0,0.0,0.0,0.0,0.0
60,0.6100000000000003,zero,0.22567774744166397,-0.21459335153500164,-0.1048644505116672,0.2294313798434143,-0.21248347531756617,-0.10267751566125768,0.004829494580212872,0.006982515277853434,-1.570803106772076,-1.5708029108485915,-5.264885037714606e-06,-0.01634052234126293,0.00020470510131734792,0,0,0,0,0.2909923504425363,-6.684898368335466,-1.1825570093577242,0.018516678837428024,0.0,0.0,0.0,0.0,0.0
61,0.6200000000000003,zero,0.22464562253004797,-0.21521262648197123,-0.10507087549399041,0.22837326450021853,-0.21309490137741705,-0.10285832502401857,0.004824464100644622,0.0065905689759901175,-1.570803106772076,-1.5708028992966376,-5.264885037714606e-06,-0.017247032426086273,0.00013702036630540906,0,0,0,0,0.3068415702359812,-6.693366345147132,-1.1841574117101559,0.02095659242480155,0.0,0.0,0.0,0.0,0.0
62,0.6300000000000003,zero,0.22359094002995197,-0.21584543598202882,-0.10528181199400961,0.22725253806520943,-0.21368196095968958,-0.10305666217965062,0.0047999183368499995,0.006937219930329435,-1.570803106772076,-1.5708028879729257,-5.264885037714606e-06,-0.01836381906610618,7.92748871472202e-05,0,0,0,0,0.269357761095929,-6.6551495177955164,-1.1891864500020592,0.03351089376630751,0.0,0.0,0.0,0.0,0.0
63,0.6400000000000003,zero,0.22251381991833596,-0.21649170804899842,-0.1054972360163328,0.2260801800092371,-0.21425316921098686,-0.10327781315696927,0.004759812838329249,0.007019175706471697,-1.570803106772076,-1.5708028769102347,-5.264885037714606e-06,-0.019614352506084565,9.172828391841069e-05,0,0,0,0,0.2876345658544185,-6.679975777032928,-1.2076540462219103,0.04529972503357954,0.0,0.0,0.0,0.0,0.0
64,0.6500000000000004,zero,0.22141439359999998,-0.21715136384000003,-0.10571712128,0.22486611170097243,-0.21483211432569763,-0.10352397078127301,0.004701402478860879,0.006741386266190445,-1.570803106772076,-1.5708028660701814,-5.264885037714606e-06,-0.020837270817762654,0.0001459464977814276,0,0,0,0,0.2994542675312516,-6.718781614059486,-1.2429311384238473,0.06388021723735801,0.0,0.0,0.0,0.0,0.0
65,0.6600000000000004,zero,0.22029280372326396,-0.21782431776604164,-0.10594143925534721,0.22363628086908155,-0.2154375596282782,-0.1037966740961142,0.004634163508233637,0.006723522448268782,-1.570803106772076,-1.5708028554134414,-5.264885037714606e-06,-0.021870215176688523,0.00018290465069390532,0,0,0,0,0.2890281022015078,-6.750926894368741,-1.259794277102166,0.0724889870386893,0.0,0.0,0.0,0.0,0.0
66,0.6700000000000004,zero,0.21914920399564797,-0.21851047760261122,-0.10617015920087042,0.2223772291537471,-0.21604902470918286,-0.10408859033661486,0.004561997994796362,0.006738093978613597,-1.570803106772076,-1.5708028444488173,-5.264885037714606e-06,-0.022952251075395447,0.00021983578018210074,0,0,0,0,0.2862479372199716,-6.756186614672119,-1.2518041242910112,0.07113513231159979,0.0,0.0,0.0,0.0,0.0
67,0.6800000000000004,zero,0.21798375899955197,-0.21920974460026882,-0.10640324820008962,0.2210773542381755,-0.21665364107310092,-0.10439046660909129,0.004489463940727909,0.0068663612362726036,-1.570803106772076,-1.57080283286873,-5.264885037714606e-06,-0.024229931393203286,0.00026427237717795626,0,0,0,0,0.2671579161773609,-6.704577614456028,-1.2245883396686468,0.06744397121252388,0.0,0.0,0.0,0.0,0.0
68,0.6900000000000004,zero,0.21679664400793597,-0.21992201359523844,-0.1066406711984128,0.2197410888367214,-0.21725479707102227,-0.10470009665053337,0.004421496230088913,0.0074708766636634545,-1.570803106772076,-1.5708028206293376,-5.264885037714606e-06,-0.025674889926962097,0.0003084796495921431,0,0,0,0,0.27813170705403023,-6.7269831875681945,-1.2337271330051636,0.07219670802366006,0.0,0.0,0.0,0.0,0.0
69,0.7000000000000004,zero,0.21558804479999996,-0.22064717312000004,-0.10688239104000001,0.2183823499888583,-0.21787049114999874,-0.10501660427111043,0.0043588145771498955,0.007579616592818263,-1.570803106772076,-1.5708028078336902,-5.264885037714606e-06,-0.027119585560053228,0.0003385094629106823,0,0,0,0,0.3038428186822324,-6.736778454659113,-1.2583559159269737,0.09071073085913953,0.0,0.0,0.0,0.0,0.0
70,0.7100000000000004,zero,0.21435815747686396,-0.22138510551388163,-0.10712836850462722,0.21701209619378348,-0.21851048264109638,-0.10534113112286653,0.004301286416023394,0.0070041634997823725,-1.570803106772076,-1.5708027947350522,-5.264885037714606e-06,-0.028427459229353635,0.0003503908425039644,0,0,0,0,0.316417444710123,-6.7573411429506525,-1.2662482537917157,0.09722925281530924,0.0,0.0,0.0,0.0,0.0
71,0.7200000000000004,zero,0.21310718827724795,-0.22213568703365122,-0.10737856234455041,0.21562937355110345,-0.21917076357177764,-0.10567399979038178,0.004249437985368871,0.006929263180087126,-1.570803106772076,-1.5708027813161953,-5.264885037714606e-06,-0.029626338529343377,0.00035252178228879836,0,0,0,0,0.29289648878763686,-6.791772265797232,-1.3003872677701236,0.11662786983910939,0.0,0.0,0.0,0.0,0.0
72,0.7300000000000004,zero,0.21183535339315196,-0.22289878796410884,-0.10763292932136961,0.2142130407597797,-0.21984042701480494,-0.10600703698412942,0.0042012491954113605,0.006908664595302448,-1.570803106772076,-1.5708027668898175,-5.264885037714606e-06,-0.030945009416628144,0.0003604612480543699,0,0,0,0,0.28942359779794685,-6.794411099060578,-1.309327209476288,0.1268417226180576,0.0,0.0,0.0,0.0,0.0
73,0.7400000000000004,zero,0.21054287878553596,-0.22367427272867843,-0.10789142424289282,0.21276307451686718,-0.22052791217111112,-0.10632984964933903,0.004155402393856623,0.006930741099249234,-1.570803106772076,-1.5708027509872844,-5.264885037714606e-06,-0.03240083127710003,0.00036681128342808963,0,0,0,0,0.2885986879010167,-6.806999021360286,-1.3141687206592818,0.13099411409135123,0.0,0.0,0.0,0.0,0.0
74,0.7500000000000004,zero,0.20922999999999994,-0.22446200000000005,-0.10815400000000001,0.21131659855377657,-0.22126152659320075,-0.10664268188844522,0.0041086501416603685,0.006789853290943648,-1.570803106772076,-1.5708027339667574,-5.264885037714606e-06,-0.03367017453803123,0.00034454072842167503,0,0,0,0,0.2941308498686074,-6.845833347842329,-1.3453471483802102,0.14883727386621126,0.0,0.0,0.0,0.0,0.0
75,0.7600000000000005,zero,0.20789696198246393,-0.22526182281052165,-0.10842060760350722,0.2098828756147534,-0.22204906310181272,-0.10694832979795985,0.004053798198914702,0.007236583774988009,-1.570803106772076,-1.5708027158851017,-5.264885037714606e-06,-0.03467640961022611,0.00029799115501377254,0,0,0,0,0.2892156135605777,-6.874712539232659,-1.3634807749721791,0.15877102636846546,0.0,0.0,0.0,0.0,0.0
76,0.7700000000000005,zero,0.20654401889484794,-0.22607358866309124,-0.10869119622103042,0.20846309152795123,-0.2228895355062486,-0.1072476535953509,0.00398808846302076,0.007215244800721045,-1.570803106772076,-1.5708026966618267,-5.264885037714606e-06,-0.035439654616710836,0.00023863848996812193,0,0,0,0,0.30182028807921446,-6.855572212107389,-1.3589924643193567,0.16386320420621397,0.0,0.0,0.0,0.0,0.0
77,0.7800000000000005,zero,0.20517143393075193,-0.22689713964154884,-0.10896571321384961,0.2070770587074835,-0.22379570570010784,-0.10754422186153059,0.003907804491979249,0.006745048856747258,-1.570803106772076,-1.5708026766272274,-5.264885037714606e-06,-0.035782657924188,0.00016968737327636348,0,0,0,0,0.29928477100942597,-6.855620473755327,-1.3568638003003857,0.1657886980799907,0.0,0.0,0.0,0.0,0.0
78,0.7900000000000005,zero,0.20377947913113595,-0.22773231252131843,-0.10924410417377281,0.20573279483950488,-0.2247727528024195,-0.10783680913632934,0.003815090471889604,0.007200500584880792,-1.570803106772076,-1.5708026557362667,-5.264885037714606e-06,-0.035667862349042734,0.00014000789651503703,0,0,0,0,0.2824451342047431,-6.845280017641563,-1.3290248457173606,0.15337065590773669,0.0,0.0,0.0,0.0,0.0
79,0.8000000000000005,zero,0.20236843519999995,-0.22857893888000003,-0.10952631296000001,0.2044168690199491,-0.22581935988323154,-0.10811802825762176,0.0037141113549636383,0.006625115207176122,-1.570803106772076,-1.5708026336080398,-5.264885037714606e-06,-0.035189361257654594,0.00020833977975300857,0,0,0,0,0.30627853363100577,-6.818590473102895,-1.3004069575004762,0.141246127583319,0.0,0.0,0.0,0.0,0.0
80,0.8100000000000005,zero,0.20093859132006392,-0.22943684520796165,-0.10981228173598721,0.20310431946670157,-0.22691813469438338,-0.10838552131640686,0.0036152353106304698,0.006392575916022425,-1.570803106772076,-1.570802609896281,-5.264885037714606e-06,-0.034563844710579605,0.00030958552137011903,0,0,0,0,0.28239354588687804,-6.794523091428481,-1.2653205739395477,0.12467073253892152,0.0,0.0,0.0,0.0,0.0
81,0.8200000000000005,zero,0.19949024496844794,-0.23030585301893125,-0.11010195100631041,0.20177998758753238,-0.22804671847397207,-0.10863706468716589,0.0035344733811271505,0.006837347780390327,-1.570803106772076,-1.5708025847058915,-5.264885037714606e-06,-0.03393425129112426,0.0003964626251898158,0,0,0,0,0.2724644468877133,-6.777481771210488,-1.2445993857342483,0.11593023951915588,0.0,0.0,0.0,0.0,0.0
82,0.8300000000000005,zero,0.19802370173235195,-0.23118577896058884,-0.11039525965352961,0.2004362184387248,-0.22919467090099824,-0.10887649165901506,0.0034772696738470743,0.006412817974193802,-1.570803106772076,-1.5708025581882294,-5.264885037714606e-06,-0.033352477085429655,0.0004619520660825064,0,0,0,0,0.2863904048274901,-6.742909488836829,-1.2246695839988777,0.11021367211584975,0.0,0.0,0.0,0.0,0.0
83,0.8400000000000005,zero,0.19653927512473593,-0.23207643492515845,-0.11069214497505282,0.19906187999315345,-0.23033663345857647,-0.10910967058311691,0.0034488649823409307,0.006245996208748846,-1.570803106772076,-1.570802530500395,-5.264885037714606e-06,-0.032977465984561416,0.0004939045119906341,0,0,0,0,0.2664976855114737,-6.7146031749020105,-1.1874800936434453,0.09201520460658057,0.0,0.0,0.0,0.0,0.0
84,0.8500000000000005,zero,0.19503728639999993,-0.23297762816000006,-0.11099254272000002,0.19765192231742257,-0.23145789999964095,-0.10934264100267638,0.0034450065803845035,0.006325473680056738,-1.570803106772076,-1.5708025019997829,-5.264885037714606e-06,-0.03284735851894327,0.0004927768914180686,0,0,0,0,0.2551703389933951,-6.690588348193398,-1.1754594490121388,0.08996295035922107,0.0,0.0,0.0,0.0,0.0
85,0.8600000000000005,zero,0.19351806436966393,-0.23388916137820165,-0.11129638712606722,0.1962002161877484,-0.23255634507278763,-0.10957654393820865,0.0034537223788334384,0.00659606032666235,-1.570803106772076,-1.5708024728306356,-5.264885037714606e-06,-0.03294999455488523,0.00046695442486956103,0,0,0,0,0.2530294002948016,-6.666004097379994,-1.155645658157596,0.08379555630760786,0.0,0.0,0.0,0.0,0.0
86,0.8700000000000006,zero,0.19198194521804793,-0.23481083286917126,-0.11160361095639042,0.19471325940305806,-0.2336398057243622,-0.1098119899826264,0.0034700558302062498,0.00701248322142088,-1.570803106772076,-1.570802443357418,-5.264885037714606e-06,-0.033146943243981264,0.00043148098754011173,0,0,0,0,0.2726008014457914,-6.680484853000419,-1.159057911710859,0.08531457074524684,0.0,0.0,0.0,0.0,0.0
87,0.8800000000000006,zero,0.19042927231795193,-0.23574243660922886,-0.11191414553640962,0.19319491946774353,-0.2347128447250576,-0.11005054075051446,0.003490255922294682,0.006516138009698564,-1.570803106772076,-1.5708024138853858,-5.264885037714606e-06,-0.03333917801757358,0.00039347251818360287,0,0,0,0,0.285386842725364,-6.652394569153014,-1.1380681177542642,0.07932659173466561,0.0,0.0,0.0,0.0,0.0
88,0.8900000000000006,zero,0.18886039604633592,-0.23668376237219846,-0.11222792079073282,0.1916598513395241,-0.23580183067590704,-0.11029425718939623,0.0035147984833581495,0.007064187062447134,-1.570803106772076,-1.5708023844828778,-5.264885037714606e-06,-0.03331818507151918,0.00037215721708697705,0,0,0,0,0.2680130834133698,-6.689143943098999,-1.1639925280165102,0.0902392365294116,0.0,0.0,0.0,0.0,0.0
89,0.9000000000000006,zero,0.18727567359999991,-0.23763459584000005,-0.11254486528000002,0.19010203680156146,-0.23689637815285366,-0.11053786912887378,0.0035441963618558846,0.006479478701469448,-1.570803106772076,-1.5708023547832421,-5.264885037714606e-06,-0.03322352712191923,0.00035571361634393733,0,0,0,0,0.289458419646283,-6.663108806230401,-1.132572642392475,0.07799088111638475,0.0,0.0,0.0,0.0,0.0
90,0.9100000000000006,zero,0.1856754688112639,-0.23859471871324167,-0.11286490623774723,0.18851518674040715,-0.23798476809439084,-0.11078139278276578,0.003574502201932865,0.006336245384520032,-1.570803106772076,-1.5708023246529221,-5.264885037714606e-06,-0.03316441005337034,0.00033508554658889306,0,0,0,0,0.25650072148411057,-6.646292135944564,-1.1078696560353682,0.06674287133120882,0.0,0.0,0.0,0.0,0.0
91,0.9200000000000006,zero,0.18406015196364792,-0.23956390882181125,-0.11318796960727041,0.18689649771202604,-0.23906102356463113,-0.11102246993999418,0.003603767416913206,0.006727482076993518,-1.570803106772076,-1.5708022940669024,-5.264885037714606e-06,-0.03318111360781306,0.00030981395945585893,0,0,0,0,0.24828963675535004,-6.645898603188918,-1.1146378367668022,0.07256295707596544,0.0,0.0,0.0,0.0,0.0
92,0.9300000000000006,zero,0.1824300996075519,-0.24054194023546885,-0.11351398007848962,0.18525092510585453,-0.240115881913425,-0.11126805790978411,0.003630805499271461,0.0065834415089945225,-1.570803106772076,-1.5708022632661816,-5.264885037714606e-06,-0.03329381947891963,0.0002763968805970827,0,0,0,0,0.26780092443128706,-6.655092055049059,-1.1331013965984806,0.08296630626405725,0.0,0.0,0.0,0.0,0.0
93,0.9400000000000006,zero,0.1807856943759359,-0.24152858337443847,-0.11384286112481283,0.18356426535005627,-0.24113217881247165,-0.1115194881183888,0.003643577275419338,0.006620583982403432,-1.570803106772076,-1.5708022321219328,-5.264885037714606e-06,-0.03365393209657297,0.00023134705694934763,0,0,0,0,0.25252429120995495,-6.624390869058401,-1.1028288725551303,0.07234850647920313,0.0,0.0,0.0,0.0,0.0
94,0.9500000000000006,zero,0.17912732479999993,-0.24252360512000004,-0.11417453504000002,0.18183558965581623,-0.24211027482164912,-0.11177933120423211,0.00363903034882396,0.007517592050311225,-1.570803106772076,-1.5708022006901496,-5.264885037714606e-06,-0.034246871451889094,0.00019100868785619775,0,0,0,0,0.24535269212989894,-6.5953221848018835,-1.0783436389553374,0.06503669552113558,0.0,0.0,0.0,0.0,0.0
95,0.9600000000000006,zero,0.17745538512486392,-0.24352676892508165,-0.11450892297502722,0.18007120230601958,-0.24306731085932567,-0.11205406069434837,0.0036166213592961596,0.006635241875520416,-1.570803106772076,-1.5708021691041802,-5.264885037714606e-06,-0.0349277382478379,0.0001756918853434903,0,0,0,0,0.2870026889213878,-6.584830372664599,-1.081028850681034,0.0711035240055991,0.0,0.0,0.0,0.0,0.0
96,0.9700000000000006,zero,0.1757702751252479,-0.24453783492485126,-0.11484594497495042,0.17827909993448093,-0.24401817274902574,-0.11234195309979733,0.0035824888012720374,0.006656318501951964,-1.570803106772076,-1.57080213725332,-5.264885037714606e-06,-0.03560378845177614,0.0001868421683499024,0,0,0,0,0.2421649326344968,-6.595948949989772,-1.1040391240316958,0.08587017732735722,0.0,0.0,0.0,0.0,0.0
97,0.9800000000000006,zero,0.17407239992115187,-0.24555656004730886,-0.11518552001576962,0.17645891810007994,-0.24494910487130195,-0.11263870205982293,0.0035427041239629673,0.006718949541659396,-1.570803106772076,-1.5708021052024062,-5.264885037714606e-06,-0.03634795169724847,0.00021708145377001897,0,0,0,0,0.24989094245300303,-6.635806316342652,-1.1279437959537855,0.0974911233690032,0.0,0.0,0.0,0.0,0.0
98,0.9900000000000007,zero,0.1723621697935359,-0.24658269812387845,-0.11552756604129283,0.17461485580521874,-0.24586348461418508,-0.11294759320254599,0.0034997317309228616,0.007177753724948743,-1.570803106772076,-1.5708020730624404,-5.264885037714606e-06,-0.03711436754004094,0.0002556709612636713,0,0,0,0,0.25823478488410356,-6.651380119715083,-1.1444154726628388,0.10711154624132847,0.0,0.0,0.0,0.0,0.0
99,1.0000000000000007,zero,0.1706399999999999,-0.24761600000000006,-0.11587200000000002,0.17276018788294178,-0.24678617525720672,-0.1132710605660133,0.003456687967114294,0.006804776059181105,-1.570803106772076,-1.5708020409618055,-5.264885037714606e-06,-0.037699371947531146,0.0002825401775095079,0,0,0,0,0.26725671982358984,-6.618344588955008,-1.110913019504865,0.0952287259420454,0.0,0.0,0.0,0.0,0.0
100,1.0100000000000007,zero,0.1689063105904639,-0.24865621364572166,-0.11621873788190723,0.1709012449097014,-0.2477288421759503,-0.1136040598744067,0.003417063339173637,0.00665413986151524,-1.570803106772076,-1.5708020089958654,-5.264885037714606e-06,-0.03799023281159353,0.0002926718141145497,0,0,0,0,0.2571764514767636,-6.67369509650916,-1.1638424913961742,0.12133458575011154,0.0,0.0,0.0,0.0,0.0
101,1.0200000000000007,zero,0.16716152622284788,-0.2497030842662913,-0.11656769475543043,0.16904908621160428,-0.24869532759442195,-0.11394176250201449,0.003387325850930392,0.006741471348323377,-1.570803106772076,-1.5708019772463298,-5.264885037714606e-06,-0.03793544944847893,0.0002838398708080272,0,0,0,0,0.25096135283384957,-6.702348346433183,-1.191714115007627,0.1346477497251567,0.0,0.0,0.0,0.0,0.0
102,1.0300000000000007,zero,0.1654060759787519,-0.25075635441274885,-0.11691878480424962,0.16722758767451343,-0.24971774352104883,-0.11428963715589699,0.003362890839589077,0.006596494351053434,-1.570803106772076,-1.5708019457158067,-5.264885037714606e-06,-0.03731904829195787,0.0002364427468789664,0,0,0,0,0.24822217264412078,-6.676273816906192,-1.1890082866932747,0.14069810523488138,0.0,0.0,0.0,0.0,0.0
103,1.0400000000000007,zero,0.16364039317913587,-0.2518157640925185,-0.11727192136417283,0.1654315239815806,-0.25079558196450213,-0.11465916173693447,0.0033279774631924746,0.006870634070870641,-1.570803106772076,-1.5708019140935237,-5.264885037714606e-06,-0.03623145326316246,0.00016748263387453838,0,0,0,0,0.2454699425651299,-6.670949109328572,-1.1683183435240982,0.12989986427135747,0.0,0.0,0.0,0.0,0.0
104,1.0500000000000007,zero,0.16186491519999988,-0.25288105088000007,-0.11762701696000002,0.1636444186758441,-0.251910204558128,-0.1150507052122669,0.003278194232003624,0.007022844178110658,-1.570803106772076,-1.5708018819809244,-5.264885037714606e-06,-0.03488867879788571,0.00010982004057039611,0,0,0,0,0.25628282333738944,-6.641289756662667,-1.1476913090339447,0.12334481442359951,0.0,0.0,0.0,0.0,0.0
105,1.0600000000000007,zero,0.1600800832880639,-0.25395195002716164,-0.11798398334238722,0.16184735822313487,-0.2530516215719218,-0.11545389480154708,0.0032148405944829174,0.006856168518482228,-1.570803106772076,-1.5708018490284885,-5.264885037714606e-06,-0.03341274221874935,9.669965940690431e-05,0,0,0,0,0.272362401411319,-6.665206301041884,-1.150562668066962,0.12041963459824077,0.0,0.0,0.0,0.0,0.0
106,1.0700000000000007,zero,0.1582863423764479,-0.2550281945741313,-0.11834273152471042,0.16003462194786433,-0.254201371915998,-0.11585323887403357,0.0031524103199946354,0.006625854462618567,-1.570803106772076,-1.5708018151911531,-5.264885037714606e-06,-0.03191735183540967,0.00011223080361483176,0,0,0,0,0.26499334728638485,-6.670272922399071,-1.1492832448308916,0.1183518783201409,0.0,0.0,0.0,0.0,0.0
107,1.0800000000000007,zero,0.15648414090035187,-0.2561095154597889,-0.11870317181992962,0.15820735293200638,-0.25535327085463744,-0.11624380576575527,0.0030967478097650536,0.0067022042116898686,-1.570803106772076,-1.5708017804169634,-5.264885037714606e-06,-0.03044796650435444,0.00012622211456429704,0,0,0,0,0.25239719740686256,-6.6600122638252115,-1.1356549598200065,0.11091158505755379,0.0,0.0,0.0,0.0,0.0
108,1.0900000000000007,zero,0.15467393061273588,-0.2571956416323585,-0.11906521387745282,0.15637147997993842,-0.25651661626077676,-0.11662361304415753,0.003050272764604783,0.0070790316233935195,-1.570803106772076,-1.5708017448746054,-5.264885037714606e-06,-0.028903505216507863,0.00013752796084003083,0,0,0,0,0.25230018360160966,-6.627736122550012,-1.0979931766235982,0.09472762581742866,0.0,0.0,0.0,0.0,0.0
109,1.1000000000000008,zero,0.15285616639999988,-0.2582863001600001,-0.11942876672000002,0.15452330574285367,-0.25769026509451,-0.11699135578420555,0.0030125709050104073,0.006651128979226722,-1.570803106772076,-1.5708017084956247,-5.264885037714606e-06,-0.02730155899664166,0.0001483707261740204,0,0,0,0,0.2645558191120181,-6.620976742275252,-1.10654887927009,0.10025131872526936,0.0,0.0,0.0,0.0,0.0
110,1.1100000000000008,zero,0.15103130609766385,-0.25938121634140165,-0.11979373878046723,0.15264920711087318,-0.258853601897834,-0.1173469912413326,0.0029803614226912648,0.006706815725514406,-1.570803106772076,-1.5708016710645452,-5.264885037714606e-06,-0.025820565408483542,0.00015219744646961328,0,0,0,0,0.2345579690607487,-6.5797419562768225,-1.078710470438332,0.09024511763446981,0.0,0.0,0.0,0.0,0.0
111,1.1200000000000008,zero,0.14919981030604784,-0.2604801138163713,-0.12016003793879043,0.15074351291839758,-0.25998325293802454,-0.11769165710525456,0.0029534373917816784,0.006580015501459135,-1.570803106772076,-1.5708016324091139,-5.264885037714606e-06,-0.02465251035662064,0.00014601075976012777,0,0,0,0,0.2415802679076588,-6.581739241371371,-1.077837608878618,0.08845204778882185,0.0,0.0,0.0,0.0,0.0
112,1.1300000000000008,zero,0.14736214220595184,-0.2615827146764289,-0.12052757155880964,0.14880559670152282,-0.26108068229774734,-0.11803027887421483,0.002927809444372962,0.0067207744174123665,-1.570803106772076,-1.5708015925096175,-5.264885037714606e-06,-0.023791337526018808,0.00014986394849725974,0,0,0,0,0.22955005989501126,-6.551613046579754,-1.0469997158196154,0.07509201382542616,0.0,0.0,0.0,0.0,0.0
113,1.1400000000000008,zero,0.14551876737433586,-0.2626887395753985,-0.12089624652513282,0.14683451179338503,-0.2621663189173707,-0.1183717613879785,0.0028943275433002263,0.006578538597536603,-1.570803106772076,-1.5708015514809228,-5.264885037714606e-06,-0.023076571054262418,0.00017829648931899593,0,0,0,0,0.25331289853854017,-6.603276770186253,-1.0828117154306487,0.08799132693711556,0.0,0.0,0.0,0.0,0.0
114,1.1500000000000008,zero,0.14367015359999985,-0.26379790784000007,-0.12126596928000002,0.14484211114959186,-0.2632508734977311,-0.11872530980428908,0.0028509089149229565,0.006182323845578919,-1.570803106772076,-1.5708015096394499,-5.264885037714606e-06,-0.022389179986904484,0.00021289073373601477,0,0,0,0,0.24209661502120203,-6.587865112397996,-1.0771357203181557,0.08790982235170376,0.0,0.0,0.0,0.0,0.0
115,1.1600000000000008,zero,0.14181677069926385,-0.2649099375804417,-0.12163664586014723,0.1428349501119867,-0.2643288219945956,-0.11908824640274476,0.002805124673716854,0.00612626535900281,-1.570803106772076,-1.570801467275479,-5.264885037714606e-06,-0.02171056749429834,0.00024455173263450815,0,0,0,0,0.22346785494539712,-6.615577919160266,-1.0979424078785853,0.09752754502521657,0.0,0.0,0.0,0.0,0.0
116,1.1700000000000008,zero,0.13995909033164786,-0.2660245458010113,-0.12200818193367043,0.1408180949745065,-0.26540839838402625,-0.11945811373097948,0.0027605025727728536,0.005644789151871965,-1.570803106772076,-1.5708014245398247,-5.264885037714606e-06,-0.020953664195618726,0.0002702883114242039,0,0,0,0,0.21076300401394654,-6.621663061577441,-1.1157672002154395,0.10756528950623015,0.0,0.0,0.0,0.0,0.0
117,1.1800000000000008,zero,0.13809758581555184,-0.2671414485106689,-0.12238048283688963,0.13879838907081324,-0.266485038567256,-0.11982913862655678,0.0027260514477894927,0.005779622736436748,-1.570803106772076,-1.5708013815736726,-5.264885037714606e-06,-0.020122195934620057,0.0002879393396208132,0,0,0,0,0.19391274819973858,-6.634004757539856,-1.1037215057283973,0.09872833646696824,0.0,0.0,0.0,0.0,0.0
118,1.1900000000000008,zero,0.13623273194393584,-0.26826036083363847,-0.12275345361121283,0.13676109232020622,-0.2675370479143424,-0.12019630802529349,0.00270949069273543,0.0056392513460450724,-1.570803106772076,-1.5708013382060206,-5.264885037714606e-06,-0.019377999339228014,0.0003133799999212488,0,0,0,0,0.2058270464332953,-6.668704118297605,-1.1277082312802142,0.1071904235039699,0.0,0.0,0.0,0.0,0.0
119,1.2000000000000008,zero,0.13436500479999983,-0.2693809971200001,-0.12312699904000003,0.13471071172664847,-0.26855993647231113,-0.12055514291999556,0.0027217820942023845,0.00534272592896423,-1.570803106772076,-1.570801294587677,-5.264885037714606e-06,-0.018720246989191835,0.0003443721117637214,0,0,0,0,0.18851026857347897,-6.623183862177941,-1.101683620724968,0.10013126037838316,0.0,0.0,0.0,0.0,0.0
120,1.2100000000000009,zero,0.13249488157286388,-0.2705030710562817,-0.12350102368542723,0.13265848358130042,-0.26958424825283167,-0.12091465174958291,0.002749603744510711,0.005729950837736457,-1.570803106772076,-1.5708012510435343,-5.264885037714606e-06,-0.017898945418953094,0.0003661496331975807,0,0,0,0,0.1721570813032239,-6.631906890858584,-1.109994281452139,0.10338009076613511,0.0,0.0,0.0,0.0,0.0
121,1.2200000000000009,zero,0.13062284037324784,-0.2716262957760513,-0.12387543192535043,0.1306018285382671,-0.27062310622949964,-0.12128043711976302,0.0027822344984823593,0.005388675770268186,-1.570803106772076,-1.5708012074426105,-5.264885037714606e-06,-0.016854342880129103,0.00037882650016039993,0,0,0,0,0.1765046390231267,-6.638831586457081,-1.1419161346756894,0.12291124542528925,0.0,0.0,0.0,0.0,0.0
122,1.2300000000000009,zero,0.12874936004915188,-0.2727503839705089,-0.12425012799016963,0.12854572223501023,-0.27167322660193177,-0.12164651645583785,0.0028249830756544064,0.005626716032543455,-1.570803106772076,-1.5708011637041193,-5.264885037714606e-06,-0.01562574291537344,0.00038332091908645135,0,0,0,0,0.16029691002850902,-6.688661981925051,-1.1754501196962024,0.13507389664391722,0.0,0.0,0.0,0.0,0.0
123,1.2400000000000009,zero,0.1268749200015358,-0.2738750479990785,-0.12462501599969283,0.12649518166913196,-0.2727467144411599,-0.1220091774560206,0.0028740127184101716,0.006011109361357966,-1.570803106772076,-1.570801119789863,-5.264885037714606e-06,-0.014142193718679419,0.0003768077860696273,0,0,0,0,0.18142056991640948,-6.696219813826562,-1.1681114785454323,0.1266759860384286,0.0,0.0,0.0,0.0,0.0
124,1.2500000000000009,zero,0.12499999999999983,-0.2750000000000001,-0.12500000000000003,0.12444705620840293,-0.27382310344260696,-0.12236724366069102,0.0029363648079966335,0.005153503703161774,-1.570803106772076,-1.5708010753385775,-5.264885037714606e-06,-0.012612593167475206,0.00037061181155488126,0,0,0,0,0.18628368763400946,-6.638386883203083,-1.1365084038138251,0.11635037887305141,0.0,0.0,0.0,0.0,0.0
125,1.260000000000001,zero,0.12312507999846387,-0.2761249520009217,-0.12537498400030722,0.12239682034275659,-0.2748873925584134,-0.12272379459354255,0.0030150822161947063,0.005165173635732703,-1.570803106772076,-1.5708010300145654,-5.264885037714606e-06,-0.01120379749597844,0.0003706639793061552,0,0,0,0,0.15362657796904738,-6.671211151444073,-1.1406744975844807,0.1120195103430418,0.0,0.0,0.0,0.0,0.0
126,1.270000000000001,zero,0.12125063995084781,-0.2772496160294913,-0.12574987200983043,0.12035364664389343,-0.275934966694116,-0.12307856051106456,0.0031094702106890157,0.005168539523466151,-1.570803106772076,-1.5708009839739017,-5.264885037714606e-06,-0.00993292016094971,0.0003704496477702434,0,0,0,0,0.1393937069167503,-6.672339030404132,-1.159693533808005,0.12190743194406056,0.0,0.0,0.0,0.0,0.0
127,1.280000000000001,zero,0.11937715962675183,-0.2783737042239489,-0.12612456807464964,0.11831118634831547,-0.27696202493524125,-0.12342924286333712,0.0032239595902001355,0.004991630664083492,-1.570803106772076,-1.5708009370910772,-5.264885037714606e-06,-0.008837770892883734,0.00037611416041333565,0,0,0,0,0.14845511168549333,-6.670162879979923,-1.1496706949833633,0.11364770197351186,0.0,0.0,0.0,0.0,0.0
128,1.290000000000001,zero,0.11750511842713585,-0.27949692894371847,-0.12649897631457283,0.116270465175685,-0.27798193696280726,-0.12377866840573129,0.00334957377474347,0.005422755146309611,-1.570803106772076,-1.5708008895794108,-5.264885037714606e-06,-0.007792607343463098,0.00038222946609498925,0,0,0,0,0.12782366912809662,-6.641382856813652,-1.1340902925978573,0.10892788580237196,0.0,0.0,0.0,0.0,0.0
129,1.300000000000001,zero,0.11563499519999984,-0.2806190028800001,-0.12687300096000004,0.11423868177864491,-0.2790194979770904,-0.12413180806287955,0.003467311004843929,0.005287694617115779,-1.570803106772076,-1.5708008418283164,-5.264885037714606e-06,-0.006576127830294265,0.0003765466964879777,0,0,0,0,0.14734841104406537,-6.651414864263028,-1.1503304871043696,0.11648355273195274,0.0,0.0,0.0,0.0,0.0
130,1.310000000000001,zero,0.11376726805606388,-0.2817396391663617,-0.1272465463887872,0.11221685376787258,-0.28008193953055444,-0.12448759521479483,0.0035726130672180563,0.005401695542447116,-1.570803106772076,-1.5708007938445094,-5.264885037714606e-06,-0.00514319009969455,0.0003603953079944989,0,0,0,0,0.13552488292309156,-6.7000866712833,-1.1839658566383886,0.12801438237513096,0.0,0.0,0.0,0.0,0.0
131,1.320000000000001,zero,0.11190241418444785,-0.28285855148933126,-0.12761951716311043,0.11019410125924715,-0.281148423717894,-0.12484111121377586,0.003682717700876138,0.005304023942544612,-1.570803106772076,-1.5708007452877195,-5.264885037714606e-06,-0.0036767779662667532,0.00035080625046424874,0,0,0,0,0.14042363317717638,-6.6927930086115754,-1.1796267614862654,0.12501747124694343,0.0,0.0,0.0,0.0,0.0
132,1.330000000000001,zero,0.1100409096683519,-0.28397545419898884,-0.12799181806632962,0.10816700820813523,-0.282203287881448,-0.1251908612416332,0.0038075502982156217,0.005352738186242466,-1.570803106772076,-1.5708006961244803,-5.264885037714606e-06,-0.002281861168861976,0.00035201314283872065,0,0,0,0,0.1280059628673363,-6.7093586516589285,-1.1922977002950195,0.12850904874209823,0.0,0.0,0.0,0.0,0.0
133,1.340000000000001,zero,0.10818322930073587,-0.2850900624195585,-0.12836335413985284,0.10614475254857657,-0.2832563986703748,-0.12554117514940297,0.0039347686676983965,0.005846314307414457,-1.570803106772076,-1.5708006467193685,-5.264885037714606e-06,-0.0008482523085520111,0.00035199899133394924,0,0,0,0,0.13906911912590317,-6.689181106227329,-1.1664555224211999,0.11440444844292519,0.0,0.0,0.0,0.0,0.0
134,1.350000000000001,zero,0.10632984639999982,-0.2862020921600001,-0.12873403072000003,0.10412357424193272,-0.2843140625919913,-0.12589505729519007,0.004061042057392978,0.005466026015013123,-1.570803106772076,-1.5708005970267431,-5.264885037714606e-06,0.0006590796204488658,0.00035198737104476696,0,0,0,0,0.16876813608905594,-6.698074899145528,-1.1753865593124098,0.11580339115893035,0.0,0.0,0.0,0.0,0.0
135,1.360000000000001,zero,0.10448123262566372,-0.28731126042460176,-0.12910375347486724,0.10210609021648044,-0.285370704399306,-0.12625488886178596,0.004186058854684127,0.005509500204797217,-1.570803106772076,-1.5708005469185342,-5.264885037714606e-06,0.002167933704569913,0.0003518906414255087,0,0,0,0,0.12218361353142802,-6.727685226153128,-1.2063897060167728,0.1284627008597645,0.0,0.0,0.0,0.0,0.0
136,1.370000000000001,zero,0.10263785779404783,-0.2884172853235713,-0.12947242844119045,0.10009514154389283,-0.2864278000942045,-0.12662191226697936,0.004306843376083001,0.005340453143153482,-1.570803106772076,-1.5708004963153215,-5.264885037714606e-06,0.003663251897904063,0.0003499844209755185,0,0,0,0,0.11312370310762289,-6.711417581636952,-1.1983542241460754,0.12472104802121149,0.0,0.0,0.0,0.0,0.0
137,1.380000000000001,zero,0.10080018969395185,-0.2895198861836289,-0.12983996206120962,0.09810131147191961,-0.28748953844570324,-0.126993486312348,0.004416863115732373,0.005549155291026512,-1.570803106772076,-1.5708004454883244,-5.264885037714606e-06,0.005200116582678271,0.00033992209982470025,0,0,0,0,0.10881073740546837,-6.670393964744354,-1.1625484251474518,0.10678630195202517,0.0,0.0,0.0,0.0,0.0
138,1.390000000000001,zero,0.09896869390233587,-0.2906187836585985,-0.13020626121953283,0.09612893444584052,-0.28856547326479687,-0.1273637103599182,0.004512251404071415,0.00559113213345166,-1.570803106772076,-1.570800394573911,-5.264885037714606e-06,0.006859228296436148,0.0003204701269305966,0,0,0,0,0.08901456769279369,-6.671538438314757,-1.1788280357573473,0.11399123600511199,0.0,0.0,0.0,0.0,0.0
139,1.400000000000001,zero,0.09714383359999984,-0.29171369984000006,-0.13057123328000003,0.09417896534689754,-0.289671222659262,-0.1277319517366072,0.004585158282408668,0.005379529989557286,-1.570803106772076,-1.5708003437483498,-5.264885037714606e-06,0.008767979175949181,0.0002932498649826076,0,0,0,0,0.08395308029960187,-6.675105215499281,-1.1787056599242058,0.11035676364449058,0.0,0.0,0.0,0.0,0.0
140,1.410000000000001,zero,0.09532606938726385,-0.2928043583676417,-0.13093478612254722,0.09225192325846128,-0.29081501862492337,-0.1280970619855381,0.00463255062691758,0.005315883812627691,-1.570803106772076,-1.5708002932954035,-5.264885037714606e-06,0.011024940208882672,0.0002653429886542359,0,0,0,0,0.09513121476248948,-6.682396411902998,-1.1668803499034672,0.09917275492298544,0.0,0.0,0.0,0.0,0.0
141,1.420000000000001,zero,0.09351585909964785,-0.29389048454021127,-0.13129682818007044,0.09034445519276958,-0.29197975859782677,-0.12845611157676637,0.004666727674479335,0.005268513731607786,-1.570803106772076,-1.5708002432142203,-5.264885037714606e-06,0.013521259272314623,0.00024745932347141497,0,0,0,0,0.07799789294295663,-6.6632808391128835,-1.1518702381926378,0.09017644588254212,0.0,0.0,0.0,0.0,0.0
142,1.430000000000001,zero,0.09171365762355194,-0.2949718054258688,-0.1316572684752896,0.08844990009149545,-0.29313749412003187,-0.12881057416951508,0.004703241399854553,0.005503918612732441,-1.570803106772076,-1.5708001933052567,-5.264885037714606e-06,0.016047011558046442,0.0002386680528662293,0,0,0,0,0.06052489808627815,-6.659312311561372,-1.1458404232428405,0.08277132705692253,0.0,0.0,0.0,0.0,0.0
143,1.440000000000001,zero,0.08991991671193586,-0.29604804997283846,-0.1320160166576128,0.08655586698393539,-0.2942600819595834,-0.12916560755733264,0.004757992457732908,0.005616633466780963,-1.570803106772076,-1.5708001432715888,-5.264885037714606e-06,0.018388447661813245,0.00023230930063039443,0,0,0,0,0.05012994317277261,-6.674799121266171,-1.1632648639559313,0.08553543442256895,0.0,0.0,0.0,0.0,0.0
144,1.450000000000001,zero,0.08813508479999987,-0.29711894912000003,-0.13237298304000003,0.0846575393598331,-0.2953425181572237,-0.12951851742012002,0.004837044885982786,0.005273231347362856,-1.570803106772076,-1.5708000929377297,-5.264885037714606e-06,0.020497986410301428,0.00022840069457318341,0,0,0,0,0.05289667485012578,-6.663252705483369,-1.1559989602314902,0.07916313904985285,0.0,0.0,0.0,0.0,0.0
145,1.460000000000001,zero,0.0863596068208638,-0.2981842359074817,-0.13272807863582725,0.08276197427049416,-0.2963837022283717,-0.12985769748551942,0.004942061254692337,0.005541650252020917,-1.570803106772076,-1.5708000424008237,-5.264885037714606e-06,0.022383428461253407,0.00022747230473306484,0,0,0,0,0.051745735347583005,-6.719865111089486,-1.1749143009799061,0.07725019298442065,0.0,0.0,0.0,0.0,0.0
146,1.470000000000001,zero,0.08459392402124782,-0.2992436455872513,-0.13308121519575045,0.0808726633837037,-0.29739230589553645,-0.1301801731833921,0.00506865703555906,0.005439226665850738,-1.570803106772076,-1.570799991742476,-5.264885037714606e-06,0.0241098489662237,0.00023458346428414673,0,0,0,0,0.03076385237257312,-6.705583364175861,-1.18168748530424,0.07963160683757836,0.0,0.0,0.0,0.0,0.0
147,1.480000000000001,zero,0.08283847377715184,-0.30029691573370887,-0.13343230524456962,0.07899116801000572,-0.2983832186637635,-0.13049056745538085,0.005207477255041498,0.0049885432224952755,-1.570803106772076,-1.5707999409506648,-5.264885037714606e-06,0.025759664033347507,0.0002483863235361046,0,0,0,0,0.03373294297992384,-6.683199008386221,-1.1635318899081748,0.06868001689252393,0.0,0.0,0.0,0.0,0.0
148,1.490000000000001,zero,0.08109368940953579,-0.3013437863542785,-0.13378126211809283,0.07711737130408379,-0.2993461861635616,-0.13079893006650845,0.005356847642373729,0.005203759969629834,-1.570803106772076,-1.5707998900560853,-5.264885037714606e-06,0.027261684548874232,0.0002670223605904887,0,0,0,0,0.03247430268588197,-6.646758026189704,-1.1281963079677773,0.05138299893218139,0.0,0.0,0.0,0.0,0.0
149,1.500000000000001,zero,0.07935999999999976,-0.3023840000000001,-0.13412800000000005,0.0752514584550149,-0.30027601705620277,-0.13111001225589294,0.005516516631153016,0.005614585603046249,-1.570803106772076,-1.5707998393009963,-5.264885037714606e-06,0.028621326262923352,0.0002907971814631961,0,0,0,0,0.03240049750445027,-6.647487280999511,-1.135692001059277,0.05195908973580711,0.0,0.0,0.0,0.0,0.0
150,1.5100000000000011,zero,0.07763783020646381,-0.3034173018761217,-0.13447243395870723,0.07340144331712634,-0.301183965081009,-0.1314276571013296,0.005674983103743771,0.005780382635671516,-1.570803106772076,-1.570799788977645,-5.264885037714606e-06,0.029935595997018893,0.0003108867292545794,0,0,0,0,0.029075501479816277,-6.653833264516222,-1.156752032217557,0.060695149497405204,0.0,0.0,0.0,0.0,0.0
151,1.5200000000000011,zero,0.07592760007884788,-0.30444343995269124,-0.1348144799842304,0.07156325608904521,-0.3020563048329976,-0.13174855606886662,0.005843440937992019,0.00588145963344358,-1.570803106772076,-1.5707997390514608,-5.264885037714606e-06,0.031125767728694465,0.00033741857077346677,0,0,0,0,0.008976539492638942,-6.652537724736603,-1.160626039243542,0.06030890736298415,0.0,0.0,0.0,0.0,0.0
152,1.5300000000000011,zero,0.07422972487475177,-0.3054621650751489,-0.13515405502504965,0.06973052092731304,-0.30287392968941634,-0.13207031200998035,0.006037488679541779,0.005642023628242336,-1.570803106772076,-1.570799689410447,-5.264885037714606e-06,0.03207301563920528,0.0003823796019845331,0,0,0,0,-0.009202799176941463,-6.672652837639936,-1.179243854412227,0.06661739333258947,0.0,0.0,0.0,0.0,0.0
153,1.5400000000000011,zero,0.07254461487513586,-0.3064732310749185,-0.13549107702497282,0.06791055270408132,-0.3036387144736847,-0.1323969930032659,0.006251589597954324,0.00596486287971203,-1.570803106772076,-1.5707996404085347,-5.264885037714606e-06,0.03282908829000841,0.0004377878319619118,0,0,0,0,-0.021558191658353418,-6.680536708255549,-1.1752785250608206,0.06021435040685254,0.0,0.0,0.0,0.0,0.0
154,1.5500000000000012,zero,0.0708726751999999,-0.30747639488000006,-0.13582546496000003,0.06609916192114072,-0.3043611091020746,-0.13273045249418536,0.006486180437294188,0.006409938437776712,-1.570803106772076,-1.5707995922354197,-5.264885037714606e-06,0.03350367474179339,0.0004975253478295861,0,0,0,0,-0.005175861577111774,-6.678971723365613,-1.1886541603441205,0.06597802875421287,0.0,0.0,0.0,0.0,0.0
155,1.5600000000000012,zero,0.06921430562406378,-0.3084714166255617,-0.13615713887518724,0.06429863716527952,-0.3050463456812,-0.13306686535521717,0.006741268263377862,0.005674294468837457,-1.570803106772076,-1.5707995450384729,-5.264885037714606e-06,0.03415302091445649,0.0005563932797024018,0,0,0,0,0.0024853021761122498,-6.749179840386275,-1.2502215464440427,0.0903034391593206,0.0,0.0,0.0,0.0,0.0
156,1.5700000000000012,zero,0.06756990039244781,-0.3094580597645313,-0.13648601992151044,0.062512431070146,-0.3056952774192456,-0.1334087664584586,0.007014699979320714,0.0063320270312849135,-1.570803106772076,-1.5707994986459204,-5.264885037714606e-06,0.03473787522471805,0.0006129521012502841,0,0,0,0,-0.012661795959127324,-6.759933424412697,-1.231550925263514,0.0765945270816525,0.0,0.0,0.0,0.0,0.0
157,1.5800000000000012,zero,0.06593984803635164,-0.310436091178189,-0.13681203039272966,0.06074393557269223,-0.30633080582553074,-0.1337606335825567,0.00729122051853428,0.0069416775032962105,-1.570803106772076,-1.5707994529477947,-5.264885037714606e-06,0.03536304573516813,0.0006534566024508155,0,0,0,0,-0.0650516946482094,-6.84612693395929,-1.2998161120105196,0.10208779085542906,0.0,0.0,0.0,0.0,0.0
158,1.5900000000000012,zero,0.06432453118873582,-0.3114052812867585,-0.13713509376225283,0.05900211340187028,-0.3069796694844438,-0.13411673870295615,0.007551465962759271,0.007479852695086784,-1.570803106772076,-1.5707994080064158,-5.264885037714606e-06,0.03617897379385493,0.0006644827995868144,0,0,0,0,-0.03299438222628309,-6.903360063889454,-1.35929754990921,0.12777703628724169,0.0,0.0,0.0,0.0,0.0
159,1.6000000000000012,zero,0.06272432639999981,-0.3123654041600001,-0.13745513472000004,0.05729455879014646,-0.30765216172468696,-0.1344686711477375,0.007785627477570454,0.007203842685066917,-1.570803106772076,-1.5707993637942916,-5.264885037714606e-06,0.03722327574587214,0.0006471830068509135,0,0,0,0,-0.06433046578542642,-6.898347800248592,-1.3726832730425569,0.1338235948687114,0.0,0.0,0.0,0.0,0.0
160,1.6100000000000012,zero,0.06113960395366391,-0.31331623762780164,-0.1377720792092672,0.055624734605843905,-0.30835415215800904,-0.1348082453368473,0.007988766322552883,0.007239131602815224,-1.570803106772076,-1.5707993200997132,-5.264885037714606e-06,0.03848425301240743,0.0006060566419005821,0,0,0,0,-0.06597128805599731,-6.89844592604163,-1.3605336096869105,0.12429113220876362,0.0,0.0,0.0,0.0,0.0
161,1.6200000000000012,zero,0.05957072768204791,-0.31425756339077127,-0.13808585446359042,0.053989778440922134,-0.3091002470855203,-0.13513532816948637,0.008151718304543476,0.007440625237480039,-1.570803106772076,-1.5707992764775687,-5.264885037714606e-06,0.039972278326072974,0.0005406388136267164,0,0,0,0,-0.048500237581086236,-6.900367707321048,-1.3616427219462777,0.12330276463939707,0.0,0.0,0.0,0.0,0.0
162,1.6300000000000012,zero,0.05801805478195177,-0.3151891671308289,-0.13839638904360965,0.052390454901612676,-0.3099129286586472,-0.13545574869115984,0.008255660997823171,0.007606657837292348,-1.570803106772076,-1.5707992326913864,-5.264885037714606e-06,0.04176497365298104,0.0004450513536461701,0,0,0,0,-0.06258248497484104,-6.907455950887887,-1.3619565020817552,0.119622270591758,0.0,0.0,0.0,0.0,0.0
163,1.6400000000000012,zero,0.05648193563033577,-0.3161108386217985,-0.13870361287393285,0.050824039711019606,-0.31080563067204253,-0.13577471760774495,0.008290684236193434,0.00799370746222198,-1.570803106772076,-1.5707991886773625,-5.264885037714606e-06,0.043927053733574084,0.0003221671418975205,0,0,0,0,-0.05273583308063781,-6.892712030271609,-1.353241745458046,0.11237028355606646,0.0,0.0,0.0,0.0,0.0
164,1.6500000000000012,zero,0.054962713599999824,-0.3170223718400001,-0.13900745728000002,0.049286375700363635,-0.3117592860389608,-0.13609400869105032,0.00827097737757761,0.007776612097035011,-1.570803106772076,-1.5707991443152451,-5.264885037714606e-06,0.046326385426735284,0.0001960924502246832,0,0,0,0,-0.07137705610958014,-6.852001059384512,-1.3307008784748091,0.10061790103667734,0.0,0.0,0.0,0.0,0.0
165,1.6600000000000013,zero,0.053460724875263876,-0.31792356507484165,-0.13930785502494722,0.04777756391849765,-0.3127152239114645,-0.13640780544615094,0.00823622630177907,0.007740499895687319,-1.570803106772076,-1.5707990994125156,-5.264885037714606e-06,0.04857825998891352,0.00010594743961307989,0,0,0,0,-0.08344273151017498,-6.867342861669585,-1.318740657123352,0.0874515439150953,0.0,0.0,0.0,0.0,0.0
166,1.6700000000000013,zero,0.051976298267647825,-0.31881422103941126,-0.13960474034647044,0.046296514613892524,-0.31365507505662926,-0.1367109960863945,0.008200639332871797,0.008423415382003554,-1.570803106772076,-1.570799054042677,-5.264885037714606e-06,0.05059304596039871,5.220998625976718e-05,0,0,0,0,-0.07439640370030157,-6.8877780896180765,-1.3188106085883948,0.0775614020029764,0.0,0.0,0.0,0.0,0.0
167,1.6800000000000013,zero,0.05050975503155186,-0.31969414698106885,-0.13989804899368963,0.04484197450822751,-0.314580127925688,-0.13700332152315228,0.008164335495804708,0.008309533895862321,-1.570803106772076,-1.5707990084501688,-5.264885037714606e-06,0.0524252190943002,3.146126868591177e-05,0,0,0,0,-0.08510210530893982,-6.871716827795222,-1.3272404073644393,0.07919319953798515,0.0,0.0,0.0,0.0,0.0
168,1.6900000000000013,zero,0.0490614086799358,-0.3205631547920385,-0.14018771826401283,0.04341609250951032,-0.3154882853870495,-0.1372877799978579,0.008126102146125825,0.00839759626491222,-1.570803106772076,-1.570798962979934,-5.264885037714606e-06,0.05411287947178578,3.879814189493062e-05,0,0,0,0,-0.09066591657812104,-6.895745175537791,-1.3323010653124188,0.07463654129109143,0.0,0.0,0.0,0.0,0.0
169,1.7000000000000013,zero,0.04763156479999975,-0.32142106112000013,-0.14047368704000004,0.04202157034603661,-0.3163869492918446,-0.1375579105070481,0.00808183595861646,0.008339118140981665,-1.570803106772076,-1.570798917885337,-5.264885037714606e-06,0.055739825123746645,5.823336742442928e-05,0,0,0,0,-0.09728254947781695,-6.891981176377224,-1.3315294566334703,0.06986745296380661,0.0,0.0,0.0,0.0,0.0
170,1.7100000000000013,zero,0.04622052086886391,-0.3222676874786816,-0.14075589582622722,0.040655080847967096,-0.3172802567152853,-0.13780955714753623,0.008033025572934668,0.008389615993767776,-1.570803106772076,-1.5707988732405191,-5.264885037714606e-06,0.057355942552288486,8.402428244853984e-05,0,0,0,0,-0.0815112723772975,-6.857635267856112,-1.3133792045434285,0.060213104186109256,0.0,0.0,0.0,0.0,0.0
171,1.7200000000000013,zero,0.044828566069247816,-0.32310286035845126,-0.14103428678615043,0.03931073159265622,-0.3181505905502315,-0.13804163049251691,0.007995465293295465,0.008724874955588774,-1.570803106772076,-1.5707988288436483,-5.264885037714606e-06,0.058841096166509566,0.00010306059969829617,0,0,0,0,-0.0708468613199878,-6.873909493832819,-1.3253721986672233,0.05977975661913221,0.0,0.0,0.0,0.0,0.0
172,1.7300000000000013,zero,0.043455981105151864,-0.32392641133690886,-0.14130880377896962,0.03799027808106726,-0.31898391589206193,-0.13825726813430864,0.007975841056619469,0.008687322570108836,-1.570803106772076,-1.5707987846619043,-5.264885037714606e-06,0.06009832682337923,0.00011574336094282829,0,0,0,0,-0.08003890858850102,-6.839655399365167,-1.319068175807837,0.05676826480470837,0.0,0.0,0.0,0.0,0.0
173,1.7400000000000013,zero,0.04210303801753579,-0.3247381771894785,-0.14157939239649284,0.036696453565530814,-0.3197876314618603,-0.13845957231270983,0.007966952729436563,0.008163586139484716,-1.570803106772076,-1.5707987408872293,-5.264885037714606e-06,0.06119244067454255,0.00013212962159378562,0,0,0,0,-0.10365185210533093,-6.857137998707712,-1.3201484356743547,0.050407165765660816,0.0,0.0,0.0,0.0,0.0
174,1.7500000000000013,zero,0.04076999999999975,-0.3255380000000001,-0.14184600000000006,0.03542301574957871,-0.32059378518729004,-0.13865174535781488,0.007952280390403365,0.008077407616513082,-1.570803106772076,-1.570798697562328,-5.264885037714606e-06,0.06233414844796936,0.00015092535620779657,0,0,0,0,-0.08875355541501528,-6.862582377233921,-1.3093112013167996,0.039708445234322015,0.0,0.0,0.0,0.0,0.0
175,1.7600000000000013,zero,0.039457121214463875,-0.3263257272713217,-0.14210857575710723,0.03417830730173466,-0.32142987814710905,-0.1388384808006684,0.007907511365556412,0.007600341847661893,-1.570803106772076,-1.5707986549442374,-5.264885037714606e-06,0.06369333710857994,0.00017377800751185833,0,0,0,0,-0.0854712892946394,-6.875812295040293,-1.3154303073104725,0.03793817780954151,0.0,0.0,0.0,0.0,0.0
176,1.7700000000000014,zero,0.03816464660684776,-0.3271012120358913,-0.14236707067863044,0.03296676505624414,-0.32226123313738014,-0.13901967585104713,0.007851650812655288,0.007504873243259161,-1.570803106772076,-1.5707986128538916,-5.264885037714606e-06,0.0650203372214535,0.0001979428115872262,0,0,0,0,-0.08263436715786375,-6.866325957536473,-1.2942826106638163,0.022612695840985075,0.0,0.0,0.0,0.0,0.0
177,1.7800000000000014,zero,0.03689281172275172,-0.327864312966349,-0.14262143765544966,0.03177812600474943,-0.3230692503388316,-0.13919687145980145,0.007802582215146919,0.008159902819450384,-1.570803106772076,-1.5707985710709949,-5.264885037714606e-06,0.06620195316610733,0.00021285502915005593,0,0,0,0,-0.06917001252980157,-6.841153119797851,-1.2804534350323282,0.012813993440222632,0.0,0.0,0.0,0.0,0.0
178,1.7900000000000014,zero,0.0356418425231359,-0.32861489448611847,-0.14287163149537283,0.030604370928797902,-0.32384787787677155,-0.13937003652562086,0.00776928148220567,0.007789216768301419,-1.570803106772076,-1.5707985297241807,-5.264885037714606e-06,0.06725397403463207,0.0002162872947161806,0,0,0,0,-0.06681695623927336,-6.825139882431572,-1.2926176584070665,0.017208638257900255,0.0,0.0,0.0,0.0,0.0
179,1.8000000000000014,zero,0.0344119551999999,-0.32935282688,-0.14311760896000003,0.02945175510833057,-0.32459955191965395,-0.1395453964836608,0.0077432493033714805,0.008196396874266206,-1.570803106772076,-1.5707984893440887,-5.264885037714606e-06,0.06825796827673303,0.0002132595900804486,0,0,0,0,-0.06559052324064184,-6.831138950964958,-1.2846269046547443,0.008778786821010659,0.0,0.0,0.0,0.0,0.0
180,1.8100000000000014,zero,0.03320335599206392,-0.3300779864047616,-0.14335932880158722,0.028323134769447044,-0.32531466701397294,-0.1397289833540022,0.007725618348659533,0.008027901775726761,-1.570803106772076,-1.570798449972935,-5.264885037714606e-06,0.06915191412115695,0.00020466420045911103,0,0,0,0,-0.08663023099577691,-6.822619015185325,-1.290579729805169,0.009446341032149863,0.0,0.0,0.0,0.0,0.0
181,1.8200000000000014,zero,0.03201624100044781,-0.3307902553997313,-0.14359675179991044,0.027211063567226457,-0.32599128187037907,-0.13992456899777767,0.007720414731893791,0.008236299840732314,-1.570803106772076,-1.57079841140711,-5.264885037714606e-06,0.06991223429093063,0.00019101385048377325,0,0,0,0,-0.0822360471197775,-6.7918669319275216,-1.2710135824873463,-0.001763000116719593,0.0,0.0,0.0,0.0,0.0
182,1.8300000000000014,zero,0.030850796004352032,-0.33148952239738877,-0.14382984079912958,0.026120464227690775,-0.3266274073493809,-0.14013642652040434,0.007723827450924016,0.0077713193480587195,-1.570803106772076,-1.5707983738246623,-5.264885037714606e-06,0.0705393329692583,0.00018171157794524178,0,0,0,0,-0.11543630687112946,-6.764530389598164,-1.2584698800263088,-0.007547027102548787,0.0,0.0,0.0,0.0,0.0
183,1.8400000000000014,zero,0.029707196276735792,-0.33217568223395855,-0.14405856074465284,0.025057276527729808,-0.32721334478855885,-0.14036756642294965,0.007737569752645667,0.007788075310054241,-1.570803106772076,-1.5707983373513337,-5.264885037714606e-06,0.07097793088517346,0.00019076604378315967,0,0,0,0,-0.09046073047480035,-6.818105669136803,-1.2809147731915809,-0.0050132595910333255,0.0,0.0,0.0,0.0,0.0
184,1.8500000000000014,zero,0.028585606399999686,-0.33284863616000016,-0.14428287872000006,0.02401636180842813,-0.32773649930713344,-0.14060952655987385,0.007778525273620171,0.008164737245333183,-1.570803106772076,-1.5707983019262028,-5.264885037714606e-06,0.07117136081081776,0.00022779648496029948,0,0,0,0,-0.09519184859895835,-6.814163238539279,-1.2813953768307946,-0.007471562328262266,0.0,0.0,0.0,0.0,0.0
185,1.8600000000000014,zero,0.027486180081663925,-0.3335082919510016,-0.1445027639836672,0.022998946879186778,-0.32821017847689116,-0.14085870235395773,0.007841202290407072,0.008149141999167348,-1.570803106772076,-1.570798267706245,-5.264885037714606e-06,0.07122185758885524,0.00028148444834772454,0,0,0,0,-0.0788455635103312,-6.84940506874851,-1.3223011464895293,0.009423596767216769,0.0,0.0,0.0,0.0,0.0
186,1.8700000000000014,zero,0.026409059970047888,-0.3341545640179713,-0.14471818800599043,0.021997741261123385,-0.3286531020878908,-0.14111333421713942,0.007919645633412256,0.008016353135751723,-1.570803106772076,-1.5707982345975877,-5.264885037714606e-06,0.07124615530070266,0.00033050827154977136,0,0,0,0,-0.06687057502005408,-6.8804799043551075,-1.345567500563022,0.017150653301645835,0.0,0.0,0.0,0.0,0.0
187,1.8800000000000014,zero,0.025354377469951783,-0.3347873735180289,-0.14492912450600964,0.02101495193610702,-0.329093308938964,-0.1413713544609764,0.007994417620294887,0.008654866842184469,-1.570803106772076,-1.5707982028431091,-5.264885037714606e-06,0.07143886650983733,0.0003586469228703729,0,0,0,0,-0.0680137763633658,-6.9189892013409535,-1.369776777907284,0.02573756756449852,0.0,0.0,0.0,0.0,0.0
188,1.8900000000000015,zero,0.024322252558335755,-0.33540664846499857,-0.14513554948833285,0.020058763946915716,-0.3295325323876733,-0.14163606914720225,0.008057849433165079,0.007989208247399366,-1.570803106772076,-1.570798172377245,-5.264885037714606e-06,0.07176543276623759,0.0003733029981855278,0,0,0,0,-0.07964131478415049,-6.90666850629578,-1.3862224385139772,0.03540882564533773,0.0,0.0,0.0,0.0,0.0
189,1.9000000000000015,zero,0.023312793599999937,-0.33601232384,-0.14533744128,0.01913017560389158,-0.3299641330444195,-0.141908334004189,0.008113795776955082,0.008082761620993972,-1.570803106772076,-1.5707981429122697,-5.264885037714606e-06,0.07213235489364056,0.00038336849121059497,0,0,0,0,-0.07157014134001917,-6.919442962780267,-1.3696631249148576,0.022153662376053457,0.0,0.0,0.0,0.0,0.0
190,1.9100000000000015,zero,0.022326097163264058,-0.33660434170204157,-0.1455347805673472,0.01822850391447678,-0.3303717836035253,-0.14218116594001684,0.008178128267062807,0.008308908110885449,-1.570803106772076,-1.5707981142645453,-5.264885037714606e-06,0.07242214902817201,0.0003987488835989605,0,0,0,0,-0.08090686360889093,-6.967920170559635,-1.3976422061036868,0.02920895122205197,0.0,0.0,0.0,0.0,0.0
191,1.9200000000000015,zero,0.021362247835647885,-0.33718265129861125,-0.14572755043287042,0.017346452954937003,-0.3307451929337679,-0.14244879338374714,0.008265453799411784,0.008701786648972983,-1.570803106772076,-1.570798086234316,-5.264885037714606e-06,0.07257193056174538,0.0004202178468840218,0,0,0,0,-0.08846194821053169,-6.9955152554967155,-1.415232638024308,0.03356598826267493,0.0,0.0,0.0,0.0,0.0
192,1.9300000000000015,zero,0.020421318039551994,-0.33774720917626877,-0.1459157363920896,0.016488527830323986,-0.3310893982197056,-0.1427070214859195,0.00837192551998704,0.008251199811096333,-1.570803106772076,-1.5707980589907102,-5.264885037714606e-06,0.07262604261419536,0.0004430032946641808,0,0,0,0,-0.0691335291157508,-7.032803703897507,-1.4554395078020481,0.05081176239843763,0.0,0.0,0.0,0.0,0.0
193,1.9400000000000015,zero,0.01950336784793577,-0.3382979792912385,-0.14609932643041285,0.01565465321376451,-0.33140257842408505,-0.1429510924047811,0.008501207851486172,0.008583046693657696,-1.570803106772076,-1.5707980323715371,-5.264885037714606e-06,0.0725484759324393,0.00046694842130542405,0,0,0,0,-0.07241348278730557,-7.016029461437954,-1.4317402808435966,0.037518573795622207,0.0,0.0,0.0,0.0,0.0
194,1.9500000000000015,zero,0.018608444800000068,-0.3388349331199999,-0.14627831104,0.01483692611483287,-0.33170114858324967,-0.14318492547406916,0.008642006090535418,0.008612934455634639,-1.570803106772076,-1.5707980062408922,-5.264885037714606e-06,0.07243258323521684,0.000481070713828937,0,0,0,0,-0.0671441319273116,-7.031861235896871,-1.4544176672882285,0.04703952055021646,0.0,0.0,0.0,0.0,0.0
195,1.9600000000000015,zero,0.01773658371686382,-0.3393580497698817,-0.14645268325662725,0.014033595678437953,-0.3320197658821313,-0.14341501985079005,0.008762986351530225,0.009009301401397224,-1.570803106772076,-1.5707979807168635,-5.264885037714606e-06,0.07249394345266369,0.00046835251387131345,0,0,0,0,-0.07172442481046205,-7.099024341996319,-1.4892502418709272,0.0560605150756609,0.0,0.0,0.0,0.0,0.0
196,1.9700000000000015,zero,0.016887806517248027,-0.33986731608965115,-0.1466224386965504,0.013255259606305013,-0.33237247165426304,-0.14364284602133667,0.008845680453252711,0.00902535845446398,-1.570803106772076,-1.570797955892068,-5.264885037714606e-06,0.07278578231338217,0.00043180636189383436,0,0,0,0,-0.09583795928847766,-7.105290507766607,-1.5038088456642285,0.062322797070550384,0.0,0.0,0.0,0.0,0.0
197,1.9800000000000015,zero,0.016062122033151827,-0.34036272678010887,-0.14678757559336963,0.012500648520929677,-0.3327755868692608,-0.14387485504386413,0.008873146375697602,0.0088750089452918,-1.570803106772076,-1.5707979316345653,-5.264885037714606e-06,0.07337434604333604,0.0003722492621476151,0,0,0,0,-0.07633669617889724,-7.092508910104327,-1.5002531645125363,0.061992196855509024,0.0,0.0,0.0,0.0,0.0
198,1.9900000000000015,zero,0.01525952582553608,-0.3408442845046783,-0.1469480948348928,0.011765676738116577,-0.3332193823817956,-0.14411336805374417,0.008853349069869794,0.00907696202225619,-1.570803106772076,-1.5707979076077057,-5.264885037714606e-06,0.0741580595040161,0.0003075825328914148,0,0,0,0,-0.06366302785819485,-7.119641941852441,-1.506330775258799,0.059844553953371155,0.0,0.0,0.0,0.0,0.0
199,2.0000000000000013,zero,0.014480000000000048,-0.34131199999999995,-0.14710399999999998,0.011045095937486222,-0.33367636174854626,-0.14435193131485818,0.008813365955948664,0.00924865272257536,-1.570803106772076,-1.570797883273061,-5.264885037714606e-06,0.07491158384862717,0.00025681827251341447,0,0,0,0,-0.057303644717732326,-7.148689034272701,-1.5199773368422362,0.06059056540900426,0.0,0.0,0.0,0.0,0.0
200,2.010000000000001,zero,0.013723513022463774,-0.3417658921865217,-0.14725529739550725,0.010341003656751443,-0.3341503964953521,-0.14458294009909947,0.008750922108613363,0.009242967438453912,-1.570803106772076,-1.5707978586611184,-5.264885037714606e-06,0.07565799382948657,0.00021638317625841903,0,0,0,0,-0.06961551583340171,-7.115139088913951,-1.5052318631701946,0.05433679279913217,0.0,0.0,0.0,0.0,0.0
201,2.020000000000001,zero,0.012990019534848019,-0.34220598827909116,-0.1474019960930304,0.009657714584492072,-0.33464450109502686,-0.14480421210493585,0.008661918168958636,0.008852499777805148,-1.570803106772076,-1.5707978338458919,-5.264885037714606e-06,0.0764114189320666,0.00019055028014170798,0,0,0,0,-0.10011399904688535,-7.113613150691919,-1.4959787784110443,0.04596315017736641,0.0,0.0,0.0,0.0,0.0
202,2.0300000000000007,zero,0.012279460170751877,-0.34263232389754883,-0.1475441079658496,0.00899328147121548,-0.33513820318307114,-0.14501819338798388,0.008563939524723707,0.008470154040548636,-1.570803106772076,-1.5707978086330314,-5.264885037714606e-06,0.07702941404937791,0.00018388762705335557,0,0,0,0,-0.079310274495731,-7.100887763626697,-1.4746962155073184,0.03226031721795497,0.0,0.0,0.0,0.0,0.0
203,2.0400000000000005,zero,0.011591761371135711,-0.34304494317731854,-0.14768164772577286,0.008350639069397708,-0.3356384777996692,-0.14523212181109194,0.008447531022247571,0.008818008953794797,-1.570803106772076,-1.570797783322109,-5.264885037714606e-06,0.0775878337925251,0.00019519516613264424,0,0,0,0,-0.07531596252468856,-7.132969062498896,-1.4737979042001759,0.0243328333561523,0.0,0.0,0.0,0.0,0.0
204,2.0500000000000003,zero,0.010926835200000262,-0.3434438988799998,-0.14781463295999994,0.007735771639189357,-0.33613137358069156,-0.14544896407916702,0.008321796810539165,0.008572619311642063,-1.570803106772076,-1.5707977582626074,-5.264885037714606e-06,0.07804718497317054,0.00021640783020256753,0,0,0,0,-0.09799620781601524,-7.1426723286850295,-1.486117408255196,0.028232881305559954,0.0,0.0,0.0,0.0,0.0
205,2.06,zero,0.010284579160064089,-0.3438292525039615,-0.14794308416798718,0.007149466062908589,-0.336623620159769,-0.14566687165726774,0.008181149980631396,0.008768285697474905,-1.570803106772076,-1.5707977338254528,-5.264885037714606e-06,0.0785080432630505,0.00024221641761898815,0,0,0,0,-0.09638155828005653,-7.110785977553522,-1.4635864219516868,0.017095549594402848,0.0,0.0,0.0,0.0,0.0
206,2.07,zero,0.009664876008448009,-0.3442010743949312,-0.1480670247983104,0.006587318628388421,-0.33712324417237516,-0.1458730891521407,0.008023739384253515,0.008935481116435174,-1.570803106772076,-1.5707977102327826,-5.264885037714606e-06,0.07907712666886457,0.00026719766721836676,0,0,0,0,-0.09661922528668408,-7.145486826354665,-1.486302387554145,0.022913679977697554,0.0,0.0,0.0,0.0,0.0
207,2.0799999999999996,zero,0.009067593572352095,-0.3445594438565887,-0.14818648128552958,0.0060486205217950995,-0.3376611293653129,-0.1460633893317972,0.007823583612676389,0.007872394083870303,-1.570803106772076,-1.570797687805961,-5.264885037714606e-06,0.07998510381434065,0.00030731382818276345,0,0,0,0,-0.10193254117716982,-7.118256592012175,-1.4774035055330912,0.018206582087493373,0.0,0.0,0.0,0.0,0.0
208,2.0899999999999994,zero,0.008492584564736116,-0.3449044492611583,-0.14830148308705277,0.005525355154545052,-0.3382236510106564,-0.14623739696530702,0.007595917795408004,0.008506824998426435,-1.570803106772076,-1.5707976660293541,-5.264885037714606e-06,0.08109513309735239,0.00035370632639041986,0,0,0,0,-0.08780802449124445,-7.1215280140242,-1.4427144206906992,-0.005757438278683136,0.0,0.0,0.0,0.0,0.0
209,2.099999999999999,zero,0.007939686399999868,-0.34523618816000007,-0.14841206272000002,0.005013478540575975,-0.33876933034308365,-0.14639182395224148,0.007379993708636995,0.008244936603298506,-1.570803106772076,-1.5707976444453193,-5.264885037714606e-06,0.0821150607340142,0.0003801948299424974,0,0,0,0,-0.09881370632390897,-7.149152192567791,-1.4700384206246357,0.002186615033848982,0.0,0.0,0.0,0.0,0.0
210,2.109999999999999,zero,0.007408721009664054,-0.34555476739420155,-0.14851825579806718,0.004517668873637468,-0.3392822530084456,-0.14652402584647148,0.007188850552945195,0.007972425518821429,-1.570803106772076,-1.5707976232277094,-5.264885037714606e-06,0.08297199724765392,0.0003833964587695062,0,0,0,0,-0.09147244253169179,-7.062755308659152,-1.415592139468726,-0.02151079000427658,0.0,0.0,0.0,0.0,0.0
211,2.1199999999999988,zero,0.0068994946580480665,-0.34586030320517114,-0.14862010106839038,0.004043299265685832,-0.3397514143859582,-0.1466372750920895,0.007029080564138521,0.007441846439328524,-1.570803106772076,-1.5707976026488035,-5.264885037714606e-06,0.08363177309704373,0.00036521004972888484,0,0,0,0,-0.10211571516671868,-7.055290140535134,-1.401030999462741,-0.03328728780394444,0.0,0.0,0.0,0.0,0.0
212,2.1299999999999986,zero,0.006411797757952198,-0.3461529213452287,-0.14871764044840957,0.003586022281331039,-0.340166524524157,-0.14673569435862174,0.006910142129249996,0.007234521048960702,-1.570803106772076,-1.5707975827115888,-5.264885037714606e-06,0.08405293286573778,0.000325821319525176,0,0,0,0,-0.08197816843555533,-7.071580347244208,-1.39529450556994,-0.0419559423545649,0.0,0.0,0.0,0.0,0.0
213,2.1399999999999983,zero,0.00594540468633642,-0.3464327571881981,-0.1488109190627327,0.003138518267735069,-0.3405097302748937,-0.14682490547549162,0.006848730477348591,0.007204062035453798,-1.570803106772076,-1.5707975631819455,-5.264885037714606e-06,0.08412150024108556,0.0002600205418621819,0,0,0,0,-0.09059188039242644,-7.072514336398919,-1.390444183198707,-0.04741287087200827,0.0,0.0,0.0,0.0,0.0
214,2.149999999999998,zero,0.005500073600000155,-0.3466999558399999,-0.14889998527999998,0.0027036165848797343,-0.34077243161347226,-0.14690515646790214,0.006850916528688995,0.0076317495504939475,-1.570803106772076,-1.5707975440087243,-5.264885037714606e-06,0.08377106131229706,0.00017139904853635284,0,0,0,0,-0.08215995713835296,-7.105461163544992,-1.4160902246772584,-0.03783714724092224,0.0,0.0,0.0,0.0,0.0
215,2.159999999999998,zero,0.0050755462512640515,-0.34695467224924154,-0.1489848907497472,0.0022861398566534387,-0.34096769941096944,-0.14697899289098917,0.006902771763594131,0.007038371907560143,-1.570803106772076,-1.5707975252782926,-5.264885037714606e-06,0.08306905704437284,7.870080479540298e-05,0,0,0,0,-0.08460830570748606,-7.137197173402598,-1.455800728022358,-0.019857852523413905,0.0,0.0,0.0,0.0,0.0
216,2.1699999999999977,zero,0.004671547803648202,-0.3471970713178111,-0.14906569043927037,0.0018882855173927118,-0.3411275154426379,-0.14705165273857573,0.006974410751867179,0.006464585376355427,-1.570803106772076,-1.5707975071811422,-5.264885037714606e-06,0.08221294087889941,3.0325051739157573e-05,0,0,0,0,-0.10809014054379543,-7.13307263587213,-1.439974261782336,-0.028628506689395983,0.0,0.0,0.0,0.0,0.0
217,2.1799999999999975,zero,0.00428778664755225,-0.34742732801146864,-0.14914244267048954,0.0015103344616124608,-0.3412646064347578,-0.14711807169692878,0.007056306095673163,0.006943363373285925,-1.570803106772076,-1.5707974898038717,-5.264885037714606e-06,0.08128884454542895,7.226496002748462e-05,0,0,0,0,-0.0900564977932928,-7.115518676237133,-1.4220207693563132,-0.03631814633446165,0.0,0.0,0.0,0.0,0.0
218,2.1899999999999973,zero,0.003923954215936387,-0.34764562747043815,-0.14921520915681272,0.0011561716317542738,-0.3413751309136327,-0.14717529330893078,0.007151293880735898,0.0070470649954683315,-1.570803106772076,-1.5707974733498715,-5.264885037714606e-06,0.08029829454694704,0.00012004045266551211,0,0,0,0,-0.11536360185030572,-7.142832357877718,-1.454645204756928,-0.021326429432828836,0.0,0.0,0.0,0.0,0.0
219,2.199999999999997,zero,0.003579724800000128,-0.3478521651199999,-0.14928405503999997,0.0008226351017840771,-0.34145182625085085,-0.14722793201023088,0.0072659151631089035,0.0070307720159488345,-1.570803106772076,-1.5707974578445887,-5.264885037714606e-06,0.07921578456018397,0.00016703762009753772,0,0,0,0,-0.10610839094664952,-7.169917417999096,-1.476943705567039,-0.012043220580013891,0.0,0.0,0.0,0.0,0.0
220,2.209999999999997,zero,0.0032547553648640815,-0.3480471467810815,-0.14934904892702716,0.0005064103172184116,-0.34149791475055535,-0.14727699046473613,0.007398598986412228,0.007348794543606739,-1.570803106772076,-1.5707974433164782,-5.264885037714606e-06,0.07807600718016672,0.0002108331580846038,0,0,0,0,-0.12402976899380355,-7.188651368828966,-1.4892394590216964,-0.006119767698399947,0.0,0.0,0.0,0.0,0.0
221,2.2199999999999966,zero,0.0029486853652480605,-0.3482307887808511,-0.14941026292695037,0.0002069084743632844,-0.3415185881415249,-0.14732529204055564,0.007544407302040003,0.007496497139733369,-1.570803106772076,-1.5707974296173208,-5.264885037714606e-06,0.07688188989522682,0.0002490418097874635,0,0,0,0,-0.11065186816930289,-7.18930202087225,-1.5127006108958991,0.008109432744337869,0.0,0.0,0.0,0.0,0.0
222,2.2299999999999964,zero,0.0026611365611521887,-0.34840331806330865,-0.14946777268776956,-7.593005727138323e-05,-0.34150868180020083,-0.14737640524983583,0.007707227817750007,0.007338664118400269,-1.570803106772076,-1.5707974164508676,-5.264885037714606e-06,0.07555124513855382,0.0002870275095667938,0,0,0,0,-0.12492923430107011,-7.168598976122547,-1.5082411233285948,0.00938549386508264,0.0,0.0,0.0,0.0,0.0
223,2.239999999999996,zero,0.0023917128335358973,-0.34856497229987843,-0.14952165743329282,-0.00033393576461847085,-0.3414621421856265,-0.14742851637683824,0.007890538346320928,0.00743607817617357,-1.570803106772076,-1.5707974035866186,-5.264885037714606e-06,0.07397963581803513,0.00032960678123507005,0,0,0,0,-0.12249243824000333,-7.22651917318142,-1.536815810455285,0.018113051649305933,0.0,0.0,0.0,0.0,0.0
224,2.249999999999996,zero,0.002140000000000253,-0.3487159999999998,-0.14957199999999993,-0.0005690421142838707,-0.3414154150866246,-0.14748074932587357,0.008062926183241455,0.008114586525537398,-1.570803106772076,-1.5707973910187822,-5.264885037714606e-06,0.07237228519065764,0.00035125624239700106,0,0,0,0,-0.10075662847067073,-7.269182828992367,-1.5685240269905056,0.032271289911804224,0.0,0.0,0.0,0.0,0.0
225,2.259999999999996,zero,0.0019055656304637347,-0.3488566606217217,-0.14961888687390723,-0.0007818598112098186,-0.3413861399510035,-0.1475296160078764,0.008209505913745845,0.008031229375025649,-1.570803106772076,-1.5707973787075618,-5.264885037714606e-06,0.07082200553935514,0.00034756849293551703,0,0,0,0,-0.09966481698272144,-7.289900065317493,-1.6081722553062123,0.05593192547610265,0.0,0.0,0.0,0.0,0.0
226,2.2699999999999956,zero,0.0016879588628480047,-0.34898722468229115,-0.14966240822743038,-0.0009725125653003692,-0.34139805744086826,-0.14757160469445832,0.008309333730917816,0.008003904819950784,-1.570803106772076,-1.570797366667624,-5.264885037714606e-06,0.0694627210415748,0.000311705765305667,0,0,0,0,-0.08979344736418174,-7.288500754593917,-1.6083566271471101,0.05715877294049254,0.0,0.0,0.0,0.0,0.0
227,2.2799999999999954,zero,0.0014867102187524628,-0.3491079738687485,-0.14970265795624949,-0.0011365449174512252,-0.3414603916900807,-0.14759839849263176,0.00835433352095312,0.008484454261033943,-1.570803106772076,-1.5707973549257446,-5.264885037714606e-06,0.06833593632780954,0.0002500624899442116,0,0,0,0,-0.11440571897157063,-7.3096042149803795,-1.6143072835601713,0.057837900005168,0.0,0.0,0.0,0.0,0.0
228,2.289999999999995,zero,0.0013013314191361314,-0.3492192011485183,-0.14973973371617277,-0.001277794943247694,-0.34156341351067193,-0.14760347425092646,0.008356230110031605,0.008825850570870278,-1.570803106772076,-1.5707973432567626,-5.264885037714606e-06,0.0673660547004078,0.00018191966887355225,0,0,0,0,-0.1040718013515152,-7.345554566329265,-1.647057960887819,0.07162404549789056,0.0,0.0,0.0,0.0,0.0
229,2.299999999999995,zero,0.0011313152000003157,-0.3493212108799998,-0.14977373695999993,-0.0013959596883833015,-0.34170695918350613,-0.14758984837241365,0.008314644708103922,0.008998043787957904,-1.570803106772076,-1.5707973315785677,-5.264885037714606e-06,0.06653481270373773,0.00012457317434261118,0,0,0,0,-0.09740144880259315,-7.320914391271648,-1.6448892547040557,0.07456951827860447,0.0,0.0,0.0,0.0,0.0
230,2.3099999999999947,zero,0.0009761351280643815,-0.3494143189231613,-0.1498047729743871,-0.00149331582951438,-0.34190065734207575,-0.14755991867795018,0.00822147609612771,0.00863710686192879,-1.570803106772076,-1.5707973197403295,-5.264885037714606e-06,0.06587546789269072,0.00011668089270335915,0,0,0,0,-0.10366494382157247,-7.315786564026315,-1.64623980377137,0.07592360375370971,0.0,0.0,0.0,0.0,0.0
231,2.3199999999999945,zero,0.0008352454164479717,-0.3494988527501312,-0.1498329509167104,-0.0015745105315202396,-0.34212945380211257,-0.14751325262145887,0.00809295772661758,0.008439549092954041,-1.570803106772076,-1.570797307427994,-5.264885037714606e-06,0.06526803894941513,0.00017417187136460936,0,0,0,0,-0.11326126446981004,-7.309836395894212,-1.6265378692178243,0.06493023842756848,0.0,0.0,0.0,0.0,0.0
232,2.3299999999999943,zero,0.0007080807403525569,-0.34957515155578844,-0.14985838385192948,-0.0016356835208996814,-0.34237951871881284,-0.14745161394394948,0.00794121553836961,0.008709037188154217,-1.570803106772076,-1.5707972948603286,-5.264885037714606e-06,0.06466022501429758,0.00024785018720078686,0,0,0,0,-0.10601563267234408,-7.285363530319027,-1.6083304272790515,0.05646756968530606,0.0,0.0,0.0,0.0,0.0
233,2.339999999999994,zero,0.0005940560527364358,-0.34964356636835814,-0.14988118878945272,-0.0016791270923914956,-0.34265621858123446,-0.14737924405223937,0.007762094960613754,0.008191719018491526,-1.570803106772076,-1.5707972822876834,-5.264885037714606e-06,0.06413280584981207,0.0003224378527590448,0,0,0,0,-0.100680079142116,-7.275004929611841,-1.6129172940218464,0.06051632576410779,0.0,0.0,0.0,0.0,0.0
234,2.349999999999994,zero,0.0004925663999999497,-0.34970446016,-0.14990148672,-0.001710150770020564,-0.3429672936526952,-0.14730444166311382,0.00754890843140583,0.007926469536645876,-1.570803106772076,-1.570797269723451,-5.264885037714606e-06,0.06374731021773017,0.0003970505924295514,0,0,0,0,-0.10911744991356365,-7.204209271677127,-1.5604470441003895,0.03811968534593291,0.0,0.0,0.0,0.0,0.0
235,2.3599999999999937,zero,0.000402986737663813,-0.3497582079574017,-0.14991940265246723,-0.0017337553895073348,-0.34330596020215787,-0.14722875104916625,0.007310046105423899,0.0081046876223639,-1.570803106772076,-1.57079725701929,-5.264885037714606e-06,0.06345901409466892,0.00046710098983077184,0,0,0,0,-0.11426724038293791,-7.235641770336475,-1.5610661890851123,0.03213966648114469,0.0,0.0,0.0,0.0,0.0
236,2.3699999999999934,zero,0.0003246717460481108,-0.3498051969523711,-0.14993506565079037,-0.001748275832718917,-0.3436527196302114,-0.14714223092686238,0.007067532430713271,0.00725057167493524,-1.570803106772076,-1.5707972442207994,-5.264885037714606e-06,0.06316757861016487,0.0005252510426421945,0,0,0,0,-0.11770093970736568,-7.207036557704971,-1.5524907276002915,0.028834928169347906,0.0,0.0,0.0,0.0,0.0
237,2.3799999999999932,zero,0.00025695564595240583,-0.3498458266124285,-0.14994860887080952,-0.0017480285012284223,-0.3439983357057144,-0.14704328687541032,0.006830373872014689,0.007002421729440602,-1.570803106772076,-1.5707972315949945,-5.264885037714606e-06,0.06284899330578941,0.0005704444396388365,0,0,0,0,-0.09831084201864751,-7.178669842392178,-1.5118735855687546,0.006699960955153517,0.0,0.0,0.0,0.0,0.0
238,2.389999999999993,zero,0.00019915201433629015,-0.3498805087913982,-0.14996016959713274,-0.0017361508683802652,-0.34433575835611746,-0.14693915032484445,0.0066042571180212435,0.0069262409180206866,-1.570803106772076,-1.5707972191006778,-5.264885037714606e-06,0.06246639489965933,0.0006002078766136909,0,0,0,0,-0.08817143011134662,-7.110095078720846,-1.4717165373326804,-0.008429832995403869,0.0,0.0,0.0,0.0,0.0
239,2.399999999999993,zero,0.0001505535999997143,-0.34990966784000016,-0.14996988928000005,-0.001715316989426989,-0.34465701430132856,-0.14683166720202173,0.006396896127382201,0.006583777051922553,-1.570803106772076,-1.5707972067627471,-5.264885037714606e-06,0.06199015643984973,0.0006138884432586989,0,0,0,0,-0.06730741786852863,-7.095727757819722,-1.4656090746286476,-0.011882574783603564,0.0,0.0,0.0,0.0,0.0
240,2.4099999999999926,zero,0.00011043213926442697,-0.34993374071644134,-0.14997791357214713,-0.001680564482447372,-0.34494702344682104,-0.14672083465302396,0.006219612617479398,0.006332035598810412,-1.570803106772076,-1.5707971948169928,-5.264885037714606e-06,0.06136085067722008,0.0006084531530501202,0,0,0,0,-0.05639846450768982,-7.099822905289484,-1.46116377630554,-0.01623964748214224,0.0,0.0,0.0,0.0,0.0
241,2.4199999999999924,zero,7.803817164786508e-05,-0.34995317709701124,-0.1499843923656704,-0.0016341522905021836,-0.34521515641447714,-0.14661022507526536,0.006063451250767814,0.00603911432106374,-1.570803106772076,-1.5707971834099645,-5.264885037714606e-06,0.06066299521604335,0.0005948886462506931,0,0,0,0,-0.07396903129551564,-7.106079480110997,-1.4593714738914876,-0.02002080260646122,0.0,0.0,0.0,0.0,0.0
242,2.429999999999992,zero,5.260085555214289e-05,-0.34996843948666867,-0.14998947982888955,-0.0015801891808575252,-0.34547170719902404,-0.1465062081723239,0.005917751769310537,0.006212890560062977,-1.570803106772076,-1.5707971726523027,-5.264885037714606e-06,0.0599857444864369,0.0005797174084952397,0,0,0,0,-0.09888703617699314,-7.061390659993744,-1.4238674378371434,-0.0355657848098605,0.0,0.0,0.0,0.0,0.0
243,2.439999999999992,zero,3.3327783936165645e-05,-0.3499800033296383,-0.14999333444321278,-0.0015144747898891222,-0.34571282477146953,-0.14641526635873517,0.005779885541426644,0.006492900408526187,-1.570803106772076,-1.570797162732825,-5.264885037714606e-06,0.05932306135931653,0.0005601812086761325,0,0,0,0,-0.07999079888961892,-7.085371859240033,-1.452349963239403,-0.022572459546454676,0.0,0.0,0.0,0.0,0.0
244,2.4499999999999917,zero,1.9404799999955813e-05,-0.34998835712,-0.14999611904,-0.0014396805826310914,-0.3459369441955974,-0.14634010010875875,0.0056488362751471385,0.005919345017117018,-1.570803106772076,-1.5707971536864755,-5.264885037714606e-06,0.058681886335117506,0.0005358907406234577,0,0,0,0,-0.07609554307803233,-7.080865115265406,-1.4655067256806928,-0.01394422726319755,0.0,0.0,0.0,0.0,0.0
245,2.4599999999999915,zero,9.995812864316278e-06,-0.3499940025122814,-0.14999800083742715,-0.0013519997060073802,-0.3461450158990285,-0.14628273826830637,0.005520226960908079,0.0054628614968794615,-1.570803106772076,-1.5707971455257168,-5.264885037714606e-06,0.05805446101506151,0.0005098531772512035,0,0,0,0,-0.08582640636084865,-7.021020393091076,-1.4106559077596135,-0.03901161975800717,0.0,0.0,0.0,0.0,0.0
246,2.4699999999999913,zero,4.242613247829041e-06,-0.34999745443205127,-0.14999915147735043,-0.0012489178594950732,-0.3463279113496388,-0.14624649716407429,0.0053961441788629464,0.005342602563872768,-1.570803106772076,-1.5707971384363022,-5.264885037714606e-06,0.057413182845717836,0.0004784382654599964,0,0,0,0,-0.09082553174249514,-7.035967280237985,-1.404889233494405,-0.04663045373599292,0.0,0.0,0.0,0.0,0.0
247,2.479999999999991,zero,1.2646891522916093e-06,-0.3499992411865086,-0.14999974706216954,-0.001134952143251072,-0.34647374067874875,-0.1462305484598062,0.0052846003277929494,0.005593991730381535,-1.570803106772076,-1.570797132607018,-5.264885037714606e-06,0.05674432438808563,0.0004376757507708853,0,0,0,0,-0.05980709896381607,-7.062117487673728,-1.4239695062714905,-0.040470760275148024,0.0,0.0,0.0,0.0,0.0
248,2.489999999999991,zero,1.590415363850184e-07,-0.3499999045750781,-0.1499999681916927,-0.0010164957863956787,-0.34656577579524334,-0.14623045962612868,0.005199617518770745,0.0056897468422851885,-1.570803106772076,-1.570797128022493,-5.264885037714606e-06,0.05597959515779638,0.0003829503251839114,0,0,0,0,-0.05596812907308135,-7.056190198020718,-1.435646861937312,-0.03162314168956232,0.0,0.0,0.0,0.0,0.0
249,2.4999999999999907,zero,0.0,-0.35,-0.15,-0.0008903628173274996,-0.3465886007267082,-0.1462469508423329,0.005149346456411775,0.005419859483848624,-1.570803106772076,-1.5707971246305286,-5.264885037714606e-06,0.05501249684961573,0.00031874171202719165,0,0,0,0,-0.05577159140814717,-7.072902143330318,-1.4506444939199281,-0.025502378521530117,0.0,0.0,0.0,0.0,0.0
250,2.5099999999999905,zero,-1.590415359995458e-07,-0.3499999045750784,-0.14999996819169278,-0.000758314693481281,-0.34655553898732666,-0.14628207250263456,0.00512456853299697,0.004429684617596464,-1.570803106772076,-1.570797122407805,-5.264885037714606e-06,0.053917610559063744,0.0002697875418988677,0,0,0,0,-0.04727043811888339,-7.101489412029054,-1.4652215317113446,-0.02078794851501717,0.0,0.0,0.0,0.0,0.0
251,2.5199999999999902,zero,-1.264689151998157e-06,-0.34999924118650877,-0.1499997470621696,-0.0006208683057532278,-0.3464540947850038,-0.14633312680623373,0.005137711139315671,0.004951049251185341,-1.570803106772076,-1.570797121144356,-5.264885037714606e-06,0.0525916245683451,0.00025406501302996674,0,0,0,0,-0.026365805498640104,-7.068407627573695,-1.4187978679517705,-0.04336913770583564,0.0,0.0,0.0,0.0,0.0
252,2.52999999999999,zero,-4.2426132479957975e-06,-0.34999745443205116,-0.1499991514773504,-0.0004797989501650912,-0.3462840011664213,-0.1463963710891027,0.0051957593777562094,0.005409121697061575,-1.570803106772076,-1.570797120739967,-5.264885037714606e-06,0.05102302348946752,0.0002892841492064722,0,0,0,0,-0.009390345399900121,-7.101864784078195,-1.4651988820175537,-0.018702516997973456,0.0,0.0,0.0,0.0,0.0
253,2.53999999999999,zero,-9.995812863992429e-06,-0.3499940025122816,-0.1499980008374272,-0.0003357150885601273,-0.34607828266763013,-0.14647789360794633,0.0052754250876493975,0.005206268724436564,-1.570803106772076,-1.5707971213029805,-5.264885037714606e-06,0.0494122392930294,0.000354916623167066,0,0,0,0,0.001755805136357213,-7.135049500595824,-1.5096456234604023,0.0066581916475194625,0.0,0.0,0.0,0.0,0.0
254,2.5499999999999896,zero,-1.9404799999988024e-05,-0.34998835712,-0.14999611904,-0.00019304401316651973,-0.34584684867329624,-0.14657934535331998,0.005371832575244357,0.005116334540774716,-1.570803106772076,-1.5707971226250002,-5.264885037714606e-06,0.04779263445380866,0.00042396572410190685,0,0,0,0,0.014278383047921176,-7.154817318829673,-1.5214686580483092,0.012291423102013602,0.0,0.0,0.0,0.0,0.0
255,2.5599999999999894,zero,-3.332778393598254e-05,-0.3499800033296384,-0.1499933344432128,-5.9982837198616154e-05,-0.34559323064633685,-0.14669692405064522,0.005487331459193335,0.0050942232081555745,-1.570803106772076,-1.570797124426142,-5.264885037714606e-06,0.046166270280890265,0.0004851474057871263,0,0,0,0,-0.008226950365396554,-7.124253815828776,-1.5010637698645146,0.007789064355170697,0.0,0.0,0.0,0.0,0.0
256,2.569999999999989,zero,-5.260085555197597e-05,-0.3499684394866688,-0.1499894798288896,7.169555880386379e-05,-0.3453178829638253,-0.14682807150871516,0.0056247336059276455,0.005062914156755619,-1.570803106772076,-1.5707971268075378,-5.264885037714606e-06,0.04452339252277859,0.0005424326973197688,0,0,0,0,0.005183911709231619,-7.208827046523801,-1.5582410072490156,0.031592951988443044,0.0,0.0,0.0,0.0,0.0
257,2.579999999999989,zero,-7.803817164796825e-05,-0.3499531770970112,-0.1499843923656704,0.00019627308228078406,-0.3450234289690957,-0.14697097484718488,0.005784319182879993,0.005161053134900212,-1.570803106772076,-1.5707971295547598,-5.264885037714606e-06,0.042862543427966804,0.0005926370863737595,0,0,0,0,0.01659301027351552,-7.182941069928932,-1.5425275685813156,0.028639528990769866,0.0,0.0,0.0,0.0,0.0
258,2.5899999999999888,zero,-0.00011043213926395935,-0.3499337407164416,-0.1499779135721472,0.0003091991249427114,-0.3447114154035093,-0.14712494520471875,0.005965584680275752,0.005791573686126065,-1.570803106772076,-1.5707971325084045,-5.264885037714606e-06,0.041181321551352124,0.0006356715624243317,0,0,0,0,0.010546806751866939,-7.205797315649745,-1.5621432387887335,0.03966575929890662,0.0,0.0,0.0,0.0,0.0
259,2.5999999999999885,zero,-0.00015055359999994927,-0.34990966784,-0.14996988928000002,0.00040958393368367685,-0.34438663121259483,-0.1472873553696069,0.0061655231590441,0.005981399298985197,-1.570803106772076,-1.5707971355682278,-5.264885037714606e-06,0.03949262372857909,0.0006706139356130898,0,0,0,0,0.041215473572709084,-7.260006323872725,-1.6199428010354602,0.06932089840100558,0.0,0.0,0.0,0.0,0.0
260,2.6099999999999883,zero,-0.00019915201433593806,-0.3498805087913984,-0.14996016959713282,0.0005021978583214607,-0.3440698318271896,-0.14745812938827757,0.006365222983760444,0.006479071819092041,-1.570803106772076,-1.5707971390015758,-5.264885037714606e-06,0.03794070496968582,0.0006905587317880283,0,0,0,0,0.05189470232672354,-7.291261847823659,-1.645421330055576,0.08294540193011252,0.0,0.0,0.0,0.0,0.0
261,2.619999999999988,zero,-0.0002569556459519256,-0.3498458266124288,-0.1499486088708096,0.0005874159151388831,-0.34379084548772765,-0.14764293087681432,0.006533904710482107,0.006318641816313177,-1.570803106772076,-1.5707971427431693,-5.264885037714606e-06,0.03667526701775925,0.0006872489961124548,0,0,0,0,0.033384311929582806,-7.331589293569277,-1.6858068242097894,0.10465278503741304,0.0,0.0,0.0,0.0,0.0
262,2.629999999999988,zero,-0.0003246717460479118,-0.3498051969523712,-0.1499350656507904,0.0006692113655598148,-0.34357152063059626,-0.14783680721233033,0.006652008162860727,0.006733915607747146,-1.570803106772076,-1.5707971466199933,-5.264885037714606e-06,0.03577316171263556,0.0006598555994711807,0,0,0,0,0.04978386522647639,-7.370406079020604,-1.7019738939215396,0.11049972996195287,0.0,0.0,0.0,0.0,0.0
263,2.6399999999999877,zero,-0.0004029867376638968,-0.34975820795740165,-0.14991940265246723,0.0007396245805824931,-0.3434436973839862,-0.1480379228079781,0.006687194539683946,0.006645067800605824,-1.570803106772076,-1.5707971503871163,-5.264885037714606e-06,0.035397985548295985,0.00060640791842738,0,0,0,0,0.0711270710393745,-7.400437046397054,-1.7265408083497027,0.12217755766039691,0.0,0.0,0.0,0.0,0.0
264,2.6499999999999875,zero,-0.0004925663999998805,-0.34970446016000006,-0.14990148672,0.00079469226236012,-0.3433904625614456,-0.1482468280953919,0.006652931361615125,0.006658576791580856,-1.570803106772076,-1.5707971534696088,-5.264885037714606e-06,0.0353688993611343,0.000556430232844232,0,0,0,0,0.07302430509429962,-7.472603978640666,-1.7507064961588765,0.12478731228640969,0.0,0.0,0.0,0.0,0.0
265,2.6599999999999873,zero,-0.0005940560527358631,-0.34964356636835847,-0.14988118878945283,0.0008368093163067658,-0.3434066198395133,-0.14846163067780324,0.0065545421610017345,0.0064087581284065255,-1.570803106772076,-1.5707971555213591,-5.264885037714606e-06,0.03558728062542693,0.000527821078895782,0,0,0,0,0.08574407818586091,-7.465498109174536,-1.73881779413821,0.11800074349782574,0.0,0.0,0.0,0.0,0.0
266,2.669999999999987,zero,-0.0007080807403518439,-0.3495751515557889,-0.14985838385192962,0.0008671110844064692,-0.34347703782320405,-0.14867510434769682,0.006408460873365982,0.006343178599947143,-1.570803106772076,-1.5707971562126104,-5.264885037714606e-06,0.03590920835053568,0.0005279380489574899,0,0,0,0,0.09901609906733728,-7.47965906556333,-1.7231217865720068,0.10488511931810912,0.0,0.0,0.0,0.0,0.0
267,2.679999999999987,zero,-0.0008352454164478237,-0.34949885275013126,-0.14983295091671042,0.0008866713859622455,-0.34358137978247255,-0.14887699339675978,0.006236612748707738,0.006803894557243512,-1.570803106772076,-1.5707971553240014,-5.264885037714606e-06,0.036182897785426604,0.0005475043039803208,0,0,0,0,0.08514568969471789,-7.449805373215483,-1.6990867029915044,0.09366212736487141,0.0,0.0,0.0,0.0,0.0
268,2.6899999999999866,zero,-0.0009761351280638024,-0.3494143189231617,-0.14980477297438724,0.0008885806108695726,-0.34373370762070765,-0.1490602982222427,0.00602501055710074,0.006968531645167256,-1.570803106772076,-1.5707971529842075,-5.264885037714606e-06,0.03653775819853111,0.0005782138701173326,0,0,0,0,0.09883834506382431,-7.515351276207184,-1.7344886657273777,0.10409092352867327,0.0,0.0,0.0,0.0,0.0
269,2.6999999999999864,zero,-0.001131315199999779,-0.3493212108800001,-0.14977373696000004,0.0008663061643507441,-0.3439308786388488,-0.14921506543952517,0.005775663308494943,0.0062277902305396034,-1.570803106772076,-1.5707971491879489,-5.264885037714606e-06,0.036983476311115204,0.0006144459389613096,0,0,0,0,0.14209568864870087,-7.45429930305739,-1.6996672592234232,0.09180902773282748,0.0,0.0,0.0,0.0,0.0
270,2.709999999999986,zero,-0.001301331419135755,-0.3492192011485185,-0.14973973371617286,0.0008203655449474865,-0.3441753336165363,-0.14934711106969434,0.005486014056681974,0.0056843119329483376,-1.570803106772076,-1.5707971440632156,-5.264885037714606e-06,0.037552078313578985,0.0006638091569155513,0,0,0,0,0.1398989603435332,-7.4823524548874865,-1.6792049028561742,0.07142738614363812,0.0,0.0,0.0,0.0,0.0
271,2.719999999999986,zero,-0.0014867102187517288,-0.3491079738687489,-0.14970265795624965,0.0007498506308697668,-0.34446330538816927,-0.1494566957085632,0.0051609734697861676,0.005080539200476566,-1.570803106772076,-1.5707971378723662,-5.264885037714606e-06,0.03827244118059103,0.0007239759810922657,0,0,0,0,0.13161099537791845,-7.444874860036679,-1.6359692130634325,0.04872540720888993,0.0,0.0,0.0,0.0,0.0
272,2.7299999999999858,zero,-0.0016879588628477022,-0.3489872246822914,-0.14966240822743046,0.0006601869093746184,-0.3447644326634787,-0.1495353283305487,0.004833416007540096,0.0050059987496029286,-1.570803106772076,-1.5707971307929598,-5.264885037714606e-06,0.03899019448975394,0.0007752321339413771,0,0,0,0,0.12066734207989592,-7.381035359007813,-1.584079798895505,0.025457040105037104,0.0,0.0,0.0,0.0,0.0
273,2.7399999999999856,zero,-0.001905565630463674,-0.34885666062172177,-0.14961888687390726,0.0005488660675390125,-0.34507662792755733,-0.14958577460983877,0.004507103121867098,0.004612890679109321,-1.570803106772076,-1.5707971230008833,-5.264885037714606e-06,0.03973327519490666,0.0008196648033328402,0,0,0,0,0.14772924839024,-7.4087546900826915,-1.5795872490985485,0.014564303208100676,0.0,0.0,0.0,0.0,0.0
274,2.7499999999999853,zero,-0.002139999999999644,-0.3487160000000002,-0.14957200000000007,0.00041435893788399793,-0.3453772089687906,-0.14961406320913456,0.004204050956778996,0.004972633157063149,-1.570803106772076,-1.570797114494303,-5.264885037714606e-06,0.04037963433141778,0.0008470834619923659,0,0,0,0,0.15140816358889708,-7.360544784327211,-1.5382945058530983,-0.004714317074495489,0.0,0.0,0.0,0.0,0.0
275,2.759999999999985,zero,-0.002391712833535613,-0.3485649722998786,-0.14952165743329288,0.00025598510818644534,-0.34564795864357484,-0.14962743460736241,0.003940870699758617,0.004451916589023038,-1.570803106772076,-1.5707971056003522,-5.264885037714606e-06,0.04088702249749998,0.0008523880881169194,0,0,0,0,0.16125556600483892,-7.379529552974226,-1.5512162706735573,-0.0031007470207670557,0.0,0.0,0.0,0.0,0.0
276,2.769999999999985,zero,-0.0026611365611515798,-0.34840331806330904,-0.14946777268776967,7.77570382845482e-05,-0.3458787880022682,-0.14962895097585693,0.003728373454830124,0.0046140816925252185,-1.570803106772076,-1.570797096551102,-5.264885037714606e-06,0.04122492719595061,0.0008370241320496344,0,0,0,0,0.1630471694812422,-7.376774665369441,-1.5254764208821863,-0.021837327367446202,0.0,0.0,0.0,0.0,0.0
277,2.7799999999999847,zero,-0.0029486853652475466,-0.34823078878085145,-0.14941026292695048,-0.00011977338091790524,-0.34605027452052867,-0.14962085227056846,0.003577950995500126,0.004303539067661686,-1.570803106772076,-1.5707970873869819,-5.264885037714606e-06,0.04129078117196161,0.0007956075521582977,0,0,0,0,0.1636184549889683,-7.39303565470257,-1.5356270969766248,-0.01935725245664946,0.0,0.0,0.0,0.0,0.0
278,2.7899999999999845,zero,-0.003254755364863511,-0.3480471467810819,-0.1493490489270273,-0.0003394701218458691,-0.34616485787012,-0.14959873275890265,0.0034791150611019487,0.003734157411717321,-1.570803106772076,-1.570797078278052,-5.264885037714606e-06,0.04114076437975944,0.000737400141877959,0,0,0,0,0.17762924903930286,-7.367100401404353,-1.513607150103851,-0.028993230681615106,0.0,0.0,0.0,0.0,0.0
279,2.7999999999999843,zero,-0.0035797247999994745,-0.3478521651200003,-0.1492840550400001,-0.0005794420626210099,-0.34623225836665217,-0.14955351409711304,0.003420292761915888,0.004397652292773049,-1.570803106772076,-1.5707970694481737,-5.264885037714606e-06,0.04086428102607309,0.0006739516783467382,0,0,0,0,0.17378637965715332,-7.340529280172463,-1.4747507812814422,-0.05003117361243853,0.0,0.0,0.0,0.0,0.0
280,2.809999999999984,zero,-0.0039239542159354365,-0.3476456274704387,-0.1492152091568129,-0.0008435116113742568,-0.34624332620297904,-0.14948514710919933,0.0033953559434694333,0.0046042903063275116,-1.570803106772076,-1.5707970606892634,-5.264885037714606e-06,0.040388917216476417,0.0006013769760133422,0,0,0,0,0.22321127640574656,-7.312499892829163,-1.4620390202371605,-0.052709267055552705,0.0,0.0,0.0,0.0,0.0
281,2.819999999999984,zero,-0.004287786647551395,-0.34742732801146914,-0.1491424426704897,-0.001135200797413656,-0.3462129163430014,-0.14940553551101787,0.003388629676688868,0.004421397565257806,-1.570803106772076,-1.5707970519600987,-5.264885037714606e-06,0.03979961606866289,0.0005329915344451213,0,0,0,0,0.24555782254790307,-7.303728218480676,-1.4507228424866825,-0.05846426267367323,0.0,0.0,0.0,0.0,0.0
282,2.8299999999999836,zero,-0.004671547803647355,-0.3471970713178116,-0.14906569043927054,-0.0014543785742225505,-0.34614062305644633,-0.1493242243939031,0.0033960418998294777,0.003969674194505438,-1.570803106772076,-1.5707970433525353,-5.264885037714606e-06,0.039107877786758616,0.0004676585647709658,0,0,0,0,0.228276979966071,-7.3525667683412905,-1.4839108396054133,-0.045729259234273595,0.0,0.0,0.0,0.0,0.0
283,2.8399999999999834,zero,-0.005075546251263313,-0.346954672249242,-0.14898489074974733,-0.001801390612918213,-0.3460126886552804,-0.14924213138942877,0.003416665184372549,0.003912615083781125,-1.570803106772076,-1.5707970346682507,-5.264885037714606e-06,0.03820469645084912,0.00039563672009676774,0,0,0,0,0.2185954279746746,-7.264624062129414,-1.430768609639917,-0.06284853291905958,0.0,0.0,0.0,0.0,0.0
284,2.849999999999983,zero,-0.005500073599999271,-0.3466999558400004,-0.14889998528000015,-0.0021767933712152133,-0.3458311053265093,-0.14915816313549934,0.0034446695776069666,0.0037910661930921465,-1.570803106772076,-1.5707970259546102,-5.264885037714606e-06,0.03711307799170327,0.00032061816775493245,0,0,0,0,0.21790935277094,-7.279357779289955,-1.4121068567990374,-0.07826586693463791,0.0,0.0,0.0,0.0,0.0
285,2.859999999999983,zero,-0.005945404686335224,-0.3464327571881988,-0.14881091906273294,-0.002581545633465693,-0.3455803662436713,-0.14907818590369804,0.0034804525013515594,0.004152012846306183,-1.570803106772076,-1.5707970170713004,-5.264885037714606e-06,0.03572595199765538,0.00023513531322080674,0,0,0,0,0.20921465609351056,-7.306315697239805,-1.4326650391177553,-0.06806379418746403,0.0,0.0,0.0,0.0,0.0
286,2.869999999999983,zero,-0.006411797757951178,-0.3461529213452293,-0.14871764044840977,-0.0030119175254934836,-0.34522825305882116,-0.14900132529811635,0.0035347806337732747,0.004202754676665815,-1.570803106772076,-1.5707970077522906,-5.264885037714606e-06,0.033806466522373624,0.0001338770874734017,0,0,0,0,0.22931782871581352,-7.290105528986314,-1.4405181716401987,-0.05648240097838597,0.0,0.0,0.0,0.0,0.0
287,2.8799999999999826,zero,-0.006899494658047131,-0.3458603032051717,-0.14862010106839058,-0.0034701492559916862,-0.344798050033881,-0.14893510454809444,0.0036038894098933652,0.003965287929811003,-1.570803106772076,-1.5707969979926077,-5.264885037714606e-06,0.031489563766690765,9.625648744732237e-05,0,0,0,0,0.22710262856730346,-7.317707850512791,-1.4752961110137235,-0.03594568772181697,0.0,0.0,0.0,0.0,0.0
288,2.8899999999999824,zero,-0.007408721009663082,-0.34555476739420216,-0.14851825579806738,-0.003951574909980625,-0.34433501116259135,-0.14888882550423463,0.003684696232558648,0.004483550888324639,-1.570803106772076,-1.5707969881753565,-5.264885037714606e-06,0.02907254835941786,0.000158006967110654,0,0,0,0,0.21720222407948417,-7.286038382129735,-1.460785882255287,-0.0354581915954635,0.0,0.0,0.0,0.0,0.0
289,2.899999999999982,zero,-0.007939686399999035,-0.34523618816000057,-0.14841206272000018,-0.004461150515316612,-0.34385362234289657,-0.14886416132373767,0.003770423489098958,0.004453900856709923,-1.570803106772076,-1.5707969782620694,-5.264885037714606e-06,0.026647969229200763,0.00022318016807430923,0,0,0,0,0.24502368276948963,-7.34334431134305,-1.4873068545442936,-0.02552249603691087,0.0,0.0,0.0,0.0,0.0
290,2.909999999999982,zero,-0.00849258456473498,-0.344904449261159,-0.148301483087053,-0.0050045161951566604,-0.34336803557234147,-0.14885878375390202,0.003851982866954237,0.004714692577779539,-1.570803106772076,-1.5707969681637373,-5.264885037714606e-06,0.024301637214802163,0.000270090218685985,0,0,0,0,0.2388099069525743,-7.389312859044364,-1.5154592459667475,-0.01183870437402064,0.0,0.0,0.0,0.0,0.0
291,2.9199999999999817,zero,-0.009067593572350928,-0.34455944385658943,-0.1481864812855298,-0.005581988749470887,-0.3428829762203653,-0.14886815074986834,0.003927423834424184,0.004486039174603418,-1.570803106772076,-1.5707969577099197,-5.264885037714606e-06,0.022033248536872163,0.00030148514239036034,0,0,0,0,0.25165471707208426,-7.39166019635316,-1.5225941707106583,-0.0028549921108416004,0.0,0.0,0.0,0.0,0.0
292,2.9299999999999815,zero,-0.009664876008446874,-0.34420107439493186,-0.14806702479831063,-0.006190524946694411,-0.34239907607610687,-0.148893934695179,0.004000261643803744,0.004924969529243998,-1.570803106772076,-1.5707969469079843,-5.264885037714606e-06,0.01983662767894878,0.00032513091977814153,0,0,0,0,0.23761406886842762,-7.424775364329029,-1.5416230684145313,0.007090844396814067,0.0,0.0,0.0,0.0,0.0
293,2.9399999999999813,zero,-0.010284579160062821,-0.3438292525039623,-0.14794308416798743,-0.006830127379337801,-0.34191445809591714,-0.14894129423928495,0.004073830884668023,0.004769279592594165,-1.570803106772076,-1.570796935746083,-5.264885037714606e-06,0.017699202673267855,0.00034934905929766887,0,0,0,0,0.2569463847594176,-7.400131201705809,-1.5295442489504596,0.007378805813154192,0.0,0.0,0.0,0.0,0.0
294,2.949999999999981,zero,-0.010926835199998765,-0.3434438988800007,-0.14781463296000025,-0.007497616549515279,-0.341426382145439,-0.14900867299036288,0.00415399156488896,0.004747166776878951,-1.570803106772076,-1.5707969243777904,-5.264885037714606e-06,0.015622941728919093,0.00037678762722846183,0,0,0,0,0.24164022403864055,-7.466917445671194,-1.5710729764751556,0.025301076283609586,0.0,0.0,0.0,0.0,0.0
295,2.959999999999981,zero,-0.011591761371134702,-0.34304494317731915,-0.14768164772577305,-0.008192502994296092,-0.3409325523904734,-0.1490877316509879,0.004241959966054132,0.005016061904672301,-1.570803106772076,-1.5707969128465773,-5.264885037714606e-06,0.013605397279169207,0.00040382890558590255,0,0,0,0,0.23124268895622335,-7.50425991717383,-1.6025233804633232,0.04278458443114231,0.0,0.0,0.0,0.0,0.0
296,2.9699999999999807,zero,-0.012279460170750649,-0.3426323238975496,-0.14754410796584985,-0.008914304726233072,-0.34043967581994955,-0.14917294905357725,0.004334178128208219,0.005269648668117288,-1.570803106772076,-1.5707969011881806,-5.264885037714606e-06,0.011690928980352178,0.0004254288112528277,0,0,0,0,0.24347060004491666,-7.520515576594152,-1.6065679467533998,0.046003099768915465,0.0,0.0,0.0,0.0,0.0
297,2.9799999999999804,zero,-0.012990019534846587,-0.34220598827909204,-0.14740199609303067,-0.009660207256712077,-0.3399644327714979,-0.1492531453067145,0.004420291202235795,0.005236855167086654,-1.570803106772076,-1.5707968894710016,-5.264885037714606e-06,0.009976214879035883,0.000432841154461395,0,0,0,0,0.2572410951092895,-7.515573544139707,-1.6027464351649328,0.04770935208488498,0.0,0.0,0.0,0.0,0.0
298,2.9899999999999802,zero,-0.013723513022462528,-0.3417658921865225,-0.1472552973955075,-0.010434829743371217,-0.33951803488937415,-0.1493223160508869,0.00448785764705212,0.0051454247310302745,-1.570803106772076,-1.570796877370827,-5.264885037714606e-06,0.008485580388786218,0.0004280201487226897,0,0,0,0,0.23881592412337496,-7.58328128313229,-1.6318079693659149,0.05644170286717931,0.0,0.0,0.0,0.0,0.0
299,2.99999999999998,zero,-0.014479999999998468,-0.3413120000000009,-0.1471040000000003,-0.011238719910179003,-0.33909639074134773,-0.1493711391251263,0.004533733651237893,0.005332631974697076,-1.570803106772076,-1.5707968644391095,-5.264885037714606e-06,0.007122596589562491,0.00041482130873299545,0,0,0,0,0.22750193572008706,-7.598229050573072,-1.6316004952759806,0.05668108630009781,0.0,0.0,0.0,0.0,0.0
300,3.00999999999998,zero,-0.015259525825534399,-0.34084428450467935,-0.14694809483489313,-0.012072844157256587,-0.33869651190592787,-0.14939271170475282,0.004554560223697583,0.005371003171859628,-1.570803106772076,-1.5707968503149718,-5.264885037714606e-06,0.005813539781205801,0.0003968235609806237,0,0,0,0,0.23020541318839333,-7.622478027356905,-1.6392032125667546,0.05862547410180802,0.0,0.0,0.0,0.0,0.0
301,3.0199999999999796,zero,-0.016062122033150338,-0.34036272678010976,-0.14678757559336994,-0.012933937881119927,-0.33834450273498434,-0.1493856989574932,0.004539714682723996,0.005302325525527042,-1.570803106772076,-1.5707968351830917,-5.264885037714606e-06,0.004720555330151477,0.0003838018512489766,0,0,0,0,0.22842045335335956,-7.610294779839825,-1.6235847337880243,0.05265592204879911,0.0,0.0,0.0,0.0,0.0
302,3.0299999999999794,zero,-0.016887806517246275,-0.3398673160896522,-0.14662243869655073,-0.01381643114099283,-0.33805919413983476,-0.14935146817399908,0.004488903382347369,0.005429819771277666,-1.570803106772076,-1.5707968191459982,-5.264885037714606e-06,0.003940220689108154,0.00039695687258524957,0,0,0,0,0.22532321231297384,-7.606108358828871,-1.6151651024911382,0.05033817635018799,0.0,0.0,0.0,0.0,0.0
303,3.039999999999979,zero,-0.01773658371686221,-0.33935804976988265,-0.14645268325662755,-0.014721638326991268,-0.3378480723626909,-0.149298126586126,0.004412082865894624,0.005402194637731378,-1.570803106772076,-1.5707968021355572,-5.264885037714606e-06,0.003502403111234509,0.00045662223074396013,0,0,0,0,0.23196896568377903,-7.581198279562074,-1.5941091866662558,0.04384763273520893,0.0,0.0,0.0,0.0,0.0
304,3.049999999999979,zero,-0.01860844479999814,-0.3388349331200011,-0.14627831104000036,-0.015648361645171253,-0.33767905836081297,-0.1492256143571379,0.004334136082961423,0.005222663371248872,-1.570803106772076,-1.570796783976429,-5.264885037714606e-06,0.003197242427240621,0.0005383092308583628,0,0,0,0,0.21691527902030733,-7.591569878144054,-1.5886455184795025,0.03923274386523016,0.0,0.0,0.0,0.0,0.0
305,3.0599999999999787,zero,-0.019503367847934074,-0.33829797929123956,-0.14609932643041318,-0.016603008152060846,-0.3375425088672541,-0.14913286891978925,0.004264411092028129,0.005770271283936411,-1.570803106772076,-1.5707967645062646,-5.264885037714606e-06,0.0029705981473260312,0.000626135952459507,0,0,0,0,0.21626891449708777,-7.539851681601321,-1.5430352886851226,0.020200438452082973,0.0,0.0,0.0,0.0,0.0
306,3.0699999999999785,zero,-0.02042131803955,-0.33774720917627,-0.14591573639209,-0.017586913747803946,-0.3374388171236269,-0.149026831747805,0.004219936926016009,0.005826904228408778,-1.570803106772076,-1.5707967438816233,-5.264885037714606e-06,0.0028560658240814885,0.0007177284853520831,0,0,0,0,0.23914835788649663,-7.5397997457621475,-1.51629638285773,0.0023348497020713177,0.0,0.0,0.0,0.0,0.0
307,3.0799999999999783,zero,-0.021362247835645932,-0.3371826512986124,-0.1457275504328708,-0.018595870771579124,-0.33734949705397976,-0.1489140142898806,0.0042230594926793,0.006262740903255308,-1.570803106772076,-1.5707967222695511,-5.264885037714606e-06,0.0027653222052346216,0.0007991678622528719,0,0,0,0,0.23546875309408383,-7.521460010454938,-1.4922207972271706,-0.010786559941717767,0.0,0.0,0.0,0.0,0.0
308,3.089999999999978,zero,-0.02232609716326187,-0.33660434170204284,-0.14553478056734762,-0.019627390401746554,-0.33725659707740907,-0.14879473425670345,0.004282026776666316,0.005748316817485423,-1.570803106772076,-1.5707966997464018,-5.264885037714606e-06,0.002606558223932076,0.0008608053904525585,0,0,0,0,0.25208244238287614,-7.523846411923865,-1.4813535862873755,-0.018860308192239605,0.0,0.0,0.0,0.0,0.0
309,3.099999999999978,zero,-0.023312793599997796,-0.3360123238400013,-0.14533744128000042,-0.020683273372461026,-0.33712876812820997,-0.14866205695956425,0.0043833655896468905,0.005998972595617787,-1.570803106772076,-1.570796676065737,-5.264885037714606e-06,0.0021803527361867747,0.0008876819330679159,0,0,0,0,0.22743090984351585,-7.442348251546311,-1.4173857424051282,-0.04433822154702373,0.0,0.0,0.0,0.0,0.0
310,3.1099999999999777,zero,-0.02432225255833372,-0.33540664846499973,-0.14513554948833324,-0.021755873781240585,-0.3369583351551237,-0.1485146200326808,0.004517980672324655,0.005808160443005456,-1.570803106772076,-1.5707966516027976,-5.264885037714606e-06,0.0014840034470524621,0.0008853399694303121,0,0,0,0,0.24318874863331952,-7.378200093264439,-1.3700009269989968,-0.06125249299696264,0.0,0.0,0.0,0.0,0.0
311,3.1199999999999775,zero,-0.02535437746994964,-0.3347873735180302,-0.14492912450601006,-0.02283957376804557,-0.33675300785127715,-0.14836219680353038,0.004687637079718435,0.0065271806190201325,-1.570803106772076,-1.5707966269078495,-5.264885037714606e-06,0.0006321905169877073,0.0008689551186184226,0,0,0,0,0.21793301165860154,-7.392571105486263,-1.369263924313614,-0.06333036720238086,0.0,0.0,0.0,0.0,0.0
312,3.1299999999999772,zero,-0.02640905997004557,-0.3341545640179726,-0.14471818800599087,-0.023946254594335484,-0.33651999650972253,-0.14821409462099314,0.004886925848881823,0.00621733952615409,-1.570803106772076,-1.5707966020053412,-5.264885037714606e-06,-0.00028312639719407784,0.0008498086059094568,0,0,0,0,0.2501415151485068,-7.432487207262291,-1.385177094010926,-0.05982431591666568,0.0,0.0,0.0,0.0,0.0
313,3.139999999999977,zero,-0.0274861800816615,-0.33350829195100307,-0.1445027639836677,-0.025077762032781975,-0.33623869000806844,-0.14807452327170845,0.005100295624755521,0.006445392150629294,-1.570803106772076,-1.5707965766523593,-5.264885037714606e-06,-0.0014051111152353357,0.0008160001922744755,0,0,0,0,0.22646711870147226,-7.417833605718678,-1.3741976328123184,-0.06279482285393236,0.0,0.0,0.0,0.0,0.0
314,3.149999999999977,zero,-0.02858560639999743,-0.33284863616000154,-0.1442828787200005,-0.02622434927046882,-0.33587372423621104,-0.14794115693136253,0.005301857464351592,0.0064907897420490475,-1.570803106772076,-1.5707965508141108,-5.264885037714606e-06,-0.0029632432494861582,0.0007488164730254708,0,0,0,0,0.215463313288589,-7.432026576512558,-1.3680989480853745,-0.06789859573946111,0.0,0.0,0.0,0.0,0.0
315,3.1599999999999766,zero,-0.02970719627673335,-0.33217568223396,-0.1440585607446533,-0.02738100138066982,-0.3354133924199698,-0.14781016777392014,0.005474349755460283,0.007041645956408099,-1.570803106772076,-1.5707965247498978,-5.264885037714606e-06,-0.004987967756957534,0.0006519826062890382,0,0,0,0,0.2006866012256957,-7.421965050829642,-1.3587190497551642,-0.07044442954976166,0.0,0.0,0.0,0.0,0.0
316,3.1699999999999764,zero,-0.03085079600434928,-0.33148952239739043,-0.14382984079913014,-0.02854882551046917,-0.3348654947798395,-0.14768350595060517,0.005616670969662245,0.006902513502052906,-1.570803106772076,-1.5707964986628438,-5.264885037714606e-06,-0.007393112957274628,0.000542826475330422,0,0,0,0,0.21122040427886943,-7.409648014416256,-1.338676255068621,-0.07784441079847312,0.0,0.0,0.0,0.0,0.0
317,3.179999999999976,zero,-0.03201624100044519,-0.3307902553997329,-0.14359675179991097,-0.029733604008154186,-0.33424099239776367,-0.14756719027652057,0.005734317672111985,0.007669024010098481,-1.570803106772076,-1.5707964725368035,-5.264885037714606e-06,-0.010096697951171185,0.0004384523903002485,0,0,0,0,0.22266414826671024,-7.3994339433467555,-1.3495077653641547,-0.06424912287211174,0.0,0.0,0.0,0.0,0.0
318,3.189999999999976,zero,-0.03320335599206111,-0.3300779864047633,-0.14335932880158778,-0.030933667340997617,-0.33356123050129116,-0.14746428136416953,0.005842526127439137,0.007854620591040898,-1.570803106772076,-1.570796446621516,-5.264885037714606e-06,-0.012946928770217525,0.00035878740216401835,0,0,0,0,0.23323020466148492,-7.389808652037832,-1.3223305376587307,-0.0761867767383835,0.0,0.0,0.0,0.0,0.0
319,3.1999999999999758,zero,-0.03441195519999704,-0.3293528268800018,-0.1431176089600006,-0.03214977223212674,-0.3328297099029425,-0.1473710749890781,0.00594122551296047,0.008601296024441379,-1.570803106772076,-1.5707964209128051,-5.264885037714606e-06,-0.01591779820549366,0.00030717552701172373,0,0,0,0,0.23671428304703898,-7.437335718177048,-1.3531958988506985,-0.061385286545399126,0.0,0.0,0.0,0.0,0.0
320,3.2099999999999755,zero,-0.03564184252313296,-0.3286148944861202,-0.1428716314953734,-0.033382660412869046,-0.33205107243843685,-0.1472800555363915,0.006028716716909988,0.008469699062830254,-1.570803106772076,-1.5707963953194728,-5.264885037714606e-06,-0.01899170520418969,0.00028327928928787235,0,0,0,0,0.2756235994277262,-7.50216085310344,-1.3884933424074388,-0.04633994041902591,0.0,0.0,0.0,0.0,0.0
321,3.2199999999999753,zero,-0.036892811722748886,-0.32786431296635066,-0.1426214376554502,-0.034628704240514493,-0.3312362572926543,-0.14718644966866792,0.006110280346401732,0.008492510216673915,-1.570803106772076,-1.570796369885576,-5.264885037714606e-06,-0.022115194282147366,0.000282179625608519,0,0,0,0,0.26046081014283706,-7.492506214921863,-1.3875198897315,-0.03926072404330978,0.0,0.0,0.0,0.0,0.0
322,3.229999999999975,zero,-0.03816464660684481,-0.3271012120358931,-0.14236707067863102,-0.03589111787198546,-0.3304206398675963,-0.14709522271123462,0.006208297325477449,0.008722782514110504,-1.570803106772076,-1.5707963448061133,-5.264885037714606e-06,-0.025056439253214213,0.0002964363971261315,0,0,0,0,0.23321706725562022,-7.528752580879532,-1.401263558924848,-0.03278387902738787,0.0,0.0,0.0,0.0,0.0
323,3.239999999999975,zero,-0.03945712121446072,-0.32632572727132353,-0.14210857575710786,-0.03717041389166881,-0.329613910833061,-0.14700577761876296,0.006326434034239901,0.00830115807317922,-1.570803106772076,-1.5707963200802892,-5.264885037714606e-06,-0.027762031153936606,0.0003112893398341925,0,0,0,0,0.24348633465819655,-7.528450469816614,-1.3997439420630513,-0.028727975730783117,0.0,0.0,0.0,0.0,0.0
324,3.2499999999999747,zero,-0.040769999999996656,-0.325538000000002,-0.14184600000000067,-0.03846658868344802,-0.3288133625752343,-0.14691511970439158,0.006459851257566307,0.008929412227401685,-1.570803106772076,-1.5707962956301467,-5.264885037714606e-06,-0.03025747397459444,0.0003221466231249986,0,0,0,0,0.24280806030465402,-7.545957493548963,-1.4315346985024564,-0.004919825560636387,0.0,0.0,0.0,0.0,0.0
325,3.2599999999999745,zero,-0.04210303801753257,-0.32473817718948045,-0.14157939239649348,-0.03978069598301186,-0.3280210284088255,-0.14681664344230047,0.0066029677547648,0.008639332714500092,-1.570803106772076,-1.5707962712564045,-5.264885037714606e-06,-0.03255973169146409,0.0003261735101197683,0,0,0,0,0.2504448292945102,-7.572024114887765,-1.4256584718787515,-0.01077122907458855,0.0,0.0,0.0,0.0,0.0
326,3.2699999999999743,zero,-0.0434559811051485,-0.3239264113369109,-0.1413088037789703,-0.0411164531758432,-0.32724939541687253,-0.14670223603787474,0.006753127102244497,0.008364389929035312,-1.570803106772076,-1.570796246692636,-5.264885037714606e-06,-0.03463232123599802,0.00032169107569449265,0,0,0,0,0.2380647713004361,-7.631127483984057,-1.4701823439181076,0.010291461449163708,0.0,0.0,0.0,0.0,0.0
327,3.279999999999974,zero,-0.04482856606924441,-0.3231028603584533,-0.14103428678615113,-0.04248166543380687,-0.3265169318125577,-0.14657164713675241,0.00691564791894142,0.00854715513131269,-1.570803106772076,-1.5707962214780673,-5.264885037714606e-06,-0.036428657496468286,0.00031776784334238225,0,0,0,0,0.24716170131784373,-7.6272690541377335,-1.4852288246283836,0.027168383143509944,0.0,0.0,0.0,0.0,0.0
328,3.289999999999974,zero,-0.046220520868860325,-0.3222676874786838,-0.14075589582622794,-0.0438757607766255,-0.3258295829247363,-0.1464269912059375,0.007095514207195258,0.008967851105972962,-1.570803106772076,-1.5707961952848042,-5.264885037714606e-06,-0.03798199291882698,0.0003289123491680645,0,0,0,0,0.24283802619284572,-7.644623491302916,-1.4854045511208676,0.026779275184243057,0.0,0.0,0.0,0.0,0.0
329,3.2999999999999736,zero,-0.04763156479999627,-0.32142106112000224,-0.14047368704000074,-0.04528822003575539,-0.3251815065513032,-0.14626433551393006,0.007291352705397487,0.008930550224071215,-1.570803106772076,-1.5707961680469187,-5.264885037714606e-06,-0.039382139406136885,0.00035847641443883995,0,0,0,0,0.2575938795450553,-7.630272211890964,-1.4630239787296682,0.018073218757528403,0.0,0.0,0.0,0.0,0.0
330,3.3099999999999734,zero,-0.049061408679932174,-0.32056315479204067,-0.14018771826401355,-0.04671762028686859,-0.3245663136747406,-0.1460805765102436,0.007499626882836251,0.009531797797499854,-1.570803106772076,-1.5707961399322583,-5.264885037714606e-06,-0.04063682475080288,0.000402289435180572,0,0,0,0,0.2521346548537461,-7.626343949766321,-1.4524075234272855,0.013667741802301098,0.0,0.0,0.0,0.0,0.0
331,3.319999999999973,zero,-0.0505097550315481,-0.3196941469810711,-0.13989804899369038,-0.04817390940981701,-0.3239721786171683,-0.14587365655560278,0.007711395151462112,0.009905147761966857,-1.570803106772076,-1.570796110931364,-5.264885037714606e-06,-0.04175806794499137,0.0004505903319729736,0,0,0,0,0.26758289344899333,-7.56870431094326,-1.3932616748792848,-0.01054266771726059,0.0,0.0,0.0,0.0,0.0
332,3.329999999999973,zero,-0.05197629826764402,-0.3188142210394136,-0.1396047403464712,-0.04965275539280834,-0.323370548635636,-0.14563623099600045,0.007908087765740634,0.010196448477996046,-1.570803106772076,-1.5707960810180213,-5.264885037714606e-06,-0.042907232000584994,0.00048300337919727446,0,0,0,0,0.2715131084915375,-7.589043913731286,-1.3933622163680233,-0.011957066448621434,0.0,0.0,0.0,0.0,0.0
333,3.3399999999999728,zero,-0.05346072487525992,-0.31792356507484404,-0.13930785502494802,-0.051148931777829955,-0.3227450107853224,-0.14536418842932264,0.008078978918734657,0.010832909947308792,-1.570803106772076,-1.57079605019856,-5.264885037714606e-06,-0.04418402068780747,0.0004936459048702917,0,0,0,0,0.2753132524483099,-7.551403182853963,-1.353363507395789,-0.028595129073483494,0.0,0.0,0.0,0.0,0.0
334,3.3499999999999726,zero,-0.05496271359999586,-0.3170223718400025,-0.13900745728000083,-0.05267146664462401,-0.32211134387660706,-0.1450629900875502,0.008235103313447307,0.01004897722035108,-1.570803106772076,-1.5707960186690741,-5.264885037714606e-06,-0.04543131940127454,0.0005020965188267095,0,0,0,0,0.2925232535142411,-7.571438845569185,-1.3516394656808939,-0.031039467761920042,0.0,0.0,0.0,0.0,0.0
335,3.3599999999999723,zero,-0.056481935630331784,-0.3161108386218009,-0.13870361287393365,-0.05421576027495355,-0.3214773441880231,-0.1447406309397268,0.008389309856020962,0.010209071239762724,-1.570803106772076,-1.5707959868337507,-5.264885037714606e-06,-0.04656142179086031,0.0005161103575036792,0,0,0,0,0.2652836430801208,-7.5243125906330235,-1.3423588210043647,-0.023250371961236305,0.0,0.0,0.0,0.0,0.0
336,3.369999999999972,zero,-0.058018054781947714,-0.31518916713083134,-0.13839638904361046,-0.055778941880399335,-0.3208341888468017,-0.14440250942802307,0.008541275012064309,0.009994665529898219,-1.570803106772076,-1.5707959545917558,-5.264885037714606e-06,-0.04764972106257792,0.0005281907883055297,0,0,0,0,0.2657273296603506,-7.501152891958576,-1.3207251591644449,-0.03040622183547756,0.0,0.0,0.0,0.0,0.0
337,3.379999999999972,zero,-0.05957072768204362,-0.3142575633907738,-0.13808585446359128,-0.057359236143401014,-0.32018498182552085,-0.1440543687824896,0.00869759433987128,0.010026032208929253,-1.570803106772076,-1.5707959217967988,-5.264885037714606e-06,-0.04871742359728759,0.000540471985415419,0,0,0,0,0.2702865160871939,-7.481874120719036,-1.3206980917012938,-0.024267274855003074,0.0,0.0,0.0,0.0,0.0
338,3.3899999999999717,zero,-0.06113960395365953,-0.31331623762780425,-0.1377720792092681,-0.05896146167978985,-0.3195457764048501,-0.14370484265100192,0.008874071173678373,0.010655208973549504,-1.570803106772076,-1.570795888400617,-5.264885037714606e-06,-0.0496758789130165,0.0005628243110744765,0,0,0,0,0.24691864749047596,-7.4949201542837365,-1.3177536314745468,-0.027345170332378432,0.0,0.0,0.0,0.0,0.0
339,3.3999999999999715,zero,-0.06272432639999546,-0.3123654041600027,-0.1374551347200009,-0.06058483870485265,-0.3189182126867121,-0.14335136230399215,0.009070954024114687,0.010480035167734054,-1.570803106772076,-1.5707958543896343,-5.264885037714606e-06,-0.050521987413822744,0.0005923612985097615,0,0,0,0,0.2895131349501167,-7.493760729459174,-1.3101761274319546,-0.03050055562328524,0.0,0.0,0.0,0.0,0.0
340,3.4099999999999713,zero,-0.06432453118873137,-0.31140528128676115,-0.13713509376225372,-0.06223127864027851,-0.3183003196578208,-0.14298979906111728,0.009284440451989033,0.010911020504949758,-1.570803106772076,-1.5707958196516465,-5.264885037714606e-06,-0.051273373575056125,0.0006254979352757382,0,0,0,0,0.26649144305987604,-7.416678501327387,-1.2590224382075976,-0.04494156847434863,0.0,0.0,0.0,0.0,0.0
341,3.419999999999971,zero,-0.06593984803634731,-0.3104360911781916,-0.13681203039273054,-0.06389972994906011,-0.3176632350396446,-0.14261954458870732,0.009493203428805585,0.011495699570026628,-1.570803106772076,-1.5707957840941287,-5.264885037714606e-06,-0.052085638483515995,0.0006419894669847206,0,0,0,0,0.28382668061358607,-7.409498378790858,-1.243626934780991,-0.05084637796893235,0.0,0.0,0.0,0.0,0.0
342,3.429999999999971,zero,-0.06756990039244323,-0.30945805976453405,-0.13648601992151135,-0.06559615738244981,-0.31700345737150565,-0.14224593515146008,0.009695633551913248,0.011946670258747785,-1.570803106772076,-1.570795748021957,-5.264885037714606e-06,-0.052888825398245354,0.0006453975526608367,0,0,0,0,0.295958926885603,-7.406674026706472,-1.225112207227856,-0.06048334719264012,0.0,0.0,0.0,0.0,0.0
343,3.4399999999999706,zero,-0.06921430562405916,-0.3084714166255645,-0.13615713887518816,-0.06730861880036271,-0.31632278463578617,-0.141873592508489,0.009897144236779667,0.012493621707826693,-1.570803106772076,-1.5707957120111051,-5.264885037714606e-06,-0.053629626738506575,0.0006397993338547243,0,0,0,0,0.3101702665754803,-7.397109334278166,-1.209083993528803,-0.06652448440048503,0.0,0.0,0.0,0.0,0.0
344,3.4499999999999704,zero,-0.0708726751999951,-0.30747639488000295,-0.13582546496000097,-0.06903440724869951,-0.315593476262604,-0.14149770515867602,0.010071769859562612,0.012985955178471259,-1.570803106772076,-1.5707956759197195,-5.264885037714606e-06,-0.054469112347992565,0.000610172097852338,0,0,0,0,0.3301949071991305,-7.370410867977574,-1.1822472060390372,-0.07740424961143799,0.0,0.0,0.0,0.0,0.0
345,3.45999999999997,zero,-0.072544614875131,-0.3064732310749214,-0.1354910770249738,-0.07077389894804675,-0.31479069040761676,-0.14111348552737993,0.010194461340031631,0.012898097621027607,-1.570803106772076,-1.570795639489489,-5.264885037714606e-06,-0.05555717650382941,0.000549338141491959,0,0,0,0,0.32614439604503276,-7.353395586748458,-1.1513781829217837,-0.0920221411576847,0.0,0.0,0.0,0.0,0.0
346,3.46999999999997,zero,-0.07422972487474694,-0.30546216507515184,-0.13515405502505062,-0.07252203846882647,-0.31391821171005313,-0.1407222845988357,0.010267721175556231,0.012828779004470471,-1.570803106772076,-1.5707956030818406,-5.264885037714606e-06,-0.056830047969161246,0.00047029907321514513,0,0,0,0,0.3148973506115651,-7.356232462470043,-1.156369204544671,-0.08565598158812024,0.0,0.0,0.0,0.0,0.0
347,3.47999999999997,zero,-0.07592760007884286,-0.3044434399526943,-0.13481447998423143,-0.07427721300464712,-0.3129821370027104,-0.14032331667243303,0.010294678550780577,0.012974652411302707,-1.570803106772076,-1.5707955669847506,-5.264885037714606e-06,-0.058208499396129376,0.0003844271184611367,0,0,0,0,0.32122986818608895,-7.314455085494576,-1.1447403878007718,-0.08157410915347033,0.0,0.0,0.0,0.0,0.0
348,3.4899999999999696,zero,-0.07763783020645876,-0.30341730187612476,-0.13447243395870825,-0.07603710250243344,-0.3119877645026983,-0.13991931575734864,0.010280256813148569,0.013225943298079777,-1.570803106772076,-1.570795531391555,-5.264885037714606e-06,-0.05964072365252715,0.00029917420502146636,0,0,0,0,0.322884949897538,-7.284641924650494,-1.129915200593114,-0.08113420076679773,0.0,0.0,0.0,0.0,0.0
349,3.4999999999999694,zero,-0.0793599999999947,-0.30238400000000315,-0.13412800000000105,-0.07780093545765598,-0.31092509624058745,-0.1395116340836974,0.010215895613466211,0.01314820332212308,-1.570803106772076,-1.5707954962385087,-5.264885037714606e-06,-0.061181068897819824,0.0002151438605064879,0,0,0,0,0.2983411528663466,-7.28351708107487,-1.114429748303557,-0.0878177001366855,0.0,0.0,0.0,0.0,0.0
350,3.509999999999969,zero,-0.08109368940953063,-0.3013437863542816,-0.13378126211809388,-0.07957228499564241,-0.30981907407718023,-0.13911117144595853,0.010126850784907089,0.012453857036812047,-1.570803106772076,-1.5707954617223465,-5.264885037714606e-06,-0.06266531501680173,0.00015661141159852544,0,0,0,0,0.31273017579115003,-7.2922450654974025,-1.1362581218374557,-0.07017443874340887,0.0,0.0,0.0,0.0,0.0
351,3.519999999999969,zero,-0.08283847377714657,-0.30029691573371203,-0.13343230524457067,-0.08134377342872304,-0.3086560820796106,-0.1387172416010077,0.010002016967670595,0.013207890314411313,-1.570803106772076,-1.570795427536127,-5.264885037714606e-06,-0.06424310649568477,0.00013786208135616547,0,0,0,0,0.2978106419356953,-7.332266415456028,-1.1885522260056822,-0.03845356962276211,0.0,0.0,0.0,0.0,0.0
352,3.5299999999999687,zero,-0.08459392402124248,-0.29924364558725447,-0.1330812151957515,-0.08312074000399075,-0.30743704614750833,-0.13833019986436068,0.009841439119394503,0.012837379205449917,-1.570803106772076,-1.570795393353542,-5.264885037714606e-06,-0.06593622662798193,0.00017923673468102483,0,0,0,0,0.3319589533612308,-7.305502702612027,-1.1601182319485075,-0.047476070570778545,0.0,0.0,0.0,0.0,0.0
353,3.5399999999999685,zero,-0.0863596068208584,-0.29818423590748494,-0.1327280786358283,-0.08490479449510308,-0.3061581094534992,-0.1379503441179242,0.009642157175470945,0.013022297373124629,-1.570803106772076,-1.5707953590872026,-5.264885037714606e-06,-0.06776258209857189,0.0002569100134599995,0,0,0,0,0.3156744072109572,-7.312790010349835,-1.1763098013318944,-0.03339450167566321,0.0,0.0,0.0,0.0,0.0
354,3.5499999999999683,zero,-0.08813508479999435,-0.29711894912000336,-0.1323729830400011,-0.08669419381786549,-0.30482121753842223,-0.13757821529687667,0.009407207261444318,0.012539680194236168,-1.570803106772076,-1.5707953245958743,-5.264885037714606e-06,-0.06974314296294781,0.00034802113661834186,0,0,0,0,0.3016074221213927,-7.297548194549678,-1.1613619523566512,-0.033468141784972816,0.0,0.0,0.0,0.0,0.0
355,3.559999999999968,zero,-0.08991991671193025,-0.29604804997284184,-0.13201601665761395,-0.0884833493706281,-0.30342461390684805,-0.13721185273143172,0.009136417990906672,0.012438617485695518,-1.570803106772076,-1.570795289589369,-5.264885037714606e-06,-0.07196152063904937,0.0004461985640474954,0,0,0,0,0.28788990544683873,-7.338349263556656,-1.2020813442822162,-0.010715589928129376,0.0,0.0,0.0,0.0,0.0
356,3.569999999999968,zero,-0.0917136576235462,-0.29497180542587226,-0.13165726847529075,-0.09027647797159985,-0.3019982511181964,-0.13685011908259842,0.00885449726686754,0.012432024923959006,-1.570803106772076,-1.570795254118368,-5.264885037714606e-06,-0.07425421470491211,0.0005288589205144594,0,0,0,0,0.3076980162995772,-7.382055247456463,-1.2457256882628611,0.01430618855506624,0.0,0.0,0.0,0.0,0.0
357,3.5799999999999677,zero,-0.09351585909964216,-0.2938904845402147,-0.13129682818007157,-0.09208380549497854,-0.30057439911048356,-0.1364940576007675,0.00858700676374658,0.011924382612702471,-1.570803106772076,-1.5707952181442768,-5.264885037714606e-06,-0.07643691681532849,0.0005794646274515696,0,0,0,0,0.3255586019357822,-7.431682227141346,-1.286162584873906,0.03763196314895312,0.0,0.0,0.0,0.0,0.0
358,3.5899999999999674,zero,-0.09532606938725809,-0.2928043583676451,-0.13093478612254839,-0.09391151212552216,-0.29917131306371936,-0.13614378887370196,0.008347023062752198,0.011791634459975194,-1.570803106772076,-1.5707951814387755,-5.264885037714606e-06,-0.07844300251949532,0.0005966358405146859,0,0,0,0,0.29770168230064864,-7.45394082655217,-1.312268127464556,0.05573955585618176,0.0,0.0,0.0,0.0,0.0
359,3.5999999999999672,zero,-0.09714383359999403,-0.29171369984000356,-0.1305712332800012,-0.09576628192562292,-0.2978046695173906,-0.13579863362556746,0.008143910276963841,0.011325298754765963,-1.570803106772076,-1.5707951440443875,-5.264885037714606e-06,-0.08016534659895114,0.0005818582867671158,0,0,0,0,0.31436336389423086,-7.466668269249072,-1.336574511911576,0.07420824547097543,0.0,0.0,0.0,0.0,0.0
360,3.609999999999967,zero,-0.09896869390232994,-0.29061878365860205,-0.13020626121953402,-0.09764978581410705,-0.2964617417214636,-0.1354508148669042,0.007961470996598708,0.011284087177582468,-1.570803106772076,-1.570795105733073,-5.264885037714606e-06,-0.08168417596063526,0.0005554856864785911,0,0,0,0,0.2933311216513802,-7.449528034148538,-1.3359678187965538,0.08334444231732419,0.0,0.0,0.0,0.0,0.0
361,3.619999999999967,zero,-0.10080018969394591,-0.28951988618363245,-0.12983996206121082,-0.099559905579873,-0.29515217109824715,-0.1351029606595134,0.007807694428495076,0.010980444433010763,-1.570803106772076,-1.5707950667276533,-5.264885037714606e-06,-0.0829361749416786,0.0005166692647580905,0,0,0,0,0.27670001546206685,-7.433155896096973,-1.3173481803357967,0.07968666899493085,0.0,0.0,0.0,0.0,0.0
362,3.6299999999999666,zero,-0.10263785779404183,-0.2884172853235749,-0.12947242844119164,-0.10149758574674028,-0.2938835182067313,-0.1347471190913353,0.007681294404556468,0.010957193761017517,-1.570803106772076,-1.5707950272732454,-5.264885037714606e-06,-0.08383837116596782,0.0004672017894200697,0,0,0,0,0.28804105767547483,-7.484815346432245,-1.3652985845756578,0.10385560088685022,0.0,0.0,0.0,0.0,0.0
363,3.6399999999999664,zero,-0.10448123262565776,-0.2873112604246053,-0.12910375347486844,-0.10345718868719636,-0.2926402063018193,-0.13436983529193572,0.007561610136354705,0.010752221344287731,-1.570803106772076,-1.5707949870431892,-5.264885037714606e-06,-0.08453620615650137,0.0004228137632608864,0,0,0,0,0.28677449824668455,-7.4896460626871875,-1.3641467761843964,0.10526664999035465,0.0,0.0,0.0,0.0,0.0
364,3.649999999999966,zero,-0.10632984639999375,-0.28620209216000375,-0.12873403072000125,-0.10543931284415889,-0.29142834764582304,-0.1339648433547298,0.007447697445302132,0.01056895095851053,-1.570803106772076,-1.5707949459478883,-5.264885037714606e-06,-0.08501662033659318,0.00038318434058291117,0,0,0,0,0.25275887111042633,-7.520300141107616,-1.3690104085759498,0.10444865500742259,0.0,0.0,0.0,0.0,0.0
365,3.659999999999966,zero,-0.10818322930072968,-0.2850900624195622,-0.12836335413985406,-0.10745617903350002,-0.29027348375527523,-0.13354107478434488,0.007362421470344539,0.010105389895640518,-1.570803106772076,-1.5707949040766984,-5.264885037714606e-06,-0.08510704869727559,0.0003476211283924453,0,0,0,0,0.2537015676049941,-7.502941607731967,-1.3638102435096762,0.10757924518469825,0.0,0.0,0.0,0.0,0.0
366,3.6699999999999657,zero,-0.11004090966834564,-0.2839754541989926,-0.12799181806633086,-0.10951813623978288,-0.2892133410789026,-0.13311698368985947,0.007346841068986314,0.010156629628095359,-1.570803106772076,-1.5707948617675003,-5.264885037714606e-06,-0.08456685576601486,0.00032917893892328836,0,0,0,0,0.23576149951400638,-7.522436005815069,-1.3837045587696923,0.11847443136418209,0.0,0.0,0.0,0.0,0.0
367,3.6799999999999655,zero,-0.1119024141844416,-0.28285855148933503,-0.12761951716311168,-0.11162411242809539,-0.2882551615425484,-0.1327009720756344,0.00741768400257317,0.009889630300560372,-1.570803106772076,-1.5707948189249379,-5.264885037714606e-06,-0.08341166690482704,0.0003676563061840215,0,0,0,0,0.24069643369706709,-7.4503416547743795,-1.3333833354886064,0.10202643899591257,0.0,0.0,0.0,0.0,0.0
368,3.6899999999999653,zero,-0.11376726805605752,-0.28173963916636546,-0.1272465463887885,-0.11376399768009951,-0.28736669833621614,-0.13228829113035795,0.007555328956141011,0.009870500963059685,-1.570803106772076,-1.5707947749948576,-5.264885037714606e-06,-0.08192809829000014,0.0004604250144532883,0,0,0,0,0.23930394954766301,-7.4100189699717465,-1.307137677192701,0.09283088418308255,0.0,0.0,0.0,0.0,0.0
369,3.699999999999965,zero,-0.11563499519999344,-0.2806190028800039,-0.12687300096000131,-0.11593277681164574,-0.2865114924904243,-0.13187471506080473,0.007734807796146331,0.0094851266953896,-1.570803106772076,-1.5707947294965943,-5.264885037714606e-06,-0.08037027252460582,0.000566144902437488,0,0,0,0,0.24109105184226037,-7.372734302249576,-1.271680041488547,0.07597995819280548,0.0,0.0,0.0,0.0,0.0
370,3.709999999999965,zero,-0.11750511842712943,-0.27949692894372236,-0.1264989763145741,-0.1181246715204745,-0.2856874554617348,-0.13146119025636407,0.00795801682643254,0.009938551443480057,-1.570803106772076,-1.570794682639067,-5.264885037714606e-06,-0.07874672148767492,0.0006661220240948177,0,0,0,0,0.20450790297832258,-7.351039868724409,-1.2430079067969673,0.0600805172544544,0.0,0.0,0.0,0.0,0.0
371,3.7199999999999647,zero,-0.1193771596267454,-0.27837370422395274,-0.12612456807465092,-0.12032995060169206,-0.28488864506269007,-0.13104524878704552,0.008219815292786052,0.010213736470759552,-1.570803106772076,-1.5707946349540738,-5.264885037714606e-06,-0.07703994918039525,0.0007521447846676687,0,0,0,0,0.2090185671810439,-7.320127660468455,-1.1981129298885769,0.035379259310311245,0.0,0.0,0.0,0.0,0.0
372,3.7299999999999645,zero,-0.12125063995084134,-0.27724961602949516,-0.12574987200983173,-0.12253391718004267,-0.2840897077353094,-0.13062002128260813,0.008494233863631247,0.010136467893807503,-1.570803106772076,-1.5707945867499238,-5.264885037714606e-06,-0.07536533043831461,0.0008101617093851587,0,0,0,0,0.22461554647635426,-7.274630939981204,-1.157744464461996,0.016468133465679602,0.0,0.0,0.0,0.0,0.0
373,3.7399999999999642,zero,-0.12312507999845725,-0.2761249520009256,-0.12537498400030855,-0.12473284106125489,-0.28327719747354135,-0.13018696672674182,0.008768961665732865,0.010522353567283298,-1.570803106772076,-1.570794538221334,-5.264885037714606e-06,-0.07375773311179157,0.0008410568180243717,0,0,0,0,0.1985036224089536,-7.205745730709557,-1.1030877787133693,-0.006486046105464771,0.0,0.0,0.0,0.0,0.0
374,3.749999999999964,zero,-0.12499999999999323,-0.2750000000000041,-0.12500000000000136,-0.126932705306765,-0.2824410409924186,-0.1297489479143636,0.009036423360320324,0.010873147694790414,-1.570803106772076,-1.570794489321034,-5.264885037714606e-06,-0.07222725008309294,0.000851952209220529,0,0,0,0,0.21594533254848539,-7.202054338117137,-1.0908815569989772,-0.016296800793467597,0.0,0.0,0.0,0.0,0.0
375,3.759999999999964,zero,-0.12687492000152922,-0.27387504799908247,-0.12462501599969415,-0.1291222906901825,-0.2815578221104636,-0.12930181871489707,0.00927082394912423,0.011399166536638755,-1.570803106772076,-1.5707944400494873,-5.264885037714606e-06,-0.07091311744658735,0.0008345244016247191,0,0,0,0,0.2277638343079598,-7.198486464221536,-1.0818237801608288,-0.023377137768471445,0.0,0.0,0.0,0.0,0.0
376,3.7699999999999636,zero,-0.1287493600491452,-0.2727503839705129,-0.12425012799017096,-0.13129743137238373,-0.28061716096962824,-0.1288437210932715,0.009459383987288704,0.01120596969898662,-1.570803106772076,-1.5707943907730253,-5.264885037714606e-06,-0.06980059588903531,0.0007936807895690199,0,0,0,0,0.19678193599477126,-7.136377656458079,-1.0126349183929921,-0.057254453728787624,0.0,0.0,0.0,0.0,0.0
377,3.7799999999999634,zero,-0.13062284037324118,-0.2716262957760553,-0.12387543192535176,-0.13345164784575,-0.2796072236495656,-0.12837773210521908,0.0095899983497563,0.010876359843867924,-1.570803106772076,-1.5707943419260817,-5.264885037714606e-06,-0.06888382100297341,0.0007323194384766153,0,0,0,0,0.19774824296168073,-7.0936109423948555,-1.0016388264300953,-0.056499485049565784,0.0,0.0,0.0,0.0,0.0
378,3.789999999999963,zero,-0.1324948815728571,-0.27050307105628574,-0.12350102368542858,-0.135568156208095,-0.2785176949541682,-0.12791324256798337,0.0096512635792252,0.010930975950981336,-1.570803106772076,-1.570794293922837,-5.264885037714606e-06,-0.06822186638429129,0.0006490627219182479,0,0,0,0,0.1625608388786315,-7.096747529077234,-1.0070003361523394,-0.05497397987003483,0.0,0.0,0.0,0.0,0.0
379,3.799999999999963,zero,-0.13436500479999305,-0.2693809971200042,-0.12312699904000139,-0.13763562846302227,-0.27734985973738,-0.12745940852592277,0.009642070447444279,0.01108844283909807,-1.570803106772076,-1.5707942470856011,-5.264885037714606e-06,-0.06782069957722481,0.0005525019829189508,0,0,0,0,0.16590194460927665,-7.1170985910781095,-1.0255370849377938,-0.047893179195201474,0.0,0.0,0.0,0.0,0.0
380,3.8099999999999627,zero,-0.13623273194392913,-0.2682603608336425,-0.12275345361121417,-0.13965627278779458,-0.2760955816784824,-0.12702067459967314,0.009556175624242855,0.011060240985562936,-1.570803106772076,-1.570794201150738,-5.264885037714606e-06,-0.0677396683502447,0.0004625496753013184,0,0,0,0,0.15051639885085175,-7.0472360790548105,-0.9886284075870463,-0.05677480849297839,0.0,0.0,0.0,0.0,0.0
381,3.8199999999999625,zero,-0.13809758581554504,-0.26714144851067295,-0.12238048283689099,-0.14163261930254742,-0.2747522391324341,-0.12659278748366298,0.009389574328995546,0.010913932857009308,-1.570803106772076,-1.5707941559507987,-5.264885037714606e-06,-0.06799111817280123,0.0004134279189822054,0,0,0,0,0.16284338978370794,-7.082079911772552,-1.019871304810869,-0.04293375118147888,0.0,0.0,0.0,0.0,0.0
382,3.8299999999999623,zero,-0.13995909033164095,-0.2660245458010154,-0.12200818193367181,-0.14355998167701498,-0.27331914301322763,-0.12617090631788772,0.009138153055653497,0.01102997544822771,-1.570803106772076,-1.5707941113392048,-5.264885037714606e-06,-0.06861965216855581,0.00043458774907502055,0,0,0,0,0.1530420144947114,-7.103383868141345,-1.0433793618620575,-0.03123400846862326,0.0,0.0,0.0,0.0,0.0
383,3.839999999999962,zero,-0.141816770699257,-0.2649099375804458,-0.1216366458601486,-0.1454380566977469,-0.2718148994348239,-0.1257606839455602,0.008820425195147972,0.011153595131498325,-1.570803106772076,-1.5707940674355105,-5.264885037714606e-06,-0.069547137103384,0.0005151874161211264,0,0,0,0,0.1436465669717692,-7.0986552968041785,-1.0449494278714027,-0.026152734114534032,0.0,0.0,0.0,0.0,0.0
384,3.849999999999962,zero,-0.14367015359999286,-0.2637979078400043,-0.12126596928000143,-0.14727555029573505,-0.2702739897041173,-0.12536830121643627,0.008471578894223654,0.010414021848085554,-1.570803106772076,-1.5707940245853564,-5.264885037714606e-06,-0.07055622639707027,0.0006110748687290189,0,0,0,0,0.13249038506549737,-7.104856271087307,-1.0536248740522418,-0.018984256429344537,0.0,0.0,0.0,0.0,0.0
385,3.8599999999999617,zero,-0.14551876737432892,-0.2626887395754026,-0.12089624652513421,-0.14907853400941348,-0.2686970521193267,-0.12499193600566008,0.008096075002285185,0.010179904906127274,-1.570803106772076,-1.570793982567501,-5.264885037714606e-06,-0.07164622028741019,0.0007098232869082721,0,0,0,0,0.129367355084616,-7.133432600604519,-1.106349275181777,0.010740156274142348,0.0,0.0,0.0,0.0,0.0
386,3.8699999999999615,zero,-0.14736214220594496,-0.261582714676433,-0.12052757155881101,-0.15084921329947862,-0.2670860882476868,-0.1246309215788082,0.007699627709359965,0.009601702488771674,-1.570803106772076,-1.570793941320846,-5.264885037714606e-06,-0.07280716216244576,0.0008061939905952132,0,0,0,0,0.12872485777647324,-7.180512927480466,-1.1478176601272818,0.03090905327665247,0.0,0.0,0.0,0.0,0.0
387,3.8799999999999613,zero,-0.14919981030604088,-0.2604801138163755,-0.12016003793879182,-0.15258984537412276,-0.2654455929586125,-0.12428550459408161,0.0072916250588413774,0.009293817549212612,-1.570803106772076,-1.5707939008668237,-5.264885037714606e-06,-0.07400760126851891,0.0008969113656336221,0,0,0,0,0.11342060858008901,-7.190344714773842,-1.1768035500659262,0.051014278018181786,0.0,0.0,0.0,0.0,0.0
388,3.889999999999961,zero,-0.15103130609765691,-0.2593812163414059,-0.11979373878046862,-0.15430302263991058,-0.26378049090147304,-0.12394315191001526,0.0068757090621523916,0.00890962313810487,-1.570803106772076,-1.5707938610857306,-5.264885037714606e-06,-0.07522563033472607,0.0009800369301377555,0,0,0,0,0.11054916030033288,-7.258134035531146,-1.2305330594273804,0.07386082140310085,0.0,0.0,0.0,0.0,0.0
389,3.899999999999961,zero,-0.1528561663999929,-0.25828630016000426,-0.11942876672000143,-0.15600784443372537,-0.26212008854470936,-0.12359718189157487,0.006481257042396582,0.008752417098119579,-1.570803106772076,-1.570793821797272,-5.264885037714606e-06,-0.07629024086532898,0.0010363083453655347,0,0,0,0,0.1147501414868818,-7.310925806798158,-1.2813117306968385,0.0995946424232047,0.0,0.0,0.0,0.0,0.0
390,3.9099999999999606,zero,-0.15467393061272883,-0.2571956416323627,-0.11906521387745424,-0.15771646556040403,-0.26048466654483765,-0.12325093114174299,0.006131470688119673,0.007784597357502733,-1.570803106772076,-1.570793782742905,-5.264885037714606e-06,-0.07712690318085258,0.001059375554177673,0,0,0,0,0.10337479706931452,-7.321148853016552,-1.293089361151507,0.10831559746894787,0.0,0.0,0.0,0.0,0.0
391,3.9199999999999604,zero,-0.15648414090034488,-0.2561095154597931,-0.11870317181993104,-0.15942632128984324,-0.25888407010083336,-0.12290518299055184,0.005831935937447256,0.007132755062509927,-1.570803106772076,-1.570793743826268,-5.264885037714606e-06,-0.07774882828252982,0.0010539450615626308,0,0,0,0,0.0989336976171739,-7.3754432472416225,-1.3630974509290201,0.1453381732010716,0.0,0.0,0.0,0.0,0.0
392,3.92999999999996,zero,-0.1582863423764408,-0.2550281945741355,-0.11834273152471184,-0.16114654095632205,-0.25733436190108844,-0.12255522466455168,0.005589654918638341,0.006959328289619188,-1.570803106772076,-1.5707937048673948,-5.264885037714606e-06,-0.07809238071488833,0.0010179051266505919,0,0,0,0,0.08289861637738397,-7.378925154040189,-1.3826699849873976,0.15753596384637436,0.0,0.0,0.0,0.0,0.0
393,3.93999999999996,zero,-0.16008008328805684,-0.25395195002716586,-0.11798398334238863,-0.16288725751450822,-0.2558569050376319,-0.12219626091862187,0.005408545378268546,0.006411110132162628,-1.570803106772076,-1.570793665656242,-5.264885037714606e-06,-0.0780818591501451,0.0009464631006828141,0,0,0,0,0.05347635889775676,-7.389257857297417,-1.3848103196371417,0.1579431253150651,0.0,0.0,0.0,0.0,0.0
394,3.9499999999999598,zero,-0.1618649151999928,-0.25288105088000434,-0.11762701696000144,-0.1646494070421916,-0.2544526516787577,-0.12181957374229666,0.005272651729697638,0.006148071510451107,-1.570803106772076,-1.5707936258976554,-5.264885037714606e-06,-0.07776339855429137,0.0008513602437240485,0,0,0,0,0.060850525792285795,-7.366833659240854,-1.3910167945560652,0.1676988153897442,0.0,0.0,0.0,0.0,0.0
395,3.9599999999999596,zero,-0.16364039317912882,-0.2518157640925227,-0.11727192136417425,-0.1664466117993253,-0.25312808793054653,-0.12142012331726426,0.00517731940716456,0.006441382380991597,-1.570803106772076,-1.5707935855317825,-5.264885037714606e-06,-0.0770516372479002,0.0007370834257764175,0,0,0,0,0.06689028799157996,-7.387225233222372,-1.4156268949616262,0.17997242135175592,0.0,0.0,0.0,0.0,0.0
396,3.9699999999999593,zero,-0.16540607597874485,-0.2507563544127531,-0.11691878480425102,-0.168279925291609,-0.2518873392991154,-0.12099641891447005,0.005115196635814833,0.006255875249531201,-1.570803106772076,-1.5707935445801247,-5.264885037714606e-06,-0.0759337396119959,0.0006126439242512716,0,0,0,0,0.07881338516971637,-7.382178671283524,-1.396307858705154,0.16638050540685775,0.0,0.0,0.0,0.0,0.0
397,3.979999999999959,zero,-0.1671615262228408,-0.2497030842662955,-0.11656769475543184,-0.17014641157580948,-0.2507337139020227,-0.12055418469431187,0.005085650405719781,0.00558552899812562,-1.570803106772076,-1.5707935030207638,-5.264885037714606e-06,-0.07444048449077911,0.0004895211890619068,0,0,0,0,0.08380911482849353,-7.417362851021621,-1.430044827365963,0.1792946858345133,0.0,0.0,0.0,0.0,0.0
398,3.989999999999959,zero,-0.1689063105904569,-0.24865621364572585,-0.11621873788190862,-0.1720627599778405,-0.24967673839981167,-0.12010433325149966,0.005109060078429652,0.005535759537161945,-1.570803106772076,-1.5707934608087915,-5.264885037714606e-06,-0.0724781902577516,0.00038579904837322555,0,0,0,0,0.06553646735291158,-7.40370642496103,-1.4419138693235671,0.18701836927862434,0.0,0.0,0.0,0.0,0.0
399,3.9999999999999587,zero,-0.17063999999999283,-0.2476160000000043,-0.11587200000000145,-0.17404449312954703,-0.24873442636528373,-0.11965554353739652,0.0052112045347595,0.005461414644683125,-1.570803106772076,-1.5707934179473213,-5.264885037714606e-06,-0.06993022736119503,0.000350337735796245,0,0,0,0,0.07081822899549568,-7.363451122915104,-1.4084721345271254,0.17048076307596333,0.0,0.0,0.0,0.0,0.0
400,4.009999999999959,zero,-0.17236216979352895,-0.24658269812388262,-0.11552756604129422,-0.17608441122516594,-0.24789777298292198,-0.11920189401035886,0.005393068624125145,0.005614894200913655,-1.570803106772076,-1.570793374186763,-5.264885037714606e-06,-0.06691345874438048,0.00043393558330657924,0,0,0,0,0.0692382008996531,-7.34184721127269,-1.3881736806273777,0.15750152397983092,0.0,0.0,0.0,0.0,0.0
401,4.019999999999959,zero,-0.17407239992114493,-0.24555656004731305,-0.11518552001577101,-0.17818194982972768,-0.24715898997696684,-0.11873970115744636,0.005664661130060959,0.005015690346681543,-1.570803106772076,-1.5707933296346215,-5.264885037714606e-06,-0.06343540648160606,0.0005959804419018403,0,0,0,0,0.08709460384420548,-7.280133912185664,-1.3289123058473469,0.1263397371885788,0.0,0.0,0.0,0.0,0.0
402,4.0299999999999585,zero,-0.17577027512524115,-0.2445378349248553,-0.11484594497495176,-0.18031371003511484,-0.24647492557997935,-0.11826012336292974,0.006004309706482811,0.004814160642638533,-1.570803106772076,-1.5707932842990755,-5.264885037714606e-06,-0.05973411952411989,0.0007658359260129332,0,0,0,0,0.07736921531583757,-7.169668149060539,-1.2566058144585739,0.09588488547565271,0.0,0.0,0.0,0.0,0.0
403,4.039999999999958,zero,-0.17745538512485687,-0.2435267689250859,-0.11450892297502863,-0.18245722148838275,-0.2458200992407747,-0.11776036034118245,0.006391367294278152,0.005278778201965291,-1.570803106772076,-1.57079323846014,-5.264885037714606e-06,-0.055953850849961295,0.000908807052951757,0,0,0,0,0.04754755281341155,-7.122210190122768,-1.2112132724911961,0.0681409433733636,0.0,0.0,0.0,0.0,0.0
404,4.049999999999958,zero,-0.1791273247999929,-0.24252360512000426,-0.11417453504000141,-0.184597561411054,-0.24518233686162955,-0.1172418425815265,0.006811807293898995,0.005403367029875472,-1.570803106772076,-1.5707931922698088,-5.264885037714606e-06,-0.05218936257330409,0.0010179662717149827,0,0,0,0,0.03692008788976238,-7.1079403344547005,-1.1746929850832633,0.03948763844010911,0.0,0.0,0.0,0.0,0.0
405,4.059999999999958,zero,-0.18078569437592906,-0.24152858337444255,-0.11384286112481419,-0.18671519648963847,-0.24454298196431498,-0.11670900263426962,0.007242952528308647,0.006327465403682573,-1.570803106772076,-1.570793145765742,-5.264885037714606e-06,-0.048601915094681925,0.0010861149079510247,0,0,0,0,0.014121083558112275,-7.06717234784727,-1.1355695607467624,0.014181931179726104,0.0,0.0,0.0,0.0,0.0
406,4.069999999999958,zero,-0.18243009960754505,-0.24054194023547298,-0.11351398007849099,-0.18879758779808242,-0.2438873403556064,-0.1161664295713909,0.007666296115648453,0.006743139722954309,-1.570803106772076,-1.5707930992022057,-5.264885037714606e-06,-0.045258640402275674,0.0011143214784435343,0,0,0,0,0.012013042986942123,-6.996761802164084,-1.0542301134864085,-0.030443047317131544,0.0,0.0,0.0,0.0,0.0
407,4.079999999999957,zero,-0.18406015196364114,-0.23956390882181533,-0.11318796960727177,-0.19082965203621524,-0.24318487177006368,-0.1156203580452084,0.008053199203929818,0.006776886431323241,-1.570803106772076,-1.5707930527936946,-5.264885037714606e-06,-0.042283984138648645,0.0010962643694926797,0,0,0,0,0.00499927923536567,-6.904939548505067,-0.986998937023453,-0.062096317784177874,0.0,0.0,0.0,0.0,0.0
408,4.089999999999957,zero,-0.1856754688112572,-0.23859471871324567,-0.11286490623774856,-0.192793361005403,-0.24240982949103188,-0.11507328543926329,0.008372359179582838,0.007492511356331947,-1.570803106772076,-1.5707930068440825,-5.264885037714606e-06,-0.039785479623186015,0.0010303287866206545,0,0,0,0,0.018531413575845385,-6.905917297236434,-0.9919789568096813,-0.06545489702671964,0.0,0.0,0.0,0.0,0.0
409,4.099999999999957,zero,-0.1872756735999932,-0.23763459584000407,-0.11254486528000136,-0.19467740829914681,-0.24155952715394985,-0.11452850335342812,0.008609621500518768,0.00796434802382581,-1.570803106772076,-1.570792962091194,-5.264885037714606e-06,-0.03769722829727251,0.0009291642500182105,0,0,0,0,-0.014389288097679354,-6.860456849929858,-0.9447067941661033,-0.09235965840028434,0.0,0.0,0.0,0.0,0.0
410,4.109999999999957,zero,-0.18886039604632915,-0.2366837623722025,-0.11222792079073418,-0.19645400276583266,-0.2406081676317244,-0.11398956135499244,0.008727382031806114,0.007344650467619598,-1.570803106772076,-1.5707929187722127,-5.264885037714606e-06,-0.03619680503667322,0.0007898264350607807,0,0,0,0,0.008948321324390239,-6.815531379600737,-0.917196602286283,-0.10582979729816623,0.0,0.0,0.0,0.0,0.0
411,4.119999999999957,zero,-0.19042927231794532,-0.23574243660923283,-0.11191414553641094,-0.19810787364400992,-0.23954232407424927,-0.11345849015462647,0.008705461697764308,0.007908345182652802,-1.570803106772076,-1.5707928768608217,-5.264885037714606e-06,-0.03540502584391225,0.0006353069006291485,0,0,0,0,-0.022424564958618096,-6.809966086958922,-0.9537359681442831,-0.08431950778927533,0.0,0.0,0.0,0.0,0.0
412,4.129999999999956,zero,-0.19198194521804132,-0.2348108328691752,-0.11160361095639174,-0.1996658079099267,-0.23839843167793456,-0.11294491549032068,0.008585552337100845,0.007484986603800876,-1.570803106772076,-1.5707928368509856,-5.264885037714606e-06,-0.034994269389975186,0.0005258316577018029,0,0,0,0,-0.018070315111011072,-6.779497217006281,-0.9365581755266725,-0.0941828640919587,0.0,0.0,0.0,0.0,0.0
413,4.139999999999956,zero,-0.19351806436965735,-0.2338891613782056,-0.11129638712606854,-0.20113510554367853,-0.23718135732370665,-0.11245395214727849,0.008378414358853134,0.0068625323245193265,-1.570803106772076,-1.5707927987398937,-5.264885037714606e-06,-0.03491145881911084,0.0004969459778542929,0,0,0,0,-0.03783704322015791,-6.7843580169934,-0.9738558601282243,-0.07310103580574497,0.0,0.0,0.0,0.0,0.0
414,4.149999999999956,zero,-0.1950372863999933,-0.23297762816000403,-0.11099254272000134,-0.2025276519087363,-0.2359139159687588,-0.11199002495204438,0.008106931130437122,0.0071673622380898205,-1.570803106772076,-1.5707927627556564,-5.264885037714606e-06,-0.03499644959571113,0.0005476576392854939,0,0,0,0,-0.05597497147515551,-6.799905938115468,-1.0257225181052527,-0.044406724916749074,0.0,0.0,0.0,0.0,0.0
415,4.159999999999956,zero,-0.1965392751247294,-0.23207643492516236,-0.11069214497505411,-0.20385855524259247,-0.23462630351133723,-0.11156202023929615,0.007799382938787345,0.00657873131793336,-1.570803106772076,-1.5707927291869306,-5.264885037714606e-06,-0.03505280095337304,0.0006282656891125754,0,0,0,0,-0.05700565057272995,-6.7977341704465415,-1.0307991152499354,-0.04165362950277461,0.0,0.0,0.0,0.0,0.0
416,4.1699999999999555,zero,-0.1980237017323453,-0.23118577896059284,-0.11039525965353095,-0.2051213507962512,-0.233316639527723,-0.11117177111932733,0.007451185076712837,0.006931795259356797,-1.570803106772076,-1.5707926978095992,-5.264885037714606e-06,-0.035168766395900164,0.0007206222142348373,0,0,0,0,-0.08271451079603262,-6.846442944626824,-1.0920484064161837,-0.01213079152233787,0.0,0.0,0.0,0.0,0.0
417,4.179999999999955,zero,-0.19949024496844148,-0.23030585301893514,-0.1101019510063117,-0.20630880189254272,-0.23197572114017173,-0.11080952398666155,0.007055624535932478,0.006572683329210829,-1.570803106772076,-1.5707926682933036,-5.264885037714606e-06,-0.035454396201039406,0.0008287121936065711,0,0,0,0,-0.10067018680371861,-6.847146631084535,-1.090212888588835,-0.01510065527501847,0.0,0.0,0.0,0.0,0.0
418,4.189999999999955,zero,-0.20093859132005754,-0.22943684520796548,-0.1098122817359885,-0.20742130397390698,-0.2305980971041191,-0.11046918831137681,0.006618579573253504,0.005666639179164267,-1.570803106772076,-1.5707926405011539,-5.264885037714606e-06,-0.035932859556612406,0.0009507834895419475,0,0,0,0,-0.1173391384353411,-6.880880167839862,-1.1298564704482865,0.0029009167137887815,0.0,0.0,0.0,0.0,0.0
419,4.199999999999955,zero,-0.2023684351999936,-0.22857893888000386,-0.10952631296000129,-0.20845754787344326,-0.22917917159107237,-0.11015141755507574,0.006150473820136558,0.005023072399028081,-1.570803106772076,-1.5707926143438977,-5.264885037714606e-06,-0.03663630392488737,0.0010843061397286323,0,0,0,0,-0.11394156098700374,-6.902859649262863,-1.1837090038502134,0.03237249427300386,0.0,0.0,0.0,0.0,0.0
420,4.209999999999955,zero,-0.20377947913112968,-0.2277323125213222,-0.10924410417377406,-0.20943124846185224,-0.2277360996339263,-0.10986262444437167,0.005685514773092949,0.005229754419944062,-1.570803106772076,-1.5707925899227728,-5.264885037714606e-06,-0.037437611420132466,0.0012102789061139512,0,0,0,0,-0.09942923309450596,-6.918504697741307,-1.2217988925329273,0.05380972316605294,0.0,0.0,0.0,0.0,0.0
421,4.2199999999999545,zero,-0.20517143393074566,-0.22689713964155261,-0.10896571321385087,-0.2103470249685418,-0.2262806112608695,-0.10959962981148128,0.005250590451316375,0.004176311607159231,-1.570803106772076,-1.5707925669540488,-5.264885037714606e-06,-0.03833685050524327,0.0013233372214416217,0,0,0,0,-0.10003277975899719,-6.998396716356049,-1.2592579550056526,0.0633479522530791,0.0,0.0,0.0,0.0,0.0
422,4.229999999999954,zero,-0.2065440188948416,-0.22607358866309504,-0.10869119622103168,-0.21122239982871763,-0.22483036090043235,-0.10935459395241368,0.004885996314193521,0.003172690031043082,-1.570803106772076,-1.5707925450438227,-5.264885037714606e-06,-0.03925979763612175,0.0014117016719796508,0,0,0,0,-0.0789043715362424,-7.027989144927442,-1.3178695409052108,0.09685128930800213,0.0,0.0,0.0,0.0,0.0
423,4.239999999999954,zero,-0.207896961982458,-0.2252618228105252,-0.10842060760350841,-0.21207665063318373,-0.22341106438256772,-0.10911250940851674,0.004623184193111386,0.0031153051643340087,-1.570803106772076,-1.5707925240186034,-5.264885037714606e-06,-0.04005657692215103,0.0014619658092012587,0,0,0,0,-0.08759153295513497,-7.067199413881777,-1.3851341519122793,0.13418812657916268,0.0,0.0,0.0,0.0,0.0
424,4.249999999999954,zero,-0.2092299999999938,-0.22446200000000371,-0.10815400000000125,-0.21293062898856135,-0.22204191355607428,-0.10887319883674687,0.004479812526645924,0.002248202789676335,-1.570803106772076,-1.570792503737518,-5.264885037714606e-06,-0.04059662855273172,0.0014678815825015115,0,0,0,0,-0.08388279534320195,-7.11946227624191,-1.4148354630525621,0.14409345101260138,0.0,0.0,0.0,0.0,0.0
425,4.259999999999954,zero,-0.2105428787855298,-0.22367427272868212,-0.10789142424289405,-0.21379651762068558,-0.22073022192524533,-0.10864598414597276,0.00445229844576763,0.0023931085327554493,-1.570803106772076,-1.570792484137216,-5.264885037714606e-06,-0.040823449284546065,0.0014353693026697026,0,0,0,0,-0.0947536302046504,-7.184136570552775,-1.4933765420636702,0.18228641363821413,0.0,0.0,0.0,0.0,0.0
426,4.269999999999953,zero,-0.21183535339314613,-0.22289878796411233,-0.10763292932137078,-0.21468844724540692,-0.21949789303229272,-0.10843310938927686,0.004510711585565941,0.0018949642708270095,-1.570803106772076,-1.5707924652727085,-5.264885037714606e-06,-0.04061242530366593,0.001360140175455167,0,0,0,0,-0.11130952437190336,-7.188210388921218,-1.5051487595333208,0.19114992256308852,0.0,0.0,0.0,0.0,0.0
427,4.279999999999953,zero,-0.21310718827724212,-0.22213568703365474,-0.10737856234455158,-0.21562530921494502,-0.21836161705918655,-0.10823312770764529,0.004616797503560185,0.002267389915996603,-1.570803106772076,-1.570792446790398,-5.264885037714606e-06,-0.03989215455539208,0.001240096577617267,0,0,0,0,-0.09164622996524892,-7.239763869807953,-1.56980849555649,0.2206282914973372,0.0,0.0,0.0,0.0,0.0
428,4.289999999999953,zero,-0.21435815747685794,-0.22138510551388524,-0.10712836850462842,-0.21663024256601512,-0.21733443484484716,-0.10803905241527409,0.00473282671418305,0.002606648440589693,-1.570803106772076,-1.5707924280932768,-5.264885037714606e-06,-0.03860981897079596,0.001073591450915831,0,0,0,0,-0.08423849395208381,-7.277737114680029,-1.585430950048997,0.22062574089962111,0.0,0.0,0.0,0.0,0.0
429,4.299999999999953,zero,-0.21558804479999422,-0.22064717312000348,-0.10688239104000116,-0.2176948984927194,-0.21641057276976064,-0.10783536306312219,0.004826569246066906,0.0027596640047960956,-1.570803106772076,-1.5707924084841336,-5.264885037714606e-06,-0.03694216900468361,0.0008818227918436208,0,0,0,0,-0.09322017721736173,-7.275923981227913,-1.5850740413206688,0.2191708699668794,0.0,0.0,0.0,0.0,0.0
430,4.3099999999999525,zero,-0.21679664400793036,-0.2199220135952418,-0.10664067119841393,-0.21882537323774176,-0.21559446964098683,-0.10761506958744921,0.0048777895797640185,0.0033288168539909032,-1.570803106772076,-1.5707923877758305,-5.264885037714606e-06,-0.03487559885040925,0.0006676679442544964,0,0,0,0,-0.08766173232245808,-7.2681066742575995,-1.5785251066186825,0.21425226652379506,0.0,0.0,0.0,0.0,0.0
431,4.319999999999952,zero,-0.21798375899954642,-0.21920974460027215,-0.10640324820009073,-0.22004041267452984,-0.21489224243591948,-0.10738156054287956,0.0048813670542242355,0.003440473782456889,-1.570803106772076,-1.5707923660680754,-5.264885037714606e-06,-0.032276722056440166,0.00042763869593284427,0,0,0,0,-0.08103993791029332,-7.290927911715813,-1.5993034234159496,0.21916202418694986,0.0,0.0,0.0,0.0,0.0
432,4.329999999999952,zero,-0.21914920399564236,-0.21851047760261458,-0.10617015920087153,-0.22135098620907961,-0.21430922569498664,-0.10714074989294747,0.004841529592835354,0.003388112725950328,-1.570803106772076,-1.570792343663082,-5.264885037714606e-06,-0.029025785154030537,0.00016591648435662997,0,0,0,0,-0.07572557143267891,-7.259838026124245,-1.5723648625785231,0.20325637997378948,0.0,0.0,0.0,0.0,0.0
433,4.339999999999952,zero,-0.2202928037232587,-0.21782431776604477,-0.10594143925534827,-0.22275204054994646,-0.21385079940222104,-0.10689076682669904,0.004768429174802579,0.003154889415421536,-1.570803106772076,-1.5707923207604397,-5.264885037714606e-06,-0.02510838817339489,0.00012975685873029276,0,0,0,0,-0.10845294383699605,-7.168313529933659,-1.5026544881776647,0.17041270907155204,0.0,0.0,0.0,0.0,0.0
434,4.349999999999952,zero,-0.2214143935999947,-0.2171513638400032,-0.10571712128000106,-0.22419940166238225,-0.21347744059060164,-0.1066227155986601,0.004698306399123455,0.003216616092794873,-1.570803106772076,-1.5707922968401768,-5.264885037714606e-06,-0.020945822097773403,0.0003790966714258614,0,0,0,0,-0.11004850902108884,-7.11332785479552,-1.4404959336854137,0.1351917485546153,0.0,0.0,0.0,0.0,0.0
435,4.3599999999999515,zero,-0.22251381991833058,-0.21649170804900167,-0.10549723601633389,-0.22567668076940434,-0.21316172812770684,-0.1063408928667548,0.004669498037342328,0.0026311302872509025,-1.570803106772076,-1.5707922716452658,-5.264885037714606e-06,-0.01673927153875332,0.0005943654396554894,0,0,0,0,-0.10842792969911984,-7.0535273466062725,-1.4046630700557607,0.11565668971301384,0.0,0.0,0.0,0.0,0.0
436,4.369999999999951,zero,-0.22359094002994684,-0.2158454359820319,-0.10528181199401063,-0.2271737328694946,-0.21289579940505413,-0.1060505529155201,0.004704011380913438,0.0027375538024600175,-1.570803106772076,-1.570792245657302,-5.264885037714606e-06,-0.012479857576470188,0.0007757210663323976,0,0,0,0,-0.09216618078773563,-6.992280428960639,-1.3400953337792911,0.07892968608788947,0.0,0.0,0.0,0.0,0.0
437,4.379999999999951,zero,-0.2246456225300429,-0.21521262648197428,-0.10507087549399143,-0.2286513121281747,-0.21265718424086283,-0.10575187700952382,0.0047999580486078695,0.003038402390288556,-1.570803106772076,-1.5707922193814274,-5.264885037714606e-06,-0.008346386197471078,0.0009051616569502617,0,0,0,0,-0.11243781610180296,-6.933802185290521,-1.2675000611738785,0.03559312305486434,0.0,0.0,0.0,0.0,0.0
438,4.389999999999951,zero,-0.22567774744165914,-0.21459335153500453,-0.10486445051166818,-0.23007291787155976,-0.21241128872417886,-0.10544896813374999,0.004941718533950045,0.0030487376588019784,-1.570803106772076,-1.5707921929695758,-5.264885037714606e-06,-0.004593129313899436,0.0009667914294031061,0,0,0,0,-0.13181137114684768,-6.879923735184132,-1.207460089542301,0.0004765125031092679,0.0,0.0,0.0,0.0,0.0
439,4.399999999999951,zero,-0.22668720639999518,-0.2139876761600029,-0.10466255872000096,-0.23141626442186497,-0.21213533524452535,-0.10514920533496916,0.005102154600678343,0.0027235423199740458,-1.570803106772076,-1.5707921666587366,-5.264885037714606e-06,-0.0013572916419732906,0.0009619240160698841,0,0,0,0,-0.12814258110759746,-6.826812997988772,-1.14936397511306,-0.03432286083753257,0.0,0.0,0.0,0.0,0.0
440,4.40999999999995,zero,-0.22767390283673106,-0.21339565829796137,-0.1044652194326538,-0.23267449918601588,-0.21182239541228837,-0.10486194659166131,0.0052572342913941895,0.0032338857449659363,-1.570803106772076,-1.5707921409045964,-5.264885037714606e-06,0.0013829913753529155,0.0009056017930228735,0,0,0,0,-0.11834401516683833,-6.787474130046412,-1.1405062535505637,-0.03971827135485305,0.0,0.0,0.0,0.0,0.0
441,4.41999999999995,zero,-0.22863775216434723,-0.21281734870139166,-0.10427244956713055,-0.2338445829286893,-0.21146667038792852,-0.10459166381226778,0.005388628420039468,0.003605105559029217,-1.570803106772076,-1.570792116046365,-5.264885037714606e-06,0.0036606723513818995,0.000810540773173253,0,0,0,0,-0.11872917865886325,-6.772612749345619,-1.0987344223076325,-0.0686693395401457,0.0,0.0,0.0,0.0,0.0
442,4.42999999999995,zero,-0.2295786819604433,-0.21225279082373405,-0.10408426360791134,-0.23491978853505782,-0.21106581505672095,-0.104335583926245,0.00547717927543679,0.00372477232402517,-1.570803106772076,-1.570792092439099,-5.264885037714606e-06,0.0055065824821989295,0.0006861384312382625,0,0,0,0,-0.13599019119752284,-6.781187320554885,-1.1076231070972566,-0.06948669562496303,0.0,0.0,0.0,0.0,0.0
443,4.43999999999995,zero,-0.2304966321520593,-0.21170202070876443,-0.10390067356958815,-0.23589113467054598,-0.2106202645163857,-0.10409465354099146,0.005505313988412886,0.004080800204253624,-1.570803106772076,-1.570792070410798,-5.264885037714606e-06,0.006930660488810414,0.0005392051892796767,0,0,0,0,-0.13055884140799012,-6.780082746321848,-1.1022431994470852,-0.07670821048343951,0.0,0.0,0.0,0.0,0.0
444,4.4499999999999496,zero,-0.23139155519999538,-0.21116506688000278,-0.10372168896000092,-0.23674604707938637,-0.2101195775460122,-0.10387471429064685,0.005457751183937523,0.004208499969775766,-1.570803106772076,-1.5707920499614025,-5.264885037714606e-06,0.00783229131440688,0.0003690889177269443,0,0,0,0,-0.13784549317502612,-6.762522106073396,-1.0908302145372526,-0.08393209166112911,0.0,0.0,0.0,0.0,0.0
445,4.459999999999949,zero,-0.23226341628313163,-0.21064195023012103,-0.10354731674337367,-0.23749695824120048,-0.20957273809934743,-0.10368050939337423,0.005343305745460836,0.00414858485823522,-1.570803106772076,-1.5707920313211114,-5.264885037714606e-06,0.008341167052337894,0.00020417796096974778,0,0,0,0,-0.1315685999165129,-6.730645462725985,-1.081945827441936,-0.08665230275671204,0.0,0.0,0.0,0.0,0.0
446,4.469999999999949,zero,-0.2331121934827477,-0.2101326839103514,-0.10337756130345047,-0.23814346312715204,-0.2089683163443469,-0.10351647610306622,0.005166112986087324,0.0035941215112840616,-1.570803106772076,-1.5707920143734746,-5.264885037714606e-06,0.008410307998380162,0.00012573256941010068,0,0,0,0,-0.13698251926332208,-6.8271871412600555,-1.151302928049058,-0.06305133547389401,0.0,0.0,0.0,0.0,0.0
447,4.479999999999949,zero,-0.2339378779668438,-0.20963727321989373,-0.10321242440663125,-0.2387143327780279,-0.20832264076309032,-0.103383863242067,0.004957032412044562,0.0035930979513961393,-1.570803106772076,-1.5707919989951307,-5.264885037714606e-06,0.008216469404170423,0.0002446589899390419,0,0,0,0,-0.11597913385209577,-6.809351775856616,-1.1739774628929562,-0.04601198517240515,0.0,0.0,0.0,0.0,0.0
448,4.489999999999949,zero,-0.23474047417445987,-0.20915571549532408,-0.10305190516510804,-0.23921539891727017,-0.2076416799902855,-0.10327315650983532,0.004729292454678286,0.0034076305247950534,-1.570803106772076,-1.5707919850915688,-5.264885037714606e-06,0.007802904308266356,0.00039884348380684074,0,0,0,0,-0.10701862289422603,-6.839358281639499,-1.1923471753725265,-0.03973103398343665,0.0,0.0,0.0,0.0,0.0
449,4.4999999999999485,zero,-0.23551999999999618,-0.20868800000000232,-0.10289600000000076,-0.23964663680873907,-0.20693383076625263,-0.10317481459501121,0.004492658303309583,0.003223144685435855,-1.570803106772076,-1.5707919726147872,-5.264885037714606e-06,0.007188972679353478,0.0005476730619566184,0,0,0,0,-0.12332405637613851,-6.8619387898835145,-1.2327529408838556,-0.01882497404437164,0.0,0.0,0.0,0.0,0.0
450,4.509999999999948,zero,-0.236276486977532,-0.2082341078134808,-0.1027447026044936,-0.24001834057604818,-0.20622074630582268,-0.10309256062422645,0.004263343537077476,0.0028013848130048397,-1.570803106772076,-1.5707919616635384,-5.264885037714606e-06,0.006482365275803925,0.0006761014959445158,0,0,0,0,-0.1188299953884855,-6.852982943543822,-1.2463971699251934,-0.007627471632078539,0.0,0.0,0.0,0.0,0.0
451,4.519999999999948,zero,-0.2370099804651482,-0.20779401172091108,-0.10259800390697037,-0.24034617813929357,-0.20551233051183473,-0.10303507923765817,0.0040653805363730575,0.002588351384333059,-1.570803106772076,-1.570791952068543,-5.264885037714606e-06,0.0057454813364063995,0.0007786010359352103,0,0,0,0,-0.10788460562480089,-6.875150484605497,-1.2847388418939512,0.013046521302664305,0.0,0.0,0.0,0.0,0.0
452,4.529999999999948,zero,-0.23772053982924435,-0.2073676761024534,-0.10245589203415113,-0.24064151791759247,-0.204813150180356,-0.10300133238396955,0.003918573829148493,0.0023705829518812028,-1.570803106772076,-1.5707919434257611,-5.264885037714606e-06,0.004976154136403954,0.0008560716233696279,0,0,0,0,-0.10748860156427027,-6.919698204216452,-1.3221206252913082,0.028915322168687474,0.0,0.0,0.0,0.0,0.0
453,4.539999999999948,zero,-0.2384082386288605,-0.2069550568226837,-0.1023183522742279,-0.2409135884636343,-0.2041252959089357,-0.10298246384184859,0.003837364824697366,0.002219945924575426,-1.570803106772076,-1.5707919354052697,-5.264885037714606e-06,0.004183361683069986,0.000910321256494095,0,0,0,0,-0.10153853938630561,-6.960415451145159,-1.3542513241194456,0.043003109319984814,0.0,0.0,0.0,0.0,0.0
454,4.549999999999947,zero,-0.2390731647999964,-0.20655610112000217,-0.10218536704000072,-0.24116621098856195,-0.20345292916830915,-0.1029711554689543,0.003824654489535011,0.002569116424261043,-1.570803106772076,-1.5707919278183036,-5.264885037714606e-06,0.0033707532459761325,0.0009446227683459909,0,0,0,0,-0.10422089518395036,-7.011073947977121,-1.412453120608994,0.06972698015248985,0.0,0.0,0.0,0.0,0.0
455,4.559999999999947,zero,-0.23971542083993258,-0.20617074749604047,-0.10205691583201348,-0.2413980308056824,-0.202802622982118,-0.10296155149983696,0.0038721834576404606,0.001970217752920854,-1.570803106772076,-1.5707919206552363,-5.264885037714606e-06,0.0025460962786800767,0.0009631436768253957,0,0,0,0,-0.11527168551726079,-7.055293380870277,-1.441620930109623,0.08161738753559653,0.0,0.0,0.0,0.0,0.0
456,4.569999999999947,zero,-0.24033512399154888,-0.20579892560507068,-0.10193297520169023,-0.24162982479288314,-0.20217742959200033,-0.10295180082092656,0.0039786290578630625,0.0024258249887906,-1.570803106772076,-1.5707919136661153,-5.264885037714606e-06,0.0017945367211102958,0.000958481939275388,0,0,0,0,-0.08888733333775158,-7.036179745090551,-1.450635966222831,0.09248136551035868,0.0,0.0,0.0,0.0,0.0
457,4.579999999999947,zero,-0.24093240642764502,-0.205440556143413,-0.101813518714471,-0.24189355474712831,-0.20160140047145267,-0.10294513493122767,0.0041162455742602905,0.0028462549230434983,-1.570803106772076,-1.5707919069296605,-5.264885037714606e-06,0.0013534239287138483,0.0009131174623793624,0,0,0,0,-0.10197794133138541,-7.046411208371078,-1.4762324621927319,0.1079858933546962,0.0,0.0,0.0,0.0,0.0
458,4.589999999999947,zero,-0.24150741543526077,-0.20509555073884356,-0.10169851691294785,-0.242179438483712,-0.20107384267492365,-0.10293692740425192,0.00426138607427444,0.0030960401600619923,-1.570803106772076,-1.5707919003227617,-5.264885037714606e-06,0.0011435373400943138,0.000845734296399059,0,0,0,0,-0.12288042195571508,-7.102799177116213,-1.4869329429794764,0.10542091836725208,0.0,0.0,0.0,0.0,0.0
459,4.599999999999946,zero,-0.24206031359999702,-0.2047638118400018,-0.1015879372800006,-0.24246291818028645,-0.20057762555730446,-0.1029241033884272,0.004412661998252454,0.003720515326118637,-1.570803106772076,-1.570791893576373,-5.264885037714606e-06,0.0009425162357961092,0.0007825544827629698,0,0,0,0,-0.12056097278028549,-7.13682289700982,-1.5106357772263164,0.11393355457371158,0.0,0.0,0.0,0.0,0.0
460,4.609999999999946,zero,-0.24259127899033306,-0.20444523260580016,-0.1014817442019334,-0.24275458134781894,-0.20011830997839233,-0.10290322186739329,0.004557359524651926,0.0038051482802761278,-1.570803106772076,-1.5707918866099562,-5.264885037714606e-06,0.0008118477216976228,0.0007139273707962501,0,0,0,0,-0.11290976215001779,-7.213578528195121,-1.5471064927362048,0.12170494307052482,0.0,0.0,0.0,0.0,0.0
461,4.619999999999946,zero,-0.24310050534194938,-0.20413969679483038,-0.10137989893161013,-0.24306963690300035,-0.19971531459646427,-0.10287183471945818,0.0046692593730487736,0.0040013557705876075,-1.570803106772076,-1.570791879478632,-5.264885037714606e-06,0.0008839678533125728,0.0006265869213533682,0,0,0,0,-0.11297439342453303,-7.216993874400045,-1.5547245417642785,0.12619629891040085,0.0,0.0,0.0,0.0,0.0
462,4.629999999999946,zero,-0.24358820224204525,-0.20384707865477286,-0.10128235955159096,-0.24341144097093204,-0.19937046128565344,-0.10282461997428399,0.004738134108261661,0.004206429612889858,-1.570803106772076,-1.570791871749276,-5.264885037714606e-06,0.001104097828483308,0.0005239470084433593,0,0,0,0,-0.12171233725954225,-7.194890092952277,-1.5639002039566978,0.1355420112473349,0.0,0.0,0.0,0.0,0.0
463,4.6399999999999455,zero,-0.2440545953136617,-0.203567242811803,-0.10118908093726767,-0.24378281986450398,-0.19907959920989388,-0.10275765775652879,0.0047616425979323624,0.004108739356433631,-1.570803106772076,-1.5707918629708433,-5.264885037714606e-06,0.0014008271789660576,0.00041100178231914624,0,0,0,0,-0.11400631450289082,-7.2163074353278125,-1.5715298248095537,0.13548604292152439,0.0,0.0,0.0,0.0,0.0
464,4.649999999999945,zero,-0.2444999263999975,-0.2033000441600015,-0.1011000147200005,-0.24419657379537735,-0.19885738386982876,-0.10267113566082589,0.0047220413241846546,0.004145562735681018,-1.570803106772076,-1.5707918533056309,-5.264885037714606e-06,0.0019021563734973324,0.0002824442908603821,0,0,0,0,-0.1046369716599174,-7.191242693110674,-1.5575634225411814,0.13047205891729577,0.0,0.0,0.0,0.0,0.0
465,4.659999999999945,zero,-0.24492445374873395,-0.20304532775075965,-0.10101510925025321,-0.2446550373547456,-0.19869998830725247,-0.10256088008751085,0.00461995319824402,0.004272090822957382,-1.570803106772076,-1.5707918427401766,-5.264885037714606e-06,0.0026211492527601354,0.00015423856159214676,0,0,0,0,-0.09105402830031151,-7.1963111774815385,-1.557115929999796,0.1278616875901222,0.0,0.0,0.0,0.0,0.0
466,4.669999999999945,zero,-0.24532845219634947,-0.20280292868219033,-0.10093430956073011,-0.24516043905806903,-0.1986059428175277,-0.10243117403177787,0.0044590943034990725,0.004385528610896257,-1.570803106772076,-1.5707918313971339,-5.264885037714606e-06,0.0035860188582146346,0.00011110021607608499,0,0,0,0,-0.10615870137689781,-7.1678660637676,-1.5401410659230543,0.12060723088811591,0.0,0.0,0.0,0.0,0.0
467,4.679999999999945,zero,-0.24571221335244586,-0.2025726719885325,-0.10085755732951084,-0.24569878144843948,-0.19857362790148708,-0.10228759358707543,0.004247062246321261,0.00461432465048655,-1.570803106772076,-1.5707918194359152,-5.264885037714606e-06,0.00473022354213648,0.00022380566239615026,0,0,0,0,-0.1236796126943312,-7.152658798917111,-1.5112646096590046,0.10293945103713659,0.0,0.0,0.0,0.0,0.0
468,4.689999999999944,zero,-0.24607604578406195,-0.20235437252956284,-0.10078479084318762,-0.2462643712463328,-0.19859552689346996,-0.102135022645259,0.003998438809715486,0.0041677286436906215,-1.570803106772076,-1.5707918069012647,-5.264885037714606e-06,0.006009580529463099,0.0003601979620869185,0,0,0,0,-0.12793331382930573,-7.1726418381679045,-1.4968882724729895,0.08667822051713833,0.0,0.0,0.0,0.0,0.0
469,4.699999999999944,zero,-0.2464202751999982,-0.2021478348800011,-0.10071594496000036,-0.24684726093597195,-0.1986567217179342,-0.1019745892284456,0.0037355552898560994,0.0032190360847427464,-1.570803106772076,-1.5707917936907432,-5.264885037714606e-06,0.0073216789080712275,0.00048461484720901867,0,0,0,0,-0.11881646667388594,-7.095531956441986,-1.4612738036452413,0.07531472922930132,0.0,0.0,0.0,0.0,0.0
470,4.709999999999944,zero,-0.2467452446351347,-0.2019528532189192,-0.10065095107297306,-0.24744197182982564,-0.1987558039546937,-0.10181565100317444,0.003473194309150854,0.00371206022227685,-1.570803106772076,-1.5707917800735938,-5.264885037714606e-06,0.008668355004399553,0.0005947090297262971,0,0,0,0,-0.1002511141299704,-7.008383184941227,-1.3944382628736032,0.046819642112706894,0.0,0.0,0.0,0.0,0.0
471,4.719999999999944,zero,-0.24705131463475016,-0.20176921121914992,-0.10058973707304997,-0.2480368835279073,-0.19888333779415976,-0.10165846239080106,0.0032313751365363945,0.003197217206692712,-1.570803106772076,-1.5707917662779005,-5.264885037714606e-06,0.010011127499594208,0.0006851743859708143,0,0,0,0,-0.09303592453812393,-7.068139129177661,-1.4275425160733777,0.05185039855116489,0.0,0.0,0.0,0.0,0.0
472,4.729999999999944,zero,-0.24733886343884648,-0.2015966819366921,-0.10053222731223072,-0.24862599070204508,-0.19902384805125645,-0.10149613156920168,0.0030340207992566306,0.003205892662761903,-1.570803106772076,-1.570791752311956,-5.264885037714606e-06,0.011307064064338679,0.0007533101066602323,0,0,0,0,-0.09315338337467816,-7.013821626137908,-1.3804633203030707,0.02927453591904712,0.0,0.0,0.0,0.0,0.0
473,4.739999999999943,zero,-0.24760828716646255,-0.20143502770012248,-0.1004783425667075,-0.24920230732773996,-0.1991715111815905,-0.10133025552635155,0.002896577807523134,0.0019370004303222302,-1.570803106772076,-1.570791738125786,-5.264885037714606e-06,0.012492973570250587,0.0008005066031263884,0,0,0,0,-0.09489070512784663,-7.022206762608734,-1.3675173033481218,0.015197534084293671,0.0,0.0,0.0,0.0,0.0
474,4.749999999999943,zero,-0.24785999999999908,-0.20128400000000057,-0.10042800000000018,-0.24976048919057242,-0.19932270390009438,-0.10116813937072339,0.002829549052956655,0.001925094655899043,-1.570803106772076,-1.5707917237880804,-5.264885037714606e-06,0.013532404381035201,0.0008285120156413928,0,0,0,0,-0.06740708426640586,-6.920788220571249,-1.2961652500158714,-0.013298120095885366,0.0,0.0,0.0,0.0,0.0
475,4.759999999999943,zero,-0.24809443436953482,-0.2011433393782791,-0.10038111312609305,-0.250292578278591,-0.19945991081588932,-0.10100862386979587,0.002838932564019989,0.002277378778457371,-1.570803106772076,-1.5707917095038062,-5.264885037714606e-06,0.014397278344300712,0.0008322275406203585,0,0,0,0,-0.0677244853520621,-6.894836368438953,-1.2962393556299334,-0.011471877882887498,0.0,0.0,0.0,0.0,0.0
476,4.769999999999943,zero,-0.24831204113715055,-0.20101277531770967,-0.1003375917725699,-0.25079138375454274,-0.19959085687913639,-0.10085390942825395,0.0029044062701252564,0.0024822850656658043,-1.570803106772076,-1.5707916960775161,-5.264885037714606e-06,0.015210562626267299,0.0008197029664115763,0,0,0,0,-0.10282995482262487,-6.8471638569085105,-1.2440433389761318,-0.03866534012619459,0.0,0.0,0.0,0.0,0.0
477,4.7799999999999425,zero,-0.24851328978124698,-0.20089202613125182,-0.10029734204375061,-0.25124224173963233,-0.19971728624799737,-0.10071226728029425,0.0029998925874778776,0.002990870403913671,-1.570803106772076,-1.570791684102532,-5.264885037714606e-06,0.01598937714722104,0.0007887927840912901,0,0,0,0,-0.10861783750087102,-6.87797049122691,-1.2496133598721297,-0.044150977473880804,0.0,0.0,0.0,0.0,0.0
478,4.789999999999942,zero,-0.2486986685808632,-0.2007807988514821,-0.10026026628382737,-0.25163199743530884,-0.1998335044554615,-0.10058612528503577,0.003099672390709044,0.0027794224105617132,-1.570803106772076,-1.5707916739437666,-5.264885037714606e-06,0.01671525216078895,0.0007365912856356073,0,0,0,0,-0.12928876563442487,-6.89030888895065,-1.2441630427490842,-0.05268977707989589,0.0,0.0,0.0,0.0,0.0
479,4.799999999999942,zero,-0.24886868479999913,-0.20067878912000053,-0.10022626304000018,-0.25195835255778154,-0.19993590100521644,-0.10047339228620183,0.0031873190095903256,0.002813765181630901,-1.570803106772076,-1.5707916655955563,-5.264885037714606e-06,0.017372604961735316,0.0006683225916941408,0,0,0,0,-0.12249137912771482,-6.873531816210074,-1.2364363814255395,-0.05758212494691756,0.0,0.0,0.0,0.0,0.0
480,4.809999999999942,zero,-0.2490238648719354,-0.20058568107683877,-0.10019522702561293,-0.25222575915106593,-0.20001759381280612,-0.1003748961045822,0.0032568590838755393,0.002878614775694279,-1.570803106772076,-1.5707916588942215,-5.264885037714606e-06,0.01794646676399414,0.0005885455041678857,0,0,0,0,-0.11841240216019869,-6.828303983161896,-1.2030522048802665,-0.07236298690541097,0.0,0.0,0.0,0.0,0.0
481,4.819999999999942,zero,-0.24916475458355136,-0.2005011472498692,-0.10016704908328973,-0.25243300890315307,-0.2000722515043263,-0.1002934237792465,0.0032986979888917013,0.002408137239892637,-1.570803106772076,-1.570791653804175,-5.264885037714606e-06,0.01840984157650105,0.0004976331457301226,0,0,0,0,-0.11558821643078937,-6.77790978791519,-1.1836223557219616,-0.07691499841033084,0.0,0.0,0.0,0.0,0.0
482,4.8299999999999415,zero,-0.24929191925964722,-0.20042484844421168,-0.10014161614807056,-0.25256751538312505,-0.20008435928968318,-0.10023040216808257,0.00329444165008945,0.003224381228660026,-1.570803106772076,-1.5707916502542092,-5.264885037714606e-06,0.018648943675100504,0.00038762389022494847,0,0,0,0,-0.08323991725337518,-6.783409871710233,-1.1915132968274698,-0.07438428266132893,0.0,0.0,0.0,0.0,0.0
483,4.839999999999941,zero,-0.2494059439472638,-0.20035643363164174,-0.10011881121054725,-0.25261241784502,-0.20004724234726193,-0.10018663145579693,0.0032220604732056068,0.0029848131355616836,-1.570803106772076,-1.5707916482313424,-5.264885037714606e-06,0.018547395352876084,0.0002612051186210564,0,0,0,0,-0.11209063562709162,-6.772461300080518,-1.1770197417823076,-0.08262884084392969,0.0,0.0,0.0,0.0,0.0
484,4.849999999999941,zero,-0.24950743359999938,-0.20029553984000037,-0.10009851328000013,-0.25256662232181665,-0.1999546747009743,-0.10016046569367709,0.0030787437016188274,0.003126627154036403,-1.570803106772076,-1.570791647442035,-5.264885037714606e-06,0.018034552407240723,0.00015300036056106815,0,0,0,0,-0.09349338430665323,-6.784676966312866,-1.1856348315697103,-0.07991794552520978,0.0,0.0,0.0,0.0,0.0
485,4.859999999999941,zero,-0.24959701326233574,-0.20024179204259857,-0.10008059734753286,-0.2524451136454744,-0.19981624939585388,-0.10015330638363606,0.0028806334269677676,0.0032671984811690003,-1.570803106772076,-1.5707916477581232,-5.264885037714606e-06,0.01718718122468621,0.0001753356895618087,0,0,0,0,-0.10201298295567124,-6.7872849884454745,-1.196145127755993,-0.07296863012964655,0.0,0.0,0.0,0.0,0.0
486,4.869999999999941,zero,-0.24967532825395167,-0.20019480304762902,-0.10006493434920967,-0.2522474091132484,-0.1996423257270133,-0.10016682519936446,0.0026327196740064365,0.0026705212785672412,-1.570803106772076,-1.570791649231983,-5.264885037714606e-06,0.01602342048177352,0.0003027110484631467,0,0,0,0,-0.11920768965632796,-6.84657655691768,-1.2438816160456436,-0.05156163575068687,0.0,0.0,0.0,0.0,0.0
487,4.87999999999994,zero,-0.2497430443540476,-0.20015417338757147,-0.10005139112919048,-0.25198140795328217,-0.19944407564553876,-0.10019710772169588,0.0023528161277391988,0.002594794445159848,-1.570803106772076,-1.5707916517509117,-5.264885037714606e-06,0.014590500563161468,0.0004448785324343455,0,0,0,0,-0.10401971040550477,-6.924377058822655,-1.309813718665445,-0.022717744881870006,0.0,0.0,0.0,0.0,0.0
488,4.88999999999994,zero,-0.2498008479856635,-0.20011949120860192,-0.1000398304028673,-0.25166810551625846,-0.19923193988292096,-0.10024163164144811,0.0020772871205431403,0.0025445174684266356,-1.570803106772076,-1.570791655104952,-5.264885037714606e-06,0.012993395116754902,0.0005710876803451676,0,0,0,0,-0.09902451801653404,-6.92392989888758,-1.3237576028159617,-0.010442215193665047,0.0,0.0,0.0,0.0,0.0
489,4.89999999999994,zero,-0.24984944639999984,-0.2000903321600001,-0.10003011072000004,-0.25130710857206096,-0.19899996213887103,-0.10029262235985686,0.0018391840995113215,0.002092051732757782,-1.570803106772076,-1.570791659095882,-5.264885037714606e-06,0.011196148702570907,0.0006863713507123233,0,0,0,0,-0.0941348375833322,-6.911332543395095,-1.335282490899649,0.001047394183665104,0.0,0.0,0.0,0.0,0.0
490,4.90999999999994,zero,-0.2498895678607358,-0.20006625928355853,-0.10002208642785285,-0.250908523680936,-0.19875158989835476,-0.1003468089771499,0.0016947186462460287,0.0021691167557622826,-1.570803106772076,-1.570791663711761,-5.264885037714606e-06,0.009268851110469711,0.000787007557690717,0,0,0,0,-0.06744332855401548,-6.926675239332224,-1.3458219712112767,0.009194832740025652,0.0,0.0,0.0,0.0,0.0
491,4.9199999999999395,zero,-0.2499219618283517,-0.200046822902989,-0.10001560763432966,-0.25049432053929943,-0.19850122726965103,-0.1004099892049651,0.0016946967808572882,0.0018195817345009614,-1.570803106772076,-1.5707916690424786,-5.264885037714606e-06,0.007372549955601659,0.0008613662277546572,0,0,0,0,-0.0733004902184406,-6.928760845815743,-1.3695066888269882,0.02659489052755532,0.0,0.0,0.0,0.0,0.0
492,4.929999999999939,zero,-0.24994739914444786,-0.2000315605133313,-0.10001052017111044,-0.2500792676464187,-0.1982710238701053,-0.10048698149823129,0.0018286317207669778,0.001959947982372945,-1.570803106772076,-1.5707916751101798,-5.264885037714606e-06,0.005620945977730107,0.0009037779741588351,0,0,0,0,-0.07114601530138817,-6.970404445924735,-1.4166415218499677,0.052203402607460474,0.0,0.0,0.0,0.0,0.0
493,4.939999999999939,zero,-0.24996667221606383,-0.20001999667036172,-0.10000666555678724,-0.24970099892321027,-0.19808770271236428,-0.10057809142875027,0.002032454123909751,0.0015335787267882252,-1.570803106772076,-1.5707916819292043,-5.264885037714606e-06,0.004279385156551019,0.0008957150528301405,0,0,0,0,-0.07969834362196543,-7.039303081265604,-1.4736112244807156,0.07773981200665607,0.0,0.0,0.0,0.0,0.0
494,4.949999999999939,zero,-0.2499805951999996,-0.20001164288000026,-0.10000388096000008,-0.24937553571257626,-0.19796363672127665,-0.10067777205162359,0.00223932030153356,0.001534577715565972,-1.570803106772076,-1.5707916893849012,-5.264885037714606e-06,0.0034468097268722797,0.0008421120553055764,0,0,0,0,-0.05559909680826347,-7.036398052512741,-1.4745574480478403,0.08351177454590666,0.0,0.0,0.0,0.0,0.0
495,4.959999999999939,zero,-0.2499900041871359,-0.20000599748771847,-0.10000199916257282,-0.24907452543035985,-0.19787084083406364,-0.10077413344185121,0.00244809857542368,0.0019910972563959976,-1.570803106772076,-1.5707916968669808,-5.264885037714606e-06,0.0028129249786201793,0.0007826176479095043,0,0,0,0,-0.038798608169390084,-7.069832479575195,-1.5088951288939967,0.09964400134469356,0.0,0.0,0.0,0.0,0.0
496,4.9699999999999385,zero,-0.24999575738675195,-0.20000254556794883,-0.10000084852264962,-0.24878456936891508,-0.1977975741903784,-0.10085832995996785,0.0026578467987831323,0.0020530714157501514,-1.570803106772076,-1.57079170396508,-5.264885037714606e-06,0.002214373751850518,0.0007293422841439873,0,0,0,0,-0.046276339464725,-7.106895667197838,-1.522520207178988,0.10198990566347532,0.0,0.0,0.0,0.0,0.0
497,4.979999999999938,zero,-0.2499987353108477,-0.20000075881349139,-0.10000025293783046,-0.24853007324046789,-0.1977561503723266,-0.1009311960819338,0.0028393468383896897,0.002082184142081354,-1.570803106772076,-1.570791710339674,-5.264885037714606e-06,0.0017469924686814853,0.0006634743635651079,0,0,0,0,-0.0403814496839935,-7.116351175750786,-1.5314625176172871,0.1082016481370383,0.0,0.0,0.0,0.0,0.0
498,4.989999999999938,zero,-0.24999984095846406,-0.2000000954249216,-0.10000003180830719,-0.24833611953403922,-0.19775848715498826,-0.10099081464232787,0.0029621659707237476,0.0023075279678664655,-1.570803106772076,-1.5707917157431837,-5.264885037714606e-06,0.0015333835694539832,0.0005729494217483813,0,0,0,0,-0.028970115006421396,-7.128887984973884,-1.5375650663973972,0.11190878659403052,0.0,0.0,0.0,0.0,0.0
499,4.999999999999938,zero,-0.25,-0.2,-0.1,-0.24819854038365485,-0.19780039195045082,-0.10102706221595209,0.003022976863358435,0.00289359836979503,-1.570803106772076,-1.5707917200468264,-5.264885037714606e-06,0.001534734389667003,0.0004706646358152655,0,0,0,0,-0.04040895862175589,-7.147739123526467,-1.534473551286795,0.10781247816240373,0.0,0.0,0.0,0.0,0.0
