step,time,policy,x_des,y_des,z_des,x_act,y_act,z_act,ee_err_norm_true,ee_err_norm_measured,roll_des,roll_act,pitch_des,pitch_act,ee_hf_norm,saturation_step,joint_limit_flag,actuator_limit_flag,ncon,tau_j1,tau_j2,tau_j3,tau_j4,W_Fx,W_Fy,W_Fz,W_Mroll,W_Mpitch
0,0.01,sac,0.249999840958464,-0.20000009542492161,-0.1000000318083072,0.25004044813799303,-0.2000102125163473,-0.09999515033493023,4.213226021172338e-05,0.0009405280239284359,-1.570803106772076,-1.570803106994685,-5.264885037714606e-06,1.6922268859742573e-05,1.853635209758234e-05,0,0,0,0,0.008435765236825746,-7.041981431836263,-1.4334094495239882,0.049573560825997495,0.019688622561047444,0.018736594735652843,-0.0192979084481099,-0.0007152709434698481,0.0006988472489949096
1,0.02,sac,0.249998735310848,-0.20000075881349122,-0.10000025293783041,0.25004090579799004,-0.2000065811325415,-0.09999696212112968,4.2697527556955885e-05,0.00042596335532493925,-1.570803106772076,-1.5708031073305564,-5.264885037714606e-06,6.133691084797555e-05,1.3086364745876324e-05,0,0,0,0,0.0030410107537202063,-7.024686528460198,-1.419760256275202,0.044458839361127565,0.008157483059543585,0.049930265848586244,-0.04454709963607267,-0.0022106848033228467,0.0008735982274025606
2,0.03,sac,0.249995757386752,-0.2000025455679488,-0.10000084852264961,0.25004724269841,-0.20000294194452128,-0.0999965108048563,5.1669238687660494e-05,0.00035998973196697305,-1.570803106772076,-1.5708031076378839,-5.264885037714606e-06,0.00011883905030707353,1.5395725339845692e-05,0,0,0,0,-0.01955803873625292,-6.971898700019986,-1.3798254264251455,0.029823629730988722,0.017514949205498807,0.04942727833321707,-0.042224079443863895,-0.002772601432718444,0.0002404059345692055
3,0.04,sac,0.249990004187136,-0.2000059974877184,-0.10000199916257281,0.25004510482218145,-0.19998398685804755,-0.09999352260412236,5.9936631904744835e-05,0.0003953087710161881,-1.570803106772076,-1.57080310782325,-5.264885037714606e-06,4.7336510207385274e-05,2.159331619246564e-05,0,0,0,0,-0.007904945358188935,-6.931669913431114,-1.3653015845063114,0.028068157550120272,0.00399293750271288,0.028653877720253882,-0.058080163973097926,-0.0039023139288926322,-0.0009991937822147363
4,0.05,sac,0.2499805952,-0.20001164288,-0.10000388096,0.25003582448707456,-0.1999543800428972,-0.09999400808002759,8.016720291227613e-05,0.000428615412678643,-1.570803106772076,-1.570803108105704,-5.264885037714606e-06,-8.966512150232475e-05,3.616602257513435e-05,0,0,0,0,-0.007256193695174298,-6.94453118575968,-1.3698931028711974,0.028944158785667282,-0.026105163044843407,-0.006817057901461119,-0.08276078743850221,-0.005445094765654406,-0.002760071284830843
5,0.060000000000000005,sac,0.249966672216064,-0.2000199966703616,-0.10000666555678721,0.25001793754126456,-0.1999155908973579,-0.10000122692984811,0.00011644001746566925,0.0005584354749127731,-1.570803106772076,-1.570803108603889,-5.264885037714606e-06,-0.0002694016723006065,5.4798863792606175e-05,0,0,0,0,0.017520042108900104,-6.965657984650522,-1.389127520907121,0.03727245338174334,-0.06825030796611939,-0.052261722968104427,-0.11139938149920753,-0.0074977296269523545,-0.004743407742741495
6,0.07,sac,0.249947399144448,-0.2000315605133312,-0.10001052017111041,0.2499827978198107,-0.19986175148966734,-0.10000955612766965,0.0001734620999379006,0.00013533879736083658,-1.570803106772076,-1.570803109252857,-5.264885037714606e-06,-0.0005509482297445523,8.048438850058157e-05,0,0,0,0,0.0452766926289893,-6.956183490820409,-1.3714273134986708,0.027658775823057622,-0.11856500313168203,-0.10482712278108619,-0.11946598082634657,-0.009668978828456564,-0.007178610627576193
7,0.08,sac,0.249921961828352,-0.2000468229029888,-0.10001560763432961,0.2499277279854311,-0.1998025682742449,-0.10002116599045588,0.0002443858988426216,0.0006650927494573122,-1.570803106772076,-1.5708031100040931,-5.264885037714606e-06,-0.0008992378384522492,0.00010606538091064875,0,0,0,0,0.07662516833166833,-6.9530210751333135,-1.3866164287853744,0.03919918482510942,-0.17071193205759444,-0.15956505366495968,-0.10542354103247871,-0.011442774613817541,-0.008127450153171269
8,0.09,sac,0.249889567860736,-0.20006625928355842,-0.1000220864278528,0.2498576372435946,-0.199746191679018,-0.10003727855825156,0.0003220149633376189,0.0011169201193462436,-1.570803106772076,-1.570803110861557,-5.264885037714606e-06,-0.001256522273594518,0.00012651255854755677,0,0,0,0,0.11789884357517302,-6.995214486441679,-1.4072476969775243,0.04332015755918034,-0.18013118233533476,-0.20409507884113504,-0.0759593576615587,-0.011863744722342914,-0.008824366949801108
9,0.09999999999999999,sac,0.2498494464,-0.20009033216000002,-0.10003011072000001,0.2497826946359477,-0.1997109249042129,-0.10005767469178656,0.0003862194146966854,0.0007032422781976138,-1.570803106772076,-1.5708031116629486,-5.264885037714606e-06,-0.001524188504827384,0.00013005430837785531,0,0,0,0,0.13761145797047467,-7.017961958627718,-1.4162262972837596,0.04553223513254474,-0.19065775686488748,-0.22292784277021735,-0.08754581628322754,-0.011433138979220821,-0.008740709988647337
10,0.10999999999999999,sac,0.249800847985664,-0.20011949120860162,-0.10003983040286721,0.2497091286683366,-0.19970302550282512,-0.1000810272866621,0.0004284312085893441,0.00020279605522106783,-1.570803106772076,-1.57080311231441,-5.264885037714606e-06,-0.001666846803580535,0.00011690815855625372,0,0,0,0,0.1430361182694108,-6.958036735241784,-1.3939174937869536,0.04500576639143942,-0.1981280746492085,-0.24818242312455002,-0.12608621183649393,-0.011128042522315524,-0.00767456043351452
11,0.11999999999999998,sac,0.249743044354048,-0.20015417338757122,-0.10005139112919041,0.2496233173738985,-0.19970121073147787,-0.10010289022105018,0.00047134050754549044,0.0005290639787234464,-1.570803106772076,-1.5708031127314346,-5.264885037714606e-06,-0.0018503260490700946,0.00010871444663775666,0,0,0,0,0.12032369722787942,-6.969641055873373,-1.412431101568827,0.05451191557750391,-0.18923824607137793,-0.26982554439725054,-0.12185275766131677,-0.010019894638625064,-0.006318270355227126
12,0.12999999999999998,sac,0.249675328253952,-0.20019480304762882,-0.1000649343492096,0.2495172612992585,-0.19970788800386963,-0.1001194354034303,0.0005148220924904681,0.0006346115140692677,-1.570803106772076,-1.5708031128702966,-5.264885037714606e-06,-0.0020834804832270404,0.0001050392212941691,0,0,0,0,0.13598794074423612,-6.963274212158899,-1.4166556020733103,0.05862754139192421,-0.20134253945362718,-0.2879232954786252,-0.09123588481729872,-0.00987626976349649,-0.004563828590730659
13,0.13999999999999999,sac,0.249597013262336,-0.2002417920425984,-0.1000805973475328,0.24940071286310084,-0.19973526299088132,-0.10013943273279696,0.0005464129661093965,0.0006373810663857424,-1.570803106772076,-1.5708031128252482,-5.264885037714606e-06,-0.002267338788208617,9.635686824122773e-05,0,0,0,0,0.13791857312522537,-6.993112540205474,-1.4348547839112515,0.06559938450408817,-0.22379543403263372,-0.293569560397834,-0.04144730495010811,-0.010754129763283962,-0.0030401594800357375
14,0.15,sac,0.2495074336,-0.20029553984,-0.10009851328000001,0.24928806990838784,-0.19978878639351827,-0.10016577747104774,0.0005562768700172064,0.0011012749836953532,-1.570803106772076,-1.5708031126075401,-5.264885037714606e-06,-0.0023363198474330993,7.635323331962125e-05,0,0,0,0,0.15161006325171658,-6.9637283972727,-1.4082738804330526,0.054651297505791764,-0.24816950272280933,-0.3044505935531958,-0.039431809730794486,-0.010849574406609209,-0.0010264027394126874
15,0.16,sac,0.249405943947264,-0.2003564336316416,-0.1001188112105472,0.24917855446977538,-0.19987328133737467,-0.10020033743173656,0.0005401746371955698,0.0005713249957189806,-1.570803106772076,-1.5708031122261876,-5.264885037714606e-06,-0.002265926064795032,5.077700417218258e-05,0,0,0,0,0.17393617888790794,-6.971080830265751,-1.4251357175764137,0.06505997996243727,-0.27105763004532624,-0.31758458371125775,-0.07022012579162537,-0.011469390173444215,0.001424037684336031
16,0.17,sac,0.249291919259648,-0.2004248484442112,-0.1001416161480704,0.24907928473192253,-0.19999020042997456,-0.10024416576471898,0.0004946198161574836,0.000623417744797037,-1.570803106772076,-1.5708031118077277,-5.264885037714606e-06,-0.0020060477896655105,3.9958426121834e-05,0,0,0,0,0.1412627687631883,-6.993777168031669,-1.41633656313903,0.055823827538408706,-0.2638430769638893,-0.30183854804046995,-0.09313570323060119,-0.010986520541998534,0.003589579612035592
17,0.18000000000000002,sac,0.249164754583552,-0.2005011472498688,-0.1001670490832896,0.24898786810007925,-0.20013739183326004,-0.10029165384466637,0.0004232412759943613,0.00046926903700756186,-1.570803106772076,-1.5708031113048464,-5.264885037714606e-06,-0.0015751605722671425,7.071273231592964e-05,0,0,0,0,0.13949279164742368,-6.96425495055615,-1.4128871862698473,0.05900877207113529,-0.2629206136484409,-0.3041812685351523,-0.1389272250814636,-0.010818749678247783,0.004346181768304947
18,0.19000000000000003,sac,0.249023864871936,-0.2005856810768384,-0.1001952270256128,0.24887903029701908,-0.20030398779180308,-0.10033780643452933,0.0003473572350942893,0.0011034612967763511,-1.570803106772076,-1.5708031103145632,-5.264885037714606e-06,-0.0011717657195831066,0.00010542612068283307,0,0,0,0,0.15674167157467292,-6.900804369418749,-1.3640454368299415,0.04066717864270487,-0.2762278484174235,-0.319907953507764,-0.1962250313040232,-0.010387258207186978,0.003996671523758392
19,0.20000000000000004,sac,0.2488686848,-0.20067878912,-0.10022626304,0.2487341963871881,-0.2004716993991066,-0.10037531132522748,0.0002884244736661847,0.0008425799936411408,-1.570803106772076,-1.570803108443893,-5.264885037714606e-06,-0.0010132053337332803,0.00011932689469413474,0,0,0,0,0.19802327729832214,-6.885283155105435,-1.362868655622249,0.04181185520483045,-0.2829204281740456,-0.3511136350972144,-0.2604426828920224,-0.009435767652357634,0.002921825320067126
20,0.21000000000000005,sac,0.248698668580864,-0.20078079885148162,-0.10026026628382721,0.24855827104045114,-0.20064947887167212,-0.10040618533749404,0.0002413478333736888,0.0009280564131915672,-1.570803106772076,-1.5708031055862035,-5.264885037714606e-06,-0.0010596175323429602,0.0001275647398806315,0,0,0,0,0.1938303189158584,-6.870441434478525,-1.3344304973338947,0.02481135288196693,-0.3146354630350574,-0.38116493250941985,-0.3200726400550725,-0.009499677822848954,0.0014969654584482486
21,0.22000000000000006,sac,0.248513289781248,-0.2008920261312512,-0.1002973420437504,0.24836017984058945,-0.2008472783335506,-0.10043834616934438,0.0002129018148397202,0.0009870650977187516,-1.570803106772076,-1.570803102068446,-5.264885037714606e-06,-0.0011787953887765212,0.00014158643356786832,0,0,0,0,0.21159147011019672,-6.878987211923237,-1.353330006440126,0.03548748469698003,-0.3639155211854648,-0.41146637260506796,-0.37445539734596606,-0.00996676879890148,0.0012664591810314769
22,0.23000000000000007,sac,0.248312041137152,-0.2010127753177088,-0.10033759177256961,0.24813965356458914,-0.20106270153645708,-0.1004739426790359,0.0002253922629257522,0.0008197838376290927,-1.570803106772076,-1.5708030982481223,-5.264885037714606e-06,-0.001316691813231019,0.00015762267477814414,0,0,0,0,0.2284489871968495,-6.860690709906596,-1.3353065827810915,0.029089228373287722,-0.39557448706427606,-0.4324320012691728,-0.37740741906993047,-0.01070592492445616,0.00015123627962987428
23,0.24000000000000007,sac,0.248094434369536,-0.2011433393782784,-0.10038111312609281,0.24789719090303183,-0.20129810209637589,-0.1005159497420223,0.00028467068164250687,0.0008984151898488604,-1.570803106772076,-1.5708030942390159,-5.264885037714606e-06,-0.001440009620469196,0.00017609570225871234,0,0,0,0,0.21587140911291247,-6.834256707680826,-1.3461046885942545,0.04174156494469798,-0.3883437434596903,-0.44555530481670386,-0.3618422530629238,-0.01040521939959426,-0.001192917395165739
24,0.25000000000000006,sac,0.24786,-0.20128400000000002,-0.100428,0.247624056076342,-0.20154672182191033,-0.1005654123756102,0.0003789121953564488,0.00017904272295474893,-1.570803106772076,-1.5708030900096148,-5.264885037714606e-06,-0.0016165937496777083,0.00019257674603808146,0,0,0,0,0.21848421251051658,-6.862177041626471,-1.3442194067474227,0.03544030615189467,-0.3946648840999508,-0.434045449499893,-0.37547712160214236,-0.010548589313685495,-0.0013448799355964746
25,0.26000000000000006,sac,0.247608287166464,-0.20143502770012162,-0.10047834256670721,0.24731550906574418,-0.2018069161362046,-0.10062679965851806,0.0004960438823957925,0.0006794193429518093,-1.570803106772076,-1.5708030855832527,-5.264885037714606e-06,-0.001869502638746523,0.00020856768541807635,0,0,0,0,0.17375545520827576,-6.83051455029818,-1.3273688243596267,0.03176300277938447,-0.375445425707396,-0.42611995800262326,-0.3608622641415313,-0.00970827125678723,-0.0017630107246119973
26,0.2700000000000001,sac,0.247338863438848,-0.20159668193669122,-0.10053222731223041,0.24696687783876445,-0.20206886206511263,-0.10069793883673997,0.0006235284032831685,0.0007076475958935563,-1.570803106772076,-1.570803080976326,-5.264885037714606e-06,-0.0022588960438119088,0.00022124775440940421,0,0,0,0,0.18430749275480493,-6.85131645927573,-1.328032804192789,0.02934496632890892,-0.3389426928569385,-0.42144574124407846,-0.3276768644136881,-0.008209234198197789,-0.0026600369204988488
27,0.2800000000000001,sac,0.247051314634752,-0.20176921121914881,-0.1005897370730496,0.24657847139747505,-0.2023258890167899,-0.10077779179363144,0.0007542118239315797,0.0006913210191297791,-1.570803106772076,-1.5708030764425414,-5.264885037714606e-06,-0.0027690392156363153,0.0002310418040809712,0,0,0,0,0.14332684607437834,-6.891946023674729,-1.3404189337864847,0.028818966450488214,-0.3215549433617338,-0.4175944949379349,-0.2729602547623463,-0.00783537764806824,-0.0039422455596585535
28,0.2900000000000001,sac,0.246745244635136,-0.2019528532189184,-0.10065095107297281,0.2461583311109747,-0.20257955004273917,-0.1008696516451818,0.0008860284048014549,0.0004230126569689848,-1.570803106772076,-1.5708030722699087,-5.264885037714606e-06,-0.003318100208914654,0.0002401148812355696,0,0,0,0,0.16823208962840067,-6.928777904296778,-1.3670499997905483,0.03948038224907963,-0.3041900889336099,-0.42325053779223126,-0.23416248574109524,-0.007938915036078466,-0.004052646413427548
29,0.3000000000000001,sac,0.24642027519999998,-0.20214783488000002,-0.10071594496000001,0.24570184250495092,-0.20283223692212357,-0.10096846570238313,0.0010238742197711968,0.00041916962488147377,-1.570803106772076,-1.5708030682800147,-5.264885037714606e-06,-0.003929617536124308,0.00025323153125049057,0,0,0,0,0.15966747923549734,-6.934094883587798,-1.3810294534637824,0.05019576334773587,-0.3110242766988086,-0.4290105674952299,-0.23601368552290566,-0.00824022842188226,-0.0031651264480892054
30,0.3100000000000001,sac,0.246076045784064,-0.20235437252956162,-0.1007847908431872,0.2452142222786361,-0.20308815786191542,-0.10106526888948769,0.001166125466209429,0.00046790699069668417,-1.570803106772076,-1.5708030643978579,-5.264885037714606e-06,-0.004564999363896982,0.00026780787111128814,0,0,0,0,0.1619925235096271,-6.884346148193671,-1.35044599166773,0.04216933008969587,-0.3319325737211695,-0.42441836495765467,-0.2650437754933819,-0.008802641479771129,-0.0015081541724511589
31,0.3200000000000001,sac,0.245712213352448,-0.2025726719885312,-0.1008575573295104,0.24469482753628852,-0.20335255817186795,-0.10116022177908612,0.0013171568345945062,0.0005117419607543791,-1.570803106772076,-1.5708030604658978,-5.264885037714606e-06,-0.0052256710281246566,0.00028507390322400747,0,0,0,0,0.13702341752962213,-6.874365700758548,-1.3463181339854766,0.04406491971623103,-0.3285812082097936,-0.3968897538438676,-0.29900942312909456,-0.009771280904947749,0.0006723745210597588
32,0.3300000000000001,sac,0.245328452196352,-0.20280292868218883,-0.1009343095607296,0.24415041114952676,-0.20362218819336428,-0.10125519381102902,0.0014703515078873957,0.0007248927069957496,-1.570803106772076,-1.5708030564909545,-5.264885037714606e-06,-0.0059147185056436236,0.0002989364672181001,0,0,0,0,0.11384657367960271,-6.905273408790979,-1.3653781593379157,0.05243843410743673,-0.2996389690750071,-0.35880625676272004,-0.3187414550675914,-0.010287738662173291,0.0014507738518837914
33,0.34000000000000014,sac,0.244924453748736,-0.20304532775075843,-0.10101510925025281,0.24359117565477698,-0.20389415215949716,-0.10134953307794783,0.0016155409772679473,0.000747374187999027,-1.570803106772076,-1.5708030525763717,-5.264885037714606e-06,-0.006601702506263907,0.00030326138715671357,0,0,0,0,0.10183286654912763,-6.923144607574247,-1.3897777349927831,0.06612648615232156,-0.30713917174121524,-0.3454423109193904,-0.34766115696254885,-0.011336646732656113,0.0021262262477973162
34,0.35000000000000014,sac,0.24449992639999998,-0.20330004416000003,-0.10110001472,0.24302085051194355,-0.20416609291120236,-0.1014405785020005,0.001747480933143339,0.0006975024136181918,-1.570803106772076,-1.5708030486871412,-5.264885037714606e-06,-0.007293435479831301,0.0002982172223796923,0,0,0,0,0.08773099731470126,-6.897456798086825,-1.3675400632802772,0.05914242000954664,-0.29211271831054747,-0.31005168657616095,-0.36990510679918875,-0.012372003573762249,0.0016860303456756787
35,0.36000000000000015,sac,0.244054595313664,-0.2035672428118016,-0.10118908093726721,0.24244239196875775,-0.20444048627914108,-0.10153272303380029,0.0018654339090644848,0.000959817894870693,-1.570803106772076,-1.570803044740352,-5.264885037714606e-06,-0.007991877826357019,0.0002859313570020431,0,0,0,0,0.09327341513131229,-6.885296979999298,-1.3461426859422878,0.050028292845047104,-0.2848701332866491,-0.26432903290597015,-0.35996099739170173,-0.013171573762331528,0.0003342859927790464
36,0.37000000000000016,sac,0.243588202242048,-0.20384707865477122,-0.1012823595515904,0.2418590012064127,-0.20470949659565757,-0.10163605841542106,0.0019644347310816637,0.0012545496109446568,-1.570803106772076,-1.5708030408791138,-5.264885037714606e-06,-0.008723899164939652,0.00026664519820377943,0,0,0,0,0.05477935397174184,-6.882001314906341,-1.3668856927113928,0.06486207731045635,-0.2904733747381819,-0.20302595390496553,-0.3605661631774692,-0.013945730288881346,0.0002438040530768704
37,0.38000000000000017,sac,0.243100505341952,-0.20413969679482882,-0.1013798989316096,0.2412715495700713,-0.2049706985938349,-0.10175138995705718,0.0020429509997636095,0.0009183548402205816,-1.570803106772076,-1.5708030372412072,-5.264885037714606e-06,-0.009475516243552473,0.00024370922603848602,0,0,0,0,0.04046919390537667,-6.892408870489351,-1.370312859547779,0.06745390035241416,-0.30468996323278963,-0.13133462905237708,-0.3681267548368074,-0.014709671050612522,0.001160906422134986
38,0.3900000000000002,sac,0.242591278990336,-0.20444523260579842,-0.1014817442019328,0.2406799055732635,-0.20522461133557643,-0.10187482288987296,0.0021012592412252666,0.0007043981295334104,-1.570803106772076,-1.570803033713083,-5.264885037714606e-06,-0.010260340090968434,0.00022135471319795113,0,0,0,0,0.039949202248139394,-6.848389071782529,-1.3314750063297045,0.054526498589438775,-0.3265605252905801,-0.053867631041480415,-0.38194523327403995,-0.015466355217905705,0.0028839419273980387
39,0.4000000000000002,sac,0.2420603136,-0.20476381184,-0.10158793728000001,0.24008615328319077,-0.20546697755595483,-0.10200545058827773,0.0021368360590245457,0.000870569938023754,-1.570803106772076,-1.5708030303425788,-5.264885037714606e-06,-0.01108800796790943,0.00020350992720797885,0,0,0,0,0.05446763098087069,-6.844210825883958,-1.3028403654642053,0.03994786554543107,-0.34259311196206704,-0.035185721326673136,-0.3958966379109396,-0.015836522867369585,0.0032904184212449524
40,0.4100000000000002,sac,0.241507415435264,-0.20509555073884161,-0.1016985169129472,0.23948308955170183,-0.20570262255341898,-0.10214354205458351,0.0021597404583890145,0.0011547662911976697,-1.570803106772076,-1.5708030272264843,-5.264885037714606e-06,-0.01192732555587539,0.00019847972899091315,0,0,0,0,0.05773426395955102,-6.846108285709307,-1.3175677491484272,0.051442184161519876,-0.35563729613304723,-0.05565875411894991,-0.409816223745066,-0.015279438215679467,0.004137152804758231
41,0.4200000000000002,sac,0.240932406427648,-0.20544055614341122,-0.1018135187144704,0.23886674694117782,-0.205927460689296,-0.10228480149966931,0.0021739670223975996,0.0011366426019316597,-1.570803106772076,-1.570803024430605,-5.264885037714606e-06,-0.012791196300655505,0.00020916038563766645,0,0,0,0,0.047427933148035666,-6.83097604058284,-1.3064703224452279,0.049053240632362785,-0.3653817805381592,-0.06173686556457108,-0.38665063346352135,-0.014017405662645598,0.004237003765891276
42,0.4300000000000002,sac,0.240335123991552,-0.20579892560506882,-0.1019329752016896,0.2382417786824213,-0.2061417059873732,-0.10242576705322726,0.0021777136594819117,0.0007071928617731367,-1.570803106772076,-1.5708030218843803,-5.264885037714606e-06,-0.013675984934094165,0.00023042871042245673,0,0,0,0,0.07921691643305875,-6.869852007639207,-1.3386116485086372,0.0650168137198725,-0.3800822181200149,-0.09611884558341063,-0.36007584947561727,-0.012074779618217502,0.0046767608972697865
43,0.4400000000000002,sac,0.239715420839936,-0.20617074749603842,-0.1020569158320128,0.23760706569580117,-0.20635524910642922,-0.10256491299049156,0.002176525527316197,0.0010109800785889091,-1.570803106772076,-1.5708030193205749,-5.264885037714606e-06,-0.014575782127831838,0.0002545497337718056,0,0,0,0,0.11848404953352652,-6.884780982594289,-1.338805992537766,0.06448567766772947,-0.3932930972668481,-0.12671934405866064,-0.31010240162781477,-0.009522453958111713,0.004969008230790218
44,0.45000000000000023,sac,0.2390731648,-0.20655610112000003,-0.10218536704,0.2369667046947607,-0.20657882573715508,-0.10270600393780271,0.002169966212304517,0.0011122123323041816,-1.570803106772076,-1.5708030166103848,-5.264885037714606e-06,-0.015448087103899333,0.0002734733403098066,0,0,0,0,0.14080848838470209,-6.929704222737142,-1.3688985510444365,0.07662488155639932,-0.40508238944264036,-0.15938125342416626,-0.2459343422665919,-0.006730303206560373,0.004541697497926999
45,0.46000000000000024,sac,0.23840823862886398,-0.20695505682268162,-0.10231835227422721,0.23633930712741694,-0.20682888178413517,-0.10285131171710965,0.0021401970623729227,0.0010369841421878257,-1.570803106772076,-1.570803013854474,-5.264885037714606e-06,-0.016133394498777376,0.00027814907120858964,0,0,0,0,0.14847721049611873,-6.925552784769803,-1.3787675803887096,0.08665850001155553,-0.41652562422969264,-0.19454221165042124,-0.1728394070681064,-0.003958467922334749,0.0033569772796802665
46,0.47000000000000025,sac,0.23772053982924798,-0.20736767610245121,-0.10245589203415041,0.23572134480465395,-0.2071110585335335,-0.10299252438610074,0.002085811018332796,0.0011989015089343509,-1.570803106772076,-1.5708030106762185,-5.264885037714606e-06,-0.016666487863825852,0.0002745153827289629,0,0,0,0,0.18851789929984963,-6.932826897504524,-1.3798054896200531,0.08763092390976973,-0.4302844572542621,-0.24477588646521992,-0.14296859427417638,-0.0026156496860840752,0.001924446122626179
47,0.48000000000000026,sac,0.23700998046515198,-0.20779401172090883,-0.1025980039069696,0.2351090229874274,-0.20741983027165084,-0.10311659263675921,0.0020056383920713738,0.0014358753041586918,-1.570803106772076,-1.5708030068877687,-5.264885037714606e-06,-0.017104582756884534,0.00027419218683711385,0,0,0,0,0.18641888778262578,-6.969256375245687,-1.4084846599110135,0.10049017765909958,-0.4402899314738113,-0.3086027245153893,-0.13684021910661878,-0.0008240983638648218,0.0014751890180781145
48,0.49000000000000027,sac,0.23627648697753598,-0.20823410781347843,-0.10274470260449281,0.2345092688775991,-0.2077669798291846,-0.10322115505553844,0.001888987904821605,0.0012005418620621357,-1.570803106772076,-1.5708030025307846,-5.264885037714606e-06,-0.017346612403646544,0.00027900728034759443,0,0,0,0,0.23704126962216387,-6.983882955019245,-1.422376679508487,0.10754989620112679,-0.42982800678782906,-0.35299423220208254,-0.10422025646460922,-0.00030274322363311556,0.0007053395826471781
49,0.5000000000000002,sac,0.23551999999999998,-0.208688,-0.102896,0.23391588836563176,-0.208159033076493,-0.10330658842097784,0.0017382643622651356,0.001460666174209207,-1.570803106772076,-1.5708029973504567,-5.264885037714606e-06,-0.01741728544751786,0.00029302568787581944,0,0,0,0,0.24269417664649806,-7.0031026965702425,-1.4161589694192638,0.10272556575139734,-0.41634914883050567,-0.3764733260678344,-0.05035804624807563,-0.00065653268263147,-0.0005475281423935428
50,0.5100000000000002,sac,0.23474047417446398,-0.20915571549532164,-0.1030519051651072,0.23333197622399543,-0.20860313379763104,-0.10337663650204149,0.001547470015956316,0.001126583662244693,-1.570803106772076,-1.5708029912275878,-5.264885037714606e-06,-0.017295102671928353,0.0003214817394772043,0,0,0,0,0.2439883374155955,-7.015987885576289,-1.4162122959390238,0.10060581640482708,-0.4036262261763303,-0.36710292272012107,-0.036152178974274474,-0.0017277994389694649,-0.00216519642539318
51,0.5200000000000002,sac,0.23393787796684798,-0.20963727321989123,-0.10321242440663041,0.2327612387554445,-0.20910249583370796,-0.10344053495612954,0.0013124408974799653,0.0014776741289608747,-1.570803106772076,-1.5708029841792155,-5.264885037714606e-06,-0.0169633706215071,0.00036759489561714344,0,0,0,0,0.22554991043469455,-6.9821691695515105,-1.376416382259795,0.08240959185822383,-0.4091092086736916,-0.33544600277554315,-0.043126189840151694,-0.0033400372002578976,-0.0028038646744896365
52,0.5300000000000002,sac,0.23311219348275197,-0.2101326839103488,-0.1033775613034496,0.2322051280588918,-0.20965639339813077,-0.10350553863039044,0.0010324720487269823,0.0009321573709414251,-1.570803106772076,-1.5708029762475637,-5.264885037714606e-06,-0.016426484907211547,0.00042963063955725825,0,0,0,0,0.24382682379813853,-6.950054193389995,-1.353745178072648,0.0757335991072493,-0.4173422484442004,-0.31369440970478096,-0.08078669557751693,-0.005351057854730277,-0.004007494476989736
53,0.5400000000000003,sac,0.232263416283136,-0.21064195023011842,-0.10354731674337281,0.23167137149195438,-0.2102567153378688,-0.10356935172237383,0.0007066884018231963,0.0008581617704937738,-1.570803106772076,-1.5708029676959683,-5.264885037714606e-06,-0.015660979088548244,0.0005090627091749482,0,0,0,0,0.20994107045781807,-6.909076122348847,-1.3103505617929225,0.05615881654039159,-0.42688122630444963,-0.28536039504675714,-0.13594957615205464,-0.007517782881533836,-0.005800300784360603
54,0.5500000000000003,sac,0.2313915552,-0.21116506688000003,-0.10372168896000002,0.231120255091584,-0.2108729288660305,-0.10362361083589719,0.0004105699531871725,0.0008460856859432352,-1.570803106772076,-1.5708029582832022,-5.264885037714606e-06,-0.014972796000638056,0.000572956514141657,0,0,0,0,0.22604783875590634,-6.831161286942549,-1.2651252465371823,0.04245836779782554,-0.437281722665416,-0.289918041375881,-0.19607046499922295,-0.00936626818814073,-0.006241192532921799
55,0.5600000000000003,sac,0.23049663215206398,-0.21170202070876162,-0.10390067356958721,0.230529248813423,-0.21148907029254954,-0.10366995256937322,0.00031566423031894,0.0016272089963788137,-1.570803106772076,-1.570802948011921,-5.264885037714606e-06,-0.01450683791804308,0.0006075904190849436,0,0,0,0,0.22282501571555768,-6.798432339147417,-1.2520188098367506,0.041241886413376685,-0.43852886977549094,-0.27976156279974196,-0.26622877353976415,-0.011175741142558183,-0.007537647222139215
56,0.5700000000000003,sac,0.22957868196044798,-0.21225279082373122,-0.10408426360791041,0.2299161578388701,-0.21212912593527047,-0.1037199452488051,0.0005117722539723882,0.0019480950891043452,-1.570803106772076,-1.5708029372310062,-5.264885037714606e-06,-0.01402417978609205,0.0006332055063292793,0,0,0,0,0.2730266142480373,-6.732494990506356,-1.2065507534018796,0.025192944043699757,-0.4423897645627158,-0.30320715040266627,-0.32674478363810405,-0.01268272422743598,-0.007576576993385211
57,0.5800000000000003,sac,0.22863775216435198,-0.21281734870138883,-0.10427244956712961,0.22926590184951628,-0.21278889340237908,-0.10378004782451744,0.0007986496147505835,0.0023336262414413553,-1.570803106772076,-1.5708029257840082,-5.264885037714606e-06,-0.013620754937916146,0.0006416189525375012,0,0,0,0,0.29566810856817966,-6.712946863073921,-1.2103699828533594,0.03076201443440938,-0.438512858081599,-0.34868479127098084,-0.3804544007501766,-0.013754310249115583,-0.0066167395389080536
58,0.5900000000000003,sac,0.22767390283673597,-0.21339565829795842,-0.10446521943265281,0.22857359140574798,-0.21345963240442178,-0.10386029045013961,0.0010860346593885143,0.0023002931924313717,-1.570803106772076,-1.5708029136399142,-5.264885037714606e-06,-0.0133800447593031,0.000631772284545167,0,0,0,0,0.32343261839634674,-6.65751301769928,-1.1758706290833856,0.020763891413798412,-0.45784982795764334,-0.39866791403564455,-0.4202846749439349,-0.014697067800542151,-0.004852530438112042
59,0.6000000000000003,sac,0.22668720639999995,-0.21398767616000003,-0.10466255872,0.22783280259561056,-0.21412527799042363,-0.10396730229266729,0.001347110391497624,0.002790159080799603,-1.570803106772076,-1.570802901142185,-5.264885037714606e-06,-0.013352694107618968,0.0006014116782512402,0,0,0,0,0.31517835943556993,-6.612347309971955,-1.14971463511407,0.012588839819996131,-0.47117651340199396,-0.42736403966130576,-0.44682643902397884,-0.015535676731052193,-0.00244473144768966
60,0.6100000000000003,sac,0.22567774744166397,-0.21459335153500164,-0.1048644505116672,0.22703431433083504,-0.21478585719149418,-0.10409952097176986,0.0015692193452747365,0.0032781079032902483,-1.570803106772076,-1.5708028887162362,-5.264885037714606e-06,-0.013463609580970815,0.0005522971470774279,0,0,0,0,0.3410832741946372,-6.628852382007337,-1.1500545658909975,0.011157812817157962,-0.4468436331067702,-0.44372961296574653,-0.46425000168762287,-0.015244463038001319,-0.0002457983269982477
61,0.6200000000000003,sac,0.22464562253004797,-0.21521262648197123,-0.10507087549399041,0.22615435711198498,-0.21542879784225738,-0.10424954694362401,0.0017313551580734623,0.0030093939871079127,-1.570803106772076,-1.5708028763814816,-5.264885037714606e-06,-0.013814827044059452,0.0004761292168593668,0,0,0,0,0.362683727026588,-6.632064928244015,-1.1490486115668923,0.011676572884466352,-0.43152806762286167,-0.4621090119013282,-0.46795251195882215,-0.014248981386948953,0.0008663725613958181
62,0.6300000000000003,sac,0.22359094002995197,-0.21584543598202882,-0.10528181199400961,0.22519490752944454,-0.2160446890318684,-0.10442112066283088,0.0018311753288161802,0.003476696091426776,-1.570803106772076,-1.5708028641887968,-5.264885037714606e-06,-0.014451916811496712,0.000381891617176097,0,0,0,0,0.3224250212094939,-6.595087115218536,-1.1586109814641976,0.02547339583272789,-0.3880112055225601,-0.4730351973940222,-0.47059086011064416,-0.012460123512277786,0.0016336420116060727
63,0.6400000000000003,sac,0.22251381991833596,-0.21649170804899842,-0.1054972360163328,0.22415939373877686,-0.2166347747208749,-0.10461883424918633,0.0018708209255961115,0.003634510089011717,-1.570803106772076,-1.5708028521259125,-5.264885037714606e-06,-0.015365552095040647,0.000280874895289301,0,0,0,0,0.3433136002231153,-6.624464786007637,-1.1767712302547684,0.035139209542777654,-0.3760341472369528,-0.4809705174794528,-0.4437049747119893,-0.010382404288518922,0.0014846562466765494
64,0.6500000000000004,sac,0.22141439359999998,-0.21715136384000003,-0.10571712128,0.22306217061239067,-0.21722821319048527,-0.10484615861279406,0.001865382232385546,0.0034981527648349003,-1.570803106772076,-1.570802840244977,-5.264885037714606e-06,-0.016334870987526617,0.00019109806385010988,0,0,0,0,0.36410242175405827,-6.654683966986818,-1.2010451576659267,0.047680812089121456,-0.3995387365772895,-0.48606229285162084,-0.43671247565076854,-0.009425130542660382,0.0020747727084385295
65,0.6600000000000004,sac,0.22029280372326396,-0.21782431776604164,-0.10594143925534721,0.22192791656934108,-0.2178445419509343,-0.10510499512893068,0.0018367476183944573,0.003678600842390078,-1.570803106772076,-1.5708028285295526,-5.264885037714606e-06,-0.0171921888369706,0.00012798036269759917,0,0,0,0,0.36320000061241897,-6.669998500699072,-1.2040838150076953,0.05052932066220742,-0.43146858350135037,-0.48706645077971217,-0.45590718721897144,-0.00935005838574628,0.0032699625541950505
66,0.6700000000000004,sac,0.21914920399564797,-0.21851047760261122,-0.10617015920087042,0.22074058201598273,-0.21846072643498538,-0.10538866556824925,0.0017736097316242289,0.0038746127847066048,-1.570803106772076,-1.5708028164996386,-5.264885037714606e-06,-0.018192364577315878,0.00010263013722037471,0,0,0,0,0.36016460596856736,-6.671805308777348,-1.1963503300262386,0.0497185325597264,-0.41946369510073644,-0.48916795134125485,-0.4695635835377988,-0.009877606601913903,0.005035261671591549
67,0.6800000000000004,sac,0.21798375899955197,-0.21920974460026882,-0.10640324820008962,0.2194893315197749,-0.21906290359351874,-0.10568887582483044,0.0016729132629778633,0.004044750391608835,-1.570803106772076,-1.5708028039072202,-5.264885037714606e-06,-0.01947327056737147,0.0001413879937639653,0,0,0,0,0.3335069854037346,-6.626528589684041,-1.1791803261142288,0.05075578093806061,-0.3781443034049407,-0.4909719921678254,-0.47767589649840053,-0.009629995602735246,0.005704823747217245
68,0.6900000000000004,sac,0.21679664400793597,-0.21992201359523844,-0.1066406711984128,0.21819198983118707,-0.21966629567429688,-0.10600624374798201,0.001553988356267537,0.0045615644201449515,-1.570803106772076,-1.570802790901469,-5.264885037714606e-06,-0.020872422289393455,0.00020345494495759952,0,0,0,0,0.3405006247603958,-6.663751111469483,-1.197887859574704,0.05863766374168225,-0.35724250953794723,-0.4922727992773211,-0.45041986567589737,-0.008933752810921264,0.005373384831051526
69,0.7000000000000004,sac,0.21558804479999996,-0.22064717312000004,-0.10688239104000001,0.21685832246240752,-0.220284075683392,-0.10633804562584162,0.0014289006326537225,0.00472258149174127,-1.570803106772076,-1.5708027775129494,-5.264885037714606e-06,-0.022272219885788536,0.00025772293194677295,0,0,0,0,0.3632324860730095,-6.6952737102097,-1.232954289550738,0.07958046160026559,-0.34471014109062703,-0.4925223819857733,-0.3989510764243517,-0.007807062351479625,0.0042863783519100015
70,0.7100000000000004,sac,0.21435815747686396,-0.22138510551388163,-0.10712836850462722,0.21549351283499646,-0.22091966432553248,-0.10668234096106308,0.001305606318409156,0.004079476110381053,-1.570803106772076,-1.570802763873756,-5.264885037714606e-06,-0.023606157375938075,0.000300291658701545,0,0,0,0,0.37533995211629523,-6.73782210421081,-1.2467017288908946,0.08537658760969571,-0.3444857560591509,-0.4930171043859947,-0.3323136707625601,-0.007552322308955817,0.002653954382042636
71,0.7200000000000004,sac,0.21310718827724795,-0.22213568703365122,-0.10737856234455041,0.214098130481251,-0.22157014681558435,-0.10703752049078752,0.0011908449672159674,0.00397284218531158,-1.570803106772076,-1.570802749917987,-5.264885037714606e-06,-0.024897326868619896,0.0003350986195300236,0,0,0,0,0.3524596604901439,-6.797151383365583,-1.2869075278611761,0.1037727880717283,-0.3521775368403831,-0.49365811503588325,-0.2554923268743267,-0.00806487567516004,0.0006502693587379805
72,0.7300000000000004,sac,0.21183535339315196,-0.22289878796410884,-0.10763292932136961,0.21265431002093008,-0.2222268899680454,-0.10739359004369223,0.0010860111256957234,0.003939215631646616,-1.570803106772076,-1.5708027349184104,-5.264885037714606e-06,-0.026354840377854183,0.00037263184112040987,0,0,0,0,0.34552194751946164,-6.831694125931454,-1.3091144120159464,0.11627822543498506,-0.34198053792383376,-0.49426478896237963,-0.17467695172272601,-0.0075398322568264375,-0.0013070992637925546
73,0.7400000000000004,sac,0.21054287878553596,-0.22367427272867843,-0.10789142424289282,0.21117684911331946,-0.22291240698886694,-0.10774029281113184,0.001002595876549748,0.0039062360313683775,-1.570803106772076,-1.5708027185107176,-5.264885037714606e-06,-0.027858483567837045,0.0003950905609394978,0,0,0,0,0.3377658412314672,-6.880780969102483,-1.3323535247778322,0.12523148626228026,-0.31746813573541877,-0.495029118187488,-0.09256563170193631,-0.0061438611070046036,-0.0030910494611667127
74,0.7500000000000004,sac,0.20922999999999994,-0.22446200000000005,-0.10815400000000001,0.20969646613391107,-0.22364692838810962,-0.10807248235274255,0.0009426438953337834,0.0037476901277364843,-1.570803106772076,-1.5708027008783432,-5.264885037714606e-06,-0.029177682027360596,0.0003859263266296155,0,0,0,0,0.3336000655976715,-6.940488593488609,-1.3790417213654838,0.1491317139829068,-0.28381357732853923,-0.49446386920383006,-0.06628907029787082,-0.004083010601675822,-0.00484794445983258
75,0.7600000000000005,sac,0.20789696198246393,-0.22526182281052165,-0.10842060760350722,0.2082239078084837,-0.22443763661668203,-0.1083897829245789,0.0008872015645266972,0.0041290238088228836,-1.570803106772076,-1.5708026819862353,-5.264885037714606e-06,-0.030251447817768007,0.00035020008982211703,0,0,0,0,0.3186275636198166,-6.972901101653502,-1.4037383060491866,0.16240665265608942,-0.253325407231933,-0.48959736961747,-0.0808045104290803,-0.003124392932691576,-0.006977210015849469
76,0.7700000000000005,sac,0.20654401889484794,-0.22607358866309124,-0.10869119622103042,0.20676555329283508,-0.22528692313506482,-0.10869188276428396,0.0008172641028567505,0.004072909953308052,-1.570803106772076,-1.5708026617161692,-5.264885037714606e-06,-0.031075383765684084,0.00029727034158339344,0,0,0,0,0.3220016125775107,-6.94865343745992,-1.4040514938866824,0.1714115334784375,-0.22538874321527538,-0.485648064229982,-0.12292655483693612,-0.0033567072843380683,-0.008720401850290398
77,0.7800000000000005,sac,0.20517143393075193,-0.22689713964154884,-0.10896571321384961,0.20534595000535394,-0.22621025634425954,-0.10898208886585797,0.0007088953987495032,0.0036190209628925666,-1.570803106772076,-1.5708026403922801,-5.264885037714606e-06,-0.031451313447750096,0.00023008030651729486,0,0,0,0,0.3046765730181261,-6.9393763891084825,-1.404348091510175,0.17662033689225515,-0.18635658655231258,-0.4668238060595296,-0.1718039577468275,-0.002577182746685484,-0.010375817622513753
78,0.7900000000000005,sac,0.20377947913113595,-0.22773231252131843,-0.10924410417377281,0.20397696195289305,-0.22721415150192278,-0.10925983674526987,0.0005547412195935946,0.00406740410698531,-1.570803106772076,-1.570802617980989,-5.264885037714606e-06,-0.031328054884655954,0.000191867055148456,0,0,0,0,0.2738773171219814,-6.909745214114301,-1.3649422952859638,0.1606241740401384,-0.1723285985741724,-0.4236684584141594,-0.20991616145942005,-0.0028887373886631656,-0.012054338157650873
79,0.8000000000000005,sac,0.20236843519999995,-0.22857893888000003,-0.10952631296000001,0.20264650952431357,-0.2282959102176892,-0.10951898162328053,0.000396842918583704,0.0034882002525177965,-1.570803106772076,-1.5708025941266797,-5.264885037714606e-06,-0.03080392795042708,0.000248411358652424,0,0,0,0,0.2846877606503796,-6.855878931726663,-1.3151036571429564,0.1402686096827639,-0.1749426320991098,-0.36524241609564884,-0.24472952160998285,-0.0024197209423483792,-0.013268538475415741
80,0.8100000000000005,sac,0.20093859132006392,-0.22943684520796165,-0.10981228173598721,0.20132828475154693,-0.22943355508666996,-0.10975890745561412,0.00039334540704635807,0.00323277099618737,-1.570803106772076,-1.5708025685338602,-5.264885037714606e-06,-0.030118986263638625,0.0003541876860361523,0,0,0,0,0.24821088761126664,-6.797404916678848,-1.254769276548029,0.11422575704708104,-0.1787578632846722,-0.30538599842956426,-0.2938182744897618,-0.002440588517642131,-0.013886202383344677
81,0.8200000000000005,sac,0.19949024496844794,-0.23030585301893125,-0.11010195100631041,0.20000374850531202,-0.2305987008704364,-0.10997953470681851,0.000603681618806136,0.0036233865728885037,-1.570803106772076,-1.5708025413888302,-5.264885037714606e-06,-0.02944737996600777,0.0004493703994513855,0,0,0,0,0.23254601807614844,-6.760435675533862,-1.2257129136628486,0.1036151075344206,-0.1687061726587397,-0.2929860059101624,-0.34054364030451056,-0.001471854235474221,-0.014210242410599573
82,0.8300000000000005,sac,0.19802370173235195,-0.23118577896058884,-0.11039525965352961,0.19865959067765793,-0.23177454918866383,-0.11018689951859242,0.000891301900626755,0.003281352673671276,-1.570803106772076,-1.5708025129948786,-5.264885037714606e-06,-0.028862805533746982,0.0005175968835686479,0,0,0,0,0.2526471621627111,-6.708199375557514,-1.1972748362119576,0.09544421804596542,-0.1895018831766688,-0.30297899106765097,-0.37634365088391847,-0.0015715081307035603,-0.013984703806578317
83,0.8400000000000005,sac,0.19653927512473593,-0.23207643492515845,-0.11069214497505282,0.1972788574593731,-0.23293098376389934,-0.11038905069573748,0.0011700862744492204,0.0030974591397263567,-1.570803106772076,-1.5708024836332077,-5.264885037714606e-06,-0.02853908404226635,0.0005431643181274269,0,0,0,0,0.24685041549338138,-6.664155142537895,-1.1519939456569626,0.07487664266714492,-0.23065709545216587,-0.3280403168163663,-0.40547860304355743,-0.0020108142238205494,-0.012871159809800244
84,0.8500000000000005,sac,0.19503728639999993,-0.23297762816000006,-0.11099254272000002,0.19585709324423425,-0.2340576821001692,-0.11059450809985641,0.0014131635907994467,0.0033089648414187725,-1.570803106772076,-1.5708024535709222,-5.264885037714606e-06,-0.02850541707634502,0.0005316285252428341,0,0,0,0,0.25479437288866347,-6.628686634000087,-1.1358651052193498,0.07227227116301121,-0.2819570637777156,-0.36705107548814647,-0.4315522882588514,-0.002241694707516624,-0.010987619103341182
85,0.8600000000000005,sac,0.19351806436966393,-0.23388916137820165,-0.11129638712606722,0.19438817601937547,-0.2351548836830844,-0.1108064625942484,0.001612195175194167,0.0035734547507185704,-1.570803106772076,-1.5708024229920636,-5.264885037714606e-06,-0.028727940324687395,0.0004940270372814535,0,0,0,0,0.25822328419132046,-6.605213041849915,-1.1241494021726657,0.07087287562746697,-0.28286324237246924,-0.3946798715961374,-0.4490003966932316,-0.0016218397386541547,-0.010074658782822212
86,0.8700000000000006,sac,0.19198194521804793,-0.23481083286917126,-0.11160361095639042,0.19287375739227994,-0.2362268115244475,-0.11102557325556389,0.0017704383891802428,0.004105090529250647,-1.570803106772076,-1.5708023922317322,-5.264885037714606e-06,-0.029103729157456293,0.00044279688458601817,0,0,0,0,0.29017745653082416,-6.615966599988409,-1.128360717808448,0.07373463273259802,-0.3157127183492567,-0.4211984178550039,-0.46303009630438996,-0.00162053088592696,-0.008475155641397902
87,0.8800000000000006,sac,0.19042927231795193,-0.23574243660922886,-0.11191414553640962,0.19131700145988192,-0.2372798411887503,-0.11125405857029075,0.001894040832032223,0.0035695059785134133,-1.570803106772076,-1.5708023615922393,-5.264885037714606e-06,-0.029523146812689527,0.00038786286315819357,0,0,0,0,0.31499457594478864,-6.586073188411864,-1.108982408695117,0.06932653809658547,-0.34900242963205347,-0.4458592071219944,-0.4733732020934245,-0.0017930833246027399,-0.006210736796977319
88,0.8900000000000006,sac,0.18886039604633592,-0.23668376237219846,-0.11222792079073282,0.18973130092222623,-0.23833964154530105,-0.11149423575244671,0.002009652923807818,0.00421560751970415,-1.570803106772076,-1.5708023312295154,-5.264885037714606e-06,-0.029766457285059778,0.00034797774476626696,0,0,0,0,0.2951194359141277,-6.627520502298524,-1.14254860459848,0.0845508255459171,-0.3399372962418956,-0.4507232517957888,-0.4801402381368157,-0.000991717070806068,-0.004742002282805987
89,0.9000000000000006,sac,0.18727567359999991,-0.23763459584000005,-0.11254486528000002,0.18811485923731833,-0.23939871065071347,-0.11174125344893118,0.0021123743925482944,0.003852901888179508,-1.570803106772076,-1.5708023007339529,-5.264885037714606e-06,-0.02995703327666077,0.00031575060133854813,0,0,0,0,0.3055460458316937,-6.613944425975574,-1.1254889544837532,0.0793147693122056,-0.30165493982705943,-0.44764304694788526,-0.47901394041338996,0.00038533745759485104,-0.004244038033831337
90,0.9100000000000006,sac,0.1856754688112639,-0.23859471871324167,-0.11286490623774723,0.1864668808924201,-0.2404482812996802,-0.11199506000213225,0.0021951446006261833,0.003614847439961751,-1.570803106772076,-1.5708022699710853,-5.264885037714606e-06,-0.030178502508970695,0.00028522047373160346,0,0,0,0,0.25584116610226354,-6.61316708209259,-1.1193394675687256,0.07703995229269392,-0.2430962345191947,-0.44135993066671453,-0.47959309615232815,0.0022602221453743424,-0.004479778813455022
91,0.9200000000000006,sac,0.18406015196364792,-0.23956390882181125,-0.11318796960727041,0.18478950996663432,-0.2414864647401665,-0.11225280458135056,0.0022589196491745274,0.0037892025216208474,-1.570803106772076,-1.5708022389053709,-5.264885037714606e-06,-0.030441066185686205,0.0002581648837128382,0,0,0,0,0.24449245522615964,-6.620064769141009,-1.134202388583634,0.08705562749340348,-0.23694276900063532,-0.4422360177974023,-0.4819770023882811,0.003832569962279678,-0.0036709986699605076
92,0.9300000000000006,sac,0.1824300996075519,-0.24054194023546885,-0.11351398007848962,0.1830907866901521,-0.24250858839258344,-0.11252072027984447,0.002300168998704564,0.003809141499028492,-1.570803106772076,-1.5708022077212374,-5.264885037714606e-06,-0.030742554247896292,0.0002302287290890224,0,0,0,0,0.269255446326532,-6.63629166966272,-1.1554030922859118,0.09835133955370043,-0.26195907104417376,-0.44666092696250137,-0.467803488349388,0.004228403251580772,-0.0035308063612480046
93,0.9400000000000006,sac,0.1807856943759359,-0.24152858337443847,-0.11384286112481283,0.18135613959111668,-0.24349927074049638,-0.11279903356622561,0.0023018671574026707,0.003992566231291441,-1.570803106772076,-1.570802176186354,-5.264885037714606e-06,-0.031240065257730265,0.00020401981651653353,0,0,0,0,0.2661876369115625,-6.603642789738291,-1.1224737785728776,0.08688035423529863,-0.3069413842625009,-0.45918953884509567,-0.4731260617827148,0.0038134814656016025,-0.0027369059429651474
94,0.9500000000000006,sac,0.17912732479999993,-0.24252360512000004,-0.11417453504000002,0.17958356434300063,-0.24446107476849605,-0.11308964923680112,0.00226691869404777,0.0046651015595991305,-1.570803106772076,-1.570802144276152,-5.264885037714606e-06,-0.03191943712346346,0.00019590486363814003,0,0,0,0,0.2730808455799364,-6.5694981673844435,-1.0922862527992223,0.07732926827285662,-0.35882810366594703,-0.4720861148096943,-0.4818539871278585,0.0027590705598513196,-0.0014103869714590296
95,0.9600000000000006,sac,0.17745538512486392,-0.24352676892508165,-0.11450892297502722,0.17777849007494922,-0.24541344129731235,-0.11339891759106138,0.0022127000251596215,0.003849166448120274,-1.570803106772076,-1.570802112085869,-5.264885037714606e-06,-0.03262810331846899,0.00021077408150063618,0,0,0,0,0.3244518734480671,-6.556822746998575,-1.091546362023237,0.08204738384543821,-0.39704901385601304,-0.48056845739535653,-0.48756504744312373,0.0011608987349800443,0.0003069637033477697
96,0.9700000000000006,sac,0.1757702751252479,-0.24453783492485126,-0.11484594497495042,0.1759466975351556,-0.2463706932033773,-0.11372483185943633,0.002155780358398496,0.003718101704143713,-1.570803106772076,-1.5708020794724005,-5.264885037714606e-06,-0.03328440041085523,0.00023696715048804695,0,0,0,0,0.28587281468283987,-6.565466773773615,-1.1100360562065017,0.09480068985051206,-0.426034860533449,-0.4856305047873137,-0.4915694441399389,-0.0008680757061611528,0.0023417862506198268
97,0.9800000000000006,sac,0.17407239992115187,-0.24555656004730886,-0.11518552001576962,0.17408620724286886,-0.24731772015095296,-0.1140629016116147,0.00208857550357847,0.003612960744051712,-1.570803106772076,-1.5708020464902637,-5.264885037714606e-06,-0.0339721984625132,0.00027114255723268386,0,0,0,0,0.2957555700745064,-6.6064211346786275,-1.1329238194822329,0.10585833174682482,-0.43977012748319105,-0.4899231543145893,-0.493856042358704,-0.003237837506941327,0.004634937417193162
98,0.9900000000000007,sac,0.1723621697935359,-0.24658269812387845,-0.11552756604129283,0.17220030205931827,-0.24825644523435814,-0.1144161484964156,0.00201565858028605,0.004183527469010985,-1.570803106772076,-1.5708020132613412,-5.264885037714606e-06,-0.03465303926702257,0.00030791065635194214,0,0,0,0,0.30080163533585863,-6.626600075207965,-1.1519173620569056,0.11637141699885249,-0.4342593717230571,-0.4924748871063072,-0.49457800370681787,-0.005921938403927153,0.00708476037371128
99,1.0000000000000007,sac,0.1706399999999999,-0.24761600000000006,-0.11587200000000002,0.17030182657138937,-0.24921099169468214,-0.1147865997493221,0.0019586866717509247,0.003552736787015046,-1.570803106772076,-1.5708019799260409,-5.264885037714606e-06,-0.035126524996893504,0.00033267194540041555,0,0,0,0,0.307712839462393,-6.595692744076295,-1.1180769824307912,0.10397817422766314,-0.4360035570232877,-0.49192293705773876,-0.495589812478943,-0.008588377463406615,0.009217485194110624
100,1.0100000000000007,sac,0.1689063105904639,-0.24865621364572166,-0.11621873788190723,0.16839648620009434,-0.25019242978659684,-0.11516875050222802,0.0019293404152680605,0.0032049191644144084,-1.570803106772076,-1.5708019465799692,-5.264885037714606e-06,-0.03528401681751725,0.0003429591783376991,0,0,0,0,0.2990856216295414,-6.650831536017655,-1.166564653242693,0.12744447025938244,-0.45574559183708885,-0.49199348173030566,-0.49353251184458424,-0.010295879990235892,0.010018776567510667
101,1.0200000000000007,sac,0.16716152622284788,-0.2497030842662913,-0.11656769475543043,0.1664943249014462,-0.251203444542358,-0.11555730020528165,0.001927987476165095,0.0032285602582150822,-1.570803106772076,-1.5708019133056599,-5.264885037714606e-06,-0.03508220716971833,0.0003371225571795268,0,0,0,0,0.29264717107372196,-6.680269764804102,-1.1912723453673242,0.1386044198926466,-0.46860683899317884,-0.49218850984499424,-0.49190606889085564,-0.010919024886875637,0.009990359673999244
102,1.0300000000000007,sac,0.1654060759787519,-0.25075635441274885,-0.11691878480424962,0.1646181432655435,-0.2522740935659303,-0.11595715878181204,0.0019619109828615997,0.0030546020780712877,-1.570803106772076,-1.5708018801273358,-5.264885037714606e-06,-0.034316835863789086,0.0003036640481404015,0,0,0,0,0.28236719550971995,-6.651982168119959,-1.1783508063147339,0.13859792101776292,-0.4732072145651815,-0.46211287376244803,-0.477296296625705,-0.010691349789819208,0.009280133169661593
103,1.0400000000000007,sac,0.16364039317913587,-0.2518157640925185,-0.11727192136417283,0.1627619734927571,-0.2533999676353793,-0.11637937539488244,0.0020193960280061674,0.003286107165829777,-1.570803106772076,-1.570801846768495,-5.264885037714606e-06,-0.033096364338941475,0.00026881766335603853,0,0,0,0,0.26887964118618635,-6.640481427110626,-1.1474249824242522,0.12244022231533729,-0.4670549095280328,-0.42898792026413773,-0.47950922705688176,-0.010799198648278921,0.00775492196826206
104,1.0500000000000007,sac,0.16186491519999988,-0.25288105088000007,-0.11762701696000002,0.16090810329374988,-0.25455840702465377,-0.1168241128862626,0.002091331540328652,0.003235020954854857,-1.570803106772076,-1.5708018128588215,-5.264885037714606e-06,-0.03165535063144831,0.0002591355938263357,0,0,0,0,0.27861916104350926,-6.61759711108581,-1.1286645416528283,0.11550233215617534,-0.47284036618808206,-0.4368856006944833,-0.4702840866283947,-0.011337207660921469,0.005642598270524861
105,1.0600000000000007,sac,0.1600800832880639,-0.25395195002716164,-0.11798398334238722,0.15903656683392015,-0.2557371567957652,-0.11728078906776351,0.0021841181251480496,0.0029230381677637775,-1.570803106772076,-1.5708017780665884,-5.264885037714606e-06,-0.030124128547838858,0.0002761979641153635,0,0,0,0,0.2959860607421867,-6.647090024227725,-1.1366426056184882,0.11459181287279922,-0.4809604270083328,-0.45706609249675656,-0.47861766627340674,-0.010936563587211583,0.004508935108484809
106,1.0700000000000007,sac,0.1582863423764479,-0.2550281945741313,-0.11834273152471042,0.15714274397153166,-0.2569171972827488,-0.11773371949481584,0.00229064274766879,0.0026216978994313203,-1.570803106772076,-1.570801742378628,-5.264885037714606e-06,-0.028612248731549217,0.00029627394871002477,0,0,0,0,0.2789536024430005,-6.663367392617305,-1.1458527149981468,0.1168592028535823,-0.4532402331542812,-0.467238823240071,-0.4825880483309272,-0.009794944195854652,0.003031226159697251
107,1.0800000000000007,sac,0.15648414090035187,-0.2561095154597889,-0.11870317181992962,0.15523075962019503,-0.25809344501452847,-0.11817767116680289,0.0024048060312743358,0.00276048786170211,-1.570803106772076,-1.5708017057807313,-5.264885037714606e-06,-0.02714990409396334,0.00030832268652345964,0,0,0,0,0.25384803461939365,-6.666875096516785,-1.1459562362590825,0.11537041903943955,-0.41478437350272085,-0.4774407411052581,-0.4874239236460688,-0.008161797845504557,0.0025431877870530782
108,1.0900000000000007,sac,0.15467393061273588,-0.2571956416323585,-0.11906521387745282,0.15330958841473308,-0.25927802469841577,-0.1186101215325163,0.002530782074670418,0.002893602144572674,-1.570803106772076,-1.5708016684538273,-5.264885037714606e-06,-0.02561554141616229,0.0003139184745739066,0,0,0,0,0.24885480214770672,-6.641421083370884,-1.112958790415184,0.10092212447521288,-0.41067997724532385,-0.47857749226582025,-0.48829246364345563,-0.0061611771900596255,0.0028726322357120714
109,1.1000000000000008,sac,0.15285616639999988,-0.2582863001600001,-0.11942876672000002,0.1513785493125102,-0.26047244365347705,-0.11902919491430553,0.0026687512546543263,0.0025517108896231317,-1.570803106772076,-1.570801630324826,-5.264885037714606e-06,-0.02400996111966136,0.00031651278869936257,0,0,0,0,0.25108585000073663,-6.646944683468289,-1.131492782630641,0.11048814603764281,-0.38647632539748683,-0.4815192504915395,-0.48600208297246306,-0.003832746628161327,0.003821834961181422
110,1.1100000000000008,sac,0.15103130609766385,-0.25938121634140165,-0.11979373878046723,0.1494280822048295,-0.2616583942862597,-0.11943427109778024,0.0028080390413951135,0.002449137692753047,-1.570803106772076,-1.5708015911835127,-5.264885037714606e-06,-0.022494838055432176,0.00031562183466529156,0,0,0,0,0.20491723709037904,-6.621365089774183,-1.117346289246276,0.10603900093641214,-0.3371230725967822,-0.48392761450871685,-0.48173475610981337,-0.0023653843695119426,0.003662680444297986
111,1.1200000000000008,sac,0.14919981030604784,-0.2604801138163713,-0.12016003793879043,0.14745627516472734,-0.26281291666373097,-0.11982562366996297,0.002931504190149521,0.002512468982363017,-1.570803106772076,-1.570801550952737,-5.264885037714606e-06,-0.02124220896256035,0.00030734297932082756,0,0,0,0,0.1914830395323868,-6.640721866549936,-1.1328734551886372,0.11104741634474455,-0.27090939615917203,-0.4859997853073109,-0.4800020053352609,-0.0014283905717584586,0.0025638218181225168
112,1.1300000000000008,sac,0.14736214220595184,-0.2615827146764289,-0.12052757155880964,0.14546648423729563,-0.26393845399492893,-0.12020707500866659,0.0030406816521152524,0.0022710352243940786,-1.570803106772076,-1.5708015097092596,-5.264885037714606e-06,-0.020224355928655458,0.000299703569934899,0,0,0,0,0.15787823489057795,-6.632424855030644,-1.1190831798661807,0.10391576421006166,-0.1991935473572098,-0.48779384681923577,-0.46012122489388524,-0.0014361322699656337,0.0010317103635213262
113,1.1400000000000008,sac,0.14551876737433586,-0.2626887395753985,-0.12089624652513282,0.1434640154054691,-0.2650642475287641,-0.1205866372604735,0.003156089603738773,0.0021487630123353503,-1.570803106772076,-1.5708014674003234,-5.264885037714606e-06,-0.0192602844727241,0.0003021248196145406,0,0,0,0,0.1753775460479058,-6.694290522993232,-1.15993364085023,0.11776136534703774,-0.18469750643193245,-0.48966151405427427,-0.4459715715316581,-0.0024059052940190624,7.344264299449592e-05
114,1.1500000000000008,sac,0.14367015359999985,-0.26379790784000007,-0.12126596928000002,0.14146223713739128,-0.2662052090322898,-0.12097231990860138,0.0032796682895653052,0.001641548036056646,-1.570803106772076,-1.5708014242629518,-5.264885037714606e-06,-0.01822328057339484,0.00030500232545420625,0,0,0,0,0.1669242508471219,-6.673464198490325,-1.1450177680285274,0.1124390002883693,-0.2057292496252691,-0.4799636113545744,-0.44354783633626393,-0.003578410802987583,0.00022478236130026323
115,1.1600000000000008,sac,0.14181677069926385,-0.2649099375804417,-0.12163664586014723,0.13946598645503167,-0.26735640024828783,-0.12136064453166864,0.003404048013970592,0.0014820613164243355,-1.570803106772076,-1.5708013805156726,-5.264885037714606e-06,-0.017107762354074962,0.00030220009992853986,0,0,0,0,0.15944952005376278,-6.688283369133733,-1.1510156611245064,0.1144817522493758,-0.25132223233670986,-0.47844472091924234,-0.45141170699154703,-0.004334734712394336,-0.0006375034779122327
116,1.1700000000000008,sac,0.13995909033164786,-0.2660245458010113,-0.12200818193367043,0.13747589199234655,-0.2685235357246128,-0.1217489057841083,0.0035324847844403007,0.0012652738541181169,-1.570803106772076,-1.5708013362499806,-5.264885037714606e-06,-0.015856433970901973,0.0002962105491368,0,0,0,0,0.16178538912292673,-6.672357177218797,-1.1458343306485341,0.11324687327877064,-0.3128710509537863,-0.46996846725769265,-0.4658664818733749,-0.0054397493676953766,-0.002193383227594925
117,1.1800000000000008,sac,0.13809758581555184,-0.2671414485106689,-0.12238048283688963,0.13549353714595416,-0.26969615667033686,-0.12213178110181108,0.0036564266446543945,0.0010068468014657122,-1.570803106772076,-1.5708012915924332,-5.264885037714606e-06,-0.01451587852920988,0.00028540894980333534,0,0,0,0,0.15237702349963467,-6.661781962411832,-1.1092343324294853,0.0923077441629638,-0.3496274730363957,-0.4475249643473322,-0.4760700004716593,-0.005470661520367397,-0.0029163388879202387
118,1.1900000000000008,sac,0.13623273194393584,-0.26826036083363847,-0.12275345361121283,0.13349988099052762,-0.27084393458734407,-0.1225053161766306,0.003768938824234448,0.0014030546465687492,-1.570803106772076,-1.5708012464176935,-5.264885037714606e-06,-0.013294416047275215,0.00027690697293711693,0,0,0,0,0.16096295136364402,-6.685010463265378,-1.1211099791182997,0.09411390368135242,-0.3410625542087494,-0.4366972364647006,-0.4822059154838845,-0.006063620815668891,-0.0043175734862292165
119,1.2000000000000008,sac,0.13436500479999983,-0.2693809971200001,-0.12312699904000003,0.13149675902173472,-0.27195428997884935,-0.12286612538204425,0.0038622176333494634,0.001325925985301027,-1.570803106772076,-1.570801200980021,-5.264885037714606e-06,-0.012226943928267175,0.0002696769533629069,0,0,0,0,0.1333691047135414,-6.6349162065177945,-1.0907769528644968,0.08374992744142942,-0.30219394376128095,-0.4325628388490423,-0.48484653273908934,-0.0069496089579703215,-0.006349916416324743
120,1.2100000000000009,sac,0.13249488157286388,-0.2705030710562817,-0.12350102368542723,0.1294943906229058,-0.27305182093444585,-0.12322390110337211,0.003946627523304815,0.0013461811893391554,-1.570803106772076,-1.5708011557372439,-5.264885037714606e-06,-0.011082393311765637,0.0002650337135318282,0,0,0,0,0.10200279882936998,-6.645570105717131,-1.1021779549757287,0.08729571332492482,-0.2433774355800467,-0.43509798593060245,-0.4872643570722673,-0.006947914873503851,-0.007272078009651493
121,1.2200000000000009,sac,0.13062284037324784,-0.2716262957760513,-0.12387543192535043,0.12748982742646736,-0.27414635167395873,-0.12358490455254342,0.004031235295492225,0.0008625668231728781,-1.570803106772076,-1.5708011106505182,-5.264885037714606e-06,-0.009806840824368557,0.0002646545441067759,0,0,0,0,0.10487714538053673,-6.646881778935774,-1.1284349465827304,0.10326138359409318,-0.23725983175070908,-0.4328261062896439,-0.4893667628975808,-0.007624942775100405,-0.007275098991323605
122,1.2300000000000009,sac,0.12874936004915188,-0.2727503839705089,-0.12425012799016963,0.12548813639527703,-0.2752319163640165,-0.12394383689448274,0.004109427816122043,0.0006844379292067482,-1.570803106772076,-1.5708010657108293,-5.264885037714606e-06,-0.008445635054018519,0.0002637048304751376,0,0,0,0,0.07911746971011588,-6.689235565076014,-1.1532927250020393,0.11071841174814304,-0.2108247666251708,-0.40672695130494685,-0.48814353563019935,-0.008808284014999232,-0.006510575864097642
123,1.2400000000000009,sac,0.1268749200015358,-0.2738750479990785,-0.12462501599969283,0.12349475511223937,-0.2763174976398775,-0.12429748612707342,0.004183103004245716,0.0013916822940110581,-1.570803106772076,-1.570801020960426,-5.264885037714606e-06,-0.006936435165867838,0.0002586390809221846,0,0,0,0,0.08934422285908263,-6.702173584779222,-1.1453971926505595,0.10042423325143088,-0.17325715129961558,-0.3861689258376112,-0.46080708218511973,-0.010147344023872344,-0.0068187575737355816
124,1.2500000000000009,sac,0.12499999999999983,-0.2750000000000001,-0.12500000000000003,0.12150666161917816,-0.2773806634237236,-0.1246452899667129,0.004242262437390137,0.0009228023890607599,-1.570803106772076,-1.5708009760717256,-5.264885037714606e-06,-0.005492815114485294,0.00025667324514555063,0,0,0,0,0.09774837208362075,-6.644411077446818,-1.1130166933867758,0.08897211895852017,-0.17678187736533357,-0.3851241205199942,-0.45418398978214636,-0.010454169790955167,-0.006420587004796753
125,1.260000000000001,sac,0.12312507999846387,-0.2761249520009217,-0.12537498400030722,0.11951951198848924,-0.2784058060360015,-0.1249907087509019,0.004283699717673707,0.0011528105970306246,-1.570803106772076,-1.5708009307269697,-5.264885037714606e-06,-0.0042799536109037195,0.0002666566527683032,0,0,0,0,0.06380062321827557,-6.690652989963052,-1.1245933178249579,0.08665643770224737,-0.16060306096577842,-0.3880494903270759,-0.4222971072016084,-0.011270423484394696,-0.006923144490728526
126,1.270000000000001,sac,0.12125063995084781,-0.2772496160294913,-0.12574987200983043,0.11754268726937019,-0.27938956504522533,-0.12533337280594434,0.004301367975988105,0.0009330475789518058,-1.570803106772076,-1.5708008850859827,-5.264885037714606e-06,-0.0033060208663471258,0.0002870558673098438,0,0,0,0,0.05676813508499581,-6.698716470001866,-1.1472534161098344,0.09752076311195401,-0.1731333332889888,-0.3908591416639989,-0.40437896186894334,-0.012151920082665767,-0.006351645074846505
127,1.280000000000001,sac,0.11937715962675183,-0.2783737042239489,-0.12612456807464964,0.11556992380256377,-0.2803305136467956,-0.1256706465452314,0.004304671008705771,0.0014678750684272818,-1.570803106772076,-1.570800839001476,-5.264885037714606e-06,-0.0025954868854696223,0.00032470209035545067,0,0,0,0,0.073393100054405,-6.717114621777172,-1.1496891361362396,0.0936389130649535,-0.1792770514269828,-0.40281675344957557,-0.36073920172076623,-0.013264257432127472,-0.004981079808870556
128,1.290000000000001,sac,0.11750511842713585,-0.27949692894371847,-0.12649897631457283,0.1136019870631263,-0.28124593240975976,-0.126004568315689,0.004305564636409469,0.0012986487365581887,-1.570803106772076,-1.5708007926425958,-5.264885037714606e-06,-0.0020042320508846245,0.00036652564260470044,0,0,0,0,0.06657131301859512,-6.6930190708831505,-1.1378411058060844,0.09072049617825646,-0.20954865329315134,-0.4067233902174625,-0.3518800112589787,-0.013175654179653698,-0.003678253348981076
129,1.300000000000001,sac,0.11563499519999984,-0.2806190028800001,-0.12687300096000004,0.11164486829910054,-0.28216514814235405,-0.12633939391475568,0.0043123560076035305,0.0011381707328006949,-1.570803106772076,-1.570800746325655,-5.264885037714606e-06,-0.001293215000880421,0.0003911505921451258,0,0,0,0,0.10548916047929155,-6.702807414514115,-1.1580914995943794,0.10120767919088472,-0.2554468611906744,-0.41769355586617996,-0.36546116724656763,-0.012224301501764697,-0.0031100939058365208
130,1.310000000000001,sac,0.11376726805606388,-0.2817396391663617,-0.1272465463887872,0.10969787308646586,-0.2831000347493935,-0.12667398966006843,0.004328795764242434,0.0012425859586951242,-1.570803106772076,-1.5708006999625943,-5.264885037714606e-06,-0.00040026446376217883,0.0003964287142018219,0,0,0,0,0.11691214923681685,-6.747438961584083,-1.1949296137637255,0.11592343915144601,-0.31319695603435715,-0.43345728443900317,-0.39190812241361406,-0.010891323466527261,-0.0034758925593955077
131,1.320000000000001,sac,0.11190241418444785,-0.28285855148933126,-0.12761951716311043,0.10774908518872242,-0.2840341306493957,-0.12700386677196943,0.004360178151454766,0.0014662150558286558,-1.570803106772076,-1.5708006531263106,-5.264885037714606e-06,0.0005092279691347734,0.0004017084299981287,0,0,0,0,0.13785815164704668,-6.7506707023514885,-1.1997857651810242,0.11737803559906274,-0.34540608930566996,-0.44493077610926346,-0.37681931948449404,-0.009531134344562523,-0.0047243963402080515
132,1.330000000000001,sac,0.1100409096683519,-0.28397545419898884,-0.12799181806632962,0.10579473273010048,-0.2849559016315836,-0.12732776748437735,0.004408203594936476,0.0012702435852990615,-1.570803106772076,-1.5708006057175161,-5.264885037714606e-06,0.001347577812047529,0.0004146420650482674,0,0,0,0,0.1365659337105239,-6.760975192677289,-1.209859955088567,0.12110254815460053,-0.3724648041351848,-0.4287270318830113,-0.389364431886136,-0.007823348029971753,-0.004938309279760886
133,1.340000000000001,sac,0.10818322930073587,-0.2850900624195585,-0.12836335413985284,0.10384386780425536,-0.2858777615374343,-0.12765024199379602,0.004467556046687465,0.001637919029573841,-1.570803106772076,-1.570800558063983,-5.264885037714606e-06,0.0022343317594206713,0.0004220798458610388,0,0,0,0,0.149771216761084,-6.72804682444195,-1.1768989560755418,0.10559963191423685,-0.37443776489282476,-0.39203338582207825,-0.411242175081687,-0.005844647051244821,-0.004318947292053575
134,1.350000000000001,sac,0.10632984639999982,-0.2862020921600001,-0.12873403072000003,0.10189319335758204,-0.286806860850008,-0.1279748905752372,0.004541577825668007,0.001954982781579292,-1.570803106772076,-1.5708005101168836,-5.264885037714606e-06,0.003208450851300615,0.00042208534872213417,0,0,0,0,0.17615402673964325,-6.73762801663932,-1.193399390578674,0.11223682884969663,-0.3474495837582076,-0.3844390727069926,-0.43087612614579784,-0.0037519380237400705,-0.0029631340841684913
135,1.360000000000001,sac,0.10448123262566372,-0.28731126042460176,-0.12910375347486724,0.09994550462997523,-0.28773978362638775,-0.12830481185672016,0.004625447902046758,0.0021799043204761667,-1.570803106772076,-1.570800461735401,-5.264885037714606e-06,0.004209222622919118,0.0004179210932537599,0,0,0,0,0.13799155262957372,-6.767826050185843,-1.2319505995417455,0.13013872874306712,-0.3580295248517899,-0.39505913531221903,-0.45095068618897494,-0.001786759735297995,-0.0009217638310082838
136,1.370000000000001,sac,0.10263785779404783,-0.2884172853235713,-0.12947242844119045,0.0980026677929639,-0.2886819302493672,-0.12864180877563322,0.004716455481790144,0.0020146519220986493,-1.570803106772076,-1.5708004127908561,-5.264885037714606e-06,0.0052399785231358464,0.0004071712925444687,0,0,0,0,0.14605656995909863,-6.755929949186872,-1.2348084437600992,0.13292422613023802,-0.39169486054107566,-0.42211237688262254,-0.46632913093034983,-0.0009218027416869262,4.304455084310518e-06
137,1.380000000000001,sac,0.10080018969395185,-0.2895198861836289,-0.12983996206120962,0.09607470388281564,-0.28964179810123913,-0.1289836086569338,0.00480400039757699,0.002594510103033581,-1.570803106772076,-1.5708003635051415,-5.264885037714606e-06,0.006375043035912187,0.00038444410691524506,0,0,0,0,0.14889492423123094,-6.70919826782998,-1.1971577898943264,0.11553950139509661,-0.4051125074882472,-0.40806005030205167,-0.4764557192845378,-0.0008965661473754437,0.0014904593186216377
138,1.390000000000001,sac,0.09896869390233587,-0.2906187836585985,-0.13020626121953283,0.0941662577976683,-0.2906317404311598,-0.12932459777311647,0.004882713472047753,0.0028199609023611895,-1.570803106772076,-1.570800313990268,-5.264885037714606e-06,0.007707077093353831,0.00034590756006202904,0,0,0,0,0.12809455066618292,-6.715720953905618,-1.2230058696074237,0.12832596140704045,-0.3854888076622075,-0.41586362779950037,-0.48346045691179496,-7.062502894677439e-05,0.0032716365062216957
139,1.400000000000001,sac,0.09714383359999984,-0.29171369984000006,-0.13057123328000003,0.0922791851155013,-0.29167019919177783,-0.12966421719537166,0.004948674101403754,0.0025408605033477027,-1.570803106772076,-1.5708002644102452,-5.264885037714606e-06,0.009376710544095168,0.0002864912539092738,0,0,0,0,0.12066626254602875,-6.731454942558469,-1.2338437653890777,0.12986647317403374,-0.3616901434155826,-0.42428624272886206,-0.4664352839417409,-0.0003877092888257057,0.00448721135576345
140,1.410000000000001,sac,0.09532606938726385,-0.2928043583676417,-0.13093478612254722,0.09041427159428321,-0.29276853095151967,-0.13000102357128052,0.004999895365407512,0.002692950405829953,-1.570803106772076,-1.5708002150131917,-5.264885037714606e-06,0.011495042272284595,0.00021006957336467294,0,0,0,0,0.13773890281932585,-6.738661108026472,-1.2212155964303335,0.118552352792584,-0.3719447319171511,-0.4181447800036489,-0.45726496015834484,-0.0012161073737068325,0.004641328612200168
141,1.420000000000001,sac,0.09351585909964785,-0.29389048454021127,-0.13129682818007044,0.0885681705878943,-0.29391084956580177,-0.13033163568932005,0.005040995227909493,0.002907779948931875,-1.570803106772076,-1.5708001657607373,-5.264885037714606e-06,0.013954148058740845,0.00014314090399666435,0,0,0,0,0.1190093323597417,-6.715982217970314,-1.1976625830711625,0.1051957523660651,-0.3652345761092043,-0.38895682613108035,-0.4338913094162597,-0.002292503936801904,0.003854199200620184
142,1.430000000000001,sac,0.09171365762355194,-0.2949718054258688,-0.1316572684752896,0.08673470457329564,-0.2950676206641803,-0.13065708486338376,0.0050793229168929754,0.0033246689917002395,-1.570803106772076,-1.570800116448905,-5.264885037714606e-06,0.01653214759658872,0.00011603840748944041,0,0,0,0,0.09202991325502642,-6.7108551522945215,-1.189192989186344,0.09650990626763441,-0.328109398615082,-0.3739212775739613,-0.42334983437065904,-0.0035901891292283625,0.004124166962473786
143,1.440000000000001,sac,0.08991991671193586,-0.29604804997283846,-0.1320160166576128,0.08490279714982767,-0.296208067483909,-0.13098220340646186,0.0051250233309316,0.003378270725624561,-1.570803106772076,-1.5708000668161068,-5.264885037714606e-06,0.019001975575802854,0.00012087845034953378,0,0,0,0,0.06611068770655931,-6.725928601597668,-1.2067149502549108,0.09923791495202941,-0.27020309349554905,-0.36511464492587054,-0.4195310997414917,-0.004913474493845824,0.005298627880830475
144,1.450000000000001,sac,0.08813508479999987,-0.29711894912000003,-0.13237298304000003,0.08306954580990761,-0.2973244674846595,-0.13130414271134283,0.005181152642657937,0.003143703900580451,-1.570803106772076,-1.5708000167528693,-5.264885037714606e-06,0.021304833397860268,0.00012958125918481018,0,0,0,0,0.049349007987293574,-6.708877854548509,-1.1938222363621342,0.08995853689291518,-0.20313492884709905,-0.3420606136365096,-0.41460609682571037,-0.0064540759205783844,0.005362010620934155
145,1.460000000000001,sac,0.0863596068208638,-0.2981842359074817,-0.13272807863582725,0.08124418105750486,-0.2984126148446573,-0.13161132969606046,0.0052408840736894845,0.003576636804901377,-1.570803106772076,-1.5707999664381256,-5.264885037714606e-06,0.02343589315560024,0.00013389891280030835,0,0,0,0,0.027170613469361365,-6.763405214194523,-1.2127597663479395,0.08775522008589978,-0.12668955267414034,-0.33540464529910796,-0.41663198194005874,-0.006757430150524954,0.005782477793163644
146,1.470000000000001,sac,0.08459392402124782,-0.2992436455872513,-0.13308121519575045,0.07943273361790291,-0.299478425465305,-0.13190092851425694,0.005299630611771866,0.003300395972629902,-1.570803106772076,-1.5707999160441328,-5.264885037714606e-06,0.025450693273554092,0.00013817326259400633,0,0,0,0,-0.01667918568955975,-6.746325427691435,-1.220258048434333,0.09030860941127639,-0.04292727878324547,-0.33325090714448796,-0.42347277689235596,-0.006079181131236193,0.006508573879102327
147,1.480000000000001,sac,0.08283847377715184,-0.30029691573370887,-0.13343230524456962,0.07763969196102131,-0.3005346731424603,-0.13217775984731936,0.005353292922202874,0.002846862838171928,-1.570803106772076,-1.5707998656534872,-5.264885037714606e-06,0.027425956804963514,0.00014437240380549144,0,0,0,0,-0.03765303674192519,-6.72207862144862,-1.2035423406604913,0.0795728217399612,0.04623479192534484,-0.33273785113318954,-0.42801791973066294,-0.005980291439366342,0.006193280084027943
148,1.490000000000001,sac,0.08109368940953579,-0.3013437863542785,-0.13378126211809283,0.07586812659517406,-0.30156965348008813,-0.13245210712910876,0.005396681913000139,0.0030106151191992593,-1.570803106772076,-1.570799815385078,-5.264885037714606e-06,0.029287772574257298,0.0001454952567136116,0,0,0,0,-0.06152832140024515,-6.685240700347749,-1.1729353238700135,0.0640989860795216,0.1363266047889589,-0.3433732942931041,-0.4382004290379864,-0.00506976306285771,0.0064966945768785865
149,1.500000000000001,sac,0.07935999999999976,-0.3023840000000001,-0.13412800000000005,0.07412001688802948,-0.3025776938882473,-0.1327289236364587,0.0054270023960837,0.003334886949710828,-1.570803106772076,-1.5707997655310029,-5.264885037714606e-06,0.031040967802419495,0.00014271761400190235,0,0,0,0,-0.06878964385387333,-6.689718476210127,-1.1817973557107166,0.06384293204947161,0.17610998210751877,-0.35417998739643214,-0.4187950850050829,-0.004890075153502479,0.005903429683001705
150,1.5100000000000011,sac,0.07763783020646381,-0.3034173018761217,-0.13447243395870723,0.072402927002794,-0.30356978173356525,-0.13301199293831453,0.005436943041155036,0.0035750225257814594,-1.570803106772076,-1.5707997163750549,-5.264885037714606e-06,0.032778535851747836,0.00013663335597926423,0,0,0,0,-0.06701833715485231,-6.7007019086865025,-1.2011273748133753,0.06973319303835168,0.1778411441775459,-0.3655011114413812,-0.38395919156557584,-0.004978782023084013,0.004456211140567057
151,1.5200000000000011,sac,0.07592760007884788,-0.30444343995269124,-0.1348144799842304,0.07071081170379317,-0.3045311139158313,-0.1332977213615541,0.005433518601549237,0.003756099886567712,-1.570803106772076,-1.5707996678359242,-5.264885037714606e-06,0.03441107957791334,0.0001395973083892599,0,0,0,0,-0.07456264647749372,-6.705696564455103,-1.2016050022844682,0.06521244796058676,0.1575358888630832,-0.37651775280766975,-0.3354652940501035,-0.005766428179639734,0.002601034822318104
152,1.5300000000000011,sac,0.07422972487475177,-0.3054621650751489,-0.13515405502504965,0.06903401692551779,-0.3054406756504776,-0.13358322609634604,0.005428014960587155,0.003558315023346018,-1.570803106772076,-1.5707996197270793,-5.264885037714606e-06,0.03580351249513303,0.00016584640513200974,0,0,0,0,-0.07302565161242526,-6.730992980022412,-1.2150374653759466,0.06646807286418199,0.1163744757838449,-0.3884566651803856,-0.28505607853691384,-0.007118752100308053,0.0004252167796956227
153,1.5400000000000011,sac,0.07254461487513586,-0.3064732310749185,-0.13549107702497282,0.06737550402063455,-0.3062978305527489,-0.13387198865441158,0.005419586655916413,0.0035892233734545306,-1.570803106772076,-1.5707995723106216,-5.264885037714606e-06,0.03698782456538363,0.00021251778347200636,0,0,0,0,-0.0611065178332605,-6.731995244617757,-1.2020794789646663,0.05457836187829364,0.062250106854569144,-0.4008678422462061,-0.27092521171394185,-0.008338305157417202,-0.0003249628267379612
154,1.5500000000000012,sac,0.0708726751999999,-0.30747639488000006,-0.13582546496000003,0.06572605786418377,-0.3071098212854769,-0.1341656429830889,0.005420060442150249,0.003766484786797008,-1.570803106772076,-1.5707995256863594,-5.264885037714606e-06,0.03805191776920647,0.0002685540124745905,0,0,0,0,-0.016877429996677767,-6.7161017393126725,-1.2038905192271872,0.054587372543765306,-0.002179568871201361,-0.41280838261678243,-0.27865483732437923,-0.009386807862608633,7.223564734889885e-05
155,1.5600000000000012,sac,0.06921430562406378,-0.3084714166255617,-0.13615713887518724,0.0640842692648079,-0.30787774660877265,-0.13446080010003736,0.005435741198419829,0.0030541380149172958,-1.570803106772076,-1.5707994799603349,-5.264885037714606e-06,0.03902967417977199,0.00033004777413780744,0,0,0,0,0.0019666171012748535,-6.768351730337203,-1.2514621984389551,0.07237854927085884,-0.016634306913002106,-0.4061768823371784,-0.2930832165132179,-0.009350282691732595,0.0008735252493698522
156,1.5700000000000012,sac,0.06756990039244781,-0.3094580597645313,-0.13648601992151044,0.06245197567183554,-0.3085972893380026,-0.13476101204598062,0.005468979003770305,0.0038941574194204845,-1.570803106772076,-1.5707994349804566,-5.264885037714606e-06,0.03985898565995161,0.0003970057126572703,0,0,0,0,-0.013290720896610507,-6.759042385978945,-1.2163002365940363,0.05093774888617268,0.0011028955721534874,-0.3828459889401268,-0.30475345227683714,-0.009232762612562801,0.0005184629995926033
157,1.5800000000000012,sac,0.06593984803635164,-0.310436091178189,-0.13681203039272966,0.0608309338451167,-0.30928700109485235,-0.13507207453966358,0.00551804844158179,0.004074188061138552,-1.570803106772076,-1.5707993906814954,-5.264885037714606e-06,0.040631059342808085,0.0004550766536972386,0,0,0,0,-0.055589311050004836,-6.836662335319195,-1.2748361371225252,0.07123453283220227,-0.013967064338335715,-0.37610900114977663,-0.2949255300494457,-0.008321067594128852,-0.0003412612971366532
158,1.5900000000000012,sac,0.06432453118873582,-0.3114052812867585,-0.13713509376225283,0.05922717124156539,-0.3099674962043153,-0.1353892213257734,0.005576591695540576,0.004619426651762934,-1.570803106772076,-1.5707993471274502,-5.264885037714606e-06,0.041468613276209654,0.0004943291060651058,0,0,0,0,-0.008987848652441031,-6.89685142545224,-1.3307751108862937,0.09388823276442153,-0.04037805991864627,-0.37653378867316395,-0.25975277108904615,-0.007048534759345274,-0.0018686590657724944
159,1.6000000000000012,sac,0.06272432639999981,-0.3123654041600001,-0.13745513472000004,0.05764565314717461,-0.31064453064189707,-0.13570470007606217,0.005640775577610602,0.004278654047097909,-1.570803106772076,-1.5707993042915243,-5.264885037714606e-06,0.042391768592232815,0.0005174270208730067,0,0,0,0,-0.0268088941169441,-6.8800529044593715,-1.3291032525340176,0.09254351931744484,-0.07195872504738818,-0.3473179676238479,-0.24306187380234404,-0.005433624723592289,-0.0022882495623600847
160,1.6100000000000012,sac,0.06113960395366391,-0.31331623762780164,-0.1377720792092672,0.056088363586829545,-0.3113199138523042,-0.13601089434230962,0.005709825741277387,0.004170010963906355,-1.570803106772076,-1.5707992619851814,-5.264885037714606e-06,0.043375657274259405,0.000528540622886061,0,0,0,0,-0.02415581333602671,-6.885166476865832,-1.3157377306947649,0.08151036321327992,-0.070638938083307,-0.33460256726702586,-0.20816882190641267,-0.0038312621703471593,-0.003574516723927665
161,1.6200000000000012,sac,0.05957072768204791,-0.31425756339077127,-0.13808585446359042,0.0545525397564351,-0.31200587898430715,-0.1363078517561229,0.005780448628855871,0.004371656019831639,-1.570803106772076,-1.570799219810251,-5.264885037714606e-06,0.04442786896561701,0.000523261592933684,0,0,0,0,-0.008847590784442506,-6.904338127179625,-1.3257222632852752,0.08348651961599138,-0.047842937650696485,-0.3337018390552417,-0.16096112124432801,-0.002066383286809142,-0.0054791569600472914
162,1.6300000000000012,sac,0.05801805478195177,-0.3151891671308289,-0.13839638904360965,0.05304039149897517,-0.31272578412638213,-0.1366009050312435,0.0058368784828838885,0.004514561161733795,-1.570803106772076,-1.5707991775801555,-5.264885037714606e-06,0.045640027795194715,0.0004916115376022532,0,0,0,0,-0.028763556806537673,-6.939079751346928,-1.3433550066864248,0.08653549278709005,-0.014305878984419616,-0.3417048792650045,-0.10301773335145077,0.0002982519597510328,-0.007306680718712728
163,1.6400000000000012,sac,0.05648193563033577,-0.3161108386217985,-0.13870361287393285,0.05155038509527924,-0.3134975878581103,-0.13689410132714747,0.005867163051397395,0.004975482737840304,-1.570803106772076,-1.5707991352380926,-5.264885037714606e-06,0.04710615432330023,0.00043063323428882124,0,0,0,0,-0.013675315653510472,-6.95445595160808,-1.3538837859666242,0.0870860480987265,-0.016330113045268997,-0.3534874951394315,-0.04259319477894789,0.0028347317175423897,-0.00953307504884348
164,1.6500000000000012,sac,0.054962713599999824,-0.3170223718400001,-0.13900745728000002,0.050079977079330824,-0.3143095020820866,-0.13718755037239758,0.005874762923388114,0.004820390887603523,-1.570803106772076,-1.5707990926435453,-5.264885037714606e-06,0.04873368560273006,0.00035820793291927914,0,0,0,0,-0.03572803332385385,-6.948898341601021,-1.3567594713435902,0.0863624580682403,0.008941358983508133,-0.3710373952177555,0.015252459880158907,0.0042121703128417,-0.010555752526013824
165,1.6600000000000013,sac,0.053460724875263876,-0.31792356507484165,-0.13930785502494722,0.04863185128577756,-0.31511231861092914,-0.13747340640223862,0.005881014247003363,0.00482194185495758,-1.570803106772076,-1.5707990495799282,-5.264885037714606e-06,0.05018567588252121,0.00031137439724265956,0,0,0,0,-0.05480726490506614,-6.9862041012674885,-1.3675551167162778,0.08468831724355266,0.04454952546415335,-0.3860181664940065,0.026459509072694752,0.004675986622203123,-0.01060396965780993
166,1.6700000000000013,sac,0.051976298267647825,-0.31881422103941126,-0.13960474034647044,0.0472088798010962,-0.3159045776795422,-0.13774491676249218,0.005886700865541684,0.005607732023642199,-1.570803106772076,-1.5707990061628547,-5.264885037714606e-06,0.05146921447694841,0.00028376793013813127,0,0,0,0,-0.05498082491653999,-7.0190280138851175,-1.3877741224475528,0.08627261944822263,0.08725419560757247,-0.3997162670182373,0.006771436540440233,0.004523784072946722,-0.009790367571244676
167,1.6800000000000013,sac,0.05050975503155186,-0.31969414698106885,-0.13989804899368963,0.04581585313642043,-0.31671856062528403,-0.13800152093600976,0.005872277908564805,0.005594947865892836,-1.570803106772076,-1.5707989628314523,-5.264885037714606e-06,0.05283644938599741,0.00025218442518444,0,0,0,0,-0.07682526795646626,-7.006510462110238,-1.4122711623247406,0.09837351552789864,0.13482253857664195,-0.4106294501741523,-0.033615339693431154,0.0047530747089566,-0.008203130190158572
168,1.6900000000000013,sac,0.0490614086799358,-0.3205631547920385,-0.14018771826401283,0.04445642679529824,-0.3175533459653695,-0.13824493842128338,0.005834312371501093,0.00577448333857341,-1.570803106772076,-1.5707989197812575,-5.264885037714606e-06,0.05429952364780233,0.00022542390387979427,0,0,0,0,-0.09482908247118385,-7.022428022077685,-1.4244806034357047,0.10022154195313351,0.18538440446358287,-0.4127626998899754,-0.08754652316195208,0.004190836393858997,-0.006267025778186563
169,1.7000000000000013,sac,0.04763156479999975,-0.32142106112000013,-0.14047368704000004,0.04313398101207911,-0.3184101705937367,-0.1384680421107031,0.005772030255717988,0.0057855442945407565,-1.570803106772076,-1.5707988770742787,-5.264885037714606e-06,0.05586767120238201,0.00021433789747752198,0,0,0,0,-0.11443799354700832,-7.001459100447735,-1.423751364816204,0.09841046744519742,0.238185255581102,-0.41604883368328177,-0.15076043929262609,0.003940660198167708,-0.0037382677317439605
170,1.7100000000000013,sac,0.04622052086886391,-0.3222676874786816,-0.14075589582622722,0.041845452319453025,-0.3192825910438114,-0.13866675267690312,0.005693552900947436,0.005890035004234924,-1.570803106772076,-1.570798834596911,-5.264885037714606e-06,0.05749224072547032,0.0002270318244849654,0,0,0,0,-0.11146531997713821,-6.945613614175226,-1.4029737600220806,0.09037301841622682,0.2920781869520365,-0.42500847017597787,-0.219659150205737,0.004451784972267586,-0.0010123380694800643
171,1.7200000000000013,sac,0.044828566069247816,-0.32310286035845126,-0.14103428678615043,0.040586736110813565,-0.32015370700901835,-0.13884139367569598,0.005612433257386699,0.006263514443706961,-1.570803106772076,-1.5707987921451914,-5.264885037714606e-06,0.05904809067622874,0.0002583330854851875,0,0,0,0,-0.11316655204000223,-6.939831045729093,-1.4128557829618353,0.09169088061208708,0.34618096681401683,-0.440631350665605,-0.2918155182208692,0.005601919309223213,0.0018396518072891074
172,1.7300000000000013,sac,0.043455981105151864,-0.32392641133690886,-0.14130880377896962,0.039361053497289154,-0.3210111131149343,-0.13899698983507447,0.005532800335080989,0.006212326191413431,-1.570803106772076,-1.5707987497207223,-5.264885037714606e-06,0.06044620867492645,0.00029738318745274134,0,0,0,0,-0.1307853926007225,-6.883501188897721,-1.4040290531149733,0.09027656023744599,0.388861888858779,-0.4578033624684254,-0.36116959577176805,0.006144975878649655,0.005047436247383676
173,1.7400000000000013,sac,0.04210303801753579,-0.3247381771894785,-0.14157939239649284,0.038170652298389195,-0.3218612095129559,-0.13913861135227684,0.0054495882928628815,0.00568963293073907,-1.570803106772076,-1.5707987075053993,-5.264885037714606e-06,0.06174286625698566,0.00033744568933122927,0,0,0,0,-0.14774132670069562,-6.881064563829546,-1.3991288322150144,0.08290247872238211,0.3839830640004176,-0.46944443415736264,-0.4074150844135888,0.005582054316979665,0.0076861857404572935
174,1.7500000000000013,sac,0.04076999999999975,-0.3255380000000001,-0.14184600000000006,0.03700835525928968,-0.3227453149695677,-0.13927186055165233,0.005345582731008178,0.005579702834154232,-1.570803106772076,-1.5707986656361361,-5.264885037714606e-06,0.06321951361810951,0.0003759210649455457,0,0,0,0,-0.11722035638105768,-6.871281668320992,-1.3790920458706726,0.06845725276008924,0.35237326768044763,-0.4737475854838622,-0.4210691782222727,0.004131739495572911,0.009803882749004157
175,1.7600000000000013,sac,0.039457121214463875,-0.3263257272713217,-0.14210857575710723,0.03587910759591924,-0.3236887219462301,-0.13940291816877465,0.005203514343629116,0.005055656635357897,-1.570803106772076,-1.5707986243258503,-5.264885037714606e-06,0.06503532966850711,0.0004245883621634657,0,0,0,0,-0.09313341140965425,-6.875306183550535,-1.375775121519119,0.061801728780921425,0.30554251324739534,-0.4771574832730247,-0.4090208660253311,0.003259354631883713,0.010540369956335638
176,1.7700000000000014,sac,0.03816464660684776,-0.3271012120358913,-0.14236707067863044,0.03478260749701769,-0.3246510633680011,-0.1395326114802039,0.005047333551760696,0.004951819867419481,-1.570803106772076,-1.570798583320677,-5.264885037714606e-06,0.0669088272119891,0.0004768240413094868,0,0,0,0,-0.06472612832932495,-6.856572896009539,-1.3424445750901943,0.03961741393264466,0.2439977927671598,-0.4800791164640568,-0.3871635878560775,0.0029528206854390632,0.01020932799292756
177,1.7800000000000014,sac,0.03689281172275172,-0.327864312966349,-0.14262143765544966,0.03370252318309697,-0.32559980549731465,-0.13966285738535147,0.004905010933543261,0.0055834409642188726,-1.570803106772076,-1.570798542238309,-5.264885037714606e-06,0.06863713007434757,0.0005110842836815188,0,0,0,0,-0.021879108021999247,-6.820220588082352,-1.3139687342405653,0.02167526511872897,0.17048088849813436,-0.4827740393138494,-0.36516631690310586,0.0036978677623929,0.00980536519716649
178,1.7900000000000014,sac,0.0356418425231359,-0.32861489448611847,-0.14287163149537283,0.03262578234933972,-0.3265228571188446,-0.1397942898217977,0.004789913474578822,0.0051117024511711465,-1.570803106772076,-1.570798501161156,-5.264885037714606e-06,0.07020964958613951,0.0005206009850202275,0,0,0,0,0.007962947864724734,-6.799506732777942,-1.3131371089644508,0.017962601802676836,0.1016384082990421,-0.4852336438893066,-0.3237172459059263,0.005220896509045494,0.009857278322178148
179,1.8000000000000014,sac,0.0344119551999999,-0.32935282688,-0.14311760896000003,0.03155458571585418,-0.3274223965201846,-0.13993374666113673,0.004693410367861228,0.005392274728417107,-1.570803106772076,-1.5707984606536705,-5.264885037714606e-06,0.07172713071531311,0.0005125374300048302,0,0,0,0,0.03489679981414632,-6.80735884128815,-1.295828877868462,0.002609346245044983,0.0353345670835335,-0.48730723244175317,-0.26973303204862203,0.0062214681960761535,0.00892282685175753
180,1.8100000000000014,sac,0.03320335599206392,-0.3300779864047616,-0.14335932880158722,0.030488596729320732,-0.32828294226173066,-0.14008723024674333,0.004615054743195485,0.005256266365913019,-1.570803106772076,-1.5707984207561247,-5.264885037714606e-06,0.07310579901564562,0.0004843791488117972,0,0,0,0,0.02578142055212379,-6.806467674801468,-1.2956382211414412,-0.0024630046629901675,0.008319394509499554,-0.48907881455403474,-0.20518566182241277,0.006365643622134339,0.007420749912298715
181,1.8200000000000014,sac,0.03201624100044781,-0.3307902553997313,-0.14359675179991044,0.02941952592066453,-0.32909828327394214,-0.14025819641879048,0.004555397997192602,0.0053715427504863215,-1.570803106772076,-1.5707983813203192,-5.264885037714606e-06,0.074311460842589,0.000435488106448596,0,0,0,0,0.029479217029395797,-6.7715534874809915,-1.267760759992248,-0.01903555910944274,0.016105259616080114,-0.49037481036559305,-0.18326486819073134,0.005663791062533352,0.0056427240979098365
182,1.8300000000000014,sac,0.030850796004352032,-0.33148952239738877,-0.14382984079912958,0.028352978999638515,-0.3298584038908542,-0.14045053004738242,0.0045077021339336035,0.004809771676052989,-1.570803106772076,-1.5707983425623897,-5.264885037714606e-06,0.07530531134237628,0.000370456084926195,0,0,0,0,-0.01522857300168908,-6.744707571041265,-1.2500466064523637,-0.028916463088206792,0.05179553994080374,-0.4916258953159309,-0.15520744391660596,0.004209468970393678,0.0037699295406152674
183,1.8400000000000014,sac,0.029707196276735792,-0.33217568223395855,-0.14405856074465284,0.02729706373761582,-0.33054714318377143,-0.1406670699724228,0.004468007156689754,0.004792328336800263,-1.570803106772076,-1.5707983046815335,-5.264885037714606e-06,0.07600296698841591,0.00029426052894632,0,0,0,0,-0.008473350465930233,-6.7941213858920735,-1.2674259408347235,-0.02979457971789154,0.10646662451017595,-0.49295773374443175,-0.14904997797408742,0.003489131522229126,0.0013752317005343612
184,1.8500000000000014,sac,0.028585606399999686,-0.33284863616000016,-0.14428287872000006,0.02624969916810324,-0.3311481159470267,-0.14089957519190024,0.004449154341446257,0.005133673302245384,-1.570803106772076,-1.5707982677304777,-5.264885037714606e-06,0.07633632326625372,0.0002196986781358492,0,0,0,0,-0.03373561727533039,-6.778847710474555,-1.2620131501514666,-0.03476353335605668,0.16391877950222916,-0.49293381778579504,-0.1708115727829514,0.003001043532064533,0.0004555778107784949
185,1.8600000000000014,sac,0.027486180081663925,-0.3335082919510016,-0.1445027639836672,0.025215864888109084,-0.33167497961390674,-0.1411450631456583,0.0044485413475650595,0.0050876106836782965,-1.570803106772076,-1.5707982320183294,-5.264885037714606e-06,0.07642445152347777,0.000189549505019873,0,0,0,0,-0.03878052239043393,-6.799333065899523,-1.2976486285218516,-0.01917250526384058,0.22317351935578744,-0.49301578640429083,-0.21124343445529714,0.002576007150930669,0.0007192571166236195
186,1.8700000000000014,sac,0.026409059970047888,-0.3341545640179713,-0.14471818800599043,0.02419072728668388,-0.33214997507898086,-0.1414027960847264,0.004464437288168188,0.004843032941107517,-1.570803106772076,-1.5707981975923455,-5.264885037714606e-06,0.07642040037870368,0.0002158094703482054,0,0,0,0,-0.031586638565761174,-6.824635316790624,-1.319224812292884,-0.011682911044868585,0.2307636466404478,-0.49287253594399383,-0.22857354542011,0.0015859182303273951,0.0016900836023113239
187,1.8800000000000014,sac,0.025354377469951783,-0.3347873735180289,-0.14492912450600964,0.023177625974837968,-0.3325912795918992,-0.1416712237990597,0.004491658114795571,0.005496637624814688,-1.570803106772076,-1.570798164659143,-5.264885037714606e-06,0.0764537665298064,0.00026626530636639353,0,0,0,0,-0.04494469868318138,-6.853488388005493,-1.341385808088544,-0.0028457713824162484,0.2603435662233959,-0.4910493112239096,-0.26264147658566145,8.289372595447265e-05,0.0031699839455488774
188,1.8900000000000015,sac,0.024322252558335755,-0.33540664846499857,-0.14513554948833285,0.022185618783276823,-0.33300073038152783,-0.14195452336550865,0.004524662739606572,0.004860739718266387,-1.570803106772076,-1.570798133195332,-5.264885037714606e-06,0.07649645913185887,0.000322917258475596,0,0,0,0,-0.05466489293857445,-6.835369672779784,-1.3572235015902365,0.00774665428817628,0.24682341461990562,-0.48922395165139443,-0.287769014958786,-0.0014644120411970358,0.00529254873970988
189,1.9000000000000015,sac,0.023312793599999937,-0.33601232384,-0.14533744128,0.021215271153813667,-0.33337294127808575,-0.14225424862809627,0.004568590335009862,0.004777305693634073,-1.570803106772076,-1.5707981029256861,-5.264885037714606e-06,0.07646660162051644,0.00038266377057256446,0,0,0,0,-0.040097292366971855,-6.85822434303412,-1.3475218849242987,-0.0024750770082649642,0.21970386119020854,-0.48858712204553445,-0.2765395872190154,-0.002976617082866807,0.00602897364344001
190,1.9100000000000015,sac,0.022326097163264058,-0.33660434170204157,-0.1455347805673472,0.020266206248431524,-0.33370002918313424,-0.14256371638859086,0.0046373919548363075,0.004878666435415353,-1.570803106772076,-1.5707980737482155,-5.264885037714606e-06,0.0763078897707894,0.0004464202692342222,0,0,0,0,-0.04988664520577787,-6.929644677294496,-1.3884976030433074,0.009684180354945518,0.21355644591880454,-0.4889059544858774,-0.23793772692896248,-0.0044059566439551764,0.005642518062328184
191,1.9200000000000015,sac,0.021362247835647885,-0.33718265129861125,-0.14572755043287042,0.019332648728716012,-0.3339811385638499,-0.14287656026362755,0.004743110927526054,0.0053443253033710674,-1.570803106772076,-1.570798045545036,-5.264885037714606e-06,0.07601969705084,0.0005105029236948282,0,0,0,0,-0.06614025939285716,-6.970463666733418,-1.4176697334905144,0.020025151234135938,0.23148893279684463,-0.48915770395068275,-0.23721824933585284,-0.0048872047251814835,0.006082659907605893
192,1.9300000000000015,sac,0.020421318039551994,-0.33774720917626877,-0.1459157363920896,0.01842084168754709,-0.3342176547670704,-0.14318710517962865,0.004889283000199389,0.004947142019457506,-1.570803106772076,-1.5707980184067163,-5.264885037714606e-06,0.07560735505120064,0.0005731081239341915,0,0,0,0,-0.060690008445323344,-7.013176235190524,-1.4667962212718721,0.04291238133697413,0.26548571882406413,-0.49023259649910056,-0.2617275479078451,-0.004475474858041045,0.007039111008666129
193,1.9400000000000015,sac,0.01950336784793577,-0.3382979792912385,-0.14609932643041285,0.017532276773322735,-0.33441555264302875,-0.14348970238349001,0.005076275639622648,0.005349773982356883,-1.570803106772076,-1.5707979921917783,-5.264885037714606e-06,0.07507726237849122,0.0006296887428560653,0,0,0,0,-0.06618389339244621,-6.997586674828132,-1.4506348297876461,0.03486884587586048,0.2627581212334705,-0.4924115649263451,-0.2996126769476965,-0.0037881761946860783,0.006870517629726619
194,1.9500000000000015,sac,0.018608444800000068,-0.3388349331199999,-0.14627831104,0.01665959458853091,-0.33459159369417546,-0.14378744425010898,0.0052922928863094396,0.00532054967181391,-1.570803106772076,-1.5707979666778158,-5.264885037714606e-06,0.07450798086814303,0.0006720557285802799,0,0,0,0,-0.06377745581754705,-7.00705188107937,-1.4773658827557357,0.04894740721600491,0.2631930022453971,-0.4904467448001921,-0.3579504630425279,-0.002835703833868399,0.007651004232802648
195,1.9600000000000015,sac,0.01773658371686382,-0.3393580497698817,-0.14645268325662725,0.015802042075234765,-0.3347834168191971,-0.14408659195835763,0.005501645756356312,0.0057317687687803865,-1.570803106772076,-1.5707979419388112,-5.264885037714606e-06,0.07412137886534187,0.0006827977495560728,0,0,0,0,-0.0734741318491379,-7.068790523724998,-1.5128513136802115,0.06023893893946217,0.26956629150547634,-0.4743096321427703,-0.4002805644577546,-0.0016539806366197784,0.009183035446816288
196,1.9700000000000015,sac,0.016887806517248027,-0.33986731608965115,-0.1466224386965504,0.01497050060459526,-0.3350089716675279,-0.14438868687776865,0.005680600291745583,0.005922857995410162,-1.570803106772076,-1.5707979180370575,-5.264885037714606e-06,0.07398715931678357,0.0006624316916433769,0,0,0,0,-0.0949962607978976,-7.084936749966091,-1.5341639652482806,0.07027200100437912,0.2531163299318453,-0.46492807662725566,-0.4024089646084532,-0.0012538444407043405,0.009570381963808229
197,1.9800000000000015,sac,0.016062122033151827,-0.34036272678010887,-0.14678757559336963,0.01416260140423099,-0.33528814530666773,-0.14469988567486908,0.005806720670576185,0.005881404855967625,-1.570803106772076,-1.5707978947822505,-5.264885037714606e-06,0.07418582840202514,0.0006118955525696198,0,0,0,0,-0.06343540559812916,-7.083506274770489,-1.5367467509437094,0.07308858406099979,0.20990822385578395,-0.45412313752575,-0.3966940794290694,-0.0018489192442377315,0.01028329600567664
198,1.9900000000000015,sac,0.01525952582553608,-0.3408442845046783,-0.1469480948348928,0.013372163996499648,-0.33561454386599465,-0.1450217019083708,0.00588415767369952,0.006193364111798459,-1.570803106772076,-1.5707978717617348,-5.264885037714606e-06,0.07462875097116917,0.00054900513856465,0,0,0,0,-0.035875046917124426,-7.131138597147917,-1.5527059241423615,0.0747904605715525,0.15857854776691563,-0.4478513964126386,-0.36833012388691494,-0.003321373446869282,0.010768784562710123
199,2.0000000000000013,sac,0.014480000000000048,-0.34131199999999995,-0.14710399999999998,0.012591175185411453,-0.33596416683583685,-0.14534630115327626,0.005937717066996559,0.0064299989000806725,-1.570803106772076,-1.5707978483480063,-5.264885037714606e-06,0.07510408143256297,0.0004931743350111223,0,0,0,0,-0.010051825126426508,-7.179061579073273,-1.5784766564893902,0.0809391066296528,0.09376843001438696,-0.45452869917627065,-0.3569994985690091,-0.005495519627145494,0.011244466832777912
200,2.010000000000001,sac,0.013723513022463774,-0.3417658921865217,-0.14725529739550725,0.011820554345423284,-0.3363449132103876,-0.14566444106796061,0.0059614669873368055,0.006408022264098711,-1.570803106772076,-1.5707978245061152,-5.264885037714606e-06,0.07565065971581353,0.0004377935346012074,0,0,0,0,-0.021294574432708952,-7.158874498608876,-1.5735091324398172,0.07956763005774789,0.08212739867445383,-0.4598505837048309,-0.36012092112464433,-0.00778190397161866,0.012462101210205015
201,2.020000000000001,sac,0.012990019534848019,-0.34220598827909116,-0.1474019960930304,0.011065780966103764,-0.33676383450925185,-0.14597231449589057,0.00594674038387581,0.0061455233085208035,-1.570803106772076,-1.5707978002882874,-5.264885037714606e-06,0.07629767440311608,0.0003829388266383727,0,0,0,0,-0.06389139588781842,-7.167577225730485,-1.5716118799243899,0.07485014869060029,0.10723374433544314,-0.46085061874665306,-0.36713922761657114,-0.009725712958483894,0.01384914225661616
202,2.0300000000000007,sac,0.012279460170751877,-0.34263232389754883,-0.1475441079658496,0.010327466157333568,-0.3372030607240066,-0.14627086830018984,0.005908326199712774,0.0058611539941839,-1.570803106772076,-1.5707977755000855,-5.264885037714606e-06,0.0769076748560078,0.00034252112124371703,0,0,0,0,-0.06307791650373068,-7.161882968797525,-1.5563018062439706,0.06425207498460189,0.15559689490453482,-0.4648616846460225,-0.38180551674637253,-0.010878723481105962,0.01506714873571285
203,2.0400000000000005,sac,0.011591761371135711,-0.34304494317731854,-0.14768164772577286,0.009612109407951642,-0.33767377939903315,-0.14656618197484664,0.00583203961491972,0.006218486123321967,-1.570803106772076,-1.5707977504814385,-5.264885037714606e-06,0.07757444288286819,0.0003193777785976539,0,0,0,0,-0.08340601522228619,-7.207721129667322,-1.5628818354218224,0.058976535582790104,0.21577980199704436,-0.47048052791286293,-0.3736456353219437,-0.012640328342761357,0.015569890443953582
204,2.0500000000000003,sac,0.010926835200000262,-0.3434438988799998,-0.14781463295999994,0.008929582511024542,-0.33816427319729847,-0.1468600767722473,0.005724914249893818,0.005995017042760398,-1.570803106772076,-1.5707977256226149,-5.264885037714606e-06,0.07826365729532503,0.00031832335238708123,0,0,0,0,-0.13313188795619368,-7.22160054563504,-1.5778793059599951,0.06399682789609405,0.28383900858113337,-0.47609191663557154,-0.3862927283242031,-0.014051313003642475,0.014972085256859157
205,2.06,sac,0.010284579160064089,-0.3438292525039615,-0.14794308416798718,0.008284837649648201,-0.33868224642634776,-0.1471498644970462,0.005578515494093487,0.0062292955104168045,-1.570803106772076,-1.5707977013451289,-5.264885037714606e-06,0.07907437585016042,0.0003351663092516704,0,0,0,0,-0.15955983814822103,-7.181957986928872,-1.5489337159054202,0.050076612051509733,0.35553274869690565,-0.468164946552548,-0.41152232769722913,-0.01490687931788428,0.015455792279893951
206,2.07,sac,0.009664876008448009,-0.3442010743949312,-0.1480670247983104,0.007676807269939967,-0.33923474905702267,-0.14742248487004486,0.0053881570495034545,0.006348569262386432,-1.570803106772076,-1.5707976779187394,-5.264885037714606e-06,0.08010240164835825,0.0003638955555846542,0,0,0,0,-0.17901403748324946,-7.213623690986585,-1.5689138580470132,0.05426785621310011,0.40362511952565927,-0.4751505228654763,-0.43101016603307707,-0.015618170391715622,0.014843118102919653
207,2.0799999999999996,sac,0.009067593572352095,-0.3445594438565887,-0.14818648128552958,0.007106085491365651,-0.33984657436921467,-0.14767354953050535,0.005130472857555003,0.005315211869466824,-1.570803106772076,-1.5707976556356553,-5.264885037714606e-06,0.08153414763281686,0.0004168105849001674,0,0,0,0,-0.1883092029129211,-7.17561568099503,-1.54725399774525,0.04293379071251639,0.40834002649442275,-0.46094300047015846,-0.4412820526809555,-0.016384105226169517,0.01533340194144561
208,2.0899999999999994,sac,0.008492584564736116,-0.3449044492611583,-0.14830148308705277,0.006563318267320929,-0.3404766432392026,-0.14790216659255517,0.004846337614857952,0.005915264049315906,-1.570803106772076,-1.5707976337091705,-5.264885037714606e-06,0.08303802220654344,0.0004728461843524708,0,0,0,0,-0.1654959261912062,-7.16913754553924,-1.4992633514199576,0.011385284749630659,0.37887078159811993,-0.44722475187477045,-0.4426984426733013,-0.01670137964945673,0.0161520574753977
209,2.099999999999999,sac,0.007939686399999868,-0.34523618816000007,-0.14841206272000002,0.006044167365095038,-0.3411009303372907,-0.1481063307605629,0.0045592567050986126,0.005488660839712428,-1.570803106772076,-1.5707976119483118,-5.264885037714606e-06,0.0844643841488768,0.0005145321650175024,0,0,0,0,-0.17734545123896528,-7.2008036798970325,-1.5218293360965025,0.015002574673556021,0.38057453452982826,-0.44720239161380176,-0.4197249158155904,-0.016641851610037797,0.016582272868593307
210,2.109999999999999,sac,0.007408721009664054,-0.34555476739420155,-0.14851825579806718,0.005552172215427374,-0.3417049502051711,-0.14828389880341006,0.004280512704721316,0.005131893630061092,-1.570803106772076,-1.570797590603127,-5.264885037714606e-06,0.08576503263450963,0.0005359699515845873,0,0,0,0,-0.1588507565176436,-7.116622092015145,-1.463619685167087,-0.011796985510098945,0.3484140551010241,-0.4458813980035113,-0.4052813979444475,-0.016765250163152307,0.017148341831556776
211,2.1199999999999988,sac,0.0068994946580480665,-0.34586030320517114,-0.14862010106839038,0.00509182494582622,-0.3422702013875777,-0.1484381445359148,0.0040236313236779704,0.0045830449446160205,-1.570803106772076,-1.5707975699222774,-5.264885037714606e-06,0.08686363314541445,0.0005331563797027549,0,0,0,0,-0.1704669237266539,-7.105161850590951,-1.4444590738941496,-0.026576251357425723,0.3539824716664545,-0.4528149070569658,-0.4135570782982689,-0.016832018230362986,0.01660170755828197
212,2.1299999999999986,sac,0.006411797757952198,-0.3461529213452287,-0.14871764044840957,0.004657686034845113,-0.3427825696273086,-0.14857339398947517,0.003802234301110839,0.004279531663964367,-1.570803106772076,-1.5707975499124716,-5.264885037714606e-06,0.08770204154705374,0.0005053892572852314,0,0,0,0,-0.13977650773182163,-7.11587770808731,-1.434823082789825,-0.03776369594383579,0.32774335405080796,-0.4666365895130028,-0.4304494838451732,-0.01690502574914097,0.015164592102185162
213,2.1399999999999983,sac,0.00594540468633642,-0.3464327571881981,-0.1488109190627327,0.004240289045354821,-0.34322447847400683,-0.1486957279340064,0.0036350709282199868,0.004205388645603527,-1.570803106772076,-1.5707975303541737,-5.264885037714606e-06,0.08817779446256169,0.0004494786416044119,0,0,0,0,-0.13370124432690347,-7.120930588813536,-1.4285669519538764,-0.045642897955746775,0.29013467253491065,-0.4759382696981938,-0.4151319114072085,-0.017053913553613617,0.013019001627168996
214,2.149999999999998,sac,0.005500073600000155,-0.3466999558399999,-0.14889998527999998,0.003839324169350629,-0.34358465693785284,-0.14880565209075852,0.003531582459990693,0.004531861904258641,-1.570803106772076,-1.5707975111480392,-5.264885037714606e-06,0.08821286451110266,0.000367382660972751,0,0,0,0,-0.10287049725340894,-7.155265283322064,-1.4510389866983837,-0.03913443484165409,0.2317401986826836,-0.48242126756252557,-0.4040988122880872,-0.01725816817785313,0.010306160623381815
215,2.159999999999998,sac,0.0050755462512640515,-0.34695467224924154,-0.1489848907497472,0.0034561010158493033,-0.34387375779845497,-0.14890570361431202,0.0034815093459577896,0.003826787568053672,-1.570803106772076,-1.570797492316342,-5.264885037714606e-06,0.08786375672723556,0.0002757994338621589,0,0,0,0,-0.08286049254899353,-7.195916320308846,-1.4897139733342968,-0.02392666034700494,0.17362826762678782,-0.4867345178021749,-0.36948261503825375,-0.017558754910750735,0.00912643353626734
216,2.1699999999999977,sac,0.004671547803648202,-0.3471970713178111,-0.14906569043927037,0.003089028700257628,-0.3441216235908003,-0.14900074968661156,0.0034593298101695735,0.003124350229036863,-1.570803106772076,-1.570797473973779,-5.264885037714606e-06,0.08731794903663226,0.00019821907500990808,0,0,0,0,-0.07963339886973186,-7.195475587374156,-1.4716402591813327,-0.03554682309920014,0.10172881912990502,-0.49022754331409707,-0.3497616549754494,-0.01784248946208449,0.007183588242227356
217,2.1799999999999975,sac,0.00428778664755225,-0.34742732801146864,-0.14914244267048954,0.0027361612913411985,-0.3443408830804236,-0.14908547837265612,0.003454986033204526,0.0034932179580038185,-1.570803106772076,-1.5707974561912617,-5.264885037714606e-06,0.08666649275377081,0.00013730742860859589,0,0,0,0,-0.05434114839636989,-7.176894378013787,-1.4501061364560623,-0.046112950899290045,0.08632029926295821,-0.49284299800377923,-0.34390744768021436,-0.01811887554286095,0.004630532855153345
218,2.1899999999999973,sac,0.003923954215936387,-0.34764562747043815,-0.14921520915681272,0.002399513834417863,-0.34452719358048617,-0.1491569161212132,0.003471591347034493,0.003559998539476745,-1.570803106772076,-1.570797439158478,-5.264885037714606e-06,0.08591259427246856,8.858496388558305e-05,0,0,0,0,-0.06364698079797586,-7.201592581720697,-1.4788523773572702,-0.03376440314273675,0.04297394935929552,-0.49473122599134106,-0.3441519923815567,-0.018325173066852555,0.0015881982394161383
219,2.199999999999997,sac,0.003579724800000128,-0.3478521651199999,-0.14928405503999997,0.0020750247102416385,-0.34466926486764743,-0.14921976627903027,0.0035212369163877036,0.003480684405388522,-1.570803106772076,-1.5707974228688664,-5.264885037714606e-06,0.08500639678672472,6.0761837501299055e-05,0,0,0,0,-0.05473113764889108,-7.223304621233829,-1.4966259299690334,-0.02712067649695732,0.04648540236315172,-0.4960773593084742,-0.3521098240029002,-0.018568535810392427,-0.0018425973530520647
220,2.209999999999997,sac,0.0032547553648640815,-0.3480471467810815,-0.14934904892702716,0.0017601625810282748,-0.34477455101898985,-0.14927551554427654,0.003598485482801492,0.0036489011118287407,-1.570803106772076,-1.570797407445188,-5.264885037714606e-06,0.08401915186974707,8.033055131715241e-05,0,0,0,0,-0.07904362033699361,-7.24817639344261,-1.508921259587805,-0.02285171369673751,0.06444345058838322,-0.49726317771551487,-0.3279678930162832,-0.018443089775785865,-0.00547405690160669
221,2.2199999999999966,sac,0.0029486853652480605,-0.3482307887808511,-0.14941026292695037,0.001455986373157481,-0.3448465970915094,-0.14932703845436915,0.0036997067429776504,0.003637558035604831,-1.570803106772076,-1.5707973927789132,-5.264885037714606e-06,0.08294603025190828,0.00012247091019629224,0,0,0,0,-0.0778895522514676,-7.260740155375063,-1.534395572919962,-0.009691869616857876,0.09877857905405571,-0.4974713400557014,-0.2871616584082683,-0.018336108749846425,-0.007379246480692334
222,2.2299999999999964,sac,0.0026611365611521887,-0.34840331806330865,-0.14946777268776956,0.0011647604444395617,-0.3448723424097286,-0.1493772943931698,0.0038360287890782116,0.003549635502722038,-1.570803106772076,-1.5707973785511387,-5.264885037714606e-06,0.08164970710258856,0.0001775220276437619,0,0,0,0,-0.1086674439641574,-7.255834894702334,-1.533531819603696,-0.009162031201102039,0.1433427867532023,-0.49723382291506446,-0.23463553627067327,-0.018462739765723553,-0.007926175324597736
223,2.239999999999996,sac,0.0023917128335358973,-0.34856497229987843,-0.14952165743329282,0.0008974687597159146,-0.3448451258160527,-0.14942363654505086,0.004009941559413119,0.003705146382811228,-1.570803106772076,-1.5707973645861988,-5.264885037714606e-06,0.08002249408354634,0.00024367241230982724,0,0,0,0,-0.12507504377750062,-7.333545484308336,-1.567991362708821,-0.0004003419174190975,0.19485165756828504,-0.49662692250846496,-0.17440510678773796,-0.01840426119865666,-0.009350870501249338
224,2.249999999999996,sac,0.002140000000000253,-0.3487159999999998,-0.14957199999999993,0.0006539786363272592,-0.3448074878139697,-0.14946394275434147,0.004182870231070731,0.004287908285042942,-1.570803106772076,-1.5707973509632052,-5.264885037714606e-06,0.07831201261316778,0.00028800202385913037,0,0,0,0,-0.10817080799944268,-7.398238876081627,-1.6070652920995714,0.014579016935370254,0.20654882554297127,-0.49504919358300997,-0.10981644818894207,-0.01790317956951914,-0.00959977725990611
225,2.259999999999996,sac,0.0019055656304637347,-0.3488566606217217,-0.14961888687390723,0.0004352217083476067,-0.3447801632170499,-0.14949318069216933,0.004335382841656196,0.0041900873552883485,-1.570803106772076,-1.5707973376736817,-5.264885037714606e-06,0.07662828967813051,0.00030437206915415166,0,0,0,0,-0.11977843590806522,-7.440211352392204,-1.654186984603916,0.03952225216496241,0.24165173458246353,-0.49174638514573943,-0.04777070987841372,-0.017654891563609897,-0.008810611126688706
226,2.2699999999999956,sac,0.0016879588628480047,-0.34898722468229115,-0.14966240822743038,0.0002433206005018807,-0.3447824897873916,-0.14950576514105637,0.004448742777676517,0.0041862439492761595,-1.570803106772076,-1.570797324686038,-5.264885037714606e-06,0.0750653384799298,0.0002906386451176262,0,0,0,0,-0.1252148072945256,-7.462027366566153,-1.6631729545553053,0.042278390169849925,0.28493086900602543,-0.4914818991735561,0.02028121716340236,-0.01778087207564317,-0.009125125857274066
227,2.2799999999999954,sac,0.0014867102187524628,-0.3491079738687485,-0.14970265795624949,8.354950796873443e-05,-0.34482674312769235,-0.14949166647672765,0.004510245452620282,0.004715359704873787,-1.570803106772076,-1.570797312022585,-5.264885037714606e-06,0.073677868084435,0.0002535577121897931,0,0,0,0,-0.14869414268943074,-7.497799902423682,-1.6759963704431273,0.0447127114211822,0.28064049925782414,-0.491682830458259,0.0621133536967932,-0.01772828580670987,-0.010364906369722586
228,2.289999999999995,sac,0.0013013314191361314,-0.3492192011485183,-0.14973973371617277,-4.905155722722793e-05,-0.34490659097199844,-0.14944303641509657,0.004528815519088896,0.005000422093689616,-1.570803106772076,-1.5707972994119892,-5.264885037714606e-06,0.07240463907668482,0.00021642585132550268,0,0,0,0,-0.12795410095455573,-7.5357764408942645,-1.7115961134425506,0.06007111602255574,0.2524821969208798,-0.49208034271354467,0.0682977579569526,-0.01689208159597413,-0.010748989641427079
229,2.299999999999995,sac,0.0011313152000003157,-0.3493212108799998,-0.14977373695999993,-0.00015653144016284057,-0.3450252634443184,-0.14936213295071082,0.004503679739854957,0.005164530146928146,-1.570803106772076,-1.5707972866957198,-5.264885037714606e-06,0.07124187195242548,0.00019818609463338104,0,0,0,0,-0.10329446452761773,-7.506889216383838,-1.7104617229722463,0.06456500876421405,0.20306191850638652,-0.4926696155046,0.05931720800787605,-0.01694399003704592,-0.011749324678239264
230,2.3099999999999947,sac,0.0009761351280643815,-0.3494143189231613,-0.1498047729743871,-0.00024381115755964253,-0.34519541386796243,-0.14925134716193217,0.004426478163786878,0.004856821955018263,-1.570803106772076,-1.5707972736476365,-5.264885037714606e-06,0.07023631755530091,0.00021520765211992504,0,0,0,0,-0.09272531485059257,-7.487086772872483,-1.7095734963335074,0.06725643889174913,0.15703566346798342,-0.4931235829151467,0.02267015841722604,-0.017228147465884067,-0.011579473975227288
231,2.3199999999999945,sac,0.0008352454164479717,-0.3494988527501312,-0.1498329509167104,-0.00031842393983910517,-0.345406192572977,-0.14911125820490043,0.004312964256700878,0.004669555711968269,-1.570803106772076,-1.5707972599077866,-5.264885037714606e-06,0.06929300903204338,0.00027136109516547356,0,0,0,0,-0.08268167603329757,-7.461276977274456,-1.6858916810862947,0.057367791635609136,0.10216885482571608,-0.49257733248817287,-0.02468696810139131,-0.017488197379514108,-0.010444128985361272
232,2.3299999999999943,sac,0.0007080807403525569,-0.34957515155578844,-0.14985838385192948,-0.000379594109788662,-0.3456479560128848,-0.14894541812057432,0.004176051704476486,0.004943486966013714,-1.570803106772076,-1.5707972456639177,-5.264885037714606e-06,0.06838799336977308,0.000346084924419722,0,0,0,0,-0.0552672220613634,-7.410948679384519,-1.6541682757405993,0.045109686883797684,0.04537557756009599,-0.4657156855787232,-0.055682126951692446,-0.017294809089975733,-0.008619962506656613
233,2.339999999999994,sac,0.0005940560527364358,-0.34964356636835814,-0.14988118878945272,-0.00043251348825260863,-0.3459205222232939,-0.14875986278208608,0.004021476686912463,0.004379377038180132,-1.570803106772076,-1.5707972310699048,-5.264885037714606e-06,0.0675648312038859,0.0004238897768683553,0,0,0,0,-0.030791751836900645,-7.381353902541912,-1.6444663985445434,0.04375013789895581,-0.009912172784113646,-0.43124688654477317,-0.05325459572518805,-0.016671453704742652,-0.006277242604910581
234,2.349999999999994,sac,0.0004925663999999497,-0.34970446016,-0.14990148672,-0.0004850780151728186,-0.346227157229463,-0.14856494574569018,0.0038514628453678148,0.0041839906486316625,-1.570803106772076,-1.5707972160994514,-5.264885037714606e-06,0.06686268923426453,0.0004978853781162525,0,0,0,0,-0.022191221933540832,-7.2846205030598945,-1.5705819706787618,0.01240696012763258,-0.06184399757485268,-0.3789697881955239,-0.046582617888030746,-0.016181561224474835,-0.0034031053323796997
235,2.3599999999999937,sac,0.000402986737663813,-0.3497582079574017,-0.14991940265246723,-0.0005433131462709293,-0.3465581045232653,-0.14836462801540687,0.003681503718801962,0.004372714766005812,-1.570803106772076,-1.5707972006583215,-5.264885037714606e-06,0.06623266086221102,0.0005636780153006207,0,0,0,0,-0.02610998506205857,-7.293281513018291,-1.558220603057647,0.002204922676965815,-0.0700427836315656,-0.3527400444663738,-0.06053662552460776,-0.016733782439632548,-0.0007742371351459978
236,2.3699999999999934,sac,0.0003246717460481108,-0.3498051969523711,-0.14993506565079037,-0.0006047550461956586,-0.34689684612876737,-0.14815195539526183,0.00353579140485807,0.003573507620567509,-1.570803106772076,-1.5707971849684172,-5.264885037714606e-06,0.06561685746586154,0.0006199757411875796,0,0,0,0,-0.03819467940793274,-7.24062853043168,-1.5400834938668893,-0.002582571824446156,-0.052384047530036816,-0.34130496726246057,-0.09307170181940633,-0.01731702991993228,0.0023187998933518195
237,2.3799999999999932,sac,0.00025695564595240583,-0.3498458266124285,-0.14994860887080952,-0.0006630429573968048,-0.3472196536581553,-0.1479280845866348,0.0034388515813946127,0.0034476700133106624,-1.570803106772076,-1.5707971692687732,-5.264885037714606e-06,0.06490315643454192,0.0006573223137614857,0,0,0,0,-0.019199117934370128,-7.203133035676913,-1.4966955598107046,-0.024735034588574116,-0.06071529405128166,-0.33456352445072657,-0.08818783618928905,-0.01683169861414173,0.005099547368686189
238,2.389999999999993,sac,0.00019915201433629015,-0.3498805087913982,-0.14996016959713274,-0.0007205361670495857,-0.3475159876296268,-0.14770445820784928,0.0033948520655823376,0.0035238297643191327,-1.570803106772076,-1.5707971535733751,-5.264885037714606e-06,0.06404081138793538,0.0006710072122442139,0,0,0,0,-0.01588951643240637,-7.138841701333075,-1.4607760134909429,-0.03771058419567514,-0.05243117661903218,-0.33808468495672794,-0.055685292831465956,-0.016012822949602434,0.006421607541422368
239,2.399999999999993,sac,0.0001505535999997143,-0.34990966784000016,-0.14996988928000005,-0.0007795693331532257,-0.3477777434517962,-0.14748322689172724,0.0034049552274657783,0.0033142039202644375,-1.570803106772076,-1.5707971379766208,-5.264885037714606e-06,0.063010085542331,0.0006639646920110017,0,0,0,0,0.007150749462686977,-7.122018628403936,-1.459379926218512,-0.037275447671050316,-0.07125996841181394,-0.3454435430651856,-0.05622052176785893,-0.014511280207383358,0.006946775084532477
240,2.4099999999999926,sac,0.00011043213926442697,-0.34993374071644134,-0.14997791357214713,-0.0008359378169865545,-0.3479920579746534,-0.1472665638230366,0.0034665783455524873,0.0031482359329028033,-1.570803106772076,-1.5707971227330038,-5.264885037714606e-06,0.06176891658629424,0.0006365371568762991,0,0,0,0,0.025670091135583994,-7.118263003949935,-1.4591479092396706,-0.03696410361689549,-0.1077306561556515,-0.3526366916506816,-0.079681480462955,-0.012334875373721528,0.007145454331076796
241,2.4199999999999924,sac,7.803817164786508e-05,-0.34995317709701124,-0.1499843923656704,-0.0008933120898520535,-0.3481726769425843,-0.1470593299160711,0.0035594511465233234,0.0031876481958411653,-1.570803106772076,-1.570797107990981,-5.264885037714606e-06,0.060431103571579436,0.0006006531636142272,0,0,0,0,0.020266676441742605,-7.113503307227243,-1.4604920370029577,-0.03603881613440725,-0.15951518141946025,-0.3563206881452806,-0.11416978857161786,-0.009854475898055444,0.006630994747677995
242,2.429999999999992,sac,5.260085555214289e-05,-0.34996843948666867,-0.14998947982888955,-0.0009567215486000459,-0.3483414602847515,-0.14686680618421558,0.0036629064593756756,0.0034533048949164005,-1.570803106772076,-1.5707970939426446,-5.264885037714606e-06,0.05916786614732783,0.0005668048316382538,0,0,0,0,-0.0008317013331617384,-7.075350956891354,-1.435150673297405,-0.04541232659784751,-0.18956549203952758,-0.3620309073525961,-0.10429078997906782,-0.008634969743023746,0.006863678913842002
243,2.439999999999992,sac,3.3327783936165645e-05,-0.3499800033296383,-0.14999333444321278,-0.0010215304377542839,-0.348496397434936,-0.14669360669746734,0.0037685561578283087,0.00392999429968166,-1.570803106772076,-1.5707970807609348,-5.264885037714606e-06,0.05797992179957645,0.0005307390227969386,0,0,0,0,0.012096689824867238,-7.115967021190428,-1.4774460612643339,-0.0256491302449261,-0.1919582758362571,-0.37067135768510834,-0.06983813045446494,-0.006736287896763964,0.006665210860135827
244,2.4499999999999917,sac,1.9404799999955813e-05,-0.34998835712,-0.14999611904,-0.0010895178524279222,-0.34863542278688087,-0.1465414614146942,0.0038723119795392924,0.0038245515550119047,-1.570803106772076,-1.570797068420192,-5.264885037714606e-06,0.05685764341960198,0.0004915369155755537,0,0,0,0,0.011788678177266261,-7.114094165969227,-1.4998639335047492,-0.010678826283734247,-0.20281137531433344,-0.3845467038088613,-0.07784626641107925,-0.005844298246626069,0.005727381610912789
245,2.4599999999999915,sac,9.995812864316278e-06,-0.3499940025122814,-0.14999800083742715,-0.0011560450726978855,-0.3487614095173151,-0.14641180260161482,0.003967335960639853,0.0035507788464542145,-1.570803106772076,-1.5707970568851628,-5.264885037714606e-06,0.055792639559986146,0.00045045277326264234,0,0,0,0,-0.003087870681207555,-7.048597375146165,-1.4420288948721969,-0.03609256803893969,-0.21342740045205946,-0.3629650277410683,-0.07097535523240087,-0.006019625337710133,0.005435182996368088
246,2.4699999999999913,sac,4.242613247829041e-06,-0.34999745443205127,-0.14999915147735043,-0.0012181319059080184,-0.34886731734539483,-0.14630772975412473,0.004049444855584576,0.003476735244529626,-1.570803106772076,-1.5707970463071381,-5.264885037714606e-06,0.05476099538039203,0.0004031636346373708,0,0,0,0,-0.008664500713352424,-7.063199765183647,-1.4330349591449245,-0.04531669098692606,-0.2382130509957208,-0.3337508754940824,-0.04235923213823071,-0.007092128681874887,0.005563260347107852
247,2.479999999999991,sac,1.2646891522916093e-06,-0.3499992411865086,-0.14999974706216954,-0.0012804802513803498,-0.34894139438049837,-0.14622842539796457,0.004121259158615091,0.003930376185735429,-1.570803106772076,-1.5707970368414446,-5.264885037714606e-06,0.05374418331086428,0.00034794818834896647,0,0,0,0,0.026416113418751594,-7.076292642223128,-1.4413618825145054,-0.043096646181993555,-0.2770240355329322,-0.294866796011384,-0.03870003445372964,-0.008241556157856477,0.006471198106177492
248,2.489999999999991,sac,1.590415363850184e-07,-0.3499999045750781,-0.1499999681916927,-0.0013492907607946722,-0.34896530995021824,-0.14616974544922529,0.004190704840920547,0.0041368672179196,-1.570803106772076,-1.570797028469975,-5.264885037714606e-06,0.052663507703527124,0.0002847033896317728,0,0,0,0,0.027610968652423254,-7.059773327713851,-1.439546210849065,-0.0403200257290678,-0.2989649437193553,-0.24421885646842717,-0.01425362764215118,-0.009723283744345683,0.008024559404495049
249,2.4999999999999907,sac,0.0,-0.35,-0.15,-0.0014194665366896524,-0.3489197258045319,-0.14613267857564627,0.004258879264013157,0.0040195059397175326,-1.570803106772076,-1.5707970211817268,-5.264885037714606e-06,0.051391289992785305,0.00021615010041638337,0,0,0,0,0.010777771460925664,-7.074040730366161,-1.4499342636484862,-0.03620753099873954,-0.2816975996024584,-0.21844975501317465,0.007512567783284109,-0.009937648075440229,0.00950625587462631
250,2.5099999999999905,sac,-1.590415359995458e-07,-0.3499999045750784,-0.14999996819169278,-0.001489577034339616,-0.3488146384327658,-0.14611951561999098,0.0043221677369841794,0.003595789688962731,-1.570803106772076,-1.5707970150350148,-5.264885037714606e-06,0.04998670760836976,0.000173095885918215,0,0,0,0,-0.0024695225981798408,-7.114915600099289,-1.4707332433823024,-0.02943799621087085,-0.2524927633011287,-0.2149688865557443,0.04672982925108931,-0.009219918251028764,0.010234135730333266
251,2.5199999999999902,sac,-1.264689151998157e-06,-0.34999924118650877,-0.1499997470621696,-0.001556117035481269,-0.34863648797353997,-0.14612713958816004,0.00438996022602678,0.003949866182799274,-1.570803106772076,-1.5707970099252562,-5.264885037714606e-06,0.048344561223301774,0.00019632070915828967,0,0,0,0,-0.009414590899441147,-7.1004779956700075,-1.4363359024340538,-0.047546566905434774,-0.20606847611402176,-0.22394975330234176,0.08890117810993847,-0.008141717588553594,0.009952745767318512
252,2.52999999999999,sac,-4.2426132479957975e-06,-0.34999745443205116,-0.1499991514773504,-0.0016161471220756546,-0.3483866565403794,-0.1461508596296239,0.004472388191858048,0.004363911392356999,-1.570803106772076,-1.570797005858528,-5.264885037714606e-06,0.04646411443496823,0.0002820044187115247,0,0,0,0,-0.024618582900302666,-7.156525316612018,-1.497944606816497,-0.01663217693966311,-0.14746495689968112,-0.2408518025990242,0.1320897179557472,-0.0065488230066586,0.009044543632569945
253,2.53999999999999,sac,-9.995812863992429e-06,-0.3499940025122816,-0.1499980008374272,-0.0016671298582629907,-0.3481021748447658,-0.14619550782794094,0.004558953635999223,0.004264421342758786,-1.570803106772076,-1.5707970029902936,-5.264885037714606e-06,0.04456520374585193,0.00037191587423201903,0,0,0,0,-0.02774099518608942,-7.2058536402157705,-1.5565185302883593,0.015606837830562437,-0.13921506445174972,-0.260454904618204,0.15129982585081442,-0.006029238605320765,0.00897401600839178
254,2.5499999999999896,sac,-1.9404799999988024e-05,-0.34998835712,-0.14999611904,-0.0017112464112713608,-0.3477958714970519,-0.14626108120197387,0.004649712775640046,0.004645346745213354,-1.570803106772076,-1.5707970011070016,-5.264885037714606e-06,0.04268849742351044,0.0004497227881799301,0,0,0,0,-0.03142301454586322,-7.234090263682399,-1.5717050212788997,0.02229142079541565,-0.12258000281106474,-0.2475609857191178,0.18180008121854468,-0.006439115495681439,0.009481931064263345
255,2.5599999999999894,sac,-3.332778393598254e-05,-0.3499800033296384,-0.1499933344432128,-0.0017537710782160358,-0.3474760605300837,-0.14634260063822524,0.004749474916993899,0.004422720223528181,-1.570803106772076,-1.5707969999617544,-5.264885037714606e-06,0.04085752445553137,0.0005124597893995936,0,0,0,0,-0.07639735708574266,-7.206572302358237,-1.5486722845809446,0.01600489513867881,-0.08622767751323954,-0.22066836554509134,0.21388772532764141,-0.007597295571895317,0.01044561174875985
256,2.569999999999989,sac,-5.260085555197597e-05,-0.3499684394866688,-0.1499894798288896,-0.0017829103163990037,-0.34714104603019635,-0.14643625261325421,0.0048593773504361495,0.004613334715842424,-1.570803106772076,-1.5707969996568003,-5.264885037714606e-06,0.03903770670821949,0.0005638440762530782,0,0,0,0,-0.0892475880749772,-7.283246271451852,-1.596150137884202,0.035236701933731664,-0.03603568203020978,-0.18324819159259553,0.22770250167700173,-0.008775641488551346,0.010248777486156277
257,2.579999999999989,sac,-7.803817164796825e-05,-0.3499531770970112,-0.1499843923656704,-0.0018013945392235825,-0.3467929363824676,-0.1465397259644557,0.0049822490061396775,0.004793272219608877,-1.570803106772076,-1.5707970000195937,-5.264885037714606e-06,0.037220942055658846,0.00060644876295715,0,0,0,0,-0.09509278746623716,-7.266469431720987,-1.5867040965787433,0.03490562584327489,-0.008347690393680218,-0.188421936882391,0.24997119896764355,-0.009040744424187156,0.009355855285698588
258,2.5899999999999888,sac,-0.00011043213926395935,-0.3499337407164416,-0.1499779135721472,-0.001811256900269788,-0.3464338464076714,-0.1466519550449629,0.005118990639253296,0.005092556432048103,-1.570803106772076,-1.5707970009379697,-5.264885037714606e-06,0.0354068686132325,0.0006419071061107893,0,0,0,0,-0.11969239785979548,-7.297255263246584,-1.6174930951275464,0.051996258958854964,0.02615967287788614,-0.21534652465691503,0.24742577162069204,-0.008552069835289928,0.00792811741692374
259,2.5999999999999885,sac,-0.00015055359999994927,-0.34990966784,-0.14996988928000002,-0.001810474578620571,-0.3460709026647238,-0.1467698773133202,0.005266073709422633,0.005222260345576649,-1.570803106772076,-1.5707970023654907,-5.264885037714606e-06,0.03361967481358552,0.0006676926625410743,0,0,0,0,-0.11204318495013248,-7.3647016095325935,-1.6886297739298128,0.0881582428614854,0.0774564507249359,-0.2450093545160696,0.2589001692079549,-0.009054555661156165,0.006336715722517271
260,2.6099999999999883,sac,-0.00019915201433593806,-0.3498805087913984,-0.14996016959713282,-0.0017915310591568787,-0.3457329781293448,-0.14689354678667746,0.005398319838307576,0.005799242028656189,-1.570803106772076,-1.570797004649679,-5.264885037714606e-06,0.03205160012167663,0.0006698713086480177,0,0,0,0,-0.12187570641514853,-7.391667772470076,-1.7112098209084465,0.10090458207748333,0.12622251062423617,-0.23497760462145723,0.2633213038715939,-0.009078769314314575,0.005989491793104864
261,2.619999999999988,sac,-0.0002569556459519256,-0.3498458266124288,-0.1499486088708096,-0.001752863909952254,-0.34545238424166735,-0.14702846028276947,0.0054833698740591255,0.005553208221726677,-1.570803106772076,-1.5707970077042719,-5.264885037714606e-06,0.03085718845815899,0.0006404703679511959,0,0,0,0,-0.14599357028047616,-7.418749577714942,-1.7393136732102434,0.11732049527612737,0.13608783857036255,-0.2039463192617007,0.2686549953586128,-0.00960410860873562,0.006574264680841815
262,2.629999999999988,sac,-0.0003246717460479118,-0.3498051969523712,-0.1499350656507904,-0.0016903377178828045,-0.3452485015802768,-0.14716985449270314,0.0055022639894414934,0.005792638282735297,-1.570803106772076,-1.5707970113475764,-5.264885037714606e-06,0.03009664605847351,0.0005844640924377409,0,0,0,0,-0.13310941795488548,-7.429282716459848,-1.7330192523603238,0.11374672248636253,0.14636047375823263,-0.15661474277847132,0.2525245765282858,-0.010591648760451638,0.007865615749119615
263,2.6399999999999877,sac,-0.0004029867376638968,-0.34975820795740165,-0.14991940265246723,-0.0016130283545869517,-0.3451410282252617,-0.14731620790512095,0.005436834767231826,0.005546371044318988,-1.570803106772076,-1.5707970152664885,-5.264885037714606e-06,0.02985807123000339,0.0005115346134875044,0,0,0,0,-0.10189243247399207,-7.442274261195625,-1.7425876484800487,0.11871970137141298,0.12247827114037951,-0.12805419918666527,0.2543318815265247,-0.01167453241074675,0.009854854531078061
264,2.6499999999999875,sac,-0.0004925663999998805,-0.34970446016000006,-0.14990148672,-0.0015272811656502716,-0.34510801839850264,-0.14746907382073018,0.0053023149685422055,0.005473210719214926,-1.570803106772076,-1.570797018886878,-5.264885037714606e-06,0.029941978016778226,0.000459589211289445,0,0,0,0,-0.08142114215788661,-7.507220546375757,-1.7590628975988598,0.11698613909749149,0.07674288912585998,-0.11630372542379928,0.268540565986677,-0.012693530175881335,0.01182146850187661
265,2.6599999999999873,sac,-0.0005940560527358631,-0.34964356636835847,-0.14988118878945283,-0.001434141324365445,-0.3451437964382224,-0.1476278483637847,0.005102079552664377,0.005047208754936345,-1.570803106772076,-1.5707970218844347,-5.264885037714606e-06,0.030263674154130893,0.0004481440811768394,0,0,0,0,-0.045074985777213694,-7.5048658982565675,-1.7503590766260202,0.11111528024779384,0.021204552067273383,-0.12682691359210824,0.29012628786578193,-0.013720989826358755,0.012830288433703436
266,2.669999999999987,sac,-0.0007080807403518439,-0.3495751515557889,-0.14985838385192962,-0.00133589651423471,-0.3452304257038937,-0.14778555301318014,0.0048546290342449065,0.0051362212461096065,-1.570803106772076,-1.570797023901022,-5.264885037714606e-06,0.030671838974968946,0.0004786950717748125,0,0,0,0,-0.010388211847910146,-7.535852803565218,-1.7484777459566343,0.10328393207877967,-0.02619164894040052,-0.16185576234885266,0.3193090257913956,-0.014445448877841154,0.013530884761550151
267,2.679999999999987,sac,-0.0008352454164478237,-0.34949885275013126,-0.14983295091671042,-0.0012337574108732382,-0.34534748346826144,-0.14793164969993733,0.00458340757963506,0.005331952529416326,-1.570803106772076,-1.5707970246940968,-5.264885037714606e-06,0.031019112516656344,0.0005306286330602751,0,0,0,0,-0.013470214078423928,-7.501012727152046,-1.723448403485924,0.09230982386262404,-0.04131298192520842,-0.16748440999219158,0.3158401613822468,-0.015140761901879246,0.014475961509496468
268,2.6899999999999866,sac,-0.0009761351280638024,-0.3494143189231617,-0.14980477297438724,-0.001135799611094959,-0.34550354699234725,-0.14805871033366957,0.004285833009730759,0.005325528515442978,-1.570803106772076,-1.570797024318073,-5.264885037714606e-06,0.031396050500948514,0.0005884168918267469,0,0,0,0,0.00404217842929162,-7.547546378045616,-1.7483944139940768,0.09936189027649932,-0.03529484366141668,-0.15277399574588865,0.2909210426804641,-0.014863690796240541,0.0146792343079442
269,2.6999999999999864,sac,-0.001131315199999779,-0.3493212108800001,-0.14977373696000004,-0.001049246668135977,-0.34570074976911364,-0.14815812609839568,0.003965434699436832,0.004382318844242429,-1.570803106772076,-1.5707970228213601,-5.264885037714606e-06,0.03185346770168884,0.0006465398949493231,0,0,0,0,0.05157062619548308,-7.460951843471529,-1.7024829499371306,0.0849554200606153,-0.028348631349488992,-0.14304205747411228,0.2411044352897804,-0.014903378759465754,0.013876607049141402
270,2.709999999999986,sac,-0.001301331419135755,-0.3492192011485185,-0.14973973371617286,-0.0009751264715095311,-0.34594082700632467,-0.14823706940850548,0.0036210698288763376,0.0038661282755547096,-1.570803106772076,-1.5707970203174875,-5.264885037714606e-06,0.032422626152291745,0.000710887794729702,0,0,0,0,0.06246238077284487,-7.48440218338959,-1.6845354094031277,0.06673478244882217,-0.0454662302164359,-0.15523543858946745,0.22489705264853116,-0.014054512987928282,0.012760674881904884
271,2.719999999999986,sac,-0.0014867102187517288,-0.3491079738687489,-0.14970265795624965,-0.0009166484358047808,-0.346218641725801,-0.14829715231626245,0.0032632279682370314,0.003469480351885572,-1.570803106772076,-1.5707970170346552,-5.264885037714606e-06,0.033127438270490916,0.0007784495193553857,0,0,0,0,0.07047392691064852,-7.4309490608578175,-1.6307550883049364,0.040060906716159805,-0.07046480880458449,-0.13293405830993604,0.21338114126042834,-0.01362055621938455,0.01089844040878505
272,2.7299999999999858,sac,-0.0016879588628477022,-0.3489872246822914,-0.14966240822743046,-0.0008699237530730317,-0.3465018409209279,-0.1483310967588386,0.0029357629516835234,0.0030468121642293782,-1.570803106772076,-1.5707970131400977,-5.264885037714606e-06,0.03380656380469693,0.0008329162337802594,0,0,0,0,0.0665252942821886,-7.342209456210982,-1.5633338948434043,0.011456181443159803,-0.06777449559493201,-0.10280078260453634,0.1832669806357683,-0.013341309425060986,0.008410961965848786
273,2.7399999999999856,sac,-0.001905565630463674,-0.34885666062172177,-0.14961888687390726,-0.0008393064534010285,-0.3467850270563496,-0.14834313506610614,0.002656335245588307,0.0027419991870205112,-1.570803106772076,-1.5707970087947893,-5.264885037714606e-06,0.03447381173170072,0.0008745476443630325,0,0,0,0,0.10911580952991087,-7.36572912778756,-1.5577239542211707,0.00037640462337099403,-0.08892212196219869,-0.09931547954930167,0.18077314052480511,-0.012219193659317942,0.0059824528578889665
274,2.7499999999999853,sac,-0.002139999999999644,-0.3487160000000002,-0.14957200000000007,-0.0008290872101503532,-0.3470472417574576,-0.14834064964675156,0.002453460842787083,0.0030324947403094125,-1.570803106772076,-1.5707970040067543,-5.264885037714606e-06,0.03502865574635594,0.0008954940365709193,0,0,0,0,0.13366492323591644,-7.327579340940148,-1.5254167372176275,-0.014942714038459686,-0.1251576786066811,-0.11515680054904112,0.1961721213581233,-0.010419609464890373,0.0036076831025281127
275,2.759999999999985,sac,-0.002391712833535613,-0.3485649722998786,-0.14952165743329288,-0.0008419951262761175,-0.3472728162435259,-0.14833162306560094,0.002342535814550231,0.0024565154605344563,-1.570803106772076,-1.5707969991049942,-5.264885037714606e-06,0.035450900695900955,0.0008933954000094743,0,0,0,0,0.15261363636457675,-7.341959545073966,-1.5362944317589033,-0.013597953111651809,-0.12774903989222028,-0.10464143244740204,0.19223161545061043,-0.009962053860602045,0.0015195683124499832
276,2.769999999999985,sac,-0.0026611365611515798,-0.34840331806330904,-0.14946777268776967,-0.0008746084857601275,-0.34744584294336534,-0.14831873351778568,0.0023299639876252594,0.002686818368914076,-1.570803106772076,-1.5707969942598974,-5.264885037714606e-06,0.035669212419792595,0.0008684094067980396,0,0,0,0,0.15478944014227478,-7.328055716413936,-1.5016162906548598,-0.036019009549171324,-0.10502754102565216,-0.07517647699636154,0.18658137907977104,-0.010316693214947525,0.000542340359417861
277,2.7799999999999847,sac,-0.0029486853652475466,-0.34823078878085145,-0.14941026292695048,-0.0009272496554072833,-0.34754437602211186,-0.1483041673162361,0.002404331987147263,0.0025839035350793847,-1.570803106772076,-1.57079698948289,-5.264885037714606e-06,0.03556507806476561,0.0008169649263430786,0,0,0,0,0.16500056283489026,-7.351290785317162,-1.5172469651783997,-0.03108297129410876,-0.11034716966092399,-0.0779271513798477,0.19662435981366386,-0.009684229156020397,-0.0006402192173072924
278,2.7899999999999845,sac,-0.003254755364863511,-0.3480471467810819,-0.1493490489270273,-0.001004948538430095,-0.34757172369333306,-0.14828356852594615,0.0025343453501287237,0.002242067798298786,-1.570803106772076,-1.5707969849082497,-5.264885037714606e-06,0.03520107471205658,0.0007493685035915863,0,0,0,0,0.19626248250487638,-7.344952321841239,-1.5104813445929062,-0.03415121903877003,-0.1372831317182584,-0.09817369103512821,0.21832003964501404,-0.008353734983540254,-0.002152095426563305
279,2.7999999999999843,sac,-0.0035797247999994745,-0.3478521651200003,-0.1492840550400001,-0.001108793699117691,-0.3475419448576449,-0.14824875614677283,0.002696957714684892,0.0033135718829417913,-1.570803106772076,-1.5707969806979518,-5.264885037714606e-06,0.03469037707639622,0.0006793323166685774,0,0,0,0,0.21347400313348258,-7.332517047233914,-1.4787500536698448,-0.05297512132575896,-0.17575219636533088,-0.0904091096188032,0.24822062101466055,-0.006402467029711487,-0.0038236104232625325
280,2.809999999999984,sac,-0.0039239542159354365,-0.3476456274704387,-0.1492152091568129,-0.001245963927131557,-0.3474484703428468,-0.14820050935167461,0.002870560679455473,0.003777468273350226,-1.570803106772076,-1.5707969765294416,-5.264885037714606e-06,0.03396657488426458,0.0006035696163731031,0,0,0,0,0.2866825983214506,-7.3156737112793975,-1.4682358173784082,-0.05570630591473874,-0.2232415299780824,-0.0656506535714804,0.2839823034627124,-0.00449306447707752,-0.004223472075570784
281,2.819999999999984,sac,-0.004287786647551395,-0.34742732801146914,-0.1491424426704897,-0.0014237772196133366,-0.34731296816413976,-0.1481457298914452,0.003034644055224584,0.003542065812731983,-1.570803106772076,-1.5707969721380102,-5.264885037714606e-06,0.0331281433389945,0.0005324845604185037,0,0,0,0,0.33560953827185414,-7.325295372549977,-1.4637946372886035,-0.05993560468115863,-0.2812954342929433,-0.04900711010127459,0.3281809901854644,-0.003132463929877154,-0.003557391207939997
282,2.8299999999999836,sac,-0.004671547803647355,-0.3471970713178116,-0.14906569043927054,-0.0016455282196134557,-0.3471409682878902,-0.14809231916897794,0.003179212748897763,0.0036576828754608143,-1.570803106772076,-1.5707969674417481,-5.264885037714606e-06,0.032201808965630185,0.0004657369942803377,0,0,0,0,0.33959371170814584,-7.403379448484835,-1.5171486251323902,-0.038974523254939414,-0.32758872769433645,-0.06996591554826678,0.3627459467652259,-0.0025105329141018678,-0.0021400313827885896
283,2.8399999999999834,sac,-0.005075546251263313,-0.346954672249242,-0.14898489074974733,-0.0019141292708105399,-0.3469183733509549,-0.14803882731464416,0.003300138020985063,0.003714152291521887,-1.570803106772076,-1.5707969622861084,-5.264885037714606e-06,0.031094874061500688,0.0003959612038003416,0,0,0,0,0.34639044642012845,-7.35144680399727,-1.4922271264017402,-0.043581504505089,-0.36305056276343867,-0.11629094901877542,0.39236727499731805,-0.002761868280981152,-0.0003434381003622163
284,2.849999999999983,sac,-0.005500073599999271,-0.3466999558400004,-0.14889998528000015,-0.0022319461081399144,-0.3466533233804183,-0.14798182877585142,0.0033949732333914233,0.0035740750701747912,-1.570803106772076,-1.5707969567075033,-5.264885037714606e-06,0.02987010385656297,0.00032764849645546863,0,0,0,0,0.35655258291012293,-7.405534485356459,-1.507002763080275,-0.044270257516038095,-0.3866346254450074,-0.18039796306252284,0.4148160058766685,-0.002444507238815663,0.00023871605224317445
285,2.859999999999983,sac,-0.005945404686335224,-0.3464327571881988,-0.14881091906273294,-0.002600794979567184,-0.3463422458264927,-0.14792438097282617,0.0034612940039904783,0.004091854602966422,-1.570803106772076,-1.5707969504697634,-5.264885037714606e-06,0.02847328950583261,0.0002626176502710816,0,0,0,0,0.3512838833811309,-7.473471552980018,-1.5632987113099717,-0.017975207789397173,-0.39297181843220924,-0.2545999671093281,0.43552989127050395,-0.002818288039945551,-7.404044523873134e-05
286,2.869999999999983,sac,-0.006411797757951178,-0.3461529213452293,-0.14871764044840977,-0.0030166371759213105,-0.34596588694588154,-0.14786251070215886,0.003506186550546319,0.004168383963714267,-1.570803106772076,-1.5707969432111613,-5.264885037714606e-06,0.026721578776556676,0.0002123456561724673,0,0,0,0,0.3659712249258963,-7.4745205125404,-1.5842098113525407,-0.0005530997048616149,-0.3773013315780101,-0.27733303445021373,0.45006859291107865,-0.0038993777691748695,0.00029895111352482424
287,2.8799999999999826,sac,-0.006899494658047131,-0.3458603032051717,-0.14862010106839058,-0.0034802862337834596,-0.34555684649607404,-0.14780150387989094,0.0035289054365159095,0.0041564920246477,-1.570803106772076,-1.5707969348259705,-5.264885037714606e-06,0.024778834115025683,0.0001908223006384392,0,0,0,0,0.35176618600119675,-7.501403497786538,-1.6149900814546838,0.017684000853950936,-0.34662283703543356,-0.26600778939127717,0.4605186723445272,-0.00540215492544751,0.001367459115126898
288,2.8899999999999824,sac,-0.007408721009663082,-0.34555476739420216,-0.14851825579806738,-0.003985655267101266,-0.34515418936580583,-0.14774840867845085,0.0035313604209024083,0.004530171202963174,-1.570803106772076,-1.5707969255116736,-5.264885037714606e-06,0.022871083619722787,0.00018213444963417882,0,0,0,0,0.3351832969352196,-7.452412936587555,-1.580517903589418,0.008111969642666562,-0.333837875918441,-0.22604426595236807,0.46878795076115876,-0.007121655418072105,0.0013664485519917968
289,2.899999999999982,sac,-0.007939686399999035,-0.34523618816000057,-0.14841206272000018,-0.004536786845028961,-0.34476367422217585,-0.14770383592408434,0.0035077884766769167,0.004410493118962779,-1.570803106772076,-1.5707969151213106,-5.264885037714606e-06,0.021020560881811257,0.00017155668768200374,0,0,0,0,0.35949646509039246,-7.4797844775805915,-1.57518876823011,0.001890137183162853,-0.33166063740442403,-0.1666857176837697,0.47499996211535245,-0.00881173907535362,0.002314903119397351
290,2.909999999999982,sac,-0.00849258456473498,-0.344904449261159,-0.148301483087053,-0.005138809705819189,-0.3443951114975381,-0.14766661840233525,0.003451127921368276,0.004686091312919638,-1.570803106772076,-1.5707969036083806,-5.264885037714606e-06,0.019294662186990497,0.00015813570441652875,0,0,0,0,0.35190862409354573,-7.488077613858177,-1.564606891099414,-0.003646905842163036,-0.3373032749977665,-0.0945505679802615,0.4798117635205002,-0.010469300438650062,0.004025860634189494
291,2.9199999999999817,sac,-0.009067593572350928,-0.34455944385658943,-0.1481864812855298,-0.005791680801362958,-0.3440482565001609,-0.14763470709988108,0.003361156311218324,0.004354099885521999,-1.570803106772076,-1.5707968909385859,-5.264885037714606e-06,0.017688091464841404,0.00015744959366185393,0,0,0,0,0.36369090039643653,-7.446470958776356,-1.5283742472765882,-0.015532510466175101,-0.34588815228038194,-0.013597778426932411,0.48021031490061117,-0.012098143727588611,0.006347682611575607
292,2.9299999999999815,sac,-0.009664876008446874,-0.34420107439493186,-0.14806702479831063,-0.006491922122854661,-0.3437068324381407,-0.14761206214801556,0.003243285754464288,0.0048504505639071875,-1.570803106772076,-1.5707968772212422,-5.264885037714606e-06,0.0161181646602806,0.0001851158071949274,0,0,0,0,0.35005707300900024,-7.4304554861726055,-1.5002439781156085,-0.028213172190670415,-0.3605661143084527,0.07217191551705433,0.47604769653236034,-0.013678512597885098,0.0090780945908474
293,2.9399999999999813,sac,-0.010284579160062821,-0.3438292525039623,-0.14794308416798743,-0.007239229166467886,-0.3433505328496846,-0.14760688348085915,0.003101025635641531,0.004405525322792867,-1.570803106772076,-1.5707968625904463,-5.264885037714606e-06,0.014496059146641871,0.0002353347778910099,0,0,0,0,0.3721037608504857,-7.357029291723698,-1.4409544618985146,-0.05057441597952302,-0.383963608299517,0.15972065536661004,0.4751558996913942,-0.01494246155184767,0.010262424234172073
294,2.949999999999981,sac,-0.010926835199998765,-0.3434438988800007,-0.14781463296000025,-0.008030374878910859,-0.3429669353375159,-0.14762720335587023,0.0029414463226448088,0.004135623862288475,-1.570803106772076,-1.57079684743433,-5.264885037714606e-06,0.012810679772325528,0.0002962300288308424,0,0,0,0,0.360176855891804,-7.374424410347557,-1.436338689675173,-0.05446738352516726,-0.4120105449975788,0.24827499605817022,0.46786831978991084,-0.015953951598503283,0.012204142954842541
295,2.959999999999981,sac,-0.011591761371134702,-0.34304494317731915,-0.14768164772577305,-0.00886458038904685,-0.34254226219019324,-0.14767352608788406,0.002773133650742701,0.004286637677527613,-1.570803106772076,-1.570796832048618,-5.264885037714606e-06,0.011039653886009582,0.0003618971803802332,0,0,0,0,0.3516291626041204,-7.361503079973882,-1.4260330900619205,-0.05517244997039146,-0.43849630590557936,0.3286875421113281,0.438647785848439,-0.01676315269573378,0.013761747476972178
296,2.9699999999999807,sac,-0.012279460170750649,-0.3426323238975496,-0.14754410796584985,-0.009740157689910088,-0.34206348894541666,-0.1477404294650603,0.0026096307062539238,0.004518865253057342,-1.570803106772076,-1.5707968166961694,-5.264885037714606e-06,0.009157816450829692,0.000429279208867039,0,0,0,0,0.360096806502041,-7.358990925175654,-1.416307941844992,-0.057723586737944185,-0.4523642693425647,0.3494402362782328,0.4233216990620498,-0.016711316593148024,0.01429290201942348
297,2.9799999999999804,sac,-0.012990019534846587,-0.34220598827909204,-0.14740199609303067,-0.010652564685083576,-0.3415332779686765,-0.147818971572076,0.0024678133816285774,0.00409012111070713,-1.570803106772076,-1.570796801647394,-5.264885037714606e-06,0.007216794716415009,0.0004940597194113382,0,0,0,0,0.3674834924409143,-7.359704058633995,-1.4201006773760263,-0.052068311095308704,-0.46250724015467987,0.3304753222915557,0.4189747818905614,-0.01596652878468929,0.014006951200487644
298,2.9899999999999802,sac,-0.013723513022462528,-0.3417658921865225,-0.1472552973955075,-0.011604217116749747,-0.34095690517740906,-0.1478998947208343,0.002358258007238333,0.0037755569894223143,-1.570803106772076,-1.5707967867792536,-5.264885037714606e-06,0.005239841123776179,0.0005550223207303788,0,0,0,0,0.337682460946078,-7.452217764063123,-1.4741858820777496,-0.03135558291970382,-0.4615357073423557,0.28566836844543364,0.4201758259066081,-0.014662294361618571,0.013072383544101788
299,2.99999999999998,sac,-0.014479999999998468,-0.3413120000000009,-0.1471040000000003,-0.012592906532680727,-0.34033425832381425,-0.14797294935268104,0.002296121407345407,0.0037089035975255203,-1.570803106772076,-1.5707967717813534,-5.264885037714606e-06,0.003169165561746512,0.0006091991825207261,0,0,0,0,0.3088085695506208,-7.5055705894478955,-1.511308851472687,-0.012974034243290758,-0.4458653852034196,0.2262359889233022,0.4243786271464285,-0.012910480621114762,0.011618944525237979
300,3.00999999999998,sac,-0.015259525825534399,-0.34084428450467935,-0.14694809483489313,-0.01361703500669475,-0.339674096667365,-0.14803033984545436,0.0022887485505087065,0.0036073773869374484,-1.570803106772076,-1.5707967563510497,-5.264885037714606e-06,0.0009979267234434541,0.0006539966988706259,0,0,0,0,0.2961287183422737,-7.58030338574958,-1.5675008481467667,0.012674765431253746,-0.4383261862408111,0.1536661475667903,0.43131195754075696,-0.010800708920120798,0.009750302543964754
301,3.0199999999999796,sac,-0.016062122033150338,-0.34036272678010976,-0.14678757559336994,-0.014670833416165,-0.3390074782783845,-0.1480671782715134,0.0023258902663482197,0.003349631001331064,-1.570803106772076,-1.570796740526161,-5.264885037714606e-06,-0.0011180284680185615,0.0006796063035951963,0,0,0,0,0.2779272460404734,-7.625387639002525,-1.6074671782600312,0.0341848351862549,-0.42891938468461277,0.07224211132869074,0.4360085446561535,-0.00840466638138025,0.007549402346237237
302,3.0299999999999794,sac,-0.016887806517246275,-0.3398673160896522,-0.14662243869655073,-0.015746940828080643,-0.33836740692476575,-0.148081217730019,0.002383136230288233,0.00333788967290971,-1.570803106772076,-1.5707967242452263,-5.264885037714606e-06,-0.0030396185335774817,0.0006778482414375004,0,0,0,0,0.2612778970741243,-7.653832695836448,-1.634651004741686,0.05127057593899106,-0.4260840223264757,0.04162883085781112,0.4159218264151406,-0.005807176762411626,0.005056078631855287
303,3.039999999999979,sac,-0.01773658371686221,-0.33935804976988265,-0.14645268325662755,-0.0168460530301315,-0.3377901416400785,-0.14807910008377456,0.002428294154986589,0.003137746605403871,-1.570803106772076,-1.5707967073678033,-5.264885037714606e-06,-0.004596322587063328,0.0006520073345222044,0,0,0,0,0.25623584023333834,-7.64627942195971,-1.6374695155474372,0.059945855491646306,-0.42656730641838114,0.044573754514028785,0.3788647016958104,-0.004610990054153377,0.0025898054482558514
304,3.049999999999979,sac,-0.01860844479999814,-0.3388349331200011,-0.14627831104000036,-0.01796729832572919,-0.3372860462312338,-0.1480620755967612,0.0024478430075515504,0.0028758394059427176,-1.570803106772076,-1.5707966897913332,-5.264885037714606e-06,-0.005755975317139006,0.0006163467236960325,0,0,0,0,0.22963326701590872,-7.662263580123507,-1.6440803808987585,0.0650160164600123,-0.4251483746186007,0.07695587470059807,0.3406405614346798,-0.004593871409401661,0.0002751464262306766
305,3.0599999999999787,sac,-0.019503367847934074,-0.33829797929123956,-0.14609932643041318,-0.019114377559207925,-0.3368281292795056,-0.14802303710537498,0.0024520267663056864,0.0033242548826271966,-1.570803106772076,-1.5707966709134196,-5.264885037714606e-06,-0.006754134003042589,0.0005906496510839983,0,0,0,0,0.21387157810668728,-7.634512065400838,-1.623600983559982,0.06033943122595291,-0.4131272939583797,0.0693799274939256,0.3269014038686109,-0.0036665534245038374,-0.0019831430715075054
306,3.0699999999999785,sac,-0.02042131803955,-0.33774720917627,-0.14591573639209,-0.020287008211330525,-0.33642343767943444,-0.1479669308043465,0.0024449557506553998,0.0033006352189987615,-1.570803106772076,-1.5707966507346174,-5.264885037714606e-06,-0.0075563762808965595,0.0005840404476134972,0,0,0,0,0.22213049056869977,-7.636463804004178,-1.6039380394496088,0.048476447227778524,-0.40023719181665424,0.08673670048003754,0.29355015925622935,-0.0039132462178503675,-0.003940686797817167
307,3.0799999999999783,sac,-0.021362247835645932,-0.3371826512986124,-0.1457275504328708,-0.021478521987576417,-0.33605929313263777,-0.14789855858521675,0.0024471881098562104,0.0036402362086408622,-1.570803106772076,-1.5707966293230387,-5.264885037714606e-06,-0.00824850303343716,0.0005972464868162343,0,0,0,0,0.19524221556008797,-7.630377440891012,-1.5945406190799747,0.044455212259248596,-0.36129015512747936,0.08491207899364707,0.2745285320540458,-0.003150873284283537,-0.005787655512215394
308,3.089999999999978,sac,-0.02232609716326187,-0.33660434170204284,-0.14553478056734762,-0.022682874150891364,-0.33571850732209024,-0.1478160117353886,0.002473056410527195,0.0029622120275224185,-1.570803106772076,-1.5707966066654888,-5.264885037714606e-06,-0.00894969442964455,0.0006199865188551279,0,0,0,0,0.1853090798559342,-7.654854450737258,-1.6046973841114747,0.04730202707497563,-0.31183238363374277,0.06278687379711632,0.2728932043661301,-0.0015526502273881034,-0.007112868193384765
309,3.099999999999978,sac,-0.023312793599997796,-0.3360123238400013,-0.14533744128000042,-0.023899957411653867,-0.3354042748304478,-0.14771474196728096,0.0025231019593908513,0.0028577677166259944,-1.570803106772076,-1.570796582774127,-5.264885037714606e-06,-0.009640116423822231,0.0006497012955329246,0,0,0,0,0.1299445377056371,-7.588237206112718,-1.5555264902394217,0.030213653598281966,-0.24585547665670615,0.0510183829652313,0.26821314495156373,-0.0008154098234061196,-0.007332233292671903
310,3.1099999999999777,sac,-0.02432225255833372,-0.33540664846499973,-0.14513554948833324,-0.02511967352543187,-0.3351159301423717,-0.14759214731773557,0.002599090271095573,0.0027291486822643043,-1.570803106772076,-1.5707965580104475,-5.264885037714606e-06,-0.01030144749432993,0.0006807803781888067,0,0,0,0,0.1259276124099437,-7.530918572793039,-1.5100724139895803,0.014349966507602806,-0.20706338816540076,0.07032123557175526,0.28372391638645117,0.0007128692657140251,-0.0078530405761771
311,3.1199999999999775,sac,-0.02535437746994964,-0.3347873735180302,-0.14492912450601006,-0.026333298170070945,-0.3348506817642159,-0.14745498221991077,0.0027096588091552807,0.0033410107081110825,-1.570803106772076,-1.5707965327794275,-5.264885037714606e-06,-0.010916913530109262,0.0007122680204400587,0,0,0,0,0.0783692428379355,-7.532900820997152,-1.4974684745023248,0.007170647959783092,-0.15659817941524423,0.09584682062744368,0.27547509884220656,0.002526736494893823,-0.007463193636574738
312,3.1299999999999772,sac,-0.02640905997004557,-0.3341545640179726,-0.14471818800599087,-0.02754961595838061,-0.3346088193875466,-0.1473112638541754,0.002869016949714939,0.0030937658771765394,-1.570803106772076,-1.5707965070726342,-5.264885037714606e-06,-0.01145265036177645,0.000751550570792624,0,0,0,0,0.08892602050438225,-7.546151864342864,-1.4922456551791967,0.001718658336444294,-0.10385478861955741,0.12611206618929016,0.24608468114478615,0.0030455072616316983,-0.007512942677812614
313,3.139999999999977,sac,-0.0274861800816615,-0.33350829195100307,-0.1445027639836677,-0.028769722793944155,-0.33437923331189634,-0.1471675214578742,0.0030833347441865493,0.0034129302340027527,-1.570803106772076,-1.5707964808246493,-5.264885037714606e-06,-0.011977081845914395,0.0007919173971418043,0,0,0,0,0.057680307014403645,-7.49609802596172,-1.4553053265086462,-0.011681583740666721,-0.08699189349674444,0.15927179518269985,0.20183972698465097,0.0024634831512041068,-0.007475866719429533
314,3.149999999999977,sac,-0.02858560639999743,-0.33284863616000154,-0.1442828787200005,-0.02998417193092873,-0.3341265507832369,-0.14702363901428225,0.0033317890568430714,0.003489613280052237,-1.570803106772076,-1.5707964541146753,-5.264885037714606e-06,-0.01270175636904125,0.0008093079200615879,0,0,0,0,0.05087918881532196,-7.481789941328489,-1.423300856290666,-0.02914044766257759,-0.09996798000652561,0.19624531102356976,0.18976635713475334,0.0011534470028985633,-0.007981892583701883
315,3.1599999999999766,sac,-0.02970719627673335,-0.33217568223396,-0.1440585607446533,-0.031188690959195447,-0.3338254569038117,-0.1468771587851877,0.0035862344972898965,0.003983058791565906,-1.570803106772076,-1.5707964272122175,-5.264885037714606e-06,-0.013726408991684202,0.0007944626428092001,0,0,0,0,0.04856764719647171,-7.44406604777917,-1.3842878646315155,-0.047259800257804845,-0.1332794999082442,0.23622631864650495,0.19808467150566628,-0.0007091971858562932,-0.008966714966240508
316,3.1699999999999764,sac,-0.03085079600434928,-0.33148952239739043,-0.14382984079913014,-0.03238501625758687,-0.33346775306057924,-0.14673169535140934,0.003832491119990806,0.003703700317021646,-1.570803106772076,-1.5707964003565025,-5.264885037714606e-06,-0.015042176677219521,0.0007541169937118645,0,0,0,0,0.06694291569447154,-7.388720660941188,-1.3253369438827423,-0.07351499573713208,-0.14752316922250128,0.2844725376412471,0.1795166923977919,-0.002558059738076417,-0.008821138115247911
317,3.179999999999976,sac,-0.03201624100044519,-0.3307902553997329,-0.14359675179991097,-0.03357970127120138,-0.33304620973691434,-0.1465951808758297,0.004065011059394024,0.0046341786736862735,-1.570803106772076,-1.570796373583816,-5.264885037714606e-06,-0.01665128704370078,0.0006952561188208936,0,0,0,0,0.09524883991863861,-7.34097159345849,-1.3000048361361503,-0.0781690288439465,-0.18707603357506025,0.32937594379481927,0.1738755476927964,-0.004944734229357446,-0.008284807051110584
318,3.189999999999976,sac,-0.03320335599206111,-0.3300779864047633,-0.14335932880158778,-0.03477284563366216,-0.3325632059043862,-0.1464728103905048,0.004281749794292527,0.004941359527887014,-1.570803106772076,-1.5707963471960824,-5.264885037714606e-06,-0.0184857060889001,0.0006280454295132233,0,0,0,0,0.12989699055630005,-7.298091768380514,-1.2394817842965402,-0.10763278462159236,-0.24428206090205362,0.3711925574287855,0.17447418058916828,-0.0072537179272986856,-0.008772412581893195
319,3.1999999999999758,sac,-0.03441195519999704,-0.3293528268800018,-0.1431176089600006,-0.03596600390909409,-0.33200387228522266,-0.14636288627014737,0.004469332606837679,0.00556871339681238,-1.570803106772076,-1.5707963212723501,-5.264885037714606e-06,-0.020596502770430902,0.0005493237504885423,0,0,0,0,0.14662699355487058,-7.306982757057252,-1.2387762662250825,-0.10771761272947465,-0.26972251592042545,0.40357368665394194,0.14438360803990416,-0.009216325142924009,-0.008169180257334418
320,3.2099999999999755,sac,-0.03564184252313296,-0.3286148944861202,-0.1428716314953734,-0.03716017013937185,-0.3313564004095548,-0.14625995884723045,0.004615402010854863,0.005673124993152323,-1.570803106772076,-1.5707962958270032,-5.264885037714606e-06,-0.023030633634611775,0.0004607000318290931,0,0,0,0,0.20032691327137592,-7.354478793240262,-1.254548447307191,-0.10385077619738824,-0.2999384751376047,0.4275005477487637,0.1548179096716216,-0.01048815048451743,-0.008426306568156962
321,3.2199999999999753,sac,-0.036892811722748886,-0.32786431296635066,-0.1426214376554502,-0.03835234150750108,-0.33061859109409847,-0.14616090276926885,0.004716363905542911,0.006083384092916448,-1.570803106772076,-1.5707962710031187,-5.264885037714606e-06,-0.025781193266092295,0.00037556570542262647,0,0,0,0,0.20070451752367297,-7.347284795039777,-1.2477719210505922,-0.10240175236560503,-0.3326783606442963,0.4350062465304826,0.19145789279081973,-0.010507130516705942,-0.008687118488341354
322,3.229999999999975,sac,-0.03816464660684481,-0.3271012120358931,-0.14236707067863102,-0.03954690160925315,-0.3298215966277262,-0.146072462865847,0.00480010963210706,0.0063569113339664906,-1.570803106772076,-1.5707962471326304,-5.264885037714606e-06,-0.02860845804122958,0.0003310014751959768,0,0,0,0,0.18197585614329187,-7.375364789146071,-1.2545945473042184,-0.09945238937524034,-0.3438192232601418,0.44660808495697063,0.18500749827380197,-0.0108332988664925,-0.007945352983465194
323,3.239999999999975,sac,-0.03945712121446072,-0.32632572727132353,-0.14210857575710786,-0.040746755077598555,-0.3289865997469255,-0.14599754544295807,0.004885435809611038,0.005902758515292813,-1.570803106772076,-1.5707962244427187,-5.264885037714606e-06,-0.031348798376631626,0.0003348921846896346,0,0,0,0,0.20171870911501188,-7.364117309523889,-1.250075363885581,-0.09486786432719853,-0.3579026731868918,0.4577761919077753,0.14822621385193746,-0.01152380739064933,-0.006448908845753311
324,3.2499999999999747,sac,-0.040769999999996656,-0.325538000000002,-0.14184600000000067,-0.04195198966680099,-0.32810098541081767,-0.14593246443060406,0.004966405675241702,0.006602265804403914,-1.570803106772076,-1.5707962028087576,-5.264885037714606e-06,-0.034083436442224,0.0003677058253137855,0,0,0,0,0.2142358823543084,-7.389361800392284,-1.287915248493953,-0.06809607113593065,-0.3848920790414661,0.46837808954498095,0.15183669599787902,-0.013072351850292267,-0.005339559011168959
325,3.2599999999999745,sac,-0.04210303801753257,-0.32473817718948045,-0.14157939239649348,-0.04316431202975259,-0.3271690660332801,-0.1458711231822529,0.005045242931451214,0.0063065806424515754,-1.570803106772076,-1.5707961820665437,-5.264885037714606e-06,-0.03680647980557916,0.00041475757259414964,0,0,0,0,0.22238970445876,-7.429054277716377,-1.2906358179207922,-0.0704780690780466,-0.37187789717854164,0.4777907854715088,0.16625083851523118,-0.014431141426916335,-0.005444858593201403
326,3.2699999999999743,sac,-0.0434559811051485,-0.3239264113369109,-0.1413088037789703,-0.04438907450488002,-0.3262146085573274,-0.14580664359441428,0.005131965784914942,0.005855345175510952,-1.570803106772076,-1.5707961620237882,-5.264885037714606e-06,-0.03940267341103576,0.00045844446031261866,0,0,0,0,0.21492879292149364,-7.5020748795300705,-1.3479087118919395,-0.042643390411888873,-0.37478903160850935,0.4851080064243144,0.16291635147536407,-0.015534451545936285,-0.006528965755955971
327,3.279999999999974,sac,-0.04482856606924441,-0.3231028603584533,-0.14103428678615113,-0.04563419619309088,-0.3252569584809447,-0.14573736298005754,0.005235274997883028,0.006051987967748555,-1.570803106772076,-1.5707961421495271,-5.264885037714606e-06,-0.04183124831529361,0.00048760895041550996,0,0,0,0,0.22282054217827846,-7.5253597192888195,-1.3815794583639325,-0.0175621670469005,-0.3588810771333615,0.4899947969999663,0.18884535046332654,-0.016427531196008063,-0.007144077717984991
328,3.289999999999974,sac,-0.046220520868860325,-0.3222676874786838,-0.14075589582622794,-0.046898747939622835,-0.32430774983191635,-0.14566386637519904,0.005358173315054262,0.006410083084463417,-1.570803106772076,-1.5707961220673856,-5.264885037714606e-06,-0.044105501180338624,0.0005019798761733848,0,0,0,0,0.2099470071131248,-7.574612276095621,-1.4023428484410951,-0.009348930792906024,-0.3201960836777286,0.49323745636736976,0.224093584143681,-0.01714197441206768,-0.007014275312205376
329,3.2999999999999736,sac,-0.04763156479999627,-0.32142106112000224,-0.14047368704000074,-0.048171640767171016,-0.32336875745113447,-0.14558006014893934,0.005491834791425996,0.006423937664573419,-1.570803106772076,-1.5707961016474956,-5.264885037714606e-06,-0.0462896066232763,0.0005057811393477486,0,0,0,0,0.21571867590671534,-7.601710068515494,-1.4057623060625422,-0.00769825174945396,-0.2794374538227805,0.49393239343638085,0.27733966686393613,-0.0176622076835347,-0.005911751193876101
330,3.3099999999999734,sac,-0.049061408679932174,-0.32056315479204067,-0.14018771826401355,-0.04945107683729838,-0.32244070564461863,-0.1454797067780262,0.005628692646549761,0.006903643315286835,-1.570803106772076,-1.5707960809459385,-5.264885037714606e-06,-0.0483754256055855,0.0005007349137899064,0,0,0,0,0.2032591190380939,-7.650756942413097,-1.4321627924629148,0.0034081600914876303,-0.247814828640044,0.4678561605571789,0.33250836532113115,-0.017080599568528816,-0.004963356659590987
331,3.319999999999973,sac,-0.0505097550315481,-0.3196941469810711,-0.13989804899369038,-0.050748974600916145,-0.32152411242712087,-0.14535766781115997,0.0057631100256868885,0.007270457579653908,-1.570803106772076,-1.5707960598131345,-5.264885037714606e-06,-0.05032696606430709,0.0004842791605923698,0,0,0,0,0.22705517963367816,-7.639832292794387,-1.4063506326160682,-0.0061873685565632525,-0.25866983744548755,0.45799553934605736,0.37516550543949606,-0.015734428194985876,-0.004677971598973631
332,3.329999999999973,sac,-0.05197629826764402,-0.3188142210394136,-0.1396047403464712,-0.05206375527868863,-0.3205963417217757,-0.14520155662663048,0.005874347225789407,0.007493224179716359,-1.570803106772076,-1.5707960379457298,-5.264885037714606e-06,-0.052309815707332286,0.000460036969373902,0,0,0,0,0.24906541345954486,-7.701316376763453,-1.4362336991509688,0.005746166700700689,-0.2983058773014447,0.45712575807853106,0.4089754586744124,-0.01377612557285874,-0.004922098534737725
333,3.3399999999999728,sac,-0.05346072487525992,-0.31792356507484404,-0.13930785502494802,-0.053395807720519994,-0.3196560076632798,-0.1450041673031279,0.00595428796160786,0.008072376214209667,-1.570803106772076,-1.570796015126189,-5.264885037714606e-06,-0.05436195938549826,0.0004281900327710044,0,0,0,0,0.2775311107644417,-7.693981077624072,-1.4199461860461875,0.0008502166711558817,-0.35486190747781365,0.4675107996498105,0.422408038683377,-0.01136599028915769,-0.005654539958216509
334,3.3499999999999726,sac,-0.05496271359999586,-0.3170223718400025,-0.13900745728000083,-0.05475954739113888,-0.3187306338945403,-0.14476815622578884,0.006012078517401303,0.00723901742628337,-1.570803106772076,-1.5707959913061142,-5.264885037714606e-06,-0.05628651849697186,0.00038274160800424474,0,0,0,0,0.31352043123036344,-7.750520328058399,-1.4463452702544526,0.011585230335901808,-0.39660527793277484,0.46222075494359316,0.4473434251597473,-0.008551230402714124,-0.0067029310222787315
335,3.3599999999999723,sac,-0.056481935630331784,-0.3161108386218009,-0.13870361287393365,-0.05615358414362179,-0.3178297624143265,-0.14449707389275923,0.006052000023131752,0.007328291699506704,-1.570803106772076,-1.570795966574466,-5.264885037714606e-06,-0.05802786146745942,0.00033154794836081367,0,0,0,0,0.30328391123528275,-7.722503621915359,-1.4527909457961174,0.027942751858079415,-0.43042657433423187,0.47472274086363037,0.451257398529248,-0.006528610857734741,-0.008515025963833531
336,3.369999999999972,sac,-0.058018054781947714,-0.31518916713083134,-0.13839638904361046,-0.057579674182166876,-0.31695974350500117,-0.14419506312472583,0.00607879423455275,0.007040392660014676,-1.570803106772076,-1.570795940694665,-5.264885037714606e-06,-0.059590555649420285,0.00028297180377912336,0,0,0,0,0.31240670117319747,-7.726256699104999,-1.4535470826434858,0.03181690512755274,-0.44364602803172526,0.4601772810451648,0.4651351311494222,-0.003931265442883426,-0.010167358944064718
337,3.379999999999972,sac,-0.05957072768204362,-0.3142575633907738,-0.13808585446359128,-0.05903881023020219,-0.3161326981371119,-0.14386592537456688,0.0060998595253009096,0.007161245045688062,-1.570803106772076,-1.5707959133684601,-5.264885037714606e-06,-0.060967646101663275,0.00025119590350964927,0,0,0,0,0.3191286976376993,-7.731926654104293,-1.4765682563169573,0.0496887578410254,-0.4413275714647893,0.432551469102996,0.47297980644234755,-0.000867625244059212,-0.011657360983686766
338,3.3899999999999717,sac,-0.06113960395365953,-0.31331623762780425,-0.1377720792092681,-0.06053726313329124,-0.3153646029587938,-0.14351515426142328,0.006127114006428246,0.007657713156188989,-1.570803106772076,-1.5707958843257035,-5.264885037714606e-06,-0.06210464876731203,0.00025794959328872695,0,0,0,0,0.3041360653603619,-7.745023982879102,-1.4765799681909884,0.04971906689586847,-0.45234902782986136,0.43937066105040695,0.4604246700322294,0.0005900623870939866,-0.012965573790258254
339,3.3999999999999715,sac,-0.06272432639999546,-0.3123654041600027,-0.1374551347200009,-0.062075647751321114,-0.314655492689796,-0.14313772406134295,0.006160934270536498,0.007253080243266551,-1.570803106772076,-1.5707958533565585,-5.264885037714606e-06,-0.06303540560960563,0.0003150767560211099,0,0,0,0,0.35513166838093585,-7.72821573839388,-1.463301013012514,0.04703246046368863,-0.4650245723659841,0.45371215157072337,0.4206415978431233,0.0007584817919895376,-0.014079474936471964
340,3.4099999999999713,sac,-0.06432453118873137,-0.31140528128676115,-0.13713509376225372,-0.06365781129421172,-0.3140051731132199,-0.14272941598262792,0.0062048685749504714,0.007604142042525826,-1.570803106772076,-1.5707958202603192,-5.264885037714606e-06,-0.06377710573289419,0.0004099787977168388,0,0,0,0,0.33979790465705917,-7.625138696046709,-1.4016787993644613,0.03196591287729285,-0.47461428604570044,0.46525043075272043,0.36086442480014624,-0.00010459411335167013,-0.014904472093395514
341,3.419999999999971,sac,-0.06593984803634731,-0.3104360911781916,-0.13681203039273054,-0.06528766291061966,-0.3134030335954495,-0.14229442523111088,0.006267754455101449,0.00810500392861373,-1.570803106772076,-1.5707957850980718,-5.264885037714606e-06,-0.06435132181006264,0.0005201770369582479,0,0,0,0,0.36269622508660826,-7.585990442040245,-1.3742547066763073,0.025334749752835034,-0.4820183591521263,0.4689696774937816,0.2879326967377179,-0.001789945093622803,-0.0156654320817849
342,3.429999999999971,sac,-0.06756990039244323,-0.30945805976453405,-0.13648601992151135,-0.06697025971801963,-0.3128344868170723,-0.14183838486187583,0.006356700325985038,0.008471657432986508,-1.570803106772076,-1.5707957480980261,-5.264885037714606e-06,-0.06476097455907404,0.0006286442143563891,0,0,0,0,0.3792584503397341,-7.551703924643981,-1.3412079506708525,0.012780231635233535,-0.4878039907400131,0.4716054827675626,0.23178343163455278,-0.004136331691110407,-0.01621267946200497
343,3.4399999999999706,sac,-0.06921430562405916,-0.3084714166255645,-0.13615713887518816,-0.06869064879670168,-0.31228219444224653,-0.14136522309298272,0.006474595374275897,0.008905007514776814,-1.570803106772076,-1.5707957097394893,-5.264885037714606e-06,-0.06507702783139346,0.0007238977942358532,0,0,0,0,0.3965648998545567,-7.516923318671489,-1.3067393004502963,-0.0009584944012534097,-0.49027785334218343,0.47926444018585185,0.22115382344540457,-0.006426383622630073,-0.015739720337717374
344,3.4499999999999704,sac,-0.0708726751999951,-0.30747639488000295,-0.13582546496000097,-0.0704484700747162,-0.3117307044843491,-0.14087606014443868,0.006617220860377115,0.009318897900022232,-1.570803106772076,-1.5707956701639378,-5.264885037714606e-06,-0.06534515010313546,0.0007995102331005121,0,0,0,0,0.40876846371501385,-7.466759503263689,-1.2601597801310336,-0.02106234611930581,-0.4611310197218557,0.4833952726018334,0.22678598541244147,-0.00738432778166348,-0.01487560232087226
345,3.45999999999997,sac,-0.072544614875131,-0.3064732310749214,-0.1354910770249738,-0.0722467247477169,-0.3111671396551556,-0.1403722355990099,0.006778438265005666,0.009241570315821785,-1.570803106772076,-1.5707956294228183,-5.264885037714606e-06,-0.06559655025804245,0.0008542841692907268,0,0,0,0,0.4040682795794727,-7.4159244732184515,-1.2074448601702044,-0.04407476915081658,-0.45545471172066765,0.48726781043894707,0.20019834644545648,-0.008846125509013779,-0.014902889752498285
346,3.46999999999997,sac,-0.07422972487474694,-0.30546216507515184,-0.13515405502505062,-0.07407778323449085,-0.31058140826211533,-0.13985636829996545,0.006952804269124515,0.009112089728567746,-1.570803106772076,-1.5707955879445576,-5.264885037714606e-06,-0.06583604343105254,0.0008883277099658678,0,0,0,0,0.3914227143451655,-7.39399834713715,-1.1900732236027418,-0.0491769756896966,-0.44973555641282403,0.4894371679960871,0.21574782457349503,-0.009025777450834526,-0.015067279155531282
347,3.47999999999997,sac,-0.07592760007884286,-0.3044434399526943,-0.13481447998423143,-0.07593431412661233,-0.3099579861037126,-0.13932734894985588,0.007125745619305017,0.009281226789674205,-1.570803106772076,-1.5707955460481497,-5.264885037714606e-06,-0.06610790892138119,0.0008990205544552251,0,0,0,0,0.38597672261796445,-7.322442580789228,-1.1496292986884091,-0.060420727029753804,-0.4139212193698333,0.490471069539208,0.23543298495843884,-0.008171565413145376,-0.015263044453433905
348,3.4899999999999696,sac,-0.07763783020645876,-0.30341730187612476,-0.13447243395870825,-0.07780685677763463,-0.30928184028302125,-0.13878793509382215,0.0072831950924643505,0.009670063029610241,-1.570803106772076,-1.5707955040242898,-5.264885037714606e-06,-0.06647170141333758,0.0008838936690364603,0,0,0,0,0.3689916036148934,-7.261340749259906,-1.1040218786304632,-0.07656205135663503,-0.3578889022572921,0.48867364344792,0.2569774219243586,-0.00653335760757687,-0.015122530357066562
349,3.4999999999999694,sac,-0.0793599999999947,-0.30238400000000315,-0.13412800000000105,-0.07969234933501938,-0.3085418768199019,-0.13824388664031376,0.007414204329895589,0.009709979453623426,-1.570803106772076,-1.5707954621176803,-5.264885037714606e-06,-0.06694471390649803,0.0008444168279046735,0,0,0,0,0.33573239741661526,-7.219639809764692,-1.0574558543688535,-0.09795876195886889,-0.33418503446579717,0.48818723771219147,0.24093882963524224,-0.006187695593833369,-0.015272721108821337
350,3.509999999999969,sac,-0.08109368940953063,-0.3013437863542816,-0.13378126211809388,-0.08158717900505753,-0.3077382305357039,-0.13770610724654625,0.007519099524049099,0.009164016265824906,-1.570803106772076,-1.5707954205838024,-5.264885037714606e-06,-0.067499088550246,0.000786529518754015,0,0,0,0,0.34633990448812635,-7.183301388480783,-1.0501870950539696,-0.09252259544878069,-0.3289364707883395,0.4883065311197439,0.19863113574638824,-0.0068763435405793365,-0.015654469356277543
351,3.519999999999969,sac,-0.08283847377714657,-0.30029691573371203,-0.13343230524457067,-0.08348537367635679,-0.30686535510935226,-0.13718129940300663,0.0075906411133082885,0.010043507884927732,-1.570803106772076,-1.5707953795037877,-5.264885037714606e-06,-0.06817398425920662,0.0007114493417199926,0,0,0,0,0.33105302843338436,-7.175125454871593,-1.0743105956775019,-0.07167650659831713,-0.33572013165526665,0.48866975074610974,0.13871959320581412,-0.008392398978203012,-0.0162216128995062
352,3.5299999999999687,sac,-0.08459392402124248,-0.29924364558725447,-0.1330812151957515,-0.08538696970153523,-0.30590919884341866,-0.13667251378570022,0.0076128803500357025,0.009833715501341633,-1.570803106772076,-1.57079533870137,-5.264885037714606e-06,-0.069056705927103,0.0006198532194731426,0,0,0,0,0.3548761324453768,-7.115010766765298,-1.0236954157329143,-0.09038381221290502,-0.3116908425656037,0.485131105110461,0.11555996691882328,-0.008937741517504314,-0.015930719560227277
353,3.5399999999999685,sac,-0.0863596068208584,-0.29818423590748494,-0.1327280786358283,-0.08728950728491965,-0.3048547658062115,-0.13618317716246497,0.007569569989876132,0.010229705335426538,-1.570803106772076,-1.570795298249341,-5.264885037714606e-06,-0.07020451142534578,0.0005160597538976683,0,0,0,0,0.34082644193456924,-7.096981307982245,-1.0223442466783093,-0.08467845377132978,-0.3284261889866698,0.48583173622240716,0.10549306476542719,-0.009679086212768024,-0.014745675171702548
354,3.5499999999999683,sac,-0.08813508479999435,-0.29711894912000336,-0.1323729830400011,-0.08918583542591056,-0.30369003656230525,-0.13571536572656312,0.007446797236105626,0.009869202578046922,-1.570803106772076,-1.5707952581087086,-5.264885037714606e-06,-0.07170559788108988,0.00041533414519462776,0,0,0,0,0.3176458975954265,-7.067216620226698,-0.9958468077797322,-0.09111932871312703,-0.3111351312570134,0.47667537933139387,0.11324603766289819,-0.009508677857849127,-0.013151813049436441
355,3.559999999999968,sac,-0.08991991671193025,-0.29604804997284184,-0.13201601665761395,-0.09106473898122026,-0.3024043094992308,-0.13526843454547366,0.0072312429991214225,0.009764555280145748,-1.570803106772076,-1.570795218126867,-5.264885037714606e-06,-0.07368290305021152,0.00035619748793764726,0,0,0,0,0.2882030244350646,-7.101477969963999,-1.027937511010456,-0.07428880194118002,-0.27410630427261057,0.47098161284478934,0.13987670873799002,-0.008445826572084113,-0.01225295753694428
356,3.569999999999968,sac,-0.0917136576235462,-0.29497180542587226,-0.13165726847529075,-0.09292513196743336,-0.3010223702396443,-0.1348421328944513,0.006944088566542613,0.009740934332942208,-1.570803106772076,-1.5707951785033247,-5.264885037714606e-06,-0.0759927722333511,0.00038445804531481663,0,0,0,0,0.28690689416521,-7.14770646284635,-1.0698505604356625,-0.05203488109392558,-0.22084016479293475,0.46024996098816146,0.1733204454526215,-0.0066053195599220195,-0.011673345351792179
357,3.5799999999999677,sac,-0.09351585909964216,-0.2938904845402147,-0.13129682818007157,-0.09477258664619466,-0.29957425305212526,-0.13443767325423217,0.006614340209206704,0.009283948706451987,-1.570803106772076,-1.570795139329829,-5.264885037714606e-06,-0.07845791596572016,0.0004720850685565257,0,0,0,0,0.28504718505114945,-7.216628003221956,-1.1214764891953355,-0.026057541607316048,-0.17577642941347954,0.436378661612948,0.22282652896866964,-0.0041401549929149396,-0.011329779093236353
358,3.5899999999999674,sac,-0.09532606938725809,-0.2928043583676451,-0.13093478612254839,-0.09661072270938222,-0.2980835598774252,-0.13405549877826647,0.006265712267449544,0.009030945803167694,-1.570803106772076,-1.5707951005238006,-5.264885037714606e-06,-0.08097350738256592,0.0005698383171735043,0,0,0,0,0.23455561638557693,-7.26464714306533,-1.1643318471275308,-0.0023819091141432797,-0.12010454694401387,0.4090848499014616,0.27385140020860543,-0.0013615641864828908,-0.010463636280270744
359,3.5999999999999672,sac,-0.09714383359999403,-0.29171369984000356,-0.1305712332800012,-0.0984511224460323,-0.2965904889898116,-0.13369868367739374,0.0059391095735650745,0.008571173965931767,-1.570803106772076,-1.5707950623904143,-5.264885037714606e-06,-0.0832580763782762,0.0006403953653483551,0,0,0,0,0.2409557874017751,-7.293829905920724,-1.2060457858341107,0.024799490947042063,-0.09927854209757778,0.39544732461362464,0.27914491343340986,-5.560470852978053e-05,-0.010169808792180553
360,3.609999999999967,sac,-0.09896869390232994,-0.29061878365860205,-0.13020626121953402,-0.100300309307406,-0.295100622438743,-0.13336133073804904,0.005640438112848497,0.008542953240404364,-1.570803106772076,-1.5707950248022802,-5.264885037714606e-06,-0.08527243229489612,0.0006862529121539005,0,0,0,0,0.2186928726884403,-7.286297309804662,-1.222019423406304,0.04408948784671547,-0.10211684270110351,0.3910635029956367,0.25422551804442467,7.283927623526459e-05,-0.010335185391864343
361,3.619999999999967,sac,-0.10080018969394591,-0.28951988618363245,-0.12983996206121082,-0.10215117014955917,-0.2936082539142959,-0.13303992623299343,0.005364668637788513,0.007944408164595065,-1.570803106772076,-1.570794987650824,-5.264885037714606e-06,-0.08709755239474926,0.000717850436595944,0,0,0,0,0.2064998369170241,-7.273924790939748,-1.2177685397058446,0.05033594823541514,-0.1198187409565365,0.3905035855935836,0.20836224517571628,-0.0007827189238137386,-0.010753205853057593
362,3.6299999999999666,sac,-0.10263785779404183,-0.2884172853235749,-0.12947242844119164,-0.1040031216427511,-0.2921153492814328,-0.13272299150684497,0.005109381827265359,0.0077874451393243355,-1.570803106772076,-1.5707949509321462,-5.264885037714606e-06,-0.08872131654033555,0.0007383051829226358,0,0,0,0,0.2245372893015182,-7.3263823226854585,-1.2796887135049524,0.08470200780602405,-0.1449050761280088,0.38886623346452587,0.14724135135466046,-0.0019600800423350754,-0.010217544502474243
363,3.6399999999999664,sac,-0.10448123262565776,-0.2873112604246053,-0.12910375347486844,-0.10585534616927847,-0.2906169918228066,-0.13239763174121297,0.004864738650874529,0.007512447007351667,-1.570803106772076,-1.5707949142246407,-5.264885037714606e-06,-0.09023479857841821,0.000753554640283982,0,0,0,0,0.23850695417382722,-7.345750598468984,-1.3004307328046756,0.09905367992769976,-0.19421731447098067,0.3929670338100354,0.11120277295090553,-0.0022119882496448133,-0.01051284319908365
364,3.649999999999966,sac,-0.10632984639999375,-0.28620209216000375,-0.12873403072000125,-0.10771323130099611,-0.28913061439525445,-0.13205816688964128,0.004641107361502008,0.007187479605692695,-1.570803106772076,-1.5707948773530807,-5.264885037714606e-06,-0.09156906759975514,0.0007533007761064576,0,0,0,0,0.20565650208760278,-7.390460398164006,-1.3240109354677718,0.10949561755863303,-0.19399416337667172,0.397309722509595,0.08356502622192986,-0.002082396271356534,-0.009805492992736276
365,3.659999999999966,sac,-0.10818322930072968,-0.2850900624195622,-0.12836335413985406,-0.10959258314398525,-0.28769316710167275,-0.13171395412147094,0.004470900633914399,0.006599655916977709,-1.570803106772076,-1.570794840349866,-5.264885037714606e-06,-0.09249965160874063,0.0007191877956170632,0,0,0,0,0.19832471712647787,-7.3883175906007015,-1.335617537922417,0.12265695746076499,-0.16054136061509072,0.401495224546452,0.06567583623119627,-0.0013434845637451918,-0.008467296490545803
366,3.6699999999999657,sac,-0.11004090966834564,-0.2839754541989926,-0.12799181806633086,-0.11150649331785195,-0.28635299640826856,-0.13138356843903762,0.0043937015125455866,0.0065451092497412575,-1.570803106772076,-1.570794803509113,-5.264885037714606e-06,-0.0927419430002363,0.0006330905020550073,0,0,0,0,0.16799579477045593,-7.427337531386197,-1.3703874447315443,0.14123901155069957,-0.1104156415860714,0.40860497724490424,0.07159031161656017,-0.0015366813625398434,-0.006776390623058753
367,3.6799999999999655,sac,-0.1119024141844416,-0.28285855148933503,-0.12761951716311168,-0.11345586849215174,-0.28512663342044775,-0.13107461575674917,0.004415328099262718,0.006171365256566079,-1.570803106772076,-1.570794766684062,-5.264885037714606e-06,-0.09227739474983943,0.0005072932079122516,0,0,0,0,0.16104970378270284,-7.382164257536046,-1.3354714230353775,0.13112866124262287,-0.05812099067713482,0.41597337905656967,0.10287998709936522,-0.002507364437909096,-0.006001540435964156
368,3.6899999999999653,sac,-0.11376726805605752,-0.28173963916636546,-0.1272465463887885,-0.115433028426574,-0.28398959078686187,-0.1307803585647255,0.004508311036447938,0.0060741887856223505,-1.570803106772076,-1.570794729230026,-5.264885037714606e-06,-0.09136613366541746,0.00038247914846657814,0,0,0,0,0.16039898849346898,-7.376093803717792,-1.3288623587061597,0.1291740597664004,-0.04697003878460912,0.4242324581617943,0.14692692170264138,-0.00400879590019987,-0.00607053018248236
369,3.699999999999965,sac,-0.11563499519999344,-0.2806190028800039,-0.12687300096000131,-0.1174369212992904,-0.28291212906935387,-0.13049383279373977,0.004649278283327855,0.0057286118983240104,-1.570803106772076,-1.5707946905307038,-5.264885037714606e-06,-0.09023833524786551,0.00029962349425296814,0,0,0,0,0.17327460213179835,-7.375774231867533,-1.3150843645920987,0.12007585566120009,-0.0685524356344386,0.4333310941220216,0.19229951253612665,-0.005787240936123923,-0.006942254198663704
370,3.709999999999965,sac,-0.11750511842712943,-0.27949692894372236,-0.1264989763145741,-0.1194674208307017,-0.2818984338835136,-0.13021304120298202,0.0048386087560591,0.0061396047538458485,-1.570803106772076,-1.5707946506288573,-5.264885037714606e-06,-0.08887864775657839,0.00028005417597493386,0,0,0,0,0.15484886078722046,-7.391312042447911,-1.3078528008648382,0.11145376809934027,-0.11202233512360796,0.4430037510496137,0.23843374592022792,-0.007618540294884243,-0.008552372337860579
371,3.7199999999999647,sac,-0.1193771596267454,-0.27837370422395274,-0.12612456807465092,-0.12152133811967969,-0.280948504460412,-0.12993223826681116,0.005072026218337016,0.0063419963069958705,-1.570803106772076,-1.5707946098647685,-5.264885037714606e-06,-0.08724637911040256,0.00032706567307857966,0,0,0,0,0.1819843471583795,-7.397864859194659,-1.2841096071849563,0.09361297095928969,-0.16987218926604464,0.45265670394706475,0.28554134939311393,-0.008097280083867188,-0.010005430195677765
372,3.7299999999999645,sac,-0.12125063995084134,-0.27724961602949516,-0.12574987200983173,-0.1235892786224473,-0.28004277660711835,-0.12964083951089383,0.005330159935971963,0.006241892850666922,-1.570803106772076,-1.5707945683714972,-5.264885037714606e-06,-0.0854376693061325,0.00040274146069190696,0,0,0,0,0.20512817037311243,-7.379214988576127,-1.2549257054451248,0.07716031768217897,-0.17620119737081688,0.45850730998301364,0.32540271080925753,-0.0074839522084136035,-0.011253591370725142
373,3.7399999999999642,sac,-0.12312507999845725,-0.2761249520009256,-0.12537498400030855,-0.12567209863981857,-0.27917185743573963,-0.12933668809736182,0.005609459514137689,0.0066156640301396445,-1.570803106772076,-1.5707945261778125,-5.264885037714606e-06,-0.08347770848410674,0.0004833596176333162,0,0,0,0,0.19399296077511924,-7.3394606901686394,-1.2133194627433577,0.05714512601505248,-0.2092128773540977,0.45914285964830437,0.3684527801895057,-0.005995411665141831,-0.012187012612838478
374,3.749999999999964,sac,-0.12499999999999323,-0.2750000000000041,-0.12500000000000136,-0.12777894802806922,-0.27832806881037286,-0.12901912747574715,0.005912019943774857,0.007007989304316215,-1.570803106772076,-1.570794483093475,-5.264885037714606e-06,-0.08137682290403503,0.0005633399904812449,0,0,0,0,0.21284499019407038,-7.352132992636361,-1.2038386614118026,0.045837109689241734,-0.19821025613073331,0.4553178079899057,0.3989891799008518,-0.0038423320614847252,-0.012661572484648734
375,3.759999999999964,sac,-0.12687492000152922,-0.27387504799908247,-0.12462501599969415,-0.12989699463105447,-0.277483889490372,-0.12867934838704884,0.006212429724578477,0.007561593554674319,-1.570803106772076,-1.5707944389593909,-5.264885037714606e-06,-0.07932638825992133,0.0006209206795731708,0,0,0,0,0.21789095102247824,-7.36350981725159,-1.19770708037005,0.03735138235999874,-0.1682633006159609,0.42904987135205425,0.42545213383258274,-0.001857299671357344,-0.012076307083401957
376,3.7699999999999636,sac,-0.1287493600491452,-0.2727503839705129,-0.12425012799017096,-0.13202488038737642,-0.2766332235788674,-0.12831406885556315,0.006505466337456338,0.007350353668170388,-1.570803106772076,-1.5707943941238898,-5.264885037714606e-06,-0.07728712918607905,0.0006595715463592331,0,0,0,0,0.19009254045642937,-7.2997865237768,-1.123476182761585,0.00020611953138502392,-0.16518369482750625,0.4161155074505079,0.41472065662118807,-0.0007090234253021375,-0.010709974374476605
377,3.7799999999999634,sac,-0.13062284037324118,-0.2716262957760553,-0.12387543192535176,-0.13415501250731865,-0.2757577906752458,-0.12792366806367333,0.006777440956467521,0.007198447038742691,-1.570803106772076,-1.5707943489034664,-5.264885037714606e-06,-0.07530445495182181,0.0006744925953336148,0,0,0,0,0.19915553724438242,-7.243800170434642,-1.1024843915237772,-0.0034304396119826594,-0.17797580647282438,0.41186778388067946,0.3780436450473845,-0.0006988909371494049,-0.010034818041601582
378,3.789999999999963,sac,-0.1324948815728571,-0.27050307105628574,-0.12350102368542858,-0.13626378425696392,-0.2748284322984211,-0.12751344288243327,0.00700092030591164,0.007397582260909881,-1.570803106772076,-1.5707943034912009,-5.264885037714606e-06,-0.07357954750524631,0.0006505576046845965,0,0,0,0,0.17541945592619362,-7.221997725152343,-1.09080346961244,-0.008872463395910024,-0.1992818078351628,0.4131548207639983,0.32308212950316584,-0.00010993335760704987,-0.008680683496528285
379,3.799999999999963,sac,-0.13436500479999305,-0.2693809971200042,-0.12312699904000139,-0.13834042099401875,-0.2738426835020506,-0.12709374726437866,0.007172563751062824,0.007604620453638388,-1.570803106772076,-1.570794258226707,-5.264885037714606e-06,-0.07212776021784673,0.0005961812338082984,0,0,0,0,0.1914832886910296,-7.211218204285937,-1.0900558432584577,-0.009072153371796739,-0.22599892457612203,0.4180489486499351,0.2558103680323054,0.0009226034030384478,-0.006769811397399432
380,3.8099999999999627,sac,-0.13623273194392913,-0.2682603608336425,-0.12275345361121417,-0.14039250370414325,-0.2727973694591073,-0.12667356596635002,0.007297631755679752,0.007751286930346455,-1.570803106772076,-1.5707942130082289,-5.264885037714606e-06,-0.07093675616437856,0.0005258225570988308,0,0,0,0,0.19266098504479054,-7.110277742347282,-1.0357495161148376,-0.023919974330583633,-0.26534674589835683,0.42505048477969504,0.18579676377848509,0.002352291817995741,-0.004443871092578376
381,3.8199999999999625,sac,-0.13809758581554504,-0.26714144851067295,-0.12238048283689099,-0.14242489587567742,-0.27168797120975596,-0.12625237052702795,0.007374821712748999,0.007807073256549622,-1.570803106772076,-1.5707941677702704,-5.264885037714606e-06,-0.06999751390962627,0.000450813405947597,0,0,0,0,0.22150961949480394,-7.109899763832418,-1.0476785521771763,-0.016570064054674108,-0.3074909103910346,0.4348731860868504,0.11028812613237253,0.0033839774030258478,-0.001589417986871108
382,3.8299999999999623,sac,-0.13995909033164095,-0.2660245458010154,-0.12200818193367181,-0.14443273315529598,-0.27050667167124437,-0.12582832572164834,0.007395703549428644,0.008113963500535054,-1.570803106772076,-1.5707941224214312,-5.264885037714606e-06,-0.06937221897543466,0.00037968933681657507,0,0,0,0,0.23124117847317943,-7.107209525449744,-1.0527280838615127,-0.013473984168143854,-0.3590896052027507,0.4509819242495755,0.08156710153364227,0.004865890931457833,0.0014484138935020475
383,3.839999999999962,sac,-0.141816770699257,-0.2649099375804458,-0.1216366458601486,-0.14640905508085283,-0.2692537010896388,-0.12540750905646159,0.00736048683923514,0.008466028287140957,-1.570803106772076,-1.5707940770194253,-5.264885037714606e-06,-0.06909166395882016,0.0003295023461513824,0,0,0,0,0.23649541363796595,-7.068632342949329,-1.0312694490057521,-0.018154916014188983,-0.3979672132324435,0.4632362694889033,0.029423410269053082,0.005375561391036913,0.0031416497040293945
384,3.849999999999962,sac,-0.14367015359999286,-0.2637979078400043,-0.12126596928000143,-0.1483503654949003,-0.2679376121861373,-0.1249947091842202,0.007276334017067888,0.00792372715223925,-1.570803106772076,-1.570794031781521,-5.264885037714606e-06,-0.06911082717397754,0.0003215134368802866,0,0,0,0,0.23511080516833566,-7.035226455098892,-1.014830913462335,-0.021103954746204676,-0.42597972866020634,0.47008510282996724,-0.03858031237274827,0.005107053890043492,0.0037595605191318208
385,3.8599999999999617,sac,-0.14551876737432892,-0.2626887395754026,-0.12089624652513421,-0.150262502725776,-0.26655949284862096,-0.1245929510890221,0.00715201933857625,0.00791922573393767,-1.570803106772076,-1.5707939867219296,-5.264885037714606e-06,-0.0693866635854774,0.0003662739133002968,0,0,0,0,0.22854937621555196,-7.040861666446503,-1.0515839551195754,0.0010282345124116923,-0.4225262244453185,0.4550573026831579,-0.06850420653243444,0.004510804732798644,0.003329496874406083
386,3.8699999999999615,sac,-0.14736214220594496,-0.261582714676433,-0.12052757155881101,-0.15213993705820947,-0.26510970118404276,-0.12420314072544958,0.006984036524384059,0.007548783588402535,-1.570803106772076,-1.5707939418610601,-5.264885037714606e-06,-0.06997209903341028,0.0004540672469781013,0,0,0,0,0.22713788782132577,-7.059860693812368,-1.0773384693443566,0.015351653516625374,-0.4274693694789166,0.450463169092989,-0.12053446056193157,0.0033184574176954385,0.0022866775748287133
387,3.8799999999999613,sac,-0.14919981030604088,-0.2604801138163755,-0.12016003793879182,-0.15399127238345273,-0.26360740825518025,-0.12383299231267303,0.006799167094495344,0.007432471460718702,-1.570803106772076,-1.5707938976352855,-5.264885037714606e-06,-0.07068260596235088,0.0005581818953222421,0,0,0,0,0.20118734979708436,-7.0417304630618816,-1.0879707064786137,0.02802591811983652,-0.39832140150889234,0.44659133891109226,-0.1628293473399987,0.002227566982100958,0.0004618528281724048
388,3.889999999999961,sac,-0.15103130609765691,-0.2593812163414059,-0.11979373878046862,-0.15581764665442346,-0.2620586388055604,-0.12347395096123942,0.006604665674536559,0.007161867180987969,-1.570803106772076,-1.5707938541475583,-5.264885037714606e-06,-0.07146206539297673,0.0006656265634325574,0,0,0,0,0.19052594273145204,-7.082470347395726,-1.1292069460367804,0.04760976195236917,-0.38402534925009674,0.44136981019336213,-0.22385522639101202,0.0005185535702162129,-0.0015462774601885058
389,3.899999999999961,sac,-0.1528561663999929,-0.25828630016000426,-0.11942876672000143,-0.15762917773605808,-0.26048203889281407,-0.12312003622991144,0.006420932673043648,0.007178528535780469,-1.570803106772076,-1.5707938112788047,-5.264885037714606e-06,-0.0722104517386506,0.0007614215248427991,0,0,0,0,0.17773462026897377,-7.115692903963764,-1.1705927931451074,0.07039035686562205,-0.34878057768505194,0.4170206587890026,-0.2683363510615897,-0.0005196820194631776,-0.0022084431089190045
390,3.9099999999999606,sac,-0.15467393061272883,-0.2571956416323627,-0.11906521387745424,-0.15943199956864218,-0.2588945879094788,-0.12277656485371422,0.006268952441256743,0.006290284281891652,-1.570803106772076,-1.5707937689194467,-5.264885037714606e-06,-0.07287048624903147,0.0008367155111588338,0,0,0,0,0.14540793556761336,-7.104748106746544,-1.1677621794015325,0.07333028484829121,-0.2926291509454918,0.4044362814507013,-0.30359909338780683,-0.0019318808313298194,-0.0028045400172255356
391,3.9199999999999604,sac,-0.15648414090034488,-0.2561095154597931,-0.11870317181993104,-0.16121701093219526,-0.25730376521606046,-0.12244606600923244,0.006151060732185818,0.005774913977901465,-1.570803106772076,-1.5707937271256072,-5.264885037714606e-06,-0.0734719607262877,0.000892915317277849,0,0,0,0,0.11502944176961334,-7.144320599627377,-1.2276680824106296,0.10629949552085677,-0.22467805369074856,0.38316577528286155,-0.3308381535198803,-0.003255124456802928,-0.002300314226753792
392,3.92999999999996,sac,-0.1582863423764408,-0.2550281945741355,-0.11834273152471184,-0.16298674016095488,-0.2557238724796464,-0.12212517660866531,0.006073269127414395,0.005872653524547343,-1.570803106772076,-1.5707936858664229,-5.264885037714606e-06,-0.07396668281403351,0.000927106870504896,0,0,0,0,0.071893484015884,-7.13431858976979,-1.2362940730869572,0.11406530767878564,-0.14639214242207277,0.36958046716059817,-0.3537656468068569,-0.004474616918218363,-0.0009099624829185381
393,3.93999999999996,sac,-0.16008008328805684,-0.25395195002716586,-0.11798398334238863,-0.16474517630885308,-0.25417553198593384,-0.12181017264219676,0.006037615948612044,0.005297626265051,-1.570803106772076,-1.5707936450760749,-5.264885037714606e-06,-0.07428986517721525,0.0009329168832783907,0,0,0,0,0.014548012342747996,-7.144983936486146,-1.2410015439975917,0.11630799948936746,-0.07768710115043687,0.3317698529915562,-0.3724575330970335,-0.005634895805730541,0.0011851166944645399
394,3.9499999999999598,sac,-0.1618649151999928,-0.25288105088000434,-0.11762701696000144,-0.16648912790127976,-0.25266160421265893,-0.12149322735452361,0.006031507503208793,0.00501997641864228,-1.570803106772076,-1.5707936045866393,-5.264885037714606e-06,-0.07448196044169353,0.0009178057758751905,0,0,0,0,-0.0006305408308322005,-7.141069487323275,-1.2676887802776031,0.13583955054497937,-0.04069083056988845,0.2744189805426766,-0.3843507860162577,-0.0069083493280874125,0.0037996979969826417
395,3.9599999999999596,sac,-0.16364039317912882,-0.2518157640925227,-0.11727192136417425,-0.16823116854787684,-0.251194614349642,-0.12116969566724234,0.006054229100970845,0.005319416947966139,-1.570803106772076,-1.5707935644411832,-5.264885037714606e-06,-0.07442738348348166,0.0008798043015894507,0,0,0,0,-0.019544525498456616,-7.187262693393312,-1.318477307514189,0.16044142719791415,0.0027647782746743205,0.208779444749787,-0.3896480296243415,-0.00693873742313085,0.0057393255197892585
396,3.9699999999999593,sac,-0.16540607597874485,-0.2507563544127531,-0.11691878480425102,-0.16997404444395425,-0.2497878487548471,-0.12083794469416081,0.00609624091971612,0.005143865466362976,-1.570803106772076,-1.5707935247166689,-5.264885037714606e-06,-0.07406805283871387,0.0008175840621924534,0,0,0,0,-0.026066522796708822,-7.208199273994206,-1.317685345895589,0.15465691727422573,0.04944309841176655,0.18067571706632354,-0.3696756594736737,-0.00785266304033252,0.007747738497621205
397,3.979999999999959,sac,-0.1671615262228408,-0.2497030842662955,-0.11656769475543184,-0.17171784295453763,-0.24845392668736616,-0.12050279451780674,0.006148611790996402,0.004697623019482137,-1.570803106772076,-1.5707934853869947,-5.264885037714606e-06,-0.07339257911091224,0.0007312717138349777,0,0,0,0,-0.035158640229002704,-7.27209989004685,-1.3666711415055035,0.172860566199905,0.09554656121779745,0.17381221387453308,-0.3290546748787953,-0.009495248897208328,0.009765890014561596
398,3.989999999999959,sac,-0.1689063105904569,-0.24865621364572585,-0.11621873788190862,-0.1734825668979716,-0.24721026150809394,-0.12017343397566455,0.006218723387509575,0.004668648809951909,-1.570803106772076,-1.570793446357585,-5.264885037714606e-06,-0.07227533548717169,0.0006175469574467723,0,0,0,0,-0.06323509322464652,-7.290611899727318,-1.3925814651078425,0.1844143058844411,0.13848190434890573,0.1789323839950023,-0.2725076120504434,-0.009900475199707591,0.010963271535851991
399,3.9999999999999587,sac,-0.17063999999999283,-0.2476160000000043,-0.11587200000000145,-0.17528704599359843,-0.24608136140532766,-0.11985620549478049,0.0063106295650738765,0.004759926328515843,-1.570803106772076,-1.570793407551584,-5.264885037714606e-06,-0.07057705251989899,0.000472811839916338,0,0,0,0,-0.0642361981298752,-7.284795454021146,-1.3721674751080672,0.17073434290897355,0.17935315867018545,0.19220167051397913,-0.20541624492862282,-0.010635435938243327,0.011009442119938118
400,4.009999999999959,sac,-0.17236216979352895,-0.24658269812388262,-0.11552756604129422,-0.17712695738827058,-0.2450641907841001,-0.11954236188124215,0.006413084359373451,0.004711197677610912,-1.570803106772076,-1.5707933686258235,-5.264885037714606e-06,-0.0683970722481948,0.00032272426355085685,0,0,0,0,-0.0731558946816753,-7.30439337052709,-1.3703146015379997,0.16273884197546196,0.21876007915814158,0.19030810611859528,-0.13156964680306754,-0.012103066491607235,0.010577543186459528
401,4.019999999999959,sac,-0.17407239992114493,-0.24555656004731305,-0.11518552001577101,-0.17900487849978872,-0.24415714075482037,-0.11922494058558106,0.006527222826346985,0.0040965653214367,-1.570803106772076,-1.5707933295923935,-5.264885037714606e-06,-0.06572357631315606,0.00022312889843689135,0,0,0,0,-0.06282084941926512,-7.28819874625078,-1.3327745332388328,0.13779072065730752,0.25698043298491985,0.17875717599898147,-0.052970632647326446,-0.01248681534205247,0.009619375659440777
402,4.0299999999999585,sac,-0.17577027512524115,-0.2445378349248553,-0.11484594497495176,-0.18090116033420597,-0.24332345355421398,-0.11889136370399808,0.006645759387327638,0.004280318850026648,-1.570803106772076,-1.570793290343289,-5.264885037714606e-06,-0.06277335546487595,0.0002582705735989245,0,0,0,0,-0.0736979674686997,-7.215077752671781,-1.2734041061327095,0.10955611443529317,0.2922448744012692,0.19308765872982644,0.02245067663715883,-0.012195512221452544,0.008051571099036868
403,4.039999999999958,sac,-0.17745538512485687,-0.2435267689250859,-0.11450892297502863,-0.18279717517996286,-0.24254352545140587,-0.11853486862445997,0.006760896914872966,0.004863354634505085,-1.570803106772076,-1.570793251035729,-5.264885037714606e-06,-0.05967244470262445,0.00035796880255767213,0,0,0,0,-0.10785142440374712,-7.211076810070688,-1.24982423088533,0.08846695610246422,0.32334653957370285,0.17598631890750477,0.09125135833680313,-0.011408992073383495,0.005964463422680708
404,4.049999999999958,sac,-0.1791273247999929,-0.24252360512000426,-0.11417453504000141,-0.18468256086762805,-0.24181092088377645,-0.11815307839281311,0.006870034483022926,0.0051380983238972396,-1.570803106772076,-1.5707932116945689,-5.264885037714606e-06,-0.056495256644919944,0.00046006902771725396,0,0,0,0,-0.11660633134569715,-7.218115926446695,-1.2241226285875386,0.0639921770656714,0.34839111113413057,0.17935669571238338,0.10754917970187285,-0.009926577339331596,0.003773191121557053
405,4.059999999999958,sac,-0.18078569437592906,-0.24152858337444255,-0.11384286112481419,-0.1865429542705073,-0.2411115531307213,-0.11774723695728881,0.006968795187054146,0.005686320597471715,-1.570803106772076,-1.5707931722171828,-5.264885037714606e-06,-0.05338477174355982,0.0005435569044047692,0,0,0,0,-0.1297601909471034,-7.185392383125348,-1.190369005394907,0.04192583351737665,0.35751381733266197,0.1961467452182181,0.089392886701091,-0.007755105477049306,0.001850730781595378
406,4.069999999999958,sac,-0.18243009960754505,-0.24054194023547298,-0.11351398007849099,-0.18837066255133852,-0.24043408519755077,-0.11731967296554802,0.007055864167412364,0.005723633642872567,-1.570803106772076,-1.570793132729161,-5.264885037714606e-06,-0.05039405964546173,0.0006050885834944797,0,0,0,0,-0.12429931334523568,-7.12576334213642,-1.1224008628890065,0.00493767175556839,0.3573329295643382,0.18213382000915798,0.05639532716345001,-0.005529885356152871,-0.0005600572829186105
407,4.079999999999957,sac,-0.18406015196364114,-0.23956390882181533,-0.11318796960727177,-0.1901506657853217,-0.23974469162013667,-0.11687347860439518,0.0071210966571258,0.005633714205690444,-1.570803106772076,-1.5707930932327712,-5.264885037714606e-06,-0.047691106496911884,0.0006290149477815093,0,0,0,0,-0.11875135964332739,-7.057614073746476,-1.0773646286523542,-0.016365859613773966,0.331706780885538,0.15702999314687935,0.04896201245986137,-0.002792690720580008,-0.0021986609835455617
408,4.089999999999957,sac,-0.1856754688112572,-0.23859471871324567,-0.11286490623774856,-0.19187558085828346,-0.23902616330009796,-0.1164109693451682,0.00715556408601075,0.006195314858728518,-1.570803106772076,-1.5707930539759305,-5.264885037714606e-06,-0.045312169918551026,0.0006174018657863894,0,0,0,0,-0.08623039516993154,-7.066501632819365,-1.0932168259923427,-0.013657385164659037,0.29992586865676263,0.1581451021840016,0.019996954072915542,-0.0016027640085364435,-0.003528036589296573
409,4.099999999999957,sac,-0.1872756735999932,-0.23763459584000407,-0.11254486528000136,-0.19353618672366096,-0.23827167422523335,-0.11593296691850521,0.007146966220248642,0.006200530340409124,-1.570803106772076,-1.5707930154663585,-5.264885037714606e-06,-0.0432308740150531,0.0005788552660255538,0,0,0,0,-0.0944713557663409,-7.017366152468903,-1.0485652440642104,-0.03745616327619171,0.2646754235949676,0.1768599706318893,-0.023610510481030602,-0.0015922548620344666,-0.004928739341456621
410,4.109999999999957,sac,-0.18886039604632915,-0.2366837623722025,-0.11222792079073418,-0.19511870456598443,-0.23746577294290874,-0.11544453170279906,0.007079869477575204,0.0055921076474879676,-1.570803106772076,-1.5707929779431338,-5.264885037714606e-06,-0.04152180148289175,0.0005161185435006362,0,0,0,0,-0.04790763949243319,-6.983477683388733,-1.0320756374109232,-0.04581386495048741,0.2196844926306922,0.1752622796333678,-0.03144118660503699,-0.0012946322907780457,-0.005092037453801801
411,4.119999999999957,sac,-0.19042927231794532,-0.23574243660923283,-0.11191414553641094,-0.19660918261724653,-0.23658894056596544,-0.11494584829085722,0.006935350160409368,0.005849529211321345,-1.570803106772076,-1.570792941164912,-5.264885037714606e-06,-0.0403517228707404,0.0004408322052599063,0,0,0,0,-0.05220332608859265,-6.99235421907727,-1.077663043328614,-0.021418514154391895,0.16761417776494306,0.1823718210900413,-0.01306248077676412,-0.0005583779684776962,-0.004355588672783529
412,4.129999999999956,sac,-0.19198194521804132,-0.2348108328691752,-0.11160361095639174,-0.19802542617145988,-0.2356590136691587,-0.11444213414926441,0.006730548760708117,0.005366766498953609,-1.570803106772076,-1.5707929052644105,-5.264885037714606e-06,-0.039552395791269124,0.0003958104752847558,0,0,0,0,-0.0219127283390929,-6.9768689754364015,-1.0648111440416828,-0.03196222144799163,0.11922220120018365,0.18864091303574557,0.029549049639830544,-0.000325783902792923,-0.002832099756986426
413,4.139999999999956,sac,-0.19351806436965735,-0.2338891613782056,-0.11129638712606854,-0.19939423169905798,-0.23469798805321823,-0.11394172774889039,0.006494718630093135,0.00472501015932634,-1.570803106772076,-1.570792870407901,-5.264885037714606e-06,-0.03889176238256642,0.00039534277351556787,0,0,0,0,-0.022939599903435796,-7.001252100715658,-1.1129214672440404,-0.008726621233274647,0.0754825729886241,0.16516797600741262,0.07260965618984855,0.0005049102072963683,-0.0023778127306175894
414,4.149999999999956,sac,-0.1950372863999933,-0.23297762816000403,-0.11099254272000134,-0.2007230501322188,-0.2337189762660624,-0.11344586538515294,0.006236689693450677,0.004953280262568286,-1.570803106772076,-1.5707928366198918,-5.264885037714606e-06,-0.03829365263260742,0.00042542384194281215,0,0,0,0,-0.030585770511907143,-7.036357011837396,-1.1773376322545366,0.023043930202581935,0.04544361240803371,0.11931066636396258,0.1153799223347465,0.0013079239793930175,-0.0030047513482102514
415,4.159999999999956,sac,-0.1965392751247294,-0.23207643492516236,-0.11069214497505411,-0.20201362046945603,-0.23273442598985108,-0.11295813861415865,0.0059612193691393825,0.004593064273063788,-1.570803106772076,-1.5707928038837433,-5.264885037714606e-06,-0.0377309334213356,0.0004670134719375202,0,0,0,0,-0.02820681288937916,-7.047584761295111,-1.188954888582012,0.025647493709698134,0.02969744081540538,0.059413471776246264,0.15915123024959388,0.0010554198962636169,-0.0039525386844852595
416,4.1699999999999555,sac,-0.1980237017323453,-0.23118577896059284,-0.11039525965353095,-0.20326881148153828,-0.2317518158447527,-0.11248150128013634,0.005673092468829485,0.004982763754734534,-1.570803106772076,-1.5707927720767323,-5.264885037714606e-06,-0.03719940949747502,0.0005076354793929432,0,0,0,0,-0.04848552785758985,-7.081781745162296,-1.2362444436089237,0.047422094682322294,0.0348289978416426,0.03720560398964837,0.16482211512076064,-8.633845205252696e-05,-0.005052617037789385
417,4.179999999999955,sac,-0.19949024496844148,-0.23030585301893514,-0.1101019510063117,-0.2044910544670348,-0.23077061454840359,-0.11200843160418353,0.005372035665421146,0.004768943842399912,-1.570803106772076,-1.5707927409966007,-5.264885037714606e-06,-0.0367133164498179,0.0005472119161332006,0,0,0,0,-0.0577765784664243,-7.07687127776405,-1.23220941967103,0.042546271987410525,0.012354010637658657,0.002035916515654261,0.17368172849859792,-0.001906459717326578,-0.006354424499189297
418,4.189999999999955,sac,-0.20093859132005754,-0.22943684520796548,-0.1098122817359885,-0.20568357145017635,-0.229785673012862,-0.11153434504595561,0.005059843803540397,0.0039333340942754496,-1.570803106772076,-1.5707927105578348,-5.264885037714606e-06,-0.03627204970108888,0.0005858139161531445,0,0,0,0,-0.06553432797251754,-7.079247456659402,-1.2480617037324864,0.049663833071159104,0.012514954766316684,-0.0024901049303979513,0.1567019123396642,-0.0027057209691395663,-0.006641836792767118
419,4.199999999999955,sac,-0.2023684351999936,-0.22857893888000386,-0.10952631296000129,-0.20684731891757527,-0.2287919818747552,-0.1110628668325499,0.004739913973531062,0.003356765490622385,-1.570803106772076,-1.5707926807814336,-5.264885037714606e-06,-0.03587974002060346,0.0006222780504665672,0,0,0,0,-0.05303032090332013,-7.051432396486869,-1.262794890098235,0.06173705007933858,0.02723707993209211,0.013560426128814489,0.12227502548028515,-0.002999325539336208,-0.005933460017120172
420,4.209999999999955,sac,-0.20377947913112968,-0.2277323125213222,-0.10924410417377406,-0.20798350308682326,-0.22778975471055815,-0.11060165100294578,0.004418150112721828,0.004067397179132727,-1.570803106772076,-1.5707926517287865,-5.264885037714606e-06,-0.03552763009823812,0.0006540765950049058,0,0,0,0,-0.026333688243904627,-7.004589000464659,-1.2521203800808387,0.061819465309338094,0.03998088642299292,0.045669019719455875,0.07394229757815715,-0.0026817365307328918,-0.004533227580567645
421,4.2199999999999545,sac,-0.20517143393074566,-0.22689713964155261,-0.10896571321385087,-0.20909494723142238,-0.22678590188675538,-0.11015355057235202,0.004100888690141499,0.003305207036005236,-1.570803106772076,-1.5707926233578386,-5.264885037714606e-06,-0.03519829768949578,0.0006791871322391936,0,0,0,0,-0.015671785086220847,-7.0112414666923195,-1.2313999735759344,0.04601885430626522,0.061088889907034524,0.08669664769904371,0.01790816476813334,-0.0020154810378971728,-0.0025019411349953002
422,4.229999999999954,sac,-0.2065440188948416,-0.22607358866309504,-0.10869119622103168,-0.21018825725880957,-0.22578409192120613,-0.10971625389902787,0.0037967123752266382,0.0024754261578167594,-1.570803106772076,-1.570792595475261,-5.264885037714606e-06,-0.03487859698021856,0.0006965269053078093,0,0,0,0,0.01418636624056774,-6.96317881443156,-1.2281672108280783,0.052474105633617624,0.09266713519434665,0.13199077480214177,-0.041418671222670074,-0.0023588202892771363,-0.001358598406342307
423,4.239999999999954,sac,-0.207896961982458,-0.2252618228105252,-0.10842060760350841,-0.21126422515949736,-0.22478911265434193,-0.10927972947496409,0.0035071365221812445,0.0028446703889707554,-1.570803106772076,-1.5707925680847405,-5.264885037714606e-06,-0.03454027280023575,0.0007100371738739729,0,0,0,0,0.011830990026949336,-6.921510388703692,-1.2298042684438886,0.06084144348494393,0.13409889579641954,0.17991839570320708,-0.10049873950614885,-0.0032351842197744633,-0.0012426520244086003
424,4.249999999999954,sac,-0.2092299999999938,-0.22446200000000371,-0.10815400000000125,-0.21232098534392946,-0.22379591963293607,-0.10884869807694905,0.003237353683169776,0.002047111715755165,-1.570803106772076,-1.5707925412346613,-5.264885037714606e-06,-0.034201754727938516,0.0007216952644610055,0,0,0,0,0.02017712603050002,-6.8941632307869645,-1.1922669024974584,0.04085351269993382,0.18333971419242426,0.23547898684354696,-0.14917655318057482,-0.003176340763561525,-0.0004998953782506402
425,4.259999999999954,sac,-0.2105428787855298,-0.22367427272868212,-0.10789142424289405,-0.2133503452333027,-0.22278987123537125,-0.10843823976319356,0.002993833841411637,0.002007933550684795,-1.570803106772076,-1.5707925151126654,-5.264885037714606e-06,-0.0339252598921187,0.0007366655060525886,0,0,0,0,0.021634936700917668,-6.8996873004341115,-1.225739389822826,0.05945648280504888,0.18597428059741047,0.28087329908002395,-0.1930182181979468,-0.0030208008212136263,0.0010884101877937213
426,4.269999999999953,sac,-0.21183535339314613,-0.22289878796411233,-0.10763292932137078,-0.21434916933019632,-0.22177395686217452,-0.10805629159908453,0.002786350873713706,0.0012585915870542755,-1.570803106772076,-1.57079249003466,-5.264885037714606e-06,-0.033676424857108866,0.0007536303278255667,0,0,0,0,0.019950881821455463,-6.8527789236557135,-1.2039336114035035,0.05506693742600775,0.17290790149243723,0.3280841276100849,-0.24682573978670452,-0.003638696491932462,0.0016890175537750975
427,4.279999999999953,sac,-0.21310718827724212,-0.22213568703365474,-0.10737856234455158,-0.21532297714315404,-0.2207510392526067,-0.10770682464017103,0.002633386775729285,0.0015438694194898897,-1.570803106772076,-1.5707924659114574,-5.264885037714606e-06,-0.033439906540353226,0.000769080587305752,0,0,0,0,0.048628643907461674,-6.880139648497434,-1.2512728290215511,0.07720778379458443,0.16876913590908033,0.3621387418608093,-0.24978015545768506,-0.004646058707896593,0.001311142141013277
428,4.289999999999953,sac,-0.21435815747685794,-0.22138510551388524,-0.10712836850462842,-0.2162857505621084,-0.21972661478202035,-0.10738736392837611,0.002556029193790502,0.0013073403425153847,-1.570803106772076,-1.5707924424007167,-5.264885037714606e-06,-0.03318309557406285,0.0007769399378167247,0,0,0,0,0.05644894675025378,-6.922043694128147,-1.2747059240357919,0.08142185416824298,0.16138398990941505,0.36014631611021025,-0.2298444307678782,-0.005387970068900158,0.0020067930935965617
429,4.299999999999953,sac,-0.21558804479999422,-0.22064717312000348,-0.10688239104000116,-0.21722644756559814,-0.21869369479109974,-0.10708580544991819,0.0025576979153131146,0.0011850977654972352,-1.570803106772076,-1.570792419013329,-5.264885037714606e-06,-0.03306135013565936,0.0007914898929862322,0,0,0,0,0.054129436269791595,-6.9342555643456985,-1.2979734356748192,0.09323568513893307,0.12706055796150406,0.36433465634379775,-0.2312616971177451,-0.006503677494405405,0.003052757797173392
430,4.3099999999999525,sac,-0.21679664400793036,-0.2199220135952418,-0.10664067119841393,-0.21815476456479002,-0.2176627972595056,-0.10679724177112454,0.0026406560250931983,0.0016135347526489783,-1.570803106772076,-1.5707923957102576,-5.264885037714606e-06,-0.03299833877888503,0.000802346810544862,0,0,0,0,0.05507482470768011,-6.958550820546001,-1.3280940144419668,0.10730537768109014,0.11673424222975831,0.34587895192454726,-0.20980153989300213,-0.007678007156486307,0.0029300457377914105
431,4.319999999999952,sac,-0.21798375899954642,-0.21920974460027215,-0.10640324820009073,-0.21909772740030886,-0.21665252362365883,-0.10652592112573656,0.002792016004218978,0.0018750484508839027,-1.570803106772076,-1.5707923726801183,-5.264885037714606e-06,-0.03276959963491044,0.0007891829492901969,0,0,0,0,0.04948018230937961,-7.028613088740929,-1.3976757187812638,0.13692443084595585,0.12094887640018666,0.31023425063407767,-0.17444413367252443,-0.009378374686206125,0.003480740796570358
432,4.329999999999952,sac,-0.21914920399564236,-0.21851047760261458,-0.10617015920087153,-0.22007895011578,-0.2156852128481265,-0.10627754481424814,0.0029762527531820657,0.0014893009154431053,-1.570803106772076,-1.570792350245587,-5.264885037714606e-06,-0.03214400728883793,0.0007388927631785096,0,0,0,0,0.04204781447772561,-7.052897839013984,-1.421979308543734,0.1465625605151966,0.13706305968634985,0.2882541083512005,-0.12036147794471522,-0.0109947601499525,0.004887949404948332
433,4.339999999999952,sac,-0.2202928037232587,-0.21782431776604477,-0.10594143925534827,-0.22110998133870693,-0.21478598838347293,-0.10604894033740445,0.003148139319476233,0.0015403449374028063,-1.570803106772076,-1.5707923285539775,-5.264885037714606e-06,-0.030981906821349048,0.0006478974029910304,0,0,0,0,-1.9063467605134887e-05,-7.030455461365208,-1.4198294442279447,0.14736208645178436,0.12313506817568884,0.2545510320551238,-0.07249220406981308,-0.011494519637347288,0.005404949054615925
434,4.349999999999952,sac,-0.2214143935999947,-0.2171513638400032,-0.10571712128000106,-0.22216761046031697,-0.2139377008771117,-0.10582829560012635,0.0033026239578840314,0.002254391182123957,-1.570803106772076,-1.5707923069533674,-5.264885037714606e-06,-0.029563036319532277,0.000550128340938532,0,0,0,0,-0.010026968859236856,-7.047222809263495,-1.433851286221106,0.15106768120133057,0.09223158787155705,0.2088781105561504,-0.05084246868270075,-0.010897906525933636,0.005903081525175116
435,4.3599999999999515,sac,-0.22251381991833058,-0.21649170804900167,-0.10549723601633389,-0.22325969207431126,-0.2131383230353768,-0.10561585253407052,0.0034373807180687844,0.002253788915365834,-1.570803106772076,-1.5707922849877407,-5.264885037714606e-06,-0.027933438084098983,0.00044815169343770254,0,0,0,0,-0.019522284129146666,-7.066218266390568,-1.4765493717244882,0.17068649595804922,0.06564244741193564,0.1545925773412599,-0.013891088192932721,-0.009640517502322008,0.005675930825400554
436,4.369999999999951,sac,-0.22359094002994684,-0.2158454359820319,-0.10528181199401063,-0.22440201330589604,-0.2124069875241963,-0.105412058975311,0.003535213138169881,0.0021927611290979555,-1.570803106772076,-1.570792262867803,-5.264885037714606e-06,-0.025930329710261546,0.00033419342289314194,0,0,0,0,-0.017534346785919287,-7.075750806666143,-1.4758732744084226,0.1652755041658305,0.06865047222036835,0.11630276735770556,0.03675854042214139,-0.00824586306300151,0.004572864126190946
437,4.379999999999951,sac,-0.2246456225300429,-0.21521262648197428,-0.10507087549399143,-0.22558385856407928,-0.2117484439857652,-0.10521110439616829,0.0035917281867662914,0.002351329037269323,-1.570803106772076,-1.5707922406287387,-5.264885037714606e-06,-0.02359971997730992,0.00023122398774645428,0,0,0,0,-0.04098539003580297,-7.067539955285125,-1.4521434933000934,0.14731618163392265,0.05763126907567632,0.11376269090761477,0.05020023013308956,-0.007699407047957495,0.002868258425716714
438,4.389999999999951,sac,-0.22567774744165914,-0.21459335153500453,-0.10486445051166818,-0.22679087694504246,-0.211147636014414,-0.10501047794480059,0.003623994584897737,0.002091902425681368,-1.570803106772076,-1.570792218035705,-5.264885037714606e-06,-0.02109624963072343,0.000192132243674582,0,0,0,0,-0.06182859840563379,-7.039673920396793,-1.4194936211524933,0.12812042501179424,0.06183259789310976,0.13114003435860389,0.03438082950177645,-0.008086945730678332,0.0009390085324736885
439,4.399999999999951,sac,-0.22668720639999518,-0.2139876761600029,-0.10466255872000096,-0.2280123116876492,-0.2105920607975335,-0.10481098492512253,0.003648032079296112,0.0025118451509134566,-1.570803106772076,-1.5707921949509354,-5.264885037714606e-06,-0.01853458873440994,0.00023583234392038425,0,0,0,0,-0.06715978702399014,-6.99455315843598,-1.3723257530623107,0.10144788229646011,0.087348043710312,0.13659475696557463,0.00022141233739371435,-0.008471778407281314,-0.0012575784218237832
440,4.40999999999995,sac,-0.22767390283673106,-0.21339565829796137,-0.1044652194326538,-0.22924447340751197,-0.21007793952109835,-0.10461673750844072,0.0036738137578601732,0.0020953301638792555,-1.570803106772076,-1.5707921715139928,-5.264885037714606e-06,-0.015924244704957236,0.00031527749123816775,0,0,0,0,-0.06572493181063459,-6.943647509453397,-1.3533634480293908,0.09387483254291731,0.12638518294815917,0.15781513848448536,-0.040348605511427535,-0.007928770420034231,-0.0024894783845050934
441,4.41999999999995,sac,-0.22863775216434723,-0.21281734870139166,-0.10427244956713055,-0.23048092567037903,-0.209597505948929,-0.10442899366933237,0.0037133787821683347,0.0025470937487257267,-1.570803106772076,-1.5707921480123137,-5.264885037714606e-06,-0.013263365909335967,0.00039784543189042774,0,0,0,0,-0.08065745078625393,-6.925369878448218,-1.3020098808585434,0.060163853045543815,0.16134295167921364,0.14931231809305817,-0.04462904434882815,-0.0080420296237982,-0.0026383010392314874
442,4.42999999999995,sac,-0.2295786819604433,-0.21225279082373405,-0.10408426360791134,-0.2317107872820895,-0.20914696542978473,-0.10424308614254074,0.0037705767566512485,0.002419389048897623,-1.570803106772076,-1.5707921247745822,-5.264885037714606e-06,-0.01055337283147506,0.00046934197099057935,0,0,0,0,-0.11721706132599845,-6.933245837418071,-1.2994800490973142,0.05202148688327761,0.19481148597611223,0.11972634506683312,-0.02660746839304891,-0.009132054459220405,-0.0027914870964329624
443,4.43999999999995,sac,-0.2304966321520593,-0.21170202070876443,-0.10390067356958815,-0.2329185709039457,-0.20872402030274673,-0.10405837977890284,0.0038417632650369076,0.0023622957656414477,-1.570803106772076,-1.5707921021078612,-5.264885037714606e-06,-0.007832249596030572,0.0005217696534309018,0,0,0,0,-0.13356912989295663,-6.9264918054076094,-1.2727789656795832,0.031311130272080795,0.23832680071379947,0.0914364903321354,0.009659162583985869,-0.01027702935872475,-0.0038760627354597205
444,4.4499999999999496,sac,-0.23139155519999538,-0.21116506688000278,-0.10372168896000092,-0.23406944455582393,-0.2083018075404454,-0.10387689322354923,0.003923446674933411,0.0022033051760044415,-1.570803106772076,-1.5707920798616284,-5.264885037714606e-06,-0.005385632826782061,0.0005333540622681467,0,0,0,0,-0.16201225988921644,-6.906712945255492,-1.243083966543427,0.011007071710875019,0.2613349209648351,0.04686108198617527,0.05417896230416601,-0.011333566652914615,-0.003753650711737661
445,4.459999999999949,sac,-0.23226341628313163,-0.21064195023012103,-0.10354731674337367,-0.23514640357669436,-0.20786621352040296,-0.10369960682217505,0.004004937238537199,0.0028359148378500846,-1.570803106772076,-1.5707920580907473,-5.264885037714606e-06,-0.003328867610066677,0.0005032451032968962,0,0,0,0,-0.16984551756785649,-6.859487743099963,-1.2132113268610856,-0.0045397949969133225,0.25766970996839395,0.009224995711239893,0.05764341723496233,-0.011571435853187451,-0.002861294847626856
446,4.469999999999949,sac,-0.2331121934827477,-0.2101326839103514,-0.10337756130345047,-0.2361451122329653,-0.20740455407234967,-0.10353226517256212,0.004082305947076348,0.0023322149945359124,-1.570803106772076,-1.5707920369018291,-5.264885037714606e-06,-0.0016943579017341115,0.0004394183044931917,0,0,0,0,-0.18435210947902042,-6.948430471606507,-1.2686960203840518,0.00856194718281746,0.2292936982167313,-0.030398514811309903,0.07503326333560592,-0.01171351501014272,-0.0011485732338414013
447,4.479999999999949,sac,-0.2339378779668438,-0.20963727321989373,-0.10321242440663125,-0.23707165822926607,-0.20691470548010757,-0.10337524453327662,0.004154451133966145,0.0021688490803462896,-1.570803106772076,-1.5707920163037727,-5.264885037714606e-06,-0.00044545817890973005,0.00035721148738322446,0,0,0,0,-0.169105067167141,-6.931125456419587,-1.2863702340013312,0.019622423155346683,0.18327527656415218,-0.07095785919332022,0.0999155544871882,-0.012552568766560667,0.0009099417089435968
448,4.489999999999949,sac,-0.23474047417445987,-0.20915571549532408,-0.10305190516510804,-0.23792625889846108,-0.20639875348565373,-0.10322013823658177,0.004216439990890724,0.00249080522855842,-1.570803106772076,-1.5707919963732309,-5.264885037714606e-06,0.00045223109458314426,0.0002659974945230246,0,0,0,0,-0.16384689221558824,-6.965516111404217,-1.3034702454309692,0.021144936749141217,0.12797070776219874,-0.11337047747555284,0.1328854172667743,-0.013814200284549803,0.0024535650538614205
449,4.4999999999999485,sac,-0.23551999999999618,-0.20868800000000232,-0.10289600000000076,-0.23872116745417551,-0.20587772441994057,-0.10306106737009316,0.00426290618501717,0.0024399299237827313,-1.570803106772076,-1.570791977406461,-5.264885037714606e-06,0.001172393969574026,0.00018438118594642314,0,0,0,0,-0.19365023201999637,-6.981965303261787,-1.332719994982153,0.03347711706596925,0.11977732134767477,-0.15775017313129297,0.160289415485212,-0.014531735054977103,0.0027319753566154062
450,4.509999999999948,sac,-0.236276486977532,-0.2082341078134808,-0.1027447026044936,-0.23946493636620214,-0.2053734631807891,-0.10290323308689117,0.004286563790789539,0.002394892286519041,-1.570803106772076,-1.570791959647464,-5.264885037714606e-06,0.001837472627484793,0.00011977236704183713,0,0,0,0,-0.19561575364558642,-6.950974987694622,-1.3191520423015237,0.029288384461710733,0.12984618783082064,-0.15791818373471475,0.18066822832074325,-0.01413847197918697,0.003208373325034659
451,4.519999999999948,sac,-0.2370099804651482,-0.20779401172091108,-0.10259800390697037,-0.24016289108638195,-0.2048876090314468,-0.10275615815177336,0.004291041219093917,0.002484963120303084,-1.570803106772076,-1.5707919429758554,-5.264885037714606e-06,0.002442850609902125,7.553848914079266e-05,0,0,0,0,-0.18674589282613818,-6.932221168215828,-1.3142230045046281,0.0276776137662691,0.15181516571418283,-0.1316114591823765,0.18082264857042524,-0.012853494320400567,0.0038311267567178796
452,4.529999999999948,sac,-0.23772053982924435,-0.2073676761024534,-0.10245589203415113,-0.2408215977296183,-0.20442046372507855,-0.10262201451706077,0.004281380335610395,0.002447142892648234,-1.570803106772076,-1.5707919271686794,-5.264885037714606e-06,0.002981602543719708,6.350862300456902e-05,0,0,0,0,-0.18431530936809987,-6.92554869581444,-1.2995188217272153,0.01758703332060081,0.18127915079018836,-0.08574762252943938,0.17148236675742495,-0.010959258764272185,0.004828934342487141
453,4.539999999999948,sac,-0.2384082386288605,-0.2069550568226837,-0.1023183522742279,-0.241446821507915,-0.2039704115376818,-0.10249689197380454,0.004262976637807431,0.0025876080940117523,-1.570803106772076,-1.5707919121670426,-5.264885037714606e-06,0.003481988451585538,7.957025819272276e-05,0,0,0,0,-0.17389067934932614,-6.915955079298907,-1.2774177208817652,0.00438210147717585,0.2163672811171433,-0.027606662657395087,0.1758722650045843,-0.008962628943691747,0.006503768534645074
454,4.549999999999947,sac,-0.2390731647999964,-0.20655610112000217,-0.10218536704000072,-0.24203243232536711,-0.20353322579638414,-0.10237829944118049,0.004234650212269894,0.002923345963633772,-1.570803106772076,-1.5707918980444144,-5.264885037714606e-06,0.003919344221332333,0.00010791722965702006,0,0,0,0,-0.1798559705290197,-6.934210070608546,-1.3009356678812074,0.012505168186698688,0.2330315153074893,-0.01995475123136721,0.18870311146284313,-0.007878050232140808,0.006985083079411179
455,4.559999999999947,sac,-0.23971542083993258,-0.20617074749604047,-0.10205691583201348,-0.24256480896693947,-0.20310609220434706,-0.10226463343278547,0.004189781779150646,0.00238441672662817,-1.570803106772076,-1.5707918850412166,-5.264885037714606e-06,0.004256471043247334,0.00014834170684408388,0,0,0,0,-0.19572753604824325,-6.961646500054866,-1.3113930313431474,0.012747511536770364,0.22720003638669892,-0.03966532312102007,0.21169608770381002,-0.007469155279552133,0.006481578635453562
456,4.569999999999947,sac,-0.24033512399154888,-0.20579892560507068,-0.10193297520169023,-0.2430511139624679,-0.2026811308021295,-0.10215704026003516,0.004140948092617305,0.0027645839944639957,-1.570803106772076,-1.5707918730813568,-5.264885037714606e-06,0.004510486393017876,0.00019431793708310044,0,0,0,0,-0.16909784240708695,-6.911088905188183,-1.2890913084520697,0.007157004838397256,0.2388086621572225,-0.025636991333465118,0.21549922341478125,-0.007688830569453339,0.005241506111098515
457,4.579999999999947,sac,-0.24093240642764502,-0.205440556143413,-0.101813518714471,-0.24350010625285826,-0.20226364983668482,-0.10205914184298809,0.004092205614994423,0.003070516255630512,-1.570803106772076,-1.570791862144722,-5.264885037714606e-06,0.004732429799033211,0.0002363463212460211,0,0,0,0,-0.18644399428141162,-6.908204093663962,-1.3012157713811083,0.014065929298217948,0.23652849174965448,-0.04469286288256206,0.23230720558152104,-0.008262822795738903,0.003332172043205592
458,4.589999999999947,sac,-0.24150741543526077,-0.20509555073884356,-0.10169851691294785,-0.24390741358227713,-0.20185849705386869,-0.1019703833488699,0.004038863580770253,0.0030077773711257574,-1.570803106772076,-1.5707918522995912,-5.264885037714606e-06,0.004916203410682662,0.0002769241543491781,0,0,0,0,-0.21027379285150133,-6.968481899257027,-1.3164439501335505,0.011319871967598486,0.21241990514239859,-0.07910781181315031,0.25489246448970776,-0.009237288766574927,0.0009476782021327623
459,4.599999999999946,sac,-0.24206031359999702,-0.2047638118400018,-0.1015879372800006,-0.24426236949246352,-0.20146045793095876,-0.10189224282134099,0.003981682943734579,0.003165532648653474,-1.570803106772076,-1.5707918436105024,-5.264885037714606e-06,0.004999704067625732,0.00032470334522772984,0,0,0,0,-0.20700418339812673,-6.993278776885349,-1.3373251339731878,0.018560519142076744,0.2081241025836097,-0.08341780432223993,0.24494484510679662,-0.010333229889190478,-0.0019085532972256268
460,4.609999999999946,sac,-0.24259127899033306,-0.20444523260580016,-0.1014817442019334,-0.24456923461550717,-0.20106937381686663,-0.10182175287338224,0.0039273829600177945,0.0030526839606723846,-1.570803106772076,-1.5707918359953241,-5.264885037714606e-06,0.004997848629251456,0.00037452368387581094,0,0,0,0,-0.19533568242763738,-7.051499282550481,-1.3660042965923154,0.024185785908569162,0.2126019831757919,-0.0712876875798084,0.20946684313389097,-0.011601727573801835,-0.005113612418870362
461,4.619999999999946,sac,-0.24310050534194938,-0.20413969679483038,-0.10137989893161013,-0.24483375957694106,-0.20069606715603022,-0.10175621742927118,0.003873547591552395,0.003079087500736121,-1.570803106772076,-1.5707918294222478,-5.264885037714606e-06,0.004958184628295781,0.0004196923491873113,0,0,0,0,-0.19061686177294548,-7.0571512327967,-1.3827103335994229,0.033289969682281505,0.1903616101920366,-0.08121197491342626,0.1980778594152123,-0.012209503276442952,-0.006764241559355899
462,4.629999999999946,sac,-0.24358820224204525,-0.20384707865477286,-0.10128235955159096,-0.24506339342406522,-0.20034476283793634,-0.10169153681505544,0.0038222808815299046,0.0030539502757756616,-1.570803106772076,-1.5707918234930303,-5.264885037714606e-06,0.004859630068165366,0.00045633687416278784,0,0,0,0,-0.19338609123404377,-7.055514550328711,-1.4172686202778677,0.05462451615649595,0.14915175365569264,-0.10398172778770015,0.20289946881447044,-0.012882841181140399,-0.007102407302420985
463,4.6399999999999455,sac,-0.2440545953136617,-0.203567242811803,-0.10118908093726767,-0.24527464798500342,-0.2000210667610598,-0.1016246040485467,0.0037753905075065945,0.0028526324680843763,-1.570803106772076,-1.570791817688506,-5.264885037714606e-06,0.004712818715880918,0.0004761658044647315,0,0,0,0,-0.17727969508753524,-7.109458195774115,-1.4635267888360115,0.07314782450067024,0.0915685793247363,-0.13327266951591255,0.20843325012352637,-0.01253009231741264,-0.006919760206041365
464,4.649999999999945,sac,-0.2444999263999975,-0.2033000441600015,-0.1011000147200005,-0.24548252136066484,-0.19973948194549654,-0.10155267462261705,0.003721289712925628,0.0026967267989473076,-1.570803106772076,-1.570791811834244,-5.264885037714606e-06,0.004598016820047013,0.000473808809416258,0,0,0,0,-0.15759346585616407,-7.12394638897877,-1.4954222107252035,0.0902789368432889,0.02258828231455634,-0.16590659525234458,0.2139896794877393,-0.012497483086990013,-0.0058052908874840865
465,4.659999999999945,sac,-0.24492445374873395,-0.20304532775075965,-0.10101510925025321,-0.2457095235269435,-0.19951051400930517,-0.10147074797500213,0.003649499882302263,0.002978013555755247,-1.570803106772076,-1.570791805868636,-5.264885037714606e-06,0.004662818186522255,0.0004430891292968783,0,0,0,0,-0.13332439955711078,-7.150302462755264,-1.52125379757363,0.10156382255563691,-0.003244994180841825,-0.16330535339274807,0.2071265074051644,-0.012529137023147703,-0.0039153838545003174
466,4.669999999999945,sac,-0.24532845219634947,-0.20280292868219033,-0.10093430956073011,-0.2459668218918566,-0.19933777579425058,-0.1013803683245012,0.0035515868039055487,0.003229352584066216,-1.570803106772076,-1.5707917997043428,-5.264885037714606e-06,0.004959925971405488,0.00039134312229990837,0,0,0,0,-0.13774698969535545,-7.130053677945074,-1.5166951737113354,0.1024319542011195,-0.0005226583895945737,-0.13777947964417062,0.19041509444698101,-0.012916429249206822,-0.0014712681256130078
467,4.679999999999945,sac,-0.24571221335244586,-0.2025726719885325,-0.10085755732951084,-0.24623671805811412,-0.19921353938170794,-0.10128353755414224,0.0034264174013504335,0.0034527038654141645,-1.570803106772076,-1.5707917933082907,-5.264885037714606e-06,0.005360191806927039,0.0003460186577820788,0,0,0,0,-0.1365230215875134,-7.121567552087413,-1.4995890084742065,0.09262764866033163,-0.016681890936499712,-0.0954876081331206,0.16705795518936226,-0.012468883356342044,0.0011369992118693156
468,4.689999999999944,sac,-0.24607604578406195,-0.20235437252956284,-0.10078479084318762,-0.24652262890627688,-0.19913318951303854,-0.10118393515005819,0.0032763962960391415,0.0031808481368540897,-1.570803106772076,-1.5707917866087333,-5.264885037714606e-06,0.005857969576109845,0.00031299349255068857,0,0,0,0,-0.11596539363022672,-7.153768727825045,-1.5017185792436352,0.08621970509858698,-0.05125881349711729,-0.04408812856484206,0.14903528932957685,-0.01213049215689991,0.002223806073604937
469,4.699999999999944,sac,-0.2464202751999982,-0.2021478348800011,-0.10071594496000036,-0.24682930836791594,-0.19909059736550713,-0.10108239576041064,0.003106170559001453,0.002439950984607539,-1.570803106772076,-1.5707917794241593,-5.264885037714606e-06,0.006437034556155741,0.00029592074736254183,0,0,0,0,-0.09764016419383624,-7.097766504746413,-1.4864193167514756,0.08559269582523053,-0.05760774735239806,-0.03280415138561225,0.15445447309388563,-0.012185282050206204,0.002147710504773327
470,4.709999999999944,sac,-0.2467452446351347,-0.2019528532189192,-0.10065095107297306,-0.24715453905676318,-0.1990852075901757,-0.10098610953271894,0.002916032333285616,0.0028840603731611274,-1.570803106772076,-1.5707917718333273,-5.264885037714606e-06,0.007086110929974909,0.0003014826865237864,0,0,0,0,-0.07047734363958655,-7.018064720563966,-1.4268068399403477,0.06240491452295587,-0.040177196361236144,-0.0028041686560678764,0.1463801924474901,-0.012506774093525469,0.0030475134202290325
471,4.719999999999944,sac,-0.24705131463475016,-0.20176921121914992,-0.10058973707304997,-0.2474909309949215,-0.19911058195159667,-0.10089359244312571,0.0027118075544449887,0.0025528020197670936,-1.570803106772076,-1.5707917639377775,-5.264885037714606e-06,0.0077742807103760025,0.0003269073050482837,0,0,0,0,-0.06567199222967815,-7.091092218163439,-1.4690755459181528,0.07247171142667644,-0.007487794446480152,-0.0036909934453155245,0.15570249810834091,-0.012945434582207548,0.0027836178541646565
472,4.729999999999944,sac,-0.24733886343884648,-0.2015966819366921,-0.10053222731223072,-0.24783472248835045,-0.19915442992716392,-0.10079611763405316,0.0025060146003108236,0.0026090746648707677,-1.570803106772076,-1.5707917556500128,-5.264885037714606e-06,0.008460524643790768,0.0003587845097460501,0,0,0,0,-0.07577619121065984,-7.054939434957032,-1.4339807395291329,0.055776809043568104,0.03375489642383155,-0.02636510980979612,0.17507239865473118,-0.013370411447932435,0.0015830806304223282
473,4.739999999999943,sac,-0.24760828716646255,-0.20143502770012248,-0.1004783425667075,-0.2481828415582889,-0.19921556733507176,-0.10069345932124293,0.0023026923978855442,0.0015598969769189427,-1.570803106772076,-1.57079174685733,-5.264885037714606e-06,0.009102152203354308,0.00039297358262889876,0,0,0,0,-0.08352181055041752,-7.092578027392587,-1.445535964526339,0.052973281455325184,0.03808927084394065,-0.061327839116886475,0.19786601611632618,-0.013862345411792194,-0.00030076349442216896
474,4.749999999999943,sac,-0.24785999999999908,-0.20128400000000057,-0.10042800000000018,-0.24853666182287554,-0.19929733094870902,-0.10059094853906309,0.0021050599441063177,0.001899408718242525,-1.570803106772076,-1.5707917375827383,-5.264885037714606e-06,0.009706993027239985,0.00042983613534580906,0,0,0,0,-0.06555747584273133,-7.024134543626928,-1.402371174470534,0.03737162782725785,0.03980201147875768,-0.11189013069534243,0.22361719960358228,-0.013611843511682745,-0.002557417759112729
475,4.759999999999943,sac,-0.24809443436953482,-0.2011433393782791,-0.10038111312609305,-0.24889512646357426,-0.19938939603821254,-0.10048495618483683,0.001930856921284014,0.0018546750687303127,-1.570803106772076,-1.57079172795523,-5.264885037714606e-06,0.010287613304944987,0.00046244070867336315,0,0,0,0,-0.07430854015271116,-7.02747769778823,-1.4321240932990909,0.053425137894092034,0.027128934482551995,-0.16948785078625256,0.2299029029627848,-0.012410940005920818,-0.004567887230913289
476,4.769999999999943,sac,-0.24831204113715055,-0.20101277531770967,-0.1003375917725699,-0.24924787730086886,-0.19949850604504077,-0.1003743091320568,0.0017804912018765768,0.0018589837902309129,-1.570803106772076,-1.5707917185646165,-5.264885037714606e-06,0.010908638220453737,0.0004943505574452136,0,0,0,0,-0.11786490986050377,-6.987316840975211,-1.3913628067952393,0.03298044168302412,0.038735835241273976,-0.20788847365313784,0.20870643676580897,-0.011129002181483176,-0.005164596253844621
477,4.7799999999999425,sac,-0.24851328978124698,-0.20089202613125182,-0.10029734204375061,-0.24958813546929315,-0.19963445736401905,-0.1002660814747521,0.0016546146622718175,0.0021942890669578207,-1.570803106772076,-1.5707917099522801,-5.264885037714606e-06,0.011636960060114943,0.0005279122193312566,0,0,0,0,-0.1338668713318379,-7.0157155617267675,-1.3960575179273729,0.02817057149413278,0.07282978645175436,-0.23627645889526186,0.19112898997922115,-0.009546172830615852,-0.0048282311732141215
478,4.789999999999942,sac,-0.2486986685808632,-0.2007807988514821,-0.10026026628382737,-0.24990783291805643,-0.19979736546528692,-0.10016101089670779,0.0015617526216707594,0.001872785098753108,-1.570803106772076,-1.5707917024491722,-5.264885037714606e-06,0.01248853428700003,0.0005594312457564313,0,0,0,0,-0.16373595283450904,-7.026125073687122,-1.3852340966396126,0.017154454878886893,0.1120186180847138,-0.2571303724759511,0.1940897060374076,-0.008375644311738789,-0.005324305027597354
479,4.799999999999942,sac,-0.24886868479999913,-0.20067878912000053,-0.10022626304000018,-0.2501997947326088,-0.19997999718683337,-0.1000547477359417,0.0015131362523176305,0.001570893224008215,-1.570803106772076,-1.5707916959351058,-5.264885037714606e-06,0.013394017033063976,0.000583807185816705,0,0,0,0,-0.1543176838398449,-6.9983693719404965,-1.3618342800780836,0.004726197460903603,0.14056833682114292,-0.23986322491890466,0.19788213507500907,-0.00663727456333409,-0.005822829659975569
480,4.809999999999942,sac,-0.2490238648719354,-0.20058568107683877,-0.10019522702561293,-0.25045710475082733,-0.2001649941868171,-0.09994655924718293,0.0015142620889104967,0.0015403477886490407,-1.570803106772076,-1.5707916901064587,-5.264885037714606e-06,0.014229660725320503,0.000591811192761596,0,0,0,0,-0.14128255763535724,-6.928849205308266,-1.3041898643321224,-0.020943785067435463,0.1594899031868911,-0.20598991999430777,0.17900367780424042,-0.0047092230501030756,-0.005591033252175297
481,4.819999999999942,sac,-0.24916475458355136,-0.2005011472498692,-0.10016704908328973,-0.2506775176697875,-0.20034409706058834,-0.09984051735804853,0.0015555513121144207,0.0009414392063670152,-1.570803106772076,-1.5707916849955161,-5.264885037714606e-06,0.01497083528020271,0.0005834500606846416,0,0,0,0,-0.13590523837336754,-6.860871269390865,-1.2668078019508782,-0.03387943864707547,0.1792638662482881,-0.19815521221504198,0.17058986031230874,-0.0038198034504827554,-0.005709487872969262
482,4.8299999999999415,sac,-0.24929191925964722,-0.20042484844421168,-0.10014161614807056,-0.2508563637139546,-0.20050657151830348,-0.09974129467459752,0.0016169175593009407,0.001596526323901333,-1.570803106772076,-1.5707916807465814,-5.264885037714606e-06,0.015596241755728935,0.0005566911919723286,0,0,0,0,-0.09342617449327273,-6.845208673937958,-1.2528902505785473,-0.04158251018928732,0.18986733283677334,-0.16695888511081264,0.16481767077309362,-0.003259695426974634,-0.005034600115672916
483,4.839999999999941,sac,-0.2494059439472638,-0.20035643363164174,-0.10011881121054725,-0.25098107307372985,-0.20064754214071173,-0.09965281386283503,0.0016682114545732904,0.001333787280292444,-1.570803106772076,-1.5707916775458954,-5.264885037714606e-06,0.016052805802649228,0.0005130828467083821,0,0,0,0,-0.11644659904871953,-6.819154965818331,-1.2218040409655155,-0.058101073549228104,0.19875589809817476,-0.15518596636611146,0.16948403806609302,-0.003313153639182949,-0.004742551705373538
484,4.849999999999941,sac,-0.24950743359999938,-0.20029553984000037,-0.10009851328000013,-0.25104131480973085,-0.20075149292431527,-0.09957517819863243,0.0016836164610901394,0.001575060416966769,-1.570803106772076,-1.570791675277735,-5.264885037714606e-06,0.016233629155947282,0.0004510774341987517,0,0,0,0,-0.08601007467008089,-6.810530491284529,-1.207993322947039,-0.06664964892494277,0.19809801332910562,-0.12594564695298985,0.1728556490518627,-0.00311246295808855,-0.0038835593451780038
485,4.859999999999941,sac,-0.24959701326233574,-0.20024179204259857,-0.10008059734753286,-0.2510406638322713,-0.2008166777819024,-0.09951146769288308,0.0016548501881233752,0.0016060454637545005,-1.570803106772076,-1.5707916739644525,-5.264885037714606e-06,0.016157678676769205,0.0003836329922902081,0,0,0,0,-0.08283833685009387,-6.796462065516018,-1.203084799276287,-0.06784015425884708,0.17640693052762313,-0.11402235128159288,0.17121758109105903,-0.0032037305369771525,-0.003574400471838251
486,4.869999999999941,sac,-0.24967532825395167,-0.20019480304762902,-0.10006493434920967,-0.2509703505191466,-0.20084517995334383,-0.09946509679341062,0.0015683997832774764,0.0009475707238638828,-1.570803106772076,-1.5707916737197924,-5.264885037714606e-06,0.015790366749936835,0.00032981614530993035,0,0,0,0,-0.09345180229403248,-6.837490525932103,-1.2343101862250498,-0.05514604006260498,0.165180453971379,-0.11323778134432709,0.1682315027987481,-0.0029791880803009072,-0.0028336135700947527
487,4.87999999999994,sac,-0.2497430443540476,-0.20015417338757147,-0.10005139112919048,-0.25083307777245806,-0.2008421397908196,-0.09943396008186836,0.0014292276667651918,0.0011090219015143109,-1.570803106772076,-1.5707916744139871,-5.264885037714606e-06,0.015132462876527697,0.0003159637192510535,0,0,0,0,-0.06588904789622987,-6.895663817268464,-1.2838532958356328,-0.03470368801178529,0.14192540628182582,-0.09726183292843975,0.15983639200542876,-0.0026381314146962133,-0.0018565148089551896
488,4.88999999999994,sac,-0.2498008479856635,-0.20011949120860192,-0.1000398304028673,-0.25064648193885936,-0.2008130768586932,-0.0994182105179571,0.0012580020342296727,0.0014095521367292552,-1.570803106772076,-1.5707916757884262,-5.264885037714606e-06,0.014247654815174204,0.0003438965450857267,0,0,0,0,-0.04866100054569423,-6.8703828094182935,-1.2788872544616423,-0.031335773478053046,0.12350963311907416,-0.07565122193950401,0.13773492672966195,-0.0025999555257825084,-0.0013609963573970338
489,4.89999999999994,sac,-0.24984944639999984,-0.2000903321600001,-0.10003011072000004,-0.250404613880208,-0.20074537214185637,-0.0994144308971257,0.001056574632103909,0.001512814416049542,-1.570803106772076,-1.57079167770696,-5.264885037714606e-06,0.013062137345286384,0.0004042171060350403,0,0,0,0,-0.032779838968126356,-6.839493186359259,-1.2782619534536457,-0.02569988747157267,0.09704515797558372,-0.06394365162115878,0.11902681473375508,-0.002543343288846659,-0.0012798519646693943
490,4.90999999999994,sac,-0.2498895678607358,-0.20006625928355853,-0.10002208642785285,-0.25011241948861984,-0.20063655262778954,-0.09941947215736294,0.0008590933043173124,0.0017233051796557769,-1.570803106772076,-1.5707916802275057,-5.264885037714606e-06,0.011620922131938993,0.0004849364255133817,0,0,0,0,0.0034609837344570862,-6.840640404033778,-1.2804745475666617,-0.021599137234239552,0.06889788859693514,-0.05633205955329743,0.10249529055011625,-0.0024739794152408745,-0.0013921880848631048
491,4.9199999999999395,sac,-0.2499219618283517,-0.200046822902989,-0.10001560763432966,-0.2497956824052685,-0.20050271392788283,-0.09944080391239973,0.0007444343073888149,0.0015553664210989704,-1.570803106772076,-1.570791683597202,-5.264885037714606e-06,0.01014027559577002,0.0005608614273472409,0,0,0,0,0.006052298901535871,-6.83162633703253,-1.2985614701679524,-0.006861610629416772,0.04270877761899201,-0.04883802703788268,0.0869041175173671,-0.002355809450126109,-0.0015594000532714568
492,4.929999999999939,sac,-0.24994739914444786,-0.2000315605133313,-0.10001052017111044,-0.24946415823858833,-0.20036079712009328,-0.099485772899155,0.0007856705516644683,0.0010343937766186246,-1.570803106772076,-1.5707916878646506,-5.264885037714606e-06,0.008698446910895719,0.0006236373915113869,0,0,0,0,0.016006915351070808,-6.8628445027076745,-1.3403387285220179,0.016465810541318203,0.022198069115668472,-0.0369989925148295,0.07156637706521966,-0.002099827239138807,-0.0013647436716360218
493,4.939999999999939,sac,-0.24996667221606383,-0.20001999667036172,-0.10000666555678724,-0.2491466889803815,-0.20022972443645284,-0.0995536110011746,0.0009600086838310376,0.0013376205758350163,-1.570803106772076,-1.5707916930020598,-5.264885037714606e-06,0.007492148491040407,0.0006551522942157471,0,0,0,0,0.013410005099508949,-6.920798455843587,-1.39032811069462,0.03885648796482065,0.009171221442013561,-0.023443332041419195,0.05689803336996162,-0.0017890517093284066,-0.0009986191124176024
494,4.949999999999939,sac,-0.2499805951999996,-0.20001164288000026,-0.10000388096000008,-0.24886335029780968,-0.2001246383634861,-0.09964001428797808,0.001180424968291477,0.0014442588442817776,-1.570803106772076,-1.57079169900451,-5.264885037714606e-06,0.006669720050188399,0.0006502236385012807,0,0,0,0,0.04097005201326409,-6.910630450261441,-1.3873352821802964,0.0431017069786416,0.0010480053164825742,-0.011835816901533205,0.04354751747349213,-0.001449384850306292,-0.000605475946108167
495,4.959999999999939,sac,-0.2499900041871359,-0.20000599748771847,-0.10000199916257282,-0.24858830175438498,-0.2000190289069092,-0.09973473148268142,0.0014270149055214936,0.001066933652888024,-1.570803106772076,-1.5707917053458151,-5.264885037714606e-06,0.005950903877669722,0.0006417813040388313,0,0,0,0,0.05913323691250419,-6.940807444947364,-1.4216202430482388,0.05980192758959939,-0.0035401909836166477,-0.0037025693249950033,0.031486904024812454,-0.0011203722048327804,-0.00027985225061988815
496,4.9699999999999385,sac,-0.24999575738675195,-0.20000254556794883,-0.10000084852264962,-0.24830867785301372,-0.19990172243635243,-0.09982971918603095,0.0016987312638775,0.0012637902637820614,-1.570803106772076,-1.5707917116642918,-5.264885037714606e-06,0.005184038542039637,0.0006403636571953326,0,0,0,0,0.05020026973745014,-6.977130131544231,-1.4368389563830872,0.06329708937231986,-0.005537526494901292,-0.0012648399279056532,0.020963557016165663,-0.000776656382461878,-0.00015251158849362807
497,4.979999999999938,sac,-0.2499987353108477,-0.20000075881349139,-0.10000025293783046,-0.2480489484783759,-0.1997859729817934,-0.09992583795813678,0.001962992418421783,0.0013528614364566652,-1.570803106772076,-1.570791717641629,-5.264885037714606e-06,0.004471090860027838,0.0006264140708782734,0,0,0,0,0.05304429854519122,-6.989741200057945,-1.4507324579887741,0.07249829876850888,-0.00414130588259169,0.0006069977259209258,0.012178269915927952,-0.0004674901941195873,-4.55669089208118e-05
498,4.989999999999938,sac,-0.24999984095846406,-0.2000000954249216,-0.10000003180830719,-0.24782609618934331,-0.19967830764075356,-0.10001992582006153,0.0021975234858866125,0.0010512493992622862,-1.570803106772076,-1.5707917229315458,-5.264885037714606e-06,0.0038609723273461682,0.0005925545155264647,0,0,0,0,0.06002941494587083,-7.007518948527014,-1.4628759680087382,0.07949903372919909,-0.0022972399197731153,0.00043997341067151114,0.005244924562783196,-0.00020745426421399905,-3.045634670077398e-06
499,4.999999999999938,sac,-0.25,-0.2,-0.1,-0.2476364277488445,-0.19957597085941606,-0.10009953757543727,0.002403368932856656,0.0016321716432853431,-1.570803106772076,-1.5707917273937044,-5.264885037714606e-06,0.003321103217506449,0.0005464840385872399,0,0,0,0,0.043673414996473155,-7.0358494021313565,-1.4692721286656703,0.08030721656033334,-0.0007092987270339608,4.5561162777814814e-05,0.001278156591107256,-4.953235863231596e-05,7.023864552783779e-07
