F_res_filt_x,F_res_filt_y,F_res_filt_z,F_res_lim_x,F_res_lim_y,F_res_lim_z,F_res_raw_x,F_res_raw_y,F_res_raw_z,F_res_x,F_res_y,F_res_z,actuator_limit_violation,desired_pitch_rad,desired_roll_rad,desired_yaw_rad,ee_act_x,ee_act_y,ee_act_z,ee_des_pitch_rad_fk,ee_des_roll_rad_fk,ee_des_x,ee_des_y,ee_des_yaw_rad_fk,ee_des_z,ee_dot_norm,ee_dot_x,ee_dot_y,ee_dot_z,ee_err_norm,ee_err_x,ee_err_y,ee_err_z,ee_hf_norm,ee_hf_x,ee_hf_y,ee_hf_z,ee_omega_world_x,ee_omega_world_y,ee_omega_world_z,ee_pitch_rad,ee_roll_rad,ee_yaw_rad,hys_z_q2,hys_z_q3,hys_z_q4,joint_limit_violation,mode,ncon,pitch_error_rad,pitch_error_rad_vs_qdes_fk,q_des_1,q_des_2,q_des_3,q_des_4,q_err_norm,q_jnt_1,q_jnt_2,q_jnt_3,q_jnt_4,qdot_des_1,qdot_des_2,qdot_des_3,qdot_des_4,qdot_jnt_1,qdot_jnt_2,qdot_jnt_3,qdot_jnt_4,residual_gate,reward_step,roll_error_rad,roll_error_rad_vs_qdes_fk,sac_action_x,sac_action_y,sac_action_z,saturation_flag,tau_act_ideal_1,tau_act_ideal_2,tau_act_ideal_3,tau_act_ideal_4,tau_act_out_1,tau_act_out_2,tau_act_out_3,tau_act_out_4,tau_hys_q2,tau_hys_q3,tau_hys_q4,tau_loss_q2,tau_loss_q3,tau_loss_q4,tau_res_norm,tau_residual_1,tau_residual_2,tau_residual_3,tau_residual_4,tau_total_1,tau_total_2,tau_total_3,tau_total_4,tau_total_norm,tau_trans_err_q2,tau_trans_err_q3,tau_trans_err_q4,tau_vsd_1,tau_vsd_2,tau_vsd_3,tau_vsd_4,tau_vsd_norm,time
0.0,0.0,0.0,0.0,0.0,0.0,0.0,0.0,0.0,0.0,0.0,0.0,0,0.0,-1.5707963267948966,nan,0.2499126473570047,-0.19991230745145047,-0.10044324511694872,-0.00013218981248996897,-1.5708031070913941,0.25000022419949197,-0.2000002089585881,2.4668540196909077,-0.1000002979931984,0.04804067960609088,0.012737457871792035,-0.010091208803950091,0.045208755444653415,0.0004599984051448296,8.757684248728026e-05,-8.790150713763878e-05,0.00044294712375031464,0.0003061238001050082,5.828141037785358e-05,-5.84974710759254e-05,0.0002947763628122521,0.051367904012716986,0.06421442412876718,-0.000498191656979815,-0.0004965935328236082,-1.5708031126477984,2.4668975365605923,-0.1368568884880804,-0.11912917346553278,0.002784342516727961,0,zero,0,0.0004965935328238302,0.00036440372033386126,0.6747452481444709,1.2749748210457625,1.4161908084926071,-0.45055462462244206,0.0018979825922913007,0.6747017363363257,1.2766195004634895,1.4153558353958409,-0.45010932227147743,0.00016914512485574588,4.0510970149375334e-05,-3.73112186439833e-05,2.7599378480723773e-05,0.0004991993807900628,0.26835489363165554,-0.12753793159236682,0.05858464869211088,1.0,-0.002412996022030711,6.7858529018138825e-06,5.556404225615097e-09,0.0,0.0,0.0,0,0.001937859402758037,-1.0471360525969733,-0.41787250569010187,0.011124880438366014,0.001937859402758037,-0.14661371587755623,-0.12525400724027377,-0.005589501784180342,-0.0007593923825767495,-0.00011931321432117694,1.104798884851065e-05,0.009493336259015588,-0.007355495234249294,0.00625320611566936,0.0,0.0,0.0,0.0,0.0,0.0036337134872642734,-6.9809070173131555,-1.3929083523003396,0.03708293479455338,7.1186125621645395,-0.9005223367194171,-0.2926184984498281,0.016714382222546356,0.0036337134872642734,-6.9809070173131555,-1.3929083523003396,0.03708293479455338,7.1186125621645395,0.01
0.0,0.0,0.0,0.0,0.0,0.0,0.0,0.0,0.0,0.0,0.0,0.0,0,0.0,-1.5707963267948966,nan,0.24960530573395368,-0.19966911434899082,-0.10151115790861112,-0.00013162328272042778,-1.5708031070738608,0.24999955556479897,-0.2000012843279511,2.4668500921862995,-0.10000051239718813,0.11374072512314337,0.030667298835801438,-0.02442684718226562,0.10676983876726776,0.0015961891132401762,0.00039424983084529464,-0.000332169978960295,0.0015106455114229922,0.0009600576229406638,0.0002428730755509621,-0.00020148735288181787,0.0009067117266075102,0.09971327704962352,0.1246490669352747,-0.000713218866734567,-0.0017793592218500187,-1.5708031260850377,2.4668910161182316,-0.3523751113033611,-0.14282147944496648,-0.016756601533617646,0,zero,0,0.0017793592218500187,0.0016477359391293689,0.6747491756454734,1.2749757616988024,1.416189942136874,-0.4505539837728359,0.006319330133787563,0.6747082719862958,1.2805482470039293,1.4134601563766558,-0.4493590204018842,0.0006711570303142074,0.00016074493689244887,-0.0001480485276998467,0.00010951256747977838,0.0007150766079156338,0.4621021446565251,-0.21921489905727914,0.08326229078157608,1.0,-0.009334723465144634,6.799290141135117e-06,1.9011176632943716e-08,0.0,0.0,0.0,0,0.00016375830874172762,-1.468698865822973,-0.0954996291235316,-0.08189989024473261,0.00016375830874172762,-0.42863493569706373,-0.15551046448322434,-0.018162490366819085,-0.0019552612827136765,-0.00014304212218525225,-6.648849621414291e-05,0.014033149060515789,-0.008361905825300369,0.006497092958458426,0.0,0.0,0.0,0.0,0.0,0.0003070660205170216,-9.791325772153153,-0.3183320970784387,-0.2729996341491087,9.800302270593289,-1.0400639301259091,0.06001083535969273,-0.06373739987791352,0.0003070660205170216,-9.791325772153153,-0.3183320970784387,-0.2729996341491087,9.800302270593289,0.02
0.0,0.0,0.0,0.0,0.0,0.0,0.0,0.0,0.0,0.0,0.0,0.0,0,0.0,-1.5707963267948966,nan,0.2490653411947087,-0.19924004262665243,-0.1029510166453127,-0.00013009740537417436,-1.5708031070266362,0.2499977546569694,-0.20000418068995993,2.466839513941982,-0.10000108986762299,0.15961663708708929,0.05381636314154281,-0.04319680843472007,0.14392812662667176,0.0031867491018483323,0.0009324134622607227,-0.0007641380633074957,0.00294992677768971,0.001698622562346959,0.0005197712037344451,-0.00042155751731502765,0.0015612321302989457,0.1640168950974018,0.20503095663070414,-0.0006255972881632645,-0.003966180986848533,-1.5708031463085643,2.4668839634542663,-0.5337558190127109,-0.03597059975988202,-0.055911337130325575,0,zero,0,0.003966180986848755,0.003836083581474359,0.6747597538800783,1.274978295230565,1.4161876087156504,-0.450552257724268,0.011949669145675251,0.674715349267692,1.285709238846603,1.4113491496490644,-0.4484958570113986,0.0014979496185693426,0.0003587652457313457,-0.0003304282389680327,0.00024442015992603815,0.0006284924243419997,0.5339466019680054,-0.1843776264491817,0.08700615795375247,1.0,-0.021297018975019455,6.819513667544186e-06,3.928192793267726e-08,0.0,0.0,0.0,0,0.0017530316944383028,-1.8049256242306193,0.16396486282617745,-0.12863816539859044,0.0017530316944383028,-0.7666899421708747,-0.041604031961741436,-0.04949137595460543,-0.0029617077195903748,-3.602617019460645e-05,-0.00022185051781885653,0.016134904722522096,-0.008321189977588715,0.006546489860042229,0.0,0.0,0.0,0.0,0.0,0.0032871398733139,-12.032837494870796,0.5465495427539249,-0.4287938846619681,12.052873913779447,-1.0382356820597445,0.2055688947879189,-0.07914678944398501,0.0032871398733139,-12.032837494870796,0.5465495427539249,-0.4287938846619681,12.052873913779447,0.03
0.0,0.0,0.0,0.0,0.0,0.0,0.0,0.0,0.0,0.0,0.0,0.0,0,0.0,-1.5707963267948966,nan,0.24815105280534897,-0.198511043619986,-0.10448874582323159,-0.000127149487064937,-1.5708031069353983,0.2499942752961467,-0.2000097762686939,2.4668190773058636,-0.10000220551147443,0.1931420059035162,0.09108090285370185,-0.07345945854003999,0.15366135340674492,0.0050766832353326555,0.0018432224907977413,-0.0014987326487078956,0.004486540311757159,0.002397597977926915,0.0009520351639483681,-0.0007694063092918977,0.0020615816844323327,0.25034812718135496,0.3129470154371153,-0.0005132866258146579,-0.007393444561239804,-1.5708031744890374,2.4668780679315967,-0.6511857928385665,0.05014173159870507,-0.09598555927899109,0,zero,0,0.007393444561239804,0.007266295074174867,0.6747801904974348,1.274983189886538,1.4161831006631767,-0.45054892308522493,0.01705317149624754,0.6747212816738474,1.2908010139687762,1.4104861910434803,-0.447694304035455,0.0026415022662912707,0.0006326509235811288,-0.0005826811070684133,0.0004310134322064431,0.000517509759203866,0.4770374462684912,-0.004814860808748267,0.07146078976225873,1.0,-0.03885139524936676,6.847694140610372e-06,6.755363912702705e-08,0.0,0.0,0.0,0,0.006866535347368613,-1.973939416450623,0.12269348877781751,-0.14515290118144542,0.006866535347368613,-1.0973008513860687,0.0413734179055855,-0.08232770367142908,-0.0036133039132106074,5.0219194800357975e-05,-0.0003808609688503925,0.015445058203837446,-0.00687380853364373,0.006464778382137333,0.0,0.0,0.0,0.0,0.0,0.01287555849872232,-13.15959610967082,0.4089782959260584,-0.4838430039381514,13.174843560690523,-0.8766385650645543,0.081320070872232,-0.06282519751001633,0.01287555849872232,-13.15959610967082,0.4089782959260584,-0.4838430039381514,13.174843560690523,0.04
0.0,0.0,0.0,0.0,0.0,0.0,0.0,0.0,0.0,0.0,0.0,0.0,0,0.0,-1.5707963267948966,nan,0.24677540303709786,-0.19741354100791048,-0.10587180730817802,-0.0001223283566809119,-1.57080310678618,0.24998858474903196,-0.20001892734346155,2.466785654504783,-0.10000403007510486,0.22381434455786484,0.13699592211363631,-0.11066536868431787,0.13812369213160036,0.007179372140260997,0.0032131817119341044,-0.0026053863355510742,0.005867777233073163,0.0030324872840117147,0.0015452613248970503,-0.0012484969704645763,0.0022911573233217603,0.35251134553873714,0.44065023275941934,-0.0008845660643996561,-0.012370744892225671,-1.5708032103311131,2.4668707282451705,-0.7161582440817147,-0.03205943983258348,-0.12300060756396268,0,zero,0,0.012370744892225893,0.01224841653554476,0.6748136132678312,1.2749911947808854,1.4161757280339329,-0.450543469498012,0.02046257048728194,0.6747286725165716,1.2947397609782254,1.411888256781442,-0.4473307915770089,0.004093859824626275,0.0009804966787698,-0.0009030523294402904,0.0006679943441659992,0.0008902087784161851,0.33006888091516823,0.23790867334638705,0.003675444897592337,1.0,-0.06250598281621933,6.8835362165842184e-06,1.0354493307218604e-07,0.0,0.0,0.0,0,0.014119909300335121,-1.9503690222818413,-0.2907003529598847,-0.1316548255007399,0.014119909300335121,-1.3663506637405314,-0.05272521827693526,-0.10471247975320398,-0.003973823468320055,-3.2108967975578346e-05,-0.00048805394184176225,0.012619876301250162,0.008174593126750847,0.006024535541023886,0.0,0.0,0.0,0.0,0.0,0.026476484718423253,-13.002460148545609,-0.9690011765329491,-0.4388494183357997,13.04592744924084,-0.5840183585413099,-0.23797513468294945,-0.026942345747535915,0.026476484718423253,-13.002460148545609,-0.9690011765329491,-0.4388494183357997,13.04592744924084,0.05
0.0,0.0,0.0,0.0,0.0,0.0,0.0,0.0,0.0,0.0,0.0,0.0,0,0.0,-1.5707963267948966,nan,0.2450162745929202,-0.1960127176714716,-0.10691263299069745,-0.00011519427093875656,-1.570803106565362,0.24998016351044142,-0.20003246837641794,2.466736196989772,-0.10000672998001872,0.24785292855317828,0.1750707205587121,-0.14143643693952657,0.10381257776055641,0.009406916886435648,0.004963888917521225,-0.00401975070494634,0.006905903010678727,0.0035861367799112907,0.0021934302386562845,-0.001772104475566508,0.0022156007131380667,0.4384339411709536,0.5480395123933062,-0.002146094980009847,-0.01888305025258541,-1.5708032498385762,2.466854724282754,-0.7472253650415797,-0.2731208157979015,-0.11546319047860841,0,zero,0,0.01888305025258541,0.018767855981646875,0.6748630707374398,1.2750030400532615,1.416164818358211,-0.45053539953191873,0.02214023167858425,0.6747447399766258,1.2969880603777522,1.415467188481816,-0.44801586574573454,0.0058471326191967985,0.0014004129010382988,-0.001289801546342395,0.000954075539107778,0.00215271649993697,0.15552958015293827,0.421284758239575,-0.1250201225941914,1.0,-0.09226000308990479,6.92304367966301e-06,1.4327321418150518e-07,0.0,0.0,0.0,0,0.020837373997567906,-1.7777724758058566,-0.8971130508558831,-0.03446323562724262,0.020837373997567906,-1.538045413591384,-0.3695766867884605,-0.08631943551252805,-0.004146208908805696,-0.00027354275600928235,-0.000458146234939586,0.008922150731802688,0.010103723058778538,-0.0065990773154600115,0.0,0.0,0.0,0.0,0.0,0.03907251827783219,-11.851816505372378,-2.990376836186277,-0.11487745209080874,12.223855021641088,-0.2397270622144727,-0.5275363640674227,0.05185619988528543,0.03907251827783219,-11.851816505372378,-2.990376836186277,-0.11487745209080874,12.223855021641088,0.060000000000000005
0.0,0.0,0.0,0.0,0.0,0.0,0.0,0.0,0.0,0.0,0.0,0.0,0,0.0,-1.5707963267948966,nan,0.2431547171384222,-0.1945372225764297,-0.1075178719942792,-0.00010531881993425252,-1.5708031062596697,0.24996850506024756,-0.2000512121282566,2.4666677347813075,-0.10001046735861585,0.24528922239901896,0.18498990043041286,-0.14942388468805745,0.06015016249846239,0.011540923315959127,0.006813787921825354,-0.005513989551826914,0.007507404635663351,0.003934473047857866,0.0026907904442430436,-0.00217371499364286,0.0018747501369255886,0.4716711618634948,0.5895458821827877,-0.004411251586653817,-0.026320438812917235,-1.57080328528101,2.466820270835981,-0.7575207661105974,-0.48771575433020187,-0.042265124490565305,0,zero,0,0.026320438812917235,0.026215119992983205,0.6749315328830613,1.2750194370256247,1.4161497164976855,-0.4505242285763844,0.022945071352412964,0.6747792614813963,1.2976447054373583,1.4199579511666485,-0.45030584636402643,0.007893496450101452,0.0018905256615405041,-0.0017412028408528887,0.0012879803437929175,0.004417880445933301,0.012972418826126379,0.4425256637493533,-0.2995105226175401,1.0,-0.12535402178764343,6.958486113539664e-06,1.7902134041847262e-07,0.0,0.0,0.0,0,0.024692040411794958,-1.5413326696259437,-1.3990985735804773,0.16651317033579066,0.024692040411794958,-1.6036122384535645,-0.8032311028501815,-0.027628192263936348,-0.004203336096437654,-0.0004884692190116641,-0.000167703729425291,0.005689749524353955,0.010648844185949465,-0.007984364917434837,0.0,0.0,0.0,0.0,0.0,0.04630046955146251,-10.275551130839625,-4.663661911934924,0.5550439011193022,11.298093243418663,0.06227956882762076,-0.5958674707302958,0.194141362599727,0.04630046955146251,-10.275551130839625,-4.663661911934924,0.5550439011193022,11.298093243418663,0.07
0.0,0.0,0.0,0.0,0.0,0.0,0.0,0.0,0.0,0.0,0.0,0.0,0,0.0,-1.5707963267948966,nan,0.24160475799099754,-0.19332149186899397,-0.10769737198511889,-9.228483269985155e-05,-1.5708031058561653,0.24995311559823988,-0.20007594976316867,2.466577375814565,-0.1000154000899452,0.19809441072026238,0.15345696854169866,-0.12404683423477836,0.017456725951034424,0.013203426387904713,0.00834835760724234,-0.006754457894174698,0.007681971895173695,0.003863850027715088,0.002811929965923399,-0.0022721008711749386,0.0013637978349528212,0.39747941875454,0.49675214207373364,-0.0073573112874346005,-0.033333758607220654,-1.570803308274592,2.4667589319061705,-0.7267764383891618,-0.5941604246546957,0.1139180831570242,0,zero,0,0.03333375860722043,0.0332414737745208,0.6750218917668699,1.2750410783590524,1.416129784500987,-0.4505094847341634,0.023695785123435283,0.6748406597607551,1.297238805756232,1.4236183950317893,-0.454064621622447,0.010225192591914995,0.00244897671284323,-0.0022555447388693606,0.0016684427684406195,0.007362438280002746,-0.06766635933404153,0.29685368514335414,-0.40701431304694363,1.0,-0.1543053537607193,6.9814796956890746e-06,2.0241842690893463e-07,0.0,0.0,0.0,0,0.0248000981089939,-1.3310207711668272,-1.5275120380987672,0.4553501492279553,0.0248000981089939,-1.571707247202656,-1.1555351693342926,0.09526510876886457,-0.004032741773148368,-0.0005950783340950308,0.0004520154057200995,-0.00610511635621421,0.00955463056841594,-0.009068863003986422,0.0,0.0,0.0,0.0,0.0,0.04650309039751341,-8.873471807778849,-5.091706793662557,1.5178338307598511,10.342628392787352,0.24068647603582893,-0.37197686876447467,0.36008504045909073,0.04650309039751341,-8.873471807778849,-5.091706793662557,1.5178338307598511,10.342628392787352,0.08
0.0,0.0,0.0,0.0,0.0,0.0,0.0,0.0,0.0,0.0,0.0,0.0,0,0.0,-1.5707963267948966,nan,0.24079889481086075,-0.19271297695254783,-0.10754635508524754,-7.568628275111955e-05,-1.570803105342243,0.2499335137593545,-0.20010745094419694,2.466462305284677,-0.10002168183546156,0.10259485199626894,0.07862613412513986,-0.06400160974744107,-0.015729864538771565,0.013954935200974622,0.009134618948493739,-0.007394473991649109,0.007524673249785979,0.003183447475888871,0.0023945561204942725,-0.001937981312158112,0.0008029117331765472,0.16847947701469201,0.2105197827558752,-0.010413104810538996,-0.037707237035025765,-1.5708033142776843,2.4666670664888026,-0.626350111766221,-0.6182146361321392,0.2971737773275146,0,zero,0,0.03770723703502554,0.037631550752274645,0.6751369621911578,1.2750686382105552,1.416104401459272,-0.45049070871449054,0.024260748854461132,0.6749325583043384,1.2963453144469166,1.4253075641545312,-0.45764242170984587,0.012834527793688369,0.003073923488926233,-0.002831130209108832,0.0020942075067281545,0.010414939626292235,-0.09917754633199284,0.08317996023068318,-0.28563415798103864,1.0,-0.16832195222377777,6.987482787934596e-06,2.0893544139255482e-07,0.0,0.0,0.0,0,0.02272255429278196,-1.199925008666593,-1.2412540160739935,0.6614532475488275,0.02272255429278196,-1.497269455574017,-1.2631498078570966,0.26258383091149295,-0.003475495526429351,-0.0006191697065594382,0.001179155422962262,-0.006930074112845377,0.0075810663146344244,-0.008543309684956844,0.0,0.0,0.0,0.0,0.0,0.042607452264732726,-7.999500057777286,-4.137513386913312,2.204844158496092,9.272225803953898,0.297344446907424,0.02189579178310308,0.39886941663733455,0.042607452264732726,-7.999500057777286,-4.137513386913312,2.204844158496092,9.272225803953898,0.09
0.0,0.0,0.0,0.0,0.0,0.0,0.0,0.0,0.0,0.0,0.0,0.0,0,0.0,-1.5707963267948966,nan,0.24102346841655767,-0.19294054606873268,-0.10718952102107429,-5.51281936453929e-05,-1.5708031047056241,0.24990923031161305,-0.20014646392005137,2.4663197849919882,-0.10002946207477828,0.0480027958989683,-0.024885705343835607,0.018855614033042034,-0.03646143034899685,0.013496238759373112,0.008885761895055383,-0.007205917851318688,0.007160058946296011,0.0018653424618515272,0.0014279387600966142,-0.001164222909491688,0.0002916820433533215,-0.18806851466472488,-0.23493613981090852,-0.01316397748799052,-0.037075934569920976,-1.5708033048768264,2.4665460927916074,-0.5064698199314691,-0.4591321780713217,0.40569694463944106,0,zero,0,0.037075934569920754,0.03702080637627558,0.6752794823530803,1.2751027723898891,1.416072963361797,-0.45046745372624664,0.023437784342693398,0.6750535233641531,1.2952630345408036,1.4250963253924473,-0.45830463721906783,0.015713874278948662,0.0037635391051822047,-0.003466276663107752,0.0025640299357908565,0.013161303919883972,-0.11456778500512843,-0.07682060738897713,0.10955147109520603,1.0,-0.15965408086776733,6.978081930064661e-06,2.0017120228033036e-07,0.0,0.0,0.0,0,0.021530299637123537,-1.138223233096797,-0.7586686550627686,0.5224765098279418,0.021530299637123537,-1.4051665503376822,-1.0934643265555262,0.36753246723152433,-0.002810302992490388,-0.00045984148441877533,0.001609764349509197,-0.00726183301844777,-0.0068959388621662975,0.005968415551135857,0.0,0.0,0.0,0.0,0.0,0.04037183505929784,-7.58815488731198,-2.5288955168758953,1.7415883660931393,8.185973799804684,0.26694331724088527,0.3347956714927576,0.15494404259641748,0.04037183505929784,-7.58815488731198,-2.5288955168758953,1.7415883660931393,8.185973799804684,0.09999999999999999
0.0,0.0,0.0,0.0,0.0,0.0,0.0,0.0,0.0,0.0,0.0,0.0,0,0.0,-1.5707963267948966,nan,0.24223938665210987,-0.19397224378564387,-0.10671111667963867,-3.022654452689011e-05,-1.5708031039343464,0.24987980783903996,-0.2001937156044025,2.466147152687309,-0.1000388861414242,0.1660717924895322,-0.12453407081252921,0.09844460325600657,-0.04878284080815365,0.011899638980253969,0.007640421186930091,-0.006221471818758623,0.006672230538214474,0.00021475312194302158,0.00012151696383302414,-0.00011963950335869365,-0.00013053321462816632,-0.530221873653626,-0.6621596345313732,-0.01562611634871592,-0.030651950932771177,-1.5708032861036867,2.4663992801894272,-0.3968763238605175,-0.16843474250922702,0.3392264312404417,0,zero,0,0.0306519509327714,0.03062172438824451,0.6754521144994002,1.275144118516373,1.4160348829514877,-0.4504392853711239,0.02078729294466877,0.6752002831376266,1.293979040393762,1.4239068542421405,-0.4543541180373423,0.01885566974569914,0.00451601235841678,-0.004159315955222003,0.003076676116222128,0.015619387881646874,-0.13970981244591396,-0.13428111260138856,0.5742960363745814,1.0,-0.1311631202697754,6.9593087901331785e-06,1.821693400572144e-07,0.0,0.0,0.0,0,0.023502877696937808,-1.1014295678482577,-0.3740547528831901,-0.06133158767326366,0.023502877696937808,-1.31669905673087,-0.797227980634377,0.31427110560993277,-0.0022021898970104765,-0.00016869495479165814,0.001346016090674319,-0.007732114033439097,-0.00761865463390011,0.009812667660159313,0.0,0.0,0.0,0.0,0.0,0.044070650097389474,-7.3428637856550525,-1.2468491762773004,-0.20443862557754555,7.450907247905846,0.21526948888261233,0.42317322775118693,-0.3756026932831964,0.044070650097389474,-7.3428637856550525,-1.2468491762773004,-0.20443862557754555,7.450907247905846,0.10999999999999999
0.0,0.0,0.0,0.0,0.0,0.0,0.0,0.0,0.0,0.0,0.0,0.0,0,0.0,-1.5707963267948966,nan,0.24404507625908745,-0.1954868930452896,-0.10611594834418778,-6.081756858122844e-07,-1.5708031030167613,0.2498448004117164,-0.20024991164859607,2.46594182141717,-0.10005009525859401,0.24254782969127037,-0.18406970343011475,0.14584532154521546,-0.060637745262071,0.009649752334544053,0.005799724152628943,-0.004763018603306468,0.006065853085593764,0.0015307747006767624,-0.0011440951323968152,0.0008909655698691047,-0.0004904058172226005,-0.6666871238288793,-0.8322897592659472,-0.01815673969096917,-0.02047193546537529,-1.570803263490137,2.4662275993257645,-0.3030468869535711,0.08472418701763754,0.001520456208489479,0,zero,0,0.02047193546537507,0.020471327289689256,0.6756574455812326,1.275193296175699,1.415989589580513,-0.45040578153679117,0.018658586028253724,0.6753718836525189,1.292360283763662,1.4225354545743876,-0.4471642578834289,0.022252417366419204,0.005329547726848522,-0.004908594382626889,0.003630922792073433,0.018148383999647126,-0.17786023402773937,-0.13783209882329497,0.7506932383529109,1.0,-0.09550390392541885,6.936695240433721e-06,1.6047337592084432e-07,0.0,0.0,0.0,0,0.028589915593959916,-1.050035742739906,-0.22106688335328945,-0.8037107699936633,0.028589915593959916,-1.2372230539662632,-0.5232784794835466,0.04922177896662659,-0.0016815485143532446,8.485507613084868e-05,6.033016101690251e-06,-0.008498058873696925,-0.007685904261414503,0.011964950969987617,0.0,0.0,0.0,0.0,0.0,0.053609442328820395,-7.000238284932708,-0.7368896111776315,-2.679035899978878,7.531696334198664,0.18718731122635712,0.3022115961302571,-0.8529325489602899,0.053609442328820395,-7.000238284932708,-0.7368896111776315,-2.679035899978878,7.531696334198664,0.11999999999999998
0.0,0.0,0.0,0.0,0.0,0.0,0.0,0.0,0.0,0.0,0.0,0.0,0,0.0,-1.5707963267948966,nan,0.24577682292169284,-0.19695445175933166,-0.10535680795312552,3.408930589610115e-05,-1.5708031019415238,0.24980377324506123,-0.2003157365086886,2.465701278869085,-0.1000632265749005,0.23883024174131512,-0.17727738292605544,0.14017338539495106,-0.0772271707368738,0.0074522860842178625,0.004026950323368389,-0.0033612847493569575,0.005293581378225026,0.0026080837260131578,-0.0019411437104217095,0.0015257658554206095,-0.0008402977875833842,-0.46826672332693353,-0.5843420998191056,-0.021090240732800285,-0.011259183013361262,-1.570803237942571,2.4660283704385773,-0.21856552975774418,0.21916209403069853,-0.398043404026451,0,zero,0,0.011259183013361262,0.011293272319257142,0.6758979879087901,1.2752509070767504,1.4159365290658557,-0.4503665322900597,0.018232753754083435,0.6755710375639479,1.2903363061079824,1.4210249868031872,-0.44148594971609845,0.025896685788064446,0.006202365370108941,-0.005712472685317152,0.004225557390854304,0.021083883982724552,-0.21812523816486024,-0.1675167278736469,0.3631768337141952,1.0,-0.06569457799196243,6.91114767459311e-06,1.3600104686872783e-07,0.0,0.0,0.0,0,0.03489026554165605,-0.9745843261180889,-0.19506406328441808,-1.151658670823097,0.03489026554165605,-1.1626683329858416,-0.3461820393042254,-0.3076499676012239,-0.0012127778164877586,0.0002195006742301309,-0.0015793958762211821,-0.009365878341192225,-0.00786959190892732,0.009806173500433637,0.0,0.0,0.0,0.0,0.0,0.06542333684915817,-6.497228840787259,-0.6502135442813937,-3.8388622360769897,7.574820376966521,0.18808400686775273,0.15111797601980734,-0.844008703221873,0.06542333684915817,-6.497228840787259,-0.6502135442813937,-3.8388622360769897,7.574820376966521,0.12999999999999998
0.0,0.0,0.0,0.0,0.0,0.0,0.0,0.0,0.0,0.0,0.0,0.0,0,0.0,-1.5707963267948966,nan,0.2468015539681349,-0.19786935433225367,-0.10440536517480922,7.421762099157903e-05,-1.5708031006975878,0.24975630235032867,-0.20039185350763605,2.465423086716796,-0.10007841320011882,0.1669595952781449,-0.10722019411746331,0.08387855739745709,-0.0966629403534619,0.005815157219126466,0.002954748382193756,-0.0025224991753823867,0.004326951974690407,0.0028184329025042454,-0.0020053478698608546,0.0015735825624923205,-0.0012024898609897467,-0.014763545473078232,-0.0184092432135953,-0.024456463563949347,-0.00795925949792875,-1.5708032069409101,2.465797165851368,-0.13692777874567635,0.2962848156289303,-0.5542860208851961,0,zero,0,0.007959259497928528,0.008033477118920551,0.6761761798061269,1.2753175352084118,1.4158751635448843,-0.4503211397700482,0.015104849084792753,0.6758022053771537,1.2879488327040327,1.4189566338914483,-0.4426418511909409,0.029781109132066608,0.007132701129242485,-0.006569326046106959,0.00485937802353234,0.024454800950849932,-0.25136679602221446,-0.23345925664866343,-0.4612279782580155,1.0,-0.04644012451171875,6.880146013799049e-06,1.0624332258402092e-07,0.0,0.0,0.0,0,0.04055493754960422,-0.8884159695439768,-0.1027584077497311,-0.6356892215007485,0.04055493754960422,-1.0880695108150744,-0.2235921265723289,-0.49885059097628004,-0.0007597857388937899,0.0002967425415527863,-0.002199350741093933,-0.010105821263162097,-0.008467909232915169,-0.008141679766838775,0.0,0.0,0.0,0.0,0.0,0.07604526073430382,-5.922773130293179,-0.342528025832437,-2.118964071669162,6.300187189291159,0.19965354127109758,0.1208337188225978,-0.13683863052446843,0.07604526073430382,-5.922773130293179,-0.342528025832437,-2.118964071669162,6.300187189291159,0.13999999999999999
0.0,0.0,0.0,0.0,0.0,0.0,0.0,0.0,0.0,0.0,0.0,0.0,0,0.0,-1.5707963267948966,nan,0.2469033465991409,-0.19805898136088346,-0.10330530831278958,0.00012011791257515725,-1.5708030992741957,0.2497019741782357,-0.2004789048934224,2.4651048799655366,-0.10009578424093032,0.1132934501942025,-0.015612080309895804,0.010257564284343879,-0.11174279028311473,0.004897896589113518,0.002798627579094798,-0.002419923532538948,0.00320952407185926,0.002386821084674736,-0.0014384332566676162,0.0011154645617369495,-0.0015438793566433465,0.38246337238990763,0.47679257323248503,-0.028006413934635273,-0.011850084516049186,-1.570803171760007,2.4655309973497226,-0.056502980358200575,0.3695961496624415,-0.3359164563486844,0,zero,0,0.011850084516049186,0.011970202428624344,0.676494386265884,1.2753937469963872,1.4158049713309258,-0.45026921808134834,0.010005007300913379,0.6760683842301822,1.285266127216642,1.4164972549886334,-0.4516747590736009,0.0338983869943336,0.008118806526706537,-0.00747754409062991,0.005531193484533207,0.028008983318498545,-0.27932931779610015,-0.23661534257534658,-1.1271804519196875,1.0,-0.03668437898159027,6.844965110275325e-06,7.248581113117325e-08,0.0,0.0,0.0,0,0.04530143230444082,-0.8084382513849677,0.0865886276153051,0.6166661407033233,0.04530143230444082,-1.012063583404878,-0.08858613587201343,-0.32516409060060736,-0.00031352410062017666,0.0003701671331558033,-0.001332882445846757,-0.010708487428097005,-0.008718788043195891,-0.014272317824538937,0.0,0.0,0.0,0.0,0.0,0.08494549466424306,-5.3895883425664515,0.2886287587176837,2.055553802344411,5.776113419426892,0.20362533201991018,0.17517476348731853,0.9418302313039306,0.08494549466424306,-5.3895883425664515,0.2886287587176837,2.055553802344411,5.776113419426892,0.15
0.0,0.0,0.0,0.0,0.0,0.0,0.0,0.0,0.0,0.0,0.0,0.0,0,0.0,-1.5707963267948966,nan,0.24647116435558963,-0.19783466854385334,-0.10219765725801322,0.00017212084027229402,-1.5708030976608744,0.24964038525755206,-0.20057751189385517,2.464744366297286,-0.10011546483665701,0.12298346513618229,0.03705933228676239,-0.032291981746288,-0.11273316505030495,0.00468002949217609,0.003169220901962422,-0.002742843350001828,0.0020821924213562104,0.0019857653130394017,-0.0007106355473902415,0.0005274296740095056,-0.0017776610858738148,0.3743663615373244,0.4664085093704091,-0.0315909290835647,-0.01857291230703928,-1.5708031415271189,2.46522907287672,0.02173565118088457,0.42217190573304414,0.30379101200245173,0,zero,0,0.018572912307039502,0.018745033147311574,0.6768548996040341,1.275480091460011,1.415725446768836,-0.4502103931871905,0.01439118508299478,0.6763703401695207,1.2823124738956055,1.4150021663410692,-0.46284632710297313,0.03824128444524947,0.009158948766371416,-0.008435530887339027,0.0062398232517406295,0.03159383685382076,-0.3055880188186639,-0.0639937529899694,-0.9676510435027335,1.0,-0.03476569801568985,6.814732222082398e-06,4.3866244414658695e-08,0.0,0.0,0.0,0,0.05035101517626503,-0.7342369121035222,0.1311782420420168,1.7248259938933959,0.05035101517626503,-0.9355795007719862,0.012108497660036459,0.18861918082076576,0.00012060692099211842,0.0004228241127155975,0.0012054119393417899,-0.011279381779039113,-0.007473654384251605,-0.014639705135725035,0.0,0.0,0.0,0.0,0.0,0.0944140543338928,-4.894912747356814,0.43726080680672275,5.749419979644653,7.564133257247547,0.201342588668464,0.11906974438198034,1.53620681307263,0.0944140543338928,-4.894912747356814,0.43726080680672275,5.749419979644653,7.564133257247547,0.16
0.0,0.0,0.0,0.0,0.0,0.0,0.0,0.0,0.0,0.0,0.0,0.0,0,0.0,-1.5707963267948966,nan,0.24633224787510427,-0.19786069573417947,-0.10131226652393116,0.0002305466748124818,-1.5708030958474248,0.24957114183039514,-0.2006882747687104,2.4643393254160224,-0.10013757619498928,0.09141085921973999,0.006967305332844509,-0.008473568452910252,-0.09075020924143307,0.004457076914194792,0.003238893955290867,-0.0028275790345309304,0.0011746903289418797,0.0018606230051662653,-0.00042655337977792187,0.00029460790478332086,-0.0017869460999126855,-0.14357572358991597,-0.17874861610639975,-0.035508098904061675,-0.02015480969660577,-1.5708031274430228,2.464889659397721,0.09577519902852122,0.3572166100321375,0.6777517427040016,0,zero,0,0.020154809696605547,0.02038535637141825,0.6772599401146258,1.275577100369064,1.4156361000905722,-0.45014430280260875,0.016619305359682878,0.6767097580671926,1.2791831025234748,1.4162116268062643,-0.4663481334551111,0.04280263202967448,0.01025141073352039,-0.009441704947506777,0.006984097486496408,0.035506351701411226,-0.3131988859472627,0.25380616755962426,0.16987818997013576,1.0,-0.0327705554664135,6.800648126414899e-06,3.159559813781243e-08,0.0,0.0,0.0,0,0.05650234069615662,-0.6558266061409822,-0.26230553886993496,1.620318435037002,0.05650234069615662,-0.8590471984740815,-0.057478958902616846,0.6955540173856681,0.0005314380400250415,0.00035776846856223665,0.0026892502091487654,-0.011572966866441992,0.008142964490183304,-0.0067997765230082465,0.0,0.0,0.0,0.0,0.0,0.10594851058720536,-4.372177374273215,-0.8743517962331167,5.40106145012334,7.004506829933623,0.2032205923330993,-0.20482657996731812,0.9247644176513338,0.10594851058720536,-4.372177374273215,-0.8743517962331167,5.40106145012334,7.004506829933623,0.17
0.0,0.0,0.0,0.0,0.0,0.0,0.0,0.0,0.0,0.0,0.0,0.0,0,0.0,-1.5707963267948966,nan,0.2471777409938706,-0.19869587609057332,-0.10082428160405119,0.00029570539247170124,-1.570803093823917,0.24949385948590413,-0.2008117728598539,2.4638876083929824,-0.10016223562770624,0.12731105350719446,-0.0922775463257336,0.07116822652503407,-0.05126443525969304,0.0032062016284360923,0.002316118492033531,-0.0021158967692805897,0.0006620459763449493,0.001896517589947525,-0.0008979632720491617,0.0006696748671596604,-0.0015303517580366362,-0.831378053254896,-1.034241581364253,-0.040391786394180985,-0.011142085920661238,-1.5708031326757184,2.4645059504783213,0.16157166878358636,0.01340499086529992,0.6572030721181936,0,zero,0,0.011142085920661238,0.011437791313133161,0.6777116567245287,1.2756852884005863,1.4155364572707654,-0.4500705962876065,0.00775136881949312,0.6770934095617012,1.2763119232928677,1.4202831640128526,-0.456135049505982,0.047575325766945,0.01139449099484965,-0.010494499225225037,0.007762857033600403,0.04038344144205634,-0.25778438848130747,0.4745674072611196,1.5437516430407603,1.0,-0.021291039884090424,6.805880821580956e-06,3.8851801331674096e-08,0.0,0.0,0.0,0,0.06233218027226259,-0.6016970631934454,-1.051763125593834,-0.04212988807951468,0.06233218027226259,-0.7864352960274764,-0.4180441463844393,0.7092284018824563,0.0008965299143503131,1.3425700032643096e-05,0.0026077151673499165,-0.010759390152951288,0.010645398524465985,0.016401728380412983,0.0,0.0,0.0,0.0,0.0,0.11688014301943107,-4.01131375462297,-3.50587708531278,-0.14043296026504892,5.33059045130178,0.184738232834031,-0.6337189792093947,-0.751358289961971,0.11688014301943107,-4.01131375462297,-3.50587708531278,-0.14043296026504892,5.33059045130178,0.18000000000000002
0.0,0.0,0.0,0.0,0.0,0.0,0.0,0.0,0.0,0.0,0.0,0.0,0,0.0,-1.5707963267948966,nan,0.24896109746065329,-0.20030982758829172,-0.10068521789925661,0.00036789676952397876,-1.5708030915806794,0.24940816279388,-0.20094856463992986,2.4633871370119125,-0.1001895565863837,0.23881047711752407,-0.18690531588068104,0.1477159717642451,-0.016638466347204672,0.0009238682646283453,0.0004470653332267205,-0.0006387370516381385,0.0004956613128729026,0.0025897857678466242,-0.0018414185251358316,0.0014286944344721426,-0.0011291591347262937,-1.0917716419571788,-1.3569494007851441,-0.04660388973802002,0.00555452866445183,-1.5708031459422607,2.4640658257885906,0.2069856214443154,-0.36953808352140927,-0.16096881354689,0,zero,0,-0.00555452866445183,-0.005186631894927629,0.6782121276481786,1.2758051532956927,1.415426059882291,-0.4499889345403218,0.015756711417216254,0.6775334279679321,1.2745869452777445,1.4243609870319343,-0.43708558739762116,0.05255232715087358,0.012586503798468339,-0.011592361117405128,0.008574953421310537,0.04659261753124072,-0.1015436622455407,0.29346559274393424,1.9335527534679802,1.0,-0.005542655475437641,6.819147364112155e-06,5.4361581014461535e-08,0.0,0.0,0.0,0,0.06460238219614577,-0.6524716497330161,-1.6631423617696635,-2.2218160738093977,0.06460238219614577,-0.734746984607214,-0.9378306232811128,0.07138032031611707,0.0011485231468010304,-0.00037010897730926933,-0.0006387079342213643,-0.007896527582826933,0.009882521394691337,0.021944793439983092,0.0,0.0,0.0,0.0,0.0,0.12113703768262848,-4.349810998220107,-5.543807872565545,-7.406053579364659,10.223451728769248,0.08227533487419791,-0.7253117384885507,-2.293196394125515,0.12113703768262848,-4.349810998220107,-5.543807872565545,-7.406053579364659,10.223451728769248,0.19000000000000003
0.0,0.0,0.0,0.0,0.0,0.0,0.0,0.0,0.0,0.0,0.0,0.0,0,0.0,-1.5707963267948966,nan,0.2507576867734389,-0.2019648250714059,-0.10069224747899516,0.00044741047669139,-1.5708030891082936,0.24931368493991077,-0.20109918776015373,2.462835903114329,-0.1002196486980926,0.24165697037910433,-0.18910671667548562,0.1504374362890304,-0.0023062531970347022,0.0017486620192521704,-0.0014440018335281357,0.0008656373112521654,0.0004725987809025556,0.0032508265442976335,-0.002483927533356125,0.0019519245201194161,-0.0007667906480272422,-0.5180302835502338,-0.643181912356952,-0.05351189651589212,0.018604171366569888,-1.5708031425142306,2.463558788812,0.2106843145861591,-0.48388924028187874,-0.8071253333002644,0,zero,0,-0.018604171366569666,-0.018156760889878498,0.6787633610423212,1.275937176016386,1.4153044649518414,-0.4498989898901929,0.02691934294832305,0.6780403750001038,1.274895245411545,1.423726216454432,-0.4243624122378234,0.05772666314974895,0.013825779073898526,-0.012733752463777793,0.009419248861342806,0.05350554822352292,0.12185417770279658,-0.3506072304909491,0.5971033831270596,1.0,-0.011721521615982056,6.81571933380809e-06,5.34059370060902e-08,0.0,0.0,0.0,0,0.06135405192084086,-0.8669763457561989,-1.310644674739456,-3.029763365387495,0.06135405192084086,-0.7431812078612138,-1.1805376266164602,-0.847938370009609,0.001169046479082179,-0.00048463679343974765,-0.003202591501612656,0.006516704329902538,-0.008228937482127222,0.013953691084403128,0.0,0.0,0.0,0.0,0.0,0.11504603772893468,-5.779842305041326,-4.368815582464854,-10.099211217958317,12.429820170882014,-0.12379513789498509,-0.13010704812299578,-2.1818249953778857,0.11504603772893468,-5.779842305041326,-4.368815582464854,-10.099211217958317,12.429820170882014,0.20000000000000004
0.0,0.0,0.0,0.0,0.0,0.0,0.0,0.0,0.0,0.0,0.0,0.0,0,0.0,-1.5707963267948966,nan,0.25132703218073016,-0.2026606859236371,-0.10066124834980106,0.0005345261735922868,-1.570803086397589,0.24921006736341672,-0.20126415909771309,2.462231967944772,-0.10025261780108186,0.08595433607808171,-0.06729629837853024,0.053088951467183954,-0.006396823218335346,0.002568814150267561,-0.002116964817313438,0.001396526825924005,0.0004086305487192021,0.0027293548855725205,-0.002100875374379894,0.0016522850053035452,-0.0005528607545953951,0.6347962290136457,0.7872466860765505,-0.05955342371981888,0.016109097850501186,-1.5708031021758821,2.4629864104807386,0.13610377693527,-0.06139602072624774,-0.8905988281200717,0,zero,0,-0.016109097850501186,-0.0155745716769089,0.6793672956607576,1.2760818209023708,1.4151712448154976,-0.4498004459911237,0.01736561451832235,0.678612753107469,1.2772618114684215,1.4157171169111389,-0.43250001596602095,0.06309142620633598,0.015110662432075232,-0.013917149546893211,0.01029461624887127,0.059557816066724945,0.2979560604925294,-1.0694511826449689,-1.7827927579427267,1.0,-0.016746602952480316,6.775380985590829e-06,1.577829333854197e-08,0.0,0.0,0.0,0,0.05571500055333845,-1.197324571082632,0.24275702576486585,-1.1731914862932082,0.05571500055333845,-0.8149506101931928,-0.7419216311399135,-1.2524981650069613,0.0007552135123514151,-6.149087050870571e-05,-0.003533805867077717,0.01067888153433249,-0.015296943907574193,-0.016376221630191253,0.0,0.0,0.0,0.0,0.0,0.1044721555472313,-7.982163807217546,0.8091900858828862,-3.9106382876440273,8.926014445900082,-0.3823739608894391,0.9846786569047794,0.07930667871375308,0.1044721555472313,-7.982163807217546,0.8091900858828862,-3.9106382876440273,8.926014445900082,0.21000000000000005
0.0,0.0,0.0,0.0,0.0,0.0,0.0,0.0,0.0,0.0,0.0,0.0,0,0.0,-1.5707963267948966,nan,0.2501374333823171,-0.20195796814215192,-0.10046897528516058,0.0006295136031890802,-1.5708030834396276,0.24909695939997933,-0.2014439748032365,2.4615734614960587,-0.10028856598044808,0.14105966148031684,0.10764908349756852,-0.0882533487008591,-0.02282212440067044,0.001174445732078773,-0.001040473982337753,0.0005139933389154139,0.00018040930471249772,0.0009986701909857154,-0.0006817164678484095,0.000512261036737422,-0.0005198013448120689,1.461422048715091,1.8100803658178046,-0.06341165186658097,-0.003012120307554378,-1.5708030388564642,2.4623654489331406,-0.008300159785700284,0.5957653890582667,-0.03012693296741445,0,zero,0,0.003012120307554156,0.003641633910743458,0.6800258015090894,1.2762395358278686,1.4150259869743012,-0.44969299771464877,0.016427312477269813,0.6792338149828546,1.2804111942888163,1.4035429968040514,-0.4606459678599234,0.06863977423787572,0.016439515165346405,-0.015141043092120988,0.011199939162528053,0.06342435365082245,0.2945932132965503,-1.1918900562987278,-3.2236982805039784,1.0,-0.0071016033180058,6.712061567881733e-06,-4.458316338329382e-08,0.0,0.0,0.0,0,0.05511064878937007,-1.4944484423286415,2.1047766875904577,2.495268151293744,0.05511064878937007,-0.9527818821374768,0.3511003706507979,-0.5811359826419584,-4.6055979973413106e-05,0.0005966857779837987,-0.00011954061594942142,0.01157251104623365,-0.018064450723707264,-0.031067980697450804,0.0,0.0,0.0,0.0,0.0,0.10333892516289156,-9.962989615524277,7.0159222919681925,8.31756050431248,14.753874723689824,-0.5416665601911647,1.7536763169396599,3.0764041339357027,0.10333892516289156,-9.962989615524277,7.0159222919681925,8.31756050431248,14.753874723689824,0.22000000000000006
0.0,0.0,0.0,0.0,0.0,0.0,0.0,0.0,0.0,0.0,0.0,0.0,0,0.0,-1.5707963267948966,nan,0.24801291018329866,-0.20050836611517056,-0.10020296879776194,0.0007326326862358012,-1.570803080225709,0.24897401792925444,-0.20163911034875817,2.460858581854544,-0.10032759160378871,0.26085504952029853,0.2001581728293539,-0.16447375725030244,-0.030503211073926173,0.0014892419094659633,0.000961107745955786,-0.0011307442335876106,-0.000124622806026764,0.0012809402627691402,0.0008783555869652143,-0.0007536504839602009,-0.0005489174506759848,1.061706010478879,1.3132555157195616,-0.06539564246428153,-0.024365117694823635,-1.5708030004353288,2.4617174121555054,-0.15634294743569693,0.7434642095744293,0.9132172292632394,0,zero,0,0.024365117694823635,0.025097750381059214,0.6807406804994625,1.2764107523584316,1.4148682939498256,-0.4495763510430994,0.042815676706761174,0.6798819755846288,1.2820754676966377,1.3961987761839063,-0.4876789087558337,0.07436493063608535,0.01781071424747293,-0.01640393826765015,0.012134111864403337,0.06540612713041956,0.049997349967942736,-0.28814835678359807,-1.9268956412406937,1.0,-0.012221494689583778,6.673640432275363e-06,-7.979038008087969e-08,0.0,0.0,0.0,0,0.06497866214324716,-1.5405751782410888,2.6012977465152196,4.993306125391539,0.06497866214324716,-1.1041025055056495,1.4029138356614597,0.8972541335543333,-0.0008675167517242354,0.0007446127761705911,0.0036235533899128436,0.007386562390884085,-0.01155690231888681,-0.025636275491815425,0.0,0.0,0.0,0.0,0.0,0.12184260668150601,-10.270501188273926,8.670992488384066,16.644353751305133,21.394360537565436,-0.4364726727354393,1.19838391085376,4.096051991837206,0.12184260668150601,-10.270501188273926,8.670992488384066,16.644353751305133,21.394360537565436,0.23000000000000007
0.0,0.0,0.0,0.0,0.0,0.0,0.0,0.0,0.0,0.0,0.0,0.0,0,0.0,-1.5707963267948966,nan,0.2467363890747648,-0.19974954821149862,-0.10029272521967433,0.000844133615731435,-1.5708030767473502,0.24884090702968015,-0.20185002057657306,2.4600855945453737,-0.10036978935683649,0.15000071272944124,0.11434102089595555,-0.09697281314868245,0.004755866886460569,0.0029743770541474715,0.0021045179549153414,-0.002100472365074435,-7.706413716215832e-05,0.0017991514085946498,0.0013454625525841858,-0.001146889217179454,-0.00033364866875091627,-0.5727513562606881,-0.707491806125083,-0.067995074586171,-0.026734595619646084,-1.5708030276181533,2.461048183223714,-0.2261421021787931,0.6059377433804022,0.961083464329449,0,zero,0,0.026734595619646306,0.02757872923537752,0.6815136671053124,1.276595885907756,1.4146977831397487,-0.44945022296276854,0.03830625549455376,0.6805512358884763,1.2804244688676492,1.402388669621166,-0.48550948825024703,0.08026018426715827,0.01922265233362865,-0.017704354684489172,0.013096039300045392,0.06799202776043424,-0.30583910114160484,1.243301998667707,1.8477318020428446,1.0,-0.022230083122849464,6.700823256711175e-06,-4.912919671085092e-08,0.0,0.0,0.0,0,0.08373116187496867,-1.1770389547181133,0.558022374772211,3.3730787619846128,0.08373116187496867,-1.1711063897744936,1.347523516816725,1.9886206530816113,-0.0012548187502408794,0.0006068738474220463,0.0038134817582994767,-0.00994318274929045,0.015143920427407379,0.013844111563807892,0.0,0.0,0.0,0.0,0.0,0.15700574137440215,-7.8469263647874214,1.8600745825740366,11.243595873282043,13.837529757570294,-0.005932564943619711,-0.789501142044514,1.3844581089030015,0.15700574137440215,-7.8469263647874214,1.8600745825740366,11.243595873282043,13.837529757570294,0.24000000000000007
0.0,0.0,0.0,0.0,0.0,0.0,0.0,0.0,0.0,0.0,0.0,0.0,0,0.0,-1.5707963267948966,nan,0.24758936894955838,-0.2007335698571716,-0.1009000584062725,0.0009642569513645949,-1.570803072996288,0.24869729764113604,-0.20207713974934005,2.4592528318777376,-0.10041525027907502,0.13717842231006197,-0.09965892633376772,0.07569024729059959,0.05618722643596363,0.0018076849728199966,0.0011079286915776643,-0.0013435698921684391,0.000484808127197478,0.0003799050930659094,0.000232171276823557,-0.0002595318218766066,0.00015188025345299467,-2.2070145092382845,-2.722212810165712,-0.07455398886530827,-0.0009199604163887543,-1.5708031202343422,2.4603322755605093,-0.16826041285003707,-0.6131658009505363,0.23686395405979072,0,zero,0,0.0009199604163887543,0.0018842173677535712,0.6823464290161091,1.2767953358944972,1.4145140866734236,-0.4493143413570763,0.008461681562434003,0.6812670183468317,1.276116182855141,1.4215702112447968,-0.4448215933501787,0.08631888947176394,0.020673737760400306,-0.019040826396465937,0.014084637098460523,0.07453564389514045,-0.46655067495761054,2.1975225046679423,5.2354487676956944,1.0,-0.010815487243235111,6.793439445651472e-06,4.7238054357023884e-08,0.0,0.0,0.0,0,0.1011622449452896,-0.6179314622478538,-3.223748675134799,-2.31408458089833,0.1011622449452896,-1.1147532234693385,-0.25560810439452664,1.4537885148951946,-0.0009336444604223619,-0.0006141130715088376,0.000939852158039069,-0.01473874752525172,0.02622526931774447,0.044466228750349515,0.0,0.0,0.0,0.0,0.0,0.18969106496397825,-4.119543081652359,-10.745828917115997,-7.713615269661101,13.855660126677193,0.4968217612214847,-2.968140570740272,-3.767873095793525,0.18969106496397825,-4.119543081652359,-10.745828917115997,-7.713615269661101,13.855660126677193,0.25000000000000006
0.0,0.0,0.0,0.0,0.0,0.0,0.0,0.0,0.0,0.0,0.0,0.0,0,0.0,-1.5707963267948966,nan,0.2499482177185815,-0.2029822646489064,-0.10152377292200929,0.0010932337139630821,-1.5708030689644685,0.2485428672366352,-0.20232088160177283,2.458358692290131,-0.1004640617993339,0.3266025405151413,-0.25132791735239524,0.20049529393020016,0.05749029954779106,0.0018802726333338664,-0.001405350481946288,0.0006613830471335624,0.0010597111226753886,0.001971707851061916,-0.0015180518236092766,0.001161558256015178,0.00048366613346266627,-2.1315852768725496,-2.62481486692819,-0.0863349936190386,0.03648054075748974,-1.5708032247776627,2.4595206981956372,-0.007582337471847576,-0.7863252777589917,-0.963669894979897,0,zero,0,-0.03648054075748952,-0.03538730704352666,0.6832405677921016,1.2770094858990837,1.4143168512674515,-0.44916844489973556,0.06324386051791235,0.6820783862229763,1.2726177195710728,1.440644830174448,-0.3918449319019924,0.09253446606504817,0.02216239454578764,-0.020411901900227784,0.015098831572113138,0.08631543089991853,-0.21410191059335085,1.4415002328199333,4.60871643904796,1.0,-0.01916864700615406,6.897982766318478e-06,1.5581319434687657e-07,0.0,0.0,0.0,0,0.10149689959878948,-0.3668006881389478,-5.8685399150881254,-7.879866074668268,0.10149689959878948,-0.9675688180910678,-2.6088120338425993,-0.8004319164795557,-4.2072922904050904e-05,-0.0007875400597701777,-0.0038237444529255586,-0.01123143965890588,0.02284410843572173,0.04780974743554553,0.0,0.0,0.0,0.0,0.0,0.19031858165908397,-2.4453379209263186,-19.56179971696042,-26.26622024889423,32.841958422724105,0.6007681299521199,-3.259727881245526,-7.079434158188712,0.19031858165908397,-2.4453379209263186,-19.56179971696042,-26.26622024889423,32.841958422724105,0.26000000000000006
0.0,0.0,0.0,0.0,0.0,0.0,0.0,0.0,0.0,0.0,0.0,0.0,0,0.0,-1.5707963267948966,nan,0.25135767537223863,-0.20452079489612404,-0.10182627177212325,0.0012312854799425565,-1.5708030646440412,0.24837729950405849,-0.20258163939422438,2.457401639695606,-0.10051630777136181,0.20435346624000397,-0.1575025386233858,0.12777724547660962,0.025025287808605468,0.003789323166407057,-0.002980375868180146,0.0019391555018996587,0.0013099640007614433,0.0026666178126990322,-0.0020584083312142304,0.0016233473389154589,0.0004884149037731314,0.29117765967397524,0.35786859981059,-0.0999814055149563,0.049857275727172246,-1.570803237466012,2.4585769521659055,0.1143647386035671,-0.7887877146419805,-0.9668773306649234,0,zero,0,-0.049857275727172023,-0.04862599024722947,0.6841976195190628,1.2772387038205306,1.414105738081253,-0.44901228294791723,0.07762865174053593,0.6830220453854046,1.2736198165945372,1.4415967390810056,-0.37651418562262995,0.09890039933663271,0.02368706238920326,-0.021816144135241453,0.016137559716925674,0.09998269138948736,0.32845229545973575,-0.9531682350930297,-1.0860767945717933,1.0,-0.03817851468920708,6.9106711153565925e-06,1.7282197095624952e-07,0.0,0.0,0.0,0,0.0783229803336881,-0.6784712643056526,-4.4008705040601725,-7.562472058392628,0.0783229803336881,-0.8635936860630873,-3.78760854124645,-3.1413246459586905,0.0006345877967150629,-0.0007900063008346086,-0.0038364712325755458,0.00936230715881695,-0.010083385763451622,0.008859093145822824,0.0,0.0,0.0,0.0,0.0,0.14686476717361355,-4.523141762037684,-14.669568346867242,-25.208240194642094,29.514945194824687,0.18512242175743465,-0.6132619628137226,-4.421147412433937,0.14686476717361355,-4.523141762037684,-14.669568346867242,-25.208240194642094,29.514945194824687,0.2700000000000001
0.0,0.0,0.0,0.0,0.0,0.0,0.0,0.0,0.0,0.0,0.0,0.0,0,0.0,-1.5707963267948966,nan,0.24945798386124304,-0.2034147557317164,-0.10163538345011239,0.0013786244757543198,-1.5708030600273535,0.2482002840388822,-0.20285978596845006,2.4563802028270283,-0.10057206850937508,0.22236048832214395,0.1722676045819299,-0.13841857386333034,-0.024664906002414,0.0017379410071983444,-0.001257699822360847,0.0005549697632663553,0.0010633149407373033,0.00031802092415499474,-0.0002234260855549636,0.00015915937337764784,0.00016089246831352136,3.4842886563569424,4.2730100112798235,-0.10913316086098888,0.014111244552221125,-1.5708031020339577,2.457517796526622,0.07880163966367464,0.5284358342514015,-0.6232279206168709,0,zero,0,-0.014111244552220903,-0.012732620076466805,0.685219055463034,1.2774833420332548,1.4138804225726396,-0.4488456154354157,0.01861842402661936,0.6840813927514195,1.2799322359001075,1.4168753967559653,-0.4306691337830248,0.1054102400506156,0.025246196671472765,-0.02325213048379313,0.017199769212278657,0.10916250987962944,0.7956521237639239,-3.3268971067141186,-8.044762475764227,1.0,-0.010893216356635094,6.775239061340699e-06,4.200660441711079e-08,0.0,0.0,0.0,0,0.0509883063815379,-1.4577665742412098,1.336258368890599,0.8027221622085251,0.0509883063815379,-0.9065413358309977,-2.2709366338850923,-3.144770301616541,0.00043725504471310757,0.0005292522067675493,-0.0024729052103643887,0.02029583184430449,-0.034174656044623414,-0.061302256731836674,0.0,0.0,0.0,0.0,0.0,0.0956090500310105,-9.718443828274733,4.454194562968663,2.6757405406950836,11.020740818097387,-0.5512252384102121,3.607195002775691,3.947492463825066,0.0956090500310105,-9.718443828274733,4.454194562968663,2.6757405406950836,11.020740818097387,0.2800000000000001
0.0,0.0,0.0,0.0,0.0,0.0,0.0,0.0,0.0,0.0,0.0,0.0,0,0.0,-1.5707963267948966,nan,0.24431460300609487,-0.19967086878081405,-0.10031621333286322,0.0015354536723344303,-1.5708030551069407,0.24801151604877952,-0.20315567380581806,2.4552929745823335,-0.10063142082358248,0.6539747172211489,0.49546128650455046,-0.40397747882703616,-0.1378522431456558,0.005090224736656588,0.0036969130426846575,-0.0034848050250040064,-0.0003152074907192548,0.004152027795576466,0.0031485519509316913,-0.0025825062092965454,-0.0008103191386537726,4.710302465736366,5.763521675513202,-0.11014940856863009,-0.056614769901028206,-1.5708029204802842,2.4564128004849017,-0.16300884533945456,0.7893180205824839,0.9669009352300887,0,zero,0,0.056614769901027984,0.05815022357336286,0.6863062827250701,1.277743737543888,1.4136405943533863,-0.4486682127658141,0.08825080674148517,0.6851867654167917,1.288240216333191,1.380277717763818,-0.5296848405049046,0.11205760444557106,0.026838268454834682,-0.024718452770988438,0.018284418421010674,0.11018936692173084,0.756219792189098,-3.457305690908557,-10.1445475995573,1.0,-0.10398272424936295,6.593685387912274e-06,-1.3462665648944494e-07,0.0,0.0,0.0,1,0.048034688791318815,-2.371837915268444,7.439633599402478,9.0,0.048034688791318815,-1.152877380139063,1.496587766086264,-0.4127023775152254,-0.0009045045288618746,0.0007905374260367271,0.0038365648930972496,0.02239231763267526,-0.04101551758389486,-0.08963174763167268,0.0,0.0,0.0,0.0,0.0,0.09007067090065407,-15.812252768456293,24.798778664674927,30.0,42.012080091312384,-1.2189605351293809,5.943045833316214,9.412702377515226,0.09007067090065407,-15.812252768456293,24.798778664674927,39.590074891918604,49.3192548965064,0.2900000000000001
0.0,0.0,0.0,0.0,0.0,0.0,0.0,0.0,0.0,0.0,0.0,0.0,0,0.0,-1.5707963267948966,nan,0.23849123540187486,-0.19534172459354293,-0.09843653495551993,0.0017019668795514864,-1.5708030498755259,0.2478106960709112,-0.2034696350882091,2.454138611369782,-0.10069443805568457,0.754622663613794,0.562254762635167,-0.4643105469662151,-0.19426956094453773,0.012570338204708431,0.009319460669036328,-0.008127910494666157,-0.002257903100164632,0.007781404171686332,0.005837068789079895,-0.004808563856975856,-0.001832100561670211,2.7636781296239707,3.3741792059517186,-0.10576980863269347,-0.11623449660771268,-1.570802845694167,2.4553330512282106,-0.40716061319638497,0.7893194327147613,0.9668800690149726,0,zero,0,0.11623449660771268,0.11793646348726394,0.6874606448959839,1.2780202121480915,1.4133859570448026,-0.44847985570565024,0.16571401529890542,0.6862668437261545,1.2915513572360002,1.3611224005626803,-0.6051487373691853,0.11883617423454935,0.02846176448294045,-0.0262137172647524,0.01939047638941837,0.10579605832315701,-0.05049583647638603,-0.5263947338345097,-4.938426638441043,1.0,-0.246780663728714,6.518899270169243e-06,-2.0418135893152112e-07,0.0,0.0,0.0,1,0.0743370457514035,-2.499500361598366,8.337454302035596,9.0,0.0743370457514035,-1.4731175786215205,4.8040693392921145,2.746808048520345,-0.0022592554277861034,0.0007905388403505862,0.003836482098070945,0.008472532870077426,-0.018770532355315336,-0.05837944086745203,0.0,0.0,0.0,0.0,0.0,0.13939067270092537,-16.66333574398911,27.791514340118653,30.0,44.15942093363048,-1.0263827829768457,3.5333849627434812,6.253191951479655,0.13939067270092537,-16.66333574398911,27.791514340118653,54.00858933764763,62.98398351514635,0.3000000000000001
0.0,0.0,0.0,0.0,0.0,0.0,0.0,0.0,0.0,0.0,0.0,0.0,0,0.0,-1.5707963267948966,nan,0.23515207389129203,-0.19301713552109115,-0.09810598857994973,0.0018783488406546311,-1.5708030443260106,0.24759752970266244,-0.20380198176183914,2.4529158324532134,-0.10076119011434465,0.41217713709697124,0.31259951423340815,-0.26569357460818344,-0.0397298434230281,0.016680898476329226,0.01244545581137041,-0.010784846240747992,-0.002655201534394913,0.00790337456619849,0.005964818922371476,-0.004968206590740041,-0.0014836401277532104,-1.5567466920431952,-1.896615310187468,-0.103784893483485,-0.12124698871332984,-1.5708029311275478,2.4542893830465795,-0.47334523484812385,0.22595529860359892,0.9668800690167917,0,zero,0,0.12124698871333006,0.12312533755398469,0.6886834227110913,1.2783130725873704,1.413116228133305,-0.4482803352775814,0.15210131113181255,0.6873105996185637,1.284168806250363,1.3816884066654367,-0.5969777684290146,0.12573969660507706,0.03011518718085448,-0.027736544675829502,0.020516922847256466,0.10377756181439236,-1.1796141183459927,3.781018279908361,5.055097864799209,1.0,-0.31880030035972595,6.604332651427569e-06,-1.131984630475813e-07,0.0,0.0,0.0,1,0.11639355603901753,-1.1610536040847477,1.6713683592697322,9.0,0.11639355603901753,-1.5619021513198266,4.477517765275954,5.0761381386618,-0.0026265010818507296,0.0002263043735218797,0.003836482098078163,-0.025455848728341245,0.03394731733849357,0.0288663277486804,0.0,0.0,0.0,0.0,0.0,0.21825155829555135,-7.740357360564985,5.571227864232441,30.0,31.480142085561667,0.4008485472350789,-2.806149406006222,3.9238618613382004,0.21825155829555135,-7.740357360564985,5.571227864232441,31.024554681013555,32.45800885578706,0.3100000000000001
0.0,0.0,0.0,0.0,0.0,0.0,0.0,0.0,0.0,0.0,0.0,0.0,0,0.0,-1.5707963267948966,nan,0.2370835715957209,-0.1950323299505619,-0.09982455886400488,0.002064775326720225,-1.5708030384514702,0.24737172734651502,-0.20415300560422064,2.451623419297306,-0.10083174351063415,0.3184237264504051,-0.2157300060576295,0.16641705870892587,0.1648016887765641,0.01378576418064109,0.010288155750794115,-0.009120675653658733,-0.0010071846466292722,0.0033566555637401067,0.0025338612697521374,-0.002198799051929084,0.00010939089757954954,-5.747471146139587,-6.986774338592824,-0.11299093443669886,-0.054228072881436606,-1.570803150245251,2.453206549180956,-0.13225537477500737,-0.7888262492656862,-0.7675672427177724,0,zero,0,0.054228072881436606,0.056292848208157054,0.6899758347049557,1.2786226107058873,1.412831138825988,-0.44806945265355,0.04942543518738715,0.6883931333158175,1.2688627334861131,1.4368122963743715,-0.49014102950859517,0.13276198421915683,0.031797054655054106,-0.029285570157783655,0.02166274820773775,0.11294344711953269,-1.6033034451616923,6.165174740557302,13.608884715707525,1.0,-0.16883821785449982,6.823450354520588e-06,1.1179378089920533e-07,0.0,0.0,0.0,0,0.15361420968715206,0.6288851478917454,-8.957254225839899,-5.796440390641886,0.15361420968715206,-1.2594823626813534,-0.3159551541906145,3.667106139729555,-0.0007338594737065142,-0.0007900448949898709,-0.003045629008313759,-0.03919476658338687,0.06273040722313607,0.10668009152031976,0.0,0.0,0.0,0.0,0.0,0.2880446459537822,4.192567652611636,-29.857514086132998,-19.32146796880629,35.81132314105451,1.8883675105730988,-8.641299071649284,-9.463546530371442,0.2880446459537822,4.192567652611636,-29.857514086132998,-19.32146796880629,35.81132314105451,0.3200000000000001
0.0,0.0,0.0,0.0,0.0,0.0,0.0,0.0,0.0,0.0,0.0,0.0,0,0.0,-1.5707963267948966,nan,0.24352311670737886,-0.20083836000966276,-0.10109020197182625,0.002261413231102294,-1.57080303224515,0.24713300396968968,-0.2045229782944674,2.450260214912828,-0.10090616139344727,0.8693043613052795,-0.6678268488483297,0.5436057368854108,0.11912252250082522,0.005161547140712806,0.003609887262310818,-0.003684618284804625,0.00018404057837898002,0.0036051781627475217,-0.0027580567080035022,0.0021543592473687303,0.0008655455007481219,-6.654831416400237,-8.069275903194598,-0.13368256134426137,0.04959120343752832,-1.570803434713885,2.4519610100516864,0.3566230025895654,-0.7893194381852686,-0.9668771888567251,0,zero,0,-0.04959120343752854,-0.047329790206426026,0.6913390378661329,1.2789491036072764,1.4125304339061966,-0.44784701904794927,0.13410893966761636,0.6896380784914765,1.256129985672205,1.4929066738832393,-0.3429601164347236,0.13989691521326741,0.03350590069342958,-0.030859443306998156,0.02282695356753305,0.13361910532106738,-0.9410615454450657,4.782140538291988,14.300524992784307,1.0,-0.12509892880916595,7.107918988502604e-06,4.024687347836675e-07,0.0,0.0,0.0,1,0.1449511558433599,1.1299411396282673,-9.0,-9.0,0.1449511558433599,-0.7355043541338182,-4.6558593668199535,0.0942517945110889,0.0019788320091885716,-0.0007905388458295448,-0.0038364706698949904,-0.02897074300628783,0.05635177838337382,0.12623471753028018,0.0,0.0,0.0,0.0,0.0,0.27180040473159556,7.532940930855116,-30.0,-30.0,43.0908235536032,1.8654454937620855,-4.3441406331800465,-9.09425179451109,0.27180040473159556,7.532940930855116,-52.44049195961145,-66.39646671294282,84.94301068043659,0.3300000000000001
0.0,0.0,0.0,0.0,0.0,0.0,0.0,0.0,0.0,0.0,0.0,0.0,0,0.0,-1.5707963267948966,nan,0.2509426109007746,-0.20757570034596012,-0.10108015195895931,0.002468420663876758,-1.570803025700457,0.24688107887912736,-0.20491215148713784,2.448825123201895,-0.10098450358488839,0.9957796598419242,-0.7671419283958036,0.6348167143626904,-0.008839220430806316,0.0048579505449995695,-0.004061532021647218,0.002663548858822279,9.564837407091686e-05,0.008969814131692443,-0.006940699767769841,0.005658336333764481,0.0005171868374097095,-4.069086756150018,-4.919232295565384,-0.15556489128047632,0.13343965030901628,-1.5708036383638342,2.4504954017950618,0.5737642508497103,-0.7893194331567744,-0.9668800690185748,0,zero,0,-0.1334396503090165,-0.13097122964513952,0.6927741282919161,1.2792928138114583,1.412213871589098,-0.4476128556107883,0.23760039040147798,0.6911031281808382,1.2535413387541623,1.5181164865846217,-0.23649049548034912,0.1471384331983639,0.035240274765284144,-0.032456828162675797,0.024008550706771298,0.15552125267036496,0.22416247375163775,0.7634822751805257,7.3717127818566155,1.0,-0.19899748265743256,7.311568937851121e-06,6.126633769198975e-07,0.0,0.0,0.0,1,0.08438947097933443,0.2916299140937438,-9.0,-9.0,0.08438947097933443,-0.3368983487913655,-7.03244421463746,-3.152724919109681,0.003183706763346982,-0.0007905388407932822,-0.0038364820980852383,-0.005387451579171505,0.022437045162745705,0.08070131285539706,0.0,0.0,0.0,0.0,0.0,0.15824014809550802,1.9441994272916254,-30.0,-30.0,42.471224980656615,0.6285282628851092,-1.9675557853625403,-5.847275080890319,0.15824014809550802,1.9441994272916254,-44.86199264627818,-75.58337735834016,87.91615476376066,0.34000000000000014
0.0,0.0,0.0,0.0,0.0,0.0,0.0,0.0,0.0,0.0,0.0,0.0,0,0.0,-1.5707963267948966,nan,0.2559278547539848,-0.21241259398042517,-0.10150142393099185,0.002685947046290771,-1.5708030188109603,0.24661567551232552,-0.20532075688980353,2.4473171083032255,-0.1010668266156303,0.6877057457787803,-0.5250647220012034,0.442828823179936,0.033894894129063435,0.011713228008334242,-0.009312179241659252,0.007091837090621639,0.0004345973153615512,0.010545465947819108,-0.008113205234099669,0.006712535973403552,0.0005697487970617921,0.8058167963998338,0.970932897982923,-0.17087412822292558,0.15343853127159868,-1.570803563997679,2.4488430146632516,0.5833393707826711,-0.208763109767681,-0.9668800690167944,0,zero,0,-0.15343853127159868,-0.1507525842253079,0.69428214184308,1.2796539894114538,1.4118812233772529,-0.4473667933208575,0.23455563906777963,0.6927553477139654,1.262718286175096,1.4962568263556715,-0.22917431797832855,0.15448054725987734,0.036998742021333915,-0.034076403206838746,0.02520656208903946,0.17087546560096906,1.3491702852815877,-4.151103864717346,-4.0636978060113025,1.0,-0.2871986925601959,7.237202782395258e-06,5.451867188810411e-07,0.0,0.0,0.0,1,0.034041914947486776,-1.0993732854040963,-4.2151720399914,-9.0,0.034041914947486776,-0.3059099921518107,-6.535481928368278,-5.385863203352818,0.0032368372503811258,-0.00020908562473383825,-0.0038364820980781736,0.029133393263618405,-0.036252558477516794,-0.018663263400980373,0.0,0.0,0.0,0.0,0.0,0.06383258006279163,-7.329155236027309,-14.050573466638003,-30.0,33.928442431291415,-0.7934632932522856,2.320309888376878,-3.6141367966471822,0.06383258006279163,-7.329155236027309,-14.050573466638003,-45.07088201465991,47.77576384939177,0.35000000000000014
0.0,0.0,0.0,0.0,0.0,0.0,0.0,0.0,0.0,0.0,0.0,0.0,0,0.0,-1.5707963267948966,nan,0.2557009816498435,-0.21297863290769747,-0.10260004960346158,0.0029141332052109448,-1.5708030115703842,0.2463365212444845,-0.20574900634452203,2.445735193937395,-0.10115318376023899,0.1022940287271168,-0.005228116369976332,0.013778947255380092,0.10122685278610433,0.011918642527351548,-0.009364460405359015,0.00722962656317544,0.0014468658432225945,0.0071707743253801625,-0.005434039983275827,0.004558815061135371,0.0010528148574446884,5.543917089623799,6.656082742399302,-0.174577470062205,0.0938170710901336,-1.570803193380489,2.4470994564036985,0.1257480561813754,0.7870561837172437,0.466902993520442,0,zero,0,-0.09381707109013337,-0.09090293788492243,0.6958640547986265,1.280032864230197,1.4115322739161882,-0.4471086728788943,0.11476046913911929,0.6944992367800897,1.28050191139949,1.4329039597456499,-0.3343650096939206,0.1619173319577151,0.038779883293708,-0.03571686136432864,0.0264200208613826,0.17462031363230657,1.9540073174495227,-7.321487932381036,-14.029953534990819,1.0,-0.1569601595401764,6.866585592568697e-06,1.8181010474904724e-07,0.0,0.0,0.0,0,0.03285669595838877,-2.85639823867218,8.026746813626612,3.5404473984855978,0.03285669595838877,-0.6994823111236755,-1.3840534738402974,-4.309851018556761,0.000697751622464269,0.0007882720948939737,0.0018526237468125654,0.04521534911732284,-0.07199041313129848,-0.10761240429171555,0.0,0.0,0.0,0.0,0.0,0.06161015555670124,-19.042654924481198,26.755822712088708,11.801491328285326,34.89664380648161,-2.1569159275485044,9.410800287466909,7.850298417042358,0.06161015555670124,-19.042654924481198,26.755822712088708,11.801491328285326,34.89664380648161,0.36000000000000015
0.0,0.0,0.0,0.0,0.0,0.0,0.0,0.0,0.0,0.0,0.0,0.0,0,0.0,-1.5707963267948966,nan,0.2500357986878365,-0.20898920735783963,-0.10204205637087027,0.003153111467566694,-1.5708030039726035,0.2460433472123646,-0.20619709191339283,2.4440784627520937,-0.10124362507247356,0.6997889126768935,0.5372008929887123,-0.4437511118728643,-0.06484345448258821,0.00493690894967443,-0.003992451475471892,0.0027921154444467966,0.0007984312983967123,0.00028397425607626386,-4.128097309791332e-05,8.072641861785364e-05,0.0002691105808237422,7.135952374189113,8.537585498217474,-0.16868897861978815,-0.012517385062636333,-1.570802803079762,2.445381096443963,-0.4971820187317495,0.7893194040376302,0.9668586765285431,0,zero,0,0.012517385062636333,0.015670496530202804,0.6975207845105283,1.2804296579773518,1.4111668208499677,-0.4468383446007483,0.07131410028996713,0.6962181485962847,1.298884916600248,1.361094211141942,-0.49412619955349646,0.16944292732626068,0.040582295095948434,-0.03737691000280652,0.027647970854303813,0.16874429712777908,1.625280491304185,-6.543069750215134,-16.04488057952814,1.0,-0.09704247862100601,6.476284865719606e-06,-2.0089284147317699e-07,0.0,0.0,0.0,1,0.07390127355711017,-4.366607889143988,9.0,9.0,0.07390127355711017,-1.446924825901578,3.6415863159692186,-0.7983469891587409,-0.0027587667814901753,0.0007905388116291523,0.003836397214853419,0.042492340897864536,-0.07225770076763163,-0.13861374662993994,0.0,0.0,0.0,0.0,0.0,0.13857354876637945,-29.110719260959918,30.0,30.0,51.4534078416468,-2.91968306324241,5.358413684030781,9.798346989158741,0.13857354876637945,-29.110719260959918,55.779729904088896,65.7090502006305,90.97533030971049,0.37000000000000016
0.0,0.0,0.0,0.0,0.0,0.0,0.0,0.0,0.0,0.0,0.0,0.0,0,0.0,-1.5707963267948966,nan,0.24200431959525073,-0.20295241880997583,-0.09940432949472336,0.003403005754800459,-1.5708029960116416,0.24573588815519845,-0.20666518596836567,2.442346055667379,-0.1013381974205527,1.046133080611432,0.772402003541961,-0.6504882602836631,-0.2732299224226048,0.005607948737690089,0.0037315685599477177,-0.0037127671583898347,-0.0019338679258293356,0.0068633021725279615,0.005112777024156471,-0.0042752041780709325,-0.0016392245265641854,5.093070036540559,6.073128342429587,-0.1609036805190297,-0.10848349482116704,-1.5708026194500708,2.4437392486375455,-0.7455115637728918,0.7893194330510434,0.9668800689788292,0,zero,0,0.10848349482116681,0.1118865005759675,0.6992531900584752,1.2808445764061231,1.4107846746767652,-0.44655566831054677,0.20070577727123687,0.6978604811371311,1.3079954387393096,1.3190748425886472,-0.6230011464754612,0.1770515388743737,0.042404589623010164,-0.039055270932752864,0.028889466581764285,0.16094619262691537,0.3173468243426768,-2.2727379596311064,-9.881439072313785,1.0,-0.17432990670204163,6.292655174267026e-06,-3.7656157081400465e-07,0.0,0.0,0.0,1,0.1180261874701393,-4.221155263445365,9.0,9.0,0.1180261874701393,-2.2135481904840626,6.544846622984893,2.6378566017139944,-0.00413669935730946,0.0007905388406873878,0.003836482097927532,0.018615637593783235,-0.03773939762746944,-0.1001011704906199,0.0,0.0,0.0,0.0,0.0,0.22131293356485898,-28.141035089635764,30.0,30.0,50.911362536576,-2.007607072961302,2.4551533770151073,6.362143398286006,0.22131293356485898,-28.141035089635764,53.23648002361287,82.11319247804987,101.82664690331539,0.38000000000000017
0.0,0.0,0.0,0.0,0.0,0.0,0.0,0.0,0.0,0.0,0.0,0.0,0,0.0,-1.5707963267948966,nan,0.2352633058080834,-0.19793410453387084,-0.09730503531126233,0.003663931677311938,-1.570802987681669,0.2454138822729529,-0.20715344128547053,2.4405371712209325,-0.10143694452239216,0.8738269660533321,0.6419007904921781,-0.5506569593209859,-0.21980412853004894,0.014321419148868551,0.010150576464869498,-0.009219336751599694,-0.004131909211129825,0.010382260718795604,0.007674274051823363,-0.006509661175214686,-0.0025536575327281806,0.5479422667864879,0.6512646590275757,-0.1568328889978293,-0.14762877064825108,-1.5708026737391432,2.44215730289239,-0.791117235444853,0.7870824460016559,0.9668800690167852,0,zero,0,0.14762877064825108,0.1512927023255628,0.7010620729046173,1.2812778114700736,1.4103856586044348,-0.4462605132338602,0.22629951660047648,0.6994426958764715,1.3002273555955284,1.331484145774225,-0.6575051933614121,0.18473743758538988,0.04424539475126108,-0.04075068040746757,0.030143573241183247,0.15684588085697176,-1.525031810874546,3.6578257944332404,1.2816859510474554,1.0,-0.32658156752586365,6.346944246615749e-06,-3.139425257536743e-07,0.0,0.0,0.0,1,0.15064673049341834,-2.0360705550946974,6.434054011548889,9.0,0.15064673049341834,-2.5077214865544906,7.050233456777451,5.07172926946648,-0.004389756401442098,0.0007882983977505912,0.0038364820980781376,-0.029295152505766274,0.02933211007046695,-0.015521857258914603,0.0,0.0,0.0,0.0,0.0,0.28248027469232767,-13.573803700631316,21.44684670516296,30.0,39.297521239941105,0.4716509314597932,-0.6161794452285623,3.9282707305335203,0.28248027469232767,-13.573803700631316,21.44684670516296,56.55587886563139,61.99082682032555,0.3900000000000002
0.0,0.0,0.0,0.0,0.0,0.0,0.0,0.0,0.0,0.0,0.0,0.0,0,0.0,-1.5707963267948966,nan,0.23278858815666958,-0.19648867755667487,-0.09751377567390163,0.0039359966289083115,-1.570802978976994,0.24507707110217572,-0.20766199114364453,2.4386510649133153,-0.10153990698081339,0.2898250948094611,0.21379064806366366,-0.19539768353699638,0.010577790421806288,0.017089747889165917,0.012288482945506135,-0.011173313586969658,-0.004026131306911762,0.00877598288703872,0.006529896535113671,-0.0056324565510126445,-0.0016290365481663356,-4.548363835078127,-5.388723422763478,-0.16394757970556326,-0.10761035383861017,-1.570802905307891,2.44055773170211,-0.2538994537117684,-0.7943413507852873,0.524589983667052,0,zero,0,0.10761035383861017,0.1115463504675187,0.7029481775483105,1.281729541479936,1.4099696084060842,-0.44595275789086736,0.13066314204300958,0.7010421838130483,1.2766455643563455,1.396723408259622,-0.5758292963214843,0.19249495991712134,0.04610335403848207,-0.04246188912307002,0.03140936671343803,0.16391869553873342,-2.728467728599666,7.926430283299123,12.249626661777658,1.0,-0.26562419533729553,6.578512994348529e-06,-7.36691028180303e-08,0.0,0.0,0.0,0,0.1778003775051589,1.0454055874509498,-7.831069519046677,0.6240714032752285,0.1778003775051589,-2.06603798834623,2.081349922031039,4.933459329008864,-0.0014088389208549612,-0.0007955685167062727,0.0020815198757963113,-0.06009804691514406,0.075826384590441,0.0901081637397437,0.0,0.0,0.0,0.0,0.0,0.33339654510624206,6.969370583006333,-26.103565063488926,2.0802380109174283,27.099940567931657,3.1114435757971797,-9.912419441077716,-4.309387925733636,0.33339654510624206,6.969370583006333,-26.103565063488926,2.0802380109174283,27.099940567931657,0.4000000000000002
0.0,0.0,0.0,0.0,0.0,0.0,0.0,0.0,0.0,0.0,0.0,0.0,0,0.0,-1.5707963267948966,nan,0.23580604417214845,-0.1997455095000848,-0.09816586869599772,0.004219299881246252,-1.5708029698920694,0.24472519940961843,-0.20819094942831665,2.436687048553223,-0.10164712231872375,0.43692740349970516,-0.3369327708036163,0.2727873658737806,0.0544877684185735,0.012766985255619432,0.008919155237469972,-0.008445439928231852,-0.003481253622726027,0.002946334645270135,0.002103323248552941,-0.0019329674684920228,-0.0007214956131310415,-7.220325690782524,-8.523924694045448,-0.1853482539488686,-0.00755100168839995,-1.5708032326736943,2.438801275111099,0.5708763575389799,-0.7893174171891769,-0.9670496563193363,0,zero,0,0.00755100168839995,0.01177030156964598,0.7049121921808614,1.282199931260428,1.4095363722756455,-0.44563228998952126,0.08169997714052074,0.7027981619579661,1.2497704827318747,1.4798126921517205,-0.419555732053555,0.2003185078018561,0.047977126723866864,-0.04418766221849894,0.03268593356286399,0.18528735653576806,-2.480769750794302,8.001734156639056,16.691927590592062,1.0,-0.20868265628814697,6.905878797702769e-06,2.6278162490456225e-07,0.0,0.0,0.0,1,0.17266035810614327,2.861591936282199,-9.0,-9.0,0.17266035810614327,-1.0720710090112173,-3.2149988120267814,1.7674449542479782,0.003167682402380643,-0.0007905368217112469,-0.0038371550033030432,-0.060707287175292834,0.08443063654522405,0.13986042158785417,0.0,0.0,0.0,0.0,0.0,0.3237584063494155,19.07727957521466,-30.0,-30.0,46.5193230335157,3.9336629452934164,-5.785001187973219,-10.767444954247978,0.3237584063494155,19.07727957521466,-63.85692511608341,-56.19601498839279,87.17652437068901,0.4100000000000002
0.0,0.0,0.0,0.0,0.0,0.0,0.0,0.0,0.0,0.0,0.0,0.0,0,0.0,-1.5707963267948966,nan,0.24155123441229245,-0.20544476178254362,-0.0972430614480781,0.004513932678279264,-1.5708029604214835,0.24435801510376928,-0.20874041073992813,2.434644489602739,-0.10175862501426747,0.8059234870201561,-0.6112374545993143,0.5149790970847334,-0.10343099434633463,0.006255368432047284,0.002806780691476829,-0.003295648957384517,-0.004515563566189373,0.0036147316316112958,-0.002667978854409084,0.002140760106544422,-0.0011684689842803566,-5.949309253719418,-6.99495005428486,-0.21143777069270447,0.09674636467856756,-1.5708035548949024,2.4367966375361947,0.8054812215394663,-0.7893194324252389,-0.9668800572400186,0,zero,0,-0.09674636467856779,-0.09223243200028808,0.7069547493402719,1.2826891323070666,1.4090858106834472,-0.44529900631871394,0.2245980598453769,0.7048021717964257,1.2317408300526693,1.541727371641947,-0.2713733276507485,0.20820254864635843,0.0498653877280222,-0.04592677927551253,0.033972371037254576,0.21138060846495127,-1.2757005297129964,4.641868808268396,12.548958082536949,1.0,-0.20173023641109467,7.22810000564067e-06,5.944734189355927e-07,0.0,0.0,0.0,1,0.1079946428504738,2.5919640200715905,-9.0,-9.0,0.1079946428504738,-0.04184756343476313,-6.347483452571221,-1.8772723926594825,0.004469459379817481,-0.0007905388400606166,-0.003836482051349121,-0.03789120824525462,0.05814743867766224,0.11906723044746716,0.0,0.0,0.0,0.0,0.0,0.20250261175787326,17.279760133810605,-30.0,-30.0,45.81081878322848,2.6338115835063536,-2.652516547428779,-7.122727607340518,0.20250261175787326,17.279760133810605,-69.78000399279024,-84.5303107234141,110.96510039566745,0.4200000000000002
0.0,0.0,0.0,0.0,0.0,0.0,0.0,0.0,0.0,0.0,0.0,0.0,0,0.0,-1.5707963267948966,nan,0.2463463723502102,-0.21047795384574008,-0.09619267891298541,0.0048199783307054656,-1.570802950559959,0.24397526916438747,-0.2093104505075575,2.4325228105225927,-0.1018744465359504,0.6934712810366733,-0.5177883877299561,0.44631522955670966,-0.1166204056775616,0.006266392717015061,-0.0023711031858227316,0.0011675033381825795,-0.005681767622964989,0.006999345610254727,-0.005221334003922702,0.004394829933070027,-0.0015536988288160445,-1.7138370356535744,-2.005901770546421,-0.23299047147054808,0.15205734750074518,-1.5708036805413041,2.434551409254416,0.8451532800288281,-0.7893194330274869,-0.9668800690168232,0,zero,0,-0.15205734750074518,-0.14723736917003993,0.7090764265659837,1.283197282942982,1.408617796231786,-0.4449528126414425,0.2891142019152178,0.7070470166946646,1.227932636420853,1.5579507077660193,-0.20364718978498994,0.21614161533186885,0.05176682765296774,-0.04767803431868844,0.03526778706786129,0.23297047736645987,0.2306495858293971,-0.5495990631587762,2.319399658872908,1.0,-0.2681398391723633,7.353746407368078e-06,7.299813451489001e-07,0.0,0.0,0.0,1,0.03772004379258325,1.2881497866668188,-9.0,-9.0,0.03772004379258325,0.5888366063622279,-7.840235779578935,-4.575965152779304,0.0046895919529804635,-0.0007905388406637949,-0.003836482098078288,-0.0065538248079149335,0.011818157977262427,0.04394537237548722,0.0,0.0,0.0,0.0,0.0,0.07072950270501266,8.587665244445459,-30.0,-30.0,43.28686864411896,0.6993131803045909,-1.1597642204210654,-4.424034847220696,0.07072950270501266,8.587665244445459,-46.7356350425505,-69.4911869293984,84.18430756798011,0.4300000000000002
0.0,0.0,0.0,0.0,0.0,0.0,0.0,0.0,0.0,0.0,0.0,0.0,0,0.0,-1.5707963267948966,nan,0.247574432176856,-0.2125630129115241,-0.09693379153476031,0.005137512310411596,-1.5708029403023533,0.24357671559007738,-0.209901125107827,2.4303214881174124,-0.10199461537773868,0.22944775581479454,-0.16266134009559063,0.1494384465514531,0.062094377998661576,0.006977056869292013,-0.003997716586778638,0.0026618878036971105,-0.005060823842978374,0.006042670153771153,-0.004557232501361926,0.003919206395422649,-0.0006207380654393701,3.854351307240899,4.489269160859591,-0.24524221238558605,0.1276068278687148,-1.570803456455504,2.432138357522745,0.8068820078046492,0.6150948899193903,-0.9668800690167947,0,zero,0,-0.12760682786871502,-0.1224693155583032,0.7112777470536235,1.2837245084757312,1.4081322135104994,-0.444593623587974,0.2244417303135072,0.709460203108797,1.2388877370030398,1.5198932449497522,-0.2552000581860055,0.22413030621410387,0.053680152782136045,-0.049440235815423686,0.03657130026939369,0.24527247573323,1.6345046296779724,-5.853077546041873,-10.135459379588099,1.0,-0.1599731296300888,7.129660607674282e-06,5.16153150442733e-07,0.0,0.0,0.0,0,0.018514172742602704,-0.6278145546952408,-1.8480910140879068,-6.284479476319364,0.018514172742602704,0.6306021121352755,-6.101821321142319,-5.746726370343479,0.004477232071650166,0.0006160451406980198,-0.003836482098078175,0.0340928122592921,-0.052201969103076507,-0.06803855644325538,0.0,0.0,0.0,0.0,0.0,0.03471624365760867,-4.185430364634939,-6.160303380293023,-20.948264921064546,22.232817488908932,-1.2584166668305163,4.253730307054412,-0.5377531059758844,0.03471624365760867,-4.185430364634939,-6.160303380293023,-20.948264921064546,22.232817488908932,0.4400000000000002
0.0,0.0,0.0,0.0,0.0,0.0,0.0,0.0,0.0,0.0,0.0,0.0,0,0.0,-1.5707963267948966,nan,0.2436328353980659,-0.2102262842867833,-0.09798117850636356,0.005466602344916138,-1.5708029296436608,0.24316211136389573,-0.21051247198926445,2.4280400528809807,-0.1021191570941338,0.4688546578775128,0.35269925526084656,-0.29480755061782604,0.09228452552081379,0.004174488149491125,-0.0004707240341701724,-0.0002861877024811499,-0.004137978587770236,0.0009634104846546125,-0.0006856131773611285,0.0006462767585493003,0.0002010489600326815,7.816171860812713,9.05832891018208,-0.24548997894714375,0.027477582156586022,-1.5708030106896775,2.429669770347288,0.09336824471076682,0.7894869985388168,0.9637262142511495,0,zero,0,-0.027477582156586244,-0.022010979811669884,0.7135591803097472,1.2842709213541126,1.4076289589525364,-0.44422136254901134,0.05263845610347727,0.7119293490178592,1.2609463367166478,1.4416268192051966,-0.41153711618095185,0.23216328512325649,0.05560408508037272,-0.051212206675934825,0.03788203994001946,0.24555084198490135,2.4638615119233283,-8.571340826872124,-18.071836068220456,1.0,-0.08512722700834274,6.683894780756816e-06,8.104601700864578e-08,0.0,0.0,0.0,1,0.059195245511820475,-3.0900781092048537,9.0,9.0,0.059195245511820475,0.048359385903757594,-0.4225591809180567,-3.057270527749893,0.0005180823164344668,0.0007907066650445451,0.0038239679220846206,0.05526274060685917,-0.08513752549424165,-0.14577007871701347,0.0,0.0,0.0,0.0,0.0,0.11099802271108283,-20.600520728032357,30.0,30.0,47.16347924853653,-3.138437495108611,9.422559180918057,12.057270527749893,0.11099802271108283,-20.600520728032357,38.6388894505908,43.31423269014234,61.59123562925093,0.45000000000000023
0.0,0.0,0.0,0.0,0.0,0.0,0.0,0.0,0.0,0.0,0.0,0.0,0,0.0,-1.5707963267948966,nan,0.23625864578094347,-0.20486157211279726,-0.09682565067279952,0.005807308511821763,-1.570802918579002,0.2427312164369402,-0.21114450980231067,2.425678088341489,-0.10224809433522222,0.9263919369763177,0.6943294690166912,-0.5996749987032257,-0.12844650746524633,0.010524845470567548,0.00647257065599674,-0.006282937689513407,-0.005422443662422699,0.005526360130378251,0.004164417143889514,-0.003560680164853229,-0.0007210013217284709,7.612717657872987,8.779540481910999,-0.23789541915414686,-0.09505450160888174,-1.5708026636157484,2.4272538393805223,-0.6220727933006593,0.7893194366738744,0.9668823504843425,0,zero,0,0.09505450160888174,0.1008618101207035,0.7159211428065856,1.2848366213249807,1.4071079406895295,-0.4438359615688583,0.15205818060914877,0.7143458829139634,1.2850026471736755,1.3624575216381025,-0.5891821736295265,0.24023528136399536,0.05753736219393615,-0.0529927842532577,0.039199146061364244,0.2379522360077783,2.2060964623739237,-6.937245365246761,-16.35155210224949,1.0,-0.20425379276275635,6.336820852048675e-06,-2.549632536208435e-07,0.0,0.0,0.0,1,0.12201962152793906,-4.5,9.0,9.0,0.12201962152793906,-0.9317696471059524,4.345739618171534,0.8595050274836025,-0.0034517615142324763,0.0007905388443158156,0.003836491150710125,0.054801976734880464,-0.07754544599884983,-0.14687660299522226,0.0,0.0,0.0,0.0,0.0,0.2288010904330378,-30.0,30.0,30.0,51.96202796214735,-3.5682303528940476,4.654260381828466,8.140494972516397,0.2288010904330378,-33.73451025802807,64.77919859516516,89.04186917480743,115.1645282587627,0.46000000000000024
0.0,0.0,0.0,0.0,0.0,0.0,0.0,0.0,0.0,0.0,0.0,0.0,0,0.0,-1.5707963267948966,nan,0.2289458130069603,-0.19945858397362892,-0.09485815373237003,0.006159683333251342,-1.5708029071036327,0.24228379372982137,-0.21179723853514604,2.4232352304067932,-0.10238144688170589,0.939250396788502,0.6865410066864336,-0.6055716872003708,-0.21008494869131644,0.0196658095679457,0.013337980722861076,-0.012338654561517115,-0.0075232931493358635,0.009917682077749172,0.007340226797513589,-0.0063996048058347806,-0.0018779101910120551,4.062360508466835,4.662967030037657,-0.23035839536461267,-0.18180626444727488,-1.5708025515212127,2.424920642989195,-0.813111355511091,0.7893194331168089,0.966880069019471,0,zero,0,0.18180626444727466,0.18796594778052622,0.718363998636788,1.2854216955900588,1.4065690784073672,-0.44343736123858507,0.2739613156590895,0.7166795060371135,1.2996146748503214,1.320608813834284,-0.703170603655847,0.24834108971546573,0.059478737450497775,-0.05478082034324769,0.040521769298511846,0.23039191503924641,0.8377175792287219,-2.0240830892602686,-7.370702066199883,1.0,-0.49181067943573,6.2247263161729904e-06,-3.5558241995303774e-07,0.0,0.0,0.0,1,0.16033333720377385,-4.5,9.0,9.0,0.16033333720377385,-1.9206577492948,6.909660840578177,3.9111840726936435,-0.004511797516246738,0.0007905388407532549,0.0038364820980887945,0.0299834269116539,-0.03636745123125564,-0.08345255692820526,0.0,0.0,0.0,0.0,0.0,0.3006437974944194,-30.0,30.0,30.0,51.96239396614606,-2.5793422507052,2.0903391594218226,5.0888159273063565,0.3006437974944194,-32.27006851784845,55.93966508888136,87.53442479862008,108.77945285724273,0.47000000000000025
0.0,0.0,0.0,0.0,0.0,0.0,0.0,0.0,0.0,0.0,0.0,0.0,0,0.0,-1.5707963267948966,nan,0.2245174823727988,-0.19650383029232457,-0.09534588900620986,0.006523771870299511,-1.5708028952129407,0.241819609151879,-0.21247063965553603,2.420711166709669,-0.10251923167991298,0.5385204411671934,0.39641460562191144,-0.36281548016943443,0.03499504756327432,0.02461218067207518,0.01730212677908019,-0.01596680936321146,-0.00717334267370312,0.010107534716144251,0.007522933856040234,-0.0066733620013961145,-0.001016840122156539,-1.4665047351237066,-1.6756092213929685,-0.2276756679727652,-0.19484979510851863,-1.5708026466336316,2.422638187441825,-0.8438662119450446,0.6426191824207264,0.9668800690168031,0,zero,0,0.19484979510851863,0.20137356697881792,0.7208880601681678,1.2860262189627552,1.4060123032017648,-0.4430255105891939,0.2683724707214971,0.718962110146284,1.2966776931144552,1.3374844299264985,-0.7022754873306369,0.25647557043128877,0.061426979859141945,-0.056575181184579555,0.04184907100000409,0.2276730318740901,-1.0558036106809685,4.184257014960076,5.355179252974823,1.0,-0.619988203048706,6.319838735002747e-06,-2.4857930913668724e-07,0.0,0.0,0.0,1,0.17265360027255214,-2.527411302876836,5.75705555455922,9.0,0.17265360027255214,-2.4251930702834588,6.991026632607509,5.88628020388344,-0.004682450261323723,0.0006436119550619323,0.0038364820980782087,-0.01930149697941516,0.03404335289338002,0.02735921475879903,0.0,0.0,0.0,0.0,0.0,0.323745734619449,-16.849408685845574,19.190185181864067,30.0,39.39886536028123,-0.10221823259337715,-1.233971078048289,3.11371979611656,0.323745734619449,-16.849408685845574,19.190185181864067,47.357368556830664,53.805120093770455,0.48000000000000026
0.0,0.0,0.0,0.0,0.0,0.0,0.0,0.0,0.0,0.0,0.0,0.0,0,0.0,-1.5707963267948966,nan,0.22490268556157827,-0.1977634428837436,-0.09872038411261286,0.006899611817473783,-1.5708028829024445,0.24133843163795762,-0.21316467625888136,2.418105635953064,-0.10266146287678929,0.33938211062350787,-0.08663807027008419,0.0565575988073691,0.3232263909526689,0.022866216136215436,0.01643574607637935,-0.015401233375137768,-0.003941078764176431,0.006190221426516373,0.004429861764976456,-0.004064663363425782,0.0014743397825895763,-6.551291969354391,-7.450429856020481,-0.23695621703359124,-0.12333630180336264,-1.5708028976834667,2.4203195990748814,-0.5227517048852776,-0.7756509612517123,-0.8031878860460936,0,zero,0,0.12333630180336286,0.13023591362083664,0.7234935886984469,1.2866502540249747,1.4054375574338376,-0.4426003669847842,0.1374518569392527,0.721280456925106,1.2781083938512883,1.4070565651362648,-0.5797591452770805,0.26463364923956206,0.06338087411036597,-0.05837474745874753,0.04318022319784089,0.23691101207608065,-2.187882473231242,8.206121390359929,15.939345581117662,1.0,-0.46354901790618896,6.570888570145428e-06,1.4781022183996129e-08,0.0,0.0,0.0,1,0.17416742864496929,0.3954458209586222,-9.0,-4.909579597262481,0.17416742864496929,-2.1843216226869564,1.5417459874349773,4.34200744765585,-0.002900648020384179,-0.0007768492526730095,-0.0031869681100599534,-0.049155198527315064,0.07943389317231125,0.12267754197848797,0.0,0.0,0.0,0.0,0.0,0.3265843402305818,2.6363054730574813,-30.0,-16.36526532420827,34.2765032202862,2.5797674436455784,-10.541745987434977,-9.251587044918331,0.3265843402305818,2.6363054730574813,-31.118842830481782,-16.36526532420827,35.25990714846705,0.49000000000000027
0.0,0.0,0.0,0.0,0.0,0.0,0.0,0.0,0.0,0.0,0.0,0.0,0,0.0,-1.5707963267948966,nan,0.22956225221092616,-0.20287861709130545,-0.10130714410978628,0.007287233597141007,-1.5708028701677947,0.24084003320251884,-0.2138792932226722,2.415418427255356,-0.10280815185487668,0.7205793117330477,-0.5157965084786664,0.4400557243771003,0.24400710190860264,0.01582580941665775,0.011277780991592684,-0.011000676131366766,-0.0015010077450904047,0.002659089765960694,-0.00048454462588668444,0.0002235336251892473,0.0026049966616813513,-8.054436144199537,-9.113894776789401,-0.2599000859456786,-0.005465037116761939,-1.5708032459779204,2.417823289177287,0.31287218957465707,-0.7893202128410449,-0.9668809110819881,0,zero,0,0.005465037116762161,0.012752270713902725,0.7261807951100008,1.287293851283935,1.4048447945856708,-0.44216189601571815,0.09892503640511104,0.7237761823496695,1.2571443766580281,1.489347673840655,-0.40056077532618917,0.272810317342859,0.06533922057608,-0.06017841429006521,0.04451440860748019,0.2598323795448475,-1.8769200944038338,7.693085132777724,17.97910277545923,1.0,-0.27392950654029846,6.919183023867959e-06,3.758101256856605e-07,0.0,0.0,0.0,1,0.14795308430970563,1.8573622382159176,-9.0,-9.0,0.14795308430970563,-1.408344337043304,-3.6940257104582623,0.6105941755960907,0.0017360672166954645,-0.0007905396216820751,-0.0038364854393075,-0.047882609858885844,0.08252734062771999,0.15439888485667938,0.0,0.0,0.0,0.0,0.0,0.2774293724164741,12.382414921439452,-30.0,-30.0,44.197298179225456,3.2657065752592214,-5.305974289541737,-9.610594175596091,0.2774293724164741,12.382414921439452,-67.55966041683706,-74.33248379020844,101.20784074568189,0.5000000000000002
0.0,0.0,0.0,0.0,0.0,0.0,0.0,0.0,0.0,0.0,0.0,0.0,0,0.0,-1.5707963267948966,nan,0.23520101459510545,-0.2090160097376528,-0.10137480206061736,0.007686660453969152,-1.5708028570047756,0.24032418901082592,-0.21461441736754572,2.4126493794956034,-0.1029593072672779,0.8189667813280018,-0.6154606575872218,0.540226850147385,-0.008349746157013116,0.0077524022621552795,0.005123174415720466,-0.005598407629892915,-0.0015845052066605358,0.006029414603315277,-0.004418280960592175,0.0037439084709667957,0.0016780295506823696,-5.622828811745359,-6.327297339284412,-0.28548469339935933,0.09802596198300484,-1.5708035674351013,2.4150739216837858,0.6984830298984768,-0.7893194341636602,-0.9668800690195645,0,zero,0,-0.09802596198300506,-0.09033930152903569,0.7289498405246028,1.2879570493289798,1.4042339791158933,-0.441710071391786,0.23975391345533414,0.7265249209547642,1.2445507911444627,1.5458289691146045,-0.25318205135255795,0.28100063141822945,0.06730083530960729,-0.06198509124566569,0.04585082062783805,0.28543175523262265,-0.7957600986513598,3.982851388677726,11.651778053406993,1.0,-0.2337757647037506,7.2406402047420215e-06,7.104303256788569e-07,0.0,0.0,0.0,1,0.08235704379068012,1.5631496196907022,-9.0,-9.0,0.08235704379068012,-0.5801403445952974,-6.607093629516739,-2.823486490413685,0.0038757471262415018,-0.0007905388418017235,-0.0038364820980891653,-0.02691587854168071,0.05238593946653745,0.11484180392702754,0.0,0.0,0.0,0.0,0.0,0.15442910892683315,10.420997464604682,-30.0,-30.0,43.68776758438203,2.1432899642859997,-2.392906370483261,-6.176513509586314,0.15442910892683315,10.420997464604682,-68.53309006712178,-91.50035389312882,114.79425174294668,0.5100000000000002
0.0,0.0,0.0,0.0,0.0,0.0,0.0,0.0,0.0,0.0,0.0,0.0,0,0.0,-1.5707963267948966,nan,0.23866534510064294,-0.21337084047223823,-0.10108944231326694,0.008097908549373756,-1.5708028434093064,0.23979067746689572,-0.2153699576251494,2.409798380658805,-0.10311493507260958,0.5397416327448153,-0.39978420494676814,0.3599290476981737,-0.04409875526820983,0.0030603044364489666,0.0011253323662527848,-0.0019991171529111784,-0.002025492759342634,0.0074785066379665635,-0.005600835848940729,0.0048868168709527305,0.0008232376310046245,-0.5651218538926888,-0.632106930852433,-0.30572250151924996,0.1392156310461219,-1.5708036480836813,2.4120937630604273,0.7885219399747089,-0.7893194332335963,-0.9668800690167934,0,zero,0,-0.1392156310461221,-0.13111772249674836,0.7318008369581691,1.2886398749883932,1.4036050863152483,-0.4412448748353715,0.2852687282881865,0.7295047936538239,1.244197683323238,1.554742961118725,-0.20343148176384998,0.28919971361719937,0.0692645500456839,-0.06379370233550145,0.04718866334128855,0.30571432958676176,0.4813414826728961,-1.3012443856491358,0.027991383569660577,1.0,-0.23274074494838715,7.32128878500049e-06,8.046743751322083e-07,0.0,0.0,0.0,1,0.034404008054622924,0.5400500194552118,-9.0,-9.0,0.034404008054622924,-0.06874016406075684,-7.945583042156552,-5.2069031776119,0.004375355609254461,-0.0007905388408702228,-0.0038364820980781697,0.00958929456694242,-0.008024047305053551,0.02712475558609996,0.0,0.0,0.0,0.0,0.0,0.06451154707411011,3.6003334630347457,-30.0,-30.0,42.57894506425392,0.6087901835159686,-1.054416957843448,-3.7930968223881,0.06451154707411011,3.6003334630347457,-42.115827439880924,-65.51083610240863,77.96396045973567,0.5200000000000002
0.0,0.0,0.0,0.0,0.0,0.0,0.0,0.0,0.0,0.0,0.0,0.0,0,0.0,-1.5707963267948966,nan,0.23802820435970962,-0.2141472653201736,-0.10201769479869277,0.00852098705596016,-1.570802829377441,0.23923928031787958,-0.2161458052130182,2.4068653671811475,-0.10327503856995046,0.07729198953837113,0.008574359191718117,5.772600665809868e-05,0.07681489880849435,0.002653635249778897,0.001211075958169966,-0.0019985398928445974,-0.0012573437712576907,0.005017069719458405,-0.003670232289431952,0.0032525061984236374,0.0010590500180507755,5.136185131815631,5.7090267778141435,-0.3163781896555455,0.09570448588522984,-1.5708033720614076,2.4089601958822384,0.7606652657268492,0.7522808025122778,-0.8447392707062555,0,zero,0,-0.09570448588522984,-0.0871834988292699,0.7347338479755038,1.2893423434862135,1.4029581021621649,-0.4407662959746175,0.1968653027599768,0.732638620242798,1.256190182056665,1.5104652988558362,-0.27922777331471804,0.29740275156577073,0.07122921220045884,-0.06560318601234442,0.048527151513663866,0.31641948772169565,1.6369417659978962,-6.303494493148752,-12.34596402716877,1.0,-0.09430096298456192,7.0452665110742885e-06,5.426839666533567e-07,0.0,0.0,0.0,0,0.04565199413772265,-1.094300259282221,-0.09196312296073081,-2.7910269040223756,0.04565199413772265,-0.03523559235760465,-5.5719457808343344,-5.44231330774564,0.00422078431612157,0.0007534429897293249,-0.003351839792192334,0.03523559235760465,-0.057494665279919435,-0.08760692585381555,0.0,0.0,0.0,0.0,0.0,0.08560283918567907,-7.295335061881474,-0.30654374320243605,-9.303423013407919,11.826956089548082,-1.0590646669246164,5.479982657873603,2.6512864037232644,0.08560283918567907,-7.295335061881474,-0.30654374320243605,-9.303423013407919,11.826956089548082,0.5300000000000002
0.0,0.0,0.0,0.0,0.0,0.0,0.0,0.0,0.0,0.0,0.0,0.0,0,0.0,-1.5707963267948966,nan,0.23268807062673352,-0.2106837331156461,-0.10207218542146382,0.008955898251966188,-1.57080281490537,0.23866978277449238,-0.21694183381666848,2.403850323295268,-0.10343961843378205,0.6396479310759696,0.4770636189588895,-0.4259560808177798,-0.01100892410605403,0.008764392599944427,0.005981712147758861,-0.0062581007010223955,-0.001367433012318231,0.0011765372522155753,0.0007323065032374529,-0.0006701835932543011,0.0006315227965005416,8.452980738465092,9.33593887215834,-0.31578103116276923,-0.015509708965860902,-1.5708029323793544,2.4057858136811388,0.13517947290740073,0.7894340013545477,0.9652121634745879,0,zero,0,0.015509708965860902,0.024465607217827312,0.7377488893450432,1.2900644585990475,1.4022930231783308,-0.4402743322365912,0.033478706771282056,0.7358136102317046,1.27672880568272,1.4317948572915187,-0.44857376878880073,0.3056049983644218,0.07319368487149412,-0.06741249517178595,0.04986551059425421,0.3158453356580279,2.2096474952042096,-8.331376182216708,-18.7158779104627,1.0,-0.1344708949327469,6.6055844580859e-06,1.1747398431793954e-07,0.0,0.0,0.0,1,0.10940104806443483,-3.3071052247971657,9.0,9.0,0.10940104806443483,-0.5397644002953738,0.12187898118509685,-2.3719658252493927,0.0007500847282200261,0.0007906535859857288,0.003829864017967714,0.050950003383471415,-0.08417562994593024,-0.15366326063465033,0.0,0.0,0.0,0.0,0.0,0.20513978635746266,-22.047368165314438,30.0,30.0,47.81347639890732,-2.767340824501792,8.878121018814904,11.371965825249394,0.20513978635746266,-22.047368165314438,42.350902708637385,55.50450917710228,73.2152854571801,0.5400000000000003
0.0,0.0,0.0,0.0,0.0,0.0,0.0,0.0,0.0,0.0,0.0,0.0,0,0.0,-1.5707963267948966,nan,0.2248448795832324,-0.20486371984480822,-0.09939806186036199,0.00940263761570792,-1.5708027999894252,0.23808197364707986,-0.217757899779123,2.4007532803755027,-0.1036086727489286,1.023531996445778,0.7255381916088599,-0.6636079233292375,-0.28431778762483817,0.018952830381991685,0.01323709406384746,-0.01289417993431477,-0.004210610888566613,0.0073528553718303176,0.005315717414735348,-0.0048622362947633065,-0.0014718317497661518,7.552953974423692,8.289714527233322,-0.3089810380937952,-0.1378333027863401,-1.5708026267761372,2.4026640160603376,-0.5519242916694029,0.7893194304503511,0.9668805880682905,0,zero,0,0.1378333027863401,0.14723594040204802,0.7408459296936007,1.2908062128128852,1.4016098562842638,-0.43976898874044956,0.18919137402377212,0.7389359981645461,1.296750395940633,1.3587376511210802,-0.6239329615417194,0.31380177258810693,0.07515684683776463,-0.06922059715223682,0.05120297671580789,0.3090359161320971,1.7082111039806136,-6.107987371694314,-15.614340148743153,1.0,-0.39595580101013184,6.2999812406872024e-06,-1.7321328815711468e-07,0.0,0.0,0.0,1,0.17210019436429824,-4.5,9.0,9.0,0.17210019436429824,-1.3976898683630785,4.656347576805947,1.4294909994510974,-0.003062521057457161,0.0007905388380826778,0.0038364841576218923,0.04521099466079561,-0.07070149497684745,-0.14276635557182143,0.0,0.0,0.0,0.0,0.0,0.32270803368516454,-30.0,30.0,30.0,51.96252630959165,-3.1023101316369215,4.343652423194053,7.570509000548903,0.32270803368516454,-32.23124327338137,62.81488742506764,93.93337718212541,117.50807042278524,0.5500000000000003
0.0,0.0,0.0,0.0,0.0,0.0,0.0,0.0,0.0,0.0,0.0,0.0,0,0.0,-1.5707963267948966,nan,0.21775795593041103,-0.1996262123792643,-0.09629931387139465,0.009861193920020606,-1.5708027846260788,0.23747564549687197,-0.21859384229807433,2.397574316283142,-0.10378219704549838,0.9465340917967703,0.6480595502613484,-0.6073449984495244,-0.32722722855371145,0.028364622457800213,0.019717689566460944,-0.018967629918810014,-0.007482883174103727,0.011160562270353273,0.007850314473046186,-0.007277577059226577,-0.0031571482403798578,3.462639413945401,3.7771778144246695,-0.3029238721350746,-0.21631287423931012,-1.570802549552941,2.3996129844762257,-0.7702532746789146,0.7893194330653034,0.9668800690164835,0,zero,0,0.21631287423931012,0.22617406815933094,0.7440248911611119,1.2915675874799126,1.4009086186548834,-0.43925027819060486,0.2956217620785558,0.7419874196849917,1.3052933076071886,1.3273655501950101,-0.7252417057070749,0.32198845828625683,0.07711759255965826,-0.07102647373492725,0.05253879669453128,0.3029525243580754,0.1733553309384036,-0.869148527591314,-5.819944554712017,1.0,-0.768883466720581,6.222758044405197e-06,-2.3507313784421058e-07,0.0,0.0,0.0,1,0.191329648126247,-4.103643162379655,9.0,9.0,0.191329648126247,-2.196719822853948,7.05121444654786,4.293537424688214,-0.004273986321827773,0.0007905388407016699,0.0038364820980769402,0.016414382954352526,-0.025908713118739688,-0.07186561094358214,0.0,0.0,0.0,0.0,0.0,0.35876551308128074,-27.35762108253104,30.0,30.0,50.48334521392895,-1.9069233395257075,1.94878555345214,4.706462575311786,0.35876551308128074,-27.35762108253104,48.95404081180045,85.47393149276985,102.22944400036059,0.5600000000000003
0.0,0.0,0.0,0.0,0.0,0.0,0.0,0.0,0.0,0.0,0.0,0.0,0,0.0,-1.5707963267948966,nan,0.21401463934068377,-0.19738718116858225,-0.09620875193682107,0.01033154932670155,-1.5708027688119481,0.23685059480194529,-0.219449483630896,2.394313554711686,-0.10396018433382836,0.4401442834720726,0.3118265894800576,-0.3094672543503735,-0.026854922290356353,0.032685023420103425,0.02283595546126152,-0.02206230246231375,-0.007751432397007291,0.010301730969878098,0.007299467707730987,-0.006902616244997113,-0.002279763394267053,-2.4772958866175516,-2.6860249286258746,-0.3026437606178728,-0.2163801387377149,-1.5708026545648943,2.3965934894449847,-0.8004602477408724,-0.2039153986149584,0.9668800690167902,0,zero,0,0.21638013873771467,0.22671168806441644,0.7472856500553788,1.2923485529753274,1.4001893375750825,-0.4387182207698899,0.27216947944236936,0.7450070018426292,1.2958323184368288,1.355049451449094,-0.7070860417935643,0.33016050498277794,0.07907483217897575,-0.07282912114390684,0.05387222803008876,0.30263313013205195,-1.655176871734941,5.106865511431002,7.105691481698765,1.0,-0.8957329392433167,6.327769997760413e-06,-1.1424705359530662e-07,0.0,0.0,0.0,1,0.17854478098553153,-1.4544123958402027,2.7482658223789684,9.0,0.17854478098553153,-2.4177109928707234,6.056424102506518,6.119064718910836,-0.004441598968128363,-0.0002042304244255838,0.0038364820980781576,-0.032855041107519065,0.04376392866098622,0.041669398693151685,0.0,0.0,0.0,0.0,0.0,0.33479238887217616,-9.696082638934685,9.160886074596561,30.0,32.83364034274047,0.9632985970305208,-3.3081582801275493,2.8809352810891644,0.33479238887217616,-9.696082638934685,9.160886074596561,40.7092403544094,42.840286978374806,0.5700000000000003
0.0,0.0,0.0,0.0,0.0,0.0,0.0,0.0,0.0,0.0,0.0,0.0,0,0.0,-1.5707963267948966,nan,0.21561995529678032,-0.20010119593572978,-0.0991220647538614,0.01081367948095413,-1.5708027525437949,0.23620662213737945,-0.22032462930771224,2.390971164532098,-0.10414262513943817,0.39872798714451624,-0.22492886206623985,0.1838869090331291,0.27308720114305185,0.02929170762420757,0.02058666684059912,-0.020223433371982458,-0.005020560385576772,0.004768790193454591,0.003360837768247322,-0.003369867165668037,0.00030020774550884935,-7.562076183796448,-8.148648326757534,-0.3144990116378771,-0.1311318756344384,-1.570802886491241,2.3935104139000374,-0.160078602195637,-0.7885156878526236,-0.9743780539656026,0,zero,0,0.13113187563443862,0.14194555511539253,0.7506280375068151,1.2931490688541518,1.3994520502952994,-0.4381728440327236,0.13700649783570734,0.7480897464222849,1.2729201841224056,1.4295252933481482,-0.5702740544827792,0.3383134276760535,0.08102749151893089,-0.07462755004604475,0.055202538905602894,0.31444510552527827,-2.503508615697876,8.390392621185683,17.003785705499393,1.0,-0.6630021929740906,6.559696344332622e-06,1.339474460237966e-07,0.0,0.0,0.0,1,0.15516620765192832,1.3903487698266328,-9.0,-7.4232255766619275,0.15516620765192832,-1.8959267849817198,0.5755613216349051,3.983318430892907,-0.0008882451768694712,-0.0007897338537951853,-0.0038662333422598994,-0.05710968706311665,0.08261450800838069,0.13317745331257855,0.0,0.0,0.0,0.0,0.0,0.2909548240238671,9.268991798844219,-30.0,-24.74408525553976,39.97835187711075,3.286275554808353,-9.575561321634906,-11.406544007554835,0.2909548240238671,9.268991798844219,-39.8851663788592,-24.74408525553976,47.84448887676996,0.5800000000000003
0.0,0.0,0.0,0.0,0.0,0.0,0.0,0.0,0.0,0.0,0.0,0.0,0,0.0,-1.5707963267948966,nan,0.22126075392000466,-0.20668895818015684,-0.1010024131232366,0.011307553605827803,-1.5708027358185326,0.23554353236906417,-0.22121906835273106,2.3875473591380585,-0.10432950753799214,0.8661452816949214,-0.6303888391539614,0.569332319940824,0.1693465970821234,0.020644404062524085,0.014282778449059508,-0.014530110172574218,-0.003327094414755538,0.0028261524811871953,-0.001958567313771427,0.0015462340357495809,0.0013267675874230125,-8.477296450981537,-9.075045000208211,-0.33802480659313017,-0.006814673967205698,-1.5708032009593182,2.3902338221891206,0.5854792819872238,-0.7893194051544058,-0.9668742532276668,0,zero,0,0.00681467396720592,0.018122227573033278,0.7540518401231904,1.2939690840080478,1.3986968038870902,-0.4376141827982764,0.12882331388109539,0.7513656957058441,1.2504076085715594,1.509501742163387,-0.38849296193744415,0.3464428068389423,0.0829745120841503,-0.0764207855510294,0.056529008187654176,0.33795389066175463,-1.9361044054995133,7.215224749654663,17.697696830040282,1.0,-0.39950862526893616,6.874164421688533e-06,4.6514078544390713e-07,0.0,0.0,0.0,1,0.11338124629691845,2.4692283766621306,-9.0,-9.0,0.11338124629691845,-0.9489218576376551,-4.238916531084476,0.03535523805568913,0.0032487112034285787,-0.0007905388127476532,-0.003836459021616481,-0.050068752641435836,0.07911757664097831,0.1542417351444443,0.0,0.0,0.0,0.0,0.0,0.21260312450200347,16.461522511080872,-30.0,-30.0,45.50853681971516,3.4181502342997856,-4.761083468915524,-9.03535523805569,0.21260312450200347,16.461522511080872,-70.85560562005318,-79.80639356292333,107.98427767400258,0.5900000000000003
0.0,0.0,0.0,0.0,0.0,0.0,0.0,0.0,0.0,0.0,0.0,0.0,0,0.0,-1.5707963267948966,nan,0.22731017809024026,-0.21384528610227896,-0.10059584999329768,0.011813134596662334,-1.5708027186332287,0.23486113486058408,-0.22213257351404483,2.3840423957912202,-0.10452081719027975,0.9200419066576292,-0.6731821678715694,0.6242822760808342,-0.059787278222653284,0.011878613062567512,0.007550956770343814,-0.008287287411765876,-0.003924967196982071,0.0077814841967318695,-0.0057833567964943045,0.005183530288643771,0.0004850713505697773,-5.420646537167652,-5.762004082308485,-0.3623760582700444,0.09412877543032283,-1.570803468495319,2.3867081031425865,0.7903695296765308,-0.7893194329503677,-0.9668800690168291,0,zero,0,-0.09412877543032305,-0.08231564083366028,0.7575568006443755,1.2948085368221303,1.397923655098699,-0.4370422790436357,0.25251293363869937,0.7548907931458997,1.2383224467743175,1.5585476623408947,-0.2505887352655414,0.35454428841877955,0.08491485106067359,-0.07820786721136874,0.05785092542628126,0.3623258007593012,-0.6792386882398178,3.0915403624950306,10.323314921697815,1.0,-0.30746933817863464,7.141700422153008e-06,7.49862090199116e-07,0.0,0.0,0.0,1,0.05623716381142893,1.898057959094788,-9.0,-9.0,0.05623716381142893,-0.07724978942992818,-6.861513843283698,-3.279089432511739,0.004385607526868481,-0.0007905388405865566,-0.0038364820980783115,-0.025101289995949128,0.044627786795286124,0.10544946335830047,0.0,0.0,0.0,0.0,0.0,0.10545127285098244,12.653719727298586,-30.0,-30.0,44.273329927937105,1.9753077485247161,-2.1384861567163016,-5.720910567488261,0.10545127285098244,12.653719727298586,-66.38927663087966,-90.3075566112141,112.7968021513335,0.6000000000000003
0.0,0.0,0.0,0.0,0.0,0.0,0.0,0.0,0.0,0.0,0.0,0.0,0,0.0,-1.5707963267948966,nan,0.23079980432881264,-0.21876146687413925,-0.10032579129154748,0.012330379115529588,-1.5708027009851047,0.23415924369257635,-0.22306490150210168,2.380456574966459,-0.10471653737720865,0.580145250310831,-0.41915174065801086,0.3983852783803449,-0.046577888867910255,0.007005999830481022,0.0033594393637637054,-0.004303434627962427,-0.0043907460856611735,0.0090158239694911,-0.00663816735550018,0.0061007910283347455,1.2838917877323885e-05,0.1279887134898824,0.13505217212626774,-0.38083933555686283,0.12664655005226844,-1.5708034762382488,2.3829670153227096,0.8295918483343232,-0.78931943307009,-0.9668800690167928,0,zero,0,-0.12664655005226866,-0.11431617093673907,0.7611426185970869,1.2956673553317815,1.397132670210632,-0.43645718179697096,0.27644211740252045,0.7586316495262952,1.2399983271927797,1.5570115839703935,-0.2179311386136191,0.3626135838373768,0.08684748131595334,-0.07998784902239017,0.05916759085498085,0.3808364562187943,0.7411508515724511,-2.4326839974190673,-1.8775961570223019,1.0,-0.26241251826286316,7.1494433520058465e-06,7.752531443472321e-07,0.0,0.0,0.0,1,0.036683526026991466,0.6199663878697522,-9.0,-9.0,0.036683526026991466,0.3688065492592686,-8.050616998628898,-5.505518943117158,0.004603244580763065,-0.0007905388407064639,-0.0038364820980781675,0.014481709663742988,-0.018282357474022907,0.012342944894744095,0.0,0.0,0.0,0.0,0.0,0.06878591042001025,4.133109252465015,-30.0,-30.0,42.627307252444226,0.25115983861048363,-0.9493830013711015,-3.494481056882842,0.06878591042001025,4.133109252465015,-36.231392532617505,-58.71516204611755,69.11780799872591,0.6100000000000003
0.0,0.0,0.0,0.0,0.0,0.0,0.0,0.0,0.0,0.0,0.0,0.0,0,0.0,-1.5707963267948966,nan,0.23009057006628045,-0.21978819830505222,-0.10131766847841359,0.012859237685672209,-1.5708026828715431,0.23343767789393813,-0.22401579323703605,2.376790239697132,-0.1049166490348255,0.07954849964494708,-0.0012331536106024998,0.0075839695978602295,0.07917655292492554,0.006482927638369386,0.0033471078276576804,-0.004227594931983825,-0.003598980556411918,0.00606388845348445,-0.004425832721423555,0.004110478749544429,0.0005354552715421436,5.819122883507419,6.091969721801426,-0.38923063323699636,0.07350947076919057,-1.5708031431266998,2.379092422352246,0.6836893500504646,0.789253425838297,-0.22899439908388647,0,zero,0,-0.07350947076919034,-0.06065023308351858,0.7648089509496316,1.2965454573794657,1.3963239248912265,-0.43585894703069966,0.16853171001213152,0.7625065400692926,1.2552118484005803,1.5017799169421766,-0.3110863430942512,0.3706464699910213,0.08877139139885494,-0.08175979942224039,0.06047831539070765,0.38927330334988297,1.9816264517454705,-7.277242191716906,-13.720237475064758,1.0,-0.11023468524217606,6.8163318029945685e-06,4.602551566534885e-07,0.0,0.0,0.0,0,0.08310768792103132,-1.3386688991709776,2.4393728558918433,0.311663351291622,0.08310768792103132,0.27183015051607595,-4.775131195756904,-5.013261483442972,0.003793659860405131,0.0007904727315010983,-0.0009086265616570897,0.042452696739485735,-0.06751733950191884,-0.1008694149128344,0.0,0.0,0.0,0.0,0.0,0.1558366546428489,-8.924459327806519,8.131242852972811,1.03887783763874,12.118854601494375,-1.6104990496870535,7.214504051648747,5.324924834734594,0.1558366546428489,-8.924459327806519,8.131242852972811,1.03887783763874,12.118854601494375,0.6200000000000003
0.0,0.0,0.0,0.0,0.0,0.0,0.0,0.0,0.0,0.0,0.0,0.0,0,0.0,-1.5707963267948966,nan,0.2251356338947743,-0.21673801347850957,-0.1012211611670662,0.013399654785948734,-1.5708026642900916,0.2326962616842221,-0.22498497410505103,2.3730437749203284,-0.10512113078935534,0.5830921494306727,0.42135199617901187,-0.40193656945576306,-0.030098906587722185,0.011848426697290802,0.007560627789447799,-0.008246960626541455,-0.00389996962228914,0.0002190587652513839,-0.000141291769847127,6.06347202942014e-05,0.00015603464071087345,8.474214451242256,8.802658483422373,-0.38709868687746396,-0.038564072116288095,-1.5708026995538993,2.375199545556031,-0.11817461380042871,0.7893197484746652,0.9671774960164852,0,zero,0,0.038564072116288095,0.05196372690223683,0.7685554127666517,1.2974427507715425,1.3954975040522257,-0.4352476375546524,0.056606654962260555,0.7663999823883468,1.2789475771285475,1.4170271986790448,-0.48417685486999557,0.37863878925047717,0.09068558553965696,-0.08352280129188575,0.06178242063387456,0.3871568970260508,2.497830318596423,-8.686333122749513,-18.407302125907847,1.0,-0.185843363404274,6.372759002726269e-06,3.526380787377548e-08,0.0,0.0,0.0,1,0.17237093465240302,-3.7824537340313653,9.0,9.0,0.17237093465240302,-0.40986439264531643,0.9405688832858579,-1.671361249297608,-0.0006557280566977876,0.0007905391565983028,0.003837662258261804,0.057478712197048386,-0.0886742411963542,-0.15386549410942604,0.0,0.0,0.0,0.0,0.0,0.3232157034547216,-25.21635822687577,30.0,30.0,49.35553860122575,-3.372589341386049,8.059431116714142,10.671361249297608,0.3232157034547216,-25.21635822687577,50.197709950541395,63.845976469644356,85.04168381598608,0.6300000000000003
0.0,0.0,0.0,0.0,0.0,0.0,0.0,0.0,0.0,0.0,0.0,0.0,0,0.0,-1.5707963267948966,nan,0.2183595116776812,-0.21183429367520476,-0.09885299329394243,0.01395156894527183,-1.570802645238462,0.2319348247265445,-0.22597215422403347,2.3692176068221222,-0.1053299589922744,0.8804547088872563,0.6014685259415509,-0.5890899922287252,-0.2576996076042837,0.02064265753070894,0.013575313048863308,-0.014137860548828707,-0.006476965698331977,0.005738265856544098,0.003908677757203518,-0.003879976363596674,-0.0016111227913021943,6.897946331459515,7.110508743255324,-0.3805631474151459,-0.15121760176055954,-1.5708024097691429,2.371365254320986,-0.678594922829391,0.7893194330961584,0.9668800470183634,0,zero,0,0.15121760176055954,0.16516917070583137,0.7723815778638696,1.2983591334350817,1.3946535017043484,-0.4346233229092382,0.21939815047233088,0.7702347736171533,1.3010886980711036,1.3437177685271995,-0.6479986734650367,0.3865864494609839,0.09258908365005065,-0.08527595195511178,0.06307923886835241,0.3806084497149195,1.8662811306262406,-5.94162869732468,-13.981959420156127,1.0,-0.4625440537929535,6.082974246091055e-06,-2.3546931915419123e-07,0.0,0.0,0.0,1,0.23158742136589755,-4.5,9.0,9.0,0.23158742136589755,-1.3772629890588592,5.11873236617818,1.985366374600824,-0.0037653918698931895,0.0007905388407325725,0.0038364820107906297,0.04912645835734589,-0.06999812684752581,-0.13125128344139142,0.0,0.0,0.0,0.0,0.0,0.43425355590830217,-30.0,30.0,30.0,51.96333877024088,-3.1227370109411408,3.88126763382182,7.014633625399176,0.43425355590830217,-34.35073730771078,66.10391534448706,94.02202738848037,119.95845525783264,0.6400000000000003
0.0,0.0,0.0,0.0,0.0,0.0,0.0,0.0,0.0,0.0,0.0,0.0,0,0.0,-1.5707963267948966,nan,0.21276084810158163,-0.20796594957048606,-0.09688652565800862,0.014514912837052085,-1.5708026257145433,0.23115320239030612,-0.22697702871856956,2.3653122021828294,-0.1055431077554124,0.7190471018629374,0.48170412398611806,-0.4873218599254797,-0.21796163990717987,0.027832287729645026,0.01839235428872449,-0.019011079148083504,-0.008656582097403775,0.008603262341029939,0.005806868519878671,-0.00582515346818312,-0.0025226945858625484,2.294630709867844,2.3475551309315286,-0.3754203222135485,-0.21312421533164705,-1.5708023395188853,2.3675950932560106,-0.8150785874184856,0.7893194330944793,0.9668800690168117,0,zero,0,0.21312421533164727,0.22763912816869913,0.7762869794628324,1.2992944935746769,1.3937920208128611,-0.43398607925861027,0.30453647788054117,0.7740052249687431,1.3105053676142344,1.3160075260806843,-0.7281988400947833,0.39448542394225744,0.09448092132314029,-0.08701836317852359,0.06436811306147015,0.37543897816523597,0.22092731104349994,-0.39654357913831695,-3.458348702823331,1.0,-0.7619644999504089,6.012723988924051e-06,-2.8619565828336135e-07,0.0,0.0,0.0,1,0.22667052034551613,-4.165300177547115,9.0,9.0,0.22667052034551613,-2.2213286180193834,7.268538739450276,4.658024587604533,-0.004522713305300114,0.0007905388407308907,0.0038364820980782426,0.017784818120512868,-0.021896446239181726,-0.05358321908498104,0.0,0.0,0.0,0.0,0.0,0.425033790259734,-27.7686678503141,30.0,30.0,50.707786067860724,-1.9439715595277316,1.7314612605497244,4.341975412395467,0.425033790259734,-27.7686678503141,48.16582232583713,78.53928197424301,96.22704828299419,0.6500000000000004
0.0,0.0,0.0,0.0,0.0,0.0,0.0,0.0,0.0,0.0,0.0,0.0,0,0.0,-1.5707963267948966,nan,0.21066680284819986,-0.20746880050061348,-0.09821110529173666,0.015089613373635569,-1.5708026057163953,0.230351236022991,-0.2279992780045268,2.36132806772226,-0.10576054898609205,0.22811827316158037,0.12920788860666665,-0.15193983558298152,0.110713840304838,0.029427393973061086,0.019684433174791155,-0.02053047750391332,-0.0075494436943553955,0.006862648298279585,0.004724270198218106,-0.004887717194860974,-0.0009420368268641668,-3.996359758698194,-4.058019636574831,-0.37614946652023196,-0.19333682607601976,-1.570802451029325,2.3638467606738844,-0.832423402381295,-0.4924217594870375,0.966880069016793,0,zero,0,0.19333682607601954,0.20842643944965555,0.7802711108456564,1.3002487098292594,1.3929131731531506,-0.4333359892838311,0.2551862782635511,0.7777535465453687,1.301374948170854,1.3488714716926786,-0.6846779050154914,0.4023317514884904,0.09636014983344321,-0.08874916117154574,0.06564839686401484,0.3761290897075321,-1.6114344728686163,5.607579245484261,9.691619916654105,1.0,-0.7103627920150757,6.1242344284728745e-06,-1.5468707026400352e-07,0.0,0.0,0.0,0,0.183418977564209,-1.4202400084443956,1.6859904064745004,8.788111029497848,0.183418977564209,-2.4506156870067244,5.798649268402566,6.294330365817183,-0.004618956326060504,-0.0004931824944045849,0.0038364820980781684,-0.0321785304952404,0.04868181029365092,0.06259042246689334,0.0,0.0,0.0,0.0,0.0,0.34393207868780984,-9.468266722962637,5.619968021581668,29.293703431659495,31.296508835931398,1.0303756785623288,-4.1126588619280655,2.493780663680665,0.34393207868780984,-9.468266722962637,5.619968021581668,29.293703431659495,31.296508835931398,0.6600000000000004
0.0,0.0,0.0,0.0,0.0,0.0,0.0,0.0,0.0,0.0,0.0,0.0,0,0.0,-1.5707963267948966,nan,0.21387896559564779,-0.2122473273375063,-0.10179908015681471,0.015675591800746513,-1.570802585242261,0.2295287732303117,-0.22903856808335005,2.357265749444969,-0.10598225242230672,0.6449176545476757,-0.40346255401272346,0.37392367580695585,0.3366271428863393,0.023331548919642054,0.01564980763466392,-0.01679124074584376,-0.004183172265492002,0.00184323953628631,0.00045895081612386604,-0.0007643009013175925,0.0016133010471555903,-9.068734892667925,-9.138553806102205,-0.3884326053332716,-0.0888071719933814,-1.5708027123190769,2.360026603733912,-0.19586370564399735,-0.7892891711500581,-0.966833023231085,0,zero,0,0.0888071719933814,0.10448276379412791,0.7843334260097726,1.3012216514289137,1.3920170791662954,-0.4326731420760381,0.10011184089151237,0.7815732779582877,1.2794733721628557,1.427073432133298,-0.5238478465452046,0.4101215363683507,0.09822583613688948,-0.0904674865864221,0.06691945461023154,0.38837021969373714,-2.360014965226959,8.657258117841575,19.17183714096546,1.0,-0.4588831067085266,6.385524180529956e-06,1.2707681573687069e-07,0.0,0.0,0.0,1,0.1336076436757639,1.2767493384933346,-9.0,-9.0,0.1336076436757639,-1.9404381102930053,0.26336389025942175,3.7388717119785806,-0.0010868097889150873,-0.0007905085320352502,-0.0038362954251696633,-0.05451844860089066,0.08566237207829595,0.15199165885858845,0.0,0.0,0.0,0.0,0.0,0.25052999001643333,8.51166225662223,-30.0,-30.0,43.27252199313907,3.2171874487863397,-9.263363890259422,-12.73887171197858,0.25052999001643333,8.51166225662223,-44.2242927379439,-38.31129991777037,59.12744649659255,0.6700000000000004
0.0,0.0,0.0,0.0,0.0,0.0,0.0,0.0,0.0,0.0,0.0,0.0,0,0.0,-1.5707963267948966,nan,0.22050521006389084,-0.22058539710966166,-0.1032249088129355,0.016272763791925993,-1.5708025642905685,0.2286856681639253,-0.23009455084620892,2.3531258319855124,-0.10620818566794302,1.0500462974437652,-0.7469349534629466,0.7282087009296501,0.11998954104844861,0.012893558093301227,0.008180458100034455,-0.00950915373654726,-0.002983276855007516,0.006639607771666943,-0.00466534203588061,0.00433751384641852,0.001872150817095953,-9.508352361021588,-9.504985327101169,-0.4111579835209571,0.04875443872022345,-1.5708030815500071,2.35601444673731,0.5486280174304409,-0.7893194330432809,-0.966880160264164,0,zero,0,-0.04875443872022345,-0.032481674928297455,0.788473340322671,1.30221317835169,1.3911038678146372,-0.4319976330296089,0.1637068020683454,0.7855847139730736,1.2588380714509344,1.5080199579127047,-0.32597498988775253,0.41785094832498326,0.10007706287082234,-0.09217249451821612,0.06818066131782341,0.4110820093216869,-1.731731261161454,7.209001893215765,18.921732990203594,1.0,-0.25118952989578247,6.754755110804922e-06,5.172594388369589e-07,0.0,0.0,0.0,1,0.08162179992059049,2.1196593917080775,-9.0,-9.0,0.08162179992059049,-1.0441555637045272,-4.420384635090419,-0.34909414641586933,0.0030442306697711237,-0.0007905388406796133,-0.0038364824601384863,-0.04582171180411172,0.07951822769054785,0.16570874288770748,0.0,0.0,0.0,0.0,0.0,0.15305044050363864,14.131062611387184,-30.0,-30.0,44.718121102795486,3.1638149554126045,-4.579615364909581,-8.650905853584131,0.15305044050363864,14.131062611387184,-73.65606341012845,-92.20445688034289,118.85532340051142,0.6800000000000004
0.0,0.0,0.0,0.0,0.0,0.0,0.0,0.0,0.0,0.0,0.0,0.0,0,0.0,-1.5707963267948966,nan,0.22684400975821312,-0.22886297780069392,-0.10204158354677556,0.01688103954297482,-1.5708025428599346,0.22782178181594737,-0.23116686438812237,2.3489089379537007,-0.10643831422804662,1.0285543866665292,-0.7202686042300205,0.7205267149118816,-0.14134538262635388,0.005059167153618151,0.0009777720577342497,-0.002303886587428444,-0.004396730681271055,0.011021754517056163,-0.007898040111469034,0.0076815918112177715,0.0003052577234178462,-5.908527129309504,-5.856445073775754,-0.43396479282001954,0.15606013512145078,-1.5708033971183069,2.3517648055689344,0.7691477667374046,-0.7893194330940683,-0.9668800690165664,0,zero,0,-0.156060135121451,-0.1391790955784762,0.7926902311766454,1.3032231414804185,1.3901736764373531,-0.4313095637353269,0.30522301852368433,0.7898336820059618,1.2486252342856268,1.5559636175760605,-0.1809384489662352,0.4255162225760083,0.10191292835399769,-0.0938633545048105,0.06943140268795164,0.43391255551024216,-0.5157221836901544,2.9303231834565953,10.733776384292486,1.0,-0.27441561222076416,7.070323410296453e-06,8.542583724846509e-07,0.0,0.0,0.0,1,0.03556403407815771,1.5232493823911926,-9.0,-9.0,0.03556403407815771,-0.2413518538341339,-6.947784799765869,-3.5879349054645964,0.004267852072255572,-0.0007905388407304792,-0.0038364820980772694,-0.021315083034253085,0.04330115540305545,0.10990668178419205,0.0,0.0,0.0,0.0,0.0,0.0666867318172843,10.15499588260795,-30.0,-30.0,43.62485975331021,1.7646012362253265,-2.052215200234131,-5.412065094535404,0.0666867318172843,10.15499588260795,-66.884505500482,-98.58969142615793,119.56836002908558,0.6900000000000004
0.0,0.0,0.0,0.0,0.0,0.0,0.0,0.0,0.0,0.0,0.0,0.0,0,0.0,-1.5707963267948966,nan,0.2303167325240919,-0.2344438835946681,-0.10152056112794336,0.017500323866388223,-1.570802520949169,0.22693698231945608,-0.23225513333216527,2.3446157272798502,-0.10667260154414251,0.6304147755889646,-0.43575222623700727,0.44926368499312863,-0.07553097349281002,0.006538872961565449,-0.003379750204635823,0.002188750262502842,-0.005152040416199155,0.011499931944213535,-0.008155939856187892,0.008101813178949768,-0.0002995045862496954,0.10978049838178372,0.10786939323631706,-0.45091346280268013,0.19022479928066538,-1.5708034106943216,2.347315000475561,0.8149210033487188,-0.7893194330943724,-0.9668800690167922,0,zero,0,-0.19022479928066538,-0.17272447541427738,0.7969834386435379,1.3042513827595255,1.3892266506060273,-0.4306090418735464,0.33109325344697393,0.7942832448409397,1.2513470543316874,1.5525184560410528,-0.14749710333527183,0.4331136598135229,0.10373254658658462,-0.09553925052690751,0.07067107510523554,0.4509100792287752,0.8015817986779459,-2.6309090318248334,-1.9832325579341448,1.0,-0.3233182728290558,7.0838994252753196e-06,8.897451526657107e-07,0.0,0.0,0.0,1,0.040354547385719614,0.3623348223641176,-9.0,-9.0,0.040354547385719614,0.15926360309031914,-8.087525731973727,-5.710612535300105,0.004521838901800821,-0.0007905388407307837,-0.0038364820980781654,0.016245277615074778,-0.02013847559150408,0.012151411863258924,0.0,0.0,0.0,0.0,0.0,0.07566950569233005,2.415565482427451,-30.0,-30.0,42.495184226850775,0.20307121927379848,-0.9124742680262727,-3.289387464699895,0.07566950569233005,2.415565482427451,-35.35726440781258,-63.223850109487785,72.47918357394029,0.7000000000000004
0.0,0.0,0.0,0.0,0.0,0.0,0.0,0.0,0.0,0.0,0.0,0.0,0,0.0,-1.5707963267948966,nan,0.22953100009664051,-0.23579070093566024,-0.10303629578758203,0.018130516285799425,-1.5708024985572833,0.22603114525418633,-0.23335896916385088,2.3402468965600383,-0.10691100902960451,0.13057679149758983,-0.012010463781836345,0.024298150930651685,0.12773271741766679,0.005759835591072154,-0.0034998548424541864,0.002431731771809359,-0.0038747132420224872,0.00784838623787577,-0.005507615161286611,0.005553367647570014,0.000650730009271387,6.230728325814805,6.065397327146103,-0.45837769475105367,0.13566360308730663,-1.570803031898811,2.3427440036448357,0.6736323906737017,0.7893218637365096,-0.28342112687446636,0,zero,0,-0.1356636030873064,-0.1175330868015072,0.8013522661294844,1.3052977353518445,1.388262943980223,-0.42989618110735844,0.21805875373332576,0.7988545660009139,1.2664702683611344,1.4954340687035603,-0.2440194493563963,0.4406396262041001,0.10553504725016503,-0.09719938100802883,0.07189908563775246,0.4584204251918631,1.9270746758452617,-7.448617494831832,-14.217000216409161,1.0,-0.14048627018928528,6.705103914761423e-06,5.333415278307996e-07,0.0,0.0,0.0,0,0.11455710217246554,-1.4465525787828215,2.8152528711607188,-0.27688502613192867,0.11455710217246554,0.06074106070429708,-4.665735816858189,-5.253635269855561,0.003737855739567891,0.0007905412751279832,-0.0011245863001155174,0.04176876001975875,-0.06920436659575972,-0.10422139091898136,0.0,0.0,0.0,0.0,0.0,0.21480799207287743,-9.643683858552144,9.384176237202396,-0.9229500871064289,13.48930618494967,-1.5072936394871186,7.480988688018908,4.976750243723632,0.21480799207287743,-9.643683858552144,9.384176237202396,-0.9229500871064289,13.48930618494967,0.7100000000000004
0.0,0.0,0.0,0.0,0.0,0.0,0.0,0.0,0.0,0.0,0.0,0.0,0,0.0,-1.5707963267948966,nan,0.22424195737812383,-0.23248093661768157,-0.10380174096226144,0.018771511130419194,-1.5708024756834897,0.22510415395657632,-0.2344779705757636,2.335803178401353,-0.10715349610508337,0.62381843241775,0.43620514209066763,-0.44287657298913985,0.05229580992005545,0.003995721475160809,0.0008621965784524899,-0.0019970339580820395,-0.0033517551428219328,0.0013234010538690105,-0.0007623598724373849,0.0007484100135885588,0.0007810763252328384,9.235642093333015,8.908442944159699,-0.45634676751504055,0.0187779887178825,-1.570802519136425,2.3381594211303605,-0.08522123933665504,0.7893194209343152,0.9673138921091032,0,zero,0,-0.01877798871788272,-6.477587463304957e-06,0.8057959810296587,1.306362023795433,1.3872827181630536,-0.42917110097575584,0.028348927293889787,0.8034397522424309,1.2891367271485514,1.4091803794111104,-0.4244922707898257,0.44809055338878895,0.10731957570773379,-0.09884295881451552,0.07311485203703783,0.45640585369145287,2.364018509488123,-8.824130175419139,-19.292000880818986,1.0,-0.07956882566213608,6.192341528432621e-06,4.345293547203255e-08,0.0,0.0,0.0,1,0.22155726713313595,-3.7464102376675226,9.0,9.0,0.22155726713313595,-0.5805075010275755,1.0590943763780039,-1.8955587161412288,-0.00047287616064457273,0.0007905388285519406,0.003838203464130396,0.05487432581749377,-0.09002106938166565,-0.16049548669639252,0.0,0.0,0.0,0.0,0.0,0.4154458412397074,-24.976068251116818,30.0,30.0,49.23389666207063,-3.1659027366399473,7.940905623621996,10.89555871614123,0.4154458412397074,-24.976068251116818,51.34236127898528,63.99886819231078,85.7663673716572,0.7200000000000004
0.0,0.0,0.0,0.0,0.0,0.0,0.0,0.0,0.0,0.0,0.0,0.0,0,0.0,-1.5707963267948966,nan,0.21676027212977383,-0.22677133297101085,-0.10186122534302028,0.01942319762947231,-1.5708024523272097,0.22415589983333575,-0.2356117238224931,2.3312853407671517,-0.10740002023399486,0.971083923752198,0.6533431125109429,-0.684335689340021,-0.21870397481526527,0.012787731166276127,0.007395627703561919,-0.00884039085148225,-0.0055387948909745854,0.005663711641040343,0.003840583451563285,-0.004056119063496881,-0.0009356529523126241,7.770322877971993,7.42737790401539,-0.45038136576454096,-0.1014919176324327,-1.5708021712928038,2.333630499453352,-0.6533891931538578,0.7893194330942943,0.9668800026160592,0,zero,0,0.10149191763243248,0.12091511526190502,0.8103138153830174,1.3074440641603848,1.3862861425567556,-0.42843392678679887,0.17789120561190153,0.8079692029808477,1.3097487589862042,1.3346854191103963,-0.5986450825560715,0.4554629384831148,0.10908529300369871,-0.10046921125552812,0.07431780273808508,0.4504286584420591,1.7055791169649996,-6.045123458976695,-15.088675051085414,1.0,-0.2589922547340393,5.844497906970503e-06,-2.8103440596893847e-07,0.0,0.0,0.0,1,0.27495904162353224,-4.5,9.0,9.0,0.27495904162353224,-1.4990420919940315,5.187069863676878,1.8296686773198108,-0.0036255301550438433,0.0007905388407307056,0.003836481834606788,0.04577930818671597,-0.07105330435982722,-0.13998781585296594,0.0,0.0,0.0,0.0,0.0,0.5155804268207993,-30.0,30.0,30.0,51.96408204882023,-3.0009579080059687,3.8129301363231223,7.170331322680189,0.5155804268207993,-33.49691961393785,67.01315368553091,96.40991332467901,122.09809007905012,0.7300000000000004
0.0,0.0,0.0,0.0,0.0,0.0,0.0,0.0,0.0,0.0,0.0,0.0,0,0.0,-1.5707963267948966,nan,0.21020091804819105,-0.22188598777282906,-0.09953354127011352,0.020085460006638467,-1.5708024284880768,0.2231862826776879,-0.23675980308590794,2.3266941863223085,-0.10765053695807,0.8619425095939469,0.5589736925934924,-0.6033424461596631,-0.25782007969819,0.0213479670115651,0.012985364629496843,-0.01487381531307888,-0.008116995687956485,0.009483554372944795,0.0062757728676440284,-0.006714478508363632,-0.0023384304178372013,3.075344872705409,2.9134141136264367,-0.44556512193708936,-0.1725666771070533,-1.5708020700079097,2.329161791346305,-0.8007887702901196,0.7893194330944372,0.9668800690171312,0,zero,0,0.1725666771070533,0.19265213711369178,0.8149049665270449,1.3085436642056454,1.3852733942182596,-0.4276847895107805,0.2744989499571697,0.8124382312879909,1.3175239775171717,1.3062361561679388,-0.6903938638098098,0.462753344077079,0.11083137586388048,-0.10207738008304651,0.07550737685934578,0.4455876587174785,0.05621145636942887,-0.4497915794251721,-4.629817700199192,1.0,-0.5353070497512817,5.74321301316516e-06,-3.5848016732842325e-07,0.0,0.0,0.0,1,0.24669880373856665,-3.9773832653158445,9.0,9.0,0.24669880373856665,-2.278092483119798,7.301422495790626,4.562476600483111,-0.004443421876161412,0.0007905388407308487,0.0038364820980795102,0.014294322413912647,-0.022494145901697116,-0.06304660880643988,0.0,0.0,0.0,0.0,0.0,0.4625891688328645,-26.515888435438963,30.0,30.0,50.03305235801397,-1.6992907821960466,1.698577504209374,4.437523399516889,0.4625891688328645,-26.515888435438963,48.782121834605164,82.43093349130535,99.38742644416362,0.7400000000000004
0.0,0.0,0.0,0.0,0.0,0.0,0.0,0.0,0.0,0.0,0.0,0.0,0,0.0,-1.5707963267948966,nan,0.20699842370753896,-0.22046088680446296,-0.09989013449548428,0.020758177574490944,-1.570802404165944,0.2221952109874269,-0.23792177085078056,2.3220305517784685,-0.1079049999329724,0.34049589362024446,0.22114226503910928,-0.25870687332387177,0.01021302504683741,0.024496180993986667,0.015196787279887936,-0.0174608840463176,-0.008014865437488111,0.00851077496750353,0.005648133809066333,-0.0061900757841955156,-0.0014882327802742514,-3.4560122107036086,-3.2450206579318275,-0.4460715108674464,-0.16242751367113195,-1.5708021785263164,2.3247146911817222,-0.8065254164201332,-0.4857570072701794,0.9668800690167967,0,zero,0,0.16242751367113195,0.1831856912456229,0.8195685977524978,1.3096606235358248,1.3842446577147618,-0.42692382567339193,0.23588036793409847,0.8168853696567252,1.3067673027141495,1.3388802776844857,-0.658367231245474,0.46995839823515945,0.11255701669551284,-0.10366672149187013,0.07668302420272954,0.446057541287383,-1.7720066634366982,5.606258601952009,8.574948167631195,1.0,-0.5837914347648621,5.851731419870276e-06,-2.2563962787103264e-07,0.0,0.0,0.0,1,0.17490736196824308,-1.1512381677431986,1.7761208941385938,9.0,0.17490736196824308,-2.4278844230118235,5.8427104435171335,6.281986607514518,-0.004475253415083548,-0.0004865074459129776,0.003836482098078183,-0.03560417798841633,0.04857393764938567,0.053356337504777265,0.0,0.0,0.0,0.0,0.0,0.3279718019280763,-7.674921118287991,5.920402980461979,30.0,31.52876704100346,1.2766462552686249,-4.06658954937854,2.7180133924854823,0.3279718019280763,-7.674921118287991,5.920402980461979,33.96846302645359,35.32590595448913,0.7500000000000004
0.0,0.0,0.0,0.0,0.0,0.0,0.0,0.0,0.0,0.0,0.0,0.0,0,0.0,-1.5707963267948966,nan,0.2089537748463937,-0.22456534669749476,-0.10237292011379132,0.021441224828932848,-1.5708023793608845,0.22118260228393016,-0.239097178290753,2.317295307239303,-0.10816336096398363,0.4726118771587316,-0.29679598423514586,0.29290524530593554,0.2224424587295798,0.019855668087260102,0.012228827437536477,-0.014531831593258243,-0.005790440850192313,0.0028514922041939493,0.001783625835343819,-0.0021701745988536372,0.0004899274237715077,-8.795697182710033,-8.184324079186062,-0.4573611879760098,-0.06691565997766058,-1.570802451012029,2.3202018003729235,-0.0793560097580217,-0.7892782115815594,-0.9689161677185052,0,zero,0,0.0669156599776608,0.08835688480659343,0.8243038389581501,1.3107947337580135,1.3832001249792971,-0.42615117724888796,0.09278390386851926,0.821397905891367,1.2833283836768847,1.4172528369736772,-0.5079217146639171,0.4770747944963098,0.11426142358724238,-0.10523650611961778,0.07784420525360407,0.45730713326483136,-2.507019659460927,8.679448532412865,18.18689950430213,1.0,-0.3636198341846466,6.1242171325304184e-06,7.165114457308164e-08,0.0,0.0,0.0,1,0.10182738977567511,1.6345549517199442,-9.0,-9.0,0.10182738977567511,-1.8329371192926631,0.29881021554569986,3.765708844218525,-0.0004403311370561845,-0.0007904975555354801,-0.0038445611313206083,-0.057720982948810326,0.08586805387072943,0.14378582197867779,0.0,0.0,0.0,0.0,0.0,0.19093828947248287,10.897033011466295,-30.0,-30.0,43.80390149157233,3.4674920710126074,-9.2988102155457,-12.765708844218524,0.19093828947248287,10.897033011466295,-44.161350681512,-33.44500273287797,56.458612165913785,0.7600000000000005
0.0,0.0,0.0,0.0,0.0,0.0,0.0,0.0,0.0,0.0,0.0,0.0,0,0.0,-1.5707963267948966,nan,0.21424879842405414,-0.23243297756736347,-0.10304505348098042,0.022134471543638234,-1.5708023540732006,0.2201483834312592,-0.2402855656646129,2.3124893555457584,-0.10842557004175973,0.921084368252629,-0.6329242430331422,0.6679243496008819,0.04099242894129995,0.011199026812322687,0.005899585007205055,-0.007852588097249424,-0.005380516560779314,0.00430278880965781,-0.0030250570660997726,0.003000734981456832,0.0005988412631220174,-9.337155301494171,-8.606755327053614,-0.47851058493622517,0.06273185501074252,-1.5708028230474207,2.3155092482635493,0.6249192202808136,-0.7893194328776516,-0.9668761844105856,0,zero,0,-0.06273185501074252,-0.04059738346710429,0.8291097873055374,1.3119457786385946,1.3821399951663096,-0.4253669915532525,0.1653739536965527,0.8260898150639618,1.2614200741088375,1.498318576798558,-0.31911674599786416,0.48409929187395995,0.11594382030912866,-0.10678601904672766,0.07899039118079505,0.47844295089663824,-1.841900446421706,7.20960163224938,18.06647147614021,1.0,-0.22340132296085358,6.49625252435726e-06,4.6897422034675174e-07,0.0,0.0,0.0,1,0.04325691160954218,2.515190792519063,-9.0,-9.0,0.04325691160954218,-0.8560839440743319,-4.401262397812512,-0.31991285082452725,0.0034675557865571634,-0.0007905388405137282,-0.003836466684354533,-0.04836505970059167,0.07958352157138064,0.15856400964738926,0.0,0.0,0.0,0.0,0.0,0.08111177875406372,16.767938616793753,-30.0,-30.0,45.61984595082732,3.371274736593395,-4.598737602187488,-8.680087149175472,0.08111177875406372,16.767938616793753,-73.71341057124518,-87.58279937416859,115.6960845873275,0.7700000000000005
0.0,0.0,0.0,0.0,0.0,0.0,0.0,0.0,0.0,0.0,0.0,0.0,0,0.0,-1.5707963267948966,nan,0.2193640464249352,-0.2403417236944042,-0.10162147565020599,0.022837782864490563,-1.5708023283034256,0.21909249095447536,-0.24148646272281843,2.307613631621313,-0.10869157537816329,0.9270000280698953,-0.6171140477664899,0.6707849068835203,-0.16895831671779882,0.0071673202788750355,-0.0002715554704598444,-0.0011447390284142211,-0.007070099727957302,0.00892887558656721,-0.006119966737117776,0.006460954233479423,-0.0007258765527638246,-5.6707437843913135,-5.175823830136784,-0.4997772372634196,0.1632198392047659,-1.5708031263860158,2.3105940940334997,0.8004569881708687,-0.789319433092919,-0.9668800690261803,0,zero,0,-0.1632198392047659,-0.14038205634027534,0.8339855078737023,1.313113534260059,1.3810644745072254,-0.4245714211373638,0.3000597170172641,0.8310043676588007,1.2504937389969137,1.5459997200920474,-0.18187392921670986,0.49102871485601607,0.11760344631264415,-0.10831455979645743,0.08012106383658632,0.49973150969568686,-0.5569264961233737,2.883470626764151,10.004208189000614,1.0,-0.2915935218334198,6.799591119488468e-06,7.980825902365041e-07,0.0,0.0,0.0,1,0.009111610201503145,1.861536072690926,-9.0,-9.0,0.009111610201503145,0.003869951745026176,-6.938497986803763,-3.5651282491766096,0.004441580881405374,-0.0007905388407293281,-0.0038364820981154164,-0.022532629054411876,0.04296530998049605,0.10378995542955939,0.0,0.0,0.0,0.0,0.0,0.017085336961378483,12.410240484606174,-30.0,-30.0,44.20423464776307,1.8576661209458998,-2.061502013196237,-5.43487175082339,0.017085336961378483,12.410240484606174,-66.87423532846836,-94.26013899759188,116.23747896185294,0.7800000000000005
0.0,0.0,0.0,0.0,0.0,0.0,0.0,0.0,0.0,0.0,0.0,0.0,0,0.0,-1.5707963267948966,nan,0.2218391485977117,-0.24555797107210775,-0.10123426504210978,0.02355101940401738,-1.5708023020523267,0.2180148713562989,-0.24269938912419456,2.3026691018172247,-0.10896132344217002,0.5392588016727904,-0.3552721770952949,0.40033209763274125,-0.06569586721029419,0.009083172281205757,-0.0038242772414127935,0.0028585819479131913,-0.007727058400060244,0.009527750181093062,-0.0064370661511106205,0.006963858258513151,-0.0009202613948672209,0.5274287897195397,0.4765068315749448,-0.51550646594374,0.19149303050074185,-1.5708031225572892,2.3054919757013304,0.8332654540683877,-0.7893194330941635,-0.9668800690168095,0,zero,0,-0.19149303050074185,-0.16794201109672446,0.8389300343139388,1.3142977691778202,1.379973776166023,-0.42376462368016005,0.3195247853773811,0.8361062939175855,1.2533469525257648,1.541710103304791,-0.1550371159818517,0.49785995340486067,0.11923955673067436,-0.10982144233488426,0.0812357157567198,0.5155064927901787,0.8538979929907252,-2.743173504577029,-2.6000752578776662,1.0,-0.3408600389957428,6.795762392819427e-06,8.205049626397454e-07,0.0,0.0,0.0,1,0.035108725816069095,0.5679815914314315,-9.0,-9.0,0.035108725816069095,0.42097144028592975,-8.082725427420291,-5.694484624425308,0.004623628707874663,-0.0007905388407305746,-0.003836482098078234,0.016927272137856022,-0.02105630741538829,0.006977981884927334,0.0,0.0,0.0,0.0,0.0,0.06583297546609618,3.78654394287621,-30.0,-30.0,42.595096537183615,0.1470101511455017,-0.9172745725797089,-3.305515375574692,0.06583297546609618,3.78654394287621,-35.04961224306664,-59.21271113840241,68.91271818584146,0.7900000000000005
0.0,0.0,0.0,0.0,0.0,0.0,0.0,0.0,0.0,0.0,0.0,0.0,0,0.0,-1.5707963267948966,nan,0.22036686074397485,-0.2464997111127366,-0.10301297826870973,0.024274037335831,-1.5708022753209157,0.2169154814312418,-0.24392385486268434,2.297656763257788,-0.10923475899585641,0.15763399246408277,0.03728979286797551,-0.02827256978609194,0.15052776729135575,0.0075668758413224195,-0.0034513793127330383,0.002575856250052272,-0.006221780727146686,0.006017208260399297,-0.004035636210830099,0.00444621908597318,0.00038932179797981567,6.7143016678725935,6.002559860427394,-0.52205239786106,0.13254190822834455,-1.5708027369684496,2.300279147709384,0.6554125653373828,0.7892644308163235,-0.04628326346766992,0,zero,0,-0.13254190822834477,-0.10826787089251333,0.8439423695045367,1.3154982445770262,1.378868120094807,-0.42294676188180463,0.20209515036385123,0.8413194568037707,1.2695653725141274,1.4833157371525285,-0.25616415881850935,0.504589962957352,0.1208514223775176,-0.11130599507090462,0.08233385016039538,0.5220942976555047,2.071055026388003,-7.574058419804288,-14.509252652500065,1.0,-0.1481480896472931,6.410173552851006e-06,4.6164753397803793e-07,0.0,0.0,0.0,0,0.13295754606197036,-1.411453719797466,3.0746955229421666,0.8361681657732102,0.13295754606197036,0.2918866740168326,-4.577268627355551,-5.024710805297284,0.0036367574556222895,0.0007904837534805486,-0.0001836472975546122,0.04448727099800988,-0.07046689171947654,-0.10744607363406398,0.0,0.0,0.0,0.0,0.0,0.2493109808024946,-9.40969146531644,10.24898507647389,2.787227219244034,14.192067506430382,-1.7033403938142986,7.651964150297717,5.860878971070494,0.2493109808024946,-9.40969146531644,10.24898507647389,2.787227219244034,14.192067506430382,0.8000000000000005
0.0,0.0,0.0,0.0,0.0,0.0,0.0,0.0,0.0,0.0,0.0,0.0,0,0.0,-1.5707963267948966,nan,0.21491759031685334,-0.24294473553221146,-0.10408745274154119,0.025006688489065176,-1.5708022481104453,0.21579428857634017,-0.24515936070402602,2.292577643185583,-0.10951182513046573,0.6505138567491864,0.43280775722198683,-0.47904814218668323,0.07974083382221442,0.005924270444835284,0.00087669825948683,-0.0022146251718145604,-0.005424372388924542,0.0008450311333224247,0.00019461645922083572,-0.00022910273887495483,0.0007897556489981699,9.489057310699355,8.39446130479269,-0.5196375569985958,0.015387497960248853,-1.5708022331092428,2.295060173853086,-0.16826066008063462,0.7893197085717402,0.9670152019466683,0,zero,0,-0.01538749796024863,0.009619190528816546,0.8490214862055274,1.3167147144293765,1.3777477328893786,-0.42211800335685185,0.03251574707722338,0.8465389994433206,1.293987852416199,1.3963152236566334,-0.4358965771984119,0.5112157644248245,0.12243832974888513,-0.11276756085623439,0.08341498095027103,0.5196921677859777,2.5530721021174068,-8.859218223825529,-18.975365716533094,1.0,-0.09928438812494278,5.906314346049157e-06,-1.500120250241821e-08,0.0,0.0,0.0,1,0.25592737120392894,-3.8625160748357747,9.0,9.0,0.25592737120392894,-0.4185795399670074,1.1457221144729823,-1.6003604607607576,-0.0009336458322570908,0.0007905391166337323,0.0038370182918450488,0.05878716893398605,-0.0905423292510018,-0.1588757208718848,0.0,0.0,0.0,0.0,0.0,0.47989381437076495,-25.750107165571833,30.0,30.0,49.63162617839058,-3.4439365348687674,7.854277885527018,10.600360460760758,0.47989381437076495,-25.750107165571833,52.40632389076854,66.2608277734655,88.31884509027786,0.8100000000000005
0.0,0.0,0.0,0.0,0.0,0.0,0.0,0.0,0.0,0.0,0.0,0.0,0,0.0,-1.5707963267948966,nan,0.20774498703781957,-0.23729380781841014,-0.10272659712520404,0.025748820442811793,-1.570802220422421,0.21465127109762167,-0.24640539863218566,2.2874327983067295,-0.10979246330255812,0.9306908286171417,0.6029585800315262,-0.6896965641960962,-0.16414937884295377,0.01344039848771722,0.0069062840598020925,-0.009111590813775522,-0.00706586617735408,0.006322038876841911,0.004142137074826302,-0.004742318904046645,-0.000566822217253138,7.692152085275025,6.734371194001923,-0.5137028469087578,-0.1009376395416397,-1.5708018947340936,2.289899205073603,-0.6956999032199099,0.7893194330989074,0.9668800596203734,0,zero,0,0.1009376395416397,0.12668645998445172,0.8541663277134276,1.3179469256499339,1.3766128476448076,-0.4212785205274119,0.19066784984249163,0.8517004456070449,1.3165027587043543,1.3220667585408472,-0.6039552484767937,0.5177344441930893,0.12399958102190133,-0.11420549698540908,0.08447863271246289,0.5137449905111527,1.8927180388051352,-5.983652037811989,-14.314480753763162,1.0,-0.28023260831832886,5.56793919681553e-06,-3.2568832741830533e-07,0.0,0.0,0.0,1,0.3059877512703775,-4.5,9.0,9.0,0.3059877512703775,-1.3979443872162147,5.2351752902085975,2.0539261379547193,-0.0038603040950371654,0.0007905388407353258,0.003836482060794128,0.04979518087294667,-0.07064172660423489,-0.13430035169545573,0.0,0.0,0.0,0.0,0.0,0.5737628938128211,-30.0,30.0,30.0,51.964691896116506,-3.1020556127837855,3.7648247097914025,6.946073862045281,0.5737628938128211,-34.545874802073605,67.43975022750868,95.60448073009462,121.99214448528501,0.8200000000000005
0.0,0.0,0.0,0.0,0.0,0.0,0.0,0.0,0.0,0.0,0.0,0.0,0,0.0,-1.5707963267948966,nan,0.20169132721095667,-0.23276410038364828,-0.10130427069451786,0.026500276620561092,-1.5708021922585982,0.21348641851144692,-0.24766145230535722,2.2822233141361385,-0.11007661337024316,0.776450448349237,0.4888807240688159,-0.5785761107933413,-0.17064764983712177,0.020928670982327018,0.011795091300490251,-0.014897351921708935,-0.008772342675725298,0.009353996762843797,0.006009992559716775,-0.0070063196416130895,-0.0015128549008374403,2.6567769785525166,2.3021301801146823,-0.508852477858896,-0.16546600795490263,-1.5708017986469776,2.2847988539371995,-0.8197495561342935,0.7893194330945582,0.966880069016777,0,zero,0,0.16546600795490285,0.1919662845754635,0.8593758085159845,1.3191946182539394,1.3754637038110045,-0.42042849051631664,0.2779894703060919,0.8568010727623289,1.3260540026213532,1.2946790791108647,-0.6863200277923609,0.5241431541224334,0.1255344940551033,-0.11561917519578346,0.0855243407165451,0.5088711232601232,0.22725361002971595,-0.3169040854775653,-3.605080757479655,1.0,-0.5282042622566223,5.471852080773942e-06,-3.9361162063045185e-07,0.0,0.0,0.0,1,0.2591857368864985,-4.133147583882826,9.0,9.0,0.2591857368864985,-2.2370935955386617,7.323388235440796,4.7068358423771235,-0.00454863160653599,0.0007905388407309699,0.003836482098078105,0.017983357312358002,-0.02136313462607182,-0.055037292108661456,0.0,0.0,0.0,0.0,0.0,0.4860036318891777,-27.55431722588551,30.0,30.0,50.5912699713591,-1.896053988344164,1.6766117645592038,4.2931641576228765,0.4860036318891777,-27.55431722588551,48.459650840463176,79.11306647605448,96.7816699801112,0.8300000000000005
0.0,0.0,0.0,0.0,0.0,0.0,0.0,0.0,0.0,0.0,0.0,0.0,0,0.0,-1.5707963267948966,nan,0.19894190694601296,-0.23195990909555392,-0.10258535638317706,0.02726089638463458,-1.5708021636209915,0.21229973183987083,-0.24892699752130415,2.276950304342765,-0.11036421362950086,0.27772214132895207,0.15627335933676156,-0.20697365040412974,0.09934854294015028,0.022952651167150184,0.013357824893857867,-0.016967088425750232,-0.007778857246323795,0.007873909074256205,0.005039564661983763,-0.006040013978742733,-0.0003456345815034739,-4.168862626133191,-3.5755049392668443,-0.5089974999282713,-0.14778417403421407,-1.570801917386793,2.2797223791229877,-0.8348516498249134,-0.542933154621278,0.9668800690167924,0,zero,0,0.1477841740342143,0.17504507041884843,0.8646488149469208,1.3204575255136273,1.374300547048292,-0.41956809504028497,0.2286315754975822,0.8618775590984478,1.3169895880763096,1.3287994204878488,-0.6435822426899152,0.5304391115476194,0.12704240238844114,-0.11700798166753171,0.08655165091554981,0.5089816402105399,-1.5992752091054814,5.750181071688412,9.643052792828179,1.0,-0.48272013664245605,5.590591896531549e-06,-2.462341983644478e-07,0.0,0.0,0.0,0,0.16299353053867957,-1.3439907322375635,1.468773915108324,8.707688153329896,0.16299353053867957,-2.4496008656995922,5.7500935753398705,6.309364415608104,-0.004632430201084748,-0.0005437719238280751,0.003836482098078166,-0.03201572197727438,0.04998347840918473,0.062114961640895694,0.0,0.0,0.0,0.0,0.0,0.30563197175825907,-8.95993821491709,4.89591305036108,29.02562717776632,30.770617500737213,1.1056101334620287,-4.281319660231547,2.3983237377217916,0.30563197175825907,-8.95993821491709,4.89591305036108,29.02562717776632,30.770617500737213,0.8400000000000005
0.0,0.0,0.0,0.0,0.0,0.0,0.0,0.0,0.0,0.0,0.0,0.0,0,0.0,-1.5707963267948966,nan,0.20108563576936625,-0.23691016381830787,-0.10556451505702191,0.028030515130626155,-1.570802134511875,0.21109122389917861,-0.25020150269179664,2.2716149100948604,-0.11065520085058564,0.5654634546334785,-0.3352236764045502,0.36757495522614647,0.26881714527600686,0.017397889662891512,0.010005588129812365,-0.013291338873488767,-0.005090685793563726,0.0024832901547929987,0.001122897867390272,-0.0015733915652591437,0.0015589321199698195,-9.654825498813024,-8.194959853330017,-0.5191908719848328,-0.04532216064971384,-1.5708022136936606,2.2745870480367665,-0.17575436114783768,-0.7893647531623362,-0.9659715221076215,0,zero,0,0.045322160649713616,0.07335267578034,0.8699842058406789,1.3217353741150375,1.3731236290829774,-0.418697520303088,0.07810682663235409,0.8670125252191611,1.295402767998455,1.4083057822665164,-0.4832006631206223,0.536619599277887,0.128522655243278,-0.11837131702364757,0.08756011994596734,0.5191365128397144,-2.3145213565686493,8.770543453730168,19.119871626997213,1.0,-0.30053406953811646,5.886898764018156e-06,7.918178557275724e-08,0.0,0.0,0.0,1,0.06920642126816579,1.3465107944755144,-9.0,-9.0,0.06920642126816579,-1.9211914911645644,0.20085230971652032,3.736548756933953,-0.0009752269289092837,-0.0007905842308130342,-0.003832877076044934,-0.05370349087743487,0.08682771108795215,0.15161610155336644,0.0,0.0,0.0,0.0,0.0,0.12977015051221785,8.976738629836763,-30.0,-30.0,43.36586995230659,3.2677022856400786,-9.20085230971652,-12.736548756933953,0.12977015051221785,8.976738629836763,-45.499075076682864,-39.03524246487856,60.61777514760708,0.8500000000000005
0.0,0.0,0.0,0.0,0.0,0.0,0.0,0.0,0.0,0.0,0.0,0.0,0,0.0,-1.5707963267948966,nan,0.20627536713945743,-0.2456511109812819,-0.10622072104882879,0.028808964381835445,-1.5708021049337881,0.20986091958076422,-0.2514844293258579,2.2662182994052222,-0.11094951031452085,0.9847329462765778,-0.6420035688505576,0.7458020528912757,0.03618965278716635,0.008321372310974469,0.0035855524413067885,-0.005833318344576011,-0.004728789265692063,0.005421921314398566,-0.0035251860470455944,0.00391615483969877,0.0012782900080765824,-10.131930701918169,-8.507952607567068,-0.5384345647416665,0.0900971679222915,-1.5708026195708344,2.2692868682620695,0.5610859319353891,-0.7893194329257343,-0.9668818580187015,0,zero,0,-0.09009716792229128,-0.06128820354045583,0.8753808131871663,1.3230278843148313,1.3719332075629234,-0.4178169568887148,0.18322918818301723,0.8723120515373037,1.2754006363473875,1.4900064052922612,-0.28608281805917607,0.5426819655969514,0.12997461752238976,-0.1197085963299441,0.08854931512774597,0.5383667648005036,-1.6586745108707017,7.258766689029028,18.830411320910272,1.0,-0.1933753490447998,6.292775937666306e-06,5.146370463116057e-07,0.0,0.0,0.0,1,0.005236203284286893,2.141509630098867,-9.0,-9.0,0.005236203284286893,-1.016450607563856,-4.457237733138306,-0.35403313578876955,0.0031133572258572944,-0.0007905388405618851,-0.0038364891966563845,-0.04436153880766148,0.08010528894131316,0.16502780951524634,0.0,0.0,0.0,0.0,0.0,0.009818494813963796,14.276730867325782,-30.0,-30.0,44.76410549380936,3.157960237662723,-4.542762266861694,-8.64596686421123,0.009818494813963796,14.276730867325782,-74.72746676395046,-92.87495633820609,120.05739021168961,0.8600000000000005
0.0,0.0,0.0,0.0,0.0,0.0,0.0,0.0,0.0,0.0,0.0,0.0,0,0.0,-1.5707963267948966,nan,0.21115687156695312,-0.25429267499423847,-0.10456976751189309,0.02959607188370894,-1.5708020748895375,0.20860885612352995,-0.2527752325215152,2.260761666476449,-0.11124707584967974,0.976990614919354,-0.6133567884729962,0.7350760817299296,-0.194851907209459,0.00730626176617172,-0.002548015443423174,0.001517442472723285,-0.006677308337786653,0.009886129941473979,-0.006427792846245603,0.007498006510037637,-0.0004460299551547727,-6.250362678493414,-5.190148220345103,-0.5576679618228365,0.1953579608512932,-1.5708029556220258,2.2637834418456375,0.7725802121835725,-0.7893194330931294,-0.9668800690123177,0,zero,0,-0.1953579608512932,-0.16576188896758426,0.8808374427864997,1.3243347700971044,1.3707295459131206,-0.4169265996545376,0.32705538148695684,0.8778148567566296,1.2659950895380188,1.538132451395448,-0.14210149992452803,0.5486236242630044,0.13139766980996548,-0.12101924909505388,0.08951881446429218,0.5576212115491875,-0.43192448751125395,2.930875342931545,10.623279423721328,1.0,-0.3271524906158447,6.628827128984938e-06,8.807324882731393e-07,0.0,0.0,0.0,1,-0.017035466638087613,1.5077127989464751,-9.0,-9.0,-0.017035466638087613,-0.21764632245418145,-6.965474301343384,-3.591740614457734,0.00428689804761148,-0.0007905388407295387,-0.003836482098060411,-0.01955990299342073,0.04337994498977132,0.10901933940300249,0.0,0.0,0.0,0.0,0.0,-0.03194349641494021,10.051418659643168,-30.0,-30.0,43.6008261098157,1.7253591214006565,-2.0345256986566156,-5.408259385542266,-0.03194349641494021,10.051418659643168,-67.50792772276934,-99.02332770592648,120.26625367423873,0.8700000000000006
0.0,0.0,0.0,0.0,0.0,0.0,0.0,0.0,0.0,0.0,0.0,0.0,0,0.0,-1.5707963267948966,nan,0.21349475003129073,-0.2600956268243261,-0.10412055464141184,0.030391661698272232,-1.5708020443822004,0.20733508337699855,-0.25407336146570864,2.255246231046192,-0.11154782986845649,0.582236241033059,-0.361165121086901,0.4504822885894155,-0.07499668892579914,0.011374251212272118,-0.006159666654292184,0.00602226535861744,-0.007427275227044644,0.010443908663259518,-0.006681137872071402,0.007987748882602924,-0.0007959225397965461,0.241038849546506,0.19787318541733412,-0.5716757131451302,0.22778808359986158,-1.5708029685777005,2.2581114496802606,0.81588256112359,-0.7893194330941958,-0.9668800690167842,0,zero,0,-0.22778808359986158,-0.19739642190158957,0.8863528749037504,1.3256557393302018,1.3695129131912593,-0.4160266476244772,0.3524214235818911,0.883486635688646,1.2695548459295258,1.5345165113544352,-0.10972753429716163,0.5544420545087133,0.1327912083716069,-0.12230271927042875,0.09046820664247031,0.571673415324714,0.8841715041779601,-2.6576242850058707,-2.0853050892757077,1.0,-0.41995978355407715,6.6417828037401705e-06,9.241955001293434e-07,0.0,0.0,0.0,1,0.028689843755508673,0.3247913332788786,-9.0,-9.0,0.028689843755508673,0.17076722770424355,-8.095124468678343,-5.7129658205785265,0.004527174399763047,-0.0007905388407306069,-0.0038364820980781337,0.018015185018419096,-0.02034865911855194,0.011301847730321973,0.0,0.0,0.0,0.0,0.0,0.05379681934278768,2.1652755551925242,-30.0,-30.0,42.481658540218106,0.15402410557463506,-0.9048755313216574,-3.2870341794214735,0.05379681934278768,2.1652755551925242,-35.655821285982945,-63.52538504258119,72.88006207951416,0.8800000000000006
0.0,0.0,0.0,0.0,0.0,0.0,0.0,0.0,0.0,0.0,0.0,0.0,0,0.0,-1.5707963267948966,nan,0.21207374334570298,-0.2614256310753571,-0.10626906158065363,0.031195554298569128,-1.5708020134151282,0.2060396640543546,-0.25537825994199265,2.2496732377324036,-0.11185170340402459,0.1849074060065093,0.012558736294379647,0.002510577474701403,0.184463340367369,0.01020522906391521,-0.006034079291348388,0.006047371133364454,-0.005582641823370954,0.006924950153241374,-0.004362645633526976,0.0053324652650149455,0.000697905365042298,6.864107926806197,5.568378741699081,-0.5772072174917302,0.17177923247448312,-1.5708025700491397,2.252342478514525,0.659800087551098,0.789324512880789,-0.29945180368439234,0,zero,0,-0.17177923247448312,-0.140583678175914,0.8919258649236884,1.3269904939235313,1.3682835839433016,-0.4151173038821687,0.23820700934850764,0.8892559323940853,1.2854562916317849,1.4770386087535727,-0.20731281552459505,0.5601348010412228,0.13415464515432907,-0.12355846525034031,0.09139709103260307,0.5772466416885778,2.000940352261184,-7.496897472862391,-14.334665861789832,1.0,-0.21658465266227722,6.24325424336547e-06,5.566340117724167e-07,0.0,0.0,0.0,0,0.14701478743106747,-1.4915563048404081,2.7852446272225206,-0.36670798648268743,0.14701478743106747,0.05774612538536682,-4.678513605814134,-5.27243734576687,0.0036611029670853223,0.0007905439283648854,-0.0011881944006154046,0.0433801899483236,-0.06961377012499798,-0.10510701684991391,0.0,0.0,0.0,0.0,0.0,0.27566995580548936,-9.943708698936055,9.284148757408403,-1.2223599549422914,13.66173190422667,-1.549302430225775,7.463758233036654,4.905729359284183,0.27566995580548936,-9.943708698936055,9.284148757408403,-1.2223599549422914,13.66173190422667,0.8900000000000006
0.0,0.0,0.0,0.0,0.0,0.0,0.0,0.0,0.0,0.0,0.0,0.0,0,0.0,-1.5707963267948966,nan,0.20659882622259376,-0.2577019313534181,-0.1079975787188675,0.032007566663099896,-1.5708019819919479,0.2047226739746366,-0.25668936684562593,2.2440439553785962,-0.1121586261471858,0.6682706463635484,0.4157927043391213,-0.5034806625572263,0.14215943950526555,0.004675419750211689,-0.0018761522479571746,0.0010125645077921908,-0.0041610474283182985,0.0014308458020960454,-0.00013623793487885683,0.0001980884994842346,0.0014105034139795282,10.145711053525885,8.133884493648129,-0.5745826092346118,0.05330698771703757,-1.5708020255343385,2.246573215066037,-0.10761014091462978,0.7893194075256778,0.9673374430130119,0,zero,0,-0.05330698771703757,-0.02129942105393745,0.8975551440055278,1.3283387299843779,1.3670418380590519,-0.4141987754641264,0.03928382579414912,0.8950257730085277,1.3087960421676914,1.3901776560630605,-0.3893062358273293,0.5656994740421524,0.1354874077865595,-0.1247859598718792,0.09230507768847092,0.574636265898545,2.427227628362349,-8.891001164007665,-19.46744459650542,1.0,-0.08739331364631653,5.698739442117073e-06,4.35423905820187e-08,0.0,0.0,0.0,1,0.28305490996489224,-3.7840286170381985,9.0,9.0,0.28305490996489224,-0.5952939926654428,1.048480092138343,-1.9190560459862054,-0.0005971078416392446,0.0007905388151225884,0.003838296911729674,0.05625544640223196,-0.09062938546120163,-0.16182779065056999,0.0,0.0,0.0,0.0,0.0,0.5307611287547201,-25.226857446921326,30.0,30.0,49.3626989134821,-3.1887346243727555,7.951519907861657,10.919056045986206,0.5307611287547201,-25.226857446921326,51.459131870684416,63.837244385651665,85.78992987327237,0.9000000000000006
0.0,0.0,0.0,0.0,0.0,0.0,0.0,0.0,0.0,0.0,0.0,0.0,0,0.0,-1.5707963267948966,nan,0.19909595525300391,-0.2512699055627387,-0.10693520467097817,0.03282751237025283,-1.570801950116567,0.20338420229333137,-0.25800611670562074,2.2383596763990843,-0.11246852648330699,0.9996323306841235,0.6164399288284633,-0.7748775650674222,-0.13722743840105245,0.009715104400836831,0.004288247040327459,-0.0067362111428820315,-0.005533321812328823,0.0064299125416495935,0.004011674041716984,-0.00502489795241482,2.5440992398126187e-05,8.585559801321805,6.802924405533197,-0.5685864740706047,-0.06888423880453831,-1.5708016439368528,2.240863873259641,-0.6611002186028473,0.7893194330941483,0.9668799946753408,0,zero,0,0.06888423880453853,0.10171175117479114,0.9032394197376715,1.3297001379747178,1.3657879606277303,-0.41327127325290974,0.16042329625065727,0.9007356051013441,1.3299885571802876,1.3150453706594527,-0.5654372065949892,0.5711337491675982,0.13678893957813898,-0.1259846904149557,0.09319178734731255,0.5686293839611885,1.7604052921664173,-6.1016099354795275,-15.295270588468199,1.0,-0.19723841547966003,5.317141956062699e-06,-3.061797144709999e-07,0.0,0.0,0.0,1,0.3301139346746529,-4.5,9.0,9.0,0.3301139346746529,-1.5170458652216683,5.181534924769476,1.8122557902975769,-0.0036683171426226823,0.0007905388407305593,0.0038364818030988223,0.04697457778595228,-0.0716328682401241,-0.14164206065763615,0.0,0.0,0.0,0.0,0.0,0.6190023151596716,-30.0,30.0,30.0,51.96521109228917,-2.982954134778332,3.818465075230524,7.187744209702423,0.6190023151596716,-33.71386599578863,67.32338588663214,96.60604472451315,122.48336249794575,0.9100000000000006
0.0,0.0,0.0,0.0,0.0,0.0,0.0,0.0,0.0,0.0,0.0,0.0,0,0.0,-1.5707963267948966,nan,0.19240083050654083,-0.2456573089184285,-0.10510976337527278,0.03365520169274516,-1.5708019177931722,0.20202435172064356,-0.2593279402132919,2.2326217161242465,-0.1127813315293445,0.9006854654735802,0.5335274173775273,-0.6934420151981396,-0.21382463417428943,0.018394327345705033,0.009623521214102732,-0.013670631294863428,-0.007671568154071717,0.010198595723074478,0.00622028962515714,-0.00795879260413897,-0.0014060483584067479,3.5182750184856673,2.755566274410913,-0.5633716805050796,-0.14217800325712782,-1.5708015195882963,2.2352179732146857,-0.8034924919816087,0.7893194330944336,0.9668800690171736,0,zero,0,0.14217800325712782,0.17583320494987298,0.9089773767924552,1.3310744028680335,1.3645222417935434,-0.4123350118702883,0.2590903245276396,0.906381801934849,1.3382608654970092,1.2862901664644755,-0.6592138412574707,0.5764353675481332,0.13805869952032115,-0.12715415860229956,0.09405685142982476,0.5633933568988664,0.10224676059679022,-0.45899462722601037,-4.825683062915379,1.0,-0.4454028606414795,5.192793399722007e-06,-3.9820487618413836e-07,0.0,0.0,0.0,1,0.26631606127555285,-4.0071134336510825,9.0,9.0,0.26631606127555285,-2.2976873727277116,7.298750957439099,4.551512975514631,-0.004458424304463025,0.0007905388407308451,0.0038364820980796785,0.015310485625637612,-0.022690920550905117,-0.06467124744519198,0.0,0.0,0.0,0.0,0.0,0.4993738257557714,-26.714089557673887,30.0,30.0,50.138727099052595,-1.709426060923371,1.7012490425609013,4.448487024485369,0.4993738257557714,-26.714089557673887,48.99885855797253,82.85729762964172,99.90050983645929,0.9200000000000006
0.0,0.0,0.0,0.0,0.0,0.0,0.0,0.0,0.0,0.0,0.0,0.0,0,0.0,-1.5707963267948966,nan,0.18873696932138298,-0.24378694906770915,-0.10550339888455837,0.03449044169205928,-1.5708018850262335,0.20064323872672984,-0.2606542647568162,2.2268314121457706,-0.11309696717095555,0.39288439012496124,0.22827481912441328,-0.3196684394243615,0.007799986767453859,0.021998360598664446,0.011906269405346864,-0.016867315689107043,-0.007593568286397179,0.00937631090634487,0.005658676681658938,-0.007423845327580418,-0.0008838014353085939,-3.5479160123940883,-2.746799327820969,-0.5625987593662468,-0.13450124699980437,-1.5708016273969785,2.2296026752934672,-0.8087664406545267,-0.4946548617508396,0.9668800690167971,0,zero,0,0.13450124699980437,0.16899168869186365,0.9147676775808931,1.3324612043061261,1.3632449766112564,-0.41139020957040756,0.22208441848562446,0.9119971550857205,1.3279294156586627,1.3191669812091196,-0.6289916947495893,0.5816021357888055,0.13929616228577257,-0.12829388059945981,0.09489991204016224,0.5625888515215854,-1.7302658404116231,5.6477352079748,8.404410116200104,1.0,-0.5005987286567688,5.300602081703687e-06,-2.576292548184256e-07,0.0,0.0,0.0,1,0.14841476426034445,-1.1688331845160826,1.720077878124082,9.0,0.14841476426034445,-2.4484220367386533,5.822665426055845,6.275665393739818,-0.004487688424760949,-0.0004954190465542497,0.003836482098078185,-0.03472234728192137,0.04889069145606429,0.05193517834404966,0.0,0.0,0.0,0.0,0.0,0.2782950764304227,-7.792221230107218,5.733592927080274,30.0,31.522535553187403,1.2795888522225707,-4.102587547931763,2.7243346062601823,0.2782950764304227,-7.792221230107218,5.733592927080274,34.42274402958907,35.757454526693785,0.9300000000000006
0.0,0.0,0.0,0.0,0.0,0.0,0.0,0.0,0.0,0.0,0.0,0.0,0,0.0,-1.5707963267948966,nan,0.18969220300621978,-0.24790719146391943,-0.10763593542678024,0.0353330363128761,-1.5708018518205065,0.19924099373321988,-0.2619845149612853,2.220990123661908,-0.11341535809969788,0.4078343592163795,-0.23574786783467638,0.27899921917411974,0.18141456134795342,0.017965304551545075,0.0095487907270001,-0.014077323497365846,-0.0057794226729176446,0.0038365903386868637,0.0021969103944062818,-0.003083777498369779,0.0006191336579473364,-9.336056646397086,-7.143797300815566,-0.5711962164209223,-0.04157325774390319,-1.5708019180167172,2.2239412901407882,-0.07953186962658707,-0.7892935728007036,-0.9690988050793793,0,zero,0,0.04157325774390319,0.07690629405677907,0.920608962907422,1.333860216755931,1.361956464901765,-0.410437088132954,0.08373442316906643,0.917658246514569,1.3049365910515027,1.3980461019033286,-0.48017738404163757,0.5866319259691399,0.14050081822857272,-0.12940338701480505,0.09572062196593792,0.5711501091893962,-2.459855083261728,8.729463405492043,18.025281570724417,1.0,-0.3152255117893219,5.591221820644421e-06,6.619621073511439e-08,0.0,0.0,0.0,1,0.03691858228426103,1.6260576841513743,-9.0,-9.0,0.03691858228426103,-1.852261384677221,0.2793407441003726,3.7624410761175953,-0.0004413069494253303,-0.000790512940485939,-0.0038452858178540127,-0.056749864210402776,0.0863586625435187,0.14247542540189076,0.0,0.0,0.0,0.0,0.0,0.06922666844976755,10.840384561009163,-30.0,-30.0,43.7894819535718,3.478319068828595,-9.279340744100372,-12.762441076117595,0.06922666844976755,10.840384561009163,-44.7552668298223,-33.03955591884479,56.675963989024964,0.9400000000000006
0.0,0.0,0.0,0.0,0.0,0.0,0.0,0.0,0.0,0.0,0.0,0.0,0,0.0,-1.5707963267948966,nan,0.1935891325404392,-0.25606783626163465,-0.10787921061992928,0.03618278647751305,-1.570801818181032,0.19781776129036832,-0.2633181132337059,2.215099230822723,-0.11373642785031088,0.8655561201561666,-0.532016197707097,0.6827046525294589,-0.007779455746395603,0.010234979773324082,0.004228628749929131,-0.007250276972071257,-0.005857217230381601,0.003264276060079927,-0.0020784890392571437,0.002491103722363589,0.0003602551242177102,-9.935790500928595,-7.511605841405382,-0.5884393809367386,0.08556376142469313,-1.5708023056235165,2.2181326650062325,0.625507679521111,-0.7893194330073078,-0.9668758805234142,0,zero,0,-0.08556376142469313,-0.04938097494718008,0.9264998526246464,1.3352711096663314,1.3606570111076672,-0.4094758727563208,0.1742509944347181,0.9234663035184721,1.2835299214957545,1.479468478140582,-0.2930246323615009,0.5915226756431372,0.14167217338421406,-0.13048222289952316,0.0965186446782227,0.5883799664119266,-1.7904854383128912,7.233566749958121,17.898771582798265,1.0,-0.21427911520004272,5.978828619745968e-06,4.874424845979775e-07,0.0,0.0,0.0,1,-0.03167590206210781,2.5015720369473917,-9.0,-9.0,-0.03167590206210781,-0.8738786656415131,-4.412180522275854,-0.3212050435772096,0.003470821032972419,-0.0007905388406435846,-0.0038364654785610426,-0.04728337832894119,0.07986714070208406,0.15721147328557963,0.0,0.0,0.0,0.0,0.0,-0.05939602861824078,16.67714691298261,-30.0,-30.0,45.58651946623498,3.3754507025889047,-4.587819477724146,-8.67879495642279,-0.05939602861824078,16.67714691298261,-74.36781580019867,-87.14548409354893,115.77149123094463,0.9500000000000006
0.0,0.0,0.0,0.0,0.0,0.0,0.0,0.0,0.0,0.0,0.0,0.0,0,0.0,-1.5707963267948966,nan,0.19731154971447415,-0.264268576621195,-0.10623405827804808,0.0370394901803639,-1.5708017841131352,0.19637370023921422,-0.26465448031237854,2.2091601340753506,-0.11406009883808133,0.881410137757099,-0.5166478225189064,0.6864373280887737,-0.19688233296516477,0.007891476043453463,-0.0009378494752599331,-0.0003859036911835201,-0.007826040560033248,0.007947006467444343,-0.004821444782901738,0.006225965438137998,-0.0010704841718320581,-5.9847428843337545,-4.468438599734916,-0.6057901856106981,0.18381453984498086,-1.5708026110511657,2.2121396409954643,0.8006627587989035,-0.7893194330938167,-0.9668800690269225,0,zero,0,-0.18381453984498108,-0.14677504966461719,0.9324389462880835,1.3366935476249722,1.3593469241488347,-0.4085067919507731,0.3086448484384549,0.9294587864368569,1.273113773893673,1.52721247278413,-0.15744598045581668,0.5962723878392748,0.14280974946960198,-0.13152994774762164,0.0972936543315456,0.6057498739715415,-0.5067216857675236,2.878855787059181,9.841011572605797,1.0,-0.31111836433410645,6.284256269140087e-06,8.269380304959384e-07,0.0,0.0,0.0,1,-0.04429988048698424,1.8419125288518408,-9.0,-9.0,-0.04429988048698424,-0.013620449693853412,-6.943553560234184,-3.5652904200861495,0.004442722662788933,-0.0007905388407302272,-0.003836482098118361,-0.021457572048796912,0.0429703293822097,0.10244728941074024,0.0,0.0,0.0,0.0,0.0,-0.08306746762982231,12.279416859012272,-30.0,-30.0,44.16775949266131,1.8555329785456942,-2.056446439765816,-5.43470957991385,-0.08306746762982231,12.279416859012272,-67.35371858828856,-93.72139770332797,116.06470080837373,0.9600000000000006
0.0,0.0,0.0,0.0,0.0,0.0,0.0,0.0,0.0,0.0,0.0,0.0,0,0.0,-1.5707963267948966,nan,0.1987331743064948,-0.2696127278176682,-0.1059478476417969,0.037902942582328514,-1.570801749622434,0.1949089838581499,-0.26599303582005035,2.20317425350924,-0.11438629239629194,0.4975017581119449,-0.2886340973084961,0.4005595688801378,-0.061240419446179084,0.009946554811465924,-0.003824190448344894,0.0036196919976178576,-0.00843844475449504,0.00859812900471632,-0.00512944531900063,0.006808989635951494,-0.0011199434086737346,0.7019009267447609,0.5173981219265479,-0.6182421749888196,0.21026748887426483,-1.5708025992193273,2.2059947338458556,0.8333128089405227,-0.7893194330943265,-0.966880069016811,0,zero,0,-0.2102674888742646,-0.1723645462919361,0.9384248238109073,1.3381271905150747,1.3580265172779855,-0.4075300774316135,0.32678542433116164,0.9356035302429708,1.276450062303562,1.5227405736245572,-0.13212861527983052,0.6008791310605057,0.14391308388305482,-0.13254613549592725,0.09804533576389367,0.6182429137100045,0.9009481226789731,-2.769556349864504,-2.7405950547069486,1.0,-0.3627771735191345,6.272424430520118e-06,8.495968932820119e-07,0.0,0.0,0.0,1,0.017463695520676198,0.5435725954216212,-9.0,-9.0,0.017463695520676198,0.40235755535337275,-8.084724019767723,-5.682478192037651,0.004623891470893569,-0.0007905388407307378,-0.00383648209807824,0.01793642469735768,-0.021270408393771364,-0.005876328141902773,0.0,0.0,0.0,0.0,0.0,0.03274647575600262,3.6238173028108083,-30.0,-30.0,42.580900931941606,0.14121504006824842,-0.915275980232277,-3.3175218079623487,0.03274647575600262,3.6238173028108083,-35.34472597482236,-58.633642156373995,68.5586374640922,0.9700000000000006
0.0,0.0,0.0,0.0,0.0,0.0,0.0,0.0,0.0,0.0,0.0,0.0,0,0.0,-1.5707963267948966,nan,0.196736639304264,-0.2704144073820644,-0.10812567122030578,0.038772936105254896,-1.570801714714829,0.19342379999333717,-0.26733319882022627,2.197143028201413,-0.11471492881374457,0.19927211428002609,0.051135113741807015,-0.05384834357797241,0.18491871610562538,0.007992938516857078,-0.003312839310926824,0.0030812085618381335,-0.006589257593438785,0.005205204944244437,-0.003073290090351025,0.004172951830070434,0.00048530357102409116,7.363663927383561,5.357417444927467,-0.6224332669234122,0.15004152084588718,-1.5708022011156118,2.199767099073133,0.6529386340025887,0.7892743030386797,-0.009724407079395092,0,zero,0,-0.15004152084588718,-0.11126858474063228,0.9444560461186939,1.3395716936722502,1.3566961079362547,-0.4065459640123474,0.20806218625335335,0.941831486148951,1.2931159873095388,1.463975927333115,-0.23445327756109546,0.6053410392842593,0.14498172970430384,-0.13353037452408628,0.09877338449671204,0.622470992891455,2.113981344833804,-7.616546772758201,-14.608904929257672,1.0,-0.1584879755973816,5.8743207151934485e-06,4.864007827620753e-07,0.0,0.0,0.0,0,0.15269029481599078,-1.4396505354831814,3.0358891581954426,0.994612162749803,0.15269029481599078,0.2711482760807915,-4.590616883730163,-4.993116866072969,0.0036230300895290276,0.0007904936409543516,-3.858546149623435e-05,0.04541848768826765,-0.070845743829241,-0.10835333065862825,0.0,0.0,0.0,0.0,0.0,0.2863121972923135,-9.597670236554544,10.119630527318142,3.3153738758326767,14.338614807224104,-1.710798811563973,7.626506041925605,5.987729028822772,0.2863121972923135,-9.597670236554544,10.119630527318142,3.3153738758326767,14.338614807224104,0.9800000000000006
0.0,0.0,0.0,0.0,0.0,0.0,0.0,0.0,0.0,0.0,0.0,0.0,0,0.0,-1.5707963267948966,nan,0.19131148510392024,-0.2664233722784373,-0.10974253829539105,0.03964926052637274,-1.5708016793965114,0.19191835117243797,-0.26867438837598473,2.1910679155617117,-0.11504592737236571,0.6741673970271737,0.39197053794445547,-0.5332224659385543,0.1285868516464117,0.005793211164657297,0.0006068660685177307,-0.002251016097547409,-0.005303389076974668,0.0015171660870470483,0.000563279919813441,-0.0007714831179831854,0.0011786952389347969,10.309928917285287,7.403379575519846,-0.6188195808041207,0.03235795765047689,-1.5708016801088838,2.1935516331047067,-0.1720409673570726,0.7893196594470394,0.9669802281338851,0,zero,0,-0.03235795765047689,0.007291302875895855,0.9505311558041656,1.3410267080413147,1.3553560176087673,-0.40555468949784845,0.03276842017939655,0.9480474711554729,1.3179207615136448,1.3765429361128072,-0.41476503102153595,0.6096563119624409,0.14601525569449314,-0.13448226765456436,0.09947750673490384,0.6188674381504372,2.587267044996054,-8.899702122164374,-19.005133612003053,1.0,-0.09789424389600754,5.353313987210839e-06,7.123723833046824e-10,0.0,0.0,0.0,1,0.2993077127406226,-3.888398289559905,9.0,9.0,0.2993077127406226,-0.44116386331507046,1.1329692263500994,-1.5585831906748442,-0.0009546220255729025,0.0007905390674331396,0.0038368795193013338,0.059560806080178046,-0.09094615706965972,-0.1592296684193391,0.0,0.0,0.0,0.0,0.0,0.5612370387035864,-25.9226552637327,30.0,30.0,49.7222188054389,-3.4472344262448344,7.8670307736499,10.558583190674844,0.5612370387035864,-25.9226552637327,52.439012933803085,66.64288660099439,88.67594631533687,0.9900000000000007
0.0,0.0,0.0,0.0,0.0,0.0,0.0,0.0,0.0,0.0,0.0,0.0,0,0.0,-1.5707963267948966,nan,0.18442917094710082,-0.2602006985925136,-0.10887222182867953,0.04053170307273324,-1.5708016436739611,0.19039285470116538,-0.27001602411063114,2.184950390678054,-0.11537920638488056,0.9346813082753251,0.5356817685546827,-0.7564309420570126,-0.12035954792263548,0.013200264654912848,0.005963683754064558,-0.009815325518117535,-0.006506984556201023,0.006804069645690682,0.00393975882454386,-0.005547376817503286,-1.657083176012219e-05,8.31985763626156,5.897153538248934,-0.6121945133118797,-0.0838794168995256,-1.570801319884127,2.187404499507397,-0.6960900903616131,0.7893194330979788,0.9668800628676295,0,zero,0,0.0838794168995256,0.12441111997225907,0.956648677781937,1.3424918803331027,1.3540065716802094,-0.40455649457752396,0.1856172363291392,0.9541950231551083,1.3406951882163485,1.3020446264154155,-0.582726262336187,0.6138232140214327,0.14701324629618004,-0.13540143215264672,0.10015741936683044,0.612230904678954,1.9127136810963967,-5.994443237117276,-14.279591973813261,1.0,-0.27203232049942017,4.993089230520553e-06,-3.2378983405578765e-07,0.0,0.0,0.0,1,0.3432670696194798,-4.5,9.0,9.0,0.3432670696194798,-1.4181600443695839,5.227986270229921,2.0860009932898094,-0.0038624691679572222,0.0007905388407343958,0.003836482073678911,0.05028456090979162,-0.07081973035486719,-0.13411495667639875,0.0,0.0,0.0,0.0,0.0,0.6436659846605659,-30.0,30.0,30.0,51.965510734522844,-3.081839955630416,3.7720137297700793,6.91399900671019,0.6436659846605659,-34.62207285791813,67.49103323026588,95.66590022307788,122.09056583888677,1.0000000000000007
0.0,0.0,0.0,0.0,0.0,0.0,0.0,0.0,0.0,0.0,0.0,0.0,0,0.0,-1.5707963267948966,nan,0.17857405537563614,-0.25521389040713705,-0.10774349374820985,0.041420048515640406,-1.5708016075539413,0.18884754274218699,-0.27135752676949454,2.1787919456616813,-0.11571468323256079,0.7795243510702113,0.4309803612486285,-0.6328310844239959,-0.14642049281499148,0.020729240204747926,0.010273487366550843,-0.016143636362357494,-0.007971189484350938,0.009673193979281649,0.005489991648192969,-0.007903137478766677,-0.000985439726871055,2.846330958654267,1.991605630786801,-0.6063747890784075,-0.1480314503283553,-1.5708012066624488,2.1813270827171447,-0.8193780509866139,0.789319433094533,0.9668800690167684,0,zero,0,0.14803145032835552,0.18945149884399548,0.9628071199432583,1.343966853181281,1.3526480992904002,-0.40355162271848033,0.2722957109380308,0.9602726787491748,1.350356517352027,1.2748540630916798,-0.6644075042446185,0.6178400758620919,0.14797530163333436,-0.13628749972643772,0.10081284996431102,0.6063914028489236,0.23265496859286955,-0.2748518709287091,-3.5161104261055534,1.0,-0.5167868137359619,4.879867552265438e-06,-4.008914924469309e-07,0.0,0.0,0.0,1,0.26673812879707265,-4.122855703613082,9.0,9.0,0.26673812879707265,-2.25107488624647,7.319604162679068,4.727616578643621,-0.004546570196384461,0.0007905388407309446,0.003836482098078071,0.01815387382016742,-0.02107676938323666,-0.05439486777255692,0.0,0.0,0.0,0.0,0.0,0.5001652518227502,-27.48570469075388,30.0,30.0,50.554071325922514,-1.871780817366612,1.6803958373209316,4.272383421356379,0.5001652518227502,-27.48570469075388,48.265482457455825,78.84761343577567,96.44800189218515,1.0100000000000007
0.0,0.0,0.0,0.0,0.0,0.0,0.0,0.0,0.0,0.0,0.0,0.0,0,0.0,-1.5707963267948966,nan,0.175641996978843,-0.2542791662246702,-0.10902291090541072,0.04231407926509312,-1.5708015710435053,0.18728266237596786,-0.2726983187821598,2.172594088992413,-0.11605227440304056,0.2816768700276245,0.13671780305740122,-0.227551619513211,0.0941825986721101,0.022895026163027344,0.011640665397124855,-0.018419152557489604,-0.007029363497629837,0.008167575303017819,0.004563369821615089,-0.006773780316967959,-2.9024456872393974e-05,-4.527577929304201,-3.1274493808755714,-0.604831730961936,-0.1300670726643598,-1.5708013245512176,2.1752872891647534,-0.8341390741231866,-0.5724443858856431,0.9668800690167921,0,zero,0,0.1300670726643598,0.1723811519294527,0.9690049738107607,1.345451265299163,1.3512809331898634,-0.40254032005868867,0.22218534310725363,0.9663124919540572,1.3413333480667093,1.3095955717898322,-0.6207247618407616,0.6217052933597527,0.14890103751133926,-0.13714011652686142,0.10144353678262301,0.6048190852401524,-1.5920404753077655,5.8155396748132375,9.72621937464926,1.0,-0.4752988815307617,4.997756320790359e-06,-2.4649228791417954e-07,0.0,0.0,0.0,0,0.132671576196719,-1.3149394153313356,1.2701623139415699,8.539124745605212,0.132671576196719,-2.4544094708808535,5.682436617573343,6.288515290502961,-0.004628476256450476,-0.0005733287465466156,0.003836482098078165,-0.03192200695164616,0.050613964454420624,0.06287468727455826,0.0,0.0,0.0,0.0,0.0,0.24877475379096006,-8.76626276887557,4.233874379805233,28.463749152017378,30.083549655318915,1.1394700555495179,-4.412274303631773,2.2506094551022517,0.24877475379096006,-8.76626276887557,4.233874379805233,28.463749152017378,30.083549655318915,1.0200000000000007
0.0,0.0,0.0,0.0,0.0,0.0,0.0,0.0,0.0,0.0,0.0,0.0,0,0.0,-1.5707963267948966,nan,0.17696551637963254,-0.2595530482391799,-0.1116891233658116,0.04321357546422111,-1.570801534149989,0.18569847564315276,-0.27403782482439876,2.1663583448638994,-0.11639189552819498,0.5417296049859871,-0.2907706133604637,0.3934375972270754,0.23265913352464584,0.017555323871501088,0.008732959263520218,-0.01448477658521885,-0.0047027721623833785,0.002668788839248007,0.0011018256893957166,-0.001889591873171191,0.0015290050920542314,-10.41609622500229,-7.101872169688659,-0.6121018509632552,-0.027907510211755637,-1.5708016326902285,2.1692114578333506,-0.16570796272417293,-0.7893955407791338,-0.9653034198670224,0,zero,0,0.027907510211755415,0.07112108567597675,0.9752407151932012,1.346944751636524,1.3499054095953997,-0.4015228353001497,0.07568833100209055,0.9723880146331025,1.3199460339289675,1.389533834595706,-0.4600142254660468,0.6254173278642262,0.14979008541699085,-0.13795894314766138,0.10204922876050203,0.6120550130017025,-2.285317530948271,8.793190017459777,19.114684642822432,1.0,-0.3033287525177002,5.305895331986221e-06,9.854023952371449e-08,0.0,0.0,0.0,1,0.008199417537268107,1.3671463892647957,-9.0,-9.0,0.008199417537268107,-1.918199727289898,0.13447182717729078,3.699909468697459,-0.0009194814087564817,-0.0007906150659931545,-0.003830226114081936,-0.053182592187434694,0.08714864302926291,0.15173273399163528,0.0,0.0,0.0,0.0,0.0,0.015374868811678433,9.114309261765305,-30.0,-30.0,43.39436449247404,3.2853461165546936,-9.134471827177292,-12.69990946869746,0.015374868811678433,9.114309261765305,-46.3920392865469,-39.601587204758175,61.6731537056949,1.0300000000000007
0.0,0.0,0.0,0.0,0.0,0.0,0.0,0.0,0.0,0.0,0.0,0.0,0,0.0,-1.5707963267948966,nan,0.18087982908581685,-0.26886340783156315,-0.11194459994898795,0.04411831508371589,-1.570801496881013,0.18409525956814907,-0.27537547237905746,2.1600862525288687,-0.11673346142208077,0.9696116359508795,-0.5517528781187997,0.7972712037724539,-0.008608931070944181,0.008699377682680311,0.003215430482332221,-0.006512064547494312,-0.00478886147309282,0.0050936982190021764,-0.002938601080952205,0.004048248516605546,0.0009602443340595542,-10.893298022398552,-7.328621808192184,-0.6273138357655957,0.10664663115454864,-1.570802044345145,2.1630052406206075,0.56562303198695,-0.7893194324130252,-0.9668830590818998,0,zero,0,-0.10664663115454864,-0.06252831607083298,0.9815128048402073,1.3484469435364135,1.3485218680456585,-0.4004994196020598,0.19003778814955002,0.9785936529392579,1.3003514917857186,1.4710908674352383,-0.26349756783907735,0.6289747061997979,0.15064209251849783,-0.1387436546254003,0.10262968552014146,0.6272541050328135,-1.6116331313545988,7.22013768295323,18.737583230312335,1.0,-0.20356519520282745,5.717550248363068e-06,5.474641318059525e-07,0.0,0.0,0.0,1,-0.06247046297387589,2.133160953321151,-9.0,-9.0,-0.06247046297387589,-1.011893880218684,-4.494191345052813,-0.3833494095917839,0.0031385327157884713,-0.000790538840048384,-0.0038364939623533995,-0.04342144983281159,0.0798550532475,0.16439474821973188,0.0,0.0,0.0,0.0,0.0,-0.11713943929097298,14.221073022141008,-30.0,-30.0,44.74653773812343,3.1450548335398354,-4.505808654947187,-8.616650590408216,-0.11713943929097298,14.221073022141008,-75.28096039689103,-92.99923855520545,120.49204957039943,1.0400000000000007
0.0,0.0,0.0,0.0,0.0,0.0,0.0,0.0,0.0,0.0,0.0,0.0,0,0.0,-1.5707963267948966,nan,0.18448644021058355,-0.2780312594281777,-0.11006262969918673,0.045028074016279174,-1.570801459244477,0.1824733061635999,-0.27671069229513434,2.153779365644385,-0.11707688611893258,0.967679640938937,-0.522856452931586,0.7832631680537661,-0.22253949466530254,0.007415955728424009,-0.002013134046983639,0.0013205671330433488,-0.007014256419745846,0.009631407974403684,-0.0054351574804156685,0.00790659305307093,-0.0008419436000226006,-6.679323712824495,-4.432070374014407,-0.6424652432982093,0.21082521247699426,-1.5708023727867828,2.156635753204929,0.773300719397625,-0.7893194330887742,-0.9668800690092741,0,zero,0,-0.21082521247699404,-0.1657971384607153,0.9878196890970217,1.34995746889197,1.3471306512567087,-0.3994703264739759,0.3323900990633651,0.9849625811073139,1.291470748501665,1.5185271717970243,-0.12076339944497605,0.6323760206652305,0.15145672166548205,-0.13949394043946045,0.10318467736719288,0.6424237542357601,-0.37678129139475947,2.8441277889164542,10.48337137870227,1.0,-0.3355443477630615,6.04599188624988e-06,9.135423058026504e-07,0.0,0.0,0.0,1,-0.06582401619968595,1.478940700407972,-9.0,-9.0,-0.06582401619968595,-0.2181755479975327,-6.982443258416805,-3.6109532515662233,0.004290896002672329,-0.0007905388407251769,-0.003836482098048334,-0.01841474975997972,0.04264142816142719,0.1079319312400304,0.0,0.0,0.0,0.0,0.0,-0.12342774460844919,9.85960466938648,-30.0,-30.0,43.55716977312377,1.6971162484055047,-2.0175567415831948,-5.389046748433777,-0.12342774460844919,9.85960466938648,-67.5644021045901,-98.68080610641641,120.00032068376991,1.0500000000000007
0.0,0.0,0.0,0.0,0.0,0.0,0.0,0.0,0.0,0.0,0.0,0.0,0,0.0,-1.5707963267948966,nan,0.1859034985120103,-0.2841591389270921,-0.10966412842433787,0.04594262617104938,-1.570801421248561,0.18083292241547863,-0.2780429193442714,2.1474392516170964,-0.11742208291121306,0.5735792980961918,-0.3057442049548026,0.47956524497773656,-0.07436980671293447,0.011104266826604302,-0.005070576096531665,0.006116219582820714,-0.00775795448687519,0.010223120330149082,-0.00565173011863803,0.008453202488766014,-0.0010552268167116057,0.3353470540884689,0.21941273762588487,-0.6529458408358283,0.24227434678741333,-1.5708023717380613,2.1501350977714346,0.8155294352124063,-0.7893194330933642,-0.9668800690167779,0,zero,0,-0.2422743467874131,-0.19633172061636373,0.9941598005592471,1.3514759523032358,1.3457321049776123,-0.39843581166898123,0.3558112867476455,0.9914630501910543,1.2956072251693265,1.5138366787904627,-0.08986825519859726,0.6356199290337621,0.15223365138897818,-0.14020950451204342,0.10371398529076588,0.6529437973072703,0.9433247280859848,-2.7776292167455794,-2.235050656409777,1.0,-0.42037704586982727,6.044943164695837e-06,9.50489500439744e-07,0.0,0.0,0.0,1,0.009902804344256395,0.27743252042791705,-9.0,-9.0,0.009902804344256395,0.1603480013817214,-8.1018204041375,-5.724407881537025,0.00452521497243713,-0.0007905388407297739,-0.0038364820980781086,0.019253472081045074,-0.021419842819610714,0.01008866824475792,0.0,0.0,0.0,0.0,0.0,0.018568918702899673,1.8495501361861137,-30.0,-30.0,42.46670673022583,0.11708451904619566,-0.8981795958624996,-3.275592118462975,0.018568918702899673,1.8495501361861137,-35.31496036371165,-62.903416006597716,72.1623679718219,1.0600000000000007
0.0,0.0,0.0,0.0,0.0,0.0,0.0,0.0,0.0,0.0,0.0,0.0,0,0.0,-1.5707963267948966,nan,0.18412037702059242,-0.28550860003929707,-0.11212128660402443,0.04686174356804518,-1.5708013829017224,0.179174430248582,-0.2793715927738726,2.1410674909484873,-0.11776896438771059,0.21140559028325193,0.012462932452125819,0.0020787682603773394,0.2110276703189029,0.009696469047842897,-0.004945946772010407,0.006137007265424488,-0.005647677783686161,0.00676938177509343,-0.003678223836723344,0.00563934579837394,0.0007021239137712616,7.454182756843711,4.807167199356945,-0.6557017564364025,0.1856710680460727,-1.5708019604092107,2.1435688272027664,0.6446020147598324,0.7892834401089535,-0.2546550153390762,0,zero,0,-0.18567106804607292,-0.13880932447802774,1.0005315587275914,1.3530020152339703,1.3443265778459943,-0.3973961330768507,0.23979492504094416,0.9980296236159927,1.3120830443241904,1.455115129035372,-0.18871723826203582,0.6387051545531086,0.15297257590143418,-0.14089006520817052,0.10421740096342834,0.6557359230769175,2.054667846396221,-7.615482371341851,-14.430631362773532,1.0,-0.21049630641937256,5.633614314159985e-06,5.775074880531861e-07,0.0,0.0,0.0,0,0.1587035770748219,-1.5592442685898247,2.9826004465306237,-0.14777289963897217,0.1587035770748219,0.03418421852193257,-4.615483639051562,-5.235959071565764,0.0035767718030859357,0.0007905027921403468,-0.0010104452856574695,0.04457681051761192,-0.07078175658897283,-0.10604755576600762,0.0,0.0,0.0,0.0,0.0,0.29758780625318193,-10.394961790598831,9.942001488435412,-0.49257633212990726,14.395478948943198,-1.5934284871117572,7.598084085582186,5.088186171926792,0.29758780625318193,-10.394961790598831,9.942001488435412,-0.49257633212990726,14.395478948943198,1.0700000000000007
0.0,0.0,0.0,0.0,0.0,0.0,0.0,0.0,0.0,0.0,0.0,0.0,0,0.0,-1.5707963267948966,nan,0.17889911841449624,-0.2814390480188278,-0.11428468039658812,0.04778519643260126,-1.5708013442126896,0.17749816647223388,-0.28069615685604854,2.1346656765801333,-0.11811744247167971,0.6705027658485853,0.3544994829748044,-0.539411610264523,0.18149157085945722,0.004147845072869115,-0.0014009519422623629,0.0007428911627792578,-0.003832762075091589,0.001685326781235271,-8.866241587653892e-05,0.0001631976231122621,0.0016750617515095623,10.924080331682973,6.944078479864465,-0.6513070210255886,0.0674408784265621,-1.570801402753142,2.137025624337636,-0.1317540277901812,0.7893196161802711,0.9672789948342788,0,zero,0,-0.0674408784265621,-0.01965568199396106,1.0069333706626111,1.3545352761684648,1.3429144212436157,-0.396351550617216,0.039961543846559644,1.0045733384985518,1.335834917123537,1.3673485637666036,-0.37096209442882516,0.64163048594546,0.1536732050967104,-0.14153535533568215,0.10469472674120589,0.6513522985158248,2.4577636577583095,-8.958807573631129,-19.445374356900075,1.0,-0.08253538608551025,5.075958245726042e-06,5.854045248554485e-08,0.0,0.0,0.0,1,0.31272718111601266,-3.8517136343334863,9.0,9.0,0.31272718111601266,-0.6313350636729401,1.1129210679502057,-1.8658236698524227,-0.0007310775963343864,0.0007905390240995292,0.0038380649952815434,0.05702660467992371,-0.0913808028240101,-0.16183456521785988,0.0,0.0,0.0,0.0,0.0,0.5864001145996862,-25.678090895556576,30.0,30.0,49.595445528141674,-3.220378570660546,7.8870789320497945,10.865823669852423,0.5864001145996862,-25.678090895556576,52.1941139033133,64.35560109023352,86.75008435138363,1.0800000000000007
0.0,0.0,0.0,0.0,0.0,0.0,0.0,0.0,0.0,0.0,0.0,0.0,0,0.0,-1.5707963267948966,nan,0.17197727220339717,-0.2744552022827838,-0.11362955511100345,0.048712753289807065,-1.5708013051904608,0.17580448270606316,-0.2820160614315816,2.12823541323895,-0.11846742845902353,0.9863883639750771,0.5228162444928353,-0.8303750311577041,-0.10051112729284883,0.00975803001794722,0.0038272105026659897,-0.007560859148797783,-0.0048378733480200775,0.0064222910516875216,0.00342027985735686,-0.005417446878241397,0.00044584455965849656,9.183303485229722,5.754454236681797,-0.6440533080018805,-0.053776788088458316,-1.5708010027674064,2.130558013022297,-0.6684879283988654,0.7893194330971278,0.9668800114295582,0,zero,0,0.05377678808845854,0.10248954137826516,1.0133636316394579,1.3560753507683558,1.3414959891519451,-0.39530232613273164,0.15890746050666596,1.0110413648623053,1.3571411867707237,1.291954000668014,-0.5462680290336469,0.6443947774074844,0.15433526455008068,-0.14214512214523842,0.1051457756635825,0.6440888332184502,1.758787396544001,-6.098290091838166,-15.176787964418681,1.0,-0.19690288603305817,4.675972509637916e-06,-3.024230545989326e-07,0.0,0.0,0.0,1,0.3523608010146398,-4.5,9.0,9.0,0.3523608010146398,-1.5536310669700986,5.217837780934223,1.8537097503876372,-0.0037093101142279985,0.0007905388407335435,0.003836481869577858,0.04707731295961552,-0.07174683716234646,-0.1408151107114815,0.0,0.0,0.0,0.0,0.0,0.6607177967647474,-30.0,30.0,30.0,51.96572474243924,-2.9463689330299014,3.7821622190657767,7.146290249612363,0.6607177967647474,-33.89350890929475,67.71790351783561,96.54962697387138,122.705955111543,1.0900000000000007
0.0,0.0,0.0,0.0,0.0,0.0,0.0,0.0,0.0,0.0,0.0,0.0,0,0.0,-1.5707963267948966,nan,0.16577654581055976,-0.2683559468735132,-0.1120520443267671,0.04964418105894297,-1.5708012658443027,0.17409374528575433,-0.2833307624481004,2.121778316782447,-0.11881883305650726,0.8879609530084562,0.4489988972528586,-0.7413956425789403,-0.19289153817200755,0.018417663758360184,0.008317199475194575,-0.014974815574587186,-0.006766788729740153,0.010079833154560822,0.005264195542796105,-0.008539155562665796,-0.0009869670650953823,3.6896201482181867,2.279280747964997,-0.637374993521717,-0.1257810586077588,-1.5708008621432203,2.1241678765429546,-0.8048403415242995,0.7893194330945096,0.9668800690170815,0,zero,0,0.12578105860775857,0.17542523966670176,1.019820725802622,1.3576218520294399,1.3400716380077307,-0.3942487232822396,0.255978029865041,1.0174317475817771,1.3652210776905498,1.2637059715352428,-0.638440412965186,0.646996948610324,0.15495849551823127,-0.14271912733031855,0.10557037145349996,0.6373934111893643,0.07251279808781846,-0.3766578440444235,-4.6410098375693245,1.0,-0.4427430033683777,4.535348323564392e-06,-4.0370108234100144e-07,0.0,0.0,0.0,1,0.2629074389451739,-3.981525381501168,9.0,9.0,0.2629074389451739,-2.3233633342249753,7.315413731181727,4.578408711687182,-0.004465903260669662,0.0007905388407309211,0.003836482098079313,0.014782109130809929,-0.02206417021257626,-0.06326306773497772,0.0,0.0,0.0,0.0,0.0,0.49298225941341434,-26.54350254334112,30.0,30.0,50.04798256449957,-1.6581620472761927,1.684586268818273,4.421591288312818,0.49298225941341434,-26.54350254334112,48.821252144153746,82.28772724404348,99.29544438034196,1.1000000000000008
0.0,0.0,0.0,0.0,0.0,0.0,0.0,0.0,0.0,0.0,0.0,0.0,0,0.0,-1.5707963267948966,nan,0.162191293076375,-0.26631463980898995,-0.11242046660924507,0.050579245147921004,-1.57080122618374,0.17236633514871535,-0.2846397224916446,2.11529601354398,-0.11917156642000101,0.38309417841239723,0.18578425971457757,-0.3350267108067462,0.001568891898420799,0.022020842062800743,0.010175042072340351,-0.018325082682654648,-0.006751099810755945,0.009245869363218544,0.004739636823752405,-0.007912277973819427,-0.0006463747563491785,-3.937932973599857,-2.3983270459695825,-0.6345256613199357,-0.11682603236186173,-1.5708009683829203,2.117826297798292,-0.8029031700768732,-0.5422654344776839,0.9668800690167961,0,zero,0,0.11682603236186173,0.16740527750978274,1.0263030268206776,1.3591743904384876,1.3386417265585708,-0.39319100743393554,0.21695731113120703,1.0237733806343774,1.3545443379606528,1.2976858571713938,-0.6061822164549853,0.6494359846995992,0.15554265493926184,-0.14325714702722156,0.10596834851735834,0.634518229173757,-1.762474740188761,5.764693546054426,8.613000852494368,1.0,-0.4967038929462433,4.641588023712728e-06,-2.5780081980286695e-07,0.0,0.0,0.0,1,0.11458445390407646,-1.103325150924307,1.458919777619582,9.0,0.11458445390407646,-2.4551610499154872,5.743049877194539,6.29150922145154,-0.00445515427128979,-0.0005431031721337452,0.003836482098078181,-0.03546647481674032,0.04999480551599545,0.053625069407251064,0.0,0.0,0.0,0.0,0.0,0.2148592797751293,-7.355501006162046,4.863065925398606,30.0,31.26977725786561,1.3518358989911803,-4.284130099574957,2.7084907785484598,0.2148592797751293,-7.355501006162046,4.863065925398606,33.45755034854609,34.600674055313235,1.1100000000000008
0.0,0.0,0.0,0.0,0.0,0.0,0.0,0.0,0.0,0.0,0.0,0.0,0,0.0,-1.5707963267948966,nan,0.16256166302260766,-0.2707851493399515,-0.11421098415421344,0.051517709547722834,-1.5708011862185578,0.17062264769965588,-0.2859424113108049,2.108790139678004,-0.11952553819274817,0.4070379649171946,-0.2114057395292135,0.31678207118012724,0.1436545772221215,0.017971270101058243,0.008060984677048216,-0.015157261970853375,-0.00531455403853473,0.0036467277274763532,0.0017472937799963319,-0.0031573833088128153,0.0005258499842742369,-10.178405023344274,-6.110528894610569,-0.6399812879199285,-0.02271222241905768,-1.5708012708784909,2.1114645011693103,-0.053526915621593424,-0.7893633784051757,-0.9686873477047058,0,zero,0,0.02271222241905768,0.07422993196678052,1.0328088985410275,1.3607325741300575,1.3372066157184876,-0.39212944555853346,0.08059269974927112,1.030134933768142,1.331388963686429,1.3775207004220125,-0.4553889133552129,0.6517109362954052,0.1560875154326847,-0.1437589718150657,0.10633955194501567,0.6399421431117153,-2.463424173438497,8.80376972674068,18.21209983146568,1.0,-0.31432998180389404,4.9440835940828265e-06,8.465993328599097e-08,0.0,0.0,0.0,1,-0.019986056176257094,1.6884842933374271,-9.0,-9.0,-0.019986056176257094,-1.8399713760399172,0.1956879934543594,3.7712858247004384,-0.0002970104934791551,-0.000790582853932032,-0.0038436531967020815,-0.05696728988560106,0.08717184290157308,0.14404196569383154,0.0,0.0,0.0,0.0,0.0,-0.037476197592831606,11.256561955582848,-30.0,-30.0,43.894322998825956,3.5284556693773443,-9.19568799345436,-12.771285824700438,-0.037476197592831606,11.256561955582848,-45.9779519982321,-34.20564710812917,58.40128385200844,1.1200000000000008
0.0,0.0,0.0,0.0,0.0,0.0,0.0,0.0,0.0,0.0,0.0,0.0,0,0.0,-1.5707963267948966,nan,0.16541284689331082,-0.2796195168301785,-0.11396743708613816,0.052459336926836464,-1.5708011459587932,0.16886309265609997,-0.28723830633261777,2.102262340505324,-0.11988065754365029,0.8856967989877319,-0.46107389142590605,0.7538472468414104,-0.0598666418977406,0.010242867053968015,0.003450245762789156,-0.0076187895024392716,-0.005913220457512136,0.003483410516680163,-0.0019055907500738307,0.002915565895742057,-4.8458523882086504e-05,-10.823021709026637,-6.402581781616433,-0.6531489886972957,0.10559335113780755,-1.5708016673893999,2.104991492025482,0.6373139940400175,-0.7893194329123492,-0.9668765745633774,0,zero,0,-0.10559335113780755,-0.05313401421097108,1.0393366956446477,1.36229600904331,1.335766668423498,-0.39106430612243187,0.18296940092569114,1.0366074418412192,1.310138481942604,1.4592733259494681,-0.2665811716732841,0.6538209194923142,0.15659286529942523,-0.14422440671578862,0.10668383750978808,0.6530968361722344,-1.7631248020338153,7.238607901315957,18.0504945831717,1.0,-0.22062809765338898,5.340594503522311e-06,5.21430606692519e-07,0.0,0.0,0.0,1,-0.09230619955584077,2.5185444072682315,-9.0,-9.0,-0.09230619955584077,-0.8524728840655651,-4.459648995328774,-0.3164577295472465,0.003536331986867471,-0.0007905388405484794,-0.0038364682324412594,-0.04681922458557221,0.08004719962813585,0.15849416456130228,0.0,0.0,0.0,0.0,0.0,-0.17308494197607494,16.790296048454877,-30.0,-30.0,45.628324534130094,3.3710172913337964,-4.540351004671226,-8.683542270452753,-0.17308494197607494,16.790296048454877,-75.29377284121797,-88.2697704251972,117.22904332704353,1.1300000000000008
0.0,0.0,0.0,0.0,0.0,0.0,0.0,0.0,0.0,0.0,0.0,0.0,0,0.0,-1.5707963267948966,nan,0.16809950690839148,-0.28849990431741357,-0.11195084731607663,0.053403888725698234,-1.570801105414731,0.16708809387391682,-0.28852689316940355,2.095714269858348,-0.12023683320556494,0.9119860313324154,-0.4461658797263818,0.7591800650449287,-0.2372765431976176,0.00834752938810259,-0.001011413034474662,-2.698885198998413e-05,-0.008285985889488312,0.00833347592225323,-0.004237333446915327,0.006992535061515274,-0.0016112974957799,-6.572735981324155,-3.8297510282153486,-0.6663938698192924,0.20513843555749856,-1.570801971905473,2.0983746574508206,0.803711952899623,-0.7893194330930187,-0.9668800690252258,0,zero,0,-0.20513843555749833,-0.15173454683180054,1.0458847643008327,1.3638642990788223,1.3343222494871847,-0.38999585898087846,0.31870916061631,1.043223784530931,1.30012481766743,1.5066972729178691,-0.12962577995086622,0.6557651158593742,0.15705850852182177,-0.14465327119414753,0.10700107166844976,0.6663575375836741,-0.4595300516324127,2.8246504050934282,9.972214983756182,1.0,-0.3297293186187744,5.645110576324441e-06,8.664907422684109e-07,0.0,0.0,0.0,1,-0.08941048714822655,1.8174101027064333,-9.0,-9.0,-0.08941048714822655,0.0037288798089970127,-6.965777552418449,-3.5629367024173866,0.004459642050615627,-0.0007905388407294279,-0.003836482098111629,-0.020520874168859164,0.042557845955476806,0.10353034916235772,0.0,0.0,0.0,0.0,0.0,-0.16765514184929037,12.116067351376223,-30.0,-30.0,44.122864779042544,1.8136812228974364,-2.034222447581551,-5.437063297582613,-0.16765514184929037,12.116067351376223,-67.74126234181463,-94.72987345123526,117.08738080621357,1.1400000000000008
0.0,0.0,0.0,0.0,0.0,0.0,0.0,0.0,0.0,0.0,0.0,0.0,0,0.0,-1.5707963267948966,nan,0.16887166995125427,-0.2943619099885691,-0.11160554213146412,0.05435112525113106,-1.5708010645968964,0.16529808915298164,-0.28980766611573244,2.089147589426341,-0.12059397351361056,0.5295831058391468,-0.25621677637979734,0.4581232724826634,-0.07024454926581325,0.010691282228367563,-0.0035735807982726353,0.00455424387283665,-0.008988431382146445,0.009064796373379876,-0.004524992100324362,0.007702213174353082,-0.0015397701126028127,0.6138982671159858,0.3522074461450064,-0.6752202040654155,0.23314026789880504,-1.5708019531927186,2.0916441564128228,0.8342578824267303,-0.7893194330941747,-0.9668800690168078,0,zero,0,-0.23314026789880504,-0.1787891426476742,1.0524514428219391,1.3654370462554022,1.332873725456269,-0.38892437527113616,0.3375280033153277,1.0499541321987207,1.3039918435713977,1.5014225826616068,-0.1030315872131313,0.6575427724401087,0.15748426476362531,-0.14504539915771886,0.10729113156123284,0.675219450146049,0.9565193378377939,-2.865795897264463,-2.617031935974032,1.0,-0.3884584605693817,5.626397822311446e-06,8.885958222570878e-07,0.0,0.0,0.0,1,-0.0044054647250677415,0.4895495020933082,-9.0,-9.0,-0.0044054647250677415,0.40595944512279053,-8.093854789881668,-5.6932248323251695,0.0046291355007288945,-0.0007905388407305858,-0.003836482098078227,0.01909657907370487,-0.022099917336448983,0.006808855366631737,0.0,0.0,0.0,0.0,0.0,-0.008260762657168089,3.2636633472887215,-30.0,-30.0,42.55175162886524,0.08359005697051769,-0.906145210118332,-3.3067751676748305,-0.008260762657168089,3.2636633472887215,-35.25784408306184,-59.600122782376765,69.32490008463424,1.1500000000000008
0.0,0.0,0.0,0.0,0.0,0.0,0.0,0.0,0.0,0.0,0.0,0.0,0,0.0,-1.5707963267948966,nan,0.1668090123861986,-0.2953892624128559,-0.11412890491296576,0.055300805770784,-1.570801023516052,0.16349353002313238,-0.2910801286347194,2.082563968100679,-0.12095198644347285,0.2194409656553323,0.025809843520641085,-0.024511009470012945,0.21653498516393532,0.008724419682112232,-0.0033154823630662245,0.00430913377813652,-0.006823081530507091,0.0057327186223280775,-0.002839570069810654,0.0049626187982095005,0.000416316328145247,7.809473667365132,4.410152613344949,-0.6764756886795047,0.17449806351608843,-1.5708015430986701,2.0848636690628184,0.6339217030758862,0.7892342675095262,-0.0777503576435809,0,zero,0,-0.1744980635160882,-0.11919725774530443,1.0590350623181322,1.3670138508669012,1.331421464466183,-0.38785012730564816,0.21884910516295444,1.0567349040249536,1.3211850994912124,1.441532817192428,-0.2043702765029129,0.6591532017525188,0.15786996937000025,-0.14540063895689873,0.1075539050118278,0.67650660812461,2.1619439653392085,-7.7373433218380745,-14.54408271554423,1.0,-0.17746971547603607,5.2163037738139906e-06,5.195826178194807e-07,0.0,0.0,0.0,0,0.15356262572336724,-1.5101777599835478,3.1743382492661434,0.7006408089325866,0.15356262572336724,0.2569932749139684,-4.548011058653067,-5.05055447512551,0.0035175088209596066,0.0007904535435749155,-0.00030850553732284295,0.046503942057695355,-0.07194866047295251,-0.10764456990999352,0.0,0.0,0.0,0.0,0.0,0.2879479199763121,-10.067851733223652,10.581127497553812,2.335469363108622,14.793891604047312,-1.7671710348975163,7.7223493079192105,5.751195284058096,0.2879479199763121,-10.067851733223652,10.581127497553812,2.335469363108622,14.793891604047312,1.1600000000000008
0.0,0.0,0.0,0.0,0.0,0.0,0.0,0.0,0.0,0.0,0.0,0.0,0,0.0,-1.5707963267948966,nan,0.1618258570433213,-0.2911332716622783,-0.11635840083648771,0.056252688607572265,-1.570800982183193,0.16167488151062254,-0.29234379383285025,2.0759650813200965,-0.12131077964970485,0.6631759489609897,0.3164506830367453,-0.5519655948708457,0.18707027172899515,0.005100413066264523,-0.00015097553269877162,-0.0012105221705719371,-0.00495237881321714,0.00158133511057527,0.00021624178436910064,-0.0003707020011443681,0.0015219856270604296,11.075586188387026,6.15643412789432,-0.6708004736157226,0.05751514796866708,-1.5708010005217394,2.0781206316265113,-0.19908684223291087,0.7893198645365381,0.9670480706338694,0,zero,0,-0.05751514796866708,-0.0012624593610945922,1.0656339473521286,1.3685943116390302,1.3299658360966398,-0.3867733884652035,0.03203226606730847,1.0634783920798578,1.3463475526706372,1.3528339905100923,-0.38488954133771625,0.6605957817890803,0.15821547336752348,-0.14571885338490245,0.10778929052738286,0.6708394255864157,2.6144933931415397,-9.027464924163699,-19.084602440313617,1.0,-0.09056130051612854,4.6737268428742595e-06,1.8338546681206935e-08,0.0,0.0,0.0,1,0.31253918382604684,-3.949995571326697,9.0,9.0,0.31253918382604684,-0.4704131310911456,1.1780847984997598,-1.6349106080397284,-0.0011046943499383967,0.0007905392728394779,0.003837148711463857,0.06023034128187827,-0.09215231977240852,-0.15964287895040102,0.0,0.0,0.0,0.0,0.0,0.5860475976486909,-26.333303808844647,30.0,30.0,49.93782475514549,-3.4795824402355513,7.82191520150024,10.634910608039728,0.5860475976486909,-26.333303808844647,53.195276627627905,65.92760100414147,88.71286474309548,1.1700000000000008
0.0,0.0,0.0,0.0,0.0,0.0,0.0,0.0,0.0,0.0,0.0,0.0,0,0.0,-1.5707963267948966,nan,0.15553336621391717,-0.28425215342215465,-0.11601508837603489,0.05720653123411745,-1.5708009406095331,0.15984262188531714,-0.29359818492256,2.0693526104159456,-0.121670260504018,0.9304520024864398,0.4460231204098747,-0.8135509329833424,-0.07027933147659704,0.011743038833503836,0.004309255671399975,-0.00934603150040536,-0.00565517212798311,0.006482834994523416,0.003112140534199181,-0.005660788620159131,0.0005451633328542359,9.025613819423455,4.938587266903161,-0.6624744431223314,-0.059201754361916104,-1.5708006119308655,2.0714650052063677,-0.7039819445393358,0.7893194331019928,0.966880056076348,0,zero,0,0.05920175436191588,0.11640828559603378,1.0722464165939425,1.370178025886173,1.3285072112272067,-0.38569443309210233,0.17629792823998777,1.070134365661543,1.3692673349486966,1.2771808009654455,-0.5543398273198387,0.6618699560167457,0.158520643464185,-0.14599991967776488,0.10799719729850447,0.6625038683095026,1.919021111431153,-6.096444408308958,-14.465829438515705,1.0,-0.23982658982276917,4.285135968729037e-06,-3.286786673939446e-07,0.0,0.0,0.0,1,0.34933464961732874,-4.5,9.0,9.0,0.34933464961732874,-1.4499234139662294,5.254106128983568,2.027591264479428,-0.003906259539148448,0.000790538840738416,0.003836482046731794,0.050504019398595314,-0.07185843147030092,-0.13549588378238145,0.0,0.0,0.0,0.0,0.0,0.6550434082455068,-30.0,30.0,30.0,51.965652905228524,-3.0500765860337706,3.745893871016432,6.972408735520572,0.6550434082455068,-34.89475213575555,68.39344540772186,95.68160283007971,122.6813160320456,1.1800000000000008
0.0,0.0,0.0,0.0,0.0,0.0,0.0,0.0,0.0,0.0,0.0,0.0,0,0.0,-1.5707963267948966,nan,0.15003645190421325,-0.27853488216609146,-0.11506850730300902,0.05816209036718889,-1.5708008988065074,0.15799724238892177,-0.2948428356717897,2.062728241957445,-0.12203033613355516,0.796927953073165,0.36515348133085435,-0.6961922005292887,-0.1306656702563025,0.019436835991263206,0.007960790484708519,-0.016307953505698247,-0.006961828830546135,0.009543675968406886,0.004501150388562166,-0.008400272916321585,-0.0005067653311028935,3.2136845503584293,1.731111627013279,-0.6547158242345565,-0.12479300486830347,-1.570800476892007,2.064897552951487,-0.8215035482345541,0.7893194330946441,0.9668800690167922,0,zero,0,0.12479300486830347,0.18295509523549214,1.0788707834756304,1.3717645896682,1.327045961892877,-0.38461353638332163,0.2653189235990913,1.076702016132149,1.3788678757230348,1.249326103217756,-0.6381852117785296,0.6629752333769446,0.15878536204938803,-0.14624372951434042,0.10817754519925729,0.6547305116460225,0.21815685178813843,-0.31342276690096926,-3.7455397680692495,1.0,-0.4768677353858948,4.150097110411366e-06,-4.219145006700842e-07,0.0,0.0,0.0,1,0.25266886976443426,-4.140352626108141,9.0,9.0,0.25266886976443426,-2.2794762904279238,7.33211634584431,4.689726015584238,-0.0045583641691768085,0.0007905388407310559,0.0038364820980781654,0.01793705732120003,-0.021579689552838975,-0.05621662269386633,0.0,0.0,0.0,0.0,0.0,0.4737837422922075,-27.60235084072094,30.0,30.0,50.617331448513845,-1.8608763356802176,1.6678836541556903,4.310273984415762,0.4737837422922075,-27.60235084072094,48.98521838837026,79.44976559948893,97.33412103337025,1.1900000000000008
0.0,0.0,0.0,0.0,0.0,0.0,0.0,0.0,0.0,0.0,0.0,0.0,0,0.0,-1.5707963267948966,nan,0.14694981221020914,-0.2771083786914344,-0.11613155659864507,0.059119122062145424,-1.5708008567857588,0.15613924694456421,-0.2960772908397697,2.0560936670969374,-0.12239091345914,0.30139234327902176,0.12286442496465544,-0.2660958642637046,0.07024719700512161,0.02198738017898582,0.009189434734355073,-0.018968912148335293,-0.006259356860494919,0.008291138646376641,0.003813114325727938,-0.007361126040434315,0.00013024058203370617,-4.691294020825028,-2.4878249120966296,-0.6505926163213405,-0.1087891276193711,-1.570800592396604,2.0583904441346306,-0.8352698539876081,-0.5654974347468457,0.9668800690167927,0,zero,0,0.10878912761937087,0.16790824968151652,1.0855053568460347,1.3733535979472828,1.32558246113964,-0.3835309742836804,0.2171213617138464,1.0832091616660844,1.3695828006989936,1.2841715556264668,-0.5966209346123215,0.6639111882855812,0.1590095271939482,-0.14645018901630258,0.10833026478716372,0.650584682750732,-1.625150824458072,5.859567367785872,9.544551773427171,1.0,-0.4459427297115326,4.2656017074094166e-06,-2.6438915501358906e-07,0.0,0.0,0.0,0,0.09647689619637212,-1.2943193293817485,1.3360785014460437,8.81058070135174,0.09647689619637212,-2.474127413561674,5.70920595174836,6.319293030198782,-0.00463475073503098,-0.0005663710631682289,0.003836482098078167,-0.03255699637046094,0.05086902348652449,0.061231298049225114,0.0,0.0,0.0,0.0,0.0,0.1809054869611328,-8.628795529211658,4.453595004820146,29.368602337839132,30.932800565504003,1.1798080841799254,-4.3731274503023165,2.491287671152957,0.1809054869611328,-8.628795529211658,4.453595004820146,29.368602337839132,30.932800565504003,1.2000000000000008
0.0,0.0,0.0,0.0,0.0,0.0,0.0,0.0,0.0,0.0,0.0,0.0,0,0.0,-1.5707963267948966,nan,0.14739462525823094,-0.2823745085600132,-0.11829768335358704,0.06007738180737343,-1.5708008145591335,0.15426915184810291,-0.29730110659829495,2.0494505809151375,-0.12275189923349891,0.4995761908008893,-0.23149081444830966,0.40423141100535687,0.1805140980583042,0.017026522954970924,0.0068745265898719765,-0.014926598038281724,-0.004454215879911877,0.00274427099949359,0.0009970394775588032,-0.002208632266109959,0.001287974810292811,-11.075384736635812,-5.781242171377216,-0.6543816689175498,-0.008117013514200133,-1.5708009134414067,2.05187779494096,-0.14776989357320605,-0.7893900835250076,-0.9664755936636331,0,zero,0,0.008117013514199911,0.06819439532157379,1.0921484416255296,1.3749446447447085,1.324117082880056,-0.382447023379005,0.07333626184393874,1.0897215766603519,1.347824786032142,1.3649030206883739,-0.4369753478369414,0.6646774606330371,0.15919305265009454,-0.14661921874814468,0.10845529730320451,0.6543444255244033,-2.322101137107413,8.886457278231214,19.057832986468537,1.0,-0.2908402681350708,4.586646510151837e-06,9.888227303633812e-08,0.0,0.0,0.0,1,-0.043653489797450575,1.4304500582121302,-9.0,-9.0,-0.043653489797450575,-1.921472818545878,0.15755827324580296,3.7574750703558037,-0.0008199465353433276,-0.0007906096003081992,-0.0038348771808798133,-0.053983575296004935,0.08798825439888561,0.1510767441527178,0.0,0.0,0.0,0.0,0.0,-0.08185540933330315,9.536333721414202,-30.0,-30.0,43.485036060169236,3.3519228767580085,-9.157558273245803,-12.757475070355804,-0.08185540933330315,9.536333721414202,-46.80678750143478,-38.84887623309689,61.571575438128676,1.2100000000000009
0.0,0.0,0.0,0.0,0.0,0.0,0.0,0.0,0.0,0.0,0.0,0.0,0,0.0,-1.5707963267948966,nan,0.14997611953687012,-0.29200508820709015,-0.11799834447239632,0.061036624618732604,-1.5708007721386734,0.15238748544156233,-0.29851385093777427,2.04280068176639,-0.12311320007944468,0.9550717220012436,-0.4463160685179768,0.8417835307597599,-0.06606397271364806,0.008622089404060293,0.0024113659046922087,-0.006508762730684126,-0.0051148556070483575,0.004750758211224029,-0.0023066649445608756,0.004132155262767296,0.00041748449004848885,-11.661911638021444,-5.989721782635453,-0.6655423638696943,0.12587553089831616,-1.5708013334748172,2.0452725104401357,0.5809544060658114,-0.7893194325897667,-0.9668808802751131,0,zero,0,-0.12587553089831616,-0.06483890627958377,1.098798339460766,1.3765373232976932,1.3226502017488246,-0.38136196078929474,0.19437587690116193,1.0963263733401474,1.3279383551226556,1.4473499332981163,-0.2404222994144694,0.6652737557841693,0.15933586785146872,-0.14675075371717922,0.10855259467181833,0.6654921577730083,-1.6340545769613775,7.300306003243357,18.776438635110033,1.0,-0.20584462583065033,5.006679920427359e-06,5.613361437895037e-07,0.0,0.0,0.0,1,-0.11652990479223224,2.2055492458653285,-9.0,-9.0,-0.11652990479223224,-0.9959219457908679,-4.481836873569103,-0.3364055102794934,0.0032236035428293477,-0.0007905388402253985,-0.003836485317068943,-0.04397749883281681,0.08066064609784623,0.1645784595773394,0.0,0.0,0.0,0.0,0.0,-0.21850722818719714,14.703661639102192,-30.0,-30.0,44.90262142688304,3.2014711916561964,-4.518163126430897,-8.663594489720506,-0.21850722818719714,14.703661639102192,-76.09713297593143,-92.8252360436733,120.92784420771846,1.2200000000000009
0.0,0.0,0.0,0.0,0.0,0.0,0.0,0.0,0.0,0.0,0.0,0.0,0,0.0,-1.5707963267948966,nan,0.1523153936692759,-0.30153456247772265,-0.11571608493056057,0.06199660513399663,-1.5708007295366058,0.15049478776913852,-0.2997151040573616,2.036145670623923,-0.12347472252802066,0.9708678391542992,-0.4231971804829593,0.8328221151045145,-0.26437819904117366,0.008174441397169534,-0.0018206059001373842,0.0018194584203610198,-0.007758637597460094,0.009481082544731258,-0.004351389715360986,0.00829224131186741,-0.0014815761171191495,-7.2113351261778424,-3.6427239120095396,-0.6767756527359038,0.23036993762669633,-1.570801660430838,2.0385435516668555,0.7803025901101097,-0.7893194330903435,-0.966880069014787,0,zero,0,-0.23036993762669633,-0.16837333249269992,1.1054533493794148,1.3781312262161964,1.3211821929583594,-0.38027606406188746,0.33787041986543676,1.1030548402981855,1.318961943262852,1.4953670843404312,-0.09688713106831293,0.6656998445783111,0.15943791791312542,-0.14684474337353812,0.10862211950090189,0.6767396266559144,-0.37741610583753094,2.886437014940701,10.588181015295659,1.0,-0.35259580612182617,5.333635941351389e-06,9.308942319208313e-07,0.0,0.0,0.0,1,-0.10984149805019641,1.5278125100684092,-9.0,-9.0,-0.10984149805019641,-0.18865230529428217,-6.976717093377198,-3.5796457009347504,0.004329748027890711,-0.0007905388407267486,-0.0038364820980702086,-0.018524098073382088,0.04311480010808598,0.10868756675681347,0.0,0.0,0.0,0.0,0.0,-0.20596568169922447,10.185416733789395,-30.0,-30.0,43.63238631914366,1.7164648153626914,-2.0232829066228017,-5.42035429906525,-0.20596568169922447,10.185416733789395,-68.33964899943471,-98.98582697211492,120.71572682389983,1.2300000000000009
0.0,0.0,0.0,0.0,0.0,0.0,0.0,0.0,0.0,0.0,0.0,0.0,0,0.0,-1.5707963267948966,nan,0.1529078317773651,-0.30791005007503136,-0.11521829648049783,0.06295707770729475,-1.5708006867653395,0.148591610216252,-0.3009044587384969,2.029487250425098,-0.12383637305659509,0.581916725223856,-0.24956156609757252,0.5186132916173425,-0.08594389786371615,0.011915507643848848,-0.004316221561113109,0.007005591336534445,-0.008618076576097256,0.010180639456201615,-0.004556605591890443,0.00896970748545571,-0.0015579193953737264,0.2438395815646366,0.1211101871049472,-0.683778326429557,0.26285663875530396,-1.5708016560454794,2.0317200465583847,0.8197804296165573,-0.7893194330936669,-0.966880069016789,0,zero,0,-0.26285663875530396,-0.1998995610480092,1.1121117684449136,1.379725945639736,1.3197134321543578,-0.37918961106462434,0.36253046898543073,1.1098781779419045,1.3232177075767126,1.4908650888223987,-0.0646466386950943,0.665955563329272,0.1594991636315323,-0.1469011516101728,0.10866384508181004,0.6837754463624831,0.9633271136784051,-2.7743813250151796,-2.083311813695489,1.0,-0.443423867225647,5.329250583052669e-06,9.69280139706541e-07,0.0,0.0,0.0,1,-0.019973469583167255,0.29194280143373547,-9.0,-9.0,-0.019973469583167255,0.19285823221060716,-8.099220541374134,-5.70554980824577,0.004548802917512834,-0.0007905388407300772,-0.003836482098078153,0.019594911172596464,-0.02131581837894574,0.011256558816842729,0.0,0.0,0.0,0.0,0.0,-0.03745259625570459,1.9462853428915698,-30.0,-30.0,42.47104224448608,0.0990845692231283,-0.9007794586258662,-3.2944501917542297,-0.03745259625570459,1.9462853428915698,-35.853917031394516,-63.5755781264383,73.01470351879752,1.2400000000000009
0.0,0.0,0.0,0.0,0.0,0.0,0.0,0.0,0.0,0.0,0.0,0.0,0,0.0,-1.5707963267948966,nan,0.15095187258153772,-0.3092776694789386,-0.11796684865842261,0.06391779650355822,-1.5708006438374513,0.14667851513216193,-0.3020815207012158,2.02282712541667,-0.1241980581269024,0.23948453102222292,0.004286411173731741,0.019055744118834372,0.23868671076174575,0.010434275852273077,-0.004273357449375792,0.007196148777722788,-0.006231209468479798,0.00681830476412102,-0.0030038445332457907,0.006096053981817637,0.0005516554425455183,7.86314697419684,3.8379042182347574,-0.6836289033697753,0.2075974537350178,-1.5708012420020028,2.024862757169226,0.6403190824623144,0.7893022569229695,-0.3146549501916104,0,zero,0,-0.2075974537350178,-0.1436796572314596,1.1187718924112091,1.3813210733942003,1.3182442952713738,-0.37810287987901614,0.24756197778668246,1.1167357330966292,1.3399805678638745,1.4319035720936413,-0.16210445790414205,0.6660408138253386,0.15951958148457018,-0.14691995676285435,0.10867775538935584,0.6836561896611026,2.08764039923023,-7.660489225207645,-14.322623141435551,1.0,-0.22918230295181274,4.915207106215291e-06,5.981645516683898e-07,0.0,0.0,0.0,0,0.14170237152574494,-1.5743831080604074,2.906619087380528,-0.43626975775192384,0.14170237152574494,0.059831482335875014,-4.639109258178103,-5.281836425709401,0.0035530066408222157,0.0007905216380241738,-0.0012485189447635874,0.04523990098260616,-0.07109660881657413,-0.10498601616435888,0.0,0.0,0.0,0.0,0.0,0.265708553395359,-10.495887387069383,9.688730291268428,-1.4542325258397462,14.360380913246773,-1.6342145903962824,7.545728345558631,4.845566667957478,0.265708553395359,-10.495887387069383,9.688730291268428,-1.4542325258397462,14.360380913246773,1.2500000000000009
0.0,0.0,0.0,0.0,0.0,0.0,0.0,0.0,0.0,0.0,0.0,0.0,0,0.0,-1.5707963267948966,nan,0.14620871645724542,-0.30480762893556557,-0.12071896324920481,0.06487851559295743,-1.570800600765682,0.14475607543668317,-0.3032459089426094,2.016167000500034,-0.12455968422302352,0.6739262878497334,0.2820716428813541,-0.563442878476661,0.2390488494661086,0.004393207583275589,-0.0014526410205622509,0.0015617199929561787,-0.003840720973818712,0.0019856612838358213,-0.000121869707824697,0.0003072064119461267,0.0019579639243097486,11.659783539639921,5.593001538068604,-0.6769013931822842,0.08995242430276496,-1.570800673434566,2.018054622338817,-0.14734860374081402,0.7893195201511,0.967354869731034,0,zero,0,-0.08995242430276473,-0.025073908709807746,1.1254320163775047,1.3829162011486646,1.31677515838839,-0.37701614869340794,0.04629005317587218,1.1235443053329708,1.3640822204307206,1.343362254013793,-0.3441891310622066,0.6659555633292729,0.15949916363153252,-0.146901151610173,0.10866384508181018,0.6769370948922068,2.493475852982891,-9.055168183294585,-19.493519840829297,1.0,-0.08590171486139297,4.346639669527974e-06,7.266888424339868e-08,0.0,0.0,0.0,1,0.3021307676109573,-3.8826397539678594,9.0,9.0,0.3021307676109573,-0.6180211254273028,1.08917920373068,-1.934655554684001,-0.0008176088796132442,0.0007905389279220039,0.0038383660591801826,0.05778135160924624,-0.09221050150651751,-0.16196874668305772,0.0,0.0,0.0,0.0,0.0,0.5665305974328845,-25.884265026452397,30.0,30.0,49.702274926581126,-3.2646186285405565,7.91082079626932,10.934655554684001,0.5665305974328845,-25.884265026452397,52.37027895023526,63.5658877682252,86.33414352366918,1.260000000000001
0.0,0.0,0.0,0.0,0.0,0.0,0.0,0.0,0.0,0.0,0.0,0.0,0,0.0,-1.5707963267948966,nan,0.14004967248722486,-0.297063649535207,-0.12062772002628211,0.06583898904535301,-1.5708005575629262,0.14282487421158777,-0.30439725605685136,2.009508580576487,-0.124921157889299,0.9859332668032732,0.4227842744925159,-0.8895326514600566,-0.04527168891981792,0.008939638578197611,0.002775201724362908,-0.007333606521644387,-0.004293437863016891,0.006413620414149492,0.0027324791894662134,-0.005715297992729008,0.0010017250871556188,9.888979287007412,4.662198546520846,-0.6675008677863485,-0.03180674151960705,-1.5708002528434357,2.011344548776407,-0.6756485503356016,0.7893194330956139,0.9668799893101698,0,zero,0,0.03180674151960705,0.09764573056496006,1.1320904354430033,1.384510920572204,1.3153063975843884,-0.37592969569614487,0.15272416654535068,1.1302547148695679,1.3857342366077425,1.266896794459435,-0.520761719089143,0.6656998445783108,0.15943791791312537,-0.14684474337353803,0.10862211950090184,0.6675285367846825,1.791850970953044,-6.205348327908639,-15.34638173834582,1.0,-0.18130610883235931,3.926048539160121e-06,-3.047194905292372e-07,0.0,0.0,0.0,1,0.3374255836249278,-4.5,9.0,9.0,0.3374255836249278,-1.5487259418287698,5.204911204831292,1.7998898003163386,-0.00374904301925998,0.0007905388407320272,0.003836481781810368,0.0477990940512965,-0.07277352224792273,-0.14203997737847532,0.0,0.0,0.0,0.0,0.0,0.632712513828854,-30.0,30.0,30.0,51.96537621460231,-2.9512740581712302,3.7950887951687076,7.200110199683661,0.632712513828854,-34.1978177041418,68.38087739280243,96.5340873503715,123.14489625814583,1.270000000000001
0.0,0.0,0.0,0.0,0.0,0.0,0.0,0.0,0.0,0.0,0.0,0.0,0,0.0,-1.5707963267948966,nan,0.13444251732906654,-0.29012699678314235,-0.11932833481532065,0.0667989710247352,-1.5708005142422208,0.14088550427729044,-0.3055352085362339,2.0028535698924776,-0.12528238576816958,0.902272319902413,0.3667785223860992,-0.8074605231447152,-0.1660613089832036,0.017730645588703558,0.0064429869482239,-0.015408211753091539,-0.005954050952848927,0.010126784184464825,0.00425930447143116,-0.00917702655237686,-0.0004384826055199003,4.098282030031183,1.8991338725473934,-0.6584677692862714,-0.10529144978029259,-1.5708000939220028,2.004734568589843,-0.808319901687362,0.7893194330944703,0.9668800690171994,0,zero,0,0.10529144978029237,0.172090420805028,1.1387454453616521,1.3861048234907072,1.3138383887939231,-0.37484379896873754,0.25203722364704517,1.1368648931165426,1.3940901694010566,1.2377925086479524,-0.6149947598047933,0.6652737557841698,0.15933586785146883,-0.1467507537171793,0.10855259467181841,0.6584834484605188,0.09518215222264381,-0.44173676899665826,-4.8634790892006565,1.0,-0.4228866398334503,3.767127106257817e-06,-4.203202177421872e-07,0.0,0.0,0.0,1,0.23647889546385636,-4.037127689553836,9.0,9.0,0.23647889546385636,-2.3295178819161215,7.309472993876782,4.543244244266558,-0.004485210666469534,0.0007905388407308817,0.003836482098079781,0.015322831172384137,-0.022787999691886912,-0.0650166057878971,0.0,0.0,0.0,0.0,0.0,0.44342564309742427,-26.914184597025574,30.0,30.0,50.245098853756126,-1.7076098076377146,1.6905270061232178,4.456755755733442,0.44342564309742427,-26.914184597025574,49.603368707082204,82.91987727201337,100.303390733914,1.280000000000001
0.0,0.0,0.0,0.0,0.0,0.0,0.0,0.0,0.0,0.0,0.0,0.0,0,0.0,-1.5707963267948966,nan,0.1309206677503671,-0.2874362030976896,-0.119615294319323,0.06775821588367026,-1.5708004708167382,0.1389385677554594,-0.3066594270526935,1.9962036713848625,-0.12564327463793892,0.41279698143951676,0.157491305686841,-0.3815012201912382,-0.007392936576700038,0.021683071886555116,0.00801790000509231,-0.01922322395500392,-0.0060279803186159275,0.00948394505244448,0.0038826065926032844,-0.008646056660397234,-0.0003410044428746595,-3.978079362808998,-1.8119635846277165,-0.6527514599242024,-0.09851721442345984,-1.5708001979773167,1.9981993088019336,-0.8090760227560014,-0.51812719257267,0.9668800690167973,0,zero,0,0.09851721442345962,0.1662754303071301,1.1453953431968884,1.387697502043692,1.3123715076626918,-0.37375873637902735,0.21520887176445855,1.143400219224777,1.3835345727645052,1.271557104201303,-0.585011505488392,0.6646774606330378,0.1591930526500947,-0.14661921874814485,0.10845529730320463,0.6527484175909293,-1.7580689564206677,5.774477316524533,8.387717640524073,1.0,-0.48612287640571594,3.8711824199566536e-06,-2.728394212780927e-07,0.0,0.0,0.0,1,0.07661941067347253,-1.1449255646433194,1.5977600920670694,9.0,0.07661941067347253,-2.4722943146238117,5.785960219703337,6.270465119524533,-0.004489406235915646,-0.0005189276394244328,0.0038364820980781858,-0.03528842935914495,0.049936110415981755,0.051777091692404076,0.0,0.0,0.0,0.0,0.0,0.14367037441116168,-7.63283709762213,5.325866973556898,30.0,31.410916929554034,1.3273687499804923,-4.188200127636267,2.729534880475467,0.14367037441116168,-7.63283709762213,5.325866973556898,34.43426833128915,35.67021920126882,1.290000000000001
0.0,0.0,0.0,0.0,0.0,0.0,0.0,0.0,0.0,0.0,0.0,0.0,0,0.0,-1.5707963267948966,nan,0.13052394435728196,-0.29159227308590024,-0.12105459571305069,0.06871647825774585,-1.5708004272997782,0.13698467561820668,-0.3077695867193395,1.989560586026159,-0.12600373145044982,0.3586955507843296,-0.15571687441675863,0.3045910321564649,0.10788445812167924,0.01810912668705345,0.006460731260924724,-0.016177313633439272,-0.004949135737399135,0.004065135028605664,0.0015475529112911127,-0.0037268348307595185,0.0004910243698522908,-10.596571731218795,-4.743365794727718,-0.6546810663129706,-0.006967247196724147,-1.570800511630777,1.99167610384905,-0.06174826443394582,-0.7893308077780959,-0.969224041208485,0,zero,0,0.006967247196723925,0.07568372545447,1.1520384279763836,1.3892885488411175,1.3109061294031077,-0.37267478547435196,0.08110143748413293,1.1499232579535925,1.3603320428190784,1.3518310674816345,-0.43639008520708306,0.663911188285581,0.15900952719394817,-0.14645018901630255,0.1083302647871637,0.6546520291105486,-2.4723638347087595,8.861515965374277,17.998928060334393,1.0,-0.3176707625389099,4.18483588049412e-06,8.433099907279029e-08,0.0,0.0,0.0,1,-0.06493101222371829,1.682854277017246,-9.0,-9.0,-0.06493101222371829,-1.8601881216413882,0.2396892093649528,3.759427665648872,-0.0003426291666170482,-0.0007905502329870839,-0.00384578274211871,-0.05712421590659192,0.0876762257626272,0.14229952666687623,0.0,0.0,0.0,0.0,0.0,-0.12175325749806543,11.219028513448308,-30.0,-30.0,43.88486555341463,3.5430423986586344,-9.239689209364952,-12.759427665648872,-0.12175325749806543,11.219028513448308,-46.07742100433269,-33.12324500335795,57.84599822463326,1.300000000000001
0.0,0.0,0.0,0.0,0.0,0.0,0.0,0.0,0.0,0.0,0.0,0.0,0,0.0,-1.5707963267948966,nan,0.13205625040525826,-0.30031184022767304,-0.12044279315704953,0.06967351316001635,-1.5708003837047544,0.13502444722454407,-0.3088653773315334,1.9829260121698038,-0.12636366336867136,0.8441802727343555,-0.34925344416389115,0.7623776529578907,-0.09717344742226908,0.010818035561413405,0.002968196819285812,-0.008553537103860365,-0.005920870211621826,0.0029160403737821185,-0.00129436348157916,0.002593371168873206,-0.0003199072045747854,-11.28488027641712,-4.962373290697913,-0.6639487618710755,0.1187825487076648,-1.5708009120774167,1.9850791382538997,0.636968932265751,-0.7893194330917331,-0.9668756764909109,0,zero,0,-0.11878254870766458,-0.04910903554764845,1.1586730013467876,1.3908775571202003,1.3094426286498708,-0.3715922233747107,0.18195471101342164,1.156519824976039,1.3389783751621527,1.4341370625473109,-0.24968794224161578,0.6629752333769446,0.15878536204938803,-0.14624372951434042,0.10817754519925729,0.6639072283065188,-1.7730240888286044,7.286982750163483,17.841720823711157,1.0,-0.22882016003131866,4.58528251989776e-06,5.283726620675111e-07,0.0,0.0,0.0,1,-0.1372858826209597,2.5414308120256024,-9.0,-9.0,-0.1372858826209597,-0.8669382037468126,-4.434816348443608,-0.32263505170958706,0.0035344173058763184,-0.0007905388407281405,-0.0038364646689807527,-0.04704154733554972,0.08054343898658319,0.15679158632105708,0.0,0.0,0.0,0.0,0.0,-0.25742711910924376,16.942872080170684,-30.0,-30.0,45.68508709684902,3.408369015772415,-4.565183651556392,-8.677364948290412,-0.25742711910924376,16.942872080170684,-75.75179847175998,-87.16158602402665,116.71591250972001,1.310000000000001
0.0,0.0,0.0,0.0,0.0,0.0,0.0,0.0,0.0,0.0,0.0,0.0,0,0.0,-1.5707963267948966,nan,0.13344216682148485,-0.3090684002578057,-0.11823896242648166,0.07062907607544755,-1.5708003400451884,0.13305850984481216,-0.309946503587108,1.9763016448954034,-0.12672297780419017,0.8758819591676796,-0.33518537959585093,0.7675433774558038,-0.2563145166086689,0.008537960825740301,-0.00038365697667269716,-0.0008781033293023266,-0.008484015377708515,0.007742231970031187,-0.003092005696553584,0.006833774979786142,-0.0019186391468700142,-6.791130308977199,-2.9321420028964553,-0.6734537387139347,0.21606658227828057,-1.5708012079433589,1.978376570916083,0.8046270343270471,-0.7893194330944207,-0.9668800690274204,0,zero,0,-0.21606658227828035,-0.1454375062028328,1.1652973682284755,1.3924641209022275,1.307981379315541,-0.37051132666593,0.3157338088116421,1.1632219839868079,1.3289056298145643,1.4818577994084219,-0.1147558974893445,0.661869956016746,0.15852064346418512,-0.14599991967776496,0.10799719729850454,0.6734241503272682,-0.4617485060369986,2.8406263955168116,9.775967628723292,1.0,-0.32851386070251465,4.8811484623101364e-06,8.678981702203714e-07,0.0,0.0,0.0,1,-0.12900780826131306,1.8425107348751593,-9.0,-9.0,-0.12900780826131306,-0.0014314850810120544,-6.953885496088402,-3.5658080226073676,0.004464719660322381,-0.0007905388407308321,-0.003836482098120337,-0.02061378235446812,0.04277502839796747,0.10190955523799267,0.0,0.0,0.0,0.0,0.0,-0.24190475953743307,12.28340489916773,-30.0,-30.0,44.169452722776455,1.8439422199561712,-2.046114503911598,-5.434191977392633,-0.24190475953743307,12.28340489916773,-68.16288613748335,-93.56297495900341,116.40940633643058,1.320000000000001
0.0,0.0,0.0,0.0,0.0,0.0,0.0,0.0,0.0,0.0,0.0,0.0,0,0.0,-1.5707963267948966,nan,0.1333375036032238,-0.31467221391006384,-0.11793998578968073,0.07158292305536751,-1.570800296334697,0.1310874981738065,-0.31101268528535014,1.969689175353995,-0.12708158245459683,0.4950330640114356,-0.18663484527446095,0.4537631954016019,-0.06575812872075815,0.010100666501350856,-0.0022500054294173066,0.0036595286247136927,-0.009141596664916096,0.008431800803955175,-0.0032997292979128905,0.007567544287506719,-0.0017144459206107562,0.7990325616733734,0.338599182560953,-0.6789306248911726,0.24225012540294277,-1.5708011805743531,1.9715956214716939,0.8350861995642748,-0.7893194330944372,-0.9668800690168118,0,zero,0,-0.24225012540294255,-0.17066720234757504,1.1719098374702894,1.3940478351493701,1.306522754446108,-0.3694323712928289,0.33277767322430946,1.1700028121609145,1.3328343403678213,1.476518170484001,-0.08998325314466281,0.6605957817890804,0.15821547336752353,-0.1457188533849025,0.10778929052738288,0.6789301163246166,0.9691282626557832,-2.887429696586594,-2.7861142381205988,1.0,-0.3729970157146454,4.853779456581719e-06,8.842396561625776e-07,0.0,0.0,0.0,1,-0.03832373649098329,0.49561759848674297,-9.0,-9.0,-0.03832373649098329,0.40678509270899316,-8.088396158292177,-5.68263219650937,0.004633731672186232,-0.0007905388407308487,-0.003836482098078243,0.019289831965989705,-0.02223405978836123,-0.0063179668045118065,0.0,0.0,0.0,0.0,0.0,-0.07186149726417268,3.304117323244953,-30.0,-30.0,42.55493338451556,0.08883250577774982,-0.9116038417078229,-3.3173678034906304,-0.07186149726417268,3.304117323244953,-35.466889530195985,-58.4223221163011,68.42507091533429,1.330000000000001
0.0,0.0,0.0,0.0,0.0,0.0,0.0,0.0,0.0,0.0,0.0,0.0,0,0.0,-1.5707963267948966,nan,0.13105707925013765,-0.31524075287654535,-0.12069191992491185,0.07253481081190793,-1.5708002525869835,0.12911205383334584,-0.3120636575044156,1.9630902901132967,-0.12743938534077023,0.24612230880223815,0.030498001262549423,-0.04824332525839581,0.23941312490577127,0.007707486517262245,-0.0019450254167918124,0.0031770953721297346,-0.0067474654158583836,0.005138905162093378,-0.001992972195817274,0.004715062247864972,0.0004523229934988429,8.34424534126898,3.469076473110502,-0.6772261077180182,0.1824811421291319,-1.570800771226262,1.9647961345751845,0.6321688353165862,0.7892284764700506,-0.0004994561770437778,0,zero,0,-0.1824811421291317,-0.1099463313172242,1.1785087225042858,1.3956282959214992,1.3050671260765647,-0.3683556324523842,0.2128624009252455,1.176802547812952,1.3502399117946877,1.4162516020033125,-0.19261321413843793,0.6591532017525187,0.15786996937000022,-0.14540063895689873,0.10755390501182777,0.677250548218025,2.187461617025765,-7.779813182957296,-14.628992942456748,1.0,-0.15886090695858002,4.444431365158152e-06,5.186392781908467e-07,0.0,0.0,0.0,0,0.12246320409950255,-1.5363482439887604,3.2011975534293557,1.0339216717278368,0.12246320409950255,0.25605301246694995,-4.5365247518739915,-4.985513417527688,0.0035077824970691377,0.0007904477435889507,-1.9817914790109643e-06,0.04701104706414522,-0.07234409588336438,-0.1085601663526858,0.0,0.0,0.0,0.0,0.0,0.22963285974030107,-10.242321626591735,10.670658511431187,3.446405572426123,15.188763873009876,-1.7924012564557104,7.737722305303347,6.019435089255525,0.22963285974030107,-10.242321626591735,10.670658511431187,3.446405572426123,15.188763873009876,1.340000000000001
0.0,0.0,0.0,0.0,0.0,0.0,0.0,0.0,0.0,0.0,0.0,0.0,0,0.0,-1.5707963267948966,nan,0.12658575976259565,-0.3103661619584781,-0.12322232928859275,0.07348449681245461,-1.5708002088158288,0.1271328248650414,-0.3130991707568788,1.9565066705029632,-0.12779629484404595,0.6772292677208848,0.2492090519237572,-0.591010417053045,0.2173499860405187,0.005356283993677145,0.0005470651024457596,-0.0027330087984007156,-0.004573965555453197,0.0019484383236601488,0.0003321576687192121,-0.0007952870500409024,0.0017474557769099133,11.662600412719858,4.756789333026543,-0.668884674792969,0.06569741656647565,-1.5708002310940494,1.9580621096552975,-0.20806154420497078,0.7893198918623542,0.9669720091971069,0,zero,0,-0.06569741656647565,0.007787080245979183,1.185092342000479,1.3972051005329984,1.3036148650864787,-0.3672813844868961,0.032527464512295205,1.183536938011602,1.375647510089548,1.3272407489484621,-0.3730001756216149,0.6575427724401086,0.1574842647636253,-0.14504539915771883,0.10729113156123282,0.6689137367468483,2.6354040048019227,-9.045863605820216,-19.005825669099934,1.0,-0.09324238449335098,3.9042991528681625e-06,2.2278220601634757e-08,0.0,0.0,0.0,1,0.27992199182158284,-3.9993038188352226,9.0,9.0,0.27992199182158284,-0.47995607977685645,1.1880848765946947,-1.5483937962320609,-0.0011544932339315282,0.0007905393002075093,0.0038368469073933784,0.06073161573697313,-0.09240071811302288,-0.15926260072905957,0.0,0.0,0.0,0.0,0.0,0.5248865400742224,-26.662025458901486,30.0,30.0,50.111267270455876,-3.5193477390583663,7.8119151234053055,10.54839379623206,0.5248865400742224,-26.662025458901486,53.49180172870521,66.6692538759277,89.53938447413559,1.350000000000001
0.0,0.0,0.0,0.0,0.0,0.0,0.0,0.0,0.0,0.0,0.0,0.0,0,0.0,-1.5707963267948966,nan,0.12118853123093219,-0.3028524849542177,-0.12317787369855546,0.07443173937409586,-1.570800165035079,0.12515046521404183,-0.3141189911231717,1.9499399919598466,-0.1281522197432676,0.920012018299468,0.34148688806638766,-0.8533497370553311,-0.040038048925894465,0.012937356790092074,0.003961933983109636,-0.011266506168954027,-0.004974346044712141,0.006750072535890161,0.0024936043115852966,-0.006208201822555376,0.0008964635561147802,9.392606188825399,3.7585839546939406,-0.6580111490476875,-0.04963082088868842,-1.570799837176583,1.9514412559097976,-0.7073571497268605,0.7893194331026447,0.9668800635446388,0,zero,0,0.0496308208886882,0.12406256026278406,1.1916590205215858,1.398777847709578,1.302166341055563,-0.36620990077715376,0.18176676585238472,1.1901580492619113,1.3986516302973704,1.2517319321455316,-0.5408330914500248,0.655765115859374,0.15705850852182174,-0.1446532711941475,0.10700107166844973,0.6580322740371234,1.917737683141002,-6.0566170204056,-14.255596592420805,1.0,-0.2644526958465576,3.5103816866666193e-06,-3.2785849590766247e-07,0.0,0.0,0.0,1,0.31215099616658815,-4.5,9.0,9.0,0.31215099616658815,-1.4629352092301695,5.259214841424702,2.0937916644164694,-0.0039249878993892475,0.0007905388407390689,0.0038364820763652154,0.05058623499948662,-0.07161185792487128,-0.13396897848656036,0.0,0.0,0.0,0.0,0.0,0.5853197002936211,-30.0,30.0,30.0,51.96482078436865,-3.0370647907698305,3.7407851585752976,6.90620833558353,0.5853197002936211,-35.12183454688032,68.5391391449996,95.59879214462006,122.76248822558898,1.360000000000001
0.0,0.0,0.0,0.0,0.0,0.0,0.0,0.0,0.0,0.0,0.0,0.0,0,0.0,-1.5707963267948966,nan,0.11647241382321148,-0.29664897843506,-0.12244833424520987,0.07537629775807053,-1.5708001212586349,0.12316563420453552,-0.31512290036269863,1.9433919233732493,-0.12850706925171676,0.7783486797577841,0.27312863982144053,-0.720741575868461,-0.10843889617947466,0.02056193717382998,0.0066932203813240415,-0.018473921927638637,-0.006058735006506888,0.009581966765756398,0.0034771064015181753,-0.008927943638047423,-0.00012506225821568625,3.207440401508715,1.2593446790869964,-0.6476123179523469,-0.11326466982666217,-1.5707996966856923,1.9449342234688112,-0.82239259450404,0.7893194330946633,0.9668800690167677,0,zero,0,0.11326466982666217,0.1886409675847327,1.1982070891777703,1.4003461377450903,1.3007219221192496,-0.36514145363560047,0.26802650917362936,1.1966652265039812,1.4080862717072018,1.2247190952241456,-0.6220451182834568,0.653820919492314,0.1565928652994252,-0.14422440671578857,0.10668383750978803,0.6476238307301075,0.19196561349202834,-0.19890581224976267,-3.4527508387840635,1.0,-0.5078827142715454,3.369890795745789e-06,-4.245729425811362e-07,0.0,0.0,0.0,1,0.21174801245905683,-4.138517132209145,9.0,9.0,0.21174801245905683,-2.2903466839022486,7.333703821024027,4.732447824668985,-0.0045632973148318386,0.0007905388407310752,0.0038364820980780682,0.017477584061979547,-0.0206461173678018,-0.05394827035886458,0.0,0.0,0.0,0.0,0.0,0.39705233913192733,-27.590114214727638,30.0,30.0,50.60999953508917,-1.8481704483068966,1.6662961789759727,4.267552175331015,0.39705233913192733,-27.590114214727638,48.66084171093926,78.64297125150351,96.50889335301498,1.370000000000001
0.0,0.0,0.0,0.0,0.0,0.0,0.0,0.0,0.0,0.0,0.0,0.0,0,0.0,-1.5707963267948966,nan,0.11364287600842697,-0.2949948437652204,-0.12351797009983026,0.07631793226421402,-1.5708000775004436,0.12117899600780431,-0.3161106960024661,1.936864126430176,-0.12886075305391814,0.28640640475202234,0.08428996180532972,-0.2641930309607077,0.07159520524190055,0.023048159363487183,0.007536119999377339,-0.021115852237245714,-0.005342782954087882,0.008228240865758785,0.0028749157483955977,-0.007699621868203639,0.0003932305573708132,-5.08476109629938,-1.9588811527573164,-0.6406373437693531,-0.09548768857770118,-1.5707998189658665,1.9385148863263275,-0.8337463945288486,-0.6085342961240587,0.9668800690167921,0,zero,0,0.09548768857770096,0.1718056208419152,1.2047348862813907,1.401909572658343,1.29928197482426,-0.3640763141994988,0.21704274631557438,1.203084608660164,1.3985043207446348,1.2609036667190483,-0.5776654994087815,0.6517109362954057,0.1560875154326848,-0.14375897181506578,0.10633955194501574,0.6406331831191961,-1.6512558470683691,5.9895046614367855,9.787288107052667,1.0,-0.4750647246837616,3.4921709701762893e-06,-2.5853457685798276e-07,0.0,0.0,0.0,0,0.05539464980594169,-1.2648513929312626,1.0402888972669442,8.411257916713502,0.05539464980594169,-2.4780040755085686,5.611473269653496,6.265944671354889,-0.004626297353393216,-0.0006094744115407067,0.003836482098078165,-0.03318786017407772,0.05216004288364862,0.06343894826836807,0.0,0.0,0.0,0.0,0.0,0.1038714603524127,-8.432342619541751,3.4676296575564804,28.03752638904501,29.482919339712215,1.213152682577306,-4.571184372386552,2.1453132453586132,0.1038714603524127,-8.432342619541751,3.4676296575564804,28.03752638904501,29.482919339712215,1.380000000000001
0.0,0.0,0.0,0.0,0.0,0.0,0.0,0.0,0.0,0.0,0.0,0.0,0,0.0,-1.5707963267948966,nan,0.11348944876281693,-0.3003065900767869,-0.12539631847889712,0.0772564043254127,-1.5708000337744872,0.11919121910363081,-0.3170821914031055,1.930358254960597,-0.12921318134230866,0.4952882873923538,-0.18343496585634528,0.43402509109271015,0.15259200906763415,0.018124553153031325,0.005701770340813886,-0.016775601326318612,-0.003816862863411541,0.002666218537259796,0.0006924851088984385,-0.002235623845435091,0.0012771733179579425,-11.671399627893095,-4.410841257502433,-0.6412168920153705,0.005643827934959544,-1.5708001538267906,1.9321202586730208,-0.13871020670947767,-0.7894222700573786,-0.964969254884974,0,zero,0,-0.005643827934959766,0.07161257639045315,1.2112407580017404,1.4034677563499127,1.297846863984177,-0.36301475232409686,0.07488563371134847,1.2094790735515966,1.3766537977365914,1.3424844162338758,-0.41680373964387135,0.6494359846995992,0.15554265493926184,-0.14325714702722156,0.10596834851735834,0.6411890742425737,-2.3191827429983647,8.935076018124228,19.092957489951832,1.0,-0.3160881996154785,3.827031894054755e-06,1.200523032096612e-07,0.0,0.0,0.0,1,-0.08082454136890814,1.4466418979730062,-9.0,-9.0,-0.08082454136890814,-1.9189893513107066,0.059950430439654576,3.668216459309273,-0.0007696760866370122,-0.0007906418365650565,-0.0038289001813085603,-0.05404954012105551,0.0886255579381214,0.15171305532376275,0.0,0.0,0.0,0.0,0.0,-0.15155548728465806,9.644279319820042,-30.0,-30.0,43.509023117790576,3.365631249283713,-9.059950430439654,-12.668216459309273,-0.15155548728465806,9.644279319820042,-47.99560923719847,-40.04797676657332,63.249142617195076,1.390000000000001
0.0,0.0,0.0,0.0,0.0,0.0,0.0,0.0,0.0,0.0,0.0,0.0,0,0.0,-1.5707963267948966,nan,0.11489774504897722,-0.3100682668533663,-0.12472264054883375,0.0781914766020484,-1.570799990094774,0.11720297573585972,-0.3180372158022118,1.9238759542826993,-0.12956426485377737,0.9494405917719783,-0.3396539653931385,0.8806652377473134,-0.10247614415320738,0.009605184109597846,0.0023052306868825007,-0.007968948948845478,-0.004841624304943615,0.004731716305723476,-0.001799518093450957,0.004372946084873028,0.0001679772841360061,-12.169336359135176,-4.509493480429294,-0.648870460398307,0.13872436697949087,-1.5708005756373593,1.9256672365112337,0.5840961806629084,-0.7893194316788301,-0.9668835575805728,0,zero,0,-0.1387243669794911,-0.06053289037744225,1.217723059019796,1.4050202947589605,1.296416952535017,-0.3619570364757927,0.1966203684309696,1.2159317052750542,1.3569443129638714,1.4248500634888348,-0.22106702150363777,0.6469969486103239,0.15495849551823124,-0.14271912733031852,0.10557037145349994,0.6488304619457127,-1.6083966554022162,7.256618098433487,18.62621519620749,1.0,-0.22147484123706818,4.2488424627507015e-06,5.855425850853635e-07,0.0,0.0,0.0,1,-0.14860152808222707,2.187101647015042,-9.0,-9.0,-0.14860152808222707,-0.9938169613029262,-4.536424462483137,-0.40760223063986895,0.00324103664190946,-0.0007905388393130546,-0.0038364959403455992,-0.0435056390143578,0.08041225944624117,0.16361144633156308,0.0,0.0,0.0,0.0,0.0,-0.278645280484206,14.580677646766947,-30.0,-30.0,44.8628332122623,3.1809186083179686,-4.463575537516863,-8.592397769360131,-0.278645280484206,14.580677646766947,-76.65005639912584,-93.02689891041913,121.41626279337451,1.400000000000001
0.0,0.0,0.0,0.0,0.0,0.0,0.0,0.0,0.0,0.0,0.0,0.0,0,0.0,-1.5707963267948966,nan,0.11607177912393057,-0.3196377050412854,-0.12224164548643165,0.07912291307645303,-1.570799946475322,0.11521494136291896,-0.31897561433496896,1.9174188605481461,-0.12991391490606058,0.9618007806372227,-0.31620684478941147,0.8631039655161932,-0.28306451146853095,0.007748306466542168,-0.000856837761011614,0.0006620907063164538,-0.007672269419628924,0.009430490633273695,-0.003301880418711903,0.008654007245954432,-0.001771975697281986,-7.423187167442419,-2.695653304020033,-0.6566456412692938,0.24155118168859424,-1.5708008887948948,1.9191258563748568,0.7803066918135372,-0.7893194330817672,-0.9668800690081152,0,zero,0,-0.24155118168859424,-0.1624282686121412,1.2241801531829601,1.4065667960200445,1.2949926013908026,-0.36090343362530075,0.33732994969472785,1.2224726761829352,1.348297482859575,1.4720077820818476,-0.07972930175669186,0.6443947774074836,0.1543352645500805,-0.14214512214523825,0.1051457756635824,0.6566163107543368,-0.3405039597930369,2.7760213971555148,10.333003142595114,1.0,-0.34634265303611755,4.561999998209387e-06,9.423195725943856e-07,0.0,0.0,0.0,1,-0.13922785377123645,1.4877813777461746,-9.0,-9.0,-0.13922785377123645,-0.19383080406521216,-7.001929829399541,-3.626476363535888,0.004329770787449056,-0.0007905388407181591,-0.003836482098043736,-0.017780046361714243,0.0421823945440279,0.10673659131909846,0.0,0.0,0.0,0.0,0.0,-0.26106854260498114,9.91854251830783,-30.0,-30.0,43.57115608371458,1.6816121818113867,-1.9980701706004593,-5.373523636464112,-0.26106854260498114,9.91854251830783,-68.13685067703099,-98.23000775583526,119.95920342502652,1.410000000000001
0.0,0.0,0.0,0.0,0.0,0.0,0.0,0.0,0.0,0.0,0.0,0.0,0,0.0,-1.5707963267948966,nan,0.11591363888495357,-0.325892808564629,-0.12180202869506418,0.08005047914735619,-1.5707999029301545,0.1132277941041106,-0.31989724803207564,1.9109886000873315,-0.13026204343399936,0.569312829242945,-0.18290070198313524,0.5333469826236892,-0.07877453193062545,0.01071131913768296,-0.0026858447808429664,0.005995560532553346,-0.008460014738935179,0.01006028275235679,-0.0034145482745823546,0.009308509741186459,-0.0017034657425821602,0.42840239210666486,0.1523943484900045,-0.6604500223577949,0.2721877666530388,-1.5708008694907567,1.9125234008403427,0.8188640049123302,-0.7893194330919872,-0.9668800690167749,0,zero,0,-0.27218776665303857,-0.1921372875056826,1.2306104141598069,1.4081068706199356,1.293574169299132,-0.35985420914081634,0.35865360154763454,1.229074998913565,1.3529764233130992,1.4661156074613901,-0.05030593455386475,0.64163048594546,0.1536732050967104,-0.14153535533568215,0.10469472674120589,0.660447536916649,1.0093788176708958,-2.930760488917775,-2.3760806573748834,1.0,-0.41818758845329285,4.542695860365598e-06,9.665606022224438e-07,0.0,0.0,0.0,1,-0.050542211168291905,0.22599251318505562,-9.0,-9.0,-0.050542211168291905,0.17482526481436245,-8.10930833103383,-5.7335766885713895,0.004543717854223121,-0.0007905388407283948,-0.003836482098078097,0.020529061818218855,-0.022707172390378765,0.008913858458103935,0.0,0.0,0.0,0.0,0.0,-0.09477256922612395,1.5066167545670375,-30.0,-30.0,42.45325518596919,0.05116724837069317,-0.8906916689661699,-3.2664233114286105,-0.09477256922612395,1.5066167545670375,-35.082085109802385,-62.219873009836675,71.44469307720931,1.420000000000001
0.0,0.0,0.0,0.0,0.0,0.0,0.0,0.0,0.0,0.0,0.0,0.0,0,0.0,-1.5707963267948966,nan,0.11385746594976599,-0.32693589956173225,-0.12477975986892414,0.08097394172433603,-1.5707998594732901,0.11124221418247132,-0.3208019937950271,1.9045867887546386,-0.13060856302564672,0.263579156378954,0.007059301354829517,0.013834523415179323,0.2631211582212606,0.008856595734308725,-0.0026152517672946712,0.006133905766705139,-0.005828803156722573,0.006697536513566661,-0.0022253648717903314,0.006286776457803017,0.00061740449267398,8.345649219269031,2.9064922542139815,-0.6572679187490703,0.21553830744728475,-1.5708004525865884,1.905918291507663,0.6187746124643763,0.7892072963826242,-0.21017063068764585,0,zero,0,-0.21553830744728497,-0.13456436572294894,1.2370122260948264,1.40964013155443,1.2921620126967537,-0.3588096266811817,0.24067361098454143,1.2356803397800196,1.3702002437125802,1.4056000478934083,-0.1502471168168064,0.6387051545531082,0.15297257590143407,-0.14089006520817043,0.10421740096342828,0.6572886358577723,2.1296099548723317,-7.798478929651861,-14.50614966748364,1.0,-0.19935019314289093,4.125791691844682e-06,5.931132980308007e-07,0.0,0.0,0.0,0,0.10550597672704301,-1.67696029716252,3.2738251493139985,0.0584414863049572,0.10550597672704301,0.02342745833636623,-4.521336895773466,-5.20074669476341,0.0034334605472069683,0.0007904265307807281,-0.0008339357568874937,0.04620417716991843,-0.07252666410559204,-0.1068296899521718,0.0,0.0,0.0,0.0,0.0,0.1978360711176505,-11.1797353144168,10.91275049771333,0.19480495434985734,15.625354178610964,-1.7003877554988862,7.795162045087464,5.259188181068367,0.1978360711176505,-11.1797353144168,10.91275049771333,0.19480495434985734,15.625354178610964,1.430000000000001
0.0,0.0,0.0,0.0,0.0,0.0,0.0,0.0,0.0,0.0,0.0,0.0,0,0.0,-1.5707963267948966,nan,0.10977340274115473,-0.3219594607916801,-0.12778275004214176,0.08189306932227614,-1.5707998161187262,0.10925888336499791,-0.32168974434886627,1.8982150312736958,-0.13095338695822917,0.6772565301897739,0.21007323911378523,-0.5864189323891322,0.2658166240635168,0.003223416758909898,-0.000514519376156819,0.00026971644281381657,-0.003170636916087405,0.002199486064045378,-8.294152363819282e-05,0.0002812270170106392,0.0021798557324946306,12.14037466181165,4.139398676268888,-0.6476133623130552,0.09817981615510485,-1.5707998891521064,1.8993921989409297,-0.18199702424387149,0.7893200093109214,0.9672190029388272,0,zero,0,-0.09817981615510485,-0.01628674683282849,1.2433839842631706,1.4111661944851646,1.2907564855651354,-0.3577699480890511,0.039569396262308126,1.2422067804556978,1.3945346886521681,1.3163029171316647,-0.33256827830899727,0.6356199290337615,0.15223365138897804,-0.14020950451204328,0.10371398529076578,0.6476386374873001,2.5003478250133298,-9.083362119423862,-19.4096771080557,1.0,-0.0744437649846077,3.5623572101073364e-06,7.303338023234573e-08,0.0,0.0,0.0,1,0.2570571012263148,-3.992921155085447,9.0,9.0,0.2570571012263148,-0.6736015424210284,1.2086831895490942,-1.8152404161332745,-0.001009866258025216,0.0007905394178375209,0.0038378269535219653,0.058123817903480895,-0.09270999455462087,-0.16171425566635042,0.0,0.0,0.0,0.0,0.0,0.48201219056125033,-26.619474367236315,30.0,30.0,50.08820970387942,-3.319319612664419,7.791316810450906,10.815240416133275,0.48201219056125033,-26.619474367236315,53.559607502705425,64.76526517124259,88.1589466808958,1.440000000000001
0.0,0.0,0.0,0.0,0.0,0.0,0.0,0.0,0.0,0.0,0.0,0.0,0,0.0,-1.5707963267948966,nan,0.10471026568276165,-0.3136683693520287,-0.12791663181774082,0.08280763215580889,-1.5707997728804342,0.10727848440103689,-0.3225604081725399,1.8918749205826337,-0.1312964292339547,0.9668752855396581,0.3082738094432061,-0.9161755263325022,-0.02091605001264818,0.009853280283490555,0.002568218718275242,-0.008892038820511206,-0.0033797974162138866,0.006374333992476407,0.0019963311079399574,-0.005909892345921711,0.0013114756630328303,10.142107302191228,3.38575565126295,-0.6353811792705533,-0.02164634202505944,-1.5707994687226325,1.8929922367170404,-0.6860407184478495,0.7893194331051928,0.966880025532119,0,zero,0,0.02164634202505944,0.10445397418086833,1.2497240957253961,1.4126846778964304,1.289357939286039,-0.35673543328405644,0.1580564767694836,1.2486069826174275,1.4159431901403954,1.2403320724786053,-0.5069567646215932,0.6323760206652302,0.15145672166548202,-0.1394939404394604,0.10318467736719285,0.635399827272583,1.7462082982219238,-6.104480219384033,-15.050589268080719,1.0,-0.19777366518974304,3.141927735761385e-06,-3.041578016116375e-07,0.0,0.0,0.0,1,0.28562449547029556,-4.5,9.0,9.0,0.28562449547029556,-1.6052443803754624,5.271737442497269,1.8929703276586833,-0.003806707148483446,0.0007905388407416209,0.00383648192553539,0.04705610300068029,-0.07206683358513409,-0.13992228254961053,0.0,0.0,0.0,0.0,0.0,0.5355794027194741,-30.0,30.0,30.0,51.96428432391441,-2.8947556196245374,3.728262557502731,7.107029672341317,0.5355794027194741,-34.48068088667773,68.7530155936698,96.40561440348067,123.32973624167661,1.450000000000001
0.0,0.0,0.0,0.0,0.0,0.0,0.0,0.0,0.0,0.0,0.0,0.0,0,0.0,-1.5707963267948966,nan,0.1001190727131266,-0.30629861359808186,-0.12676446690738147,0.08371740223377522,-1.5707997297723446,0.10530170045961026,-0.3234139094070656,1.8855680371793426,-0.13163760461566637,0.8757120262572787,0.261440902820842,-0.8223256988472538,-0.1493340292071016,0.018534844269956708,0.005182627746483662,-0.017115295808983744,-0.0048731377082849026,0.009894051170265015,0.0030683960552646467,-0.009405453004416715,-0.00012102887906389245,4.012917517020737,1.3117130731491597,-0.6235146439676708,-0.09234226284643432,-1.5707993091623615,1.8867199675470911,-0.8100706186132539,0.7893194330947372,0.966880069016994,0,zero,0,0.09234226284643432,0.17605966508020954,1.256030979982211,1.414195203251987,1.2879667224970892,-0.3557063401559725,0.2532660724364803,1.2548793897623391,1.4235617262220355,1.212944511189855,-0.5974216961956546,0.6289747061997976,0.15064209251849775,-0.13874365462540023,0.10262968552014139,0.6235263951771555,0.005240898834352248,-0.2263943485620039,-4.443011591315885,1.0,-0.4427318572998047,2.9823674649875898e-06,-4.206099832870791e-07,0.0,0.0,0.0,1,0.18604205371967342,-3.9885888487170686,9.0,9.0,0.18604205371967342,-2.3677932782733095,7.339889553894171,4.603753043754048,-0.004494925055801762,0.0007905388407311491,0.003836482098078966,0.013569650524568154,-0.020957600329890514,-0.06176088475533059,0.0,0.0,0.0,0.0,0.0,0.3488506538902558,-26.59059232478046,30.0,30.0,50.07176147252454,-1.620795570443759,1.6601104461058291,4.396246956245952,0.3488506538902558,-26.59059232478046,48.92137938153717,81.64411289220897,98.82430787771521,1.460000000000001
0.0,0.0,0.0,0.0,0.0,0.0,0.0,0.0,0.0,0.0,0.0,0.0,0,0.0,-1.5707963267948966,nan,0.09711716750913693,-0.3034411464939577,-0.12698746968060648,0.08462215345367285,-1.570799686808342,0.1033292145664577,-0.32425018774174347,1.8792959484667313,-0.1319768286623413,0.3836269916024862,0.10294193108371097,-0.3693745438802021,-0.011622127344992905,0.02228226714997904,0.0062120470573207714,-0.020809041247785764,-0.004989358981734832,0.009135331184987173,0.002727050350543731,-0.00871737023632765,-0.00015788732624009202,-4.453281086362889,-1.425324512445366,-0.6149317414292538,-0.08254450183660245,-1.5707994234677274,1.8805505748676712,-0.7991558609969207,-0.6032744747165313,0.9668800690167951,0,zero,0,0.08254450183660245,0.1671666552902753,1.2623030696292168,1.4156973951518763,1.286583180947348,-0.35468292445788263,0.21166212023021475,1.2610488484677258,1.4120611467943742,1.2491041203763922,-0.562964891479104,0.625417327864226,0.1497900854169908,-0.13795894314766136,0.102049228760502,0.6149314444515597,-1.8459978366012872,6.007914557235315,8.837734860372215,1.0,-0.4992627501487732,3.0966728310488634e-06,-2.6334061464794445e-07,0.0,0.0,0.0,1,0.03523933460299526,-1.034556370060465,1.088092852834761,9.0,0.03523933460299526,-2.479290834424899,5.629783928291981,6.306302765812929,-0.004434361178578754,-0.000604206464314757,0.0038364820980781767,-0.037285174749841235,0.05222322270879747,0.05545187226253703,0.0,0.0,0.0,0.0,0.0,0.06607788224825663,-6.897042467069767,3.6269761761158703,30.0,30.99562093685491,1.4447344643644342,-4.541691075457219,2.693697234187071,0.06607788224825663,-6.897042467069767,3.6269761761158703,32.37392628530241,33.298642921107046,1.470000000000001
0.0,0.0,0.0,0.0,0.0,0.0,0.0,0.0,0.0,0.0,0.0,0.0,0,0.0,-1.5707963267948966,nan,0.09645942061883772,-0.30787154831742664,-0.12803870786061128,0.08552166169611297,-1.5707996440022474,0.10136170904154139,-0.32506919827869146,1.873060208097982,-0.13231401776443014,0.3907362382859576,-0.1309758634617103,0.36113912865209374,0.07140490779159736,0.018386676446363496,0.004902288422703668,-0.017197649961264827,-0.004275309903818858,0.003545816206818798,0.0009431918047633336,-0.0033979719535742366,0.00037011943300645656,-11.369311167456447,-3.5622028274108093,-0.6138723239137117,0.012052430081012755,-1.570799755351297,1.8744223559851703,-0.021050998633587142,-0.7894200607104442,-0.9682968108659173,0,zero,0,-0.012052430081012755,0.07346923161510022,1.2685388110116573,1.4171908814892373,1.2852076573528843,-0.3536654396993437,0.07832351288544312,1.2671769573906402,1.3882738906940382,1.331154052345836,-0.4101052701024653,0.6217052933597526,0.14890103751133923,-0.1371401165268614,0.101443536782623,0.6138510068302104,-2.5087261322369,8.995103839495426,18.400678254431583,1.0,-0.32323744893074036,3.4285564005642755e-06,1.1134904953635782e-07,0.0,0.0,0.0,1,-0.09290631094028884,1.776143960541069,-9.0,-9.0,-0.09290631094028884,-1.8376858597871872,0.07627247304556581,3.779539590664423,-0.00011680791653663779,-0.0007906396238049354,-0.00384210358611576,-0.05813532150004371,0.08914813530569599,0.1456535219614426,0.0,0.0,0.0,0.0,0.0,-0.17421022115186358,11.84095973694046,-30.0,-30.0,44.048140445346824,3.613829820328256,-9.076272473045567,-12.779539590664424,-0.17421022115186358,11.84095973694046,-48.05754720245395,-35.52210215146244,60.92278934083715,1.480000000000001
0.0,0.0,0.0,0.0,0.0,0.0,0.0,0.0,0.0,0.0,0.0,0.0,0,0.0,-1.5707963267948966,nan,0.09721666615031352,-0.3171335786140925,-0.12683645960163778,0.08641570491927064,-1.5707996013678172,0.099399864937766,-0.325870911376033,1.8668623553218084,-0.13264908917903717,0.9018523567441141,-0.2719089635251193,0.846031719932433,-0.1537319673580534,0.010718862035797968,0.0021831987874524755,-0.008737332761940497,-0.005812629577399392,0.0036537402770654773,-0.0011818401681110563,0.003368934210944967,-0.0007767587216210422,-12.080388460368898,-3.703287155772698,-0.6200802571055182,0.14085796039151632,-1.5708001677824721,1.8682515312008525,0.6537458391858165,-0.7893194318115622,-0.9668772670824212,0,zero,0,-0.1408579603915161,-0.054442255472245904,1.2747366648791598,1.4186752936071196,1.2838404912523476,-0.35265413703955195,0.19319025288641503,1.2733474567704837,1.36686895555497,1.4141150361517176,-0.21974367770682604,0.6178400758620908,0.1479753016333341,-0.13628749972643747,0.10081284996431084,0.6200465959714736,-1.7595316011103657,7.309560457931287,18.185303085941808,1.0,-0.235686257481575,3.840987575554067e-06,5.664146547346149e-07,0.0,0.0,0.0,1,-0.15591432090845037,2.55193132898194,-9.0,-9.0,-0.15591432090845037,-0.8332081590459827,-4.52762637640717,-0.31191346753026766,0.0036275091148385433,-0.0007905388394459917,-0.003836470980286622,-0.04693595668561331,0.08095397853479953,0.1596624022943468,0.0,0.0,0.0,0.0,0.0,-0.2923576240548479,17.012875526546267,-30.0,-30.0,45.711305020334954,3.3851394880279226,-4.47237362359283,-8.688086532469733,-0.2923576240548479,17.012875526546267,-77.02492496793911,-89.47874174208583,119.28456604576152,1.490000000000001
0.0,0.0,0.0,0.0,0.0,0.0,0.0,0.0,0.0,0.0,0.0,0.0,0,0.0,-1.5707963267948966,nan,0.09785050577526883,-0.3264626931993491,-0.12411549829379154,0.08730406325334061,-1.5707995589187236,0.0974443614816275,-0.3266553124701027,1.8607039143277153,-0.13298196106494034,0.9436245196757321,-0.2589343081093806,0.8544713491186906,-0.3053833193749411,0.00887784982092459,-0.00040614429364133064,-0.0001926192707535912,-0.008866462771148803,0.008698075432645596,-0.0025096803254686688,0.007928399461603872,-0.002549216129163585,-7.395629218770459,-2.216718952030744,-0.6265813058828678,0.24130169201457208,-1.570800466623115,1.862006196062283,0.8084675688468214,-0.789319433083145,-0.9668800690235333,0,zero,0,-0.24130169201457186,-0.15399762876123146,1.280895107040481,1.4201502664552978,1.282482018862538,-0.3516492651805084,0.3300919074812872,1.2795924346914698,1.3571234780742083,1.4615503215966479,-0.0816101248106791,0.6138232140214316,0.14701324629617976,-0.13540143215264647,0.10015741936683024,0.6265557816549782,-0.419229204910491,2.7829566075534578,10.084426519955272,1.0,-0.3517186939716339,4.139828218452379e-06,9.077043916505545e-07,0.0,0.0,0.0,1,-0.1487460922655929,1.785828687776266,-9.0,-9.0,-0.1487460922655929,0.01979653644854175,-6.997687502291629,-3.560600261161615,0.004486030042953166,-0.000790538840719539,-0.003836482098104913,-0.01979653644854175,0.04235551643840024,0.10444924906140574,0.0,0.0,0.0,0.0,0.0,-0.2789163552701911,11.905524585175106,-30.0,-30.0,44.06607890408955,1.7660321513277242,-2.0023124977083713,-5.439399738838385,-0.2789163552701911,11.905524585175106,-68.56504326083775,-95.73226397757823,118.35392191902524,1.500000000000001
0.0,0.0,0.0,0.0,0.0,0.0,0.0,0.0,0.0,0.0,0.0,0.0,0,0.0,-1.5707963267948966,nan,0.0974113221272728,-0.3325944606773251,-0.12362900882378505,0.08818651909499198,-1.5707995166685502,0.09549587551650289,-0.3274224018770797,1.8545863935912557,-0.1333125525174502,0.5632529229741055,-0.15093023171285774,0.5364678070998996,-0.08170809225163389,0.011144063281363211,-0.001915446610769908,0.005172058800245405,-0.009683543693665142,0.00950950908439852,-0.002674588053670702,0.008846394604541456,-0.0022402330838910004,0.5002510076462175,0.1465352445424361,-0.6291789536809262,0.27087033332805555,-1.5708004397790536,1.8557123283238732,0.8359816706531514,-0.789319433092263,-0.9668800690168046,0,zero,0,-0.2708703333280553,-0.18268381423306357,1.2870126290182524,1.4216154387470856,1.2811325729339804,-0.3506510702601839,0.3493571506076502,1.2858861869900882,1.361543308361716,1.4553301044802336,-0.05384185719022395,0.6096563119624403,0.146015255694493,-0.13448226765456422,0.09947750673490374,0.6291763949850852,1.0200369828693359,-2.9925393005022256,-2.4937722032755683,1.0,-0.41191622614860535,4.1129841568121606e-06,9.231105035922837e-07,0.0,0.0,0.0,1,-0.06705028963710899,0.39764435798144177,-9.0,-9.0,-0.06705028963710899,0.40512853313437985,-8.106939445649527,-5.692362500868165,0.004638700467920398,-0.0007905388407286712,-0.0038364820980782144,0.020365825333175776,-0.023146493876686117,0.00778254926563207,0.0,0.0,0.0,0.0,0.0,-0.12572715101651788,2.650962386542945,-30.0,-30.0,42.50933319744463,-0.0074841751529380884,-0.8930605543504733,-3.307637499131835,-0.12572715101651788,2.650962386542945,-35.211369094088255,-60.55688365633273,70.1000719010908,1.5100000000000011
0.0,0.0,0.0,0.0,0.0,0.0,0.0,0.0,0.0,0.0,0.0,0.0,0,0.0,-1.5707963267948966,nan,0.09541792621931976,-0.3335451819297429,-0.1266884276783839,0.08906285720182128,-1.570799474630781,0.09355508094926011,-0.32817219457449537,1.8485112852192873,-0.13364078360310636,0.2739073897229113,0.00526013407102649,0.020092855500214446,0.27311877689426833,0.008981895040794961,-0.0018628452700596432,0.005372987355247549,-0.006952355924722459,0.006277147570174501,-0.0017449028679644542,0.006020892497454492,0.00032672485857871466,8.444825297015926,2.415895410501921,-0.6246963993317418,0.21421590324689932,-1.5708000285383388,1.8494283148994355,0.601689401393024,0.7891849622388832,-0.15206492994198872,0,zero,0,-0.21421590324689932,-0.12515304604507804,1.2930877387037238,1.4230704531161502,1.279792482606493,-0.34965979574568495,0.2305364537206142,1.2921704050823322,1.379376781216996,1.3938517872855527,-0.15414111877286363,0.6053410392842591,0.14498172970430379,-0.13353037452408623,0.098773384496712,0.6247131164440533,2.220458146319589,-7.9098722757515425,-14.473012637584294,1.0,-0.19154080748558044,3.701743442441341e-06,5.539075580429653e-07,0.0,0.0,0.0,0,0.07971643955593423,-1.6499431049936937,3.4067522781652726,0.37989025553222716,0.07971643955593423,0.22604322280404,-4.4756769665229745,-5.113370402964505,0.0033386580181882634,0.0007904041621333068,-0.0006033782266927854,0.0478412996588522,-0.07352768897804474,-0.10688123092846279,0.0,0.0,0.0,0.0,0.0,0.14947766652153427,-10.999620699957958,11.355840927217576,1.2663008517740906,15.86104158393155,-1.8759863277977336,7.882429244688247,5.493260658496732,0.14947766652153427,-10.999620699957958,11.355840927217576,1.2663008517740906,15.86104158393155,1.5200000000000011
0.0,0.0,0.0,0.0,0.0,0.0,0.0,0.0,0.0,0.0,0.0,0.0,0,0.0,-1.5707963267948966,nan,0.09178826753720334,-0.3285367678489604,-0.12989037948291937,0.08993286478680917,-1.5707994328187895,0.09162264820084921,-0.3289047199631073,1.8424800642952315,-0.13396657539421292,0.664163069465177,0.16972259337055123,-0.5740939469394413,0.28761600134289134,0.004096119093742972,-0.00016561933635413084,-0.00036795211414686335,-0.004076195911293545,0.002139846013519399,-3.172846716307365e-05,0.00018630561289375072,0.002131484103752742,12.149765496900743,3.3945501270755294,-0.6135418168480892,0.09836125046863153,-1.5707994765999074,1.8432372411386984,-0.24598878773311791,0.7893201229796882,0.967134193712629,0,zero,0,-0.09836125046863131,-0.008428385681822359,1.2991189610115108,1.424514956273326,1.2784620732647622,-0.34867568232641877,0.034629943816863594,1.2983617704632902,1.4049070553145695,1.3034386711764938,-0.33487860118655083,0.6008791310605054,0.14391308388305477,-0.1325461354959272,0.09804533576389363,0.6135611337334819,2.6341539968187635,-9.190803337058483,-19.17170945055227,1.0,-0.08126815408468246,3.149805010593809e-06,4.3781117842200956e-08,0.0,0.0,0.0,1,0.2235308881586731,-4.088083149242283,9.0,9.0,0.2235308881586731,-0.5312050216813987,1.253831058528673,-1.7182833655322782,-0.0013649441666218234,0.000790539531681893,0.003837490439109798,0.06084219534144916,-0.09374805675993465,-0.160088686608369,0.0,0.0,0.0,0.0,0.0,0.41914661196075964,-27.25388766161522,30.0,30.0,50.427671734418404,-3.556878127560884,7.746168941471327,10.718283365532278,0.41914661196075964,-27.25388766161522,54.493212872009174,65.0868220888548,89.15578912944804,1.5300000000000011
0.0,0.0,0.0,0.0,0.0,0.0,0.0,0.0,0.0,0.0,0.0,0.0,0,0.0,-1.5707963267948966,nan,0.08740564542986437,-0.32031642449336556,-0.13039395923628322,0.09079633161277556,-1.5707993912458305,0.08969924366151212,-0.32962002160966203,1.836494188224333,-0.1342898500032111,0.9269628503683146,0.24592175680018813,-0.8935645002149606,0.01803051443656778,0.010343861803911123,0.0022935982316477505,-0.00930359711629647,-0.0038958907669278675,0.00623531471615835,0.0016154668797781979,-0.005822587627024816,0.0015384699202448194,10.011544757185815,2.731945986836933,-0.5997586097161989,-0.018673032804669587,-1.5707990632062498,1.8371870755408988,-0.7176552062915074,0.7893194331083124,0.9668800443448083,0,zero,0,0.01867303280466981,0.10946936441744537,1.3051048385343345,1.4259485991634282,1.277141666393913,-0.34769896780725923,0.16618137712677578,1.304412120026713,1.427731205706096,1.2265475682821203,-0.5059798251305287,0.596272387839274,0.1428097494696018,-0.13152994774762145,0.09729365433154548,0.5997722260843658,1.8897177274523744,-6.184319237886181,-14.672199171841235,1.0,-0.21044954657554626,2.736411353509993e-06,-3.280395803884062e-07,0.0,0.0,0.0,1,0.25117829713676554,-4.5,9.0,9.0,0.25117829713676554,-1.5157696976223798,5.297407205812418,1.9638376707756322,-0.003982129821852423,0.0007905388407447453,0.0038364820001822344,0.05009226042110421,-0.07288122373529524,-0.13702804198043678,0.0,0.0,0.0,0.0,0.0,0.4709887439279309,-30.0,30.0,30.0,51.96365874721397,-2.98423030237762,3.7025927941875816,7.036162329224368,0.4709887439279309,-35.50505289878544,69.76708099135342,95.63509069744282,123.58942824734098,1.5400000000000011
0.0,0.0,0.0,0.0,0.0,0.0,0.0,0.0,0.0,0.0,0.0,0.0,0,0.0,-1.5707963267948966,nan,0.0834570044190067,-0.31311827795399017,-0.12973977892830968,0.09165305008683355,-1.5707993499250288,0.08778552915121976,-0.3303181569711168,1.830555096078917,-0.1346105306168937,0.8212341172689658,0.2034926500565304,-0.7896281900830193,-0.09748609216561621,0.01839282975980092,0.004328524732213054,-0.017199879017126662,-0.00487075168858403,0.009454870520050996,0.0024292960170526788,-0.009129754420973517,0.0003750754926357099,3.739640935976888,0.9967640963246853,-0.5863815883725216,-0.0859540750271699,-1.5707989081036522,1.8312794488895636,-0.8250862596597627,0.7893194330948361,0.9668800690168619,0,zero,0,0.0859540750271699,0.17760712511400367,1.3110439321977712,1.427371037122069,1.2758315794350807,-0.3467298870017116,0.25749513927469353,1.310319850893642,1.4367443026765665,1.1986040827116624,-0.5921912446510127,0.5915226756431364,0.14167217338421387,-0.130482222899523,0.09651864467822258,0.5863911017656422,0.14005186231662137,-0.2635257551848129,-3.9936734233791964,1.0,-0.443719744682312,2.581308755633671e-06,-4.4182137681758604e-07,0.0,0.0,0.0,1,0.15822464536847736,-4.170602366836506,9.0,9.0,0.15822464536847736,-2.337211632999569,7.352164796788969,4.648351100440946,-0.004578243941363146,0.0007905388407312482,0.0038364820980784416,0.016484452200218443,-0.021400010139357224,-0.05819849664603828,0.0,0.0,0.0,0.0,0.0,0.29668975317546853,-27.80401577891004,30.0,30.0,50.726238952277136,-1.8333907338369366,1.6478352032110308,4.351648899559054,0.29668975317546853,-27.80401577891004,49.78443549837452,80.0439496140533,98.27855923828164,1.5500000000000012
0.0,0.0,0.0,0.0,0.0,0.0,0.0,0.0,0.0,0.0,0.0,0.0,0,0.0,-1.5707963267948966,nan,0.08084027329389007,-0.3105138065642923,-0.13040918355229772,0.09250281535484883,-1.5707993088693697,0.0858821613859177,-0.33099919710091286,1.8246642079436441,-0.13492854153045714,0.3380377311422366,0.07133633598145755,-0.3285511519493911,0.03513937104246134,0.02157536691472817,0.00504188809202763,-0.020485390536620574,-0.004519357978159416,0.008536509646378062,0.0020914047094996854,-0.008262220795773309,0.0004834571394439161,-4.859887719231953,-1.2652823577570769,-0.5762701544343547,-0.07265134340629942,-1.5707990320869667,1.8254896649475816,-0.8311560775076946,-0.584544761888534,0.9668800690167936,0,zero,0,0.07265134340629942,0.16515415876114847,1.3169348219149963,1.4287819300324693,1.2745321256409827,-0.3457686716250783,0.21102485984815442,1.3161096996836816,1.4264701170649143,1.234768067627966,-0.552998702890764,0.5866319259691392,0.14050081822857255,-0.12940338701480486,0.0957206219659378,0.5762712185188011,-1.7330221608459582,6.037111502940798,9.325987270116498,1.0,-0.47968804836273193,2.705292070359633e-06,-2.767824032190447e-07,0.0,0.0,0.0,1,0.018488627699715657,-1.2441313139782963,1.2398221648450873,9.0,0.018488627699715657,-2.512334583139573,5.684883246516932,6.331847611150061,-0.004611924185655339,-0.0005854478162371096,0.0038364820980781706,-0.03478181645955481,0.052353076201369884,0.059354903984127794,0.0,0.0,0.0,0.0,0.0,0.03466834370844864,-8.294208759855309,4.132740549483625,30.0,31.398640819237098,1.2682032691612768,-4.445061081671845,2.668152388849939,0.03466834370844864,-8.294208759855309,4.132740549483625,30.251080240451046,31.638623563765695,1.5600000000000012
0.0,0.0,0.0,0.0,0.0,0.0,0.0,0.0,0.0,0.0,0.0,0.0,0,0.0,-1.5707963267948966,nan,0.08014214124733189,-0.3152330612809904,-0.13164348689413732,0.09334542539589297,-1.570799268091693,0.0839897914501413,-0.33166322633793904,1.818822924260777,-0.1352438081813973,0.4326162995801713,-0.11942378892182276,0.4055225479671909,0.0919036690899433,0.01725447910698128,0.0038476502028094023,-0.016430165056948665,-0.0036003212872599832,0.0030109752752087975,0.0005970544968872567,-0.0027997083876485397,0.0009333439772108744,-11.863473672413019,-3.0161466667606898,-0.5737462093330606,0.02529179444916796,-1.5707993814537309,1.8197563728759114,-0.10761101202184867,-0.7894086271206124,-0.9675982531304019,0,zero,0,-0.02529179444916796,0.06805363094672501,1.322776107241525,1.4301809424822742,1.2732436139314913,-0.3448155501876248,0.0720714140025995,1.3218429098146423,1.4036624083464024,1.3175099421582013,-0.3951213887305448,0.5816021357888044,0.1392961622857723,-0.1282938805994596,0.09489991204016207,0.5737288201666476,-2.4202331745398356,9.085884101557859,18.906532174305568,1.0,-0.29551950097084045,3.0546588343227654e-06,1.1336203797895905e-07,0.0,0.0,0.0,1,-0.09888461215978202,1.547981826160925,-9.0,-9.0,-0.09888461215978202,-1.9272150121834415,0.12765237811212332,3.792794032319066,-0.0005971126752445803,-0.0007906281725515239,-0.0038393317798363067,-0.056162671053242214,0.089916106370885,0.14975216428063567,0.0,0.0,0.0,0.0,0.0,-0.18542023656437656,10.319878841072834,-30.0,-30.0,43.66387843468043,3.4751968383443668,-9.127652378112124,-12.792794032319065,-0.18542023656437656,10.319878841072834,-48.14352159164178,-38.030767582689045,62.2147268267887,1.5700000000000012
0.0,0.0,0.0,0.0,0.0,0.0,0.0,0.0,0.0,0.0,0.0,0.0,0,0.0,-1.5707963267948966,nan,0.08056664782525655,-0.32472541757571466,-0.13032295552112105,0.09418068111670141,-1.570799227604678,0.08210906427651087,-0.3323103419788491,1.8130326251754305,-0.13555625718324665,0.9285419203131998,-0.23052337515550858,0.8845240653814201,-0.1632980374865617,0.009343317023261665,0.0015424164512543165,-0.007584924403134463,-0.0052333016621256,0.004206596309527949,-0.0011367742123688839,0.004023234190112877,-0.00046560020718857884,-12.561464800418157,-3.1166574863958765,-0.5787113813069036,0.1572437926744319,-1.5707998131915435,1.8139945367590524,0.609557524612697,-0.7893194322711301,-0.9668785910717121,0,zero,0,-0.15724379267443211,-0.0630631115577307,1.3285664080299635,1.4315677439203671,1.2719663487492043,-0.3438707478877439,0.19978142225962917,1.3276044536972347,1.3829897998500593,1.4015575421319335,-0.19979438871843352,0.5764353675481309,0.1380586995203206,-0.12715415860229906,0.09405685142982437,0.5786815299727216,-1.6978268524170412,7.426957836501654,18.67146378439887,1.0,-0.2201905995607376,3.4863966469345087e-06,5.855868652204776e-07,0.0,0.0,0.0,1,-0.15831613913599932,2.325982225756156,-9.0,-9.0,-0.15831613913599932,-0.9672347898316421,-4.499589803807757,-0.3059038099139642,0.0033823167108869164,-0.0007905388399062697,-0.003836476233741912,-0.045495588311222974,0.08202104064764987,0.1636558495826854,0.0,0.0,0.0,0.0,0.0,-0.29686131471216826,15.50654817170771,-30.0,-30.0,45.172349538646586,3.2932170155877984,-4.500410196192243,-8.694096190086036,-0.29686131471216826,15.50654817170771,-77.63051936184546,-92.27403970858647,121.57934488790981,1.5800000000000012
0.0,0.0,0.0,0.0,0.0,0.0,0.0,0.0,0.0,0.0,0.0,0.0,0,0.0,-1.5707963267948966,nan,0.0808495454911458,-0.3341804906449477,-0.1273439659692814,0.09500838644613174,-1.5707991874208411,0.0802406181326173,-0.332940653934436,1.8072946698808365,-0.13586581635916012,0.9660188488617542,-0.21513438097828103,0.8824761113646162,-0.328854872775311,0.008633071392278237,-0.0006089273585284938,0.0012398367105116992,-0.00852185038987871,0.009172559244711574,-0.002188205813056945,0.008550197353140158,-0.0024983441796122847,-7.788987143780236,-1.8844515464950466,-0.5841215960263907,0.26066749318022375,-1.5708001298757777,1.8081702450076949,0.792254458251717,-0.7893194330875598,-0.9668800690203191,0,zero,0,-0.26066749318022353,-0.165659106734092,1.3343043650847464,1.4329420088136824,1.2707006299150174,-0.3429344865051226,0.3428026659609446,1.3334284069697844,1.3736268217671272,1.450273267550001,-0.057017930695986443,0.5711337491675975,0.1367889395781388,-0.12598469041495555,0.09319178734731244,0.5840979335198865,-0.3987962260025233,2.918796848744612,10.533707288741194,1.0,-0.3654576539993286,3.803080881326082e-06,9.424549363146184e-07,0.0,0.0,0.0,1,-0.15718521641656535,1.6004278073789744,-9.0,-9.0,-0.15718521641656535,-0.13821949078513684,-6.985126602140779,-3.558621057262705,0.004396066630663042,-0.0007905388407239606,-0.0038364820980921594,-0.019163147174109853,0.043592691196241075,0.10815384776772126,0.0,0.0,0.0,0.0,0.0,-0.29474070207493974,10.66951871585983,-30.0,-30.0,43.748434277234914,1.7386472981641112,-2.014873397859221,-5.441378942737295,-0.29474070207493974,10.66951871585983,-69.38890501334323,-98.62564968081305,121.06099460859708,1.5900000000000012
0.0,0.0,0.0,0.0,0.0,0.0,0.0,0.0,0.0,0.0,0.0,0.0,0,0.0,-1.5707963267948966,nan,0.08024241243881494,-0.34038863228462535,-0.12668920319993265,0.09582834842961696,-1.5707991475525211,0.07838508411574042,-0.33355428437078183,1.801610395963596,-0.13617241477534625,0.5812166196998992,-0.12484009645460231,0.559451120333182,-0.09613611855348869,0.011835931804940854,-0.001857328323074517,0.006834347913843519,-0.009483211575413597,0.009956847344102002,-0.002287023421081685,0.009413145537584471,-0.0023023952730642228,0.22935790567862813,0.05408635186134528,-0.5856682460650088,0.2931190315285819,-1.5708001184585856,1.8023083668301068,0.8266556400234268,-0.7893194330931315,-0.9668800690167989,0,zero,0,-0.2931190315285819,-0.1972906830989647,1.3399886408168902,1.4343034168040227,1.2694467524836959,-0.3420069842939059,0.36703324647710706,1.339290168821065,1.3779311658561102,1.4455702648854887,-0.024965040919347085,0.5656994740421519,0.1354874077865594,-0.12478595987187911,0.09230507768847085,0.5856648657768639,0.9853417644068636,-2.828314086058942,-2.078620187674137,1.0,-0.44865110516548157,3.79166368880135e-06,9.70906064434729e-07,0.0,0.0,0.0,1,-0.08770846937832547,0.2899079686678617,-9.0,-9.0,-0.08770846937832547,0.24362615649037733,-8.102380862579395,-5.692583363414027,0.00458695212921323,-0.0007905388407295409,-0.003836482098078192,0.01988290711891988,-0.02166577884697121,0.011202909207838688,0.0,0.0,0.0,0.0,0.0,-0.1644636590630517,1.9327197911190783,-30.0,-30.0,42.470724671073555,0.046281812177484394,-0.8976191374206053,-3.307416636585973,-0.1644636590630517,1.9327197911190783,-36.2365144063136,-63.45933279390151,73.10221849610484,1.6000000000000012
0.0,0.0,0.0,0.0,0.0,0.0,0.0,0.0,0.0,0.0,0.0,0.0,0,0.0,-1.5707963267948966,nan,0.07837120312054774,-0.3413692383269147,-0.12987278065758787,0.09664037732362729,-1.5707991080118746,0.07654308565584864,-0.33415136733595047,1.7959811187489463,-0.13647598277435122,0.29055804423292153,0.002921085837541415,0.038352307712069544,0.28800094586502456,0.009951982380499306,-0.0018281174646991027,0.007217870990964215,-0.0066032021167633514,0.00670151122601022,-0.0015025490390621185,0.0065195735271273035,0.0003843957881342671,8.43396663557805,1.93632759498986,-0.5802183375773085,0.2386458679440091,-1.5707997149572648,1.7964665001052613,0.6216920392779156,0.7892788829260566,-0.32878742114787074,0,zero,0,-0.2386458679440091,-0.1420054906203818,1.3456179198987293,1.435651652864869,1.2682050065994461,-0.3410884558758637,0.25173140802233884,1.345132225632583,1.3950913212075788,1.3856754198276093,-0.12217288448395869,0.560134801041223,0.13415464515432912,-0.12355846525034037,0.0913970910326031,0.5802321960127146,2.1345128009543086,-7.773712669186129,-14.2925888721614,1.0,-0.2260182946920395,3.38816236844508e-06,6.069453899471e-07,0.0,0.0,0.0,0,0.043912309136686874,-1.6555674663434652,2.999527721828624,-0.4917583110919313,0.043912309136686874,0.0892636821450542,-4.608944357376091,-5.285245239257366,0.003449648783863539,0.0007904982279171272,-0.0013045951568634367,0.04619013598049915,-0.07208593496149956,-0.10474107909745393,0.0,0.0,0.0,0.0,0.0,0.08234072592665831,-11.037116442289769,9.998425739428747,-1.6391943703064378,14.982663141321868,-1.7448311484885193,7.608472079204715,4.793486928165434,0.08234072592665831,-11.037116442289769,9.998425739428747,-1.6391943703064378,14.982663141321868,1.6100000000000012
0.0,0.0,0.0,0.0,0.0,0.0,0.0,0.0,0.0,0.0,0.0,0.0,0,0.0,-1.5707963267948966,nan,0.07512656106665232,-0.33607004992519723,-0.13345581751519772,0.09744428669012528,-1.5707990688108657,0.07471523802725485,-0.3347320483729935,1.7904081306460116,-0.13677645200819638,0.6881527538637273,0.141679442530164,-0.5879869438760454,0.3282567623764693,0.003603615994044218,-0.0004113230393974626,0.0013380015522037603,-0.0033206344929986586,0.002477835376115978,-5.7068737515795576e-05,0.00042571592484524706,0.002440323187953456,12.538890883128769,2.8030856334765484,-0.5678763598409012,0.12193468423933917,-1.5707991563689272,1.7907273492586362,-0.1930693225336174,0.7893196395585357,0.9673673582064062,0,zero,0,-0.1219346842393394,-0.024490397549214116,1.3511909099186674,1.4369864074581984,1.2669756773514884,-0.3401791121335552,0.049400881209533905,1.350871649526189,1.419624430806183,1.2959191563661592,-0.30410721273329544,0.5544420545087126,0.13279120837160677,-0.12230271927042861,0.09046820664247021,0.5678922688219982,2.5298906428160794,-9.174034605513809,-19.492531030812,1.0,-0.07939200103282928,2.8295740306383266e-06,8.755806124582932e-08,0.0,0.0,0.0,1,0.17692909619772448,-4.0046234967393195,9.0,9.0,0.17692909619772448,-0.6221809072442424,1.1203347053291217,-1.944813659336268,-0.0010713042979495486,0.0007905390475139104,0.003838415612184462,0.058649235979489574,-0.09336381492203466,-0.1618988354950213,0.0,0.0,0.0,0.0,0.0,0.33176279054514246,-26.697489978262134,30.0,30.0,50.128495266550715,-3.382442589495077,7.879665294670878,10.944813659336267,0.33176279054514246,-26.697489978262134,53.269609041014824,63.246490311481836,86.89439465115993,1.6200000000000012
0.0,0.0,0.0,0.0,0.0,0.0,0.0,0.0,0.0,0.0,0.0,0.0,0,0.0,-1.5707963267948966,nan,0.07120774253588963,-0.32711156139908226,-0.13416834108740913,0.0982398934910238,-1.5707990299612578,0.07290214786930573,-0.3352964841200852,1.7848927004930675,-0.13707375547137376,0.9761792173174353,0.2105728372813559,-0.9522924273206723,0.04152201090340257,0.00884903396565117,0.0016944053334160963,-0.008184922721002963,-0.002905414383964633,0.006490148326063039,0.0013633601022630427,-0.0060540905333587155,0.0019003321656364605,10.654931152811626,2.3195035370500956,-0.5526149767349969,0.0007027167741071594,-1.5707987288309877,1.7851420060431094,-0.6935679408875897,0.7893194330975242,0.9668799859005409,0,zero,0,-0.0007027167741071594,0.09753717671691664,1.3567063420359184,1.438307376691296,1.2657590446296272,-0.33927916010349474,0.1492575272282684,1.356457156436581,1.4414533067249078,1.2185804219345702,-0.48084902986982403,0.5486236242630033,0.1313976698099652,-0.12101924909505361,0.08951881446429198,0.5526259677237377,1.7953338787664463,-6.262292549372748,-15.371436452344865,1.0,-0.17795349657535553,2.4020360909204896e-06,-3.0113027005285176e-07,0.0,0.0,0.0,1,0.20687017252571913,-4.5,9.0,9.0,0.20687017252571913,-1.5694757623151956,5.222659181587484,1.7913005817527203,-0.0038484742487430524,0.0007905388407339404,0.003836481768281306,0.04803142879148014,-0.07347796329279474,-0.1422190033065972,0.0,0.0,0.0,0.0,0.0,0.3879058175993233,-30.0,30.0,30.0,51.96297211402873,-2.9305242376848044,3.777340818412516,7.20869941824728,0.3879058175993233,-34.93259038774289,69.4635095932868,96.34610041389412,123.80705380592,1.6300000000000012
0.0,0.0,0.0,0.0,0.0,0.0,0.0,0.0,0.0,0.0,0.0,0.0,0,0.0,-1.5707963267948966,nan,0.06760797699065943,-0.3188942030254758,-0.1332878964899433,0.09902701818264581,-1.5707989914746059,0.07110441271642162,-0.3358448418986106,1.7794360729027976,-0.1373678275337038,0.9025773239940285,0.18020303923460962,-0.8765716152131842,-0.11745166597958712,0.01778187443195052,0.0034964357257621925,-0.016950638873134805,-0.004079931043760504,0.01009643664476207,0.0021065320144336864,-0.009862415801106104,0.0004830221112464596,4.466485569697961,0.946950663907329,-0.5376936066988707,-0.07294842816999125,-1.5707985609549266,1.7797140812833383,-0.8151301762633069,0.7893194330945202,0.9668800690172142,0,zero,0,0.07294842816999125,0.17197544635263728,1.362162971635252,1.439614262473569,1.2645553829798244,-0.33838880286931755,0.24870778767610247,1.3618851734429662,1.4496025814969424,1.1896069621563392,-0.57532435144331,0.5426819655969507,0.1299746175223896,-0.11970859632994395,0.08854931512774586,0.5377026557675689,0.057932093070800494,-0.37575385743142564,-4.883585821223303,1.0,-0.4207180142402649,2.2341600303121822e-06,-4.305196794618382e-07,0.0,0.0,0.0,1,0.12583984757741912,-4.110714594186847,9.0,9.0,0.12583984757741912,-2.3606528853805417,7.317257237679773,4.537358414786726,-0.004522999561813878,0.0007905388407309318,0.00383648209807984,0.014709985731371989,-0.02243035498084733,-0.06520234702071397,0.0,0.0,0.0,0.0,0.0,0.23596446198653498,-27.40476396124565,30.0,30.0,50.50818514853715,-1.7500617088063053,1.6827427623202267,4.462641585213274,0.23596446198653498,-27.40476396124565,50.231564122660636,82.84725024575488,100.6874057392016,1.6400000000000012
0.0,0.0,0.0,0.0,0.0,0.0,0.0,0.0,0.0,0.0,0.0,0.0,0,0.0,-1.5707963267948966,nan,0.06507868988588739,-0.31518021765295795,-0.1334304139931343,0.09980548481017926,-1.5707989533622493,0.0693226205377819,-0.33637729929005705,1.7740394676075537,-0.13765860397305907,0.4314279258969089,0.0747494926132325,-0.42464427639642977,-0.014825893616426944,0.02202736497664371,0.0042439306518945175,-0.021197081637099102,-0.0042281899799247735,0.009582055326783976,0.0018993230473767827,-0.009389287768777364,0.00022278115346750609,-4.161796018388976,-0.8593696153013586,-0.526051086596062,-0.06712112384490765,-1.5707986779977028,1.7744192041368336,-0.8147825602632687,-0.5389724624261893,0.9668800690167976,0,zero,0,0.06712112384490787,0.1669266086550869,1.367559578981739,1.4409067726733629,1.2633649614597704,-0.33750823945494435,0.211520200755798,1.3671801286277363,1.438492511294556,1.2247538947795336,-0.5454601767313522,0.536619599277886,0.12852265524327774,-0.11837131702364735,0.08756011994596717,0.5260550860147551,-1.8211493445373779,5.951089112721987,8.379536087227333,1.0,-0.49222081899642944,2.3512028062278034e-06,-2.753645462760801e-07,0.0,0.0,0.0,1,0.0027094134748689882,-1.1659035260575303,1.482108852513247,9.0,0.0027094134748689882,-2.507252006185506,5.7498929904908005,6.266715667647373,-0.004521070707918345,-0.0005398051128196066,0.0038364820980781866,-0.03657640323565715,0.05144826294315069,0.051701220707025736,0.0,0.0,0.0,0.0,0.0,0.005080467794616517,-7.772690173716869,4.940362841710824,30.0,31.381872527870367,1.3413484801279758,-4.267784137977554,2.7332843323526266,0.005080467794616517,-7.772690173716869,4.940362841710824,34.32807254925938,35.54206646078306,1.6500000000000012
0.0,0.0,0.0,0.0,0.0,0.0,0.0,0.0,0.0,0.0,0.0,0.0,0,0.0,-1.5707963267948966,nan,0.06408818921329514,-0.31878211314965466,-0.13419812043405213,0.1005751211021384,-1.570798915635303,0.06755734928691103,-0.3368940437025842,1.768704078804611,-0.13794602200795836,0.32170022713816504,-0.07747705782786274,0.30851510841695684,0.04802884060185475,0.018818179140878688,0.00346916007361589,-0.018111930552929534,-0.003747901573906226,0.004287166866866284,0.0007483771061106395,-0.004195332541785481,0.00046788493803638555,-11.233729661446173,-2.2585137711415624,-0.5222215215051809,0.022990152986807066,-1.5707990220487864,1.7691953884330232,-0.05815494311096961,-0.7893594324295633,-0.9693125297994885,0,zero,0,-0.02299015298680729,0.07758496811533133,1.3728949698754969,1.442184621274773,1.2621880434944557,-0.3366376647177474,0.07999477506381072,1.3724039108946597,1.4146863201040836,1.3069348239505143,-0.39697415425874044,0.5304391115476182,0.12704240238844086,-0.11700798166753144,0.08655165091554962,0.5222101774136693,-2.527145725523524,9.04621433905441,17.97758439367112,1.0,-0.3339511454105377,2.6952538898505907e-06,1.0641348335838074e-07,0.0,0.0,0.0,1,-0.0990593580642103,1.7011798334217012,-9.0,-9.0,-0.0990593580642103,-1.8882762764144496,0.20128997939656051,3.7572691822968003,-0.00032269052216177545,-0.0007905789018603417,-0.003846133855877435,-0.05836345800443103,0.08947997739352659,0.14216458305939644,0.0,0.0,0.0,0.0,0.0,-0.18574790561449522,11.341198889478008,-30.0,-30.0,43.916480898805375,3.589456109836151,-9.201289979396561,-12.7572691822968,-0.18574790561449522,11.341198889478008,-47.37831838232049,-33.29954540323462,59.01035562792134,1.6600000000000013
0.0,0.0,0.0,0.0,0.0,0.0,0.0,0.0,0.0,0.0,0.0,0.0,0,0.0,-1.5707963267948966,nan,0.06400280934320043,-0.32722159667559003,-0.13276460281161948,0.10133575856482224,-1.5707988783046487,0.06580916646138978,-0.33739527192814817,1.7634310745014328,-0.13823002033003604,0.8290396365801644,-0.16628029554265483,0.79382553003714,-0.17175159445103338,0.011689199409436121,0.0018063571181893417,-0.010173675252558134,-0.00546541751841656,0.0026956177732787804,-0.000608540187913697,0.0024908732846521276,-0.0008316154755154178,-11.970704366845023,-2.3414747174870834,-0.5262649043140992,0.1473178450084094,-1.5707994385669086,1.763954655782864,0.6421035661734521,-0.7893194329556529,-0.9668755345703851,0,zero,0,-0.14731784500840917,-0.04598208644358692,1.3781679763064334,1.443447528534461,1.2610248867317433,-0.3357772692417157,0.1871385197387433,1.3776444214570363,1.3929202936173803,1.390689024640789,-0.21065828054589145,0.5241431541224324,0.12553449405510306,-0.11561917519578324,0.08552434071654495,0.5262417651391135,-1.8048083352871638,7.399805068879863,17.792549151617436,1.0,-0.246806338429451,3.1117720120654724e-06,5.602622596967421e-07,0.0,0.0,0.0,1,-0.1526626525073472,2.5545805113869062,-9.0,-9.0,-0.1526626525073472,-0.8847056089507762,-4.456941811289801,-0.32360877987474285,0.0035629083955094724,-0.00079053884059185,-0.0038364641058544935,-0.04781577941394489,0.08176387236006778,0.15642914068546757,0.0,0.0,0.0,0.0,0.0,-0.28626036472407124,17.030536742579375,-30.0,-30.0,45.71784254245554,3.4392861203376826,-4.543058188710199,-8.676391220125257,-0.28626036472407124,17.030536742579375,-77.14076265835152,-87.26982638086041,117.7150839391214,1.6700000000000013
0.0,0.0,0.0,0.0,0.0,0.0,0.0,0.0,0.0,0.0,0.0,0.0,0,0.0,-1.5707963267948966,nan,0.06382125725327076,-0.3357177442692303,-0.12999067739405107,0.10208723257677099,-1.5707988413809328,0.06407862867287566,-0.33788118969109554,1.758221595860925,-0.13851053913639427,0.8711645547887041,-0.1548985698584443,0.8010229830692883,-0.30544442239266445,0.008794019572963352,0.00025737141960489873,-0.002163445421865251,-0.008519861742343204,0.007588602256712515,-0.001435809376321184,0.006988366818254146,-0.0025861293198474935,-7.195324783245417,-1.3678904322151675,-0.5309510152113085,0.2436217440771118,-1.5707997310379842,1.7586601450909984,0.8066830095993017,-0.7893194330933656,-0.9668800690277666,0,zero,0,-0.243621744077112,-0.1415345115003408,1.38337745710899,1.4446952211384665,1.2598757428979401,-0.3349272392306205,0.32069924411213385,1.3829386607889658,1.3826636609813248,1.4390301132570857,-0.07626991813266176,0.5177344441930883,0.12399958102190106,-0.11420549698540884,0.08447863271246273,0.5309323607425335,-0.4716161783753765,2.8700702407290635,9.722649147195321,1.0,-0.33833348751068115,3.4042430874237084e-06,8.896570511396362e-07,0.0,0.0,0.0,1,-0.1584214038143464,1.825947957016222,-9.0,-9.0,-0.1584214038143464,-0.014164747737110135,-6.96432070317787,-3.566124783639631,0.004476127869129147,-0.0007905388407297754,-0.0038364820981217104,-0.020911279038060317,0.04320025075051202,0.10146187949431584,0.0,0.0,0.0,0.0,0.0,-0.29705869832054455,12.172986380108147,-30.0,-30.0,44.139209794473516,1.840112704753332,-2.0356792968221296,-5.433875216360369,-0.29705869832054455,12.172986380108147,-69.04158854649506,-93.52697395911561,116.88586590453592,1.6800000000000013
0.0,0.0,0.0,0.0,0.0,0.0,0.0,0.0,0.0,0.0,0.0,0.0,0,0.0,-1.5707963267948966,nan,0.06294241682791671,-0.34098049693744614,-0.12958808223991614,0.10282938248322648,-1.5707988048745516,0.06236628122758312,-0.3383520111891285,1.7530767565466987,-0.1387875201618391,0.4911126355115429,-0.08335070199384856,0.4791931170182895,-0.0679576179579755,0.00958491145699296,-0.0005761356003335869,0.002628485748317644,-0.00919943792192296,0.008274305253848637,-0.001510204711785664,0.007839656716753868,-0.00217329052954811,0.8522328095346929,0.15733556357324294,-0.5317961173224945,0.26951588134880256,-1.5707997032607133,1.7533354699406525,0.8359791729278646,-0.78931943309424,-0.9668800690168126,0,zero,0,-0.26951588134880256,-0.16668649886557585,1.3885222986168904,1.4459274323590239,1.2587408576533692,-0.3340877564011805,0.3371962916408483,1.3882632545200742,1.3866094834824017,1.433550182532759,-0.05190988188090864,0.5112157644248233,0.12243832974888486,-0.11276756085623413,0.08341498095027083,0.5317944085239971,0.9780979552740299,-2.9290548963550744,-2.817590665085223,1.0,-0.37126249074935913,3.3764658167179107e-06,8.983861619071831e-07,0.0,0.0,0.0,1,-0.10387738202208033,0.43751292573701517,-9.0,-9.0,-0.10387738202208033,0.38898891648990996,-8.092537304251572,-5.68276806261163,0.0046386866085262705,-0.0007905388407306511,-0.003836482098078246,0.019405503437048596,-0.022498118653877987,-0.0066143654630111855,0.0,0.0,0.0,0.0,0.0,-0.19478226518297456,2.916752838246768,-30.0,-30.0,42.526995981967154,0.048524009247105204,-0.9074626957484284,-3.31723193738837,-0.19478226518297456,2.916752838246768,-35.73936015755518,-58.368066089966185,68.50312686881055,1.6900000000000013
0.0,0.0,0.0,0.0,0.0,0.0,0.0,0.0,0.0,0.0,0.0,0.0,0,0.0,-1.5707963267948966,nan,0.061087265613139013,-0.34103979266271045,-0.1327377891780629,0.10356205169058974,-1.570798768795652,0.06067265771734584,-0.3388079586275808,1.7479976420683248,-0.13906090671101112,0.2908030735900291,0.01615277045404137,-0.039665171318797876,0.2876320388974729,0.006718243684408487,-0.00041460789579317314,0.002231834035129665,-0.00632311753294823,0.005055591402915461,-0.0008975294826123949,0.004953236686059388,0.0004678585180903109,8.843166022264846,1.5840609528465146,-0.5253111592504931,0.21010819139793013,-1.5707993081505118,1.7480393842366038,0.615589532433944,0.7892056612462969,-0.003980762449093123,0,zero,0,-0.21010819139793036,-0.10654613970734061,1.3936014153178813,1.4471439022113741,1.2576204704479408,-0.3332589978762277,0.2166204356771548,1.393559510050351,1.4041464147516949,1.3725710772562252,-0.15475973887644687,0.5045899629573504,0.12085142237751721,-0.11130599507090425,0.0823338501603951,0.5253225010459578,2.1995725231167436,-7.8642843121645205,-14.648631989539071,1.0,-0.1500074416399002,2.981355615272463e-06,5.393548598853215e-07,0.0,0.0,0.0,0,0.009124694714836403,-1.6363681917099644,3.292751830780533,1.0178694872702312,0.009124694714836403,0.22311053817030527,-4.5074146781000035,-4.988755109060865,0.003415787154659992,0.0007904248931183035,-1.5795261855151884e-05,0.047304598135252195,-0.07309523367170964,-0.10871889688021188,0.0,0.0,0.0,0.0,0.0,0.017109871957315587,-10.90912127806643,10.975839435935109,3.3928982909007708,15.842664862424687,-1.8594787298802697,7.800166508880537,6.006624596331096,0.017109871957315587,-10.90912127806643,10.975839435935109,3.3928982909007708,15.842664862424687,1.7000000000000013
0.0,0.0,0.0,0.0,0.0,0.0,0.0,0.0,0.0,0.0,0.0,0.0,0,0.0,-1.5707963267948966,nan,0.05827381360318717,-0.3353344232020903,-0.13594666418926246,0.10428508776088163,-1.570798733154119,0.058998279621337184,-0.3392492617479313,1.7429853091265974,-0.13933064369041273,0.6907793104099442,0.11390739139431894,-0.614667258097068,0.2939138031797961,0.005225143932530659,0.0007244660181500162,-0.003914838545841015,-0.0033839795011502694,0.0024077693421245875,0.0001607451208225501,-0.0007942182565109971,0.0022673181453054716,12.358646094663726,2.1477495505076574,-0.5114189086187896,0.09388363053321092,-1.5707987794652096,1.7428590459573436,-0.23523539542161304,0.7893200093424099,0.9669751123830159,0,zero,0,-0.09388363053321092,0.010401457227670718,1.3986137505084788,1.4483443776105802,1.2565148143767249,-0.3324411360778724,0.032400453561575934,1.3987400571305972,1.4295464461559044,1.2827358051578839,-0.3354195338204064,0.4978599534048597,0.11923955673067413,-0.10982144233488406,0.08123571575671963,0.5114296705164156,2.6228518114394763,-9.118960523391564,-19.03998950217631,1.0,-0.09187636524438858,2.4526703130689498e-06,4.6311090518003084e-08,0.0,0.0,0.0,1,0.12730782277010558,-4.109176845378556,9.0,9.0,0.12730782277010558,-0.5316000169606846,1.2182466088066737,-1.5525048115124382,-0.0013052756742395243,0.0007905394178690581,0.0038368592205204853,0.06060936840415831,-0.09315505855672945,-0.15951041804780353,0.0,0.0,0.0,0.0,0.0,0.23871708751191745,-27.394512302523708,30.0,30.0,50.50263646722806,-3.5775768284178717,7.781753391193327,10.552504811512438,0.23871708751191745,-27.394512302523708,54.23841908617836,66.56480023176405,90.12876913063646,1.7100000000000013
0.0,0.0,0.0,0.0,0.0,0.0,0.0,0.0,0.0,0.0,0.0,0.0,0,0.0,-1.5707963267948966,nan,0.05509239796621295,-0.32672703429422484,-0.13647667424987334,0.10499834250620022,-1.5707986979595712,0.05734365591850431,-0.339676157351504,1.7380407849587902,-0.13959667764034137,0.9166191882716707,0.15267919341413402,-0.9034284511438173,0.026397611068224025,0.013508603609435232,0.0022512579522913564,-0.012949123057279188,-0.003120003390468029,0.006846929242974045,0.001123037059054392,-0.006540758800500396,0.0016845480509502311,9.964597464084807,1.6802866120395938,-0.4945616498045167,-0.021145784055746963,-1.5707983819724534,1.737847413831769,-0.7149720138207935,0.7893194331053678,0.9668800632813248,0,zero,0,0.021145784055747185,0.12614412656194718,1.4035582769487156,1.4495286125283413,1.2554241160355226,-0.3316343386206686,0.17875038701802193,1.4037517905467576,1.452186627626551,1.206894354203649,-0.503650211678533,0.4910287148560148,0.11760344631264384,-0.10831455979645715,0.08012106383658611,0.49456812591083343,1.8644060066179664,-6.054990002421385,-14.29585754512798,1.0,-0.2726876139640808,2.055177557025445e-06,-3.159871178048945e-07,0.0,0.0,0.0,1,0.15665843111471697,-4.5,9.0,9.0,0.15665843111471697,-1.5162055161330361,5.276118863755176,2.0907642696799775,-0.003967241306223011,0.0007905388407417961,0.0038364820753204122,0.04963993831127799,-0.07178291077364658,-0.1343001020825871,0.0,0.0,0.0,0.0,0.0,0.29375291789746294,-30.0,30.0,30.0,51.9623545538188,-2.983794483866964,3.723881136244824,6.909235730320022,0.29375291789746294,-35.627476229736786,69.29553898438606,95.56653547875521,123.3054653282894,1.7200000000000013
0.0,0.0,0.0,0.0,0.0,0.0,0.0,0.0,0.0,0.0,0.0,0.0,0,0.0,-1.5707963267948966,nan,0.05227005964835133,-0.31941155301030183,-0.13592810438360906,0.10570167208318049,-1.5707986632213569,0.05570928271073058,-0.3400888888193062,1.733165066683917,-0.1398589567667346,0.786091658317322,0.11879651100878894,-0.7728212751725194,-0.08108489926575146,0.021326792348805294,0.003439223062379246,-0.020677335809004382,-0.003930852383125544,0.009637133745087383,0.0015379461279784478,-0.009495841173149885,0.0005814369634358279,3.452710714763764,0.5650342846188435,-0.4782713630774653,-0.08503644182559444,-1.5707982391097162,1.7330071388571437,-0.824143909241797,0.789319433094744,0.9668800690167679,0,zero,0,0.08503644182559444,0.19073811390877493,1.4084339975168803,1.4506963681498057,1.2543485953764382,-0.33083876820477987,0.2650050331984812,1.4085921233459104,1.460828266493244,1.1806156022565228,-0.5851779767006133,0.48409929187395884,0.11594382030912839,-0.10678601904672742,0.07899039118079487,0.4782781078643931,0.09577564841265784,-0.07351132979805697,-3.4763741382792093,1.0,-0.5245053172111511,1.9123148193855855e-06,-4.2411164091760156e-07,0.0,0.0,0.0,1,0.09001333204792303,-4.158449298109472,9.0,9.0,0.09001333204792303,-2.3354905515669713,7.340776399727049,4.730454158345253,-0.004573015021306386,0.0007905388407311558,0.003836482098078069,0.015613656090987233,-0.01971965192104107,-0.054175047474953913,0.0,0.0,0.0,0.0,0.0,0.1687855466865236,-27.72299532072982,30.0,30.0,50.681288047108445,-1.822958746542501,1.6592236002729512,4.269545841654747,0.1687855466865236,-27.72299532072982,48.83402933283698,78.63349110194656,96.62598667995205,1.7300000000000013
0.0,0.0,0.0,0.0,0.0,0.0,0.0,0.0,0.0,0.0,0.0,0.0,0,0.0,-1.5707963267948966,nan,0.05032763197899672,-0.31687104246179315,-0.1366591556839776,0.10639493708745107,-1.5707986289485452,0.05409564285670591,-0.34048770562895286,1.7283591206479891,-0.14011743097293267,0.2995175429894623,0.03287878153299395,-0.29393273581553303,0.04725770941704788,0.024164112917709396,0.0037680108777091853,-0.023616663167159713,-0.003458275288955065,0.008397537121890895,0.0012422905864872508,-0.008275465747649348,0.0007014345812285001,-5.2650976663691305,-0.8362835014113893,-0.46568965180922717,-0.0681914779583328,-1.5707983804353725,1.7283111161418154,-0.8287648500556428,-0.6435436786203276,0.9668800690167921,0,zero,0,0.06819147795833302,0.1745864150457841,1.413239945864268,1.451847413030387,1.2532884655634506,-0.3300545825091444,0.21377432756077674,1.413288217481952,1.450145168449329,1.218636790912965,-0.5409949167300239,0.4770747944963078,0.11426142358724191,-0.10523650611961735,0.07784420525360375,0.4656935603239411,-1.7641344912420556,6.196501946977711,9.763467647158016,1.0,-0.5041716694831848,2.053640475896401e-06,-2.485131727070211e-07,0.0,0.0,0.0,0,-0.01153696847939647,-1.2185082961448528,0.784503642713312,8.380542733315599,-0.01153696847939647,-2.5060998342042846,5.528755155414531,6.258667425736782,-0.004598655727398269,-0.0006445378795017089,0.003836482098078165,-0.035594858610851,0.05404422942650665,0.0632806156296529,0.0,0.0,0.0,0.0,0.0,-0.021633167971866624,-8.123388640965686,2.6150121423777066,27.935142444385328,29.2095940214685,1.2875915380594318,-4.7442515127012195,2.121875307578817,-0.021633167971866624,-8.123388640965686,2.6150121423777066,27.935142444385328,29.2095940214685,1.7400000000000013
0.0,0.0,0.0,0.0,0.0,0.0,0.0,0.0,0.0,0.0,0.0,0.0,0,0.0,-1.5707963267948966,nan,0.049571088909886374,-0.3216889676652136,-0.13774900242283655,0.10707800264809775,-1.5707985951499182,0.052503205616467104,-0.3408728628696421,1.7236238817692755,-0.1403720518913669,0.4587565045625738,-0.08358941711284554,0.4432767962731232,0.08352258204247232,0.01958314408132313,0.00293211670658073,-0.01918389520442848,-0.002623049468530342,0.0027674102717648833,0.0002704522746758615,-0.002557272450116131,0.001022630331678793,-12.18355772357889,-1.8775224473452237,-0.46134218645381875,0.03153181756510404,-1.57079874594524,1.7236930637527792,-0.10668379298057273,-0.7894340157870662,-0.9649364700851589,0,zero,0,-0.031531817565103815,0.07554618508299349,1.4179751870699202,1.4529815232525756,1.252243932827986,-0.3292819340846404,0.07606361026154576,1.4179062444769506,1.4272896660921248,1.3021467410196985,-0.3806171682144985,0.46995839823515806,0.1125570166955125,-0.10366672149186983,0.07668302420272932,0.4613320928163303,-2.407997473382959,9.105186487883179,19.024564325720007,1.0,-0.35123682022094727,2.419150343158094e-06,1.507953220070135e-07,0.0,0.0,0.0,1,-0.09295316449053406,1.5288780860435771,-9.0,-9.0,-0.09295316449053406,-1.9225808999825318,-0.024565577215488882,3.659796817619928,-0.0005919677162680624,-0.0007906536004405439,-0.003828770094546396,-0.05607085620159401,0.09036277147136289,0.15124258695520565,0.0,0.0,0.0,0.0,0.0,-0.17429807704956696,10.192520573623847,-30.0,-30.0,43.633907176224874,3.451458986026109,-8.975434422784511,-12.659796817619927,-0.17429807704956696,10.192520573623847,-49.53027284850669,-40.16018619133966,64.57558624460174,1.7500000000000013
0.0,0.0,0.0,0.0,0.0,0.0,0.0,0.0,0.0,0.0,0.0,0.0,0,0.0,-1.5707963267948966,nan,0.04946601394259574,-0.3311840713881931,-0.13620487822458338,0.10775073852211747,-1.5707985618339708,0.05093242630652307,-0.3412446207561295,1.7189602528835632,-0.1406227729151807,0.941303340286687,-0.1465704342653404,0.9123345836492103,-0.17948452220669653,0.011085252018017987,0.001466412363927326,-0.010060549367936378,-0.004417894690597307,0.004471087729997428,-0.0007954268993986043,0.004369648490787522,-0.0005139003833477891,-12.702535762222006,-1.8973355211689256,-0.4649759652277863,0.1631710038108103,-1.5707991794428449,1.7190635802259577,0.6045103788455245,-0.7893194310382714,-0.9668835745835158,0,zero,0,-0.1631710038108105,-0.05542026528869304,1.4226388182953729,1.454098482582755,1.2512151963244884,-0.3285209702472519,0.20162670076128902,1.422535513130707,1.4069033094447156,1.3856524704992563,-0.18585860403648802,0.4627533440770779,0.11083137586388021,-0.10207738008304627,0.0755073768593456,0.46495405984704147,-1.6619195391531136,7.330568603133044,18.512103031931286,1.0,-0.24817432463169098,2.85264794808171e-06,6.176088742648744e-07,0.0,0.0,0.0,1,-0.13822843157729445,2.2495577727790126,-9.0,-9.0,-0.13822843157729445,-0.9758680030701594,-4.584294827547125,-0.4134804066057981,0.0033543110760103126,-0.0007905388386715063,-0.003836496007811554,-0.04478882048579206,0.0813004830313257,0.16274014996102906,0.0,0.0,0.0,0.0,0.0,-0.2591945088642311,14.997051818526751,-30.0,-30.0,44.99976383316919,3.225425775849172,-4.415705172452875,-8.586519593394202,-0.2591945088642311,14.997051818526751,-77.91263843999532,-92.90099761907456,122.17181889593743,1.7600000000000013
0.0,0.0,0.0,0.0,0.0,0.0,0.0,0.0,0.0,0.0,0.0,0.0,0,0.0,-1.5707963267948966,nan,0.049233428920193924,-0.34052021983510866,-0.1331348810597402,0.10841301918888213,-1.5707985290089006,0.049383745965459774,-0.341603244142665,1.7143691040894113,-0.1408695492297927,0.9660696114233759,-0.13160953186614754,0.897752506038002,-0.3316773479455193,0.007811570172870412,0.0001503170452658506,-0.0010830243075563573,-0.0077346681700525,0.009347207686207348,-0.0014051944488703031,0.008882394900604124,-0.0025492706642645194,-7.734476434129747,-1.1183061810444028,-0.46914353218066757,0.26494143935196446,-1.5707994842158448,1.7143858760382507,0.7881184286326061,-0.7893194330744638,-0.9668800690081222,0,zero,0,-0.26494143935196446,-0.15652842016308233,1.4272299694394006,1.4551980826280155,1.2502024479859921,-0.32777183297123347,0.3409215150304876,1.4272129452141176,1.3979246278808384,1.432977048352028,-0.045742267210447204,0.45546293848311253,0.10908529300369817,-0.10046921125552762,0.07431780273808472,0.46912510223208526,-0.3603926462897841,2.7569191734871086,10.211431653425015,1.0,-0.3520231246948242,3.15742094825211e-06,9.552069442086975e-07,0.0,0.0,0.0,1,-0.15094901619273587,1.5039655271031585,-9.0,-9.0,-0.15094901619273587,-0.16703734536861914,-7.024346655002543,-3.6299089979171115,0.004373116602925577,-0.0007905388407108444,-0.0038364820980437636,-0.01834144358123703,0.04216391330698595,0.10573457902924688,0.0,0.0,0.0,0.0,0.0,-0.2830470958048676,10.02643684735439,-30.0,-30.0,43.595980910084236,1.6710028724717776,-1.9756533449974567,-5.370091002082889,-0.2830470958048676,10.02643684735439,-68.68322441544504,-97.85042208924561,119.96957935517796,1.7700000000000014
0.0,0.0,0.0,0.0,0.0,0.0,0.0,0.0,0.0,0.0,0.0,0.0,0,0.0,-1.5707963267948966,nan,0.04843781381162787,-0.3465124593359871,-0.13255719947368833,0.10906472394459099,-1.570798496682604,0.04785759102989537,-0.3419490020378361,1.709851272093416,-0.14111233784440635,0.5752357283114673,-0.0730539826998354,0.5646481605707354,-0.08204702006655296,0.009713505728140635,-0.0005802227817325034,0.004563457298150997,-0.00855513837071803,0.010026705482990669,-0.0014213073028755039,0.00966880501676547,-0.0022425249031390437,0.46325870167651173,0.06477610521726535,-0.46933662302864426,0.29516398885855843,-1.5707994623391428,1.7096844910649227,0.8228666369279309,-0.7893194330904908,-0.9668800690167748,0,zero,0,-0.2951639888585582,-0.18609926491396767,1.4317478037927596,1.4562801229929674,1.2492058723796942,-0.32703465878227644,0.36078736961987756,1.431914240622191,1.4025956204233312,1.4264308615011256,-0.017394907150204527,0.44809055338878684,0.1073195757077333,-0.09884295881451508,0.07311485203703749,0.4693334972445783,1.020997397553019,-3.0252700086762916,-2.472037639267315,1.0,-0.40607866644859314,3.135544246468669e-06,9.656565387317073e-07,0.0,0.0,0.0,1,-0.11226584892104101,0.17827990915235628,-9.0,-9.0,-0.11226584892104101,0.1932079327852144,-8.118412101706358,-5.735469192936337,0.004565927684480732,-0.0007905388407268961,-0.0038364820980780964,0.020645843016965072,-0.023462092064497328,0.008085738807851496,0.0,0.0,0.0,0.0,0.0,-0.21051162370343335,1.1885327276823752,-30.0,-30.0,42.44357342623835,-0.014928023632858112,-0.8815878982936418,-3.2645308070636627,-0.21051162370343335,1.1885327276823752,-34.918494601863074,-61.78108297618525,70.97647782300214,1.7800000000000014
0.0,0.0,0.0,0.0,0.0,0.0,0.0,0.0,0.0,0.0,0.0,0.0,0,0.0,-1.5707963267948966,nan,0.04688255392927639,-0.3471940441786921,-0.1358505703030614,0.10970573699673514,-1.5707984648626712,0.04635437302061516,-0.3422821671212707,1.7054075595554665,-0.14135109762347553,0.3074858265650889,0.005204187307127073,0.0348419759270413,0.30546110503039126,0.007393328891786103,-0.0005281809086612327,0.00491187705742141,-0.005500527320414117,0.0067500110383656485,-0.0009112308478376485,0.006666351188719142,0.0005404342593415597,8.705149076289732,1.1755467375919337,-0.4620405445668225,0.23878876617190414,-1.570799063384459,1.7050191727733417,0.5941082455667257,0.7891797401322537,-0.18585967848301138,0,zero,0,-0.23878876617190414,-0.129083029175169,1.436191518692933,1.4573444114365557,1.248225646562525,-0.326309578650674,0.24155453585160078,1.436579716940265,1.4200340213762337,1.3647358618861603,-0.11802672383206483,0.44063962620409847,0.10553504725016466,-0.09719938100802848,0.07189908563775221,0.4620490961700363,2.152256711939129,-7.920222392845732,-14.552128850365497,1.0,-0.18099448084831238,2.736589562513103e-06,5.985217876869342e-07,0.0,0.0,0.0,0,-0.019151427120378508,-1.792673013411814,3.5168255192897857,0.1593714732103029,-0.019151427120378508,0.016951744429025077,-4.444133737504193,-5.182027045333167,0.0032965916520066325,0.0007903989319591238,-0.0007374723630198782,0.04670949970749195,-0.07368847171965098,-0.10731004622808979,0.0,0.0,0.0,0.0,0.0,-0.03591117029885338,-11.951153422745428,11.722751730965953,0.531238244034343,16.749223264496234,-1.809624757840839,7.960959256793979,5.34139851854347,-0.03591117029885338,-11.951153422745428,11.722751730965953,0.531238244034343,16.749223264496234,1.7900000000000014
0.0,0.0,0.0,0.0,0.0,0.0,0.0,0.0,0.0,0.0,0.0,0.0,0,0.0,-1.5707963267948966,nan,0.04454937556351491,-0.34160639716674074,-0.13942579485860118,0.11033594755855392,-1.5707984335563805,0.044874488238705365,-0.3426030152631369,1.7010387344340014,-0.14158578931813595,0.6840876019746527,0.08532935838516872,-0.5908495153817583,0.3340532860879347,0.00240094188743808,0.00032511267519045456,-0.0009966180963961735,-0.0021599944595347698,0.002631804987348005,-3.855660198101194e-05,0.0005043447254203732,0.0025827402652636522,12.627296663506849,1.6468308209371842,-0.4470448792832095,0.12223452633211229,-1.5707985217077198,1.7004786497186788,-0.22686366203712582,0.7893201565993722,0.9671868893210511,0,zero,0,-0.12223452633211229,-0.011898578773558377,1.4405603461788796,1.458390764028875,1.2472619399367204,-0.325596717884486,0.03960520597467662,1.4411204358470684,1.444455166634805,1.274471888839652,-0.3004237870692155,0.43311365981352246,0.10373254658658451,-0.09553925052690741,0.07067107510523547,0.4470525473184665,2.4954619184068703,-9.155495695560028,-19.394265672204252,1.0,-0.06802411377429962,2.194912823050288e-06,8.815133956119325e-08,0.0,0.0,0.0,1,0.0831923023000776,-4.133788169476407,9.0,9.0,0.0831923023000776,-0.7120264204646273,1.2878622636363004,-1.7896512624468903,-0.0012588225462210776,0.0007905395653535155,0.0038376995299420915,0.05818789475985707,-0.09352254302229801,-0.16167504695230311,0.0,0.0,0.0,0.0,0.0,0.15599531651992798,-27.558587796509382,30.0,30.0,50.59150221012114,-3.4217617490117798,7.712137736363699,10.78965126244689,0.15599531651992798,-27.558587796509382,54.715080169322974,64.87436197040374,89.2296079498229,1.8000000000000014
0.0,0.0,0.0,0.0,0.0,0.0,0.0,0.0,0.0,0.0,0.0,0.0,0,0.0,-1.5707963267948966,nan,0.04188506414586291,-0.33247799193750965,-0.140077023545556,0.1109552499434936,-1.5707984027706925,0.04341831747147347,-0.34291182504737117,1.6967455293312714,-0.1418163755976063,0.9523527239240063,0.12081406504201031,-0.9437215013465339,0.042064240748448944,0.010688362114276897,0.0015332533256105577,-0.010433833109861512,-0.0017393520520502803,0.006319845979637422,0.0007783451191263306,-0.005944725389994496,0.0019987176187311424,10.52463537571631,1.3259454573387304,-0.4288912036446665,0.0033207969051036734,-1.5707981095557393,1.69611798572959,-0.7016499599683872,0.7893194331096741,0.9668800320431779,0,zero,0,-0.0033207969051036734,0.10763445303838992,1.444853553645772,1.4594190053079816,1.2463149141053949,-0.3248961960227056,0.1571103993665578,1.445481185579413,1.465535804024308,1.1983495002101134,-0.4743792636611289,0.42551622257600785,0.10191292835399758,-0.0938633545048104,0.06943140268795157,0.42889531145561877,1.6938059783674515,-6.075948488304296,-14.989973239562977,1.0,-0.2099297046661377,1.7827608429499264e-06,-2.932149532064443e-07,0.0,0.0,0.0,1,0.11140762200676209,-4.5,9.0,9.0,0.11140762200676209,-1.653788802477544,5.3162278390951565,1.912661120629146,-0.0038933198081708637,0.0007905388407461092,0.0038364819513706117,0.046156113252372934,-0.07202001506130587,-0.13949666672091438,0.0,0.0,0.0,0.0,0.0,0.20890234765940763,-30.0,30.0,30.0,51.96194415330182,-2.846211197522456,3.6837721609048435,7.087338879370854,0.20890234765940763,-35.12766512728214,69.62770357966649,96.19828379054624,123.83910290174789,1.8100000000000014
0.0,0.0,0.0,0.0,0.0,0.0,0.0,0.0,0.0,0.0,0.0,0.0,0,0.0,-1.5707963267948966,nan,0.039470638200654586,-0.3242291823408394,-0.13913193689732473,0.11156354365966448,-1.5707983725122499,0.041986225707919156,-0.343208877299557,1.6925286408385964,-0.14204282108057337,0.8681544949984995,0.09823341816540127,-0.8545861848856084,-0.11715321311983606,0.019365697714282405,0.0025155875072645703,-0.018979694958717597,-0.002910884183248641,0.00972983235838785,0.00117171240659282,-0.009643323936989388,0.0005504827016857218,4.151802867043524,0.5054465314834589,-0.4113449453764172,-0.06677798367794296,-1.5707979560223058,1.6919407767464871,-0.8150607518201763,0.7893194330948863,0.966880069016952,0,zero,0,0.06677798367794274,0.17834152733760744,1.4490704444997466,1.4604289684367104,1.2453847227281107,-0.3242081267284235,0.25104616687357106,1.4496584420142797,1.4723414896744627,1.1720223800844918,-0.5639994749469031,0.4178509483249814,0.10007706287082188,-0.0921724945182157,0.0681806613178231,0.4113511800126864,-0.09435202689777245,-0.06667269084717597,-4.343480956381859,1.0,-0.46039196848869324,1.6292274089835246e-06,-4.164899438663383e-07,0.0,0.0,0.0,1,0.058337770349906275,-4.017746640003781,9.0,9.0,0.058337770349906275,-2.4129395769613584,7.359922842859083,4.6164054591691,-0.004522614339017566,0.0007905388407312984,0.0038364820980787994,0.011644631261074904,-0.01971111709034325,-0.06101162643497242,0.0,0.0,0.0,0.0,0.0,0.10939015629084245,-26.784977600025208,30.0,30.0,50.17416657245186,-1.604807063042423,1.640077157140917,4.3835945408309,0.10939015629084245,-26.784977600025208,49.009025802142666,81.17044167681632,98.52904243584564,1.8200000000000014
0.0,0.0,0.0,0.0,0.0,0.0,0.0,0.0,0.0,0.0,0.0,0.0,0,0.0,-1.5707963267948966,nan,0.03772773232218087,-0.3206567801917008,-0.13910306833044273,0.11216073350430178,-1.5707983427873662,0.04057856186350103,-0.3434944546203641,1.688388728881626,-0.14226509236656107,0.3880652527297398,0.03352420340555842,-0.3857979469945705,-0.025113985286970286,0.02323112133299371,0.0028508295413201545,-0.0228376744286633,-0.003162024036118344,0.00904295526911016,0.0010028613464674132,-0.008984966597874126,0.00019920932200833893,-4.6338076533417905,-0.5452448811387387,-0.39767093735342296,-0.056899100301145866,-1.570798092814129,1.6879191670950724,-0.7964695632369918,-0.6474282502047742,0.9668800690167948,0,zero,0,0.056899100301145644,0.16905983380544765,1.4532103588126444,1.4614204953594865,1.2444715113764526,-0.32353261768199437,0.20774700046565012,1.4536801312253662,1.4597121915485918,1.210325669769006,-0.5284465965008244,0.4101215363683494,0.09822583613688918,-0.09046748658642181,0.06691945461023131,0.3976770015469278,-1.9608420827097521,6.242185812955421,8.947120035687584,1.0,-0.5223157405853271,1.7660192321855561e-06,-2.499732372207575e-07,0.0,0.0,0.0,1,-0.0215643760660202,-0.9963823644429265,0.7844877954610624,9.0,-0.0215643760660202,-2.510526391346363,5.5368593966563076,6.313678695892932,-0.004419455432300585,-0.000648428452301957,0.0038364820980781754,-0.0397477073052233,0.05438350186788484,0.05635745158218036,0.0,0.0,0.0,0.0,0.0,-0.04043573235706019,-6.642549096286177,2.6149593182035415,30.0,30.837689695904313,1.5141440269034363,-4.752371601195245,2.686321304107068,-0.04043573235706019,-6.642549096286177,2.6149593182035415,31.646362107062846,32.44156809391658,1.8300000000000014
0.0,0.0,0.0,0.0,0.0,0.0,0.0,0.0,0.0,0.0,0.0,0.0,0,0.0,-1.5707963267948966,nan,0.0369095099922288,-0.3247045188412947,-0.139451547631155,0.11274672965822141,-1.5707983136020263,0.03919565851392258,-0.3437688409254441,1.6843264160655917,-0.14248315806730316,0.38175987579671333,-0.056468101962637435,0.3773352344513925,0.013041359997018054,0.019438763166106807,0.00228614852169378,-0.019064322084149377,-0.0030316104361481633,0.00348741396067829,0.00029160411271773965,-0.0034682710680654233,0.0002193603724474024,-11.81149624041748,-1.3427053408664844,-0.392638862803284,0.03746476665427356,-1.5707984571870341,1.6839846832484855,0.0042744653301014235,-0.7894364264233602,-0.9681018898697695,0,zero,0,-0.03746476665427334,0.07528196300394807,1.4572726739767614,1.462393436959141,1.2435754173895972,-0.3228697704742013,0.07767970892074097,1.4576146214830683,1.4349229956243508,1.2945233477779863,-0.37467424414130546,0.40233175148848804,0.09636014983344264,-0.08874916117154522,0.06564839686401445,0.3926329485962906,-2.5958333027077902,9.184423672824428,18.476159878186163,1.0,-0.34819483757019043,2.1303921373672097e-06,1.4358500788347328e-07,0.0,0.0,0.0,1,-0.0818262716393388,1.8393196065241573,-9.0,-9.0,-0.0818262716393388,-1.8478828942943584,-0.021740841106769382,3.783769542334361,2.3718180700492424e-05,-0.0007906560148009934,-0.0038413301593628216,-0.06013377137404081,0.09107506239579297,0.1463339620494229,0.0,0.0,0.0,0.0,0.0,-0.15343384893931894,12.262130710161049,-30.0,-30.0,44.163145172180336,3.6872025008185156,-8.97825915889323,-12.783769542334362,-0.15343384893931894,12.262130710161049,-49.72405458911367,-36.36544470901592,62.811707230139234,1.8400000000000014
0.0,0.0,0.0,0.0,0.0,0.0,0.0,0.0,0.0,0.0,0.0,0.0,0,0.0,-1.5707963267948966,nan,0.03661025586959331,-0.3337869658881352,-0.13740269606938577,0.11332144778027864,-1.5707982849618802,0.03783783163765112,-0.3440323209926647,1.6803422870205746,-0.1426969888381148,0.9165941642872303,-0.10585727536359668,0.8818966979619924,-0.22626823325808676,0.011597576445328866,0.0012275757680578134,-0.010245355104529452,-0.005294292768729031,0.00384565906412023,-0.0005104090629299875,0.003560828357949809,-0.0013598079390669407,-12.554370543220589,-1.3770534152464122,-0.3961347709489691,0.16610176527604525,-1.5707988864212281,1.6800435068418156,0.6670678218112407,-0.7893194310093581,-0.9668776253230227,0,zero,0,-0.16610176527604548,-0.05278031749576684,1.4612568053595858,1.4633476532137237,1.2426965697298866,-0.32221968049942207,0.20057786580673828,1.4615556244956196,1.4128666340060991,1.3788065545036456,-0.18381039720037318,0.3944854239422552,0.09448092132313976,-0.0870183631785231,0.06436811306146979,0.39611697408984065,-1.8105752978035037,7.401857770237058,18.22095007907779,1.0,-0.2557027339935303,2.55962633133322e-06,6.01459348104072e-07,0.0,0.0,0.0,1,-0.11910757275712668,2.582726317495007,-9.0,-9.0,-0.11910757275712668,-0.8270987600916554,-4.583571348357175,-0.3094112257854198,0.0037014302176659546,-0.0007905388386425483,-0.003836472401749013,-0.04816146273939661,0.08201282696576688,0.16000163550589344,0.0,0.0,0.0,0.0,0.0,-0.22334065771071943,17.21817544996671,-30.0,-30.0,45.78772157331289,3.409825077586662,-4.416428651642825,-8.69058877421458,-0.22334065771071943,17.21817544996671,-78.37518742577383,-90.19424708822935,120.72360025576178,1.8500000000000014
0.0,0.0,0.0,0.0,0.0,0.0,0.0,0.0,0.0,0.0,0.0,0.0,0,0.0,-1.5707963267948966,nan,0.036235853568912985,-0.3429883429618431,-0.1340451189778201,0.11388480910182586,-1.5707982568722396,0.03650538036685056,-0.3442851800175471,1.6764368877467586,-0.14290655740928332,0.9680824411095723,-0.09580489701202372,0.894851804882546,-0.35671456627341946,0.008959884046039151,0.0002695267979375762,-0.001296837055703992,-0.008861438431463226,0.00900047472643357,-0.0009772424172438746,0.008324830295153508,-0.0032788325843206966,-7.722766373237582,-0.815923937729022,-0.400355189281095,0.2667749210345558,-1.5707991852858005,1.676055115553159,0.8127246685043521,-0.7893194330742422,-0.9668800690226598,0,zero,0,-0.266774921034556,-0.15289011193272994,1.4651622069585477,1.4642830133533187,1.2418350888383995,-0.3215824368487943,0.33793196374425133,1.4655437755453025,1.402788986581731,1.4266145167883737,-0.04540692344589467,0.38658644946098264,0.09258908365005035,-0.08527595195511152,0.06307923886835222,0.4003390687117114,-0.44195571321898114,2.786810623303766,10.110603884016285,1.0,-0.36333519220352173,2.8584909039786055e-06,9.284135611409283e-07,0.0,0.0,0.0,1,-0.14161291461664174,1.7690360045162894,-9.0,-9.0,-0.14161291461664174,0.0223402299147406,-7.0241500824591485,-3.559185927316016,0.00450965186489807,-0.0007905388407106225,-0.003836482098101447,-0.02037734426000559,0.042537464972755255,0.10465347542416292,0.0,0.0,0.0,0.0,0.0,-0.2655408112069037,11.79357336344193,-30.0,-30.0,44.03588178521356,1.7466957746015488,-1.9758499175408515,-5.440814072683985,-0.2655408112069037,11.79357336344193,-69.18931452842043,-96.28219034485258,119.14940330155422,1.8600000000000014
0.0,0.0,0.0,0.0,0.0,0.0,0.0,0.0,0.0,0.0,0.0,0.0,0,0.0,-1.5707963267948966,nan,0.03545770198983296,-0.349017754033587,-0.13334198981506684,0.11443674052117148,-1.5707982293380718,0.03519858674641069,-0.3445277031777547,1.6726107249596867,-0.14311183861747945,0.588155961549536,-0.05286420413598489,0.5786887911536254,-0.09084103709493807,0.01075535415592331,-0.00025911524342227266,0.004490050855832262,-0.009769848802412606,0.009847014979896124,-0.0010021492853691607,0.009391190828330759,-0.0027865634121636224,0.40962955064005735,0.04163370403921185,-0.40049810340623637,0.2971778787310806,-1.5707991633207965,1.6720434555652728,0.8378827056783893,-0.7893194330904494,-0.966880069016803,0,zero,0,-0.29717787873108037,-0.18274113820990934,1.4689883720557657,1.465199396016858,1.240991086490522,-0.32095812220338005,0.35727946807588146,1.4695553533505434,1.407114153182817,1.420018535495081,-0.01727477740385577,0.37863878925047645,0.09068558553965679,-0.08352280129188559,0.06178242063387445,0.40049459038364976,1.0183857228287354,-3.055285406030724,-2.4486392718158667,1.0,-0.41691282391548157,2.836525899940767e-06,9.339827249377208e-07,0.0,0.0,0.0,1,-0.12273443246158698,0.3295168702789849,-9.0,-9.0,-0.12273443246158698,0.4031845984741369,-8.118028018970547,-5.691778668408386,0.004649248943288541,-0.0007905388407268547,-0.0038364820980782083,0.020254190932110984,-0.023623393008019387,0.008111333579202915,0.0,0.0,0.0,0.0,0.0,-0.2301414447057697,2.196779135193233,-30.0,-30.0,42.48386521555438,-0.073667728195152,-0.8819719810294533,-3.3082213315916142,-0.2301414447057697,2.196779135193233,-35.16256969948668,-61.09781304808148,70.52820620704149,1.8700000000000014
0.0,0.0,0.0,0.0,0.0,0.0,0.0,0.0,0.0,0.0,0.0,0.0,0,0.0,-1.5707963267948966,nan,0.03413639957537792,-0.3498315741346304,-0.13667096302470577,0.1149771746980337,-1.5707982023639988,0.03391771550073639,-0.34476017520745905,1.6688642654355232,-0.14331280943720026,0.3181823252600951,0.004043116878074682,0.058134807133908284,0.31280023899181164,0.008359487638018397,-0.00021868407464152584,0.0050713989271713444,-0.00664184641249449,0.0066712729022384175,-0.0006400126634943088,0.006636613237171487,0.0002272238255723218,8.623299710483822,0.8415241879736723,-0.39281881419148346,0.24177160798348485,-1.5707987725876826,1.6680700512498232,0.577996896586106,0.7891834404700744,-0.19851770897262805,0,zero,0,-0.24177160798348485,-0.12679443328545137,1.4727348338727864,1.4660966894089347,1.2401646656515213,-0.3203468127273327,0.23828854497114724,1.4735288946720921,1.4249577084249774,1.3576802522560916,-0.11717577325443237,0.37064646999102,0.08877139139885465,-0.08175979942224011,0.06047831539070745,0.39282445341916705,2.2184615934404053,-8.00419522336948,-14.449996783496847,1.0,-0.1903008222579956,2.445792786076595e-06,5.702236838267538e-07,0.0,0.0,0.0,0,-0.052569870140355225,-1.7646821083329196,3.5890249258954694,0.17945951209137403,-0.052569870140355225,0.2014722196357064,-4.419521344192115,-5.152567703027642,0.003207192895217098,0.0007904026380135404,-0.0007876981448169157,0.04786317053782499,-0.07439556526131784,-0.10659086738915641,0.0,0.0,0.0,0.0,0.0,-0.09857466742988041,-11.76454738888613,11.963416419651566,0.5981983736379135,16.789742879348037,-1.966154327968626,8.008546270087585,5.332027215119016,-0.09857466742988041,-11.76454738888613,11.963416419651566,0.5981983736379135,16.789742879348037,1.8800000000000014
0.0,0.0,0.0,0.0,0.0,0.0,0.0,0.0,0.0,0.0,0.0,0.0,0,0.0,-1.5707963267948966,nan,0.03227169195384475,-0.3444106291029742,-0.14045190845927227,0.1155060501480003,-1.5707981759542906,0.032663013807945895,-0.3449828799823924,1.6651979353563124,-0.1435094490122503,0.6713429739491098,0.061000592874266985,-0.5643649806589546,0.3584305859516468,0.0031351488155424473,0.000391321854101144,-0.0005722508794182013,-0.003057540552978022,0.0026212687846924494,-1.996914678002547e-05,0.0006608060709239745,0.002536530427850202,12.525426948710814,1.1737345909483694,-0.37688009570583514,0.12664383164915716,-1.5707982410973291,1.6642276159586118,-0.2817520705988442,0.7893201368927307,0.9671925332505285,0,zero,0,-0.12664383164915716,-0.011137781501156852,1.4764011662253311,1.466974791456619,1.2393559203321158,-0.3197485779610614,0.03837081390659767,1.4773714887157305,1.4503059836999492,1.2663931508242314,-0.2982423730562722,0.36261358383737635,0.08684748131595323,-0.07998784902239008,0.05916759085498078,0.3768837972925319,2.602569981843107,-9.267470310883683,-19.245201065947903,1.0,-0.07353496551513672,1.914302432570736e-06,6.514303851901104e-08,0.0,0.0,0.0,1,0.0337387678990674,-4.208195882593165,9.0,9.0,0.0337387678990674,-0.5805361842224623,1.3126899542794446,-1.7703021439739752,-0.001563387700478254,0.0007905395456164295,0.0038377219244821142,0.06032781636993589,-0.09453599319954406,-0.1605198847491812,0.0,0.0,0.0,0.0,0.0,0.0632641438197401,-28.054639217287768,30.0,30.0,50.86321641386901,-3.627659698370702,7.687310045720555,10.770302143973975,0.0632641438197401,-28.054639217287768,55.46178570690096,64.51025590799942,89.58040843330562,1.8900000000000015
0.0,0.0,0.0,0.0,0.0,0.0,0.0,0.0,0.0,0.0,0.0,0.0,0,0.0,-1.5707963267948966,nan,0.030195977913375378,-0.33544738170373106,-0.14144695866706014,0.11602331133698485,-1.5707981501128656,0.03143471108112223,-0.3451961001163716,1.6616121196552327,-0.14370173868727265,0.925041008797686,0.08474113136457094,-0.9176467533222321,0.08027605327655118,0.010082460190319723,0.0012387331677468534,-0.009748718412640522,-0.00225478002021251,0.006112072542663598,0.0005506535189144721,-0.005667077576988077,0.002222260831965572,10.404963045244356,0.9366915182024783,-0.35755206243472204,0.009330205815463843,-1.5707978355936323,1.6605748493557626,-0.7280270473575418,0.7893194331096343,0.9668800342117019,0,zero,0,-0.009330205815463621,0.10669310552152123,1.479986984178042,1.46783360996627,1.2385649354440489,-0.3191634807143968,0.15936934439450184,1.4810243063069755,1.4725782278863224,1.1890945336863892,-0.470582369385073,0.3545442884187794,0.08491485106067355,-0.07820786721136871,0.05785092542628124,0.3575529784329782,1.8185362524833169,-6.1945682483973155,-14.823071866078195,1.0,-0.2020374834537506,1.5087987357276234e-06,-3.145192333242619e-07,0.0,0.0,0.0,1,0.06415278255772364,-4.5,9.0,9.0,0.06415278255772364,-1.5696435781716258,5.330790018006746,1.9241313533747175,-0.004039681160231194,0.0007905388407460691,0.003836481959975095,0.048752959051159304,-0.07313958577116278,-0.1381583067143921,0.0,0.0,0.0,0.0,0.0,0.12029398566983618,-30.0,30.0,30.0,51.961663470706824,-2.930356421828374,3.669209981993254,7.075868646625283,0.12029398566983618,-36.049072778491265,70.70325299638787,95.5394687754036,124.20261751263337,1.9000000000000015
0.0,0.0,0.0,0.0,0.0,0.0,0.0,0.0,0.0,0.0,0.0,0.0,0,0.0,-1.5707963267948966,nan,0.028325830017005244,-0.3273491313278081,-0.14089323831651698,0.11652890877568378,-1.57079812484328,0.030233018756252224,-0.34540011657005326,1.6581071613618574,-0.1438896620393338,0.8362087224050947,0.06684555715001268,-0.8302266829604665,-0.07416437026042944,0.018397119128535408,0.0019071887392469802,-0.018050985242245188,-0.0029964237228168045,0.009383652954975822,0.0008113034813300628,-0.009296442654785748,0.0009853341600128754,4.021016859839879,0.34796055560526984,-0.3389551257565458,-0.059232698550385265,-1.570797687096629,1.657115999045414,-0.8278686598315566,0.7893194330948932,0.9668800690169294,0,zero,0,0.059232698550385265,0.17576160732606905,1.4834919446992265,1.4686730627803524,1.237791786655658,-0.3185915769597561,0.2519867246830772,1.4844831843280417,1.4806450414066095,1.1616684411990066,-0.5585045504829963,0.3464428068389414,0.08297451208415009,-0.0764207855510292,0.05652900818765403,0.3389601258366618,0.030210672766725344,-0.16680359570413783,-4.172636951739715,1.0,-0.43820720911026,1.3603017325891642e-06,-4.3774665137163993e-07,0.0,0.0,0.0,1,0.028618207982679868,-4.199995156848793,9.0,9.0,0.028618207982679868,-2.385024768463518,7.3673256562189655,4.622665493873748,-0.004593682941322031,0.0007905388407313053,0.0038364820980787097,0.014314313636103148,-0.02070954828720772,-0.05962832562327877,0.0,0.0,0.0,0.0,0.0,0.05366249387339184,-27.999967712325287,30.0,30.0,50.833070648491294,-1.8149703883852748,1.6326743437810345,4.377334506126252,0.05366249387339184,-27.999967712325287,50.21509469578988,80.35528273603401,98.80550728805363,1.9100000000000015
0.0,0.0,0.0,0.0,0.0,0.0,0.0,0.0,0.0,0.0,0.0,0.0,0,0.0,-1.5707963267948966,nan,0.02695192355317064,-0.3238895855067946,-0.14117578387752514,0.11702279911403135,-1.5707981001487321,0.029058130086485764,-0.3455952082726569,1.6546833609474105,-0.14407320490957357,0.3661391135096786,0.019901779406814382,-0.365463752361711,0.009900269076837387,0.021999209400609277,0.002106206533315124,-0.021705622765862298,-0.0028974210320484306,0.00867504990735286,0.0006723575227493674,-0.008618799185682117,0.0007216140613586306,-4.76862535381359,-0.39685648163420684,-0.3244051079656833,-0.048046379185247234,-1.5707978322691911,1.653822016818866,-0.8276424574439465,-0.6064811155557778,0.9668800690167945,0,zero,0,0.04804637918524701,0.16506917829927836,1.4869157473156025,1.4694930779342483,1.2370365402474484,-0.3180329157253088,0.20658760665108783,1.4877772481651252,1.4691239107093208,1.1993550529542536,-0.5211527480141419,0.3383134276760531,0.08102749151893081,-0.07462755004604467,0.055202538905602824,0.3244124864374601,-1.8630979674334254,6.216020304181892,9.13803306917617,1.0,-0.48733553290367126,1.5054742945608268e-06,-2.678795407717871e-07,0.0,0.0,0.0,1,-0.027187811586915085,-1.2088041302874075,1.1099972129689928,9.0,-0.027187811586915085,-2.54516821494742,5.647458929973045,6.316626481341331,-0.004592427788059602,-0.0006074180590448652,0.003836482098078174,-0.03751187607036772,0.05394238649116707,0.05784892293658642,0.0,0.0,0.0,0.0,0.0,-0.05098033299627805,-8.058694201916051,3.699990709896643,30.0,31.28314374367879,1.3363640846600127,-4.537461717004052,2.6833735186586694,-0.05098033299627805,-8.058694201916051,3.699990709896643,30.744381494202855,31.99768860322183,1.9200000000000015
0.0,0.0,0.0,0.0,0.0,0.0,0.0,0.0,0.0,0.0,0.0,0.0,0,0.0,-1.5707963267948966,nan,0.02623223758662914,-0.32793239950308295,-0.1416432978989843,0.11750494523565647,-1.5707980760320521,0.02791021994233698,-0.34578165175736786,1.6513409756700308,-0.1442523554349271,0.3890774084258473,-0.04282241776072844,0.38563705115773894,0.02883634961056425,0.018116804686506435,0.0016779823557078397,-0.01784925225428491,-0.002609057535942788,0.00324390020378208,0.0001624680140439004,-0.003169343082802603,0.0006721287823039154,-11.944098160305856,-0.9555241552803774,-0.3189083160475202,0.047354519116445726,-1.5707982106136247,1.6506223387873982,-0.0766643849337377,-0.7894246783618054,-0.9679923624414446,0,zero,0,-0.047354519116445726,0.07015042611921096,1.4902581347670383,1.4702935938130728,1.2362992529676655,-0.3174875389881426,0.07201472604995489,1.490976955145563,1.4450613805920347,1.2839023177019147,-0.36526711317197585,0.33016050498277555,0.07907483217897517,-0.07282912114390631,0.053872228030088364,0.3189055587971164,-2.5395085738700383,9.25544234464146,18.698191978004843,1.0,-0.31506556272506714,1.883818728121156e-06,1.3458157255286096e-07,0.0,0.0,0.0,1,-0.06592123228180763,1.634790981521452,-9.0,-9.0,-0.06592123228180763,-1.9349727104062693,0.08613627070287526,3.7845378954877362,-0.0004253958319290788,-0.0007906442485900363,-0.00384089556563038,-0.05877202874482821,0.09159119393449681,0.1481001167976145,0.0,0.0,0.0,0.0,0.0,-0.12361003615564903,10.898606543476347,-30.0,-30.0,43.804051228517025,3.5697636919277214,-9.086136270702875,-12.784537895487736,-0.12361003615564903,10.898606543476347,-49.2253935963814,-37.44123469294486,62.79952495108055,1.9300000000000015
0.0,0.0,0.0,0.0,0.0,0.0,0.0,0.0,0.0,0.0,0.0,0.0,0,0.0,-1.5707963267948966,nan,0.025861326088466665,-0.33686890120079893,-0.13952639487050741,0.11797531635233738,-1.5707980524957035,0.026789444617449865,-0.34595972081110354,1.6480802189200179,-0.14442710407992834,0.9084277931147029,-0.074986382672464,0.8758432643980296,-0.229165167347814,0.010369250500698878,0.0009281185289831996,-0.009090819610304612,-0.004900709209420928,0.0038921602388808513,-0.000390905351697867,0.003719476668742488,-0.0010777743928203614,-12.672034982858351,-0.9729017627961299,-0.32255276783625286,0.17684188793370148,-1.570798655253394,1.6474181635066334,0.6304490918296346,-0.7893194318347572,-0.9668778310770165,0,zero,0,-0.17684188793370126,-0.0588665715813641,1.493518893661306,1.4710745593084877,1.2355799718878644,-0.3169554815674275,0.20277695016386785,1.4941809837377698,1.42334040912198,1.3692573221723243,-0.17214570951668462,0.3219884582862563,0.07711759255965812,-0.07102647373492713,0.05253879669453118,0.3225380500731164,-1.7920479353436345,7.52822413602001,18.445503997689517,1.0,-0.23784391582012177,2.328458497125041e-06,6.027576904266141e-07,0.0,0.0,0.0,1,-0.09617925804427555,2.419008114724092,-9.0,-9.0,-0.09617925804427555,-0.9477574011033172,-4.523650270325568,-0.3098135369851267,0.0034982399733540035,-0.0007905388394692226,-0.0038364732181600026,-0.0476101763417278,0.08311770794495217,0.16183559507101142,0.0,0.0,0.0,0.0,0.0,-0.18034738054430066,16.12672076482728,-30.0,-30.0,45.38836467426846,3.3667655158274092,-4.476349729674432,-8.690186463014873,-0.18034738054430066,16.12672076482728,-78.64399010918353,-91.51512063991198,121.73741468355315,1.9400000000000015
0.0,0.0,0.0,0.0,0.0,0.0,0.0,0.0,0.0,0.0,0.0,0.0,0,0.0,-1.5707963267948966,nan,0.025417968810002987,-0.3458304315959502,-0.13602020248702626,0.11843388809845812,-1.5707980295417778,0.025695941639556227,-0.34612968613929357,1.6449012595651045,-0.1445974436685962,0.9551502138372524,-0.06501456994299597,0.8791565066961271,-0.3676531972149011,0.008586960373875074,0.00027797282955323993,-0.00029925454334334134,-0.008577241181569939,0.008933760137981249,-0.0006928078452233424,0.008325958517617353,-0.0031639377768051613,-7.816153220058818,-0.574509478062348,-0.3271713143405334,0.2782575045355513,-1.5707989688459583,1.644164589631641,0.8008035797496176,-0.7893194330834766,-0.9668800690221601,0,zero,0,-0.2782575045355511,-0.1598236164370932,1.496697855128816,1.471835933975515,1.2348787342584842,-0.31643677101758294,0.34395863290614603,1.4974343345779226,1.4132164530129123,1.4185303926992878,-0.03158097670701704,0.31380177258810543,0.07515684683776427,-0.06922059715223648,0.05120297671580764,0.327156968088227,-0.46207847261053675,2.945102156819558,10.320262678921209,1.0,-0.3664178252220154,2.6420510614855175e-06,9.393041802141511e-07,0.0,0.0,0.0,1,-0.1300811072473966,1.6612057989770557,-9.0,-9.0,-0.1300811072473966,-0.1003620497633632,-6.996545969936004,-3.5601108146104314,0.004443504050985471,-0.0007905388407198711,-0.0038364820980994643,-0.020645014250749688,0.04397515608940174,0.10638099743258192,0.0,0.0,0.0,0.0,0.0,-0.24391732092142623,11.074705326513705,-30.0,-30.0,43.848701163529995,1.761567848740419,-2.0034540300639962,-5.439889185389569,-0.24391732092142623,11.074705326513705,-69.9219025807464,-97.70947961705463,120.6603640856249,1.9500000000000015
0.0,0.0,0.0,0.0,0.0,0.0,0.0,0.0,0.0,0.0,0.0,0.0,0,0.0,-1.5707963267948966,nan,0.0246831719085984,-0.35160446325138883,-0.1352123627085454,0.1188806426254636,-1.5707980071719907,0.024629829586237946,-0.3462918150463022,1.641804221295697,-0.1447633694164224,0.5705387058556827,-0.03313151519136956,0.5611902748429987,-0.09737655263070688,0.010929263721233776,-5.334232236045566e-05,0.005312648205086645,-0.009551006707877008,0.009699562884058967,-0.0006815424143912258,0.009275490976442508,-0.00275359532704675,0.3429259323055639,0.024090606289831784,-0.3276289053529211,0.30935224859664845,-1.570798961501329,1.6408845992633718,0.83163699098533,-0.7893194330923325,-0.966880069016802,0,zero,0,-0.30935224859664867,-0.19047160597118484,1.4997948954773745,1.4725776881893526,1.2341955673644172,-0.3159314275214412,0.3663244511666813,1.5007142463856553,1.417095311332406,1.4136861931445717,-0.0014515721541538,0.30560499836442,0.07319368487149369,-0.06741249517178556,0.04986551059425392,0.32762547193560054,0.9571809536381778,-2.8687687039586294,-2.255358656852446,1.0,-0.4327579140663147,2.634706432580458e-06,9.543293382208162e-07,0.0,0.0,0.0,1,-0.13329251707710874,0.28992161129436983,-9.0,-9.0,-0.13329251707710874,0.2831080511649901,-8.106990090879403,-5.69292443437824,0.004614592681451417,-0.0007905388407287408,-0.003836482098078204,0.019132024537063974,-0.021923530764263607,0.009704861927266098,0.0,0.0,0.0,0.0,0.0,-0.24993909071274845,1.9328107419624656,-30.0,-30.0,42.47114581587494,0.0068135601293797254,-0.8930099091205967,-3.3070755656217603,-0.24993909071274845,1.9328107419624656,-36.225804887594066,-62.54430169403601,72.30419656604961,1.9600000000000015
0.0,0.0,0.0,0.0,0.0,0.0,0.0,0.0,0.0,0.0,0.0,0.0,0,0.0,-1.5707963267948966,nan,0.023575903638902655,-0.3521843402924222,-0.13858076825503962,0.1193155686963141,-1.5707979853876781,0.023591207905136927,-0.3464463711320828,1.6387891819701523,-0.14492487896245476,0.32357058313266207,0.006864658859472711,0.04253209552527171,0.32068960004618674,0.00855407885008725,1.5304266234271446e-05,0.005737969160339362,-0.00634411070741514,0.00647568420267541,-0.00040787532557259377,0.006455781975373498,0.00030166653445745043,8.653349995729316,0.5793378560446903,-0.3200766874759002,0.2542942155836885,-1.5707985832600397,1.637640736301506,0.6061154516208029,0.7892329540646847,-0.2836477972483279,0,zero,0,-0.2542942155836885,-0.13497864688737415,1.502809936846913,1.4732998033021867,1.233530488380583,-0.31543946378341503,0.24951816751429748,1.503958239494437,1.4341348160698968,1.3531557034931356,-0.1000005884496146,0.29740275156576895,0.07122921220045841,-0.06560318601234404,0.048527151513663574,0.32008106262219527,2.1292640299875836,-7.842462419114122,-14.385919748138132,1.0,-0.20387515425682068,2.2564651431800087e-06,5.978723613964121e-07,0.0,0.0,0.0,0,-0.08883659378372302,-1.7278770775670889,3.167965334243601,-0.2549834154549005,-0.08883659378372302,0.11154037655609941,-4.554763956355652,-5.238714903359513,0.0033632173141433966,0.000790452228100953,-0.0011254857051806863,0.04603534776435586,-0.07273886040805515,-0.10569684478619103,0.0,0.0,0.0,0.0,0.0,-0.166579024533514,-11.519180517113925,10.55988444747867,-0.8499447181830018,15.650969104989654,-1.8394174541231882,7.722729290599252,4.983731487904612,-0.166579024533514,-11.519180517113925,10.55988444747867,-0.8499447181830018,15.650969104989654,1.9700000000000015
0.0,0.0,0.0,0.0,0.0,0.0,0.0,0.0,0.0,0.0,0.0,0.0,0,0.0,-1.5707963267948966,nan,0.0221095410343154,-0.3464596879918021,-0.14252458486210404,0.11973866177993853,-1.570797964189797,0.02258015673822161,-0.34659361400562966,1.6358561729600156,-0.1450819724014958,0.700183788679262,0.04553114376719368,-0.5871895174166919,0.3786723168023365,0.00260377540209965,0.00047061570390620824,-0.00013392601382755664,-0.0025573875393917755,0.002748565894070698,3.156820270602031e-05,0.00038857014376004,0.002720777676695556,12.741782221442826,0.81321219694356,-0.30368277882912653,0.1380187911715529,-1.570798056829654,1.6345284402713902,-0.22920729822322972,0.7893198760589453,0.9673081895607958,0,zero,0,-0.1380187911715529,-0.018280129391614608,1.5057429478642486,1.474002271800007,1.2328835042274997,-0.31496088492266094,0.04714366867399151,1.507070682611596,1.4585833935816583,1.2629086204901385,-0.28207451685948726,0.289199713617199,0.0692645500456838,-0.06379370233550137,0.04718866334128849,0.30368461417860004,2.5150960277366408,-9.203072769377327,-19.455683059549774,1.0,-0.07085375487804413,1.7300347572302144e-06,9.263985711882583e-08,0.0,0.0,0.0,1,-0.020271834983646327,-4.119254394116133,9.0,9.0,-0.020271834983646327,-0.6291376613230868,1.1753705413783264,-1.8831930920620579,-0.001271826929755733,0.0007905392843796859,0.003838180836996798,0.05842844840595274,-0.09374838406368728,-0.1617961045061872,0.0,0.0,0.0,0.0,0.0,-0.03801206634848364,-27.46169596077422,30.0,30.0,50.53856141560809,-3.4901167327930462,7.824629458621674,10.883193092062058,-0.03801206634848364,-27.46169596077422,54.1473774286892,63.66099442380171,87.97048870724446,1.9800000000000015
0.0,0.0,0.0,0.0,0.0,0.0,0.0,0.0,0.0,0.0,0.0,0.0,0,0.0,-1.5707963267948966,nan,0.02052144489442022,-0.3370404387134064,-0.143583481805133,0.12014992414568804,-1.5707979435789166,0.021596736749764832,-0.34673379901574675,1.6330051784952937,-0.145234652316412,0.9621312096931176,0.06046761514384019,-0.9559434288512803,0.09062170281127768,0.009891605055928778,0.0010752918553446102,-0.00969336030234036,-0.0016511705112789987,0.0065767216507758765,0.0004234135103679856,-0.00610310764306796,0.0024137244598643566,10.756575735347882,0.6550067446865843,-0.28345749927624686,0.01792516378669662,-1.5707976506893082,1.6316119206982485,-0.7073678253314205,0.7893194331021212,0.9668800057442829,0,zero,0,-0.01792516378669662,0.10222476035899142,1.508593944297814,1.4746850974594201,1.2322546114268547,-0.3144956883662466,0.15079465790925264,1.5099872393566196,1.480081591096589,1.1857474379019828,-0.45783112798255043,0.28100063141822784,0.0673008353096069,-0.06198509124566533,0.04585082062783778,0.2834567525414024,1.7485669345629595,-6.209057236389819,-15.236990320582224,1.0,-0.19385801255702972,1.3238944118754148e-06,-2.9288960856632684e-07,0.0,0.0,0.0,1,0.013982881918428334,-4.5,9.0,9.0,0.013982881918428334,-1.5904576539296087,5.253339544363657,1.8384515410077056,-0.003925047136252454,0.0007905388407385445,0.0038364818470192625,0.0471912621317133,-0.07315603675150849,-0.14126037311300524,0.0,0.0,0.0,0.0,0.0,0.02621954231844803,-30.0,30.0,30.0,51.96153084219517,-2.909542346070391,3.746660455636343,7.161548458992295,0.02621954231844803,-35.558592982833304,70.11359840969729,96.09915600699946,124.15868350460683,1.9900000000000015
0.0,0.0,0.0,0.0,0.0,0.0,0.0,0.0,0.0,0.0,0.0,0.0,0,0.0,-1.5707963267948966,nan,0.019099404055352247,-0.328377843574544,-0.14287074963578064,0.12054936495779378,-1.570797923555219,0.02064098895766272,-0.34686717699963576,1.6302361350097003,-0.145382923810568,0.885030506199578,0.04662930469658613,-0.8795973122751377,-0.08610036635083584,0.01872279235583503,0.0015415849023104715,-0.018489333425091736,-0.002512174174787357,0.009986438266221098,0.0005920897752322194,-0.009915171816015405,0.0010333183449471256,4.435405077261071,0.2579959416655379,-0.2640211737848299,-0.05444252109182446,-1.5707975000667085,1.628897523478191,-0.8200501548827084,0.789319433094647,0.9668800690171123,0,zero,0,0.05444252109182468,0.17499188604961802,1.5113629897124161,1.4753482955044652,1.2316437959570772,-0.31404386374231436,0.24804142802055332,1.5127016542857812,1.4875490404788272,1.1579209886642867,-0.5505578115309723,0.27281031734285843,0.06533922057607988,-0.06017841429006508,0.044514408607480106,0.26402552925033973,-0.024040829542004316,-0.21885038326083972,-4.6857933166568895,1.0,-0.4419345259666443,1.1732718121493235e-06,-4.234885104814623e-07,0.0,0.0,0.0,1,-0.0008044880986903298,-4.157077292391727,9.0,9.0,-0.0008044880986903298,-2.387365715043022,7.330783245032971,4.567796955666576,-0.004550299570803483,0.0007905388407310588,0.0038364820980794356,0.013113140346913472,-0.021155064950583235,-0.06368173176242406,0.0,0.0,0.0,0.0,0.0,-0.0015085094668860488,-27.713848615944848,30.0,30.0,50.67600425628592,-1.7697115773487049,1.669216754967029,4.432203044333424,-0.0015085094668860488,-27.713848615944848,50.24563055936136,82.05007235188168,100.12439847829278,2.0000000000000013
0.0,0.0,0.0,0.0,0.0,0.0,0.0,0.0,0.0,0.0,0.0,0.0,0,0.0,-1.5707963267948966,nan,0.018035680737341346,-0.32431388063873395,-0.14286429085292623,0.12093700036981536,-1.570797904118496,0.01971293456775301,-0.3469939940497506,1.6275489304859194,-0.14552679454038916,0.4195669423448702,0.013566892810119163,-0.41907799859249306,-0.015032951267557326,0.022897372133805275,0.0016772538304116631,-0.022680113411016667,-0.0026625036874629304,0.009418187753058437,0.0004843152874709944,-0.009387353350384979,0.0005876192042451682,-4.340535627541158,-0.24142693430992865,-0.24892607576300793,-0.047540215342174896,-1.570797644450257,1.6263546170473109,-0.8174938774289978,-0.5817220998371879,0.9668800690167966,0,zero,0,0.047540215342174896,0.16847721571199026,1.514050196123971,1.4759918927634257,1.2310510331089102,-0.3136053927732481,0.20808453891445616,1.5152446452604311,1.4755231742798482,1.195053744975075,-0.5185486146091874,0.2646336492395608,0.06338087411036566,-0.058374747458747246,0.043180223197840685,0.24893452654073892,-1.913781059503921,6.164197710920792,8.597661454703111,1.0,-0.51323002576828,1.3176553603777563e-06,-2.596682389111038e-07,0.0,0.0,0.0,1,-0.029396986662582163,-1.1674012512914191,1.2249251067607685,9.0,-0.029396986662582163,-2.5330036067256056,5.669615247114595,6.284662694894382,-0.004536115282036246,-0.0005826207934979151,0.0038364820980781827,-0.03856821638867577,0.05342472925561305,0.05347395077538508,0.0,0.0,0.0,0.0,0.0,-0.055122795167039496,-7.782675008609462,4.083083689202562,30.0,31.26091235433178,1.3656023554341865,-4.444690140353826,2.715337305105618,-0.055122795167039496,-7.782675008609462,4.083083689202562,33.117578993829945,34.2639559834789,2.010000000000001
0.0,0.0,0.0,0.0,0.0,0.0,0.0,0.0,0.0,0.0,0.0,0.0,0,0.0,-1.5707963267948966,nan,0.017422546629721553,-0.3277419270249702,-0.1431160978482611,0.12131285361909572,-1.5707978852681428,0.018812574810793323,-0.34711449129934185,1.624943403800865,-0.14566627474805563,0.33218966227424457,-0.028722564933989295,0.3307549136644994,0.011232678766839865,0.019589074177435772,0.0013900281810717702,-0.019372564274371673,-0.0025501768997945318,0.004074878255950248,0.00013116095254073266,-0.00404604178838085,0.0004658062387094316,-11.529779567644216,-0.6129967921690931,-0.24344739137028074,0.0434683984255797,-1.5707980220012474,1.6239089280749408,-0.05300896321802734,-0.7894044182582419,-0.9688486469344864,0,zero,0,-0.04346839842557948,0.07784445519351602,1.5166557246542491,1.476615927825645,1.2304762873409831,-0.3131802491688386,0.0777275093644475,1.5176903847374519,1.4509118798671232,1.2791967788466683,-0.3680082604085596,0.25647557043128794,0.06142697985914174,-0.05657518118457937,0.04184907100000395,0.24344730651464397,-2.5971971961981244,9.221783450620016,18.170649831755522,1.0,-0.35189440846443176,1.6952063508490767e-06,1.3673310483852674e-07,0.0,0.0,0.0,1,-0.04418940983106319,1.7077808704212256,-9.0,-9.0,-0.04418940983106319,-1.9080199736309607,0.11753229845736508,3.767330051845953,-0.0002941364758527814,-0.0007906239571869457,-0.003844293215694423,-0.059967736858470816,0.0912475810428404,0.1437861677532277,0.0,0.0,0.0,0.0,0.0,-0.08286032220338119,11.385205802808171,-30.0,-30.0,43.927551456976204,3.6158008440521865,-9.117532298457364,-12.767330051845953,-0.08286032220338119,11.385205802808171,-48.74707032520066,-34.72216819913253,60.92237361383913,2.020000000000001
0.0,0.0,0.0,0.0,0.0,0.0,0.0,0.0,0.0,0.0,0.0,0.0,0,0.0,-1.5707963267948966,nan,0.017040747705757402,-0.33610574734748194,-0.14099756150326084,0.12167695512121379,-1.570797867003159,0.017939890781764254,-0.34722890472707424,1.6224193440709251,-0.1458013772943399,0.856577903954557,-0.04908851050649185,0.8249406894779376,-0.22536388912845207,0.01214947466012132,0.0008991430760068517,-0.011123157379592297,-0.004803815791079052,0.003049219074100047,-0.000239392405122766,0.0027972925236433768,-0.001189782658889409,-12.281970438054298,-0.6227756749205865,-0.24773094544124513,0.1687294288163237,-1.5707984607906875,1.6214560475019484,0.6446946495430806,-0.7893194322556789,-0.9668762989303009,0,zero,0,-0.1687294288163237,-0.047052473695109676,1.5191797861856295,1.4772204511983413,1.2299195121353808,-0.3127683985194473,0.1950490218571644,1.5201431516929322,1.4286064001847525,1.3642642321928695,-0.17998525542116434,0.24834108971546473,0.05947873745049754,-0.05478082034324747,0.04052176929851169,0.24771926556464544,-1.849091395909142,7.500734857497521,17.949393241279513,1.0,-0.2606404721736908,2.1339957907429152e-06,5.937875284800498e-07,0.0,0.0,0.0,1,-0.06618551289573561,2.527435724183004,-9.0,-9.0,-0.06618551289573561,-0.9021305865294559,-4.504770719454557,-0.3181751178369465,0.0035772858155666922,-0.0007905388398907946,-0.003836467138757154,-0.04884781498710932,0.08285704541275617,0.15775210427283373,0.0,0.0,0.0,0.0,0.0,-0.12410559327908421,16.84957149455336,-30.0,-30.0,45.65001053393469,3.4295663107124597,-4.495229280545443,-8.681824882163053,-0.12410559327908421,16.84957149455336,-78.25356807132992,-88.6577382330765,119.44764094048625,2.0300000000000007
0.0,0.0,0.0,0.0,0.0,0.0,0.0,0.0,0.0,0.0,0.0,0.0,0,0.0,-1.5707963267948966,nan,0.016603093642713625,-0.3445622876010941,-0.13765383633365572,0.12202934256443565,-1.5707978493221424,0.017094843281195888,-0.3473374649810527,1.6199764899972324,-0.14593211769158398,0.9051334181348214,-0.04073934375245884,0.8347979999633659,-0.34744655668492164,0.008744905341866442,0.0004917496384822632,-0.0027751773799586377,-0.008278281357928269,0.008051882509514307,-0.00043042875321054467,0.007417054363389131,-0.0031040050911624317,-7.4487354082047705,-0.35895967957970887,-0.2531675775445991,0.2662194599088419,-1.5707987644904116,1.6189471118434713,0.8068654438096196,-0.7893194330873722,-0.9668800690259006,0,zero,0,-0.2662194599088421,-0.14419011734440623,1.5216226420158325,1.47780552546342,1.2293806498532183,-0.31236979818917404,0.33062978184672526,1.522651895579752,1.4180037079094365,1.4132153068964997,-0.044146840991,0.24023528136399344,0.05753736219393569,-0.05299278425325728,0.03919914606136393,0.2531554392065958,-0.5014018466894626,2.907453996748871,9.863431888751403,1.0,-0.35059332847595215,2.4376955147786816e-06,9.151682691665997e-07,0.0,0.0,0.0,1,-0.11114213926415394,1.7647863841985219,-9.0,-9.0,-0.11114213926415394,-0.03738518914067136,-6.987132413329819,-3.5634275694637516,0.00447714016124807,-0.0007905388407237727,-0.0038364820981143066,-0.021584052634732807,0.043653656975102935,0.1026120468502536,0.0,0.0,0.0,0.0,0.0,-0.20840453640381387,11.765242561323479,-30.0,-30.0,44.02799524140943,1.8021715733391932,-2.012867586670181,-5.436572430536248,-0.20840453640381387,11.765242561323479,-69.59316628924005,-94.81659027158365,118.20261820225794,2.0400000000000005
0.0,0.0,0.0,0.0,0.0,0.0,0.0,0.0,0.0,0.0,0.0,0.0,0,0.0,-1.5707963267948966,nan,0.015966434120100806,-0.34984858464785135,-0.1370033524413071,0.12237006100416847,-1.5707978322232858,0.016277372658202137,-0.347440397222563,1.6176145292109174,-0.14605851413682863,0.5244378553959783,-0.01808111003809322,0.5183364805247004,-0.07768803375932665,0.009375073481409842,0.00031093853810133104,0.002408187425288366,-0.009055161695521535,0.008783581547049049,-0.00040677329456857334,0.008385438200822503,-0.0025826859005061093,0.6932781541756012,0.03165746499239359,-0.25431070524453514,0.29369520678532157,-1.5707987519621263,1.6164047104009684,0.8354557510460555,-0.7893194330930932,-0.966880069016809,0,zero,0,-0.2936952067853218,-0.17132514578115288,1.5239846045126688,1.4783712254342873,1.2288596315902116,-0.31198439720902127,0.3485173744134276,1.5251942324709176,1.421679458779885,1.4078462795166489,-0.018364369748542518,0.23216328512325782,0.05560408508037304,-0.05121220667593512,0.03788203994001967,0.2543078446329151,0.9515151396210815,-2.9334262445091976,-2.6759115916199776,1.0,-0.3837500810623169,2.4251672297026516e-06,9.19738840643447e-07,0.0,0.0,0.0,1,-0.13617247307328084,0.35071387049689023,-9.0,-9.0,-0.13617247307328084,0.3531821304960515,-8.102401661359146,-5.693451350767928,0.004635782241823864,-0.0007905388407295025,-0.0038364820980782317,0.018846516290729323,-0.022468381290390686,0.0062377540029262355,0.0,0.0,0.0,0.0,0.0,-0.2553393457215092,2.3380924699792685,-30.0,-30.0,42.4915506257379,-0.002468259999161282,-0.8975983386408544,-3.306548649232072,-0.2553393457215092,2.3380924699792685,-35.81332038989552,-59.66237803919402,69.62560696482763,2.0500000000000003
0.0,0.0,0.0,0.0,0.0,0.0,0.0,0.0,0.0,0.0,0.0,0.0,0,0.0,-1.5707963267948966,nan,0.015090915964954888,-0.3499593051008178,-0.14032777041617311,0.12269916295740835,-1.5707978157043774,0.015487398654935466,-0.3475379209897818,1.6153330976183522,-0.14618058754509605,0.32035141138535694,0.008554415187924692,0.0013196685747618453,0.3202344566598597,0.006346319238838013,0.00039648268998057797,0.0024213841110359846,-0.005852817128922938,0.005608465414433331,-0.00021377440609510298,0.0055891976981134505,0.0004123759202436985,8.84476527917484,0.3814697961322947,-0.2469683449351175,0.2359100998084842,-1.5707983814142616,1.6138939113114268,0.5983523336635577,0.7891899700747675,-0.09915495733180751,0,zero,0,-0.2359100998084842,-0.11321093685107586,1.5262660377687933,1.478917638312669,1.2283563770322485,-0.31161213617005856,0.2286198843699816,1.5277051474520034,1.4388867586264302,1.3466612299087624,-0.12012722566775358,0.22413030621410368,0.053680152782136004,-0.049440235815423644,0.03657130026939366,0.2469713407478947,2.1592730334114525,-7.894379803760175,-14.588094438944637,1.0,-0.156403586268425,2.054619365310373e-06,5.657098842704045e-07,0.0,0.0,0.0,0,-0.11691697889846116,-1.7353498376558838,3.371109534256678,0.6057019631952139,-0.11691697889846116,0.17220683292265854,-4.485442567995345,-5.069358011091795,0.0033201412753198906,0.0007904091777057209,-0.00039343681903176883,0.046547456936491545,-0.07333570000793316,-0.10796254673965384,0.0,0.0,0.0,0.0,0.0,-0.21923303749945838,-11.568998917705892,11.237031780855594,2.0190065439840463,16.255370489509627,-1.9075566705785423,7.856552102252023,5.675059974287009,-0.21923303749945838,-11.568998917705892,11.237031780855594,2.0190065439840463,16.255370489509627,2.06
0.0,0.0,0.0,0.0,0.0,0.0,0.0,0.0,0.0,0.0,0.0,0.0,0,0.0,-1.5707963267948966,nan,0.014017122551241087,-0.344071892711593,-0.1439916840860485,0.12301670849719493,-1.5707977997627915,0.01472482025220356,-0.347630250081675,1.6131317787464294,-0.14629836158282486,0.6959114114220577,0.03112150109818943,-0.5979741481117962,0.3546139632146589,0.004299244617755391,0.0007076977009624723,-0.003558357370081977,-0.0023066774967763493,0.0026479318410303483,6.484563406928255e-05,-0.0002599025249295922,0.0026343478805996266,12.575215784835915,0.5123876447209733,-0.2300968282966752,0.11999419896877406,-1.5707978737028243,1.611515795501012,-0.255547406152172,0.7893200943846609,0.9670719407194758,0,zero,0,-0.11999419896877406,0.003022509528420869,1.5284673582564334,1.479444863845418,1.227870794310962,-0.31125294711659,0.03408503212119032,1.5300833762118284,1.463723410897556,1.2564306068954836,-0.301437096515874,0.2161416153318671,0.05176682765296732,-0.04767803431868805,0.035267787067861,0.2300963002389942,2.5551272851739935,-9.161173074474302,-19.191696006692563,1.0,-0.08306155353784561,1.5469079279739617e-06,7.394003276317562e-08,0.0,0.0,0.0,1,-0.06578085075360213,-4.189946768203005,9.0,9.0,-0.06578085075360213,-0.5934520267238093,1.2427816314937405,-1.6593869420435086,-0.0014179830899495277,0.0007905395030426896,0.0038372434255437545,0.05929627683034698,-0.09355187532824077,-0.16039576372992218,0.0,0.0,0.0,0.0,0.0,-0.12334680433827513,-27.932978454686705,30.0,30.0,50.796323683748334,-3.596494741479196,7.757218368506259,10.659386942043508,-0.12334680433827513,-27.932978454686705,54.76854464234847,65.54980443201376,89.87011095520191,2.07
0.0,0.0,0.0,0.0,0.0,0.0,0.0,0.0,0.0,0.0,0.0,0.0,0,0.0,-1.5707963267948966,nan,0.01291428957484203,-0.33493823063464756,-0.14485607700058847,0.12332276534705966,-1.5707977843954921,0.013989515515967183,-0.34771759246225314,1.6110101030877981,-0.14641186270147255,0.9258824909356783,0.03675282401626803,-0.9221004457523607,0.07508917958922723,0.012918539727554601,0.0010752259411251526,-0.012779361827605584,-0.001555785700884077,0.006705749969291319,0.00028773998336872506,-0.00630943768815217,0.0022528391891003855,10.303783472395379,0.39735195671408474,-0.20925154645759989,0.0035270443784050087,-1.5707974869273296,1.609338044390402,-0.719177632764215,0.789319433107514,0.9668800531315053,0,zero,0,-0.0035270443784050087,0.11979572096865443,1.5305890354821448,1.4799530144813333,1.227402779859301,-0.3109067534393186,0.16818152749947204,1.5322611352368205,1.4855226395588264,1.1802867310609353,-0.47224889764408695,0.20820254864636029,0.049865387728022646,-0.04592677927551294,0.033972371037254874,0.20924903282754695,1.7699152395618851,-6.071212454545507,-14.612739461269316,1.0,-0.25460708141326904,1.1601324327870088e-06,-2.9746816254672126e-07,0.0,0.0,0.0,1,-0.028717471828822422,-4.5,9.0,9.0,-0.028717471828822422,-1.5735611745435159,5.290266487139707,2.009200276746748,-0.00399057747165054,0.0007905388407439456,0.003836482035046957,0.04774443913684724,-0.07201844753636297,-0.1366622592547729,0.0,0.0,0.0,0.0,0.0,-0.053848625218118173,-30.0,30.0,30.0,51.961552129189116,-2.926438825456484,3.709733512860293,6.990799723253252,-0.053848625218118173,-35.970774614958515,69.99413682842008,95.62198269907603,123.84119787749377,2.0799999999999996
0.0,0.0,0.0,0.0,0.0,0.0,0.0,0.0,0.0,0.0,0.0,0.0,0,0.0,-1.5707963267948966,nan,0.011958072092311763,-0.32687899020598116,-0.14424339767461858,0.12361740897547513,-1.5707977695990256,0.013281341444495161,-0.34780015018530913,1.6089675474461298,-0.14652112017127406,0.8177505451801803,0.024804341105824634,-0.814179815172239,-0.07219367957713996,0.021086346208644892,0.001323269352183399,-0.020921159979327975,-0.0022777224966554765,0.009677519775876548,0.00035655786389847334,-0.009617136020554775,0.0010187984414601805,3.8213305494207184,0.13981016897335846,-0.18946288118228763,-0.06317511474568005,-1.5707973541395044,1.607366413625836,-0.8246655027438134,0.7893194330948102,0.9668800690168082,0,zero,0,0.06317511474567983,0.18679252372115496,1.5326315926415552,1.4804422155279722,1.2269522182671027,-0.3105734697685113,0.25770303278555945,1.5342327715058846,1.4930712734680462,1.1542179005868634,-0.5574712527886426,0.200318507801856,0.04797712672386684,-0.044187662218498916,0.03268593356286398,0.18946663787360574,-0.023361194202599078,-0.023664539143823937,-3.8709129782958156,1.0,-0.5105704069137573,1.0273446076070059e-06,-4.1545952100818795e-07,0.0,0.0,0.0,1,-0.023488653157966995,-4.177301825605528,9.0,9.0,-0.023488653157966995,-2.3820251893186675,7.347138628365203,4.677839710810302,-0.004575909242683246,0.0007905388407312223,0.0038364820980782287,0.01319349925622714,-0.019395592898654404,-0.057292996547370384,0.0,0.0,0.0,0.0,0.0,-0.04404397741977685,-27.848678837370187,30.0,30.0,50.749885249712015,-1.7952766362868604,1.6528613716347973,4.322160289189698,-0.04404397741977685,-27.848678837370187,49.345620092660496,79.58495168823606,97.69496205233402,2.0899999999999994
0.0,0.0,0.0,0.0,0.0,0.0,0.0,0.0,0.0,0.0,0.0,0.0,0,0.0,-1.5707963267948966,nan,0.01125427887611761,-0.3235771852914717,-0.14450375241581592,0.12390072269030927,-1.5707977553695158,0.012600133815943612,-0.34787811933971896,1.607003534281373,-0.1466261661151687,0.3383415979188463,0.0022585587642603294,-0.3379774068919261,0.015530879730268898,0.024430541562714413,0.0013458549398260022,-0.024300934048247236,-0.0021224136993527876,0.008688184128239526,0.0002523157316907231,-0.008649298479546333,0.0007813552517594584,-5.001148563612105,-0.17399024583474332,-0.17452781221026759,-0.04975534822358574,-1.5707975162129366,1.6055668753398542,-0.8232287985268174,-0.6444392529238809,0.9668800690167929,0,zero,0,0.04975534822358574,0.173656070913895,1.534595607274107,1.4809126053084645,1.2265189821366635,-0.31025300186716503,0.20946667202583866,1.5360323958452118,1.4810795004585837,1.193211607152775,-0.517049552239442,0.19249495991712198,0.046103354038482224,-0.04246188912307016,0.031409366713438136,0.17453651161651657,-1.901680935877,6.3258303763571515,9.428323698534937,1.0,-0.5083309412002563,1.1894180400595644e-06,-2.391565789849892e-07,0.0,0.0,0.0,0,-0.025148446132441597,-1.1832948821352007,0.7882514104180297,8.818603742883083,-0.025148446132441597,-2.535813400659966,5.531874272069603,6.313798689876979,-0.004567937249088655,-0.0006454348373644387,0.003836482098078168,-0.03845016528426128,0.05511087032820372,0.06032188165825944,0.0,0.0,0.0,0.0,0.0,-0.04715628376606337,-7.888632547568005,2.6275047013934323,29.395345809610276,30.548696918331313,1.3525185185247655,-4.7436228616515725,2.5048050530061037,-0.04715628376606337,-7.888632547568005,2.6275047013934323,29.395345809610276,30.548696918331313,2.099999999999999
0.0,0.0,0.0,0.0,0.0,0.0,0.0,0.0,0.0,0.0,0.0,0.0,0,0.0,-1.5707963267948966,nan,0.010842646448444567,-0.32784982081646163,-0.14489600521480483,0.1241727977332685,-1.570797741702666,0.011945707036153323,-0.34795169001533416,1.6051174310550091,-0.14672703554289518,0.42161592683059984,-0.024279435211724612,0.4199064849374712,0.029138337126244362,0.020215206158016863,0.0011030605877087561,-0.020101869198872524,-0.001831030328090344,0.0030464155467348044,6.336371745369962e-06,-0.0029615807685122696,0.0007138955703454783,-12.141980785560769,-0.4016442472581268,-0.16987065187772213,0.047536394532676995,-1.570797909078108,1.6038595301862337,-0.07295198007843712,-0.7894348296376745,-0.9666777109082959,0,zero,0,-0.04753639453267677,0.07663640320059173,1.5364817119177996,1.4813643353183266,1.2261029319383132,-0.3099452465241723,0.07567746512262633,1.5377397958615626,1.456827281307161,1.278332027879082,-0.3588896074847558,0.18473743758539232,0.044245394751261664,-0.04075068040746811,0.030143573241183646,0.16987100745027617,-2.5458206800643888,9.277921854291845,18.880723174021625,1.0,-0.36685746908187866,1.5822832111211937e-06,1.673754419506679e-07,0.0,0.0,0.0,1,-0.01691575458794758,1.6244331294839711,-9.0,-9.0,-0.01691575458794758,-1.9258046359435779,-0.023690467643395233,3.7561702312999925,-0.00040479641600416,-0.0007906544155484577,-0.003835679161617352,-0.05903189389154615,0.09195902695309245,0.14976290666081035,0.0,0.0,0.0,0.0,0.0,-0.03171902229129492,10.829554196559808,-30.0,-30.0,43.78675884548434,3.550237765427549,-8.976309532356606,-12.756170231299993,-0.03171902229129492,10.829554196559808,-50.097508783139425,-38.8688701629568,64.32596446392488,2.109999999999999
0.0,0.0,0.0,0.0,0.0,0.0,0.0,0.0,0.0,0.0,0.0,0.0,0,0.0,-1.5707963267948966,nan,0.010565037871361534,-0.33703522297234556,-0.14264637534283142,0.12443373337435037,-1.570797728593751,0.01131785398647138,-0.34802104628944797,1.6033085495753052,-0.1468237663852524,0.9419680053530386,-0.035024447259891095,0.9116045881770118,-0.2346360714330642,0.01177733594575017,0.0007528161151098452,-0.010985823317102406,-0.004177391042420986,0.00424353668293422,-0.00022886699941282538,0.004095727782993094,-0.0010863873174916045,-12.818735337743485,-0.40190413032492384,-0.1753582917625761,0.17836883712206708,-1.5707983610266254,1.6021355894346252,0.6274746111836775,-0.7893194310346087,-0.9668804715798864,0,zero,0,-0.17836883712206708,-0.053935103747716706,1.5382905947639416,1.481797570382277,1.2257039158659828,-0.3096500914474858,0.20546618589009397,1.5394636216457367,1.4351754940766617,1.3634945995170697,-0.16454638008186734,0.1770515388743745,0.04240458962301036,-0.039055270932753045,0.028889466581764417,0.17534671752943728,-1.7786954429924235,7.485657138453512,18.53199594956566,1.0,-0.26267221570014954,2.0342317288424283e-06,6.324328740703322e-07,0.0,0.0,0.0,1,-0.032329425654473,2.3578714821920723,-9.0,-9.0,-0.032329425654473,-0.9495805979474871,-4.584614279209973,-0.33558949554467815,0.0034817351560253638,-0.0007905388386678379,-0.003836483695407714,-0.04737979760237553,0.08281952049844493,0.1626691624945427,0.0,0.0,0.0,0.0,0.0,-0.06062146194350834,15.719143214613817,-30.0,-30.0,45.24483548829841,3.3074520801395595,-4.415385720790027,-8.664410504455322,-0.06062146194350834,15.719143214613817,-78.83988152410477,-92.49585061303988,122.54919190973008,2.1199999999999988
0.0,0.0,0.0,0.0,0.0,0.0,0.0,0.0,0.0,0.0,0.0,0.0,0,0.0,-1.5707963267948966,nan,0.010232886139949923,-0.34623454279992244,-0.1390133734558424,0.12468363700629315,-1.5707977160376168,0.010716345871427545,-0.3480863662337639,1.6015761453425719,-0.1469163995285309,0.9868275589360648,-0.026935638363222332,0.9133999883260968,-0.37256350302675156,0.008131470005335994,0.00048345973147762185,-0.0018518234338414374,-0.007903026072688502,0.009374408334147178,-0.00033156209589662255,0.008804235976150702,-0.003202347118621966,-7.920747022619327,-0.2341323288338513,-0.18197166507364465,0.2807509144143556,-1.5707986769121127,1.6003444701588432,0.7978137737241315,-0.7893194330744729,-0.9668800690157981,0,zero,0,-0.2807509144143556,-0.15606727740806248,1.540023000311888,1.4822124888110482,1.2253217696927803,-0.30936741515728433,0.3462167524663178,1.5412545410252805,1.4252161568214035,1.4121212445352016,-0.023496994627078698,0.16944292732626012,0.040582295095948295,-0.03737691000280639,0.02764797085430372,0.1819591080362264,-0.4453213644069125,2.8693805655131888,10.348265910203125,1.0,-0.3634498417377472,2.3501172163875594e-06,9.608744959699322e-07,0.0,0.0,0.0,1,-0.08849705807028378,1.5750221779419067,-9.0,-9.0,-0.08849705807028378,-0.12064627390461317,-7.02495705468464,-3.578105763462164,0.004426914196092388,-0.0007905388407108536,-0.003836482098074221,-0.02028310552333394,0.043306112920863546,0.10668001654271206,0.0,0.0,0.0,0.0,0.0,-0.16594235527898704,10.500147852946045,-30.0,-30.0,43.706757392867786,1.69566845184652,-1.9750429453153604,-5.421894236537836,-0.16594235527898704,10.500147852946045,-69.55892712885783,-98.26515923774132,120.85018206496595,2.1299999999999986
0.0,0.0,0.0,0.0,0.0,0.0,0.0,0.0,0.0,0.0,0.0,0.0,0,0.0,-1.5707963267948966,nan,0.009763590361070168,-0.35223862794485006,-0.13813301042208467,0.12492262423901956,-1.5707977040286738,0.010140932066105586,-0.3481478219417459,1.5999194168944229,-0.14700497884911368,0.6022039102033704,-0.010611802644220313,0.5942629436945568,-0.09689423543405018,0.009776957823760483,0.0003773417050354187,0.0040908060031041305,-0.008871968427029003,0.010203080170417178,-0.0002912712322091671,0.009813874199135108,-0.002775946547899982,0.26677084165650766,0.007410516048760141,-0.18407312866039124,0.3126439370769425,-1.570798673477466,1.5985097789550806,0.8287834862072795,-0.7893194330904947,-0.9668800690167909,0,zero,0,-0.3126439370769427,-0.18772131283792293,1.5416797300237892,1.4826092825582027,1.2249563166265602,-0.3090970868791385,0.36814316132051,1.5430891579226569,1.4292313486816648,1.4064351097474885,0.006725085494018703,0.16191733195771793,0.03877988329370868,-0.03571686136432926,0.026420020861383058,0.18406932296602818,0.9675778820398901,-2.956339382646567,-2.255635211261527,1.0,-0.41773802042007446,2.346682569154268e-06,9.69448792353944e-07,0.0,0.0,0.0,1,-0.13398431394222798,0.19487712074869648,-9.0,-9.0,-0.13398431394222798,0.24308829882681748,-8.118914749581277,-5.704234474166943,0.004598759135796267,-0.0007905388407269,-0.00383648209807816,0.019391207247328412,-0.02273561292311811,0.00973545713551409,0.0,0.0,0.0,0.0,0.0,-0.25123629090985933,1.2991808049913098,-30.0,-30.0,42.447037475399014,-0.048211178078121,-0.8810852504187228,-3.2957655258330574,-0.25123629090985933,1.2991808049913098,-35.54117471493673,-62.839253717850866,72.20594088004131,2.1399999999999983
0.0,0.0,0.0,0.0,0.0,0.0,0.0,0.0,0.0,0.0,0.0,0.0,0,0.0,-1.5707963267948966,nan,0.009145464256718425,-0.3530274801057067,-0.1414908825627419,0.12515081899408975,-1.5707976925608982,0.009591339963066037,-0.3482055795761759,1.5983375051510182,-0.14708955124824605,0.3354651593500216,0.006853400131219371,0.07310945264266677,0.3273299741524849,0.007402338881208101,0.00044587570634761244,0.004821900529530798,-0.0055986686855041545,0.007026923538848222,-0.0001482291390240368,0.007017558891842429,0.0003309829945581438,8.607285643197553,0.22304432529104287,-0.17740355246170475,0.258287627061788,-1.5707983041302485,1.5966986677205255,0.5855475403961194,0.789183868240133,-0.2898257947804641,0,zero,0,-0.258287627061788,-0.13313680806769845,1.5432616429793364,1.4829881573769463,1.2246073671654953,-0.3088389664371751,0.250868960959591,1.544900381054545,1.4462680341592324,1.3451237916895773,-0.09190585674371961,0.15448054725987684,0.0369987420213338,-0.034076403206838635,0.025206562089039382,0.17740542142615878,2.1188499210866274,-7.9065567835667565,-14.397881908828609,1.0,-0.19027946889400482,1.9773353518992565e-06,6.115693502728448e-07,0.0,0.0,0.0,0,-0.13800952483378637,-1.8239279663594707,3.420089462832681,-0.30476637395077916,-0.13800952483378637,0.05489616572716089,-4.4762157568967105,-5.255249711645915,0.003249089956126633,0.0007904030664444544,-0.0011499993731044792,0.045942426603802704,-0.0734295014914776,-0.10578140961813742,0.0,0.0,0.0,0.0,0.0,-0.25878403306541603,-12.159519775729805,11.400298209442271,-1.015887913169264,16.70088973283968,-1.8788241320866317,7.896305219729392,4.950483337695135,-0.25878403306541603,-12.159519775729805,11.400298209442271,-1.015887913169264,16.70088973283968,2.149999999999998
0.0,0.0,0.0,0.0,0.0,0.0,0.0,0.0,0.0,0.0,0.0,0.0,0,0.0,-1.5707963267948966,nan,0.008414403388477511,-0.3474061947513225,-0.14544352227009671,0.12536835359914544,-1.5707976816278213,0.00906727481870761,-0.34825979943668206,1.5968294927603368,-0.14717016668697183,0.6873629216855202,0.02069957238824867,-0.5675505214890353,0.38720242686290374,0.002033760803438913,0.0006528714302300991,-0.0008536046853595547,-0.0017266444168751172,0.00293644498019392,3.910850575753204e-05,0.0008931217302897345,0.0027970543829835973,12.734313654658127,0.30852072966616995,-0.16071875542457822,0.14244694397602897,-1.570797788650454,1.5950152452567774,-0.2500364034450683,0.7893201354193456,0.9673211793145691,0,zero,0,-0.14244694397602897,-0.01707859037688353,1.5447696565305007,1.4833493329769416,1.2242747189536503,-0.3085929041472443,0.04769924597290138,1.5465839185413328,1.470406550030108,1.2545785499369044,-0.2741532653995902,0.14713843319836367,0.03524027476528409,-0.03245682816267574,0.02400855070677126,0.16071714910249318,2.469712198104006,-9.208991920278798,-19.477330144442227,1.0,-0.06678733229637146,1.4618555574941183e-06,1.070226325339263e-07,0.0,0.0,0.0,1,-0.10301488707624863,-4.190927483206478,9.0,9.0,-0.10301488707624863,-0.694688867190798,1.2564312710948722,-1.9001136615037477,-0.0013874036027029,0.0007905395441407682,0.0038382323790229567,0.057621054835884665,-0.09391861158885996,-0.16195488619280923,0.0,0.0,0.0,0.0,0.0,-0.19316498607959617,-27.93951655470985,30.0,30.0,50.80013679137836,-3.4962386160156798,7.743568728905128,10.900113661503747,-0.19316498607959617,-27.93951655470985,54.86170575469042,63.55206323833596,88.48347528316481,2.159999999999998
0.0,0.0,0.0,0.0,0.0,0.0,0.0,0.0,0.0,0.0,0.0,0.0,0,0.0,-1.5707963267948966,nan,0.007683724793144415,-0.337968242316847,-0.14645442959797697,0.12557536888235488,-1.5707976712225347,0.008568419598945916,-0.3483106360469612,1.595394403443416,-0.14724687822124125,0.9537482969532225,0.023182337557140203,-0.9488789044754642,0.09341957936108425,0.010410368283045084,0.0008846948058015012,-0.010342393730114197,-0.0007924486232642747,0.006238620710119825,0.00018030214051698577,-0.005720320577880995,0.002483105311728082,10.777887296362875,0.24510469757244782,-0.1397698808762136,0.022443355843430268,-1.5707973917045366,1.5935310081412863,-0.7114162499993169,0.7893194331086267,0.9668800006884,0,zero,0,-0.022443355843430268,0.10313201303892461,1.5462047469562834,1.4836930431811235,1.2239581566365516,-0.30835874071008335,0.14937612764364205,1.5480681622485384,1.4912465877919314,1.1777126168684904,-0.4501827485812172,0.13989691521326922,0.03350590069343001,-0.030859443306998552,0.02282695356753334,0.13976635009115215,1.6702005876224915,-6.15705657097458,-15.26752991306772,1.0,-0.20086617767810822,1.0649096400250357e-06,-2.795179980807916e-07,0.0,0.0,0.0,1,-0.06322987193834792,-4.5,9.0,9.0,-0.06322987193834792,-1.6496080000022266,5.298998501906098,1.8262217033871109,-0.003947511061073484,0.0007905388407450601,0.0038364818269580317,0.04565547783724586,-0.07277076411572955,-0.1414961401259102,0.0,0.0,0.0,0.0,0.0,-0.11856342009815848,-30.0,30.0,30.0,51.961659493174245,-2.8503919999977736,3.701001498093902,7.173778296612889,-0.11856342009815848,-35.678249322096335,70.39146091579914,96.03919448899842,124.30380597524115,2.1699999999999977
0.0,0.0,0.0,0.0,0.0,0.0,0.0,0.0,0.0,0.0,0.0,0.0,0,0.0,-1.5707963267948966,nan,0.007063425742246228,-0.32920591354062356,-0.1455867074118172,0.12577201426686613,-1.5707976613376784,0.008094434824126898,-0.3483582382613403,1.5940312013396167,-0.14731974203717588,0.8861207251492316,0.01463142760791689,-0.8809930990602566,-0.09405860020944012,0.019258191268844302,0.00103100908188067,-0.019152324720716762,-0.001733034625358676,0.009726484187335044,0.00021735957670030446,-0.009669720105280541,0.0010265293694914968,4.473324193193993,0.09599875407095292,-0.11999118764065424,-0.05013631452049294,-1.5707972499584613,1.5922527985085344,-0.8198426246074313,0.7893194330948459,0.9668800690171414,0,zero,0,0.05013631452049294,0.17590832878735885,1.5475679501174604,1.4840195360825126,1.2236574517167602,-0.30813630710448264,0.2465598574782888,1.5493463721689693,1.4977847963817321,1.1506933878799017,-0.5432434391358746,0.13276198421915958,0.031797054655054766,-0.029285570157784258,0.021662748207738194,0.11999445667637519,-0.12504110403021418,-0.12115985458365763,-4.72055509400538,1.0,-0.4533134400844574,9.231635647033443e-07,-4.113792169135877e-07,0.0,0.0,0.0,1,-0.039602219201480486,-4.120653618650877,9.0,9.0,-0.039602219201480486,-2.427364863407346,7.351952510699803,4.560024248447336,-0.004549148025477994,0.000790538840731258,0.003836482098079551,0.011048046667777778,-0.020309860669111314,-0.06395900234502601,0.0,0.0,0.0,0.0,0.0,-0.07425880217791203,-27.471024124339184,30.0,30.0,50.543671026249434,-1.6932887552435312,1.6480474893001968,4.439975751552664,-0.07425880217791203,-27.471024124339184,50.04991538148696,82.03541841797589,99.94731905116869,2.1799999999999975
0.0,0.0,0.0,0.0,0.0,0.0,0.0,0.0,0.0,0.0,0.0,0.0,0,0.0,-1.5707963267948966,nan,0.006613348657062977,-0.32501927896770105,-0.1453151913494393,0.1259584478652458,-1.570797651965444,0.007644958413093812,-0.34840274939027915,1.5927387903518722,-0.14738881748650273,0.42448317857171264,6.006741501652854e-05,-0.42311457018613385,-0.03405915117047631,0.02349788997013637,0.0010316097560308353,-0.0233834704225781,-0.002073626137063439,0.009263262372820878,0.00014505011216545214,-0.009250870911807277,0.0004564839819291358,-4.300012120956504,-0.08753781247728708,-0.1053427094299174,-0.04365063933856295,-1.5707974053008162,1.59114483781288,-0.8079547126335072,-0.6111618611486656,0.9668800690167968,0,zero,0,0.04365063933856295,0.16960908720380896,1.5488603621113244,1.4843290742010293,1.2233723624094432,-0.30792542448045135,0.2066199285842718,1.5504544189770089,1.4847123935217448,1.1888835528688617,-0.511640001655602,0.1257396966050798,0.030115187180855135,-0.027736544675830106,0.02051692284725691,0.10535216067471335,-2.017146968798603,6.266649146592221,8.550405250709446,1.0,-0.5289484858512878,1.0785059196827262e-06,-2.466646278342921e-07,0.0,0.0,0.0,1,-0.016622483031778282,-1.086063179555413,1.0512266754837079,9.0,-0.016622483031778282,-2.5456548601176023,5.621016905487095,6.280118710005456,-0.004483184303100021,-0.0006121060358507205,0.0038364820980781836,-0.04079585987989969,0.05442800730870469,0.05312474508307627,0.0,0.0,0.0,0.0,0.0,-0.031169103753568878,-7.2404211970360866,3.504088918279026,30.0,31.059673368706314,1.4595916805621894,-4.569790230003387,2.719881289994544,-0.031169103753568878,-7.2404211970360866,3.504088918279026,33.12426720423129,34.08695333390822,2.1899999999999973
0.0,0.0,0.0,0.0,0.0,0.0,0.0,0.0,0.0,0.0,0.0,0.0,0,0.0,-1.5707963267948966,nan,0.006346239447185293,-0.3283692849039585,-0.1452370365590099,0.12613483657393076,-1.570797643097564,0.007219605526342865,-0.34844430734434856,1.5915160134919448,-0.14745416712214235,0.3315337483939744,-0.01582436768732638,0.3308447982188045,-0.014350442606900216,0.02021595810799882,0.0008733660791575715,-0.020075022440390056,-0.002217130563132441,0.003960107045250522,-8.78016993127403e-06,-0.003954616078447989,0.00020828439821419815,-11.497123729472454,-0.22228222255831173,-0.10152372344476054,0.046882283099407784,-1.570797793377214,1.5901237695195853,-0.013499887723015136,-0.7894255093022058,-0.968965156227972,0,zero,0,-0.046882283099408006,0.07925255347452298,1.5500831399264325,1.4846219346403084,1.2231026334979453,-0.3077259040523823,0.07834453299596769,1.5514755566581724,1.4591618253795644,1.273825101973199,-0.3617160981084266,0.11883617423455153,0.02846176448294097,-0.02621371726475288,0.019390476389418723,0.10152614814750197,-2.6837043212405436,9.284194593748888,18.099762586981235,1.0,-0.3676980137825012,1.466582317366516e-06,1.5027965005742772e-07,0.0,0.0,0.0,1,0.013450848931759511,1.8087350690984727,-9.0,-9.0,0.013450848931759511,-1.891242150387258,0.06370106702634491,3.7649968151475215,-7.49082637765212e-05,-0.0007906450808141439,-0.0038447555127600476,-0.061883898675087076,0.09191920722374959,0.14324602078282567,0.0,0.0,0.0,0.0,0.0,0.02522191811693139,12.05823379398982,-30.0,-30.0,44.106707408008496,3.6999772194857306,-9.063701067026345,-12.764996815147521,0.02522191811693139,12.05823379398982,-49.376584759835545,-34.6490770512658,61.51428534434461,2.199999999999997
0.0,0.0,0.0,0.0,0.0,0.0,0.0,0.0,0.0,0.0,0.0,0.0,0,0.0,-1.5707963267948966,nan,0.0061543321250347085,-0.33671149006643397,-0.1428119939843877,0.1263013561676698,-1.5707976347253154,0.006817968408219595,-0.3484830447961553,1.590361652225685,-0.14751585673395384,0.8670374823298164,-0.020972979597268498,0.8303467710668755,-0.24867321864336933,0.012693944959623043,0.0006636362831848866,-0.0117715547297213,-0.0047038627495661345,0.003270495506305329,-0.00014541594139282977,0.002894112181387097,-0.0015162815511305964,-12.258365067311543,-0.22412975536628754,-0.1085441673895211,0.17172545583727228,-1.570798238094775,1.589074690426124,0.6650388113135054,-0.7893194316780104,-0.9668761023545107,0,zero,0,-0.17172545583727228,-0.04542409966960248,1.5512375020973468,1.484898409244512,1.2228479961893617,-0.30753754699221847,0.1966918762716842,1.552524546766222,1.4361147378947274,1.359250734248201,-0.17449438043721005,0.11205760444557296,0.026838268454835137,-0.024718452770988854,0.018284418421010983,0.10853505535216591,-1.9148127232896046,7.519628385409176,17.865229546765594,1.0,-0.27141323685646057,1.911299878365469e-06,6.033694592844085e-07,0.0,0.0,0.0,1,0.0054360246402553845,2.6177148097328238,-9.0,-9.0,0.0054360246402553845,-0.8610917203814873,-4.535692396894347,-0.31915589967108027,0.0036901716311733743,-0.0007905388393122337,-0.0038364663587643457,-0.05033107593662194,0.0831131419660888,0.15708017113630232,0.0,0.0,0.0,0.0,0.0,0.010193183274433498,17.45143206488549,-30.0,-30.0,45.87540283219646,3.478806530114311,-4.464307603105653,-8.680844100328919,0.010193183274433498,17.45143206488549,-78.58140360386038,-88.44755637889054,119.59331004185024,2.209999999999997
0.0,0.0,0.0,0.0,0.0,0.0,0.0,0.0,0.0,0.0,0.0,0.0,0,0.0,-1.5707963267948966,nan,0.005918646365521822,-0.3451967093265239,-0.13924894995132553,0.12645819139396997,-1.570797626839511,0.006439616228109717,-0.348519089359624,1.5892744258182805,-0.14757395538462956,0.9193561937441794,-0.014266642059699089,0.8449174696621209,-0.36211426837378935,0.008978604242676509,0.0005209698625878957,-0.003322380033100092,-0.008325005433304028,0.008289177668128521,-0.00019171559381338374,0.007548830704497514,-0.0034188984395159983,-7.434924416517977,-0.1275126723385543,-0.11690948658528319,0.26893439627917615,-1.5707985442505161,1.587942463731037,0.8140130493084926,-0.789319433081842,-0.9668800690263808,0,zero,0,-0.26893439627917637,-0.14247620488520596,1.5523247293593827,1.4851588047551454,1.2226081679701084,-0.3073601443226169,0.33137386806786767,1.5536566001683725,1.424987983423356,1.4081703308525035,-0.03949259771595144,0.1054102400506175,0.025246196671473223,-0.02325213048379355,0.01719976921227897,0.11689882362481627,-0.5446593583563872,2.890616839655471,9.781975285125988,1.0,-0.3548179566860199,2.2174556195686534e-06,9.174110049414708e-07,0.0,0.0,0.0,1,-0.061548210974278365,1.8284634976856668,-9.0,-9.0,-0.061548210974278365,0.017123115136376404,-7.001779516523092,-3.563691629544464,0.004516800840585966,-0.0007905388407182341,-0.0038364820981162118,-0.022599234040790568,0.04355721079617084,0.10193836870737187,0.0,0.0,0.0,0.0,0.0,-0.11541010870856622,12.18975665123778,-30.0,-30.0,44.14298910030434,1.8113403825492904,-1.9982204834769082,-5.436308370455536,-0.11541010870856622,12.18975665123778,-69.59688190509434,-94.51489309522623,118.00590864199671,2.2199999999999966
0.0,0.0,0.0,0.0,0.0,0.0,0.0,0.0,0.0,0.0,0.0,0.0,0,0.0,-1.5707963267948966,nan,0.005592532834070022,-0.3505576431706276,-0.13848155286373462,0.12660553606754332,-1.570797619430496,0.0060840949205972225,-0.34855256378598076,1.5882529906795124,-0.14762853544573457,0.5390578363961657,-0.0029407776060695265,0.5327459417746927,-0.08219771486959182,0.00937706067907514,0.0004915620865272004,0.002005079384646835,-0.009146982581999946,0.009023026521130725,-0.00014715513254130936,0.00856902723876836,-0.0028222553302706503,0.6935171143371835,0.011080904373773931,-0.12061219242209817,0.29631215139158784,-1.5707985357383814,1.5867502406020764,0.8394929585532257,-0.7893194330920053,-0.9668800690168098,0,zero,0,-0.2963121513915876,-0.16970661532404474,1.5533461653033536,1.4854034429678693,1.2223828524614953,-0.3071934768101154,0.34839696875141896,1.554848762263876,1.4283743247976939,1.40245239522585,-0.014446436710783593,0.0989003993366364,0.02368706238920415,-0.021816144135242268,0.016137559716926278,0.1206090577350935,0.9322317474167757,-2.979323177867692,-2.7406970492226894,1.0,-0.3836108446121216,2.2089434850158796e-06,9.163078855678464e-07,0.0,0.0,0.0,1,-0.12727520610586107,0.375709704327342,-9.0,-9.0,-0.12727520610586107,0.40819026255515733,-8.108519450400777,-5.68171465428929,0.00465818392479135,-0.0007905388407284129,-0.003836482098078235,0.01833470813141678,-0.022853298539093427,-0.006026307738630356,0.0,0.0,0.0,0.0,0.0,-0.23865592744395475,2.50473136218228,-30.0,-30.0,42.500948646452635,-0.032480558227815315,-0.8914805495992226,-3.31828534571071,-0.23865592744395475,2.50473136218228,-35.53854907886081,-59.348807632566185,69.22138451292598,2.2299999999999964
0.0,0.0,0.0,0.0,0.0,0.0,0.0,0.0,0.0,0.0,0.0,0.0,0,0.0,-1.5707963267948966,nan,0.005181032802053614,-0.35077625450418115,-0.1417746199136685,0.12674359316474804,-1.570797612488145,0.005750927024570518,-0.348583586175712,1.5872959397090092,-0.14767967263388643,0.3248297209937387,0.00783321359897034,0.01875889438223144,0.32419298617820114,0.006324730939105874,0.0005698942225169038,0.0021926683284691495,-0.005905052720217935,0.005834298865257836,-4.580093540184813e-05,0.0058274302517020305,0.0002792887126491176,8.826848677871432,0.13044065182966486,-0.11506044120128069,0.23866618429253172,-1.5707981735572643,1.5855679157583633,0.5883239420165358,0.7891778206838066,-0.08152234512291545,0,zero,0,-0.23866618429253172,-0.11192259112778391,1.5543032170303157,1.4856326608893167,1.2221717392752964,-0.3070373148582969,0.22782106025832902,1.5560311883889377,1.4455012860042407,1.3407298991923204,-0.11668793850225043,0.09253446606504985,0.02216239454578804,-0.020411901900228156,0.015098831572113414,0.11506147642059933,2.156606942554239,-7.94749596206341,-14.618701439390037,1.0,-0.1554296314716339,1.8467623679185863e-06,5.610691191648698e-07,0.0,0.0,0.0,0,-0.1533605975016107,-1.7547193602761002,3.530346783765574,0.6817107272858859,-0.1533605975016107,0.21535207301417644,-4.435117032489066,-5.054370511828473,0.0032644956712850745,0.0007903970095453498,-0.0003234724012621912,0.04644991352265218,-0.07385560895908276,-0.10829654868125074,0.0,0.0,0.0,0.0,0.0,-0.28756909338385656,-11.698129068507335,11.767822612551914,2.272369090952953,16.750350145980004,-1.9700714332902767,7.96546381625464,5.736081239114359,-0.28756909338385656,-11.698129068507335,11.767822612551914,2.272369090952953,16.750350145980004,2.239999999999996
0.0,0.0,0.0,0.0,0.0,0.0,0.0,0.0,0.0,0.0,0.0,0.0,0,0.0,-1.5707963267948966,nan,0.004728735964879572,-0.3449960419366593,-0.1454582210906843,0.1268725749180344,-1.5707976060018594,0.00543961152125987,-0.34861227020570973,1.5864018016415067,-0.14772744604706697,0.6854370791359913,0.014098133386339449,-0.5808896597519597,0.3635827763835253,0.004328028749119924,0.0007108755563802983,-0.0036162282690504477,-0.0022692249563826816,0.0026062652990225935,6.334149194144208e-05,1.2333939823926804e-05,0.0026054662803836823,12.527830333265259,0.17180092135377947,-0.09883134006799002,0.12319716565686889,-1.5707976763216913,1.5845052339949812,-0.278340099280728,0.7893201599945305,0.9670523329912384,0,zero,0,-0.12319716565686889,0.0036754092611657185,1.555197355806307,1.4858468108939027,1.2219745038693246,-0.30689141840095635,0.03340305061393713,1.5570939578919805,1.4703256598717687,1.2501066259601767,-0.2979558563895683,0.08631888947176719,0.020673737760401087,-0.019040826396466655,0.014084637098461054,0.09882818501362543,2.5534658872445735,-9.189654896780645,-19.165197276727007,1.0,-0.08323758840560913,1.3495267947583045e-06,7.031983173533263e-08,0.0,0.0,0.0,1,-0.13213378097755818,-4.238355808191814,9.0,9.0,-0.13213378097755818,-0.5700423168691675,1.294442957839556,-1.6396818973223777,-0.0015444553320956903,0.0007905395687539189,0.0038371656240658077,0.05927345619327128,-0.09387134949192792,-0.16026647379834144,0.0,0.0,0.0,0.0,0.0,-0.24776632472821708,-28.25570538794543,30.0,30.0,50.97495733320468,-3.668313491322647,7.705557042160444,10.639681897322378,-0.24776632472821708,-28.25570538794543,55.407055819278945,65.64469017355454,90.43015789914722,2.249999999999996
0.0,0.0,0.0,0.0,0.0,0.0,0.0,0.0,0.0,0.0,0.0,0.0,0,0.0,-1.5707963267948966,nan,0.00431293990596433,-0.33595813139718533,-0.14636619191698835,0.12699270291039033,-1.5707975999605601,0.005149623671188696,-0.3486387253707383,1.585569040392089,-0.14777193820106038,0.9106269749349049,0.012580820884406773,-0.906436570450253,0.08634786723106525,0.012785680500477105,0.000836683765224366,-0.012680593973552978,-0.0014057462840720292,0.006452449958237407,0.0001258770129321531,-0.00602402602157327,0.0023085441153639042,10.236798665009884,0.1314832375113879,-0.0782363438303251,0.007413312709866782,-1.5707972989765449,1.583636984276659,-0.7282586739884573,0.7893194331098362,0.9668800555301708,0,zero,0,-0.00741331270986656,0.11957939020052333,1.5560301177171056,1.4860462608806444,1.221790807402999,-0.3067555367952638,0.1685720585012673,1.5579621926343834,1.4920730978778094,1.173854639367348,-0.4682442578371252,0.08026018426715915,0.01922265233362886,-0.01770435468448937,0.013096039300045536,0.07823179956997815,1.7619142116024025,-6.070333074940321,-14.546061882861508,1.0,-0.2524982988834381,9.721816480734446e-07,-3.009840154888366e-07,0.0,0.0,0.0,1,-0.0880755329232013,-4.5,9.0,9.0,-0.0880755329232013,-1.563667150236349,5.319493982300567,2.0241656866300413,-0.004040966411569744,0.0007905388407462715,0.0038364820445646185,0.04760604646548266,-0.07206589586711287,-0.1361724349190493,0.0,0.0,0.0,0.0,0.0,-0.16515194622764168,-30.0,30.0,30.0,51.96178668180438,-2.9363328497636507,3.6805060176994333,6.975834313369958,-0.16515194622764168,-36.28115638179041,70.48022205915899,95.42242484799051,124.05341772375331,2.259999999999996
0.0,0.0,0.0,0.0,0.0,0.0,0.0,0.0,0.0,0.0,0.0,0.0,0,0.0,-1.5707963267948966,nan,0.003991420730275097,-0.32798362173578866,-0.1457857928495592,0.12710420816978196,-1.5707975943526864,0.004880414850051608,-0.3486630572382918,1.5847960544014645,-0.14781323506600955,0.802313579660637,0.0052310354552144445,-0.799884152895014,-0.06216959323783189,0.02079759325470687,0.0008889941197765105,-0.02067943550250312,-0.002027442216450348,0.009400086176609595,0.00011858170257748304,-0.009332061709178916,0.001122578622448034,3.7481468841075407,0.04562829590692642,-0.059086880645573714,-0.05853063011593429,-1.5707971754600862,1.5829691616645891,-0.8282286445027042,0.789319433094893,0.9668800690167955,0,zero,0,0.05853063011593429,0.18563483828571625,1.5568031043229547,1.4862313944299685,1.2216202965929224,-0.30662940871493305,0.2571665447092167,1.5586300088411005,1.4994944181143854,1.1479635231210434,-0.5526579966107669,0.07436493063608812,0.0178107142474736,-0.016403938267650763,0.012134111864403791,0.05908993721799349,-0.03926496394144907,0.005076804076660446,-3.7826127578286513,1.0,-0.5025271773338318,8.486651896788544e-07,-4.188926001624793e-07,0.0,0.0,0.0,1,-0.04652098826468126,-4.213591807996041,9.0,9.0,-0.04652098826468126,-2.3829828125148342,7.360861548789764,4.687414969897404,-0.0045956804265793235,0.0007905388407313052,0.0038364820980781784,0.012889135643650592,-0.019176060336124227,-0.056602566362599444,0.0,0.0,0.0,0.0,0.0,-0.08723230501534082,-28.09061205330694,30.0,30.0,50.88310225413179,-1.8306089954812066,1.6391384512102363,4.312585030102596,-0.08723230501534082,-28.09061205330694,49.61748311947703,79.1570444055658,97.55420239610764,2.2699999999999956
0.0,0.0,0.0,0.0,0.0,0.0,0.0,0.0,0.0,0.0,0.0,0.0,0,0.0,-1.5707963267948966,nan,0.0037875023699377114,-0.3247434918086803,-0.14601387270331784,0.12720733126360018,-1.5707975891661894,0.004631412383489232,-0.34868536771582914,1.5840811759811972,-0.14785142610308302,0.3268272897602226,-0.0045084106224989665,-0.3262440404645739,0.01898888166851631,0.0240271140289731,0.0008439100135515208,-0.023941875907148857,-0.001837553399765185,0.008427029526226414,4.8911829350637326e-05,-0.008381500466943297,0.0008734324195212024,-5.046119866038763,-0.05890086583915913,-0.04553961474594191,-0.04450529268735326,-1.5707973484699682,1.5824626345367874,-0.828510910091099,-0.6455536325325428,0.9668800690167927,0,zero,0,0.04450529268735348,0.17171262395095344,1.557517983313326,1.486402610960531,1.221462603568447,-0.30651276204338396,0.20774940565012093,1.5591366241596514,1.4873105575800332,1.1873466332921134,-0.5114334095019296,0.06863977423787919,0.016439515165347234,-0.015141043092121753,0.011199939162528616,0.04554917244648913,-1.92284536698467,6.369661335331869,9.493279586729875,1.0,-0.4951063096523285,1.0216750716551815e-06,-2.4069622117650624e-07,0.0,0.0,0.0,0,-0.0010533930439518095,-1.2116807794995537,0.8021932255003053,8.645899767959323,-0.0010533930439518095,-2.5458062061884728,5.542205712767715,6.285391472384888,-0.004597246663690649,-0.0006465509385612786,0.003836482098078167,-0.03888204337462347,0.05550874146911296,0.060939033835868156,0.0,0.0,0.0,0.0,0.0,-0.0019752354096227442,-8.077871863330358,2.673977418334351,28.819665893197744,30.049547669994077,1.334125426688919,-4.74001248726741,2.3605082955744345,-0.0019752354096227442,-8.077871863330358,2.673977418334351,28.819665893197744,30.049547669994077,2.2799999999999954
0.0,0.0,0.0,0.0,0.0,0.0,0.0,0.0,0.0,0.0,0.0,0.0,0,0.0,-1.5707963267948966,nan,0.003694467347471759,-0.32898688036592943,-0.14627195741296803,0.1273023223931009,-1.570797584388531,0.004402019380776032,-0.34870575532930753,1.5834226706589702,-0.1478866043012417,0.4231077614831848,-0.013635798024724767,0.42230009437707605,0.022290651149151075,0.019797518639339234,0.0007075520333042731,-0.019718874963378097,-0.0016146468882736742,0.0028625864232347835,-5.819443658418343e-05,-0.0027674349791878827,0.0007296013116806486,-12.120157293727504,-0.13619351605492677,-0.04341188079133052,0.0527898014523267,-1.570797752736811,1.5820289906314913,-0.08324454637638354,-0.7894364315626994,-0.966112441536103,0,zero,0,-0.05278980145232648,0.07451252094077443,1.5581764891616587,1.4865603258860292,1.2213173457272504,-0.30640531376690894,0.07350355460883923,1.5595703369962517,1.4628310507126805,1.2728903844357025,-0.35307407105133437,0.0630914262063377,0.015110662432075645,-0.013917149546893593,0.010294616248871551,0.04341419690790339,-2.569441849713577,9.317017535064744,18.868498157610457,1.0,-0.3557640016078949,1.4259419147677477e-06,1.683482802050662e-07,0.0,0.0,0.0,1,0.0471534102167691,1.5998922049172377,-9.0,-9.0,0.0471534102167691,-1.9415217449729556,-0.016919900286029507,3.714449445184723,-0.00046190787404017575,-0.0007906560199482722,-0.0038334362300516873,-0.05952285808684639,0.09234665278124683,0.1497946779613465,0.0,0.0,0.0,0.0,0.0,0.08841817029208532,10.665948032781586,-30.0,-30.0,43.746660046349085,3.5414139498901935,-8.98308009971397,-12.714449445184723,0.08841817029208532,10.665948032781586,-50.181089749346015,-39.36708318098654,64.6659050181892,2.289999999999995
0.0,0.0,0.0,0.0,0.0,0.0,0.0,0.0,0.0,0.0,0.0,0.0,0,0.0,-1.5707963267948966,nan,0.003634174791752425,-0.3380422604131107,-0.14385479657025174,0.12738944148785025,-1.570797580006674,0.0041916145674065165,-0.3487243155118538,1.5828187365238497,-0.14791886621409753,0.936409732922897,-0.015011225765018156,0.9036819864635004,-0.24494227555721115,0.011442626547523668,0.0005574397756540916,-0.010682055098743093,-0.004064069643845786,0.004328561799723278,-0.00013862577807472766,0.0041722056076470854,-0.001144521959245437,-12.743182003136301,-0.13707409736560003,-0.052474583753035146,0.1830031841663584,-1.5707982133515443,1.5815491620805133,0.6233533442897217,-0.7893194310400953,-0.9668815241875653,0,zero,0,-0.1830031841663584,-0.05561374267850816,1.5587804237800946,1.486704970772014,1.2211841255909068,-0.3063067698678398,0.20622928935543608,1.5600500681341567,1.4409235022410225,1.3583676508891906,-0.1592909703184602,0.057726663149753145,0.013825779073899532,-0.012733752463778721,0.009419248861343491,0.05246501753937906,-1.8058769760915416,7.512041917540383,18.450084157031625,1.0,-0.2577410340309143,1.8865566477899165e-06,6.333448703266242e-07,0.0,0.0,0.0,1,0.04353043324725323,2.341816956149809,-9.0,-9.0,0.04353043324725323,-0.9675191337570598,-4.581250712435682,-0.3681744969176451,0.0034588670437921353,-0.0007905388386733331,-0.0038364878720482777,-0.047937163933138204,0.08309027396659775,0.16210038812510263,0.0,0.0,0.0,0.0,0.0,0.08162466388009232,15.612113040998725,-30.0,-30.0,45.20779508216118,3.3093360899068687,-4.418749287564318,-8.631825503082355,0.08162466388009232,15.612113040998725,-78.88246943026047,-92.62043314707748,122.65697434699301,2.299999999999995
0.0,0.0,0.0,0.0,0.0,0.0,0.0,0.0,0.0,0.0,0.0,0.0,0,0.0,-1.5707963267948966,nan,0.0035290189536149115,-0.3470604555027727,-0.14010720553528824,0.1274689583001669,-1.5707975760070876,0.003999552116558749,-0.348741140901332,1.582267503571522,-0.14794831199685404,0.9762080534452272,-0.008690661271025437,0.9001369700183781,-0.3777036817720014,0.00803299790912268,0.0004705331629438372,-0.0016806853985593118,-0.0078411064615658,0.00935989851209005,-0.00015008928670552472,0.00876686720888301,-0.0032752423886566913,-7.815617840447685,-0.07950879375785634,-0.06287680487697268,0.28439261110275416,-1.5707985349468123,1.5809663202412962,0.7967037434551333,-0.7893194330746574,-0.9668800690131513,0,zero,0,-0.28439261110275416,-0.15692365280258702,1.559331657174237,1.486836993492707,1.2210625306604572,-0.30621682521771093,0.34656470636917236,1.560632723711304,1.4306651614844677,1.4071973636360116,-0.019330171347898748,0.05255232715087639,0.01258650379846901,-0.011592361117405747,0.008574953421310995,0.062865534551191,-0.4768938765730822,2.886238904530126,10.225367286654027,1.0,-0.3626437187194824,2.208151915539247e-06,9.58939724959862e-07,0.0,0.0,0.0,1,-0.03273954838752416,1.5697821488599184,-9.0,-9.0,-0.03273954838752416,-0.13724269372218,-7.023481260337049,-3.5993613618771496,0.00442075485300035,-0.0007905388407110382,-0.003836482098063718,-0.020936223566477348,0.04347923762443528,0.10573123772514045,0.0,0.0,0.0,0.0,0.0,-0.06139049013224106,10.46521432573279,-30.0,-30.0,43.69810613374224,1.7070248425820984,-1.9765187396629509,-5.40063863812285,-0.06139049013224106,10.46521432573279,-69.5068314354525,-98.02522764485825,120.62201022491082,2.3099999999999947
0.0,0.0,0.0,0.0,0.0,0.0,0.0,0.0,0.0,0.0,0.0,0.0,0,0.0,-1.5707963267948966,nan,0.0033546093760471038,-0.3528781639816604,-0.1391826796541101,0.12754115249956555,-1.5707975723757335,0.0038251614794279037,-0.34875632164549003,1.5817670330495557,-0.14797504544331633,0.5879984899733048,1.8940436962745777e-06,0.5802527734729668,-0.09512593276404246,0.009721969949421073,0.00047055210338079996,0.004121842336170356,-0.008792365789206225,0.01009599648894344,-9.987013904611789e-05,0.009695769584168817,-0.0028126896790780205,0.3830494705622284,0.003657034064902691,-0.06843726070792092,0.31514438798567745,-1.5707985371236048,1.5803044033961988,0.8283430332097748,-0.7893194330905372,-0.9668800690167857,0,zero,0,-0.31514438798567745,-0.18760323548611169,1.5598321280978884,1.4869568583878139,1.2209521332719826,-0.306135163470426,0.3675241420618976,1.561294570880898,1.4343513815319187,1.4016389934538247,0.009549455448253006,0.047575325766947445,0.011394490994850237,-0.010494499225225577,0.007762857033600802,0.06843361753531707,0.9343348962813838,-2.9462013221462113,-2.394933348050166,1.0,-0.41601619124412537,2.2103287085073475e-06,9.647478713681323e-07,0.0,0.0,0.0,1,-0.11433736493828178,0.19439284817066796,-9.0,-9.0,-0.11433736493828178,0.22993422905667854,-8.118318789139911,-5.716878548971973,0.0045963151473724225,-0.0007905388407269426,-0.0038364820980781394,0.018686549955295444,-0.02262778616671173,0.008621056816000127,0.0,0.0,0.0,0.0,0.0,-0.21439595900671626,1.2959523211377864,-30.0,-30.0,42.44673671845576,-0.03554138088601058,-0.8816812108600889,-3.283121451028027,-0.21439595900671626,1.2959523211377864,-35.42883055148796,-62.358352632611776,71.73208232963204,2.3199999999999945
0.0,0.0,0.0,0.0,0.0,0.0,0.0,0.0,0.0,0.0,0.0,0.0,0,0.0,-1.5707963267948966,nan,0.003123670443052154,-0.3534984157126472,-0.14252517860954958,0.1276063137671961,-1.5707975690980638,0.0036677472143988622,-0.3487699457132824,1.5813153168026657,-0.14799917402295865,0.337416433350843,0.007352466796590844,0.06066276631944145,0.33183703757971583,0.0072539005958198255,0.0005440767713467084,0.0047284699993647705,-0.005473995413409066,0.006864406662293098,-1.753261670568414e-05,0.0068561302828022575,0.0003365248548430769,8.696222349597079,0.07690913843209729,-0.06453692067139397,0.2597513704973071,-1.5707981759565621,1.5796349311173556,0.5885670419631555,0.7891805111144378,-0.2513722188920005,0,zero,0,-0.2597513704973071,-0.1321450567301108,1.5602838447077891,1.4870650464193358,1.2208524904521763,-0.3060614569554241,0.24927268112925935,1.5619641480442805,1.4510582816177289,1.3404381585979845,-0.09033749676391184,0.04280263202967781,0.010251410733521187,-0.009441704947507512,0.006984097486496952,0.064537829984554,2.085918557420144,-7.8915798976563405,-14.502223769824935,1.0,-0.18685278296470642,1.8491616655680332e-06,6.068584985641223e-07,0.0,0.0,0.0,0,-0.15774572556559932,-1.8274348745038957,3.467784271947578,-0.12125855298740155,-0.15774572556559932,0.0449731644218787,-4.460303465936049,-5.2263512123471845,0.003265844585831556,0.0007903997041323865,-0.0009974194821432368,0.04524585850608428,-0.07331762658242082,-0.10674589472248604,0.0,0.0,0.0,0.0,0.0,-0.2957917224181499,-12.182899163359306,11.559280906491928,-0.40419517662467186,16.80151402652831,-1.8724080389257745,7.928087737883628,5.105092659359783,-0.2957917224181499,-12.182899163359306,11.559280906491928,-0.40419517662467186,16.80151402652831,2.3299999999999943
0.0,0.0,0.0,0.0,0.0,0.0,0.0,0.0,0.0,0.0,0.0,0.0,0,0.0,-1.5707963267948966,nan,0.002876244639083688,-0.34776886084874753,-0.1464403906960308,0.12766474189029164,-1.570797566159023,0.003526588815006206,-0.34878209921088277,1.580910276617941,-0.14802080891804287,0.6938187876899938,0.010626740457580965,-0.5741708361500009,0.3893577191396991,0.0019867866725259277,0.0006503441759225181,-0.001013238362135238,-0.0015804182220120755,0.002911737862746443,5.905201009503958e-05,0.0007416353397180979,0.002815085658436734,12.752780441985824,0.10555972360723209,-0.049597741372755265,0.14347171364075573,-1.570797670854067,1.5790697576433106,-0.24651498199602132,0.7893201522531761,0.9672722328222104,0,zero,0,-0.14347171364075573,-0.015806971750464083,1.5606888852183813,1.4871620553283889,1.2207631437739124,-0.30599536657084225,0.04586274143049153,1.5625294216593175,1.4748568795071484,1.250176767541731,-0.273079946749985,0.038241284445254264,0.009158948766372564,-0.008435530887340085,0.006239823251741412,0.04959467921030981,2.434238157459677,-9.170293250594199,-19.489272403787872,1.0,-0.06611437350511551,1.3440591706270766e-06,1.0469504374555072e-07,0.0,0.0,0.0,1,-0.1478276107734254,-4.197559760979546,9.0,9.0,-0.1478276107734254,-0.7026110732036979,1.2719435265331316,-1.856317705742645,-0.0013678639167302676,0.000790539561000605,0.003838038164303143,0.05688898178373929,-0.09360514666887793,-0.16220125400407465,0.0,0.0,0.0,0.0,0.0,-0.2771940948310996,-27.98373173986364,30.0,30.0,50.82485689753451,-3.494948687775848,7.728056473466868,10.856317705742645,-0.2771940948310996,-27.98373173986364,54.97963033628322,64.03492207081396,88.91792325051475,2.339999999999994
0.0,0.0,0.0,0.0,0.0,0.0,0.0,0.0,0.0,0.0,0.0,0.0,0,0.0,-1.5707963267948966,nan,0.0026681782906865337,-0.33829650264001476,-0.14740163364948147,0.12771674685660717,-1.5707975635430347,0.003400940536649535,-0.34879286670081544,1.5805497635701249,-0.1480400650607642,0.9530152407309452,0.00824180700404833,-0.948312569866544,0.09419868107293505,0.01054126148394438,0.0007327622459630014,-0.010496364060800678,-0.000638431411282725,0.006332617038177944,9.4146758005848e-05,-0.005817364185033915,0.0025002897589806033,10.739915800555785,0.08477492281073591,-0.03004460002569959,0.02367120959018676,-1.5707972840022935,1.5786868448747968,-0.7099745862173154,0.7893194331092863,0.966880013835963,0,zero,0,-0.02367120959018676,0.10404553726642041,1.5610493985565332,1.487248399792013,1.2206836192118222,-0.30593654167668416,0.15052250528123823,1.5629123274402184,1.4953063678170215,1.173857003723206,-0.44875072628488033,0.03389838699433379,0.008118806526706582,-0.007477544090629952,0.005531193484533238,0.030039952660323787,1.6285798602513106,-6.092342351577529,-15.204012867807526,1.0,-0.20357945561408997,9.57207396901083e-07,-2.7954074122149564e-07,0.0,0.0,0.0,1,-0.1005761463947048,-4.5,9.0,9.0,-0.1005761463947048,-1.6554991955119414,5.307353260334214,1.860643506687555,-0.00393951154781271,0.0007905388407457207,0.003836481879126229,0.0448009288981195,-0.07220807530785485,-0.14108190044158764,0.0,0.0,0.0,0.0,0.0,-0.1885920614939149,-30.0,30.0,30.0,51.96186646922585,-2.8445008044880584,3.6926467396657863,7.1393564933124445,-0.1885920614939149,-35.651464416882575,70.30979762469856,96.07525675734729,124.27785436291607,2.349999999999994
0.0,0.0,0.0,0.0,0.0,0.0,0.0,0.0,0.0,0.0,0.0,0.0,0,0.0,-1.5707963267948966,nan,0.0025352725988297482,-0.32955460773666534,-0.14648868186726324,0.12776264894886236,-1.5707975612340028,0.0032900312219770007,-0.34880233152254525,1.5802315573668615,-0.14805706117042286,0.8800658154931049,0.00219963771842511,-0.8751359725079233,-0.09299478918768922,0.019326260506246983,0.0007547586231472525,-0.01924772378587991,-0.0015683793031596172,0.00975178862967947,7.729195906518128e-05,-0.009695323018870817,0.0010450449706894708,4.403284823424391,0.033892748222115805,-0.01204789018233569,-0.048303650475632676,-1.5707971520707429,1.5784930377642943,-0.8189878823637206,0.7893194330948697,0.9668800690170662,0,zero,0,0.048303650475632676,0.17606629942449503,1.5613676050162908,1.4873246115799885,1.2206134269978635,-0.3058846199879842,0.24649173835374083,1.5631061283146293,1.5013977815775947,1.147603151666689,-0.5408880246349695,0.029781109132068845,0.00713270112924302,-0.006569326046107452,0.004859378023532705,0.012050792397872137,-0.17115274425410948,-0.03823291957203012,-4.612800923432808,1.0,-0.4548998177051544,8.252758463278553e-07,-4.0916325971807055e-07,0.0,0.0,0.0,1,-0.04437495965959711,-4.0996583958102635,9.0,9.0,-0.04437495965959711,-2.428384014190118,7.355443840085869,4.582589442210969,-0.004544405226221696,0.0007905388407312818,0.0038364820980792526,0.010081401980930112,-0.019555917792557734,-0.06313944530021792,0.0,0.0,0.0,0.0,0.0,-0.08320824987736192,-27.331055972068427,30.0,30.0,50.46774756377765,-1.6712743816201456,1.6445561599141314,4.417410557789031,-0.08320824987736192,-27.331055972068427,49.74560342321836,81.67534284871077,99.46094828401621,2.3599999999999937
0.0,0.0,0.0,0.0,0.0,0.0,0.0,0.0,0.0,0.0,0.0,0.0,0,0.0,-1.5707963267948966,nan,0.0024886735974206653,-0.32543004689247323,-0.1461566991275909,0.12780277883918512,-1.570797559215307,0.003193064124853091,-0.3488105761127761,1.5799533656939402,-0.14807191979059944,0.4147639887063934,-0.005036809571482654,-0.4132805434422959,-0.034684135984891507,0.023469413772495208,0.0007043905274324259,-0.02338052922030287,-0.0019152206630085322,0.00921420533501321,1.7917530300400812e-05,-0.009202465015350847,0.00046464670356901466,-4.387076693008195,-0.03359395257542426,5.108122366021556e-05,-0.04100923411489288,-1.5707973177034158,1.5784472937836596,-0.8048034436338325,-0.6309016020115437,0.966880069016796,0,zero,0,0.041009234114892656,0.16881201295407777,1.5616457969136266,1.4873912397116498,1.2205520614768925,-0.3058392274679729,0.2051005515379344,1.5631519595326893,1.4878917866920436,1.1865990682473206,-0.5081036865773352,0.025896685788066955,0.006202365370109542,-0.005712472685317705,0.004225557390854714,-4.1252101357867714e-05,-2.056309835691274,6.33976817719457,8.670663654918332,1.0,-0.5268862247467041,9.909085192383316e-07,-2.415118913745573e-07,0.0,0.0,0.0,1,0.019525810769913676,-1.0556979939974456,0.9088417845516823,9.0,0.019525810769913676,-2.5395178946859662,5.575185861866089,6.293648211799709,-0.004465698521417854,-0.000631876272340261,0.0038364820980781806,-0.041685923251696226,0.05516700862273308,0.05410215426098258,0.0,0.0,0.0,0.0,0.0,0.03661318351755799,-7.037986626649638,3.0294726151722746,30.0,30.96307963701584,1.4838199006885207,-4.666344077314407,2.7063517882002914,0.03661318351755799,-7.037986626649638,3.0294726151722746,32.49860420284446,33.38969265718576,2.3699999999999934
0.0,0.0,0.0,0.0,0.0,0.0,0.0,0.0,0.0,0.0,0.0,0.0,0,0.0,-1.5707963267948966,nan,0.002518700234079844,-0.32889563763145013,-0.14596955430879943,0.1278374776835538,-1.5707975574697954,0.0031092167328094318,-0.3488176823236188,1.5797128235605595,-0.14808476732632156,0.34661332155040514,-0.01138740287028382,0.3458484528134187,-0.01999923545135951,0.020042721885051774,0.0005905164987295877,-0.019922044692168683,-0.0021152130175221273,0.003827142963742618,-6.385797778250065e-05,-0.0038225548497764043,0.00017612451291359197,-11.59309507623148,-0.0888646306686407,0.00022781406659331554,0.0504393459187511,-1.570797715435334,1.5784575641846368,-0.005291036615606537,-0.7894332709379549,-0.9686250172268709,0,zero,0,-0.05043934591875132,0.0773981317648027,1.561886339241183,1.4874488506127006,1.2204990009622354,-0.30579997822124155,0.07700616227977135,1.563141763998973,1.4620525592820117,1.2720614734562825,-0.3570319287470943,0.02225241736642228,0.005329547726849258,-0.004908594382627567,0.0036309227920739346,-0.0002246259235624817,-2.7055808681044864,9.32191832450679,18.20977311466775,1.0,-0.3629288673400879,1.3886404373053551e-06,1.5796553842761796e-07,0.0,0.0,0.0,1,0.08315637479291883,1.8271427167917724,-9.0,-9.0,0.08315637479291883,-1.8799586523543452,0.0171602244754821,3.772704807651395,-2.9358937984157196e-05,-0.0007906528544407265,-0.0038434058756846765,-0.06241998074822896,0.09233950610846565,0.14415908048429052,0.0,0.0,0.0,0.0,0.0,0.1559279482334874,12.180951445278483,-30.0,-30.0,44.14068295390628,3.707101369146118,-9.017160224475482,-12.772704807651396,0.1559279482334874,12.180951445278483,-49.807663173619574,-35.391168940204125,62.30359573417959,2.3799999999999932
0.0,0.0,0.0,0.0,0.0,0.0,0.0,0.0,0.0,0.0,0.0,0.0,0,0.0,-1.5707963267948966,nan,0.0025644242021624413,-0.3373857943916591,-0.14339264476395305,0.1278670972162399,-1.5707975559797829,0.0030376405878450234,-0.34882373173669323,1.5795074926445751,-0.14809573408120721,0.8870791426752083,-0.011730011304700565,0.8484107347134562,-0.25878762997320337,0.012376162312392113,0.00047321638568258205,-0.011437937345034122,-0.004703089317254161,0.003494889629938683,-0.00012055868577856533,0.0031022111140384893,-0.0016049938730949608,-12.3571985313941,-0.09400088540242439,-0.011316466882805345,0.1762439581144315,-1.5707981683187815,1.5783997018361442,0.6672734607879562,-0.7893194312812306,-0.9668766830611243,0,zero,0,-0.17624395811443172,-0.0483768608981916,1.5620916703230159,1.487498028272027,1.2204537075912605,-0.3057664743869088,0.19990280609547703,1.5631995420476417,1.4388729627726067,1.357682654244685,-0.168785732270886,0.01885566974570299,0.004516012358417702,-0.0041593159552228524,0.0030766761162227567,0.011307994788787816,-1.9232481507580341,7.528711459619828,17.96301936663471,1.0,-0.2683877646923065,1.8415238849378568e-06,6.123389986179006e-07,0.0,0.0,0.0,1,0.08416982052381444,2.6095268814269876,-9.0,-9.0,0.08416982052381444,-0.8505101381711053,-4.561993911279124,-0.3149708740666879,0.003702571268541828,-0.0007905388389148408,-0.0038364686629493204,-0.050554435847297984,0.08324470854040518,0.15789080103669023,0.0,0.0,0.0,0.0,0.0,0.15782827774951141,17.396845876179917,-30.0,-30.0,45.85493600698638,3.4600370195980927,-4.438006088720876,-8.685029125933312,0.15782827774951141,17.396845876179917,-78.75578671832703,-89.18423600371885,120.24548660716732,2.389999999999993
0.0,0.0,0.0,0.0,0.0,0.0,0.0,0.0,0.0,0.0,0.0,0.0,0,0.0,-1.5707963267948966,nan,0.002565917305292393,-0.3460337035003809,-0.139680102655019,0.12789199984425048,-1.570797554727044,0.002977461105421544,-0.34882880597113425,1.579334860637759,-0.14810495429456635,0.9410308866107078,-0.006167258555343086,0.8642834874280747,-0.37217623222931817,0.008885949092236568,0.0004115438001291512,-0.0027951024707533745,-0.008424851639547343,0.008583352147453777,-0.0001212728754147606,0.007816196904466112,-0.003544896744265249,-7.535442743278513,-0.055913492308006664,-0.0243404712252259,0.27443855346994406,-1.5707984816537528,1.5782135263364223,0.8140694416254176,-0.7893194330775564,-0.9668800690249606,0,zero,0,-0.27443855346994406,-0.14654655362569358,1.5622643024693377,1.4875393743985112,1.2204156271809508,-0.3057383060317857,0.3357193161454764,1.5633855452946994,1.427703556263657,1.4065885812796741,-0.032854616379948534,0.01571387427894873,0.003763539105182222,-0.003466276663107768,0.002564029935790868,0.024330035019101866,-0.5471216869043665,2.883915548619836,9.872444044327613,1.0,-0.35932472348213196,2.154858856240338e-06,9.269267087219646e-07,0.0,0.0,0.0,1,0.0003227752164892489,1.802082748663101,-9.0,-9.0,0.0003227752164892489,0.021310612700436975,-7.014232792422901,-3.561585409849149,0.004517113750636616,-0.0007905388407139417,-0.0038364820981105765,-0.022664544386149503,0.043514875634049016,0.10268032784577773,0.0,0.0,0.0,0.0,0.0,0.0006052413585022481,12.013884991087341,-30.0,-30.0,44.09459641436114,1.780772135962664,-1.9857672075770987,-5.438414590150851,0.0006052413585022481,12.013884991087341,-69.54644998034152,-95.23258576621394,118.53390877522276,2.399999999999993
0.0,0.0,0.0,0.0,0.0,0.0,0.0,0.0,0.0,0.0,0.0,0.0,0,0.0,-1.5707963267948966,nan,0.0025048986505923467,-0.3515801607677998,-0.13881898063784243,0.1279125587417702,-1.5707975536928114,0.0029277773914760615,-0.3488329869833778,1.5791923405910595,-0.1481125661784489,0.5609960174583444,0.0011334940754563656,0.5542276255175393,-0.08687339010591266,0.009700336202002311,0.00042287874088371485,0.002747173784422019,-0.00929358554060647,0.00936286323265815,-7.316246742916318e-05,0.00888991466381865,-0.0029372218909785577,0.5948597588017244,0.004254449793953295,-0.03237967544431553,0.3028227827606249,-1.5707984796070282,1.5779229234781382,0.839118604065634,-0.7893194330911382,-0.9668800690168072,0,zero,0,-0.30282278276062513,-0.1749102240188547,1.5624068226312575,1.4875735085778448,1.2203841890834761,-0.30571505104354224,0.35355821598182896,1.5636760846387472,1.4310656713075212,1.400765030463589,-0.00693182284583512,0.012834527793692097,0.003073923488927126,-0.0028311302091096543,0.0020942075067287625,0.032376277026392064,0.9289813964949472,-2.991752237647404,-2.6576458117778743,1.0,-0.395556777715683,2.1528121316727322e-06,9.259142168538403e-07,0.0,0.0,0.0,1,-0.09405826869800056,0.3411785296484476,-9.0,-9.0,-0.09405826869800056,0.4033531786751682,-8.113903108815286,-5.692501879342951,0.004656106704204201,-0.0007905388407275446,-0.003836482098078225,0.018280324527972153,-0.022960247031888426,0.006367801515613769,0.0,0.0,0.0,0.0,0.0,-0.1763702769510605,2.2745235309896508,-30.0,-30.0,42.48769897002681,-0.062174649026720596,-0.8860968911847138,-3.3074981206570486,-0.1763702769510605,2.2745235309896508,-35.358932507462626,-60.07126653786341,69.74249590671344,2.4099999999999926
0.0,0.0,0.0,0.0,0.0,0.0,0.0,0.0,0.0,0.0,0.0,0.0,0,0.0,-1.5707963267948966,nan,0.0023946029397618872,-0.3519899072165887,-0.14211911106312872,0.12792915794460646,-1.5707975528577707,0.0028876620572332113,-0.34883635735649665,1.579077270259829,-0.148118711954616,0.3319699032859411,0.007018037658760917,0.04063760756700119,0.3293984649119175,0.006795821868658949,0.000493059117471324,0.003153549860092031,-0.0059996008914872945,0.006191132034940185,-1.984548142916812e-06,0.006186577640757833,0.00023742163024144392,8.765295346088308,0.05969649023797809,-0.030584087922015703,0.24601321155152567,-1.5707981223307992,1.5776017402516256,0.5790961798248642,0.7891829196689268,-0.13188311552948434,0,zero,0,-0.24601321155152567,-0.11808405360691943,1.5625218930555476,1.4876010684293477,1.220358806041761,-0.30569627502386904,0.23343686340944847,1.5639973652684045,1.4481179728470224,1.3389231774725736,-0.10853094548887231,0.01022519259191822,0.0024489767128440024,-0.002255544738870072,0.0016684427684411456,0.030584521496131046,2.145163290857663,-7.958822072703777,-14.579157406779204,1.0,-0.16605624556541443,1.7955359026267104e-06,5.69473028733114e-07,0.0,0.0,0.0,0,-0.14992724409935917,-1.7882035968182837,3.5991997029631344,0.4649458103443564,-0.14992724409935917,0.20225873823002302,-4.4145907926338745,-5.096553864917968,0.003213292605118657,0.000790402116407815,-0.000523298833000201,0.046256579970472084,-0.07396490399738627,-0.10784286746166301,0.0,0.0,0.0,0.0,0.0,-0.2811311533833849,-11.921357312121891,11.997332343210449,1.5498193678145213,16.986339167548174,-1.9904623350483066,8.013790495597009,5.561499675262324,-0.2811311533833849,-11.921357312121891,11.997332343210449,1.5498193678145213,16.986339167548174,2.4199999999999924
0.0,0.0,0.0,0.0,0.0,0.0,0.0,0.0,0.0,0.0,0.0,0.0,0,0.0,-1.5707963267948966,nan,0.002273933990225773,-0.346294862959897,-0.14589455448953975,0.12794219244463134,-1.5707975522020523,0.0028561610316070528,-0.3488390005767622,1.5789869114491157,-0.148123537891418,0.6832945906172216,0.008916792390995572,-0.5697687476957258,0.37706174896090516,0.0034321992289365983,0.0005822270413812797,-0.0025441376168652274,-0.002228983401878243,0.002687701036905856,5.8019562670844245e-05,0.00032535094274831504,0.0026673052615298985,12.558520263832568,0.08255135385610593,-0.01734058464802806,0.13062278533909444,-1.5707976281663805,1.5773658251861302,-0.28777975998318417,0.7893201366693763,0.9671099787753662,0,zero,0,-0.13062278533909444,-0.0026805928944630963,1.5626122519393553,1.4876227097627754,1.2203388740450625,-0.3056815311816482,0.03527168961066276,1.5642333645700064,1.4727616470509046,1.2481826255852886,-0.2900182493713226,0.007893496450105184,0.0018905256615413977,-0.0017412028408537118,0.0012879803437935262,0.01733677344154783,2.531382546120552,-9.201988378456042,-19.229397410954043,1.0,-0.07553917914628983,1.301371483908298e-06,7.596432816114884e-08,0.0,0.0,0.0,1,-0.14610656430537022,-4.2592229785803255,9.0,9.0,-0.14610656430537022,-0.5877303658751017,1.3163020088964161,-1.6958599333820514,-0.0015968341820808603,0.00079053954539273,0.003837394356693486,0.05884377904013552,-0.09398355245941506,-0.160618964023925,0.0,0.0,0.0,0.0,0.0,-0.27396693100575703,-28.394819857202172,30.0,30.0,51.052334448115566,-3.6714926127052236,7.683697991103584,10.695859933382051,-0.27396693100575703,-28.394819857202172,55.64077499096834,65.11584413024224,90.23474857831553,2.429999999999992
0.0,0.0,0.0,0.0,0.0,0.0,0.0,0.0,0.0,0.0,0.0,0.0,0,0.0,-1.5707963267948966,nan,0.0021899862334209814,-0.3371875857944325,-0.1468654915308043,0.12795206828422545,-1.5707975517052344,0.0028322933708900488,-0.3488410012949982,1.5789184493588875,-0.14812719434056484,0.9160686924259995,0.006008009608778758,-0.9109277883700473,0.0967280592117703,0.011739103256545036,0.0006423071374690673,-0.0116534155005657,-0.0012617028097605398,0.0063267492873548,7.85940036442395e-05,-0.0058456052563104375,0.0024187762846182006,10.344135045277843,0.06724976962380354,0.0004944195954884672,0.014054961068190375,-1.5707972532610524,1.577294723096022,-0.7304337384509565,0.7893194331096793,0.9668800479599144,0,zero,0,-0.014054961068190153,0.11389710721603485,1.5626807140849768,1.4876391067351387,1.2203237721845372,-0.3056703602261138,0.163330674604433,1.5643044484186432,1.4942500274064825,1.1718017892387298,-0.4614785296282245,0.005847132619197501,0.0014004129010384671,-0.00128980154634255,0.0009540755391078926,-0.0004994665151998069,1.7341520018180276,-6.083094633191552,-14.693296277857673,1.0,-0.23095260560512543,9.264661557928378e-07,-2.9844418225621894e-07,0.0,0.0,0.0,1,-0.09444837699133107,-4.5,9.0,9.0,-0.09444837699133107,-1.580428354673309,5.33205444647774,1.9811949108421205,-0.004053035423240861,0.0007905388407461144,0.003836482014526609,0.04703343214752117,-0.07218867945587823,-0.13725845440637544,0.0,0.0,0.0,0.0,0.0,-0.17710177571972824,-30.0,30.0,30.0,51.96182603641795,-2.919571645326691,3.6679455535222596,7.01880508915788,-0.17710177571972824,-36.34263824486311,70.73212254545743,95.41963815118015,124.21255662904501,2.439999999999992
0.0,0.0,0.0,0.0,0.0,0.0,0.0,0.0,0.0,0.0,0.0,0.0,0,0.0,-1.5707963267948966,nan,0.0021695960503807133,-0.32903472239870163,-0.14624048980411603,0.12795920265072325,-1.5707975513463295,0.002815051065460683,-0.34884244557019284,1.5788689919293006,-0.14812983577376312,0.8178427687361456,0.0003147877610902572,-0.8154307670925509,-0.06276431598865595,0.019908092264402016,0.0006454550150799699,-0.01980772317149121,-0.0018893459696470993,0.00939288392471935,5.439830885865338e-05,-0.009316785663801052,0.0011919790862409047,3.9012571968046177,0.025739425377021917,0.01652103875038238,-0.0532560242321638,-1.5707971324170626,1.577393910177962,-0.8286625256186992,0.7893194330948958,0.9668800690168389,0,zero,0,0.05325602423216402,0.18121522688288705,1.5627301715545858,1.4876509520075147,1.2203128625088149,-0.30566229026002045,0.25358146104858353,1.5642052526101566,1.5013761215559385,1.1458072329931532,-0.5476579770289292,0.004093859824628839,0.0009804966787704142,-0.000903052329440856,0.0006679943441664176,-0.016518154108033315,-0.0698969601754682,-0.002927592623511499,-3.9741666603150816,1.0,-0.47631365060806274,8.056221663110819e-07,-4.189292668321798e-07,0.0,0.0,0.0,1,-0.027423080105727256,-4.215894437766837,9.0,9.0,-0.027423080105727256,-2.3963399781005026,7.366908144929538,4.659651797633024,-0.004598087948904802,0.000790538840731308,0.0038364820980783506,0.012252094483175071,-0.019264115728618733,-0.05810482897550068,0.0,0.0,0.0,0.0,0.0,-0.051421489041303683,-28.105962918445577,30.0,30.0,50.89152970527191,-1.819554459666334,1.6330918550704618,4.340348202366976,-0.051421489041303683,-28.105962918445577,49.87146641942156,79.6103282444467,98.05567460251658,2.4499999999999917
0.0,0.0,0.0,0.0,0.0,0.0,0.0,0.0,0.0,0.0,0.0,0.0,0,0.0,-1.5707963267948966,nan,0.0022203412193134114,-0.32557978641536933,-0.1463359025633732,0.12796402397085438,-1.5707975511037844,0.002803398843167928,-0.3488434210927185,1.5788355691859552,-0.14813162081920275,0.34577426045829046,-0.0062397391225453135,-0.3455911505857945,0.009362771381754564,0.023340121221797808,0.0005830576238545168,-0.023263634677349154,-0.0017957182558295537,0.00854303751172811,-5.323299959500384e-06,-0.008500087286031851,0.0008555569642699572,-4.906504808240374,-0.03350821172726281,0.02632583771663668,-0.040758984555101074,-1.5707973089034664,1.5776196524446273,-0.8270396862320789,-0.6382202958940788,0.9668800690167934,0,zero,0,0.04075898455510085,0.16872300852595545,1.5627635943249811,1.4876589569018617,1.2203054898795715,-0.30565683667280774,0.2056299510114098,1.5639795989014467,1.488851868371842,1.185226926114912,-0.5082654974261386,0.002641502266292989,0.0006326509235815404,-0.0005826811070687923,0.0004310134322067235,-0.02631600136208439,-1.9596443735586335,6.384076213398205,9.331051064769454,1.0,-0.4736485779285431,9.821085695804754e-07,-2.4220031802357767e-07,0.0,0.0,0.0,0,0.0482912398924862,-1.2006429660377613,0.8707589083657364,8.868556047727232,0.0482912398924862,-2.553929464257726,5.567367908280823,6.312770258556115,-0.004589083127284498,-0.0006392062727621193,0.0038364820980781697,-0.03962756003596807,0.05558264582719648,0.05949686335263163,0.0,0.0,0.0,0.0,0.0,0.09055173428180424,-8.004286440251743,2.902529694552455,29.56185349242411,30.7636906363571,1.3532864982199648,-4.696608999915086,2.555785789171117,0.09055173428180424,-8.004286440251743,2.902529694552455,29.56185349242411,30.7636906363571,2.4599999999999915
0.0,0.0,0.0,0.0,0.0,0.0,0.0,0.0,0.0,0.0,0.0,0.0,0,0.0,-1.5707963267948966,nan,0.002333088294407377,-0.3296678745780893,-0.1464448794098179,0.12796697200519302,-1.5707975509554781,0.0027962739690302824,-0.34884401738441245,1.5788151325851383,-0.1481327122978738,0.4090672112562445,-0.011987194923161141,0.4087491871026028,0.010788536777364688,0.01925585037737044,0.00046318567462290535,-0.019176142806323127,-0.0016878328880559068,0.003006867748144052,-8.331603981411625e-05,-0.0029365329567658423,0.0006411601096189892,-12.059862841488869,-0.08543528058607532,0.02384290474404873,0.055596091989220664,-1.57079771804565,1.57787660589157,-0.07241323550947015,-0.7894361154610025,-0.9670758266163927,0,zero,0,-0.055596091989220664,0.07237088001597236,1.5627840309423393,1.4876638515578353,1.2203009818270973,-0.3056535020337644,0.07206155182895674,1.5637227177965582,1.4639633729093637,1.271113391037923,-0.35091245143619826,0.0014979496185716329,0.0003587652457318942,-0.0003304282389685379,0.00024442015992641187,-0.0238400431781135,-2.6122191187682593,9.362972188649929,18.810918529191138,1.0,-0.34205886721611023,1.391250753712825e-06,1.670901719208473e-07,0.0,0.0,0.0,1,0.12047143803938065,1.6350728885066534,-9.0,-9.0,0.12047143803938065,-1.9407859354175063,0.006380115478361925,3.7629772583188754,-0.0004018070266767551,-0.0007906557033582346,-0.0038372588443887946,-0.06041645209890831,0.09273026040678059,0.14915399024547443,0.0,0.0,0.0,0.0,0.0,0.22589806495289827,10.90048592337769,-30.0,-30.0,43.80492692953048,3.5758588239241598,-9.006380115478361,-12.762977258318875,0.22589806495289827,10.90048592337769,-50.10751810357686,-38.70008835890723,64.24431362221107,2.4699999999999913
0.0,0.0,0.0,0.0,0.0,0.0,0.0,0.0,0.0,0.0,0.0,0.0,0,0.0,-1.5707963267948966,nan,0.0024514515307718873,-0.3386536977594222,-0.1438904533723716,0.12796849794259857,-1.5707975508787135,0.0027925860408651395,-0.34884432597264237,1.578804554359097,-0.14813327725968725,0.9342502234194434,-0.012205116452965311,0.8985514593102983,-0.25549909992597375,0.01104385941022572,0.00034113451009325224,-0.010190628213220143,-0.004242823887315644,0.0042244182105230605,-0.00013666958038878983,0.004025529707430007,-0.0012736330781640743,-12.756709775557471,-0.0924207689272528,0.009376906942976698,0.18566284518702458,-1.5707981844971557,1.5780376211179188,0.6311876926389893,-0.7893194311738003,-0.9668796793964141,0,zero,0,-0.18566284518702458,-0.05769434724442579,1.5627946091769425,1.4876663850895975,1.220298648405874,-0.30565177598519677,0.2071372360847187,1.5635616082486181,1.441635293843073,1.3571526348564409,-0.15713453349637754,0.000671157030315411,0.00016074493689273713,-0.0001480485277001122,0.00010951256747997477,-0.00938605418860322,-1.8462949073000339,7.572680806562319,18.483430458170055,1.0,-0.2520143687725067,1.857702259133731e-06,6.33618442158479e-07,0.0,0.0,0.0,1,0.12321254715851022,2.389738145524366,-9.0,-9.0,0.12321254715851022,-0.9554313873903241,-4.568604082153273,-0.3289648215879596,0.0035023383262727742,-0.0007905388388072446,-0.003836480552104002,-0.04881795915622064,0.08364400632237964,0.16224466477957286,0.0,0.0,0.0,0.0,0.0,0.23103796579506886,15.931587636829107,-30.0,-30.0,45.31962999817634,3.34516953291469,-4.431395917846727,-8.67103517841204,0.23103796579506886,15.931587636829107,-79.07247806363712,-92.4394265076954,122.68403817680439,2.479999999999991
0.0,0.0,0.0,0.0,0.0,0.0,0.0,0.0,0.0,0.0,0.0,0.0,0,0.0,-1.5707963267948966,nan,0.0025180777420148225,-0.3476696845076491,-0.1400140447220443,0.12796906449466716,-1.5707975508502117,0.002791216780409055,-0.3488444405353765,1.5788006268612733,-0.14813348701938342,0.9814211376684666,-0.0067995471699019636,0.9015872185492768,-0.3876618410023486,0.008208532139109674,0.0002731390383942326,-0.001174756027727375,-0.00811944229733913,0.009332164386692435,-0.0001362023059060032,0.00867890727773546,-0.003427434833310032,-7.878173029065579,-0.05709746709848767,-0.006612079831561974,0.2874986183243564,-1.5707985128017081,1.578040968009219,0.800216764997338,-0.7893194330763665,-0.9668800690177487,0,zero,0,-0.2874986183243564,-0.15952955382968925,1.5627985366779447,1.4876673257426372,1.220297782050141,-0.30565113513559067,0.34863688628184714,1.5635580751155806,1.4310212352096752,1.4066015219385122,-0.016463931911449094,0.0001691451248565446,4.0510970149566635e-05,-3.731121864415949e-05,2.7599378480854104e-05,0.006600929182711769,-0.5087919340796871,2.9478003318523482,10.317388332819535,1.0,-0.36782801151275635,2.1860068115664433e-06,9.619514962366793e-07,0.0,0.0,0.0,1,0.03517775656291688,1.61183626740012,-9.0,-9.0,0.03517775656291688,-0.11540877802724536,-7.017809577471618,-3.5733346706165063,0.0044402479295159,-0.0007905388407127501,-0.0038364820980819605,-0.0216529511725507,0.04406228527292824,0.10640140243785633,0.0,0.0,0.0,0.0,0.0,0.06596241620648205,10.7455751160008,-30.0,-30.0,43.766102586521995,1.7272450454273653,-1.9821904225283822,-5.426665329383494,0.06596241620648205,10.7455751160008,-69.85860606114994,-98.29832759259085,121.0712921543386,2.489999999999991
0.0,0.0,0.0,0.0,0.0,0.0,0.0,0.0,0.0,0.0,0.0,0.0,0,0.0,-1.5707963267948966,nan,0.002514587029868692,-0.35353718719682187,-0.13899072799448453,0.12796914599017262,-1.5707975508461123,0.0027910198194953002,-0.3488444570141578,1.578800061911574,-0.14813351719219817,0.5956059448699049,0.00032937512323754845,0.5867486210391459,-0.10233469003745055,0.010280502223544158,0.0002764327896266081,0.004692730182664084,-0.009142789197713636,0.010123847899561765,-8.844915844946269e-05,0.009680462372486138,-0.0029619455252773968,0.29300417830959413,0.0020987876846984624,-0.017513851801216427,0.3190547380555928,-1.570798522104911,1.5779107972231459,0.8307009787953707,-0.7893194330908955,-0.9668800690167944,0,zero,0,-0.31905473805559303,-0.19108559206541997,1.562799101628101,1.4876674610505802,1.220297657429471,-0.305651042952779,0.3709521554785446,1.5636881737508455,1.4344452355727886,1.4016347815880965,0.013549447839464686,0.0,0.0,-0.0,0.0,0.017510092331614352,0.9116790815722084,-2.8888641113816815,-2.270196723515655,1.0,-0.4294578731060028,2.195310014663221e-06,9.712587987209531e-07,0.0,0.0,0.0,1,-0.06523232202163462,0.2260514731361879,-9.0,-9.0,-0.06523232202163462,0.2573005288155832,-8.116129757783835,-5.701200450555351,0.0046093989309949615,-0.0007905388407273015,-0.0038364820980781736,0.018170890405033512,-0.022080042199195266,0.009593005497981059,0.0,0.0,0.0,0.0,0.0,-0.1223182486811075,1.5070098209079195,-30.0,-30.0,42.45333956656736,-0.031249055679395288,-0.8838702422161653,-3.2987995494446487,-0.1223182486811075,1.5070098209079195,-35.836432980847036,-62.9515401795654,72.45296667579908,2.4999999999999907
0.0,0.0,0.0,0.0,0.0,0.0,0.0,0.0,0.0,0.0,0.0,0.0,0,0.0,-1.5707963267948966,nan,0.002452413235764513,-0.35424139549858585,-0.14231693802928014,0.12796906153745513,-1.5707975508417895,0.00279082119585625,-0.3488444440045347,1.5787994928733748,-0.14813348819846409,0.34005344656509584,0.0061975170465128696,0.07042213113870877,0.3326239028529687,0.007941905391480588,0.0003384079600917368,0.005396951494051172,-0.005816550169183948,0.006915164388403635,-1.7618143269751158e-05,0.006910890987099934,0.00024243325698932762,8.632931705410593,0.05983053967436966,-0.018558277094438393,0.2644800232020499,-1.5707981664644506,1.5777215950297714,0.5922457526619114,0.789193895822921,-0.30128863992728444,0,zero,0,-0.2644800232020499,-0.13651096166459453,1.5627996706669107,1.4876673320289315,1.2202977723519903,-0.30565114150459205,0.25392391209109033,1.5638774791270944,1.4509810680742499,1.340896162654611,-0.08522805343523596,0.00017036926113564847,-3.8628864317753026e-05,3.440760867664761e-05,-2.9506246824821177e-05,0.018559040987545312,2.073072456927774,-7.858347150593335,-14.418413723181125,1.0,-0.20020116865634918,1.8396695540268126e-06,6.156226612930027e-07,0.0,0.0,0.0,0,-0.12613461098708922,-1.8024274261897548,3.3418484506273853,-0.36135105270584766,-0.12613461098708922,0.07393153982846623,-4.501099189575055,-5.26450247446134,0.003286257039404049,0.0007904131095187031,-0.0011954827806211303,0.044923642945356855,-0.07292681252412163,-0.10590901352765181,0.0,0.0,0.0,0.0,0.0,-0.2365171779244126,-12.016182841265033,11.139494835424617,-1.2045035090194922,16.431182682383444,-1.8763589660182212,7.842947640202441,4.903151421755492,-0.2365171779244126,-12.016182841265033,11.139494835424617,-1.2045035090194922,16.431182682383444,2.5099999999999905
0.0,0.0,0.0,0.0,0.0,0.0,0.0,0.0,0.0,0.0,0.0,0.0,0,0.0,-1.5707963267948966,nan,0.0023666339860644297,-0.3485537956671155,-0.14631858546202156,0.12796847442702242,-1.5707975508117378,0.002789440376168732,-0.34884435355914784,1.5787955369525268,-0.14813328663566327,0.6954831521676084,0.008439843001256534,-0.5687509386083534,0.4001848995542234,0.0018858232901711482,0.0004228063901043021,-0.0002905578920323615,-0.001814701173641714,0.0029398532254450186,4.444153484266087e-05,0.0008141467894084917,0.0028245224273204406,12.779694364522722,0.08685931139627737,-0.00808356979555747,0.14830309637493744,-1.5707976632819824,1.5775891356514191,-0.2454764745111402,0.7893200816528017,0.9673356262996059,0,zero,0,-0.14830309637493766,-0.02033462194791502,1.5628036265920044,1.4876664350778461,1.2202985712867374,-0.30565182663113105,0.050174275426298084,1.5640100394265133,1.474729589927969,1.25066782757234,-0.26788479348244115,0.0006760143247300331,-0.00015327686140554492,0.00013652718917762666,-0.00011707889903166038,0.00808040272335588,2.435389731324699,-9.188010758602777,-19.532610564565232,1.0,-0.06624219566583633,1.3364870858900701e-06,1.1247024467309075e-07,0.0,0.0,0.0,1,-0.12433094250737109,-4.181214822311038,9.0,9.0,-0.12433094250737109,-0.6752611289225988,1.2309940784777909,-1.9135811512229814,-0.0013621014397224968,0.0007905394902911611,0.003838289703195045,0.05684505344209444,-0.09367435065603537,-0.16234591148718336,0.0,0.0,0.0,0.0,0.0,-0.23313508814432982,-27.874765482073585,30.0,30.0,50.764721043751685,-3.505953693388439,7.76900592152221,10.913581151222981,-0.23313508814432982,-27.874765482073585,54.725502721895516,63.398697390647946,88.26852429742479,2.5199999999999902
0.0,0.0,0.0,0.0,0.0,0.0,0.0,0.0,0.0,0.0,0.0,0.0,0,0.0,-1.5707963267948966,nan,0.0023036634566067473,-0.33903042446873044,-0.1473808806531185,0.1279668931182214,-1.5707975507307963,0.002785721314151244,-0.3488441099276205,1.5787848821726085,-0.148132743751133,0.9582436755128712,0.005925146744019481,-0.9523127566857692,0.10628380756272093,0.009854242750318588,0.00048205785754449693,-0.009813685458890054,-0.0007518630980145047,0.006347265908244449,6.900653469250808e-05,-0.005795729421702722,0.002586994990049535,10.841661357048766,0.07373601394881789,0.007153829693445268,0.027759840811019787,-1.5707972762102063,1.577594653608883,-0.7109486779259453,0.7893194331070265,0.966879996239553,0,zero,0,-0.027759840811019565,0.1002070523072014,1.5628142813833577,1.4876640192518527,1.2203007231179361,-0.3056536719341008,0.14673365509160996,1.5640045150784267,1.4952893897499624,1.1738944262024895,-0.4446416505928922,0.001508790572309146,-0.0003420973121156519,0.0003047138623539273,-0.0002613073904104738,-0.007158611874398221,1.6459810783832758,-6.153756300015556,-15.34968732165972,1.0,-0.19088579714298248,9.494153099254277e-07,-2.7452059025989684e-07,0.0,0.0,0.0,1,-0.07008998268542548,-4.5,9.0,9.0,-0.07008998268542548,-1.6332731536752132,5.284619345077606,1.8158735431017048,-0.003944916594147145,0.0007905388407434574,0.003836481809305458,0.04510473182398751,-0.07271665950512533,-0.1421299056360544,0.0,0.0,0.0,0.0,0.0,-0.13142693171840517,-30.0,30.0,30.0,51.96169043668981,-2.866726846324787,3.715380654922394,7.184126456898295,-0.13142693171840517,-35.72413003457592,70.46817767467554,96.07140702602985,124.38532892795841,2.52999999999999
0.0,0.0,0.0,0.0,0.0,0.0,0.0,0.0,0.0,0.0,0.0,0.0,0,0.0,-1.5707963267948966,nan,0.002292760035842903,-0.33016276219887236,-0.14650990869469502,0.12796383810913237,-1.5707975505744238,0.0027785362889076095,-0.3488436391274965,1.5787642976735534,-0.14813169492452757,0.8909762322456319,0.0003718395520209677,-0.8867191469734081,-0.08699231318180511,0.018757434045351663,0.0004857762530647066,-0.018680876928624135,-0.0016217862298325558,0.009824807781575875,4.839762866586301e-05,-0.00975801005769248,0.0011426921407036053,4.54854992528428,0.031605460690364136,0.020541100797703042,-0.04551532885804743,-1.5707971432152974,1.577744377973277,-0.8202444936563219,0.7893194330947934,0.9668800690171648,0,zero,0,0.04551532885804743,0.17347916696718002,1.5628348659045024,1.4876593519975074,1.2203048803476126,-0.30565723696665204,0.24464339727829018,1.5638547836644843,1.5016253200778082,1.146875199314526,-0.5386001168290453,0.0026606193337267024,-0.0006032584901679427,0.0005373360679160453,-0.00046079257633996275,-0.020538312427800583,-0.14330641162320668,-0.12161181228341733,-4.813577953697972,1.0,-0.43940863013267517,8.164204006178011e-07,-4.073591264308618e-07,0.0,0.0,0.0,1,0.0019816118167393345,-4.142012576011234,9.0,9.0,0.0019816118167393345,-2.4180613928280636,7.345113202300387,4.553424838277317,-0.004551377919039745,0.0007905388407312054,0.003836482098079644,0.010644520828306197,-0.020316524744511327,-0.06470397755428886,0.0,0.0,0.0,0.0,0.0,0.0037157543910356916,-27.613417173408223,30.0,30.0,50.62114994544777,-1.72395118318317,1.6548867976996133,4.446575161722683,0.0037157543910356916,-27.613417173408223,50.27207530333754,82.22236643058515,100.2511841254225,2.53999999999999
0.0,0.0,0.0,0.0,0.0,0.0,0.0,0.0,0.0,0.0,0.0,0.0,0,0.0,-1.5707963267948966,nan,0.0023441143530520065,-0.3258591987350863,-0.1461712083377754,0.12795884183869255,-1.5707975503186848,0.0027667856874750286,-0.34884286883404614,1.5787306330521698,-0.14812997963340538,0.43164302649313085,-0.006310491864168445,-0.4302793170335717,-0.03369850657974349,0.023070858832374405,0.00042267133442302216,-0.022983670098959852,-0.0019587712956299907,0.009372662255432984,-9.787537187715297e-06,-0.009357307478789066,0.0005361890580123018,-4.219013968394753,-0.03039386149817509,0.027584697880655814,-0.03982191250789935,-1.570797307753357,1.5779936219323571,-0.8111268149653862,-0.5987403477685196,0.966880069016797,0,zero,0,0.03982191250789935,0.1677807543465919,1.5628685305620114,1.4876517190038643,1.2203116792287845,-0.30566306734759696,0.20529535722264156,1.5636056264980722,1.4883701918225467,1.1851199888989312,-0.5079170391634542,0.004123487887164145,-0.0009349436221498795,0.0008327755644339834,-0.000714146733787574,-0.027574769865430095,-2.0365950136262017,6.27861671648522,8.461145147150994,1.0,-0.5157788991928101,9.809584602393784e-07,-2.425653278237405e-07,0.0,0.0,0.0,1,0.08179116668493257,-1.1123841218149233,1.130244811986476,9.0,0.08179116668493257,-2.5450777740714363,5.643988612364357,6.27631123439544,-0.004500785684909843,-0.0005996653326627015,0.0038364820980781845,-0.04118840949527093,0.05450311963831755,0.05238480309763885,0.0,0.0,0.0,0.0,0.0,0.1533680230356883,-7.415894145432823,3.7674827066215872,30.0,31.132184852198336,1.432693652256513,-4.513743800377881,2.7236887656045603,0.1533680230356883,-7.415894145432823,3.7674827066215872,33.395042653412894,34.41572035414505,2.5499999999999896
0.0,0.0,0.0,0.0,0.0,0.0,0.0,0.0,0.0,0.0,0.0,0.0,0,0.0,-1.5707963267948966,nan,0.002450313654238138,-0.32906905591232866,-0.14598541578955992,0.12795144858882113,-1.5707975499402558,0.002749397791753385,-0.3488417282375565,1.5786808177026523,-0.14812744141853992,0.3218596378678607,-0.012358719690777533,0.3210997773732016,-0.018325433335000807,0.019890608235982907,0.00029908413751524683,-0.019772672325227836,-0.002142025628979999,0.00409799973789408,-8.875939564714709e-05,-0.004090300449937342,0.00023487411672355567,-11.416443183897009,-0.08509272002325828,0.02217216859355123,0.04988260506536668,-1.5707977055368587,1.5782457288167386,-0.0231411574009788,-0.7894179680071675,-0.9690718699523354,0,zero,0,-0.0498826050653669,0.07806884352345467,1.56291834596498,1.487640424052948,1.2203217398986494,-0.3056716948756256,0.07713240252882389,1.5633535970467816,1.462590895171972,1.2702935039681134,-0.3588183031868932,0.005889449459130639,-0.0013353508875165166,0.0011894274293372494,-0.0010199935613094994,-0.022168602004284776,-2.7088263309689022,9.313568142550809,18.02150210984611,1.0,-0.35916998982429504,1.3787419623767505e-06,1.555966031574485e-07,0.0,0.0,0.0,1,0.15595954666026599,1.7903066067802595,-9.0,-9.0,0.15595954666026599,-1.8973200702967568,0.08821634857369952,3.762948596468774,-0.00012840580294095624,-0.0007906375278686731,-0.003845178942000404,-0.062393678760175,0.09217107647097882,0.14259482732204665,0.0,0.0,0.0,0.0,0.0,0.2924424276397262,11.935377378535064,-30.0,-30.0,44.07424140857708,3.6876266770770165,-9.088216348573699,-12.762948596468775,0.2924424276397262,11.935377378535064,-49.19551754932171,-34.36482189791872,61.185608493851106,2.5599999999999894
0.0,0.0,0.0,0.0,0.0,0.0,0.0,0.0,0.0,0.0,0.0,0.0,0,0.0,-1.5707963267948966,nan,0.002553834385931917,-0.33725364317776374,-0.14345907765427285,0.12794121438654882,-1.5707975494164115,0.002725328569405042,-0.34884014787123896,1.5786118601571024,-0.14812392784898004,0.8567045201291009,-0.012758995404212178,0.8186167631752617,-0.2522824565727194,0.01249149024760249,0.00017149418347312505,-0.01158650469347522,-0.004664850194707193,0.0031255065464889957,-0.00014397807543761802,0.0027257538556637213,-0.0015226054657307671,-12.183126830126806,-0.09233124887489727,0.004549500944840447,0.17393050052534464,-1.570798158728797,1.5783712958630656,0.6613308645366192,-0.7893194319321688,-0.9668759252009455,0,zero,0,-0.17393050052534464,-0.045989286138795826,1.5629873035845108,1.4876247888702232,1.2203356665117735,-0.30568363764352147,0.19632501352611093,1.5632279508156142,1.4392661489712706,1.3560604638958995,-0.17232819400847835,0.007950623224463075,-0.0018026934185905025,0.0016057000589148587,-0.0013769681790506767,-0.004557488242566606,-1.944040367074316,7.555735115184866,17.795171444315375,1.0,-0.267563134431839,1.8319339005756774e-06,6.093123854356008e-07,0.0,0.0,0.0,1,0.15868199242586192,2.6120625923222005,-9.0,-9.0,0.15868199242586192,-0.8697727460404518,-4.521836743909204,-0.32013877232349497,0.003669596952262618,-0.0007905388395667847,-0.0038364656558369575,-0.05093716009126797,0.08344474653047557,0.15649988007258567,0.0,0.0,0.0,0.0,0.0,0.2975473325067728,17.413750615481337,-30.0,-30.0,45.86204579947626,3.4818353383626524,-4.478163256090796,-8.679861227676504,0.2975473325067728,17.413750615481337,-78.53345517430266,-88.19054103013534,119.3666718716554,2.569999999999989
0.0,0.0,0.0,0.0,0.0,0.0,0.0,0.0,0.0,0.0,0.0,0.0,0,0.0,-1.5707963267948966,nan,0.002594982230795305,-0.3455840703976347,-0.139827380879884,0.12792770690614552,-1.570797548725024,0.002693561468365711,-0.3488380594127816,1.5785208474260428,-0.14811929048688552,0.908799725457904,-0.007291494590271931,0.8332515678328323,-0.36270594122943256,0.008908082134076937,9.857923757040574e-05,-0.0032539890151468964,-0.008291909607001519,0.008119275073279338,-0.0001443398828481938,0.0073591548459070386,-0.003427044450799775,-7.367088985331287,-0.05535557372138557,-0.014627101953999386,0.270418563980134,-1.5707984718891757,1.5783072930906983,0.8130435052541221,-0.7893194330843576,-0.9668800690268137,0,zero,0,-0.270418563980134,-0.14249085707398823,1.5630783164131967,1.4876041529750679,1.2203540473732806,-0.3056994001523774,0.3308573903818171,1.5632917870212535,1.4278347119254762,1.4053478895451668,-0.03798414194756712,0.01029919430632607,-0.0023351993005620774,0.0020800151683153315,-0.001783717128744788,0.014617118594195011,-0.5756426442727343,2.9273835743799124,9.719037881369983,1.0,-0.3531506061553955,2.1450942790934846e-06,9.231641513451905e-07,0.0,0.0,0.0,1,0.06915750353352808,1.8292803550467167,-9.0,-9.0,0.06915750353352808,0.009254729434897612,-6.995325120943662,-3.5640605417212474,0.004511421028304718,-0.0007905388407207535,-0.0038364820981179296,-0.023252519412404866,0.04390397473365718,0.10141646495575168,0.0,0.0,0.0,0.0,0.0,0.12967842402686683,12.195202366978112,-30.0,-30.0,44.14453281285471,1.820025625611819,-2.0046748790563376,-5.435939458278753,0.12967842402686683,12.195202366978112,-69.62141818108059,-94.27462281136523,117.82863044708316,2.579999999999989
0.0,0.0,0.0,0.0,0.0,0.0,0.0,0.0,0.0,0.0,0.0,0.0,0,0.0,-1.5707963267948966,nan,0.002553924053273039,-0.3508047304493096,-0.1390200877859085,0.12791050537124926,-1.5707975478445575,0.00265310721461935,-0.3488353954624516,1.5784049443389347,-0.1481133848521646,0.5284442814005526,6.0392377590522475e-05,0.522332400200487,-0.08013874592545933,0.009304631595347532,9.918316134631096e-05,0.0019693349868579735,-0.009093297066256112,0.008834199912779119,-9.565467512673935e-05,0.008373499117787045,-0.0028139742014617955,0.7541336516059334,0.005506755297185413,-0.028580724759956214,0.29715882709915453,-1.5707984702252498,1.578078440008721,0.8390549235450913,-0.789319433092504,-0.9668800690168107,0,zero,0,-0.29715882709915453,-0.16924832172790527,1.5631942196246031,1.4875778735312435,1.2203774550720394,-0.30571947342581157,0.3476316835270906,1.563520580416491,1.430912375643052,1.3999877770470692,-0.013526327596512087,0.012927413776211958,-0.002931111571489074,0.002610807791546694,-0.002238898373714261,0.02857768114479407,0.901709193942703,-2.9444570834224693,-2.7969016445106245,1.0,-0.3815068304538727,2.1434303532075205e-06,9.223806922697975e-07,0.0,0.0,0.0,1,-0.0315764372925147,0.3777578399620281,-9.0,-9.0,-0.0315764372925147,0.4025608104760782,-8.105857196725148,-5.681750892588779,0.004655753353322467,-0.0007905388407289124,-0.0038364820980782387,0.017682495098936806,-0.022520609136636605,-0.0064925032488829465,0.0,0.0,0.0,0.0,0.0,-0.05920952051849747,2.5183855997468543,-30.0,-30.0,42.50112671208061,-0.024802970514050116,-0.8941428032748515,-3.318249107411221,-0.05920952051849747,2.5183855997468543,-35.59456162800917,-59.122224872842324,69.0561804851775,2.5899999999999888
0.0,0.0,0.0,0.0,0.0,0.0,0.0,0.0,0.0,0.0,0.0,0.0,0,0.0,-1.5707963267948966,nan,0.0024432589685528506,-0.35090196059808093,-0.14228229377921087,0.1278892004569916,-1.5707975467540631,0.0026030036129295903,-0.3488320893005337,1.5782613928846916,-0.14810607038693635,0.32716263955018116,0.00605614830304288,0.010053631068923652,0.3269520458530628,0.006182738836188002,0.00015974464437673976,0.00206987129754721,-0.005823776607725484,0.005647566971830228,-2.3354127323452895e-05,0.005639375916472757,0.0003031609452941852,8.87149384669946,0.061836437638521674,-0.032362085991944005,0.23899144361590308,-1.570798115497848,1.5777615111102987,0.5901138142364533,0.7891774008637864,-0.06669743972989362,0,zero,0,-0.23899144361590308,-0.11110224315891148,1.5633377712327527,1.4875453251973665,1.220406446613854,-0.30574433512418325,0.22685502708213803,1.563837606492421,1.4477459529288883,1.3386005729121537,-0.11624733791112071,0.015827598653940813,-0.0035886882222969205,0.003196526281476481,-0.0027411812988702698,0.03236271449944232,2.128232545998624,-7.914572234959672,-14.65804903852079,1.0,-0.15295323729515076,1.7887029515328834e-06,5.687437849566379e-07,0.0,0.0,0.0,0,-0.08997205229331875,-1.7544365691769603,3.511602239886532,0.7455504839367156,-0.08997205229331875,0.2117554676852563,-4.440356911157322,-5.041734367236275,0.0032744273257644865,0.0007903965890767561,-0.0002646486795116057,0.045837375267199526,-0.07354439664190296,-0.10865909569352197,0.0,0.0,0.0,0.0,0.0,-0.16870814230886697,-11.69624379451307,11.705340799621773,2.485168279789052,16.733847314712975,-1.9661920368622166,7.951959151043853,5.78728485117299,-0.16870814230886697,-11.69624379451307,11.705340799621773,2.485168279789052,16.733847314712975,2.5999999999999885
0.0,0.0,0.0,0.0,0.0,0.0,0.0,0.0,0.0,0.0,0.0,0.0,0,0.0,-1.5707963267948966,nan,0.0023034658343104005,-0.3450382728202242,-0.14592544228495824,0.127863394192131,-1.5707975454331737,0.0025423153502447155,-0.3488280746267879,1.578087511552199,-0.14809721041983917,0.6905012118271275,0.007910487155757522,-0.5859673104110896,0.36520084728445534,0.00437449696033494,0.00023884951593431498,-0.0037898018065636863,-0.0021717681348809303,0.0026364618230478544,3.71014975111892e-05,-0.00014660531749235116,0.00263212106563399,12.5443819836912,0.0838320721317905,-0.02446064877231401,0.12325379884306709,-1.5707976255072282,1.577475348713451,-0.2763669408301796,0.789320160393412,0.9670363935545718,0,zero,0,-0.12325379884306731,0.004609595349063689,1.5635116527516078,1.48750589997738,1.2204415635546506,-0.30577444965880884,0.03276152566400039,1.5641238498841619,1.4722988833580808,1.2483128922325761,-0.29771973291821197,0.01899213190766042,-0.0043062021967786345,0.0038356323098317304,-0.003289246710712732,0.02445691381697776,2.5268685137560785,-9.155104162414684,-19.172897745825875,1.0,-0.08358722925186157,1.2987123314545101e-06,8.007405449816929e-08,0.0,0.0,0.0,1,-0.08362726650729485,-4.241155915346892,9.0,9.0,-0.08362726650729485,-0.5725843027702301,1.2884600410060052,-1.622929152577567,-0.001533506657801565,0.0007905395691534166,0.0038371023779969473,0.05870599720564984,-0.09355294676495776,-0.16037940015757057,0.0,0.0,0.0,0.0,0.0,-0.15681092538401434,-28.274372768979276,30.0,30.0,50.98494626010227,-3.6685716125766614,7.711539958993995,10.622929152577568,-0.15681092538401434,-28.274372768979276,55.342419122868876,65.78863177356985,90.5007854670619,2.6099999999999883
0.0,0.0,0.0,0.0,0.0,0.0,0.0,0.0,0.0,0.0,0.0,0.0,0,0.0,-1.5707963267948966,nan,0.002184019976036114,-0.33595748109096496,-0.14678771083226974,0.12783269986117984,-1.5707975438620994,0.002470133801526363,-0.34882328528449236,1.5778806946708261,-0.14808667213021243,0.9117995668881123,0.004726430955593382,-0.9076002386963711,0.08728068369382447,0.012934375869011878,0.0002861138254902488,-0.012865804193527397,-0.0012989612979426857,0.006566055914819369,5.614450217535487e-05,-0.0061375424040370705,0.002332490366551759,10.231810933143166,0.06658133496761733,-0.011974550853939557,0.007449132518505541,-1.5707972542892747,1.5773007644575836,-0.7275795861580424,0.7893194331097425,0.9668800573468489,0,zero,0,-0.007449132518505763,0.12038356734267452,1.5637184698545532,1.4874590070710245,1.2204833321336674,-0.3058102683061777,0.1692040222624394,1.5642984137096847,1.4937807697673606,1.1724317608908266,-0.4679236441652301,0.022413462453846292,-0.005081941391594829,0.0045266008671989875,-0.0038817868373303113,0.011969592966919438,1.735219675232651,-6.0314312833889625,-14.528239170213622,1.0,-0.25558093190193176,9.274943781889533e-07,-2.8957282438568654e-07,0.0,0.0,0.0,1,-0.027444993402718554,-4.5,9.0,9.0,-0.027444993402718554,-1.5654299510566463,5.315852327694551,2.037025644042153,-0.004037198284651072,0.0007905388407461776,0.0038364820517730134,0.047042568825562577,-0.07170861505266991,-0.13606219151818008,0.0,0.0,0.0,0.0,0.0,-0.05146257904128737,-30.0,30.0,30.0,51.96154971127248,-2.9345700489433537,3.684147672305449,6.962974355957847,-0.05146257904128737,-36.30014528778323,70.38924424711773,95.4118258538343,123.99905408814219,2.619999999999988
0.0,0.0,0.0,0.0,0.0,0.0,0.0,0.0,0.0,0.0,0.0,0.0,0,0.0,-1.5707963267948966,nan,0.0021128700384802973,-0.32796867797748236,-0.14616412656947472,0.12779674190653512,-1.570797542021624,0.002385576837782529,-0.3488176549715335,1.5776384117509434,-0.14807432651216804,0.8006549843235216,-0.0013407026188017035,-0.7983172800523741,-0.061123864475062795,0.020938077144712332,0.00027270679930223177,-0.020848976994051138,-0.0019101999426933136,0.009466777582891422,2.8441312860685364e-05,-0.009397178229910891,0.0011454737932170699,3.7306268235595255,0.024048193065627756,-0.0014516717190509155,-0.05835988797072367,-1.5707971360760475,1.5772424025697254,-0.8279721325424205,0.7893194330948884,0.9668800690167867,0,zero,0,0.05835988797072389,0.18615662987725878,1.5639607530338813,1.48740407272431,1.220532263406643,-0.3058522293221679,0.257324129693409,1.5643567669811551,1.5009327468222466,1.1469520257588746,-0.5520604227282235,0.02608410515730167,-0.00591420865627371,0.005267920263024304,-0.004517505328400417,0.001454619987522819,-0.06625973151201964,0.04736847464783267,-3.749595588721971,1.0,-0.5063233375549316,8.092811509818887e-07,-4.0594557670914355e-07,0.0,0.0,0.0,1,0.041511089549807714,-4.213319889772889,9.0,9.0,0.041511089549807714,-2.384003319190471,7.358885936545498,4.695782321318174,-0.004594257091365209,0.0007905388407313006,0.0038364820980781433,0.01231677617389481,-0.018782856032730885,-0.056353698313163614,0.0,0.0,0.0,0.0,0.0,0.07783815779075139,-28.088799265152595,30.0,30.0,50.88208626753472,-1.8293165705824186,1.641114063454502,4.304217678681826,0.07783815779075139,-28.088799265152595,49.48386183093077,79.01007822957857,97.3664816375924,2.629999999999988
0.0,0.0,0.0,0.0,0.0,0.0,0.0,0.0,0.0,0.0,0.0,0.0,0,0.0,-1.5707963267948966,nan,0.002095950809479519,-0.32472751465028604,-0.14634571059994825,0.1277551558306067,-1.5707975398930982,0.0022877886361076637,-0.3488111169408966,1.5773582068244385,-0.14806004833857578,0.3241558668737168,-0.00808689726740871,-0.32346252965594346,0.019586220406578314,0.02414530295784484,0.00019183782662814466,-0.024083602290610573,-0.0017143377386275305,0.008453656983583616,-3.489002195048493e-05,-0.00840632414037491,0.0008926441224868737,-5.059501390976683,-0.03270471436652394,0.002610686721420288,-0.044162426506102026,-1.5707973138492697,1.5772545153862079,-0.8280349641635852,-0.6513892232295193,0.9668800690167926,0,zero,0,0.044162426506102026,0.17191758233670873,1.564240958260273,1.4873405400799864,1.220588853379004,-0.3059007580562624,0.20741371941636702,1.564344743290305,1.488492567624338,1.1867267656573142,-0.5105284005644646,0.029996640831157516,-0.006801321793211072,0.006058092125613237,-0.005195117255189203,-0.002600949315136343,-1.9468370182147166,6.404126572542814,9.516896645811821,1.0,-0.49826523661613464,9.870543733470072e-07,-2.2604382854396476e-07,0.0,0.0,0.0,0,0.11435158341731733,-1.2094914498590945,0.7518859859227182,8.57359262065932,0.11435158341731733,-2.5460191121230538,5.524562322235738,6.276186053293385,-0.004594605731868618,-0.0006523955445739315,0.0038364820980781667,-0.039412682944774416,0.05586240511418331,0.061174067101256696,0.0,0.0,0.0,0.0,0.0,0.21442262032124007,-8.063276332393963,2.506286619742394,28.578642068864397,29.800715719479214,1.3365276622639592,-4.77267633631302,2.2974065673659343,0.21442262032124007,-8.063276332393963,2.506286619742394,28.578642068864397,29.800715719479214,2.6399999999999877
0.0,0.0,0.0,0.0,0.0,0.0,0.0,0.0,0.0,0.0,0.0,0.0,0,0.0,-1.5707963267948966,nan,0.0021185855313580553,-0.3289615890698258,-0.14654504224379641,0.12770758809795146,-1.5707975374584355,0.0021759394915669295,-0.3488036036928163,1.5770376977852323,-0.14804371612498018,0.424919554172801,-0.013448386641927044,0.42415876676200615,0.02156638574437597,0.019898614453721732,5.735396020887422e-05,-0.01984201462299051,-0.0014986738811837708,0.0028702606482478425,-0.00011271643067976785,-0.002771585599463621,0.0007375665800324876,-12.110756440919873,-0.0780824953025784,-0.005715001842243049,0.053129221514966574,-1.5707977215056355,1.5772397744312139,-0.08257176046192985,-0.7894365778537376,-0.9658292947547661,0,zero,0,-0.053129221514966574,0.07457836658298511,1.564561467642283,1.4872678690280154,1.220653583139055,-0.3059562670657645,0.0732970420285885,1.5643595560767276,1.4638060201214418,1.2725034718092894,-0.35214659389541336,0.034143716236872526,-0.007741613557670311,0.006895631402130852,-0.0059133491105515705,0.005717675337141303,-2.5881906423594447,9.333014883220926,18.85583239241755,1.0,-0.35821542143821716,1.3947107389000735e-06,1.8404719970277483e-07,0.0,0.0,0.0,1,0.1791539985639988,1.598104504328956,-9.0,-9.0,0.1791539985639988,-1.9415544882545812,-0.0339664878929306,3.6986168162104005,-0.0004581747152332987,-0.0007906561664653133,-0.0038323127323268537,-0.05993845821819302,0.0925294703402138,0.14975183161436462,0.0,0.0,0.0,0.0,0.0,0.33593474322894956,10.654030028859706,-30.0,-30.0,43.74495637222139,3.5396589925835373,-8.96603351210707,-12.6986168162104,0.33593474322894956,10.654030028859706,-50.293979918057985,-39.58021950022031,64.88219632296052,2.6499999999999875
0.0,0.0,0.0,0.0,0.0,0.0,0.0,0.0,0.0,0.0,0.0,0.0,0,0.0,-1.5707963267948966,nan,0.0021201471750771856,-0.3379923991614987,-0.14407232153950608,0.12765369603739773,-1.5707975347001077,0.0020492256307838726,-0.3487950466607291,1.5766745757297924,-0.1480252120934699,0.9367485899648974,-0.012827550450218717,0.9039367123760134,-0.24542166727800352,0.011503371966066713,-7.092154429331294e-05,-0.010802647499230378,-0.003952890553963806,0.004327727116490987,-0.00016037744080728384,0.0041711385887120735,-0.0011424114604854747,-12.713924963809315,-0.07982819269467317,-0.025784843579333357,0.18311794199990916,-1.57079818341247,1.5770716221373997,0.6232230725277071,-0.7893194309538898,-0.9668820279698723,0,zero,0,-0.18311794199990938,-0.05546424596251143,1.5649245900858217,1.4871855360560422,1.2207269189911665,-0.3060191562300144,0.2064810586713288,1.5645276145325115,1.4417267924046848,1.3580577857792,-0.15868278715119408,0.03851804408423311,-0.008733431657782408,0.007779066358601718,-0.006670938808931164,0.0257756550539915,-1.8224417442726821,7.5152946306693185,18.407028461335962,1.0,-0.25894948840141296,1.8566175734591184e-06,6.487123620502189e-07,0.0,0.0,0.0,1,0.1750317321341626,2.3350065287999726,-9.0,-9.0,0.1750317321341626,-0.9684636637935985,-4.590777124933836,-0.38083345987591416,0.0034581441910016652,-0.0007905388385869944,-0.0038364898710054017,-0.04829194958921943,0.08313959291411208,0.16179170152092417,0.0,0.0,0.0,0.0,0.0,0.3282050105647152,15.566710191999817,-30.0,-30.0,45.19325375242051,3.303470192593571,-4.409222875066164,-8.619166540124086,0.3282050105647152,15.566710191999817,-78.84923698134962,-92.65767224874912,122.65837347620551,2.6599999999999873
0.0,0.0,0.0,0.0,0.0,0.0,0.0,0.0,0.0,0.0,0.0,0.0,0,0.0,-1.5707963267948966,nan,0.0020446578057119985,-0.3469778174563399,-0.14028758312472372,0.12759314774418073,-1.5707975316011409,0.001906869027117391,-0.3487853758930929,1.5762666042976505,-0.14800442213651618,0.975107206732233,-0.006686723430129448,0.8995089062477368,-0.3763948457828653,0.007926907189043252,-0.00013778877859460742,-0.0018075584367530095,-0.007716839011792459,0.009351800766005228,-0.0001512287927954088,0.008761977425466843,-0.0032651277180066112,-7.774854779050671,-0.04585247423345814,-0.047062189169342135,0.28413576484277114,-1.5707985044124324,1.576691071721042,0.7964775467713657,-0.7893194330734861,-0.9668800690118924,0,zero,0,-0.28413576484277137,-0.1565426170985904,1.5653325619536393,1.4870930340998658,1.2208093125889632,-0.30608981286460424,0.34641567804273826,1.564907982042573,1.431303022646404,1.4068812838008915,-0.019265236028798326,0.04311240303135339,-0.009775138754545937,0.00870693857990991,-0.0074666356863603706,0.04705118493382306,-0.493562476325172,2.883737619744844,10.165165131530832,1.0,-0.36106011271476746,2.1776175360699312e-06,9.728112915219356e-07,0.0,0.0,0.0,1,0.087210611245869,1.5612710970863384,-9.0,-9.0,0.087210611245869,-0.13976608499818305,-7.027971449674865,-3.6076698142999155,0.004419499731387438,-0.0007905388407098651,-0.0038364820980587235,-0.021287674844635396,0.04346287149364084,0.10526316376132071,0.0,0.0,0.0,0.0,0.0,0.16353011671829926,10.40847398057559,-30.0,-30.0,43.68481512726582,1.7010371820845214,-1.9720285503251347,-5.392330185700084,0.16353011671829926,10.40847398057559,-69.36951269221395,-97.90346964681754,120.43912044159052,2.669999999999987
0.0,0.0,0.0,0.0,0.0,0.0,0.0,0.0,0.0,0.0,0.0,0.0,0,0.0,-1.5707963267948966,nan,0.001879172093184531,-0.3527591683707795,-0.1393364479563471,0.12752562198207062,-1.5707975281451094,0.0017481172173311845,-0.3487745197330179,1.5758116190119176,-0.14798123578079894,0.5866071695642597,0.0006733902741260954,0.579220707451461,-0.0927948812659396,0.00951981915146981,-0.00013105487585334647,0.003984648637761601,-0.008644787824451855,0.01008005927813463,-9.615973521735215e-05,0.009685647203844027,-0.002790445591424307,0.42886295577167866,0.002300422170749235,-0.06297086943147302,0.3144446128548899,-1.5707985051702373,1.576125306044446,0.8280993821527204,-0.7893194330902886,-0.966880069016783,0,zero,0,-0.3144446128548899,-0.18691899087281927,1.5657875477248084,1.486989872393911,1.2209012010685134,-0.30616861183559474,0.36683394165976657,1.565473679836472,1.4348206126504723,1.4012829353839775,0.008962853593925076,0.04791963768467527,-0.010865112461827078,0.009677802969799015,-0.008299200500460333,0.0629672634134169,0.917422550545635,-2.950946091474949,-2.462392663611373,1.0,-0.4120468497276306,2.1783753405557604e-06,9.770251279128672e-07,0.0,0.0,0.0,1,-0.0052169559503152324,0.1837865388969591,-9.0,-9.0,-0.0052169559503152324,0.2255433698200568,-8.120252924340795,-5.721805935534842,0.004594963174820818,-0.0007905388407266937,-0.003836482098078129,0.018327862939217676,-0.02266938559217848,0.008081186130372293,0.0,0.0,0.0,0.0,0.0,-0.009782403807079003,1.225243592646394,-30.0,-30.0,42.44409638049496,-0.041756830923097704,-0.8797470756592052,-3.2781940644651577,-0.009782403807079003,1.225243592646394,-35.240669922297734,-62.13544613817001,71.44382269250794,2.679999999999987
0.0,0.0,0.0,0.0,0.0,0.0,0.0,0.0,0.0,0.0,0.0,0.0,0,0.0,-1.5707963267948966,nan,0.0016440676277414787,-0.35334024736913416,-0.142637593440447,0.1274508080855028,-1.5707975243161316,0.0015722431196878053,-0.3487624044975795,1.5753075266197982,-0.1479555461510365,0.3379825366835163,0.005923036779967306,0.05931942337930596,0.33268351138623364,0.007017294717244487,-7.182450805367341e-05,0.00457784287155466,-0.005317952710589519,0.0068498057160775935,-2.4576081488401357e-05,0.006840454154565143,0.00035696123531893907,8.730015754776769,0.04068592249308106,-0.06878646677333045,0.25864190871416937,-1.5707981430689022,1.5754516335851148,0.5858593178384169,0.789180250575459,-0.23407586019655935,0,zero,0,-0.2586419087141696,-0.13119110062866657,1.5662916406542085,1.4868755763216999,1.2210030071815166,-0.30625591567373067,0.248087180570151,1.5661474557753734,1.4513531862171694,1.3400655318957044,-0.0915246804425413,0.052932658598968285,-0.012001745346359578,0.010690227750872111,-0.00916740543044092,0.06878712164563937,2.0676951522660336,-7.888553107846191,-14.550968514859964,1.0,-0.18280218541622162,1.8162740058613736e-06,6.187527707979257e-07,0.0,0.0,0.0,0,-0.05208774576562183,-1.8420710106059488,3.5324597266848405,-0.037492701270596736,-0.05208774576562183,0.03833931691809837,-4.439790623018391,-5.212668191415313,0.0032508199488025997,0.0007903994431909051,-0.0009287892842279189,0.044871483248316496,-0.07331925993920599,-0.10720388738171865,0.0,0.0,0.0,0.0,0.0,-0.09767062772477372,-12.28047340403966,11.774865755616135,-0.12497567090198913,17.014189638649984,-1.8804103275240471,7.9722503497032315,5.175175490144716,-0.09767062772477372,-12.28047340403966,11.774865755616135,-0.12497567090198913,17.014189638649984,2.6899999999999866
0.0,0.0,0.0,0.0,0.0,0.0,0.0,0.0,0.0,0.0,0.0,0.0,0,0.0,-1.5707963267948966,nan,0.0013860805302302586,-0.347584932047217,-0.14648015717614551,0.1273684058617086,-1.570797520098867,0.001378544853411256,-0.3487489541585791,1.5747523044331073,-0.1479272499338368,0.6925077855939111,0.006428883123467074,-0.5741864982916733,0.3870859952898237,0.0018571703507022444,-7.535676819002673e-06,-0.001164022111362073,-0.0014470927576912818,0.002907123588643868,2.6428391335660327e-05,0.0007310988216868699,0.0028135677729013535,12.754110348741568,0.050947483097428026,-0.06320661376228118,0.14221958106796762,-1.5707976379232644,1.5747871291808686,-0.250207079024497,0.7893201545196507,0.9672491721162314,0,zero,0,-0.14221958106796784,-0.014851175206259004,1.5668468634320072,1.4867496872663224,1.2211151394284931,-0.3063520746886568,0.044585492927008065,1.5668120560581085,1.47494464384677,1.2499554269279944,-0.2744656554039582,0.05814444227732979,-0.013183444927744805,0.011742794464591803,-0.01007003407710077,0.06320313667461626,2.4115584015625573,-9.14677092904211,-19.489424630919224,1.0,-0.06498612463474274,1.31112836765368e-06,1.1782439734986383e-07,0.0,0.0,0.0,1,-0.0368239261122195,-4.2135197121050885,9.0,9.0,-0.0368239261122195,-0.7115276278919234,1.29272962094399,-1.8360889345923652,-0.0013883506484551594,0.000790539563270581,0.003837946661759557,0.05643074420523193,-0.09342282932024648,-0.16228058951514984,0.0,0.0,0.0,0.0,0.0,-0.06904917703397619,-28.090131414033927,30.0,30.0,50.882808989348696,-3.501992084213165,7.70727037905601,10.836088934592365,-0.06904917703397619,-28.090131414033927,55.14107397725414,64.2373705119947,89.19662583476375,2.6999999999999864
0.0,0.0,0.0,0.0,0.0,0.0,0.0,0.0,0.0,0.0,0.0,0.0,0,0.0,-1.5707963267948966,nan,0.0011533950674184595,-0.3381153746385325,-0.14736166887538718,0.12727812549284723,-1.570797515478508,0.001166345559479663,-0.34873409002642825,1.5741439996687858,-0.1478962473415798,0.9498648691715903,0.002048616888020616,-0.9454693276533699,0.09125142914986617,0.010632170913830154,1.2950492061203486e-05,-0.010618715387895772,-0.0005345784661926201,0.006312924995766471,3.122111575368297e-05,-0.005805454660765371,0.0024796659907942884,10.71447395730459,0.03661802642258001,-0.05310208503134748,0.0225782715938736,-1.5707972507711945,1.5742111612182728,-0.710928099421829,0.789319433109718,0.9668800194110916,0,zero,0,-0.022578271593873822,0.10469985389897385,1.5674551688431457,1.4866117624609085,1.2212379921919718,-0.30645742708313384,0.15125979639395382,1.567388012730062,1.4951344285549653,1.1739802177035705,-0.4498923893770232,0.0635480311711848,-0.0144086336784517,0.012834097971280186,-0.011005881462827247,0.05309709817293819,1.6005121615186926,-6.05164238927501,-15.165666756670271,1.0,-0.2054414302110672,9.239762981394506e-07,-2.6470731384620194e-07,0.0,0.0,0.0,1,0.018629951604071725,-4.5,9.0,9.0,0.018629951604071725,-1.6641645233759403,5.318895021810646,1.8764371600261556,-0.003944802408011223,0.0007905388407461531,0.003836481901247774,0.044227106672915996,-0.07185200070801766,-0.1408211581610697,0.0,0.0,0.0,0.0,0.0,0.03493334259154646,-30.0,30.0,30.0,51.96153596977696,-2.8358354766240597,3.681104978189354,7.123562839973845,0.03493334259154646,-35.698699465865886,70.30653842260621,96.03555729667978,124.25874606701095,2.709999999999986
0.0,0.0,0.0,0.0,0.0,0.0,0.0,0.0,0.0,0.0,0.0,0.0,0,0.0,-1.5707963267948966,nan,0.0009646433060003838,-0.3294014358908881,-0.1463853935338055,0.1271796874381319,-1.5707975104407792,0.000934993222726781,-0.3487177304387486,1.5734807287894144,-0.1478624420763559,0.8748596910230879,-0.004260057533480633,-0.8697579159964719,-0.0942470076357782,0.01937270726006547,-2.9650083273602846e-05,-0.01931629454786049,-0.001477048542550402,0.009705672403504385,-7.572903234345012e-06,-0.009651606998192772,0.0010229867094539982,4.361396238818078,0.012790438366089776,-0.04484935204406271,-0.04903465017271902,-1.5707971177764117,1.5737286441559488,-0.8191024905449554,0.7893194330948893,0.9668800690170318,0,zero,0,0.04903465017271902,0.17621433761085115,1.5681184404268207,1.4864613748390993,1.2213719458696792,-0.30657229906725436,0.2464949172986895,1.567870521230263,1.5009228444827059,1.1481890511249293,-0.5415080617826946,0.06913653368028608,-0.015675749023816812,0.01396274645011887,-0.011973754031596473,0.044852130369236444,-0.20250245582905418,0.010416141706752535,-4.553501306853641,1.0,-0.4560339152812958,7.909815149531596e-07,-3.9266436768770063e-07,0.0,0.0,0.0,1,0.07798643397652642,-4.095527533605708,9.0,9.0,0.07798643397652642,-2.434547159253457,7.36067502403799,4.592893226991985,-0.004545041164834449,0.0007905388407313014,0.003836482098079116,0.009425098650071718,-0.019106162861079544,-0.0626830966007639,0.0,0.0,0.0,0.0,0.0,0.14623370331244406,-27.30351689070472,30.0,30.0,50.452982259693854,-1.6609803743522509,1.63932497596201,4.407106773008015,0.14623370331244406,-27.30351689070472,49.60259894509981,81.42660884299133,99.17768836121819,2.719999999999986
0.0,0.0,0.0,0.0,0.0,0.0,0.0,0.0,0.0,0.0,0.0,0.0,0,0.0,-1.5707963267948966,nan,0.0008116886065972432,-0.32532670454339424,-0.14600351116694354,0.12707282233596406,-1.5707975049719296,0.0006838604952417253,-0.34869979045518873,1.572760676843732,-0.14782574129396048,0.4072633720572272,-0.009817802808191502,-0.4056791363933998,-0.03451815844665307,0.023444359827088194,-0.00012782811135551788,-0.02337308591179449,-0.0018222301270169328,0.009134201798134595,-7.037606347566509e-05,-0.009122785977151958,0.00045107173909980213,-4.439063115718753,-0.011119976510894563,-0.04286070991284152,-0.04125689620215467,-1.5707972815087818,1.5732951125093027,-0.8036382895162278,-0.6401157475410248,0.9668800690167957,0,zero,0,0.04125689620215489,0.16832971853811873,1.5688384931359682,1.4862981128855175,1.2215173670077284,-0.3066970049726587,0.20423222517043044,1.5683041404045284,1.487115991611467,1.1876303119900689,-0.5080958998103503,0.07490312415271416,-0.016983243342044277,0.015127361399148977,-0.012972469648973311,0.04287067949055966,-2.084868338082051,6.379941214175435,8.734149920287539,1.0,-0.5254623889923096,9.547138852816772e-07,-2.234631475417359e-07,0.0,0.0,0.0,1,0.1366809490958944,-1.0460974589158625,0.8456634859054762,9.0,0.1366809490958944,-2.5420787379828687,5.556442919465448,6.2998009091419265,-0.004459233306760325,-0.0006411046526636045,0.0038364820980781793,-0.04231384366779105,0.05557225511205742,0.05461924805973571,0.0,0.0,0.0,0.0,0.0,0.2562927978546679,-6.9739830594390835,2.8188782863515875,30.0,30.92973004254709,1.4959812790670062,-4.710779433559972,2.7001990908580735,0.2562927978546679,-6.9739830594390835,2.8188782863515875,32.11465489087198,32.98483377651989,2.7299999999999858
0.0,0.0,0.0,0.0,0.0,0.0,0.0,0.0,0.0,0.0,0.0,0.0,0,0.0,-1.5707963267948966,nan,0.0006629646788680385,-0.3288679727650648,-0.14576108875149998,0.12695727090606201,-1.5707974990587308,0.00041234452106262776,-0.34868018155987374,1.571982096807148,-0.14778605556796995,0.356875691161405,-0.012279204644989291,0.356087711698555,-0.020273668945303136,0.01991700073807318,-0.0002506201578054108,-0.01981220879480894,-0.002024966816469964,0.0037073052742780735,-0.00012855121932628383,-0.0037013882158478013,0.00016526420145565558,-11.650014397616243,-0.023569391124469638,-0.05294632680275536,0.05074326954539088,-1.5707976760537388,1.5728155781982984,-0.0014383179117007927,-0.7894357734053784,-0.9684684556885631,0,zero,0,-0.0507432695453911,0.07621400136067091,1.5696170739967465,1.48612158048624,1.2216746084338062,-0.3068318473667507,0.07592179989202334,1.5687837524658585,1.4610290297914044,1.2733956924854928,-0.3564173153812412,0.08084104288487716,-0.018329583964205805,0.016326577635271105,-0.01400085760211136,0.052949886238836286,-2.727890122453047,9.346015437291344,18.26816355480506,1.0,-0.3594566881656647,1.3492588424313112e-06,1.7699500798329382e-07,0.0,0.0,0.0,1,0.18810786720299263,1.8307291467419242,-9.0,-9.0,0.18810786720299263,-1.8798550467723132,-0.002858135013247179,3.776183193075205,-7.980947674142171e-06,-0.000790655360774174,-0.0038427846553718238,-0.06291747116913494,0.09259282349273862,0.14464253502033086,0.0,0.0,0.0,0.0,0.0,0.3527242962741283,12.204860978279495,-30.0,-30.0,44.148420650441295,3.7105841935142374,-8.997141864986753,-12.776183193075205,0.3527242962741283,12.204860978279495,-49.95757100934768,-35.831581581747436,62.67969516304103,2.7399999999999856
0.0,0.0,0.0,0.0,0.0,0.0,0.0,0.0,0.0,0.0,0.0,0.0,0,0.0,-1.5707963267948966,nan,0.0004612737275459944,-0.3374500330042539,-0.1431093807901134,0.12683278385159102,-1.5707974926884705,0.00011986676217552409,-0.3486588113728215,1.5711433089222608,-0.14774329885390394,0.8990766594373294,-0.009078680756505956,0.8603430426241343,-0.2608951247320579,0.01213369143556884,-0.00034140696537047035,-0.011208778368567596,-0.004633918063790543,0.00364805251420045,-0.00014596700672988672,0.0032622543316174184,-0.0016262464312501758,-12.414163432783708,-0.017044809079357466,-0.07451390958699407,0.1771167617401994,-1.5707981241192348,1.5721659468371438,0.6684337484462544,-0.7893194311277015,-0.9668769587613993,0,zero,0,-0.17711676174019964,-0.05028397788860861,1.5704558627680196,1.4859313967792687,1.2218440093903633,-0.30697711716691356,0.20153450612307888,1.569433303972571,1.4376527434018023,1.3591928424269601,-0.16762295962819254,0.08694359612151109,-0.01971325317424073,0.017559043294245392,-0.015057758599752976,0.07450585706755129,-1.9416188502296199,7.542989681750395,18.015545966206872,1.0,-0.2655140161514282,1.7973243382485293e-06,6.314307645638451e-07,0.0,0.0,0.0,1,0.17878324488177216,2.6018725882049423,-9.0,-9.0,0.17878324488177216,-0.8503771691433873,-4.573470112518888,-0.31311075348518363,0.0037090094801586746,-0.0007905388387610746,-0.003836469756900063,-0.05095441505154993,0.08339266369304701,0.15832580060952034,0.0,0.0,0.0,0.0,0.0,0.33523953662436184,17.345817254699615,-30.0,-30.0,45.8365548637804,3.4522497573483295,-4.426529887481112,-8.686889246514816,0.33523953662436184,17.345817254699615,-78.78114986336595,-89.63148070869741,120.58715383326731,2.7499999999999853
0.0,0.0,0.0,0.0,0.0,0.0,0.0,0.0,0.0,0.0,0.0,0.0,0,0.0,-1.5707963267948966,nan,0.00016980740318045168,-0.3461934961312422,-0.13930800225866416,0.1266991217612894,-1.5707974858489482,-0.000194127174176293,-0.34863558337157713,1.5702427000393724,-0.14769738845348854,0.953723868393496,-0.0022527611986274316,0.876669112823264,-0.37554681310338345,0.00874517233631862,-0.00036393457735674466,-0.002442087240334956,-0.008389386194824378,0.008770495710548882,-0.00011213128654738642,0.00800512883140498,-0.0035814709235092645,-7.590140407372086,-0.003759177470572132,-0.09718912858838755,0.27586564810793734,-1.5707984313387324,1.5712889689652596,0.8141869469218934,-0.7893194330757645,-0.9668800690242865,0,zero,0,-0.27586564810793757,-0.14916652634664818,1.5713564726008409,1.4857271960050011,1.2220258956678027,-0.3071330937547261,0.338143991343283,1.570310113926112,1.4263047762277292,1.408219025516265,-0.03119585734010696,0.0932041560556796,-0.021132748208955963,0.018823419830691468,-0.016142024772229258,0.09717893456679072,-0.5650857526758404,2.89521657515443,9.920272161034944,1.0,-0.360647588968277,2.104543836090045e-06,9.454897842431365e-07,0.0,0.0,0.0,1,0.09634843972015911,1.7878277653441341,-9.0,-9.0,0.09634843972015911,0.01911067038587847,-7.019772198105248,-3.560671798705446,0.0045177657647810406,-0.0007905388407121471,-0.0038364820981079016,-0.023041364143212603,0.04362242252148548,0.1030749960733854,0.0,0.0,0.0,0.0,0.0,0.18066461601379918,11.918851768960895,-30.0,-30.0,44.06916912302683,1.7687170949582556,-1.9802278018947517,-5.439328201294554,0.18066461601379918,11.918851768960895,-69.48712179316884,-95.68084157578049,118.85022173703432,2.759999999999985
0.0,0.0,0.0,0.0,0.0,0.0,0.0,0.0,0.0,0.0,0.0,0.0,0,0.0,-1.5707963267948966,nan,-0.00020613696008432505,-0.3518383542570234,-0.13836237545348853,0.1265560550116045,-1.5707974785284742,-0.0005301677068494886,-0.3486103966242398,1.5692787229570013,-0.14764824497902668,0.5740617000037681,0.003990383059158118,0.5670044873118563,-0.08964833307137654,0.009836263480062595,-0.0003240307467651635,0.003227957632783607,-0.009285869525538143,0.009576281746000887,-4.80665651050393e-05,0.009100675338660755,-0.0029800285341588205,0.5433513771943048,-0.0003015526072245704,-0.11448024671536014,0.30477766437958453,-1.5707984227232106,1.5702125079149187,0.8390386752918808,-0.789319433090769,-0.966880069016806,0,zero,0,-0.30477766437958476,-0.17822160936797982,1.5723204506979354,1.485508627356703,1.222220579737667,-0.3073000450901782,0.3565726229111572,1.5713865136154188,1.4294736569945736,1.4025174608329214,-0.004816524985186017,0.09961616082877403,-0.022586581258026005,0.02011838201808847,-0.017252519671460048,0.11447669843285967,0.9083998320711668,-2.9783798319354764,-2.6133314609477183,1.0,-0.40184542536735535,2.095928314016504e-06,9.441947366184422e-07,0.0,0.0,0.0,1,0.01656973850689982,0.3252564957020972,-9.0,-9.0,0.01656973850689982,0.39796721460426154,-8.116414019169266,-5.692128549650934,0.004655663194910607,-0.0007905388407271748,-0.00383648209807822,0.017859513857295548,-0.022841600677833508,0.006732486746951656,0.0,0.0,0.0,0.0,0.0,0.031070201588036417,2.1683766380139815,-30.0,-30.0,42.48179401345606,-0.07271071890216435,-0.883585980830734,-3.307871450349066,0.031070201588036417,2.1683766380139815,-35.26807464497379,-60.52561518174436,70.08487714831037,2.769999999999985
0.0,0.0,0.0,0.0,0.0,0.0,0.0,0.0,0.0,0.0,0.0,0.0,0,0.0,-1.5707963267948966,nan,-0.0006288468749321306,-0.3523393287106521,-0.14160477238532054,0.12640336366881555,-1.570797470715861,-0.0008887614508157938,-0.348583145534973,1.5682498957624054,-0.14759579231789552,0.33375390556194695,0.006411617088150027,0.05282255428954996,0.3294849592963167,0.007075930148646341,-0.0002599145758836632,0.0037561831756791064,-0.005991019932574976,0.006411358964843651,1.068083335839092e-05,0.006407925974805077,0.00020950989785263607,8.740793985380636,-0.015533663860028031,-0.12171745127966686,0.24836275655413798,-1.5707980588516222,1.5690140646345128,0.5762507856169813,0.7891865743690898,-0.1642093257003271,0,zero,0,-0.24836275655413775,-0.12195939288532243,1.5733492789731842,1.485275354830979,1.2224283608858288,-0.3074782278258871,0.2368319825111191,1.5725850525938607,1.4462914314223974,1.3408258871041896,-0.10610523212081596,0.10617311453051355,-0.024073279463992958,0.021442617948775042,-0.01838811827095394,0.12171727201347646,2.1195335039252283,-7.943401093756213,-14.564675379319437,1.0,-0.17259281873703003,1.732056725600728e-06,5.881357614256899e-07,0.0,0.0,0.0,0,-0.013665244647244949,-1.8019584412246497,3.6228954763888157,0.3254992679303575,-0.013665244647244949,0.1943029283214513,-4.407921881655232,-5.1237703064625375,0.003197504063447388,0.0007904057767540688,-0.0006515659579449356,0.045737679191894025,-0.07381915677635424,-0.10763743030885131,0.0,0.0,0.0,0.0,0.0,-0.025623935209534876,-12.013056274830998,12.076318254629387,1.0849975597678583,17.06835844304042,-1.996261369546101,8.030817358044049,5.449269574392895,-0.025623935209534876,-12.013056274830998,12.076318254629387,1.0849975597678583,17.06835844304042,2.7799999999999847
0.0,0.0,0.0,0.0,0.0,0.0,0.0,0.0,0.0,0.0,0.0,0.0,0,0.0,-1.5707963267948966,nan,-0.0010364755765192668,-0.34666983726223927,-0.14535203142162412,0.12624083739116698,-1.5707974624004177,-0.0012703913858163906,-0.34855371960302034,1.5671548011720906,-0.14753995759716684,0.6802539017940649,0.0025998766586539422,-0.564006551646018,0.380309375703225,0.0028966791726684066,-0.0002339158092971238,-0.0018838823407810734,-0.002187926175542726,0.002718906159605461,2.4409864025372546e-05,0.0005110025574651829,0.002670342908606088,12.592390828390055,-0.03756119877391288,-0.1178620681848519,0.1328709215563444,-1.5707975572162698,1.5678096929529033,-0.2904175183142855,0.7893201190500183,0.96714940647669,0,zero,0,-0.1328709215563446,-0.006630084165177408,1.574444374711107,1.4850270570782436,1.2226495253456777,-0.3076678874213128,0.036874489136905074,1.5737895030762212,1.4706546490811905,1.25021415883967,-0.2878455777436371,0.11286858719894499,-0.025591384922266522,0.022794829033949342,-0.019547706965808265,0.1178573505224913,2.502244508067886,-9.191546232588621,-19.281748574783006,1.0,-0.07139822840690613,1.230421373232815e-06,9.48158520586162e-08,0.0,0.0,0.0,1,0.014757235706067445,-4.2679795647092025,9.0,9.0,0.014757235706067445,-0.5967738133932906,1.3235884369632158,-1.7320013533382255,-0.001611470592464333,0.0007905395277461522,0.0038375508018154247,0.0582337636725612,-0.09387210775839652,-0.1609364852197546,0.0,0.0,0.0,0.0,0.0,0.027671546420527743,-28.45319709806135,30.0,30.0,51.084099197456815,-3.6712057513159118,7.676411563036784,10.732001353338225,0.027671546420527743,-28.45319709806135,55.71006791322675,64.77841216224044,90.0524266190148,2.7899999999999845
0.0,0.0,0.0,0.0,0.0,0.0,0.0,0.0,0.0,0.0,0.0,0.0,0,0.0,-1.5707963267948966,nan,-0.0013918601798512563,-0.3375045626539735,-0.1462788588329468,0.12606827533099385,-1.5707974535719529,-0.0016755170236420844,-0.34852200319616694,1.5659920858723313,-0.14748067114837163,0.9186772019279479,-0.00497410344937044,-0.9133558201412373,0.09861138601179043,0.011086424588085375,-0.0002836568437908282,-0.011017440542193446,-0.0012018123154248217,0.00623285566864418,-1.6857610978959867e-05,-0.005738214460789133,0.0024333311342874093,10.42300636772623,-0.042916490772247406,-0.10972313017456066,0.015677991913395584,-1.5707971732386565,1.5666760412245373,-0.7308619871741302,0.7893194331093987,0.9668800418184009,0,zero,0,-0.015677991913395584,0.11039028341759849,1.5756070912263458,1.484763427253193,1.2228843464313097,-0.30786925825697437,0.1601423520381985,1.574923128997467,1.491853331398212,1.1738882390679766,-0.46016574486927586,0.11969621482044285,-0.027139454681123963,0.024173730003669007,-0.020730183572709088,0.10971722446619327,1.7057777896110322,-6.081076063601082,-14.798392998330156,1.0,-0.2181776762008667,8.464437599720043e-07,-2.803332961320848e-07,0.0,0.0,0.0,1,0.06926496396695472,-4.5,9.0,9.0,0.06926496396695472,-1.5884760369400392,5.336265236381472,1.9535850331718918,-0.0040554116925088455,0.0007905388407458332,0.003836481990157706,0.04642323089204119,-0.07215339953470123,-0.13804201844105135,0.0,0.0,0.0,0.0,0.0,0.12987992493334843,-30.0,30.0,30.0,51.961686546867405,-2.9115239630599605,3.6637347636185282,7.046414966828108,0.12987992493334843,-36.405427072947035,70.8512491314083,95.41440460085533,124.29473077317145,2.7999999999999843
0.0,0.0,0.0,0.0,0.0,0.0,0.0,0.0,0.0,0.0,0.0,0.0,0,0.0,-1.5707963267948966,nan,-0.0017065478618398008,-0.3292397431918587,-0.14556852911420998,0.12588548603685235,-1.570797444220765,-0.0021045745740361343,-0.34848787533952086,1.5647604598596836,-0.14741786647240618,0.8256915492612715,-0.011436986840550528,-0.8230691605468687,-0.06475250427713797,0.01934086515908496,-0.0003980267121963335,-0.019248132147662134,-0.0018493373581962014,0.009372215552593467,-8.733042162336642e-05,-0.009296150944189441,0.0011884340051427755,4.003122793109141,-0.02073248514868711,-0.10337852185827218,-0.05257494823547315,-1.5707970418089285,1.5656169736665042,-0.8287832751509698,0.7893194330948899,0.9668800690168786,0,zero,0,0.05257494823547315,0.1784604342723255,1.5768387185231474,1.484484172865277,1.223133084670716,-0.3080825637486656,0.25145579430911674,1.5759821816885997,1.49870884870178,1.1478656893600587,-0.5475857174581221,0.1266496993297095,-0.028716060741710174,0.025578048906851215,-0.021934457329931257,0.10338101426918707,-0.09621322389591674,-0.008631995012669424,-4.10802170316777,1.0,-0.46019887924194336,7.15014031982264e-07,-4.024118362977447e-07,0.0,0.0,0.0,1,0.11446742737959302,-4.229709552107954,9.0,9.0,0.11446742737959302,-2.4043008857319315,7.3689863031826,4.641848467922643,-0.004598757964685659,0.0007905388407313021,0.003836482098078508,0.011688070874882207,-0.01930509352121178,-0.05915666671265064,0.0,0.0,0.0,0.0,0.0,0.21463984132681985,-28.19806368071969,30.0,30.0,50.94287845816535,-1.8254086663760223,1.6310136968173996,4.358151532077357,0.21463984132681985,-28.19806368071969,50.07336636979237,79.88806505455211,98.41047618707681,2.809999999999984
0.0,0.0,0.0,0.0,0.0,0.0,0.0,0.0,0.0,0.0,0.0,0.0,0,0.0,-1.5707963267948966,nan,-0.0020225697273927048,-0.3256570789624251,-0.14556362371647014,0.1256922873556472,-1.5707974343376379,-0.0025579771092159804,-0.34845120952041375,1.5634586957815046,-0.14735148020459565,0.3549191185581608,-0.01373806696269421,-0.3545998410326545,0.006148087007068481,0.022870406200618226,-0.0005354073818232756,-0.02279413055798868,-0.0017878564881255166,0.00858799300553012,-0.0001495427210397164,-0.008546306939222438,0.000831804386990541,-4.81758044895221,0.029874367828390598,-0.10301778378164869,-0.04106347428917845,-1.5707972071253424,1.5645895011727018,-0.8274721847187331,-0.6272086245491774,0.9668800690167938,0,zero,0,0.04106347428917845,0.16675576164482564,1.5781404839548483,1.484189015629168,1.223395987938971,-0.30830801646167116,0.20440389890051633,1.5770097432710635,1.4859051390715279,1.1872614999848272,-0.5094821425610803,0.13372280860977484,-0.030319790058037616,0.02700652711127263,-0.02315944889733832,0.10302813648101489,-1.9900533218637522,6.3881453929270355,9.215765141403034,1.0,-0.5094416737556458,8.803304458737671e-07,-2.2721229520072939e-07,0.0,0.0,0.0,1,0.15269043874936056,-1.2141013133860472,0.9600327653067081,9.0,0.15269043874936056,-2.562793916152679,5.597711725411229,6.328126678275536,-0.004591482977667402,-0.0006281775896529503,0.0038364820980781715,-0.04023636427976317,0.055577605922796196,0.05847984915085233,0.0,0.0,0.0,0.0,0.0,0.2863124671842501,-8.094008755906982,3.200109217689027,30.0,31.238368260437394,1.348692602766632,-4.637678960104521,2.6718733217244637,0.2863124671842501,-8.094008755906982,3.200109217689027,30.01850664132151,31.256141677273057,2.819999999999984
0.0,0.0,0.0,0.0,0.0,0.0,0.0,0.0,0.0,0.0,0.0,0.0,0,0.0,-1.5707963267948966,nan,-0.002405658845119934,-0.3296469007419448,-0.14560047655075453,0.12548850633475772,-1.5707974239138387,-0.0030361147270231733,-0.34841187351015107,1.5620856282764652,-0.14728145207991544,0.40316957042565765,-0.00950485000799639,0.40291577897824116,0.010688095896460581,0.018850659307838198,-0.0006304558819032395,-0.018764972768206267,-0.0016809755291609108,0.003074644203685241,-0.00016277272539218164,-0.0030061122990900635,0.0006246846119307759,-12.020169555972121,0.08763329457427922,-0.11423917047079658,0.05469093873689079,-1.570797605032803,1.5635021517818841,-0.0720398198988969,-0.789433717559454,-0.9677066364824891,0,zero,0,-0.05469093873689079,0.07079756759786715,1.579513552883356,1.4838776913152354,1.2236732915914212,-0.3085458182249821,0.0705376885208972,1.5780971762477571,1.4606546408318424,1.2733585773105385,-0.35288115050469676,0.14090937649199672,-0.03194924453698636,0.028457919303569425,-0.02440409035638261,0.11424346941761003,-2.6521087800352463,9.395385775595887,18.763765987058836,1.0,-0.33187809586524963,1.2782379066322846e-06,1.811189642708655e-07,0.0,0.0,0.0,1,0.18534712690190105,1.634001648774787,-9.0,-9.0,0.18534712690190105,-1.9488459854841027,0.035908357512552586,3.7911675240441585,-0.00039973501573644163,-0.0007906533017522044,-0.0038397618339902156,-0.06122558231281698,0.09298369434174264,0.14865850226231755,0.0,0.0,0.0,0.0,0.0,0.34754758466510605,10.893344325165247,-30.0,-30.0,43.80394662482156,3.58284763425889,-9.035908357512552,-12.791167524044159,0.34754758466510605,10.893344325165247,-49.84366413422452,-38.29992854118474,63.79703065578721,2.8299999999999836
0.0,0.0,0.0,0.0,0.0,0.0,0.0,0.0,0.0,0.0,0.0,0.0,0,0.0,-1.5707963267948966,nan,-0.002899676540494656,-0.3385795498203986,-0.14299062840547713,0.12527397912416705,-1.570797412941114,-0.003539354712717843,-0.3483697292032765,1.5606401533150698,-0.14720772489837905,0.9326248490293354,-0.0009222290319947472,0.8974793385328361,-0.25361209637410065,0.01067898419061439,-0.000639678172223187,-0.009790179382877906,-0.004217096492901917,0.004172372166926807,-0.00011446076164620665,0.003972090588355147,-0.001272039539986605,-12.75948100262819,0.10919814108312463,-0.1365161889200153,0.1846299089681338,-1.5707980587393526,1.5622349916978036,0.6326154484000406,-0.7893194313907194,-0.9668783785184049,0,zero,0,-0.1846299089681338,-0.05935592984396676,1.5809590293386333,1.483549949600015,1.223965218596874,-0.30879616024551204,0.20720050359320036,1.5793642600763296,1.437891289523505,1.3598593322657824,-0.15920477670208957,0.14820330275606058,-0.03360304103830406,0.02993099348923729,-0.025667325210105185,0.13650867182021764,-1.8915141668304336,7.626567296354033,18.495001384346576,1.0,-0.24627937376499176,1.7319444562957642e-06,6.457982388852201e-07,0.0,0.0,0.0,1,0.16949501626933083,2.400946171187877,-9.0,-9.0,0.16949501626933083,-0.9599749610991801,-4.5523177669026165,-0.3060786978785064,0.003510260666617497,-0.0007905388390244988,-0.0038364753903519355,-0.049762994115380044,0.08411668568357103,0.16225844105784162,0.0,0.0,0.0,0.0,0.0,0.31782301944371055,16.006307807919182,-30.0,-30.0,45.34647617085084,3.360921132287057,-4.4476822330973835,-8.693921302121494,0.31782301944371055,16.006307807919182,-79.01641468632174,-92.36827521383208,122.60422079591115,2.8399999999999834
0.0,0.0,0.0,0.0,0.0,0.0,0.0,0.0,0.0,0.0,0.0,0.0,0,0.0,-1.5707963267948966,nan,-0.003498498122764534,-0.347572447435267,-0.1390388098096981,0.1250485508785899,-1.5707974014116852,-0.004068041699449583,-0.3483246324749487,1.55912122754017,-0.14713024449059564,0.9833654305704406,0.007013459553813781,0.9037994343196187,-0.3874338187995624,0.008146255422885763,-0.0005695435766850492,-0.0007521850396817187,-0.008091434680897541,0.009310887445531199,-2.949856838920038e-05,0.008658066189776147,-0.0034248568891661205,-7.905319049590546,0.07953357322442722,-0.1598044894962157,0.2866554948377469,-1.5707983732556767,1.5607332899307076,0.8011565940348545,-0.7893194330788711,-0.9668800690208325,0,zero,0,-0.2866554948377469,-0.16160694395915698,1.5824779566781821,1.4832055539166809,1.2242719796707853,-0.30905922322231283,0.34964915288780896,1.580865792475395,1.4268164018669147,1.4099242876844067,-0.018189123174079197,0.15559855312997956,-0.035279811374605966,0.0314245309926314,-0.02694810838313584,0.15979439356128886,-0.5551117541372088,3.0135575773757344,10.364164935190677,1.0,-0.3684210777282715,2.0464607803916124e-06,9.718439915040733e-07,0.0,0.0,0.0,1,0.09552708798284813,1.624880914126172,-9.0,-9.0,0.09552708798284813,-0.11534715062527032,-7.010436715997656,-3.5581000261004823,0.004445462858920616,-0.0007905388407152585,-0.0038364820980941964,-0.022633666546455482,0.044663226402485524,0.10673785711712726,0.0,0.0,0.0,0.0,0.0,0.17912448524816826,10.832539427507813,-30.0,-30.0,43.787852151364156,1.7402280647514423,-1.9895632840023438,-5.441899973899518,0.17912448524816826,10.832539427507813,-69.9809978556607,-98.53232731412069,121.3397526898779,2.849999999999983
0.0,0.0,0.0,0.0,0.0,0.0,0.0,0.0,0.0,0.0,0.0,0.0,0,0.0,-1.5707963267948966,nan,-0.004161190643281335,-0.35342850021993377,-0.13791107040321574,0.12481207565959584,-1.570797389318242,-0.004622497827444394,-0.348276433056963,1.5575278676074826,-0.14704895968350573,0.5997247403416233,0.010823639252199,0.5904252202652505,-0.10464545993924546,0.010500362892241445,-0.00046130718416305914,0.005152067162970786,-0.009137889280289996,0.010137733271834887,5.2399142401244724e-05,0.009691060218406104,-0.0029756078478136803,0.25616204935871256,-0.00300033402987214,-0.17778801903654431,0.31855158446638776,-1.5707983708986097,1.5590251428895845,0.8314665719119141,-0.7893194330914096,-0.9668800690167997,0,zero,0,-0.31855158446638754,-0.19373950880679214,1.5840713182465258,1.4828442813055163,1.2245937734084498,-0.30933517746079076,0.37298505318739505,1.58257387506491,1.429776821832888,1.405658961439194,0.012402060038436039,0.1630891592900945,-0.0369782023113749,0.03293732645696644,-0.02824540622169312,0.17778419553500083,0.8652473086507262,-2.816081900195604,-2.2070142260930576,1.0,-0.4358663260936737,2.044103712961487e-06,9.815803676538337e-07,0.0,0.0,0.0,1,0.032902175802741046,0.23840164703927041,-9.0,-9.0,0.032902175802741046,0.26141275296156935,-8.113304880285572,-5.691972354734771,0.004613647059001371,-0.0007905388407278164,-0.003836482098078195,0.017188380797423644,-0.021407999425387594,0.010087525414888363,0.0,0.0,0.0,0.0,0.0,0.06169543559486414,1.5893443135951362,-30.0,-30.0,42.45621063724282,-0.023011105922298936,-0.8866951197144282,-3.308027645265229,0.06169543559486414,1.5893443135951362,-36.06797399559416,-63.38927617403318,72.94949556843171,2.859999999999983
0.0,0.0,0.0,0.0,0.0,0.0,0.0,0.0,0.0,0.0,0.0,0.0,0,0.0,-1.5707963267948966,nan,-0.004820771940724818,-0.35411873891587764,-0.14112691909351632,0.12456441633773818,-1.570797376653945,-0.005203022901961969,-0.3482249744328874,1.555859149526106,-0.14696382226629182,0.33842095211306117,0.007905622292590786,0.0741697320019441,0.3300986107514503,0.00830373495643258,-0.0003822509612371513,0.005893764482990227,-0.005836903172775493,0.006946810308749119,8.74820771725721e-05,0.006942883600284361,0.00021653559711757968,8.620512938761184,-0.11728832294893064,-0.18610719739825163,0.26424434616119497,-1.570798007203734,1.5571862295393093,0.5962472069197003,0.7892121470259547,-0.33563670452957506,0,zero,0,-0.26424434616119497,-0.13967992982345656,1.5857400380346927,1.4824659222643854,1.224930786418188,-0.30962418298692207,0.2568585832484416,1.5844128856243365,1.4458577516992588,1.3456193511388266,-0.08586385887108804,0.17066921886107417,-0.038696875566961324,0.034468187844316635,-0.029558196493584342,0.18610664920581474,2.0290763982800826,-7.794795825939679,-14.387030244135921,1.0,-0.20794734358787537,1.6804088374122728e-06,6.305497892711287e-07,0.0,0.0,0.0,0,0.023206414043532547,-1.7892675326353247,3.2495944485798947,-0.5289121742184866,0.023206414043532547,0.08115932581255923,-4.530713577659229,-5.292039257423087,0.003308460334511543,0.000790431388917744,-0.0013317724189878838,0.043968647951058606,-0.0722859432676643,-0.10554334293096296,0.0,0.0,0.0,0.0,0.0,0.04351474600324873,-11.928450217568832,10.831981495266316,-1.7630405807282887,16.208946706347835,-1.8704268584478838,7.780308026239124,4.7631270832046,0.04351474600324873,-11.928450217568832,10.831981495266316,-1.7630405807282887,16.208946706347835,2.869999999999983
0.0,0.0,0.0,0.0,0.0,0.0,0.0,0.0,0.0,0.0,0.0,0.0,0,0.0,-1.5707963267948966,nan,-0.005390416370389599,-0.34838023085436043,-0.1450380219043,0.1243054444946794,-1.5707973634124144,-0.005809894550099965,-0.34817009375272556,1.5541142079990362,-0.14687478695647518,0.6950259783617265,-0.0037227218473215133,-0.5683627381355361,0.40001381206003217,0.0018957387482532195,-0.0004194781797103664,0.00021013710163486632,-0.001836765052175171,0.0029288003102944677,3.3444047080866915e-05,0.0008380209468835866,0.0028061492558094907,12.829085388798507,-0.19841237230999972,-0.18387481401846592,0.1478124347467613,-1.5707974955039599,1.5553279208567512,-0.24167153142585351,0.7893199856145944,0.967376373060472,0,zero,0,-0.1478124347467613,-0.023506990252081916,1.5874849813396992,1.482070280599205,1.2252831934545358,-0.3099263896614691,0.05289623204269972,1.5862712785552682,1.4692178088541088,1.2558348476867485,-0.26872021677944785,0.1783328954159149,-0.040434507812583266,0.036015936435615674,-0.03088546838820554,0.18386955766974267,2.4008066628279274,-9.157660140117084,-19.58747310034242,1.0,-0.06687162816524506,1.1687090633039077e-06,1.3209154570148485e-07,0.0,0.0,0.0,1,0.06611656497241669,-4.173307544393628,9.0,9.0,0.06611656497241669,-0.6666002213288501,1.2008471344433516,-1.9539924381044926,-0.001340988547072183,0.0007905393941045858,0.00383845138221153,0.0560619868953903,-0.09332189629918985,-0.1626528910011268,0.0,0.0,0.0,0.0,0.0,0.12397630784252145,-27.822050295957524,30.0,30.0,50.735410245662706,-3.506707323064778,7.799152865556648,10.953992438104493,0.12397630784252145,-27.822050295957524,54.47465299116072,62.961992432339166,87.78258461877849,2.8799999999999826
0.0,0.0,0.0,0.0,0.0,0.0,0.0,0.0,0.0,0.0,0.0,0.0,0,0.0,-1.5707963267948966,nan,-0.00585262195881888,-0.3387572218295581,-0.14600766072993643,0.12403504032531565,-1.5707973495877314,-0.006443368376524128,-0.34811162176745636,1.5522922357636866,-0.14678181136619545,0.9624907843032059,-0.017126823799488208,-0.9564537039533139,0.10626144159161521,0.009404950225057176,-0.0005907464177052485,-0.009354399937898272,-0.0007741506362590189,0.006353184914872642,-9.172045945618577e-05,-0.00580739897808625,0.002574619006611506,10.937082170507558,-0.18888577756600733,-0.1773635858861705,0.02646421745073657,-1.5707970958854602,1.5535249770087185,-0.7100845812094493,0.789319433104581,0.966879982394285,0,zero,0,-0.02646421745073635,0.0975708228745793,1.589306955424034,1.4816571732744148,1.2256511575514328,-0.31024193729419614,0.14415387191123502,1.5880741959369566,1.4895108532019556,1.1791517628211672,-0.4464584748084145,0.18607441847594075,-0.04218979067232634,0.03757940683065678,-0.0322262225165415,0.17735682197357852,1.6247078773737187,-6.15840964935566,-15.472414892357452,1.0,-0.18281197547912598,7.690905636792422e-07,-2.5370227119125843e-07,0.0,0.0,0.0,1,0.11839395197967309,-4.5,9.0,9.0,0.11839395197967309,-1.625452200937561,5.267674539455257,1.7844316327975998,-0.003940121888732125,0.0007905388407410081,0.003836481754368838,0.04459680750445311,-0.07269740953618453,-0.14303672097158693,0.0,0.0,0.0,0.0,0.0,0.22200253512033208,-30.0,30.0,30.0,51.96199847124435,-2.874547799062439,3.732325460544743,7.2155683672024,0.22200253512033208,-35.82853220986101,70.4866529966532,96.05491755420876,124.41321651036553,2.8899999999999824
0.0,0.0,0.0,0.0,0.0,0.0,0.0,0.0,0.0,0.0,0.0,0.0,0,0.0,-1.5707963267948966,nan,-0.006272067327613745,-0.32976039229796467,-0.14503434112553515,0.12375309253990285,-1.5707973351744318,-0.007103678118233574,-0.34804938278373565,1.5503924829324005,-0.1466848559686753,0.8980698086862643,-0.024086437291458065,-0.8934590547872712,-0.08763642068811417,0.01838213667512901,-0.0008316107906198291,-0.018288990485770984,-0.0016505148431401606,0.009877991658589163,-0.0002213314907267359,-0.009810629350712457,0.0011301695984714264,4.664829747574708,-0.08870394506413495,-0.1723921387633407,-0.04791870303275303,-1.570796946625899,1.5517824762753074,-0.8205578631489581,0.7893194330947185,0.9668800690172297,0,zero,0,0.04791870303275303,0.17167179557265566,1.59120671017514,1.4812264302634497,1.2260348301554105,-0.3105709557580852,0.24334010607792222,1.5898166748194833,1.4957022501474253,1.1519114403639676,-0.5418903210352642,0.19388808351080355,-0.043961430723143756,0.03915744694809266,-0.033579470911165754,0.1723939541982456,-0.15409201440916243,-0.1539563882667836,-4.9737214718411344,1.0,-0.4292909801006317,6.198310025240517e-07,-3.885485329035987e-07,0.0,0.0,0.0,1,0.14676113020558418,-4.184579541008743,9.0,9.0,0.14676113020558418,-2.4178782824856393,7.337287888648247,4.533023543286894,-0.004553116745694865,0.0007905388407311305,0.003836482098079901,0.010383470338418114,-0.02057674093911327,-0.06595861831747082,0.0,0.0,0.0,0.0,0.0,0.27519431878039413,-27.897196940058286,30.0,30.0,50.77725208226107,-1.7667012585231037,1.6627121113517527,4.466976456713106,0.27519431878039413,-27.897196940058286,50.598883955036484,82.5632296411116,100.77332620932816,2.899999999999982
0.0,0.0,0.0,0.0,0.0,0.0,0.0,0.0,0.0,0.0,0.0,0.0,0,0.0,-1.5707963267948966,nan,-0.006747815001233497,-0.3253058295752416,-0.1446197704121894,0.12345949826618186,-1.5707973201675052,-0.007791035798478096,-0.3479831946390074,1.5484142563329717,-0.14658388406487607,0.4404651455568725,-0.021161000662477027,-0.43883745779947914,-0.03135988095465114,0.02278615672525269,-0.0010432207972445994,-0.022677365063765775,-0.001964113652686672,0.009469275576650095,-0.0002881177302140154,-0.009449278501287994,0.0005434187383361391,-4.0965358709528665,0.08493233840364699,-0.1730059807727614,-0.043430081883261806,-1.5707970936936457,1.5500602050036898,-0.8157415700362681,-0.5706608740125839,0.9668800690167977,0,zero,0,0.043430081883261806,0.16688958014944344,1.5931849387648984,1.4807778943992105,1.2264343512587812,-0.3109135651035519,0.20526014314724736,1.5915390332095476,1.4823271611003357,1.1898193294977188,-0.5128689000512998,0.2017682519384827,-0.0457481494948563,0.040748918025435524,-0.034944237026240554,0.17301679835645556,-2.052630236533071,6.251345237630511,8.29613119016608,1.0,-0.5077987313270569,7.668987489495294e-07,-2.264738592216986e-07,0.0,0.0,0.0,1,0.16145986098670248,-1.17022158268609,1.3115550116141699,9.0,0.16145986098670248,-2.5575468264629695,5.700530327421571,6.264250564658353,-0.004526392067511405,-0.0005715424793530785,0.003836482098078187,-0.04146407281653341,0.0541955376626622,0.051029768562055905,0.0,0.0,0.0,0.0,0.0,0.3027561616101678,-7.801477217907268,4.3718500387139,30.0,31.306034255969276,1.3873252437768795,-4.388975315807402,2.7357494353416474,0.3027561616101678,-7.801477217907268,4.3718500387139,33.963036326006744,35.12201043957443,2.909999999999982
0.0,0.0,0.0,0.0,0.0,0.0,0.0,0.0,0.0,0.0,0.0,0.0,0,0.0,-1.5707963267948966,nan,-0.0073978511633776165,-0.3283178329669887,-0.14442807872697003,0.12315416295149961,-1.5707973045623855,-0.008505631879968523,-0.3479128686971899,1.5463569188491624,-0.1464788617503399,0.308422335176186,-0.006455991934630704,0.30823293335645596,-0.008666937068319003,0.019733178010468942,-0.0011077807165909065,-0.019595035730201216,-0.002050783023369862,0.004254501013178385,-0.0002347030361149107,-0.004237133547637528,0.0003039616019482887,-11.292843049790227,0.2543740357292928,-0.18466878146482169,0.04505856036027778,-1.5707974735500487,1.5482710366084453,-0.03852136024242664,-0.7893955328433889,-0.9693863307835096,0,zero,0,-0.04505856036027778,0.07809560259122161,1.5952422783091122,1.4803114212245354,1.2268498495328268,-0.31126987567266157,0.07626227867088474,1.5933283014670254,1.4562656689833178,1.2749502161928887,-0.36531086351564257,0.20970935112528574,-0.047548683470152425,0.04235269461905715,-0.03631955573751698,0.18467513063961263,-2.7457543821298223,9.325729781795756,17.87568297381655,1.0,-0.354996919631958,1.1467551521704422e-06,1.6898766297401835e-07,0.0,0.0,0.0,1,0.17308849502246265,1.7447062865825724,-9.0,-9.0,0.17308849502246265,-1.920398046559145,0.1464120101934861,3.756199267096434,-0.00021374757133354983,-0.0007906150580451499,-0.003846426690700585,-0.06308334312824126,0.0922082861339991,0.14137799309440421,0.0,0.0,0.0,0.0,0.0,0.3245612132429452,11.631375243883816,-30.0,-30.0,43.99311571195174,3.6651043331417172,-9.146412010193487,-12.756199267096434,0.3245612132429452,11.631375243883816,-48.56140571213232,-33.72533357629909,60.257800155798414,2.9199999999999817
0.0,0.0,0.0,0.0,0.0,0.0,0.0,0.0,0.0,0.0,0.0,0.0,0,0.0,-1.5707963267948966,nan,-0.008240491005484593,-0.33627414207914663,-0.14194901922827563,0.1228370002649366,-1.5707972883549546,-0.009247635417532643,-0.3478382098650769,1.544219888761215,-0.1463697578822189,0.8373963427110608,0.010063630454285651,0.8030967944270939,-0.2369955630573406,0.012421148653436931,-0.00100714441204805,-0.011564067785930277,-0.004420738653943268,0.002876227371923686,-8.921991223768185e-05,0.002524754411052472,-0.0013748959473845355,-12.060169963776135,0.29546295390299626,-0.20701835261378077,0.16790598230417086,-1.5707979051908783,1.5462988102469377,0.6556966314654522,-0.7893194325106547,-0.9668754170666835,0,zero,0,-0.16790598230417064,-0.045068982039234484,1.597379310526989,1.4798268788426716,1.2272814424609875,-0.31163998821334493,0.19347749007123977,1.595300485156568,1.432451926913265,1.361065820237065,-0.1801615799399703,0.21770587438584735,-0.049361784084588065,0.043967664604188716,-0.03770447334233475,0.20701362579693383,-2.0001253837506776,7.604412777273376,17.668076060781928,1.0,-0.26411527395248413,1.5783959819160032e-06,6.168359236724541e-07,0.0,0.0,0.0,1,0.15037338495983907,2.5982541238963224,-9.0,-9.0,0.15037338495983907,-0.8958267244174335,-4.489108489694883,-0.3236961663070461,0.0036383336835797355,-0.0007905388401461644,-0.003836463639611717,-0.052055527944990306,0.08383922398503464,0.15544340198166576,0.0,0.0,0.0,0.0,0.0,0.28196771978218466,17.321694159308816,-30.0,-30.0,45.827072722830906,3.494080848313756,-4.510891510305117,-8.676303833692954,0.28196771978218466,17.321694159308816,-78.16752238085478,-87.61075240862829,118.68414421105723,2.9299999999999815
0.0,0.0,0.0,0.0,0.0,0.0,0.0,0.0,0.0,0.0,0.0,0.0,0,0.0,-1.5707963267948966,nan,-0.009199294975384827,-0.3443592417171822,-0.13834860024469603,0.12250793199942955,-1.570797271541535,-0.010017194210394305,-0.3477590166295175,1.5420026390863768,-0.14625654404649574,0.8879870021914842,0.018924517703857238,0.8164292873594936,-0.34872051478564425,0.008646560228529974,-0.0008178992350094776,-0.0033997749123353405,-0.00790794380179971,0.007815053926914487,6.656569636957245e-05,0.007113441563450958,-0.0032356739656548787,-7.2422030684497605,0.1934345454070488,-0.23033855536331427,0.2631844903412255,-1.5707981942806695,1.5440907957935097,0.811921311218033,-0.7893194330896667,-0.9668800690280526,0,zero,0,-0.26318449034122526,-0.14067655834179593,1.5995965624006239,1.4793241477677466,1.2277292364720496,-0.3120239939936141,0.32755667575658953,1.597508367477836,1.420380818966286,1.410999341847363,-0.04702065865574253,0.22575238098313036,-0.05118621772658683,0.045592729174920986,-0.03909804755962239,0.23033077943869584,-0.6439006173938693,3.0010796488599563,9.601964849710678,1.0,-0.3452010452747345,1.867485773132671e-06,9.227391344346358e-07,0.0,0.0,0.0,1,0.08625319079866918,1.8390572989458325,-9.0,-9.0,0.08625319079866918,-0.011725160753392035,-6.980147660154255,-3.5657305301730045,0.004505194190823656,-0.0007905388407260707,-0.0038364820981228454,-0.02465976141268232,0.04455809437864835,0.10045678286244775,0.0,0.0,0.0,0.0,0.0,0.16173484117507816,12.260381992972217,-30.0,-30.0,44.16268928374321,1.8507824596992246,-2.0198523398457446,-5.4342694698269955,0.16173484117507816,12.260381992972217,-69.54164580031383,-93.75620735525483,117.37380475655671,2.9399999999999813
0.0,0.0,0.0,0.0,0.0,0.0,0.0,0.0,0.0,0.0,0.0,0.0,0,0.0,-1.5707963267948966,nan,-0.010175895647295494,-0.34930147100590764,-0.13748326255327037,0.1221668879738933,-1.570797254118886,-0.01081443495426919,-0.3476750811154029,1.5397046969194124,-0.14613919452538712,0.5084681790636225,0.017935992803578236,0.5026164802840072,-0.07479881703170432,0.008830517245801599,-0.0006385393069736952,0.0016263898905047314,-0.008655931972116754,0.008504210017217472,0.0001636607558725366,0.008078772428478126,-0.0026510826510674603,0.8832294608268797,-0.025711851874306916,-0.24849850782680358,0.28866010792550423,-1.5707981734698508,1.5416747332182155,0.8388775157148931,-0.7893194330935374,-0.9668800690168132,0,zero,0,-0.28866010792550423,-0.1664932199516107,1.6018945068344839,1.4788031207752386,1.2281933270733345,-0.3124219749157783,0.34391984308809137,1.5999243853206468,1.4227427773043622,1.40646832831987,-0.023714096756152603,0.23384349612842525,-0.05302076573743991,0.047226802844204226,-0.040499347529897166,0.24849549272721816,0.8287867943411831,-2.856458720112029,-2.9112756114636102,1.0,-0.3697033226490021,1.8466749542866978e-06,9.193509651339582e-07,0.0,0.0,0.0,1,0.043145745612652206,0.40145589575809765,-9.0,-9.0,0.043145745612652206,0.3913894334578058,-8.099701224286353,-5.6823042967185255,0.0046547689516138625,-0.0007905388407299474,-0.0038364820980782486,0.01614867768958224,-0.021716258928870184,-0.007422391595663482,0.0,0.0,0.0,0.0,0.0,0.0809033294818155,2.676372638387318,-30.0,-30.0,42.51081645708806,0.010066462300291845,-0.9002987757136474,-3.3176957032814745,0.0809033294818155,2.676372638387318,-35.727586887692055,-58.621698749441144,68.70322805324393,2.949999999999981
0.0,0.0,0.0,0.0,0.0,0.0,0.0,0.0,0.0,0.0,0.0,0.0,0,0.0,-1.5707963267948966,nan,-0.011060843415814174,-0.3490947889243125,-0.1405426276586314,0.12181380593534286,-1.5707972360842006,-0.01163946339348426,-0.3475861891644327,1.5373256427731241,-0.1460176862649356,0.31836174723469013,0.005991932930360898,-0.011779013062490629,0.31808733658125476,0.0057084972678047375,-0.0005786199776700862,0.001508599759879825,-0.005475058606304206,0.005311747634631195,0.00014879004913152664,0.0052979447892221015,0.00035256980251279803,8.974428404508647,-0.28427974916486765,-0.25712120419595574,0.22927931668572143,-1.5707978094477166,1.5391253094346113,0.6013664548199898,0.7891821163525401,-0.030723239300637695,0,zero,0,-0.2292793166857212,-0.10746551075037836,1.6042735633148901,1.4782637027524492,1.2286737989838883,-0.31283400363065994,0.22291533084172524,1.6024738908269305,1.4388629131016653,1.346000581517831,-0.12744249956874382,0.24197391098135004,-0.05486422441130605,0.04886881344384816,-0.04190745381526506,0.25711938271445517,2.0596665311380224,-7.821588629921887,-14.740851947758944,1.0,-0.14421844482421875,1.4826528200728717e-06,5.73363515776748e-07,0.0,0.0,0.0,0,0.056710500043692255,-1.7270043762819656,3.430389727462449,0.9001324446588903,0.056710500043692255,0.21110993086142987,-4.4651084066691835,-5.011396516036087,0.0033368660501678685,0.0007904013118503969,-0.00012190669903013686,0.04434354229230597,-0.07267118829321714,-0.10942732255184547,0.0,0.0,0.0,0.0,0.0,0.10633883375903291,-11.513362508546438,11.43463242487483,3.000441482196301,16.502190520680916,-1.9381143071433955,7.895498134131632,5.9115289606949775,0.10633883375903291,-11.513362508546438,11.43463242487483,3.000441482196301,16.502190520680916,2.959999999999981
0.0,0.0,0.0,0.0,0.0,0.0,0.0,0.0,0.0,0.0,0.0,0.0,0,0.0,-1.5707963267948966,nan,-0.011751830982394552,-0.34301165026576025,-0.1438620080568223,0.12144863146101881,-1.5707972174351028,-0.012492364473354538,-0.34749212043458305,1.5348651099188693,-0.1458919988427819,0.6911126310772364,-0.01619135132898998,-0.5989069928702628,0.34450678203446217,0.004974320594415406,-0.000740533490959986,-0.004480470168822803,-0.0020299907859595845,0.002568810819347679,-8.733518798697171e-06,-0.0004599360599506219,0.0025272854156197285,12.57578873666515,-0.43076582492724547,-0.2556123414863558,0.11286997848034619,-1.5707973134209907,1.5365523585153822,-0.26334582051561006,0.7893201323714779,0.9669999858195111,0,zero,0,-0.11286997848034641,0.008578652980672619,1.6067340985695018,1.4777058105489738,1.2291707262676683,-0.31326014365181043,0.03153720631683129,1.6050468850710478,1.462802635476436,1.2566270139427844,-0.3092856835954535,0.2501383826498509,-0.05671540499521166,0.05051770212452209,-0.04332145839942087,0.255604821839006,2.470624213682508,-9.065560508239894,-19.178100568942444,1.0,-0.08923272788524628,9.86626094157117e-07,9.598588768255922e-08,0.0,0.0,0.0,1,0.1166436518454093,-4.2248077603741585,9.0,9.0,0.1166436518454093,-0.565937662358421,1.2620398628517067,-1.5825506743267628,-0.0014612549816986067,0.0007905395410881919,0.003836957915794997,0.05746004799111706,-0.09270044973783263,-0.1605494619920365,0.0,0.0,0.0,0.0,0.0,0.2187205172424701,-28.165385069161058,30.0,30.0,50.924814724835116,-3.6588700980157376,7.737960137148294,10.582550674326763,0.2187205172424701,-28.165385069161058,54.99189250261473,66.1632024870919,90.52631859921092,2.9699999999999807
0.0,0.0,0.0,0.0,0.0,0.0,0.0,0.0,0.0,0.0,0.0,0.0,0,0.0,-1.5707963267948966,nan,-0.012282858740302563,-0.3338575874844934,-0.1444137403027717,0.12107131786050562,-1.5707971981696447,-0.013373202493061289,-0.34739264852015783,1.5323227837270772,-0.14576211443611897,0.9086945815083852,-0.03498102617987397,-0.9054590866841628,0.06816166526123213,0.013645689412478266,-0.0010903437527587257,-0.01353506103566443,-0.0013483741333472632,0.006686484855035788,-0.000238606880791133,-0.006331811385550423,0.0021354884806236082,10.19864961029512,-0.375146653860922,-0.2502616902220127,-0.0029175933945082555,-1.5707969308866745,1.5340260437372533,-0.7237628691282368,0.7893194331086769,0.9668800610590301,0,zero,0,0.0029175933945082555,0.12398891125501388,1.609276427226799,1.4771293728271733,1.229684172466734,-0.31370044946972614,0.17242744236630958,1.6075731402543212,1.4837940623783235,1.1815721823752066,-0.47913666079329326,0.25833173419020106,-0.058573133689050635,0.05217242335575475,-0.044740464687648036,0.2502534907312921,1.6907392124879845,-5.955198340962886,-14.470006162397471,1.0,-0.2707933187484741,6.040917779337462e-07,-2.6728296997902135e-07,0.0,0.0,0.0,1,0.1669357381800692,-4.5,9.0,9.0,0.1669357381800692,-1.556759396394121,5.300462358028056,2.067995755440361,-0.004016020060661728,0.0007905388407451104,0.003836482066502572,0.04605300148691408,-0.07095600950686273,-0.13567249905708742,0.0,0.0,0.0,0.0,0.0,0.31302407309219804,-30.0,30.0,30.0,51.96246707066876,-2.943240603605879,3.6995376419719443,6.932004244559639,0.31302407309219804,-36.31020013946724,70.03694230903757,95.39205795039635,123.78750593759345,2.9799999999999804
0.0,0.0,0.0,0.0,0.0,0.0,0.0,0.0,0.0,0.0,0.0,0.0,0,0.0,-1.5707963267948966,nan,-0.012799040580305194,-0.3259109888518473,-0.14360755185087826,0.1206818260778546,-1.5707971782863015,-0.014282021259297674,-0.3472875410922529,1.5296984010077688,-0.1456280177898218,0.7880028900012024,-0.039263692623375465,-0.7841491204741147,-0.06720918055962699,0.021522976095128776,-0.0014829806789924804,-0.021376552240405577,-0.002020465938943533,0.009491618383370298,-0.0004200857021197067,-0.009432174547675122,0.0009738741400187175,3.652053360933401,-0.1434053589402837,-0.24645775725324603,-0.06815418434210674,-1.5707967961879912,1.5315489715801203,-0.8270186569359507,0.7893194330948492,0.9668800690167728,0,zero,0,0.06815418434210674,0.18883601041996112,1.6119008124755663,1.4765343299126452,1.2302141907344335,-0.31415496666606413,0.2593557432442369,1.6100501805855079,1.4905644147004464,1.156703235740129,-0.5624718467448265,0.2665488546070021,-0.060436251645584575,0.05383194492593442,-0.046163587506818836,0.24645945642140019,-0.10036831004423635,0.09680398034002602,-3.658432229831539,1.0,-0.5237649083137512,4.693930946153557e-07,-3.820983103253184e-07,0.0,0.0,0.0,1,0.1770915890941016,-4.228912236660758,9.0,9.0,0.1770915890941016,-2.378490555501349,7.3513477173438755,4.7159180797642195,-0.004588966439790962,0.0007905388407312613,0.003836482098078088,0.011551863531338613,-0.01825987816822147,-0.05565177883675887,0.0,0.0,0.0,0.0,0.0,0.3320674837691761,-28.192748244405053,30.0,30.0,50.940566569151756,-1.8504216811594087,1.6486522826561245,4.2840819202357805,0.3320674837691761,-28.192748244405053,49.24705502708762,78.64123834456808,96.97761659060477,2.9899999999999802
0.0,0.0,0.0,0.0,0.0,0.0,0.0,0.0,0.0,0.0,0.0,0.0,0,0.0,-1.5707963267948966,nan,-0.013472955978097102,-0.3227581573027108,-0.1437607701230898,0.12028012459370441,-1.5707971577839674,-0.015218844240960398,-0.34717656005942266,1.5269917493510747,-0.14548969618475327,0.3067078489581591,-0.0262907583870816,-0.3041850516306288,0.029153987728006148,0.024541713557575735,-0.0017458882628632964,-0.024418402756711866,-0.0017289260616634716,0.00835629956350466,-0.0004545244022917793,-0.008301324336089447,0.0008421188929115591,-5.136856026955081,0.214381064751352,-0.24813488026797698,-0.053100738348112575,-1.5707969559191948,1.5290813405285282,-0.8299466700063799,-0.649917607406129,0.9668800690167922,0,zero,0,0.053100738348112575,0.17338086294181698,1.614607466724376,1.4759206336446953,1.2307608239685934,-0.31462373202785815,0.20827065968125316,1.6125179059264798,1.4778294225789546,1.1967735922809393,-0.5200830370659859,0.274784698853183,-0.062303614970442595,0.055495247942308874,-0.047589953105394225,0.24814635810605556,-1.974047707562418,6.420194314093317,9.587474090634121,1.0,-0.5106097459793091,6.291242984346468e-07,-2.0186477289740878e-07,0.0,0.0,0.0,0,0.16660896062622807,-1.2424283109684717,0.7524423902719272,8.397583857605984,0.16660896062622807,-2.5479182699836684,5.521441252090566,6.253604970024308,-0.004605213417537813,-0.0006509216552735461,0.0038364820980781654,-0.040007618821680656,0.05607675388100568,0.06183744963596549,0.0,0.0,0.0,0.0,0.0,0.31241132688210776,-8.282855406456479,2.508141300906424,27.991946192019945,29.30090645225301,1.3054899590151967,-4.7689988618186385,2.1439788875816754,0.31241132688210776,-8.282855406456479,2.508141300906424,27.991946192019945,29.30090645225301,2.99999999999998
0.0,0.0,0.0,0.0,0.0,0.0,0.0,0.0,0.0,0.0,0.0,0.0,0,0.0,-1.5707963267948966,nan,-0.014484785574039007,-0.32703747635135755,-0.14404012190450852,0.11986618932740445,-1.5707971366619573,-0.01618367472518581,-0.3470594617482896,1.524202666467751,-0.14534713940623362,0.441686555725037,0.004699911171649439,0.4396417359779803,0.042190855993837206,0.020136395365920406,-0.001698889151146802,-0.020021985396932063,-0.0013070175017250996,0.002744860348842846,-0.0002712035285220729,-0.0025986719720649913,0.0008411961497597907,-12.129031083020974,0.5371185556632754,-0.2604000909069071,0.0447170711922813,-1.5707973422933736,1.526537906515107,-0.09576133044796503,-0.7894357822147847,-0.9651765855065019,0,zero,0,-0.0447170711922813,0.07514911813512315,1.617396552261071,1.4752882472268083,1.2313241049447075,-0.31510677366173445,0.07266472203320472,1.6150614501341929,1.4528676946556416,1.2825693975570802,-0.36143115097752576,0.2830342878300005,-0.06417409472212143,0.057161326830985404,-0.049018699153423946,0.2604072592837625,-2.6173784876914072,9.329271463381641,18.852810951439476,1.0,-0.3639795184135437,1.0154984773080855e-06,2.0563141633900273e-07,0.0,0.0,0.0,1,0.15463677031087938,1.5478823406096371,-9.0,-9.0,0.15463677031087938,-1.9539461488504626,-0.03505780884548098,3.659828972431221,-0.0005313610859561023,-0.0007906553695971899,-0.0038297228481970025,-0.060530193284372286,0.09250948063446746,0.1498479083257818,0.0,0.0,0.0,0.0,0.0,0.289962066962084,10.319215604064247,-30.0,-30.0,43.664290772706245,3.5018284894600997,-8.964942191154519,-12.659828972431221,0.289962066962084,10.319215604064247,-50.00590204248724,-40.121359816703546,64.93753953844927,3.00999999999998
0.0,0.0,0.0,0.0,0.0,0.0,0.0,0.0,0.0,0.0,0.0,0.0,0,0.0,-1.5707963267948966,nan,-0.015802546476785705,-0.33604923980412515,-0.14167395758053014,0.11944000353912987,-1.5707971149199964,-0.01717649597504138,-0.3469359971038049,1.521331039529702,-0.14520033971268315,0.9406569913079024,0.032493965289112636,0.9135228097252313,-0.22193646304279058,0.011525822862939345,-0.0013739494982556756,-0.01088675729967975,-0.0035263821321530053,0.0044457842602533566,3.576079049576425e-05,0.004350005083195888,-0.0009171557287339671,-12.672764832030605,0.5958531550525771,-0.2824704212682674,0.17465506374942952,-1.5707977746356545,1.5238093551751672,0.61481187448824,-0.7893194309644472,-0.9668831172095379,0,zero,0,-0.1746550637494293,-0.05521506021029943,1.6202681819122489,1.4746371450771203,1.2319040564491242,-0.3156041111081278,0.20538590646328986,1.6177899649230034,1.430435148475795,1.3681063254794665,-0.16838877759376822,0.29129270838703925,-0.06604657691198543,0.058829189336930814,-0.05044897474254648,0.2824663093485282,-1.862760076044881,7.517542581998194,18.341547538530854,1.0,-0.25841814279556274,1.4478407579510133e-06,6.597156581023e-07,0.0,0.0,0.0,1,0.12254839526116999,2.2852846418970008,-9.0,-9.0,0.12254839526116999,-0.9911452431173097,-4.5911960833568735,-0.41198352490762397,0.003411472081251982,-0.0007905388385975681,-0.003836494192997975,-0.04908887234493645,0.08313650856867172,0.1613485237488595,0.0,0.0,0.0,0.0,0.0,0.22979260315239075,15.235230945980007,-30.0,-30.0,45.07954155287973,3.2764298850143105,-4.4088039166431265,-8.588016475092376,0.22979260315239075,15.235230945980007,-78.37390015082678,-92.86475493241261,122.46834693146891,3.0199999999999796
0.0,0.0,0.0,0.0,0.0,0.0,0.0,0.0,0.0,0.0,0.0,0.0,0,0.0,-1.5707963267948966,nan,-0.01724443800103484,-0.344951538793856,-0.1379439188091724,0.11900155773200582,-1.5707970925582202,-0.01819727138919857,-0.34680591190881355,1.5183768045104957,-0.14504929180441578,0.9724735391602328,0.04211161100919451,0.9032384184722186,-0.3578990863090381,0.007404925152667714,-0.0009528333881637305,-0.0018543731149575637,-0.007105372995243386,0.00939995405222258,0.00030404647369173523,0.008905830566716271,-0.002992135331610771,-7.690949842761259,0.3844410880152969,-0.3051086168906323,0.27510745316813945,-1.570798060951371,1.520849408092001,0.7931393224340613,-0.7893194330735708,-0.9668800690092746,0,zero,0,-0.27510745316813967,-0.1561058954361334,1.6232224197027445,1.4739673126788888,1.2325006914122363,-0.31611575545549736,0.34489035142198526,1.6207497814950949,1.4195200690006031,1.4170556226020077,-0.029902171582106268,0.29955511332221124,-0.06791996250426649,0.06049785652397137,-0.05187994038598904,0.30510096266683423,-0.5486850790318057,2.903860751775907,10.05572777694006,1.0,-0.35233980417251587,1.73415647441999e-06,9.683931505577448e-07,0.0,0.0,0.0,1,0.06974814719266492,1.527320454576406,-9.0,-9.0,0.06974814719266492,-0.16838088660228026,-7.028283294269195,-3.6282232295707595,0.004400976570726058,-0.00079053884070995,-0.003836482098048336,-0.022392515324143582,0.04361535220406112,0.10443726093636094,0.0,0.0,0.0,0.0,0.0,0.1307859501081285,10.182136363842707,-30.0,-30.0,43.63133055381916,1.6957013411786863,-1.9717167057308052,-5.371776770429241,0.1307859501081285,10.182136363842707,-68.90506517799894,-97.80216373994175,120.07024712765146,3.0299999999999794
0.0,0.0,0.0,0.0,0.0,0.0,0.0,0.0,0.0,0.0,0.0,0.0,0,0.0,-1.5707963267948966,nan,-0.018636850490616343,-0.35057281468382046,-0.13692372964499744,0.1185508495542249,-1.5707970695771736,-0.019245944663924153,-0.34666894702255374,1.5153399455258834,-0.14489399279259288,0.5832969094761028,0.03437392148559204,0.5758240776224277,-0.08648901523520547,0.00889585707341117,-0.0006090941733078101,0.0039038676612667134,-0.007970263147595441,0.010099903209177684,0.0004310941394881846,0.009758775670316838,-0.0025668073737794995,0.538375705900754,-0.02860229405504077,-0.32266029410986274,0.3044482418335579,-1.5707980342723404,1.5176875215154817,0.8261532499106379,-0.7893194330903047,-0.9668800690167771,0,zero,0,-0.3044482418335579,-0.18589739227933322,1.6262592815151133,1.4732787464309647,1.2331140130416696,-0.3166417094545423,0.3645690614475613,1.6239116219997307,1.422402996401131,1.4117752096156204,-0.0029588696988081934,0.3078167213817567,-0.06979316741606416,0.06216636277479292,-0.053310768018567614,0.3226565858292723,0.8488546383580662,-2.9114488570403174,-2.6017292919757455,1.0,-0.3998686373233795,1.707477443879668e-06,9.646951668607073e-07,0.0,0.0,0.0,1,0.04989591250714967,0.1688101884344034,-9.0,-9.0,0.04989591250714967,0.19706527552713232,-8.120648016411758,-5.734032305155137,0.004584164463725956,-0.0007905388407267098,-0.0038364820980781055,0.016925059114635554,-0.022334193025676078,0.006990458800644911,0.0,0.0,0.0,0.0,0.0,0.09356068349362398,1.125401256229356,-30.0,-30.0,42.441433547761065,-0.02825508709272892,-0.8793519835882417,-3.2659676948448633,0.09356068349362398,1.125401256229356,-34.88977013921734,-61.794167310805705,70.9724626569509,3.039999999999979
0.0,0.0,0.0,0.0,0.0,0.0,0.0,0.0,0.0,0.0,0.0,0.0,0,0.0,-1.5707963267948966,nan,-0.019814191048946477,-0.3509254215014667,-0.13996894184739112,0.11808788370116696,-1.5707970459778036,-0.020322439957743937,-0.34652483863766853,1.5122204941743178,-0.14473444216832387,0.32445955888151967,0.010084526451034984,0.04967152025314725,0.32047628266626826,0.006506415280571804,-0.0005082489087974602,0.004400582863798186,-0.0047655003209327584,0.006847263679698452,0.00035399973120853515,0.006824914614541114,0.00042455222746440573,8.820554613087019,-0.4979619705528806,-0.3310908363900432,0.24751614508916076,-1.5707976603046727,1.5143963119362491,0.5896444138193365,0.7891844724060137,-0.19513503303672775,0,zero,0,-0.24751614508916076,-0.1294282613879938,1.6293787357491152,1.472571453498264,1.2337440149554701,-0.31718196763241807,0.2450980878822631,1.627202909887032,1.4381970257810122,1.3510945088644812,-0.10477763913654671,0.31607281726024317,-0.07166512251734551,0.06383375579094074,-0.054740640996686886,0.3310874701231397,1.9912238708572527,-7.823463576101573,-14.66683942590861,1.0,-0.17384494841098785,1.3335097763800263e-06,6.143268693747928e-07,0.0,0.0,0.0,0,0.09005188802078938,-1.8433526077514304,3.59491751902811,0.11950891285776012,0.09005188802078938,0.014769956990217478,-4.419759338239855,-5.188691142635454,0.0032718227137126213,0.0007904036715437019,-0.0007742760296161359,0.04327290536354187,-0.07276754416190107,-0.10824791589646866,0.0,0.0,0.0,0.0,0.0,0.16885784365420847,-12.289017385009537,11.983058396760367,0.39836304285920043,17.16976537156275,-1.858122564741648,8.014676857267965,5.308200055493214,0.16885784365420847,-12.289017385009537,11.983058396760367,0.39836304285920043,17.16976537156275,3.049999999999979
0.0,0.0,0.0,0.0,0.0,0.0,0.0,0.0,0.0,0.0,0.0,0.0,0,0.0,-1.5707963267948966,nan,-0.020625997716438055,-0.34497077808539073,-0.14338799203513777,0.117612671817517,-1.5707970217614573,-0.021426662059137486,-0.3463733185552751,1.5090185288774758,-0.14457064177190898,0.6826314197306017,-0.029241543390197064,-0.5803123333682547,0.3582850584161551,0.002001710158644044,-0.0008006643426994309,-0.0014025404698843613,-0.0011826497367712074,0.002752512589333922,4.098366191584188e-05,0.0006799906832548803,0.0026668818055144965,12.77336536645069,-0.7636340075043206,-0.33013881400945283,0.1304051181967445,-1.5707971500262101,1.5110802712329543,-0.2421351251963033,0.7893201322944158,0.967199264850332,0,zero,0,-0.1304051181967445,-0.012792446379227496,1.6325807039811966,1.4718454516622381,1.2343906813152943,-0.31773651640695205,0.04168670211133877,1.6305189866306329,1.461008923523215,1.2618221154505922,-0.2883491631123994,0.3243187516005659,-0.07353477363094524,0.06549909659281963,-0.05616875409834031,0.3301291834229147,2.333305951342059,-9.052161399825447,-19.515026882913087,1.0,-0.06548753380775452,8.232313133405e-07,1.2826475259686276e-07,0.0,0.0,0.0,1,0.1678396667747686,-4.211068673605061,9.0,9.0,0.1678396667747686,-0.7284090663983411,1.3124485360340536,-1.7990251531199175,-0.0013435609391656965,0.0007905395410110107,0.0038377486347877304,0.05477138666540972,-0.09257751518607979,-0.16263936226116787,0.0,0.0,0.0,0.0,0.0,0.3147190451430126,-28.073791157367072,30.0,30.0,50.87471668741593,-3.4826596072067195,7.687551463965947,10.799025153119917,0.3147190451430126,-28.073791157367072,55.12587715651483,64.67152028665079,89.49583602875994,3.0599999999999787
0.0,0.0,0.0,0.0,0.0,0.0,0.0,0.0,0.0,0.0,0.0,0.0,0,0.0,-1.5707963267948966,nan,-0.021157661534122147,-0.33541464698148593,-0.14383489597003762,0.11712523239938433,-1.5707969969298787,-0.02255849655763538,-0.34621411447760403,1.505734174220771,-0.14440259576221812,0.9436132990628239,-0.06001706808138017,-0.9396927026233737,0.06149499445907147,0.01090472925004809,-0.0014008350235132326,-0.010799467496118098,-0.0005676997921804927,0.0062096950931807724,-0.0003721327145483008,-0.005801023761693218,0.002184022369232271,10.669878678863567,-0.6729734415115647,-0.32563951033609795,0.010745164946014185,-1.570796751068069,1.507804563564775,-0.7072121176618819,0.7893194331095618,0.9668800295450103,0,zero,0,-0.010745164946014185,0.10638006745337014,1.6358650616239756,1.4711007691713465,1.2350539869595967,-0.31830533420085955,0.1533324075669577,1.6337946205652416,1.480427879148193,1.186859455805643,-0.4635528218570401,0.33254994099394847,-0.07540108153256571,0.06716145951969399,-0.05759431352311013,0.3256291953722101,1.524733328741069,-5.949985385946091,-15.116332801963008,1.0,-0.21100185811519623,4.242731721504356e-07,-2.458618100220633e-07,0.0,0.0,0.0,1,0.2143418958552346,-4.5,9.0,9.0,0.2143418958552346,-1.6752367620606727,5.329544955572523,1.9056192525634343,-0.003924183144534809,0.0007905388407459966,0.003836481941458136,0.04260386649476589,-0.07088701964304103,-0.140518035195037,0.0,0.0,0.0,0.0,0.0,0.4019161744894705,-30.0,30.0,30.0,51.963078590585035,-2.8247632379393273,3.6704550444274773,7.094380747436565,0.4019161744894705,-35.6500944077023,70.02195346265303,96.02134182207324,124.0736185493386,3.0699999999999785
0.0,0.0,0.0,0.0,0.0,0.0,0.0,0.0,0.0,0.0,0.0,0.0,0,0.0,-1.5707963267948966,nan,-0.02167001085866813,-0.32671851565008847,-0.14255792591267788,0.11662559069642153,-1.5707969714852044,-0.023717810018698354,-0.3460469503176823,1.5023676002938777,-0.1442303105861992,0.8624509974086223,-0.0646964136516992,-0.8528967171475721,-0.11046848813408283,0.01950842737371447,-0.0020477991600302246,-0.01932843466759382,-0.001672384673521321,0.009587478586192393,-0.0006781975703262098,-0.009536448889536534,0.0007182870412020068,4.274807482272025,-0.28351072325206095,-0.322497909436673,-0.060301976703685645,-1.5707965989611323,1.5045712142573362,-0.8173808703246744,0.7893194330948916,0.9668800690169683,0,zero,0,0.06030197670368587,0.1769275674001074,1.6392316385857233,1.4703374445915265,1.2357338975368186,-0.3188883915559595,0.24728952165363982,1.6370279230328637,1.4854960511973345,1.1619689841769507,-0.5544222646193251,0.3407618679799411,-0.0772630219507767,0.06881993222968755,-0.05901653689216722,0.32249843816857127,-0.27138195527202874,0.08911074183022127,-4.466469934794731,1.0,-0.46013572812080383,2.721662357707544e-07,-3.7252407203425264e-07,0.0,0.0,0.0,1,0.20373922552587512,-4.08288508449911,9.0,9.0,0.20373922552587512,-2.439743734898697,7.365407720651664,4.612054637517543,-0.004535488227489352,0.0007905388407313037,0.003836482098078864,0.007928173189011208,-0.018303839444551075,-0.062018633309203694,0.0,0.0,0.0,0.0,0.0,0.3820349250438311,-27.219233896660736,30.0,30.0,50.40865644514916,-1.643141349600413,1.634592279348336,4.387945362482457,0.3820349250438311,-27.219233896660736,49.26000237445694,81.01158300561066,98.64307912677668,3.0799999999999783
0.0,0.0,0.0,0.0,0.0,0.0,0.0,0.0,0.0,0.0,0.0,0.0,0,0.0,-1.5707963267948966,nan,-0.022451573615284666,-0.3227221812615147,-0.14206111176764366,0.11611377861393946,-1.5707969454299626,-0.024904450162759217,-0.3458715465254982,1.4989190220312512,-0.14405379494850976,0.38556697791762007,-0.040507738744432684,-0.382093059638966,-0.032029850734477394,0.023364085724499946,-0.0024528765474745515,-0.02314936526398348,-0.001992683180866095,0.008922303472414574,-0.0007209073834221233,-0.008889186836178245,0.0002648569234587621,-4.545599310642485,0.31619015305469567,-0.3244427736042482,-0.051496714114445785,-1.57079674176087,1.5013429667571885,-0.8008537241124964,-0.6464196772639679,0.9668800690167949,0,zero,0,0.05149671411444601,0.16761049272838502,1.6426802199298483,1.4695555266566656,1.2364303696385774,-0.3194856512473906,0.2035335098766423,1.6402562624297,1.4710556383983326,1.2019665512302526,-0.5200598493841979,0.34895008104642294,-0.07911958556701577,0.07047361569978372,-0.06043465324827135,0.32445507156182185,-2.1446523467983973,6.419743358364877,8.8316739194691,1.0,-0.522612452507019,4.149659735830369e-07,-2.0366909270208566e-07,0.0,0.0,0.0,1,0.16629665229001006,-1.0386539005808577,0.8040604743336407,9.0,0.16629665229001006,-2.542547632603999,5.544705530589353,6.311323864242437,-0.0044437822923485484,-0.0006474183212320912,0.003836482098078176,-0.04361705863333691,0.05602021249341494,0.05540588553539119,0.0,0.0,0.0,0.0,0.0,0.3118257121507783,-6.924359337205718,2.6802015811121356,30.0,30.906754407748842,1.5038937320231411,-4.740645056255713,2.6886761357575626,0.3118257121507783,-6.924359337205718,2.6802015811121356,31.459175049289406,32.32502378657648,3.089999999999978
0.0,0.0,0.0,0.0,0.0,0.0,0.0,0.0,0.0,0.0,0.0,0.0,0,0.0,-1.5707963267948966,nan,-0.02378964108070633,-0.3263787326227938,-0.14185103084043799,0.11558983461502592,-1.5707969187670652,-0.02611824604882525,-0.3456876204300596,1.4953886985526414,-0.14387305978126178,0.3842599601132039,0.012427157935563163,0.3840477456717728,-0.002934575995769406,0.019553622439043183,-0.00232860496811892,-0.01930888780726575,-0.002022028940823789,0.003386867833196608,-0.0003970544627476182,-0.0033598596942518606,0.0001567300484778848,-11.754754913036987,0.8567142236541958,-0.33639438886662526,0.041809514339169684,-1.5707971123119473,1.4980390214779957,0.0018321534581751953,-0.7894370947847758,-0.9681797930349435,0,zero,0,-0.041809514339169684,0.07378032027585624,1.6462105465343797,1.4687550741190731,1.2371433509328542,-0.32009706839782714,0.07362941577106318,1.6435603388123932,1.4444026639423628,1.287971977153647,-0.3674011711893461,0.35711019462960003,-0.08096977801558797,0.0721216242258253,-0.061847903055770925,0.3364043790220478,-2.7834375250802026,9.364112874870289,18.36660840940184,1.0,-0.3497827649116516,7.855170505166598e-07,1.9354488234313294e-07,0.0,0.0,0.0,1,0.13144533993943158,1.8227347267152063,-9.0,-9.0,0.13144533993943158,-1.8792275837476222,-0.015729619702804398,3.782705028346131,1.0166264886046056e-05,-0.0007906566841949504,-0.0038416392712249344,-0.06409919775816442,0.09277721453996612,0.14543953033179324,0.0,0.0,0.0,0.0,0.0,0.24647541710000298,12.151564844768043,-30.0,-30.0,44.13299534710778,3.7019623104628288,-8.984270380297195,-12.78270502834613,0.24647541710000298,12.151564844768043,-49.77147063708569,-36.6025305871802,62.96559229509067,3.099999999999978
0.0,0.0,0.0,0.0,0.0,0.0,0.0,0.0,0.0,0.0,0.0,0.0,0,0.0,-1.5707963267948966,nan,-0.025598493703994227,-0.33509039912229815,-0.1392428363293303,0.11505380362266426,-1.5707968914998074,-0.02735900826302533,-0.345494886596721,1.4917769325036194,-0.14368811821387437,0.9245713970790969,0.0568090409087816,0.8904400332842899,-0.24232529437202832,0.011450471699936128,-0.0017605145590311039,-0.010404487474422852,-0.004445281884544072,0.003987844856876197,0.00011382251169269318,0.0036898298584051407,-0.0015083456680641213,-12.508487168918084,0.9554808821217949,-0.3576904399348973,0.16952737747997282,-1.5707975269560048,1.4945547122143577,0.668448922545251,-0.7893194310360677,-0.9668774811206956,0,zero,0,-0.16952737747997304,-0.054473573857308555,1.64982231575145,1.4679361555999504,1.237872780297183,-0.3207225905916947,0.20313919054402813,1.6470446467899515,1.4204602465447835,1.3739794084641905,-0.1776182960425207,0.36523788911400634,-0.08281261988366592,0.07376308542251464,-0.0632555382006031,0.3576895229334286,-1.9996466519242357,7.568712166167005,18.11399237509557,1.0,-0.2553400695323944,1.2001611082723684e-06,6.354561974397654e-07,0.0,0.0,0.0,1,0.09256900332059446,2.582138416095884,-9.0,-9.0,0.09256900332059446,-0.8523894749205615,-4.581011394192441,-0.3096710907325403,0.0037090936782967284,-0.0007905388386692992,-0.0038364718295687975,-0.05216503067648083,0.08360721882985946,0.15912847428934768,0.0,0.0,0.0,0.0,0.0,0.17357772983422926,17.214256107305893,-30.0,-30.0,45.78603217746885,3.4345278910164456,-4.418988605807559,-8.69032890926746,0.17357772983422926,17.214256107305893,-78.41482780858675,-90.46995091585912,120.95477659656306,3.1099999999999777
0.0,0.0,0.0,0.0,0.0,0.0,0.0,0.0,0.0,0.0,0.0,0.0,0,0.0,-1.5707963267948966,nan,-0.027557465252952468,-0.3439378678174322,-0.13538443265237926,0.1145057369218474,-1.5707968636318648,-0.028626529112501273,-0.3452930571991252,1.4880840693960913,-0.14349898554302654,0.9789353898860154,0.06914506994822982,0.9049298092729863,-0.3669271006103203,0.008296107786857573,-0.0010690638595488057,-0.0013551893816929894,-0.008114552890647275,0.009166889657206061,0.0005359003265457776,0.008477747346096874,-0.0034456460588904074,-7.675321241620225,0.614936007286004,-0.37948399011795153,0.26946708298581323,-1.5707977958608061,1.4908463648233274,0.8138282163069981,-0.789319433074647,-0.966880069023011,0,zero,0,-0.26946708298581346,-0.15496134606396605,1.6535151820667788,1.4670988494398627,1.2386185879518385,-0.3213621579893863,0.34147111295717114,1.6507528942941598,1.4084932694059389,1.4233763816705318,-0.04024859659549245,0.37332891083250386,-0.08464714671128996,0.07539714022341362,-0.06465682199029386,0.3794782617532929,-0.6301056363094659,2.9406030227969078,10.010412907145463,1.0,-0.35909828543663025,1.4690659098093306e-06,9.322289411528573e-07,0.0,0.0,0.0,1,0.05119305012221533,1.7690496688869504,-9.0,-9.0,0.05119305012221533,0.013292908524917917,-7.023682222140024,-3.5590034862580553,0.004515775238039142,-0.000790538840711028,-0.003836482098102841,-0.02438286195992062,0.04400826261390798,0.10382584190278366,0.0,0.0,0.0,0.0,0.0,0.09599296853968747,11.793664459246337,-30.0,-30.0,44.0352101848884,1.7557567603620325,-1.9763177778599763,-5.440996513741945,0.09599296853968747,11.793664459246337,-69.15986436532941,-96.57759641679225,119.37092906023167,3.1199999999999775
0.0,0.0,0.0,0.0,0.0,0.0,0.0,0.0,0.0,0.0,0.0,0.0,0,0.0,-1.5707963267948966,nan,-0.02938770722674065,-0.3496339927178,-0.13424910105102666,0.11394569206169614,-1.5707968351672859,-0.02992058282503848,-0.34508184240507583,1.4843104969488208,-0.14330567920270196,0.6005961347624101,0.053618826125097566,0.5907339694417146,-0.09420252610280178,0.0101502530357769,-0.00053287559829783,0.004552150312724157,-0.009056578151675293,0.010033924517652013,0.0007134629791645108,0.009573114733510841,-0.0029199462499055638,0.4603296532148854,-0.0386731191793411,-0.3963408638522099,0.29930975910797564,-1.5707977594248217,1.4869432272085774,0.8387475071828102,-0.7893194330905364,-0.9668800690168037,0,zero,0,-0.29930975910797564,-0.1853640670462795,1.6572887577591566,1.4662432435492112,1.2393806955930267,-0.32201570344147806,0.36127343726593064,1.6546559946124533,1.410955264776509,1.4182636520389305,-0.013056657080061774,0.3813790720662818,-0.08647240899136789,0.07702294288094357,-0.06605102915395783,0.39633680691435,0.8335696205764094,-2.9100010970174752,-2.5383830158065694,1.0,-0.41330206394195557,1.4326299249134422e-06,9.242575358392457e-07,0.0,0.0,0.0,1,0.0529798871292048,0.3182139248666143,-9.0,-9.0,0.0529798871292048,0.39044935332804026,-8.118563872739152,-5.691397403877936,0.004654047559435329,-0.0007905388407269419,-0.003836482098078211,0.016322129175864623,-0.022246486384109553,0.007366355854911784,0.0,0.0,0.0,0.0,0.0,0.0993434973358425,2.1214261657774287,-30.0,-30.0,42.47952822369039,-0.07223542846142594,-0.881436127260848,-3.308602596122064,0.0993434973358425,2.1214261657774287,-35.08131021835237,-61.43366137873147,70.77643248384469,3.1299999999999772
0.0,0.0,0.0,0.0,0.0,0.0,0.0,0.0,0.0,0.0,0.0,0.0,0,0.0,-1.5707963267948966,nan,-0.030849253086978157,-0.3501212440261328,-0.1371948947708007,0.11337373275757545,-1.5707968061104918,-0.031240925754823803,-0.34486095077563605,1.4804566444279506,-0.1431082187343149,0.3225128149279941,0.014120293045218404,0.07081429377726045,0.314325418816111,0.007924108332009993,-0.000391672667845646,0.0052602932504967614,-0.005913323963514183,0.006867270115199447,0.0005687706156061372,0.006842062131065698,0.00014860893839594748,8.692161493126042,-0.7657963973046747,-0.40439239228565227,0.24337365057629912,-1.5707973859681095,1.4829160762895655,0.5785712571212552,0.789186856868043,-0.22405047832642638,0,zero,0,-0.24337365057629912,-0.1299999178187239,1.661142613559926,1.4653694352587028,1.2401590165260705,-0.3226831526029453,0.24250364574482197,1.658683204308888,1.4269685947354993,1.3573505034005218,-0.11389258682725502,0.38938425104485747,-0.08828747216967514,0.07863966096638535,-0.06743744584229845,0.4043863877115992,2.036391837883695,-7.863321243195882,-14.55276002997023,1.0,-0.1886323243379593,1.0591732131359777e-06,5.798576179216752e-07,0.0,0.0,0.0,0,0.11850309207703548,-1.792864787186686,3.620755353867213,0.06086832535160713,0.11850309207703548,0.18898196216223206,-4.410035572437986,-5.175324245842315,0.0032103799106465995,0.0007904060596894504,-0.0008890095852728311,0.04399590456142154,-0.07306392720337182,-0.10736865052798264,0.0,0.0,0.0,0.0,0.0,0.22220718559354113,-11.952431914577907,12.06918451289071,0.20289441783869044,16.988713478569853,-1.981846749348918,8.030790926305198,5.236192571193922,0.22220718559354113,-11.952431914577907,12.06918451289071,0.20289441783869044,16.988713478569853,3.139999999999977
0.0,0.0,0.0,0.0,0.0,0.0,0.0,0.0,0.0,0.0,0.0,0.0,0,0.0,-1.5707963267948966,nan,-0.031745377018494204,-0.3443314787296543,-0.1406019528058208,0.11278992879320793,-1.57079677646627,-0.032587296594726284,-0.3446300896767074,1.4765229819875185,-0.14290662575691476,0.6642778054811878,-0.04502469083864334,-0.5558904197549841,0.3608651012420222,0.0024717432071408407,-0.0008419195762320794,-0.00029861094705307956,-0.002304672951093961,0.002643385337202299,7.887620315815119e-05,0.000853927270941493,0.0025004145259244276,12.631990086074284,-1.1645019107056975,-0.4036492220591497,0.12737220993219944,-1.5707968788501914,1.4788655714522654,-0.2848525072531096,0.7893201185065871,0.9672263252397485,0,zero,0,-0.12737220993219944,-0.014582281138991515,1.665076279312468,1.4644775311698228,1.2409534557986013,-0.3233644240473782,0.040457376354051264,1.662733708687925,1.4505148181548038,1.2674407078650156,-0.29625760225741504,0.39734039194607584,-0.09009141664485477,0.08024647536987936,-0.0688153696276079,0.4036359059053077,2.4237307350361323,-9.131855597866137,-19.393677477281884,1.0,-0.0686870738863945,5.520552948112822e-07,1.0238392134098717e-07,0.0,0.0,0.0,1,0.2142632459272286,-4.249886606753422,9.0,9.0,0.2142632459272286,-0.5971322504462645,1.3219976928048613,-1.8004873609609542,-0.0015805914233154568,0.0007905395272018815,0.0038378560076697352,0.056521498371052935,-0.09325135345386656,-0.1616504438944295,0.0,0.0,0.0,0.0,0.0,0.4017686966570947,-28.33257737835615,30.0,30.0,51.0185883672427,-3.6527543563071574,7.678002307195139,10.800487360960954,0.4017686966570947,-28.33257737835615,55.578103859980835,64.1720940339901,89.49793092783898,3.149999999999977
0.0,0.0,0.0,0.0,0.0,0.0,0.0,0.0,0.0,0.0,0.0,0.0,0,0.0,-1.5707963267948966,nan,-0.03223730290270977,-0.3349573680331474,-0.14117975270535618,0.11219435592279203,-1.5707967462397716,-0.03395941659547785,-0.3443889657023353,1.472510020009979,-0.14270092393745323,0.9208694972315369,-0.0880194116535997,-0.9132986722134806,0.07835017189969096,0.009707454459414646,-0.0017221136927680764,-0.009431597669187886,-0.0015211712320970516,0.005951161221205589,-0.0005332681200453486,-0.0055096215816153185,0.0021854095772470697,10.536775940080444,-1.0140160908923712,-0.3996149060041677,0.008790495468545823,-1.5707964784191424,1.4748528804876233,-0.72875334472319,0.7893194331093775,0.9668800272316631,0,zero,0,-0.0087904954685456,0.10340386045424621,1.6690892446316825,1.4635676470053058,1.2417639103337452,-0.32405942938119786,0.15485551191681798,1.6667462906865282,1.4710290409802742,1.1914585192183944,-0.4703072853056952,0.4052435048961095,-0.09188333776841741,0.08184258030042546,-0.07018410950376705,0.39960153613682264,1.6451352506609422,-6.066118873459113,-15.006439767633275,1.0,-0.19361506402492523,1.5162424560344334e-07,-2.67820629229476e-07,0.0,0.0,0.0,1,0.25804342095057964,-4.5,9.0,9.0,0.25804342095057964,-1.586120276827902,5.335524010582739,1.9012559840517227,-0.004043711243722437,0.000790538840745812,0.003836481932279009,0.04505022531620686,-0.07191558142695717,-0.13960194620445185,0.0,0.0,0.0,0.0,0.0,0.48386165563581407,-30.0,30.0,30.0,51.96377701920632,-2.913879723172098,3.6644759894172614,7.098744015948277,0.48386165563581407,-36.39729938740136,70.86040397380907,95.42954281483684,124.31006402531581,3.1599999999999766
0.0,0.0,0.0,0.0,0.0,0.0,0.0,0.0,0.0,0.0,0.0,0.0,0,0.0,-1.5707963267948966,nan,-0.03272713119193535,-0.3264389936653114,-0.14016498758837792,0.1115870957731171,-1.5707967154365075,-0.03535698979213311,-0.3441372851089518,1.4684183084467262,-0.14249113896111315,0.8355251031797788,-0.0907744907429682,-0.8266693774452494,-0.08049801406381785,0.018043188645301758,-0.0026298586001977584,-0.01769829144364038,-0.00232615137273523,0.009263665907093406,-0.0009589780726143833,-0.009167983977937187,0.000918660369656021,4.164600181956768,-0.41749986554115115,-0.3967642050389071,-0.061240366040845595,-1.57079632070228,1.4708794833256258,-0.8283334922016257,0.7893194330948891,0.9668800690169767,0,zero,0,0.06124036604084537,0.1728274618139629,1.6731809595634735,1.4626399074596068,1.242590269063313,-0.32476807335787217,0.24823862759381757,1.6707196203336814,1.4773987589726414,1.1652505155913784,-0.5601764353031831,0.41308966596945895,-0.0936623458447413,0.08342718328588306,-0.0715429858862456,0.3967635208843425,-0.13737743150615683,-0.049976854825257266,-4.372829557683049,1.0,-0.42623910307884216,-6.092616633424086e-09,-3.947342275267829e-07,0.0,0.0,0.0,1,0.22735722651211798,-4.256182925778407,9.0,9.0,0.22735722651211798,-2.4052255625229204,7.369036972174275,4.608140605817652,-0.004596262206165074,0.0007905388407313012,0.003836482098078897,0.010742927812105812,-0.019586631443312637,-0.06123406010500737,0.0,0.0,0.0,0.0,0.0,0.42632144480052125,-28.374552838522714,30.0,30.0,51.04211005395853,-1.8509573632554863,1.6309630278257252,4.391859394182348,0.42632144480052125,-28.374552838522714,50.46211757673528,80.43029988512492,99.09972476601435,3.1699999999999764
0.0,0.0,0.0,0.0,0.0,0.0,0.0,0.0,0.0,0.0,0.0,0.0,0,0.0,-1.5707963267948966,nan,-0.03363176826176438,-0.3225607565067115,-0.13999676847686993,0.11096823574567671,-1.570796684062341,-0.03677970323817834,-0.34387475425974356,1.4642484361586092,-0.14227729850168397,0.3652918908866473,-0.05180763762162033,-0.3615706309391675,0.004562134792118755,0.021665567429127355,-0.0031479349764139616,-0.021313997753032055,-0.0022805300248140425,0.0085880106453669,-0.000982963235917449,-0.008507403083039974,0.0006417187113150523,-4.617252768088424,0.4813725102503594,-0.39852512473413243,-0.05151864089697078,-1.5707964583034288,1.4669110061578352,-0.8300695630683215,-0.5895863579697178,0.966880069016795,0,zero,0,0.05151864089697078,0.16248687664264772,1.6773508352442312,1.4616944460493726,1.2434324130609884,-0.3254902539921316,0.2032226375724706,1.674688192607624,1.4642000988981594,1.204072538373147,-0.5248313504184838,0.42087501718895226,-0.09542756613107223,0.08499950517297103,-0.07289133061210191,0.3985389111014174,-2.033498222344112,6.331534383458075,8.940313597611258,1.0,-0.4756251275539398,1.315085320641174e-07,-2.257589120091552e-07,0.0,0.0,0.0,1,0.1627092320403596,-1.2583181532811032,1.2351460099957603,9.0,0.1627092320403596,-2.5719251492430284,5.68890735127957,6.308304399848883,-0.004605895327349887,-0.0005904972010037145,0.0038364820980781762,-0.04108083751934095,0.055007679954418645,0.05622575756253183,0.0,0.0,0.0,0.0,0.0,0.3050988787555965,-8.388787688540688,4.117153366652534,30.0,31.42317291512377,1.3136069959619252,-4.45376134128381,2.6916956001511174,0.3050988787555965,-8.388787688540688,4.117153366652534,30.9224266923157,32.30498829276071,3.179999999999976
0.0,0.0,0.0,0.0,0.0,0.0,0.0,0.0,0.0,0.0,0.0,0.0,0,0.0,-1.5707963267948966,nan,-0.03533929140555857,-0.32616092355688775,-0.1400838238659537,0.11033786891878594,-1.5707966521234893,-0.038227227247639585,-0.3436010800783239,1.4600010302564566,-0.14205943219197975,0.38945118666988365,0.02599991343329444,0.3873841231595898,0.030492169878798547,0.017787699715759536,-0.0028879358420810172,-0.017440156521436156,-0.001975608326026057,0.0031838407645909113,-0.0004811245335663082,-0.0030835836518586703,0.0006299786182573084,-11.78439840449412,1.2767425076532117,-0.40965854494656945,0.04253559828281395,-1.5707968268671315,1.4628719541264688,-0.08126545620740327,-0.7894142492621212,-0.9682268229863248,0,zero,0,-0.04253559828281395,0.06780227063597177,1.6815982445603157,1.460731404963913,1.2442902156755165,-0.3262258626741852,0.06764666671614217,1.678727405549581,1.4383509980376008,1.2898763908389639,-0.3708223627718321,0.42859576652574494,-0.09717813883752356,0.08655878012726771,-0.07422848693998313,0.40967229396268906,-2.724186863567026,9.388646637581973,18.51781834849492,1.0,-0.30629175901412964,5.00072235176674e-07,1.747436422228077e-07,0.0,0.0,0.0,1,0.10382234644949401,1.6088659014719837,-9.0,-9.0,0.10382234644949401,-1.9640132509204558,0.12666208370770526,3.7801417845431393,-0.000450926285788686,-0.000790633803378594,-0.003841825881304436,-0.06262085529234378,0.09280696059337266,0.1466071261195483,0.0,0.0,0.0,0.0,0.0,0.19467906703449092,10.725772676479892,-30.0,-30.0,43.76162816265711,3.5728791523924395,-9.126662083707705,-12.78014178454314,0.19467906703449092,10.725772676479892,-48.70468763623397,-37.2543200703103,62.250390047700996,3.189999999999976
0.0,0.0,0.0,0.0,0.0,0.0,0.0,0.0,0.0,0.0,0.0,0.0,0,0.0,-1.5707963267948966,nan,-0.037683666928910675,-0.33463860136866885,-0.13765353457279503,0.10969609394969448,-1.570796619626512,-0.03969921564554079,-0.3433159705108494,1.4556767554415937,-0.14183757159428734,0.9078802743404708,0.08723871254509019,0.8762787379255621,-0.22084286954662524,0.009842018982708502,-0.0020155487166301153,-0.008677369142180535,-0.0041840370214923095,0.003931340888172298,0.0002603808842096657,0.003779446639720208,-0.0010504408939398615,-12.513157386004472,1.4090273442049965,-0.4297411086646044,0.1708098865237162,-1.570797239397319,1.4586619749851057,0.6309397362616673,-0.7893194322333335,-0.9668773955572962,0,zero,0,-0.17080988652371598,-0.06111379257402172,1.685922522807541,1.4597509349156732,1.2451635426638925,-0.32697478428393634,0.20276658341963552,1.6829374236972692,1.414698987001895,1.3766795772407978,-0.1793969025627437,0.436248187899321,-0.0989132191270764,0.08810425563321113,-0.07555380955012521,0.4297441309139232,-1.9901510899491963,7.6805563896055435,18.282643262830852,1.0,-0.22987133264541626,9.126024225203366e-07,6.197708071198349e-07,0.0,0.0,0.0,1,0.05676615197513097,2.424665316544442,-9.0,-9.0,0.05676615197513097,-0.9716500407660951,-4.501555747303292,-0.3118720590721682,0.0035009624643323935,-0.0007905388398684146,-0.0038364714900619027,-0.05176056825903607,0.08451319060813667,0.1604890819490864,0.0,0.0,0.0,0.0,0.0,0.10644318765259886,16.164435443629614,-30.0,-30.0,45.401545164933175,3.396315357310537,-4.498444252696708,-8.688127940927831,0.10644318765259886,16.164435443629614,-78.22069196621158,-91.3988520436979,121.38174125436743,3.1999999999999758
0.0,0.0,0.0,0.0,0.0,0.0,0.0,0.0,0.0,0.0,0.0,0.0,0,0.0,-1.5707963267948966,nan,-0.040177902554125684,-0.3431347612648497,-0.1338340612781809,0.10904301497670188,-1.570796586578313,-0.041195306027034376,-0.3430191349957211,1.4512763133463653,-0.14161175017083905,0.9551303366661574,0.09981452437214239,0.8792995411309124,-0.3593651871165837,0.00784480234115412,-0.0010174034729086914,0.00011562626912858809,-0.007777688892658147,0.008958621301608335,0.0008375350794801277,0.008366819741580057,-0.003090591857262467,-7.671194077338861,0.8981875063732536,-0.45034602543685315,0.2710829896172837,-1.570797506035405,1.4542391604509624,0.8021005205892561,-0.789319433087254,-0.9668800690232209,0,zero,0,-0.27108298961728394,-0.16203997464058162,1.6903229683506564,1.458753194990703,1.2460522523245505,-0.32773689730519884,0.3445128500801508,1.6873601700529186,1.4025448994358154,1.4275727363188409,-0.04038473166538958,0.44382862117749144,-0.10063197711557925,0.08963519249409858,-0.0768666645443527,0.45034275752357145,-0.6674340466898663,3.1129292145182856,10.16909234947529,1.0,-0.3573726713657379,1.1792405083532742e-06,9.194570917969713e-07,0.0,0.0,0.0,1,0.025538897895464232,1.6832910148322004,-9.0,-9.0,0.025538897895464232,-0.11372866540738896,-6.986921276379115,-3.5608091386561105,0.004450700524653363,-0.0007905388407236545,-0.0038364820981036736,-0.024978357291541416,0.045526998296333804,0.10514077019935303,0.0,0.0,0.0,0.0,0.0,0.04788842658065673,11.221940098881337,-30.0,-30.0,43.885467217340654,1.7970196802395895,-2.013078723620885,-5.4391908613438895,0.04788842658065673,11.221940098881337,-69.67381044527889,-97.66397322230955,120.49326022818427,3.2099999999999755
0.0,0.0,0.0,0.0,0.0,0.0,0.0,0.0,0.0,0.0,0.0,0.0,0,0.0,-1.5707963267948966,nan,-0.042425455108182755,-0.3484241350974693,-0.1326365917816149,0.10837874152127114,-1.5707965529861299,-0.0427151200255244,-0.34271028493998207,1.4468004418746558,-0.14138200325429914,0.5727669779355327,0.07277385555670493,0.5598223888358622,-0.09677225800260869,0.010450560330102505,-0.0002896649173416421,0.00571385015748721,-0.008745411472684234,0.009733952966374628,0.001041672118871709,0.009293580535965292,-0.0027007629236728316,0.45915505346140584,-0.055889952716502725,-0.4662369081382968,0.3010164831870268,-1.5707974719090882,1.4496317472510465,0.8329880486296839,-0.7893194330930735,-0.966880069016804,0,zero,0,-0.301016483187027,-0.19263774166575587,1.694798843282832,1.4577383524991308,1.2469561956305517,-0.32851207393991266,0.3670394274029099,1.6919675566215502,1.4043690119484458,1.424469514977153,-0.011730350938357144,0.4513334721763954,-0.10233359787174837,0.09115086483208704,-0.07816642944607904,0.4662330311234211,0.7522514850526348,-2.690703393997116,-2.4009964285008256,1.0,-0.42629578709602356,1.1451141919138763e-06,9.189229581707536e-07,0.0,0.0,0.0,1,0.04703550794041017,0.31488856045428804,-9.0,-9.0,0.04703550794041017,0.28113810982720294,-8.10374296419018,-5.692829207549686,0.004622089438793184,-0.0007905388407294829,-0.0038364820980782122,0.014780559546604573,-0.020269134116560818,0.008516975125041699,0.0,0.0,0.0,0.0,0.0,0.08819708970637571,2.0992570696952537,-30.0,-30.0,42.478402264813326,0.03375045062708509,-0.8962570358098194,-3.3071707924503144,0.08819708970637571,2.0992570696952537,-36.14751382314843,-62.538262447585275,72.26404143506686,3.2199999999999753
0.0,0.0,0.0,0.0,0.0,0.0,0.0,0.0,0.0,0.0,0.0,0.0,0,0.0,-1.5707963267948966,nan,-0.04410654649962341,-0.3484994781270176,-0.1354802809859939,0.1077033883901446,-1.5707965188575346,-0.04425826359007197,-0.34238913420151024,1.4422499145424084,-0.14114836801825534,0.31058272042479834,0.013794782689308116,0.039649376802014524,0.3077324440422802,0.00833585817830468,-0.00015171709044856097,0.0061103439255073555,-0.005668087032261432,0.0065010745657461,0.0007850238966882646,0.006448636204079797,0.0002505974829293432,8.726903166979442,-1.1044151204556405,-0.4738039570096794,0.2447339237061421,-1.570797106098908,1.4449075278020698,0.6160028171023989,0.7892384626015757,-0.28367514041564573,0,zero,0,-0.2447339237061419,-0.13703053531599751,1.6993493740851406,1.4567065828256323,1.2478752163627729,-0.3293001802223597,0.25029034582875254,1.6966918213515216,1.4193974440496198,1.3657554541390273,-0.11169854343129476,0.4587592126604995,-0.10401728141716748,0.0926505600881929,-0.07945249320030634,0.4737959210903518,1.9321157495225876,-7.659934531024714,-14.524328278342189,1.0,-0.20171307027339935,7.793040115444683e-07,5.872413737506577e-07,0.0,0.0,0.0,0,0.13507237227017113,-1.7119711451626125,3.151152988402905,-0.2568908295358904,0.13507237227017113,0.1178035444728271,-4.559977098670895,-5.23856385335417,0.0034180803912849628,0.0007904577451478992,-0.0011255942000967375,0.0418058280489115,-0.07102303777692093,-0.10683643522672,0.0,0.0,0.0,0.0,0.0,0.2532765277895577,-11.413140967750751,10.50384329467635,-0.8563027651196347,15.53666354575359,-1.8297746896354397,7.7111300870738,4.98167302381828,0.2532765277895577,-11.413140967750751,10.50384329467635,-0.8563027651196347,15.53666354575359,3.229999999999975
0.0,0.0,0.0,0.0,0.0,0.0,0.0,0.0,0.0,0.0,0.0,0.0,0,0.0,-1.5707963267948966,nan,-0.044974775351008085,-0.34230964076777376,-0.13877864517124047,0.10701707557745666,-1.570796484200423,-0.04582432727236304,-0.3420553995760962,1.4376255398181461,-0.14091088344770672,0.6876273635062338,-0.06978348309063936,-0.5856102733829804,0.35358487557951845,0.0023092893102102364,-0.0008495519213549546,0.0002542411916775511,-0.0021322382764662473,0.002551164508921344,5.802334931215335e-05,0.0003943244054188092,0.0025198376744952414,12.774126610140565,-1.6782464495532272,-0.4731193466067502,0.12725395306021037,-1.570796602838123,1.4401621221227972,-0.2210635214794569,0.7893198460564423,0.9673086466316425,0,zero,0,-0.12725395306021037,-0.020236877482753712,1.703973752286041,1.4556580692799033,1.2488091512430957,-0.33010107613337997,0.047252530637450864,1.7014371970671514,1.4419711110650841,1.2772956763128864,-0.29506462934523187,0.46610238034259804,-0.10568224272628793,0.09413357902229208,-0.08072425617362544,0.4731027136246765,2.334951381404199,-9.02883612407295,-19.577782967057956,1.0,-0.06867846101522446,2.7604322649921187e-07,1.1863770010833719e-07,0.0,0.0,0.0,1,0.2469491838814926,-4.124412659515908,9.0,9.0,0.2469491838814926,-0.6207648741965863,1.1689978274062787,-1.883015755138655,-0.0012266386890106176,0.0007905392543308326,0.0038381826506075833,0.05452710319547921,-0.0920828787290661,-0.16281627296569356,0.0,0.0,0.0,0.0,0.0,0.46305866094410764,-27.496084396772723,30.0,30.0,50.559361946902804,-3.5036477853193215,7.831002172593721,10.883015755138654,0.46305866094410764,-27.496084396772723,53.99532634915796,63.624272984880186,87.86234950696772,3.239999999999975
0.0,0.0,0.0,0.0,0.0,0.0,0.0,0.0,0.0,0.0,0.0,0.0,0,0.0,-1.5707963267948966,nan,-0.04528240480136967,-0.332522422941766,-0.1391806233882353,0.10631992816684765,-1.570796449023014,-0.047412886523488317,-0.3417088012884743,1.4329281604634951,-0.1406695903095414,0.9548815447970874,-0.12809298007636916,-0.9440619538385875,0.06432713551601521,0.009547016392040863,-0.002130481722118646,-0.009186378346708324,-0.0014889669213060952,0.006429332132067535,-0.0008138305826808439,-0.006020208357251616,0.002105013724992602,10.771583014403019,-1.4667792231051144,-0.4692091916279475,0.00611824033056485,-1.5707961976754305,1.4354545586845082,-0.7053170347487413,0.7893194331015202,0.9668800055107245,0,zero,0,-0.006118240330565072,0.1002016878362828,1.7086711351208619,1.4545930029471312,1.2497578300675944,-0.33091461571458736,0.14917944635176955,1.7061446181160638,1.4617943577739387,1.2017282812505916,-0.4719444950123394,0.4733595788838137,-0.10732771172642881,0.09559923571312008,-0.08198113015421603,0.46919266747512256,1.5897697681103604,-6.0626827272963775,-15.343904267881465,1.0,-0.18781685829162598,-1.2911946623006543e-07,-2.513475836352086e-07,0.0,0.0,0.0,1,0.2900197442681383,-4.5,9.0,9.0,0.2900197442681383,-1.582951195664251,5.249095719123402,1.8387584349475647,-0.003913667696284532,0.0007905388407379426,0.0038364818460925264,0.04373234989851931,-0.07171015832874728,-0.14214685715876357,0.0,0.0,0.0,0.0,0.0,0.5438210093158415,-30.0,30.0,30.0,51.96436992103506,-2.917048804335749,3.7509042808765978,7.1612415650524355,0.5438210093158415,-35.78725561118103,69.98944633530088,95.97909403652999,124.06261522257707,3.2499999999999747
0.0,0.0,0.0,0.0,0.0,0.0,0.0,0.0,0.0,0.0,0.0,0.0,0,0.0,-1.5707963267948966,nan,-0.04560389306098071,-0.3235792924926815,-0.13792720482185863,0.10561207623357904,-1.5707964133338401,-0.04902350200077305,-0.34134906348637806,1.4281586528737027,-0.140424531122991,0.8738035646219462,-0.12891272176736926,-0.8583392646988208,-0.1008359379826268,0.01826732397270749,-0.0034196089397923388,-0.017769770993696532,-0.002497326301132363,0.00984586718612086,-0.0013994949245580788,-0.00971853333540945,0.0007298112162764767,4.459167894381624,-0.6284308975620077,-0.46624397739311524,-0.06699896256209303,-1.5707960291625618,1.4307871192349002,-0.8201247922135391,0.7893194330946302,0.9668800690171138,0,zero,0,0.06699896256209303,0.1726110387956723,1.7134406461912846,1.4535115825384655,1.2507210758397258,-0.33174064718258534,0.2463105043128737,1.7108119656979923,1.4677989464333034,1.175085248477091,-0.5657001467243491,0.4805274778935958,-0.10895293329777651,0.09704685755827173,-0.08322253835184638,0.46624164223797326,-0.16258897487463414,-0.1213516729934001,-4.787173709597125,1.0,-0.42952191829681396,-2.9763233477808626e-07,-3.841712783447804e-07,0.0,0.0,0.0,1,0.24289259951742326,-4.215805683365687,9.0,9.0,0.24289259951742326,-2.389206670165715,7.328402487311739,4.56825951657543,-0.004550713718904575,0.0007905388407310419,0.0038364820980794413,0.010099395756320347,-0.020135931684511093,-0.06450822044231379,0.0,0.0,0.0,0.0,0.0,0.4554520898507843,-28.105371222437917,30.0,30.0,50.89321495206597,-1.826599013199972,1.671597512688261,4.43174048342457,0.4554520898507843,-28.105371222437917,50.37285699022647,81.84672623263735,100.1320660154143,3.2599999999999745
0.0,0.0,0.0,0.0,0.0,0.0,0.0,0.0,0.0,0.0,0.0,0.0,0,0.0,-1.5707963267948966,nan,-0.04651297341692297,-0.31925864750130867,-0.13758240743023012,0.10489365474664569,-1.5707963771417464,-0.05065571988485965,-0.3409759147366639,1.4233179264181581,-0.14017575013005829,0.4014333520192199,-0.07231375281443464,-0.3947496241658688,-0.009601639869580292,0.022260446330390305,-0.004142746467936685,-0.02171726723535522,-0.002593342699828166,0.009213298774030185,-0.001412588185915331,-0.009094590023985778,0.0004217833711479273,-4.2793933590060025,0.6234239401020363,-0.4675272007715055,-0.06046908468040546,-1.570796154842159,1.4261279875218844,-0.8229971582373585,-0.55425892401948,0.9668800690167966,0,zero,0,0.06046908468040524,0.16536273942705115,1.718281376124827,1.4524140142414896,1.251698704903516,-0.33257901304318316,0.2057808131102096,1.7154711911606348,1.454431077988339,1.2129703930569673,-0.5346529975640107,0.48760281292972246,-0.11055716727338537,0.0984757852742016,-0.08444791539787372,0.4675419781166248,-2.0489574528757437,6.232109604679154,8.507716944459837,1.0,-0.4937574565410614,-1.719527373822416e-07,-2.2229958762665092e-07,0.0,0.0,0.0,1,0.15470644574113193,-1.2443369898711083,1.4061288181241993,9.0,0.15470644574113193,-2.5507918553181566,5.7281149030936955,6.285207251553961,-0.004566651921961491,-0.0005551151902358695,0.0038364820980781827,-0.04139652292686309,0.05407397381523094,0.05271158922391864,0.0,0.0,0.0,0.0,0.0,0.2900927165594073,-8.295579932474055,4.687096060413998,30.0,31.478082369798443,1.3064548654470483,-4.321986084969496,2.7147927484460386,0.2900927165594073,-8.295579932474055,4.687096060413998,32.87284293495736,34.22708682178767,3.2699999999999743
0.0,0.0,0.0,0.0,0.0,0.0,0.0,0.0,0.0,0.0,0.0,0.0,0,0.0,-1.5707963267948966,nan,-0.04852173462829463,-0.32236853614091604,-0.13770501752638806,0.10416480347089108,-1.5707963404558813,-0.05230907220722693,-0.34058908852255965,1.4184069227809142,-0.13992329326590625,0.35346860498871646,0.03554088890043855,0.34967148537116133,0.037506696030997766,0.018741750246056163,-0.0037873375789322997,-0.018220552381643607,-0.0022182757395181885,0.003828082695439714,-0.0007035410126276977,-0.003725323393454506,0.000530294994183788,-11.41858791004731,1.7185957589960865,-0.47768747638784137,0.030471854825182998,-1.5707965111643787,1.4214054774877904,-0.07390185909046904,-0.7893782783312115,-0.9688538962313152,0,zero,0,-0.030471854825182998,0.07369294864570808,1.723192383234326,1.451300511570692,1.2526905270767503,-0.3334295502056115,0.07227282661747357,1.7201938920097086,1.428361818925445,1.2978958663610127,-0.3848558489016765,0.4945823854982987,-0.11213968843917696,0.09988537289622354,-0.08565670734524379,0.47770479909069763,-2.7517894144311468,9.312096905338642,18.10750235259014,1.0,-0.32978206872940063,1.8436948234779038e-07,1.7070849711586789e-07,0.0,0.0,0.0,1,0.0745620529758264,1.6351961495775034,-9.0,-9.0,0.0745620529758264,-1.9406845167098392,0.1761827438824491,3.7677603617449846,-0.00041006711077207,-0.0007905977768767379,-0.0038443140443721016,-0.06314346148903546,0.09202809743229688,0.14322915067614114,0.0,0.0,0.0,0.0,0.0,0.13981258761640053,10.901307663850023,-30.0,-30.0,43.80477207270426,3.5758806662873424,-9.17618274388245,-12.767760361744985,0.13981258761640053,10.901307663850023,-47.81291931090956,-35.0431590212361,60.274010183169,3.279999999999974
0.0,0.0,0.0,0.0,0.0,0.0,0.0,0.0,0.0,0.0,0.0,0.0,0,0.0,-1.5707963267948966,nan,-0.05137396167009116,-0.33035298910208716,-0.13551901121687634,0.10342566686911892,-1.5707963032856902,-0.053983077188300754,-0.3401883237410739,1.4134266153012096,-0.1396672081292008,0.8684738312084443,0.11782220607227042,0.8385217742656881,-0.19299211728062704,0.01098857719960289,-0.0026091155182095954,-0.009835334638986726,-0.004148196912324459,0.003253341424804036,0.0003158949349724824,0.003101107634963544,-0.0009314355870244069,-12.154446633425337,1.8900857945586138,-0.4963579250981764,0.15577276955319475,-1.5707969064522915,1.4165232839692097,0.6354316680145845,-0.7893194327802544,-0.966876289997131,0,zero,0,-0.15577276955319475,-0.05234710268407561,1.7281726941774216,1.4501712952179375,1.2536963457841614,-0.3342920900967385,0.19463812199005845,1.725076172612998,1.404363186028207,1.3841329577867623,-0.1973164810717641,0.5014630630537575,-0.1136997865339407,0.10127498777851103,-0.0868483716684912,0.49636513316580555,-2.0280956748199355,7.63663971608025,17.909071813912988,1.0,-0.24108529090881348,5.796573949723438e-07,6.031666011097059e-07,0.0,0.0,0.0,1,0.020437507093767147,2.4839755751576,-9.0,-9.0,0.020437507093767147,-0.9422744439142203,-4.472352641860186,-0.3178938772303811,0.003525887324117709,-0.0007905388404161805,-0.003836467103311241,-0.05254093102658533,0.0840417007440022,0.15739841534569682,0.0,0.0,0.0,0.0,0.0,0.03832272097087408,16.559837167717333,-30.0,-30.0,45.543711702629764,3.42625001907182,-4.527647358139814,-8.68210612276962,0.03832272097087408,16.559837167717333,-77.44994083251065,-89.14357996744087,119.2447099875847,3.289999999999974
0.0,0.0,0.0,0.0,0.0,0.0,0.0,0.0,0.0,0.0,0.0,0.0,0,0.0,-1.5707963267948966,nan,-0.0543842768509579,-0.3383786480425189,-0.1319913811642061,0.10267639400421014,-1.570796265640913,-0.05567723958628144,-0.3397733651996018,1.4083780083139867,-0.1394075439524004,0.9146358979920315,0.13161527828860486,0.8440617481903834,-0.32679658758698327,0.00765613865366834,-0.0012929627353235468,-0.001394717157082892,-0.0074161627881942915,0.00824534942022125,0.0010861095250672857,0.007680889135757853,-0.0027946547631680727,-7.346104410013113,1.1806291369470308,-0.5154842998288768,0.25318681847885927,-1.5707971530482072,1.4114420487984616,0.8043917127942862,-0.7893194330919486,-0.9668800690259225,0,zero,0,-0.25318681847885927,-0.1505104244746489,1.733221304616039,1.4490265929029391,1.2547159581906182,-0.33516645877528556,0.3322487591473725,1.7301573824509182,1.3918384050123564,1.4347207169201666,-0.0618394598592558,0.50824177899886,-0.11523676624933352,0.10264401059409707,-0.08802237726373936,0.5154837832045503,-0.7019049416048678,3.0888740267491075,9.82734046153261,1.0,-0.33836740255355835,8.262533106595527e-07,8.874072943143574e-07,0.0,0.0,0.0,1,-0.0005240171261125078,1.752164211304072,-9.0,-9.0,-0.0005240171261125078,-0.07525158319762607,-6.972736014255542,-3.5631819642686944,0.00446341390668872,-0.0007905388407283562,-0.0038364820981143933,-0.025748815570065434,0.045277637750497764,0.10232549449225821,0.0,0.0,0.0,0.0,0.0,-0.0009825935235561745,11.681094742027147,-30.0,-30.0,44.00509033438864,1.8274157945016982,-2.027263985744458,-5.436818035731306,-0.0009825935235561745,11.681094742027147,-69.15145629659402,-95.44657515921865,118.44163369736941,3.2999999999999736
0.0,0.0,0.0,0.0,0.0,0.0,0.0,0.0,0.0,0.0,0.0,0.0,0,0.0,-1.5707963267948966,nan,-0.05700529074189091,-0.34317206435822195,-0.1309342418973587,0.10191713844123318,-1.5707962275315737,-0.057391051056785804,-0.33934396411077095,1.4032621364904154,-0.1391443515719838,0.5360148275113943,0.0907202420428653,0.5222817404533897,-0.07939468864308075,0.009066921384596588,-0.00038576031489489376,0.003828100247451005,-0.008210109674625099,0.009011342850743053,0.0013265268329741345,0.008587272558717387,-0.0023881743105009937,0.7343672917206122,-0.12196746874510832,-0.5300794754186211,0.28029848899035215,-1.5707971068580466,1.4061896199259023,0.8346153646300947,-0.7893194330939729,-0.966880069016809,0,zero,0,-0.28029848899035237,-0.17838135054911897,1.7383371798758733,1.4478666392237285,1.255749155334314,-0.33605247704604324,0.35153297513994486,1.7354097985011403,1.3934051725957555,1.4314052279415548,-0.036476516965869385,0.5149155326846946,-0.11674994722987991,0.1039918353348741,-0.08917820444870032,0.5300755049737952,0.7343008579169288,-2.712538214266009,-2.7226648761536705,1.0,-0.3835900127887726,7.800631500742838e-07,8.793264729689554e-07,0.0,0.0,0.0,1,0.040200117474905796,0.36807491676735166,-9.0,-9.0,0.040200117474905796,0.32610004974342754,-8.097370151763359,-5.692636822649616,0.004631119100276865,-0.0007905388407303837,-0.0038364820980782317,0.014308470465770804,-0.020466311542138366,0.0054002577618608855,0.0,0.0,0.0,0.0,0.0,0.07537993151116781,2.4538327784490113,-30.0,-30.0,42.49737612416401,0.04197486702392411,-0.902629848236641,-3.3073631773503838,0.07537993151116781,2.4538327784490113,-35.765863751014145,-60.33772663264702,70.18450856485934,3.3099999999999734
0.0,0.0,0.0,0.0,0.0,0.0,0.0,0.0,0.0,0.0,0.0,0.0,0,0.0,-1.5707963267948966,nan,-0.05882274310816703,-0.34274251824842733,-0.13360134607748458,0.10114805814955807,-1.5707961889679765,-0.059123990523371084,-0.3388998785845506,1.3980800641784128,-0.13887768339860787,0.29350253912046004,0.008451289969083758,0.001453941642570733,0.29337723535018123,0.0065342455660806105,-0.0003012474152040562,0.0038426396638767124,-0.005276337321123287,0.00581226985014735,0.0009390311797419309,0.005724409780921971,0.0003630894028875606,8.8327523045542,-1.5158334903080914,-0.5366017004177887,0.22169474935499633,-1.5707967439766384,1.4008319617233755,0.615460921297141,0.7892104180310637,-0.14366649291856198,0,zero,0,-0.2216947493549961,-0.12054669120543826,1.7435192556058723,1.446691675507128,1.2567957222599555,-0.3369499605740872,0.23256116859571013,1.7407674737007117,1.4083976461389536,1.372557792116874,-0.13893522543515852,0.5214813894106775,-0.11823866407297202,0.1053178693115941,-0.0903153449626749,0.5365905133748735,1.9380440121748908,-7.658953197273796,-14.682788250922322,1.0,-0.1621887981891632,4.1718174159655064e-07,5.550086621397554e-07,0.0,0.0,0.0,0,0.14966712981864944,-1.6938530130747527,3.2693915530918307,0.41155480117135956,0.14966712981864944,0.1612979966567426,-4.518283862401903,-5.106915488589846,0.0034150735163573703,0.000790429657251755,-0.000570054079960732,0.041834155707126036,-0.0711095308799066,-0.1086020632539641,0.0,0.0,0.0,0.0,0.0,0.28064340862300663,-11.292353420498351,10.897971843639436,1.3718493372378653,15.755753469925907,-1.8551510097314954,7.787675415493734,5.518470289761205,0.28064340862300663,-11.292353420498351,10.897971843639436,1.3718493372378653,15.755753469925907,3.319999999999973
0.0,0.0,0.0,0.0,0.0,0.0,0.0,0.0,0.0,0.0,0.0,0.0,0,0.0,-1.5707963267948966,nan,-0.059582498296323796,-0.3363249409142457,-0.13644197779032413,0.10036931540497318,-1.5707961499606984,-0.06087552455897141,-0.3384408741166721,1.3928328847431637,-0.13860759338718737,0.6794468745315109,-0.09917788474435585,-0.5958572866303136,0.31107217242600516,0.0032922607956242323,-0.0012930262626476147,-0.0021159332024264232,-0.002165615596863235,0.0023172946393234663,-3.510298362537686e-05,-0.00015583291754810895,0.00231178250010383,12.571985035066174,-2.227121257017774,-0.5353292642631116,0.10422897001078524,-1.570796251370308,1.3954620099756845,-0.23133790882268196,0.7893199865342301,0.9671244162551274,0,zero,0,-0.10422897001078546,-0.0038596546058120573,1.7487664384377188,1.4455019496592212,1.2578554381519513,-0.337858719998994,0.03441809904152814,1.7461373411188634,1.431125524986058,1.2845113752262847,-0.32171954959818116,0.5279364804245525,-0.11970226632886954,0.10662153315386856,-0.09143330196655271,0.5353082521150387,2.3541402674905108,-8.959410481576366,-19.372998842377175,1.0,-0.0742500051856041,-7.542458835274601e-08,1.0140960959859058e-07,0.0,0.0,0.0,1,0.2758403728129398,-4.149400154493478,9.0,9.0,0.2758403728129398,-0.5887221374093452,1.208482307989083,-1.7091352457031403,-0.0012836492755458188,0.0007905393950256423,0.003837451643149604,0.05491395612774169,-0.09156369140277515,-0.16173619447843554,0.0,0.0,0.0,0.0,0.0,0.5172330260883927,-27.66266769662319,30.0,30.0,50.65067338246429,-3.5606780170841335,7.791517692010917,10.709135245703141,0.5172330260883927,-27.66266769662319,54.20642332183648,65.1190501332889,89.13090223769198,3.329999999999973
0.0,0.0,0.0,0.0,0.0,0.0,0.0,0.0,0.0,0.0,0.0,0.0,0,0.0,-1.5707963267948966,nan,-0.05967905649662406,-0.3267267558451822,-0.1364720312929105,0.09958107669179572,-1.5707961105205808,-0.0626451077782532,-0.3379667240723932,1.3875217199076428,-0.1383341370068917,0.9281117718068292,-0.16730250189815263,-0.9124035024784594,0.030350988288202485,0.011772925874395393,-0.002966051281629141,-0.011239968227211017,-0.0018621057139812103,0.006516131571093183,-0.0011367401046948607,-0.006175648452705206,0.0017404478661469354,10.351607377894357,-1.8907179786826858,-0.5311168111503263,-0.014276862280386604,-1.5707958531547273,1.3901349803265568,-0.7110361001900618,0.7893194331047781,0.9668800457308295,0,zero,0,0.014276862280386382,0.1138579389721821,1.7540776066453152,1.4442977160158257,1.2589280764675999,-0.33877856104905707,0.1636328181460826,1.751464180755257,1.4511235439187737,1.2099884295323795,-0.49475031557801474,0.5342780029223918,-0.12114011850069982,0.10790226081016849,-0.09253159004281208,0.5310971039936951,1.604767770462994,-5.940116491122525,-14.85820976373162,1.0,-0.23171691596508026,-4.736401693072878e-07,-2.5736585351765484e-07,0.0,0.0,0.0,1,0.31614525823885786,-4.5,9.0,9.0,0.31614525823885786,-1.5621906615634948,5.2704282209988165,1.9713915020896695,-0.003945401683368236,0.0007905388407412056,0.003836482005681826,0.04408135496163425,-0.07062779629151408,-0.13856713611472135,0.0,0.0,0.0,0.0,0.0,0.5928094097859701,-30.0,30.0,30.0,51.96490568639888,-2.937809338436505,3.7295717790011835,7.02860849791033,0.5928094097859701,-35.963028948487775,69.62534138050815,95.62997402728217,123.63846880707098,3.3399999999999728
0.0,0.0,0.0,0.0,0.0,0.0,0.0,0.0,0.0,0.0,0.0,0.0,0,0.0,-1.5707963267948966,nan,-0.05987105798056124,-0.31825611352106836,-0.13518981640732028,0.09878351260498763,-1.5707960706587245,-0.06443218324085474,-0.33747721016465493,1.382147719093134,-0.13805737121104927,0.8200829206133005,-0.15950739786643603,-0.7981128416375549,-0.10054490897477841,0.019961895961420385,-0.004561125260293501,-0.019221096643586566,-0.0028675548037289944,0.009607440819488581,-0.0018179917561127307,-0.009421176864813727,0.0004891334752193288,3.9466770704834944,-0.7424341513843766,-0.5277831688475323,-0.08301135132476722,-1.5707956883474028,1.3848518775972805,-0.822567732296433,0.7893194330947259,0.9668800690168533,0,zero,0,0.08301135132476745,0.18179486392975486,1.7594516108042666,1.4430792351929622,1.2600134050702791,-0.3397092846555026,0.2548083612998805,1.7567471708751914,1.4572428702588776,1.1846604519580743,-0.5826934629305291,0.5405032200485943,-0.12255160004445766,0.10915949954782432,-0.09360973519552003,0.5277801131972338,-0.15246195905505716,0.010287501489542272,-4.158077111401387,1.0,-0.4789027273654938,-6.384474939835627e-07,-3.8231132171162585e-07,0.0,0.0,0.0,1,0.2530445485342276,-4.22273363214777,9.0,9.0,0.2530445485342276,-2.376877845643506,7.337795854166303,4.653761520484366,-0.004564269120540077,0.0007905388407311377,0.003836482098078408,0.010319336049354384,-0.018884110815869302,-0.059567388716527545,0.0,0.0,0.0,0.0,0.0,0.47448818401317755,-28.1515575476518,30.0,30.0,50.91890936965873,-1.8458557865042646,1.6622041458336971,4.346238479515634,0.47448818401317755,-28.1515575476518,49.56903720175869,79.95066485752668,98.19334800110141,3.3499999999999726
0.0,0.0,0.0,0.0,0.0,0.0,0.0,0.0,0.0,0.0,0.0,0.0,0,0.0,-1.5707963267948966,nan,-0.060888276110238615,-0.3145313438511217,-0.13511032610927537,0.09797679775226564,-1.5707960303864823,-0.06623618286544483,-0.336972122925682,1.376712058759754,-0.13777735440695316,0.33204805309905494,-0.07867814949127153,-0.3219682430973758,0.020052650605120736,0.023222870452987047,-0.0053479067552062165,-0.022440779074560324,-0.002667028297677787,0.008601344602593094,-0.0017334475013336867,-0.008412350653695909,0.00045896101352876223,-4.79379588299886,0.9279554284767104,-0.5285151126028651,-0.07113792628862492,-1.5707958184378585,1.379581942934425,-0.8273919680895196,-0.5981286992329338,0.9668800690167935,0,zero,0,0.0711379262886247,0.16911472404089078,1.764887274451363,1.4418467739373286,1.2611111863626348,-0.34065068706670537,0.20785635352223455,1.7620172108661885,1.4440375754276185,1.2236197877955366,-0.5450660041466403,0.5466094608958872,-0.12393610536900558,0.11039270995302608,-0.0946672748503324,0.528531974802341,-2.02539703551496,6.315360896614905,9.17274719001267,1.0,-0.5221737623214722,-5.083570382424796e-07,-2.1194862398488112e-07,0.0,0.0,0.0,1,0.1436580516318195,-1.2630258494849291,1.1250980858880684,9.0,0.1436580516318195,-2.5466691644814987,5.63918791537604,6.335605572627698,-0.004591037871119579,-0.0005990527392005576,0.00383648209807817,-0.04099847662653001,0.05499384509209893,0.058105387404304334,0.0,0.0,0.0,0.0,0.0,0.2693756827898359,-8.420172329899527,3.7503269529602283,30.0,31.385296200255688,1.2836433149965696,-4.514089829487971,2.6643944273723017,0.2693756827898359,-8.420172329899527,3.7503269529602283,30.02631629632621,31.41045188953526,3.3599999999999723
0.0,0.0,0.0,0.0,0.0,0.0,0.0,0.0,0.0,0.0,0.0,0.0,0,0.0,-1.5707963267948966,nan,-0.06337876526944954,-0.31830191538128444,-0.1355520364917577,0.0971611106562218,-1.5707959897154478,-0.06805652785450343,-0.3364512621710909,1.3712159417469703,-0.13749414642556065,0.44035202846926846,0.06701441701523203,0.4291432284753871,0.0724918363874838,0.018842824700499763,-0.004677762585053896,-0.018149346789806453,-0.001942109933802949,0.002939785326537188,-0.0007076164890247177,-0.002742425140856486,0.0007878585008629238,-11.890310830159663,2.3674485500546094,-0.5377057943268628,0.02553508756356182,-1.5707961769725471,1.3742558573025956,-0.09426537871232993,-0.7894169827515781,-0.967539437794677,0,zero,0,-0.02553508756356182,0.07162602309265997,1.7703833947440637,1.4406006049767686,1.2622211774197685,-0.3416025599624047,0.07007045555480457,1.7673435247764109,1.418356853490402,1.3089603909527767,-0.38873311661481685,0.5525941205053259,-0.12529304383607373,0.11160136593082333,-0.09570375785449378,0.5377272104865568,-2.7036420971131045,9.330355220886423,18.7504207070228,1.0,-0.3315598964691162,-1.4982234919358461e-07,1.8725709960421e-07,0.0,0.0,0.0,1,0.04521302325645777,1.555161989404494,-9.0,-9.0,0.04521302325645777,-1.9523575780028322,0.0853006975784577,3.7955442286110586,-0.0005230603393492357,-0.0007906365410909773,-0.0038390984065464523,-0.06221146989249983,0.09229170727090076,0.1484930956734309,0.0,0.0,0.0,0.0,0.0,0.08477971733819195,10.36774659602996,-30.0,-30.0,43.67490534712082,3.507519567407326,-9.085300697578457,-12.795544228611059,0.08477971733819195,10.36774659602996,-48.47804067820294,-38.339606618167714,62.670114254828924,3.369999999999972
0.0,0.0,0.0,0.0,0.0,0.0,0.0,0.0,0.0,0.0,0.0,0.0,0,0.0,-1.5707963267948966,nan,-0.06696231958283626,-0.3269453602957911,-0.13348431521856569,0.09633663365643108,-1.5707959486574545,-0.06989262912968185,-0.3359144374555748,1.365660596614123,-0.13720780849108402,0.9513373176750384,0.17474530382083076,0.9180269630022719,-0.17813833387153866,0.01014374000499707,-0.0029303095468455886,-0.008969077159783734,-0.0037234932725183356,0.004389916284331337,0.0006919996077463285,0.004284313592105078,-0.000661179681191176,-12.5933844702209,2.579190628194629,-0.5548811448316504,0.15649099579850545,-1.5707965683827356,1.3687819172277231,0.6182705872416108,-0.7893194319260947,-0.9668787075199812,0,zero,0,-0.15649099579850567,-0.06015436214207437,1.7759387431199802,1.4393410068707448,1.2633431301224265,-0.3425646905679201,0.20285903226585944,1.7728175957310208,1.39490831654987,1.3952037932584145,-0.1949823509774253,0.5584546598662925,-0.12662183976025976,0.11278495470512505,-0.09671874447683748,0.5548923945215144,-1.9716520334078769,7.630774101188994,18.513908556784216,1.0,-0.23447000980377197,2.4158783906713666e-07,6.197252808703979e-07,0.0,0.0,0.0,1,-0.014104537971437486,2.3361907548949286,-9.0,-9.0,-0.014104537971437486,-0.9817361340396864,-4.523805596391934,-0.3037581812716189,0.0034306638088109466,-0.0007905388395607012,-0.0038364766957968382,-0.05133830239211696,0.08400833312565428,0.16237444060482784,0.0,0.0,0.0,0.0,0.0,-0.026447661675299994,15.574605032632856,-30.0,-30.0,45.1947897594548,3.3179268889346147,-4.476194403608066,-8.696241818728382,-0.026447661675299994,15.574605032632856,-77.66215771767953,-92.58654897381186,121.84518379339872,3.379999999999972
0.0,0.0,0.0,0.0,0.0,0.0,0.0,0.0,0.0,0.0,0.0,0.0,0,0.0,-1.5707963267948966,nan,-0.07070949651336034,-0.3355720252981773,-0.12983404585780672,0.09550355281156975,-1.57079590722456,-0.07174388777757978,-0.3353614685192546,1.3600472769809488,-0.1369184031904604,0.9957690124409225,0.18959182826261411,0.9179633938706466,-0.33608640601353323,0.007162570646169405,-0.0010343912642194475,0.0002105567789227325,-0.007084357332653668,0.009508623022326485,0.0017222304471058466,0.008960106679606384,-0.002676625180680313,-7.783839955371327,1.6401176511951756,-0.5723326425408498,0.2592142634439891,-1.5707968083014296,1.3631243552749843,0.7957580229242801,-0.789319433084278,-0.9668800690200385,0,zero,0,-0.25921426344398935,-0.1637107106324196,1.781552065956359,1.4380682638608095,1.2644767912901886,-0.3435368617683676,0.346273616010851,1.7784751642268382,1.3828638368780308,1.4457672882541752,-0.053740076463507855,0.5641886059164974,-0.12792193240902885,0.11394297681869973,-0.0977118064077855,0.572334436883167,-0.6630138393149236,3.092496260748304,10.384238015865492,1.0,-0.35127490758895874,4.815065333119151e-07,9.01076869563866e-07,0.0,0.0,0.0,1,-0.025099147916447136,1.5931258232542247,-9.0,-9.0,-0.025099147916447136,-0.145960240662585,-6.9973285266088014,-3.556897463537393,0.004415507232839536,-0.0007905388407206738,-0.0038364820980910466,-0.02480596382284883,0.04527291947359118,0.10692302883594802,0.0,0.0,0.0,0.0,0.0,-0.04706384383357798,10.620838821694832,-30.0,-30.0,43.7356197198784,1.7390860639168098,-2.0026714733911986,-5.443102536462607,-0.04706384383357798,10.620838821694832,-69.12520440733704,-98.94205733198376,121.16364564391213,3.3899999999999717
0.0,0.0,0.0,0.0,0.0,0.0,0.0,0.0,0.0,0.0,0.0,0.0,0,0.0,-1.5707963267948966,nan,-0.07391209883507029,-0.340936042074582,-0.12856255129405156,0.09466205780152781,-1.570795865429044,-0.07360969550572727,-0.33479218572379327,1.3543772608680953,-0.13662599444270002,0.6160330561744662,0.13367945935624653,0.5933299571866002,-0.09790858159947902,0.010141870342506385,0.00030240332934301783,0.0061438563507887345,-0.008063443148648458,0.01040666669483315,0.00203574699301604,0.009911395490105989,-0.002432834831319693,0.26643945399217783,-0.05774272576198361,-0.585351352579082,0.29121506291765553,-1.570796759140538,1.357311559961742,0.8285891058560987,-0.7893194330924874,-0.9668800690167982,0,zero,0,-0.2912150629176553,-0.19655300511612772,1.7872220852295664,1.436782665721076,1.265621902814657,-0.3445188522228754,0.3706604112501769,1.7842879557387834,1.3845941952879293,1.4426747980361128,-0.023101417724013314,0.5697935515419789,-0.12919277600271398,0.11507494613317543,-0.09868252675934867,0.5853470536919698,0.7326051985995347,-2.6744323733523485,-2.214452744790038,1.0,-0.4269163906574249,4.3234564151006794e-07,8.937114941431901e-07,0.0,0.0,0.0,1,0.03338686285685423,0.2513752344639301,-9.0,-9.0,0.03338686285685423,0.23472796038772506,-8.108457467244396,-5.6911810996834316,0.004597680556854132,-0.0007905388407288958,-0.0038364820980781892,0.014478820815480662,-0.02019034905770971,0.01007867991078664,0.0,0.0,0.0,0.0,0.0,0.0626042806241407,1.6758348964262009,-30.0,-30.0,42.45953770233529,0.01664727407620506,-0.8915425327556044,-3.3088189003165684,0.0626042806241407,1.6758348964262009,-35.76978013940443,-63.82584573996242,73.1848898170848,3.3999999999999715
0.0,0.0,0.0,0.0,0.0,0.0,0.0,0.0,0.0,0.0,0.0,0.0,0,0.0,-1.5707963267948966,nan,-0.07604478278458701,-0.34103598783035743,-0.13114215013532085,0.09381234182952447,-1.5707958232833965,-0.0754894351085287,-0.3342064304773935,1.3486518500376488,-0.13633064746810597,0.2966391773024832,0.02529443467153003,0.06857010021751875,0.2874945815863339,0.008594868774509896,0.0005553476760583181,0.006829557352963922,-0.005188497332785119,0.007220845878008192,0.0015230985202337607,0.007052249338288883,0.0002942199215105008,8.492245912782861,-1.8935378821412472,-0.5906845732569153,0.23635648358158923,-1.570796397522062,1.3514074235989813,0.6113161503785388,0.7892295625783772,-0.3540796019842461,0,zero,0,-0.23635648358158923,-0.14254414175206476,1.7929474991745697,1.4354845076086897,1.2667782017926434,-0.34551043647879953,0.2554257914230776,1.7901920937550702,1.3992646704228313,1.3843064640105016,-0.12165786526426112,0.5752671555771021,-0.13043383971451541,0.1161803898290396,-0.09963050006512647,0.5906704139306881,1.8861452582523848,-7.617241566311474,-14.431886087345992,1.0,-0.21039490401744843,7.072716545764024e-08,5.742386655072096e-07,0.0,0.0,0.0,0,0.1624936659780858,-1.7326544586226629,3.1814951621548104,-0.6254552188735021,0.1624936659780858,0.07000148880319758,-4.552271055610454,-5.310307939237143,0.0033920749848410977,0.0007904488313751896,-0.0014049519664714588,0.040933219480680974,-0.07064658266528341,-0.10583890629403084,0.0,0.0,0.0,0.0,0.0,0.3046946671256062,-11.551029724151086,10.604983873849369,-2.0848507295783403,15.821864999349007,-1.8026559474258605,7.733766217765265,4.684852720363641,0.3046946671256062,-11.551029724151086,10.604983873849369,-2.0848507295783403,15.821864999349007,3.4099999999999713
0.0,0.0,0.0,0.0,0.0,0.0,0.0,0.0,0.0,0.0,0.0,0.0,0,0.0,-1.5707963267948966,nan,-0.07672871821544962,-0.3347801386468676,-0.13408826131646306,0.09295460152422086,-1.5707957808003112,-0.07738248094289508,-0.33360405564781187,1.3428723693336517,-0.13603242875735846,0.6629434115033324,-0.12091104035037853,-0.5653474353908172,0.3244329891889719,0.0023643950521650718,-0.0006537627274454672,0.0011760829990557498,-0.0019441674408954002,0.0025407815117656934,0.00020895558420671483,0.0009308691267649702,0.00235486537262643,12.616834766930126,-2.891564455361903,-0.5887801235158208,0.11888777886835089,-1.5707959018145092,1.345500247559378,-0.21470281607411737,0.7893198933652612,0.9673990465013665,0,zero,0,-0.11888777886835111,-0.02593317734412981,1.798726982944422,1.4341740899143,1.2679454206593601,-0.34651138508594015,0.051805239355096955,1.7960991518439948,1.4212851744731414,1.2962491166481531,-0.3051634228571778,0.5806071428045612,-0.13164460767050143,0.1172588484056394,-0.1005553322803073,0.588754348052575,2.276317250094954,-8.994992776982542,-19.66261965309902,1.0,-0.06998472660779953,-4.249803873257463e-07,1.2101419777366118e-07,0.0,0.0,0.0,1,0.3020798254180278,-4.105606567782779,9.0,9.0,0.3020798254180278,-0.6580064712775717,1.1778555362736247,-1.978575122282793,-0.0011913443659700182,0.0007905393017127381,0.003838541348126519,0.05330165935089561,-0.09172474669283386,-0.16322717237294085,0.0,0.0,0.0,0.0,0.0,0.5664350748509803,-27.370710451885195,30.0,30.0,50.49234238312736,-3.447600096505207,7.822144463726375,10.978575122282793,0.5664350748509803,-27.370710451885195,53.8581719190746,62.8018385672048,87.14499554891724,3.419999999999971
0.0,0.0,0.0,0.0,0.0,0.0,0.0,0.0,0.0,0.0,0.0,0.0,0,0.0,-1.5707963267948966,nan,-0.07645468063777923,-0.3248336679599266,-0.13410187383309422,0.092089036841839,-1.570795737992675,-0.07928819941324859,-0.33298492596254836,1.3370401660226225,-0.13573140604046133,0.9583820841431097,-0.21797560480238953,-0.9327341001677536,0.03146352335282876,0.00878220990930471,-0.0028335187754693625,-0.008151258002621786,-0.0016295322073671126,0.006008263277268585,-0.0013115456933866483,-0.00558775823801777,0.0017765228331202837,10.744512127730143,-2.5288028545373678,-0.5840481985363866,-0.0035451724576593957,-1.570795491763998,1.3396424302813856,-0.7003636113380399,0.7893194331025047,0.9668799731717161,0,zero,0,0.0035451724576596177,0.09563420929949817,1.8045591892697443,1.4328517181125309,1.269123287321606,-0.3475214647107572,0.14478525836240688,1.8019567354535442,1.4405463961576666,1.2208159950611812,-0.48376828382023607,0.5858113039553771,-0.1328245789496075,0.11830987568118127,-0.1014566407816681,0.5840236077017225,1.5370148847152234,-6.065969342725483,-15.567043352218544,1.0,-0.174400195479393,-8.35030898649336e-07,-2.4622867700330175e-07,0.0,0.0,0.0,1,0.3404046896951542,-4.5,9.0,9.0,0.3404046896951542,-1.6084052330799312,5.254376728003059,1.765556130453013,-0.003886182108621975,0.0007905388407389287,0.0038364817177746198,0.042568482398661754,-0.07165499954031421,-0.1437718361547666,0.0,0.0,0.0,0.0,0.0,0.6382986868463421,-30.0,30.0,30.0,51.96544453012626,-2.891594766920069,3.7456232719969407,7.234443869546987,0.6382986868463421,-35.6038313535768,69.88731755347331,96.04097054188662,124.00058632811024,3.429999999999971
0.0,0.0,0.0,0.0,0.0,0.0,0.0,0.0,0.0,0.0,0.0,0.0,0,0.0,-1.5707963267948966,nan,-0.07622886330653016,-0.31564374949876106,-0.1324902935658303,0.09121585096827367,-1.5707956948735613,-0.08120594946554714,-0.3323489183953868,1.3311566091340776,-0.13542764825554338,0.8914856833157709,-0.21435673835476232,-0.855391089400398,-0.1307822482345955,0.017676597723324777,-0.004977086159016986,-0.016705168896625766,-0.0029373546897130676,0.009692960560962964,-0.0022993391565577586,-0.00941112283456544,0.0003119148477143379,4.5814415649178235,-1.106401249641865,-0.5799708823572213,-0.07863581034843503,-1.5707953082573272,1.3338355282005805,-0.8176331514649074,0.789319433094658,0.9668800690172665,0,zero,0,0.07863581034843481,0.16985166131670848,1.8104427491182105,1.4315177026124528,1.2703115252909571,-0.3485404382505862,0.24449958503739236,1.80776348622642,1.446100012901901,1.1938262129210488,-0.5802950970001215,0.5908774957088987,-0.1339732675836369,0.11933303879273133,-0.10233405436757469,0.5799647516711747,-0.2024879758914664,-0.17816898698783512,-5.093802405779002,1.0,-0.4141741394996643,-1.018537569397182e-06,-3.866162341381596e-07,0.0,0.0,0.0,1,0.2621405688519961,-4.197598292513949,9.0,9.0,0.2621405688519961,-2.403586753293112,7.331399856082621,4.520926573744034,-0.004536888086701973,0.0007905388407310699,0.003836482098080047,0.00920066904218506,-0.020563788481414092,-0.06688958449296427,0.0,0.0,0.0,0.0,0.0,0.49154428811549994,-27.98398861675966,30.0,30.0,50.826619351380366,-1.7940115392208371,1.668600143917379,4.479073426255966,0.49154428811549994,-27.98398861675966,50.56594246846967,82.66224121196635,100.86280729089393,3.4399999999999706
0.0,0.0,0.0,0.0,0.0,0.0,0.0,0.0,0.0,0.0,0.0,0.0,0,0.0,-1.5707963267948966,nan,-0.07700363305635023,-0.31095891870014847,-0.13194359302960185,0.09033525022120714,-1.5707956514562196,-0.08313508308995188,-0.3316959225384927,1.3252230888010523,-0.1351212255175158,0.42007121268323705,-0.11543638745846602,-0.4031834941718493,-0.024027779820087747,0.021856700481415404,-0.006131450033601646,-0.02073700383834426,-0.003177632487913945,0.009236791013567877,-0.002298400786834524,-0.00894613823243918,4.767365621293103e-05,-3.99038168323964,0.9881063066941834,-0.5795625626278125,-0.07424426936274275,-1.5707954190251328,1.328051525490345,-0.8182321265020702,-0.5224650277823459,0.966880069016798,0,zero,0,0.07424426936274298,0.1645795195839499,1.816376272354029,1.4301723586080544,1.271509853816954,-0.3495680649478546,0.20702347055284578,1.8135475823825988,1.4323475905934688,1.230936774432076,-0.5525454269068389,0.5958036406928029,-0.13509020255726048,0.1203279181962151,-0.10318721325798158,0.5795800130575586,-2.090245613252068,6.149634959512553,8.17028847362938,1.0,-0.4838586151599884,-9.077697638026905e-07,-2.324310868218049e-07,0.0,0.0,0.0,1,0.13266516616276153,-1.2287821631558136,1.6102663294057182,9.0,0.13266516616276153,-2.5555780336531977,5.797342450397004,6.257253577434749,-0.0045402116832384725,-0.0005232721760900191,0.0038364820980781884,-0.04221457927770554,0.05329577969744195,0.04998793039298205,0.0,0.0,0.0,0.0,0.0,0.24876273422606698,-8.191881087705424,5.367554431352394,30.0,31.55914192791965,1.3267958704973841,-4.187076120991286,2.7427464225652507,0.24876273422606698,-8.191881087705424,5.367554431352394,34.212448303485345,35.5875126715149,3.4499999999999704
0.0,0.0,0.0,0.0,0.0,0.0,0.0,0.0,0.0,0.0,0.0,0.0,0,0.0,-1.5707963267948966,nan,-0.07958021331812166,-0.31352326839857664,-0.1321307080906359,0.08944744395222859,-1.5707956077540646,-0.08507494583171392,-0.3310258409592934,1.31924101560062,-0.13481220908657218,0.33336318553964606,0.06367175200093916,0.3234431277627514,0.04961314919776638,0.018539756719824826,-0.005494732513592254,-0.017502572560716745,-0.0026815009959362812,0.003975175496174328,-0.0011058316518537852,-0.003801077174479861,0.0003618962514193038,-10.990624746756042,2.7896090578741006,-0.5872318919079215,0.014593335235902893,-1.5707957613001027,1.3222248560712522,-0.058450429895666706,-0.7893382686081116,-0.969575139770626,0,zero,0,-0.014593335235902671,0.07485410871632592,1.8223583483974268,1.428816005928712,1.2727179880202906,-0.3506041005042969,0.07362624337047674,1.8193745114080297,1.4057403366287762,1.3151900422667568,-0.40606181885002945,0.6005877274830944,-0.13617492780801674,0.12129410766641775,-0.10401576909443211,0.5872576428305242,-2.814903648782323,9.259931045578888,17.7841511259117,1.0,-0.3254017233848572,-5.654947941025057e-07,1.535460381063558e-07,0.0,0.0,0.0,1,0.016368969321749284,1.6780432421010616,-9.0,-9.0,0.016368969321749284,-1.9342838327612182,0.24446935348008314,3.752247677219827,-0.00032433012113213065,-0.0007905577053432228,-0.0038471758656212812,-0.0643808294437342,0.09145722856763701,0.1405671216434274,0.0,0.0,0.0,0.0,0.0,0.03069373583676971,11.18695494734041,-30.0,-30.0,43.876518812449596,3.6123270748622796,-9.244469353480083,-12.752247677219827,0.03069373583676971,11.18695494734041,-46.83795213334559,-33.42324526587222,58.61788112212404,3.45999999999997
0.0,0.0,0.0,0.0,0.0,0.0,0.0,0.0,0.0,0.0,0.0,0.0,0,0.0,-1.5707963267948966,nan,-0.08347936270213993,-0.3208552181754785,-0.13019596045497733,0.08855264444894595,-1.5707955637806692,-0.08702487730983069,-0.3303385895413985,1.313211819894416,-0.13450067133653984,0.8410817355056023,0.19492179059014958,0.8019201194796766,-0.16232098856262256,0.01100161543006945,-0.0035455146076907584,-0.00948337136591998,-0.004304710881562507,0.0029832003897943362,0.000561264130826987,0.002807114415988186,-0.0008393901337682085,-11.704045408043005,3.0450464703696785,-0.6026859525386351,0.13782822320024612,-1.5707961332363423,1.3162658814388175,0.6465458297583352,-0.7893194331058881,-0.9668751216019171,0,zero,0,-0.13782822320024612,-0.04927557875129995,1.8283875468841322,1.4274489688896637,1.2739356390260037,-0.3516482971951714,0.18782833491760906,1.8253336754910545,1.3809961402554323,1.401187208404787,-0.2215739720193262,0.6052278106041048,-0.13722700222631157,0.12223121429698372,-0.10481938494005821,0.6027025451432954,-2.1083760989837894,7.631168185572236,17.616466464135826,1.0,-0.23608481884002686,-1.9355855407354738e-07,5.694556728386146e-07,0.0,0.0,0.0,1,-0.049925005560130145,2.5751651761761702,-9.0,-9.0,-0.049925005560130145,-0.91816115055242,-4.434048593793004,-0.32598263882442896,0.003587557656244727,-0.0007905388407423173,-0.0038364624672374767,-0.054195594479468166,0.08390361230998968,0.15497544931500765,0.0,0.0,0.0,0.0,0.0,-0.09361523637751762,17.16776784117447,-30.0,-30.0,45.76834076587163,3.49332632672859,-4.565951406206996,-8.67401736117557,-0.09361523637751762,17.16776784117447,-76.66880787433082,-87.47832737669025,117.5810566288439,3.46999999999997
0.0,0.0,0.0,0.0,0.0,0.0,0.0,0.0,0.0,0.0,0.0,0.0,0,0.0,-1.5707963267948966,nan,-0.08754227726940031,-0.32820698638573825,-0.12689846301484967,0.08765106683710555,-1.5707955195497556,-0.08898421174298893,-0.32963409780884756,1.307136951169151,-0.1341866857230672,0.8844756439072551,0.21035801341021398,0.8056259942810673,-0.29835118266550165,0.0075653164034738115,-0.0014419344735886186,-0.0014271114231093063,-0.007288222708217523,0.007866541786520471,0.0017734240900493929,0.0072294542839377324,-0.0025440985500486298,-6.979149535348266,1.8615007702726316,-0.6184776206479967,0.23312163008768416,-1.5707963512087033,1.3101395491216226,0.8098092175698111,-0.7893194330945255,-0.9668800690287702,0,zero,0,-0.23312163008768394,-0.1454705632505786,1.834462418324859,1.426071576142478,1.27516251409666,-0.3527004039834753,0.32291806960331787,1.831460067425805,1.3676551097551717,1.4519368173577487,-0.08887199814591284,0.6097220105284936,-0.1382459996554185,0.12313885850041706,-0.1055977352795806,0.6184828786961531,-0.7819715693564587,3.1167280419553833,9.557892663850016,1.0,-0.324995756149292,2.441380697604245e-08,8.316589479306913e-07,0.0,0.0,0.0,1,-0.05451437786770125,1.86765089251968,-9.0,-9.0,-0.05451437786770125,-0.02894679281585301,-6.954779757983457,-3.566954763203515,0.0044934745920115855,-0.000790538840730937,-0.003836482098125693,-0.027476914972736063,0.04549276033512499,0.10011257235944378,0.0,0.0,0.0,0.0,0.0,-0.10222084730489639,12.4510059501312,-30.0,-30.0,44.215811631947076,1.896597685335533,-2.0452202420165433,-5.4330452367964845,-0.10222084730489639,12.4510059501312,-68.74584287515863,-93.82267778945004,116.9774498716346,3.47999999999997
0.0,0.0,0.0,0.0,0.0,0.0,0.0,0.0,0.0,0.0,0.0,0.0,0,0.0,-1.5707963267948966,nan,-0.09087137817001718,-0.33231155598023965,-0.12585169316183806,0.08674292898270597,-1.5707954750751827,-0.09095227848227384,-0.32891230923299997,1.3010178773771393,-0.13387032675165408,0.5067508977077843,0.13610341613319588,0.4826358170348988,-0.07304108815985033,0.008709759351260437,-8.090031225665983e-05,0.0033992467472396815,-0.008018633589816027,0.008571378690337939,0.0020859469521013916,0.008023008516078586,-0.0021791494480940766,0.9430072973225848,-0.2578447857326164,-0.6300287236335745,0.25795425926069515,-1.570796290351747,1.3038731914314527,0.8385465822882838,-0.7893194330944565,-0.9668800690168144,0,zero,0,-0.2579542592606954,-0.1712113302779894,1.8405814947647885,1.424684160525527,1.2763983167655462,-0.3537601666341612,0.3401249744538557,1.837726435181082,1.3685104800429402,1.4489930843286125,-0.0661277437175143,0.6140685136772492,-0.1392315088914789,0.12401667400808146,-0.1063505060193089,0.6300240092367205,0.6710816797468389,-2.6709782828082385,-2.977520806364411,1.0,-0.36284875869750977,-3.644314983120012e-08,8.152765644808824e-07,0.0,0.0,0.0,1,0.016923879144595436,0.4795929284552685,-9.0,-9.0,0.016923879144595436,0.392276991156087,-8.089769601175052,-5.682693180911342,0.00465293266608901,-0.000790538840730868,-0.0038364820980782534,0.012873051416480609,-0.020094816973474594,-0.007917667803437608,0.0,0.0,0.0,0.0,0.0,0.03173425678716564,3.1972861897017903,-30.0,-30.0,42.54672309405169,0.08731593729918152,-0.9102303988249485,-3.3173068190886577,0.03173425678716564,3.1972861897017903,-35.63499876799134,-58.715368400133045,68.75733611477395,3.4899999999999696
0.0,0.0,0.0,0.0,0.0,0.0,0.0,0.0,0.0,0.0,0.0,0.0,0,0.0,-1.5707963267948966,nan,-0.09284122786557725,-0.3312412829901244,-0.12817710461933263,0.08582845139411632,-1.5707954303709382,-0.09292840255010267,-0.3281731815214152,1.294856084276813,-0.13355166994551668,0.266473142098528,-0.0006274372268758044,-0.03311452785305091,0.2644068263631977,0.0061892486210635735,-8.717468452541788e-05,0.0030681014687091723,-0.00537456532618405,0.005311666016949663,0.0013839988704137088,0.005118849060845912,0.000309398278257011,8.78500607174121,-2.46220326620136,-0.6339995518311636,0.19728781041164645,-1.5707959361813362,1.297529449007763,0.6303356133339125,0.789211174820141,-0.028791228912677047,0,zero,0,-0.19728781041164645,-0.11145935901753035,1.846743290443055,1.4232870589144566,1.2776427469698566,-0.3548273278283527,0.2198218070922659,1.8440701356472644,1.383047402718825,1.3906248303835314,-0.1706255362694487,0.6182655724196862,-0.14018313368350135,0.12486430787019989,-0.10707739448714122,0.633980997723633,1.9060075667783145,-7.603905951150123,-14.821428377516352,1.0,-0.14674289524555206,-3.9061356016389936e-07,5.058103980104534e-07,0.0,0.0,0.0,0,0.16028938668232381,-1.6110720298255097,3.2718992857158535,0.9069491105383154,0.16028938668232381,0.23826937072679752,-4.514596113329805,-5.009904777899388,0.003497610303147486,0.0007904304152099843,-0.00011424067766489209,0.04100316688713649,-0.07063622167735037,-0.11007492290279028,0.0,0.0,0.0,0.0,0.0,0.3005613851159269,-10.740480198836732,10.90633095238618,3.0231637017943847,15.605634420255099,-1.8493414005523072,7.786495399045659,5.9168538884377035,0.3005613851159269,-10.740480198836732,10.90633095238618,3.0231637017943847,15.605634420255099,3.4999999999999694
0.0,0.0,0.0,0.0,0.0,0.0,0.0,0.0,0.0,0.0,0.0,0.0,0,0.0,-1.5707963267948966,nan,-0.09317651695703603,-0.32451401212814496,-0.13042208161732166,0.0849078571241928,-1.5707953854511263,-0.09491190518480042,-0.32741668688811,1.288653074773247,-0.1332307918132865,0.6704505142535835,-0.16482135432389633,-0.5970776228674202,0.25658551302192023,0.00439612852725192,-0.0017353882277643812,-0.0029026747599650293,-0.0028087101959648475,0.0020034056208730173,-0.00017583191329392268,-0.0005669480135397039,0.0019134490246558392,12.226872551682899,-3.5105488473699538,-0.6309067555342622,0.07942921446032813,-1.5707954584727952,1.2911961541226322,-0.2242813887935624,0.7893199789692833,0.9669981769964135,0,zero,0,-0.07942921446032791,0.005478642663864441,1.8529463024522257,1.421880612072659,1.278895501183882,-0.35590162727756025,0.02953210394847305,1.8504032375770483,1.405658148744421,1.3032930213619514,-0.35320520791315624,0.622311505073448,-0.14110049273336245,0.12568142045585504,-0.10777810943256469,0.6308756475690144,2.3550278229832724,-8.878380850573182,-19.24421770494594,1.0,-0.08338790386915207,-8.68322101332808e-07,7.302166871170357e-08,0.0,0.0,0.0,1,0.3090913095080106,-4.11731249876485,9.0,9.0,0.3090913095080106,-0.5145187377369044,1.209934894072434,-1.580462351903312,-0.0012444940118480007,0.0007905393874490086,0.0038369507385683124,0.05480761013736131,-0.0908389773755622,-0.16112021859350611,0.0,0.0,0.0,0.0,0.0,0.5795824292293468,-27.448749991765666,30.0,30.0,50.534837408492045,-3.6027937610279457,7.790065105927566,10.580462351903313,0.5795824292293468,-27.448749991765666,54.05963749929524,66.2528035258848,89.80895374904125,3.509999999999969
0.0,0.0,0.0,0.0,0.0,0.0,0.0,0.0,0.0,0.0,0.0,0.0,0,0.0,-1.5707963267948966,nan,-0.09259582398782101,-0.3150280996391874,-0.1299841815949492,0.08398137167239672,-1.5707953403299626,-0.09690210439021642,-0.3266428123046083,1.282410368258673,-0.13290776981654223,0.9084177893483338,-0.2570892174631023,-0.8712037905455883,-0.011487802562817895,0.012727645866136485,-0.004306280402395404,-0.011614712665420912,-0.0029235882215930264,0.0065502132300014355,-0.0018279141975955566,-0.006175061476027202,0.0011969289084984057,9.874228736325293,-2.9022351688598897,-0.6251928177522572,-0.037455029978253895,-1.570795063593587,1.2849234859954308,-0.7126737080689449,0.7893194331046743,0.9668800612103079,0,zero,0,0.03745502997825412,0.12143640165065062,1.859189011397787,1.4204651645017423,1.2801562725521987,-0.3569828018378971,0.1742456892999499,1.8566756150845225,1.4258105536851062,1.229601341290445,-0.5236287403368143,0.6262046959045054,-0.14198321969580607,0.126467685452989,-0.108452371026655,0.6251652950114293,1.6286857126259218,-5.861143596927374,-14.524366782481936,1.0,-0.2553578317165375,-1.2632013097757522e-06,-2.7673637559288977e-07,0.0,0.0,0.0,1,0.3458572264157947,-4.5,9.0,9.0,0.3458572264157947,-1.501730511449764,5.270652983563832,2.0696829879654066,-0.003954488452493342,0.0007905388407411017,0.0038364820671028268,0.04450430459619933,-0.06985009223192701,-0.13611882619577492,0.0,0.0,0.0,0.0,0.0,0.648522832206628,-30.0,30.0,30.0,51.96557112034749,-2.998269488550236,3.7293470164361677,6.930317012034593,0.648522832206628,-35.98369675057913,69.22592280347001,95.41160109985564,123.25116237233422,3.519999999999969
0.0,0.0,0.0,0.0,0.0,0.0,0.0,0.0,0.0,0.0,0.0,0.0,0,0.0,-1.5707963267948966,nan,-0.09228423661976184,-0.3069084130533975,-0.12862805186564547,0.08304922288691197,-1.570795295021757,-0.09889831548974891,-0.3258515597312413,1.2761294999530048,-0.1325826823371724,0.7752091779810393,-0.23077984675916596,-0.7328434012422891,-0.10310422499339167,0.020450622179362745,-0.006614078869987064,-0.018943146677843803,-0.003954630471526943,0.009399096876499582,-0.0027522705797445356,-0.008986425403635204,0.00011039571819927273,3.506338342130756,-1.0542960842481506,-0.6201539739430872,-0.10309441208404357,-1.5707948948924177,1.2787116595846184,-0.8245601041242567,0.7893194330947233,0.9668800690167725,0,zero,0,0.1030944120840438,0.18614363497095532,1.8654698820576265,1.4190410642920037,1.281424751022856,-0.35807058562429533,0.26133113596303664,1.8628872775420715,1.4322778738427373,1.204838755535839,-0.6075634010435527,0.6299435951271565,-0.14283096317844374,0.12722278986840332,-0.10909991086207659,0.6201485348563207,-0.11064061033389455,0.04752611093566661,-3.724529309177373,1.0,-0.4979550242424011,-1.4319024788100876e-06,-4.0012933943955886e-07,0.0,0.0,0.0,1,0.25843094416388207,-4.250046722537272,9.0,9.0,0.25843094416388207,-2.3365406367224906,7.337776654222148,4.717266078701316,-0.004575324406145534,0.0007905388407311352,0.003836482098078087,0.011131012419015967,-0.018433347750964942,-0.056159613163020025,0.0,0.0,0.0,0.0,0.0,0.48458830707647116,-28.333644816915147,30.0,30.0,51.019900572604584,-1.9135060858147814,1.6622233457778517,4.282733921298684,0.48458830707647116,-28.333644816915147,49.19050615982091,78.61089063708567,96.96601609560784,3.5299999999999687
0.0,0.0,0.0,0.0,0.0,0.0,0.0,0.0,0.0,0.0,0.0,0.0,0,0.0,-1.5707963267948966,nan,-0.09330708746674019,-0.30349653638170115,-0.12885122051090414,0.08211164086676281,-1.5707952495409085,-0.10089985168411739,-0.325042946328191,1.2698120202443555,-0.13225560864456876,0.28350610726144676,-0.09786853473901375,-0.26032632686460166,0.05502423378623278,0.02309735284848711,-0.007592764217377201,-0.02154640994648982,-0.0034043881336646153,0.008114526593119915,-0.002482909491999589,-0.007712808346097746,0.00043964724649836256,-4.984064553068618,1.5322506603874784,-0.6188096099170862,-0.08761030100236122,-1.570795023983413,1.272532415340659,-0.8373752701653085,-0.6005805609275734,0.9668800690167922,0,zero,0,0.08761030100236145,0.16972194186912404,1.8717873640415164,1.4176086629728994,1.2827006234805665,-0.35916471012472145,0.2103412035230761,1.8690666461021346,1.4195824978346208,1.2437691145979939,-0.5658443201144233,0.6335267189040281,-0.14364338674175475,0.1279464340277592,-0.1097204719530828,0.618830961608312,-1.9691480203617497,6.282070179740308,9.527198487102279,1.0,-0.4707174599170685,-1.3028114835833549e-06,-2.2555749534802771e-07,0.0,0.0,0.0,0,0.11635072565447407,-1.333436319127719,1.1082676850837183,8.408386236373662,0.11635072565447407,-2.531969831518813,5.633977171660721,6.25679804877552,-0.004646433281851696,-0.0006015083887391912,0.0038364820980781654,-0.039856194819647243,0.05483284874899165,0.06130224426567801,0.0,0.0,0.0,0.0,0.0,0.21817124630503296,-8.88957546085146,3.6942256169457277,28.02795412124554,29.635884763212818,1.198533512391094,-4.525709486577003,2.1515881875981417,0.21817124630503296,-8.88957546085146,3.6942256169457277,28.02795412124554,29.635884763212818,3.5399999999999685
0.0,0.0,0.0,0.0,0.0,0.0,0.0,0.0,0.0,0.0,0.0,0.0,0,0.0,-1.5707963267948966,nan,-0.0965376097333674,-0.3071976275451691,-0.1297679318815585,0.08116885786393424,-1.5707952039018922,-0.10290602461220459,-0.3242170046458107,1.263459494029556,-0.13192662886264697,0.4852298850831263,0.1224349338540015,0.4527032845848211,0.12456911525761394,0.0182996141385276,-0.006368414878837186,-0.01701937710064161,-0.002158696981088476,0.002540520904656266,-0.0008375577230892439,-0.0021200980079719364,0.0011215738781205995,-11.688984774805778,3.6731911062705405,-0.6253316830917739,0.011212164151455095,-1.5707953792787452,1.266320338811375,-0.13762861348646885,-0.7894185151621012,-0.9651878168603183,0,zero,0,-0.011212164151455095,0.06995669371247892,1.8781398924505965,1.4161683153635167,1.2839835738798928,-0.3602649043143926,0.06842659685919524,1.8752790368527705,1.3944782865062118,1.328393246696638,-0.4075019477385755,0.6369526493460732,-0.14442016889908565,0.1286383315755771,-0.11031380873551544,0.6253629881944723,-2.6482761655168874,9.240874462984754,18.84513534954512,1.0,-0.31830039620399475,-9.475161513172736e-07,1.7537685303992134e-07,0.0,0.0,0.0,1,-0.010818464917325242,1.431903079746833,-9.0,-9.0,-0.010818464917325242,-1.9694334025374476,0.08061057726655449,3.6631425600367904,-0.0007636745352085573,-0.0007906380758688982,-0.0038297674130703873,-0.060992426529773144,0.09150985171269263,0.1496884541487199,0.0,0.0,0.0,0.0,0.0,-0.020285889588084083,9.546020531645555,-30.0,-30.0,43.48708911283802,3.4013364822842806,-9.080610577266555,-12.66314256003679,-0.020285889588084083,9.546020531645555,-48.01504394520607,-40.110695195702625,63.28853951269966,3.5499999999999683
0.0,0.0,0.0,0.0,0.0,0.0,0.0,0.0,0.0,0.0,0.0,0.0,0,0.0,-1.5707963267948966,nan,-0.10130722652753832,-0.3153808062403849,-0.12817327515042173,0.08022110818548844,-1.5707951581192503,-0.10491614491426299,-0.32337378279379525,1.257073500054678,-0.13159582393669783,0.9523027308294034,0.27594964921125176,0.902640054723125,-0.12638518051876213,0.009414128015904983,-0.003608918386724669,-0.007992976553410358,-0.0034225487862760973,0.00477165729926786,0.0012790287813221977,0.004596067191422722,-9.468437111451915e-05,-12.170865043304017,3.9094571330279684,-0.6391550421396656,0.14221808325618523,-1.5707957528405818,1.2599895866322528,0.590878930345535,-0.7893194318729955,-0.9668831102925873,0,zero,0,-0.14221808325618523,-0.06199697507069679,1.884525888536858,1.414720379423045,1.2852732833784377,-0.3613708947699922,0.20008988053918175,1.8816100327397731,1.3714560863774439,1.413711514862756,-0.21419997468181828,0.6402200345125747,-0.14516100311665106,0.12929820947523737,-0.11087968706680543,0.6391766703347123,-1.9400444291425447,7.5426502842421455,18.385945569636956,1.0,-0.22145546972751617,-5.739543147420534e-07,5.947213317369915e-07,0.0,0.0,0.0,1,-0.07922522484851686,2.2089981585828893,-9.0,-9.0,-0.07922522484851686,-1.0298438131681968,-4.526045617547125,-0.40989248719535576,0.003278672806948826,-0.00079053883950752,-0.0038364941655522162,-0.05053752359636002,0.08314593005431926,0.16164793368474065,0.0,0.0,0.0,0.0,0.0,-0.1485565813773052,14.726654390552596,-30.0,-30.0,44.90986994633421,3.238841971751086,-4.473954382452875,-8.590107512804645,-0.1485565813773052,14.726654390552596,-76.72784109815318,-93.14343158444878,121.57202336683793,3.559999999999968
0.0,0.0,0.0,0.0,0.0,0.0,0.0,0.0,0.0,0.0,0.0,0.0,0,0.0,-1.5707963267948966,nan,-0.1061755601340036,-0.323325547140044,-0.12488851145082688,0.07926862809568669,-1.5707951122075785,-0.10692952279676142,-0.32251334458881686,1.2506556302555496,-0.13126327560006543,0.9715838965311627,0.2854955723966851,0.8805179104637517,-0.2952215362962446,0.0064703748453601795,-0.0007539626627578178,0.0008122025512271591,-0.006374764149238543,0.009550792515768536,0.002751120508637116,0.008918379708298077,-0.0020276777369280475,-7.350444489057729,2.4137389097203106,-0.6530715797013452,0.24330261289301647,-1.5707959656056882,1.2535089224723563,0.7848685580239645,-0.7893194330837576,-0.9668800690092755,0,zero,0,-0.24330261289301625,-0.16403398479732978,1.890943760362627,1.4132652161012473,1.2865694304700313,-0.36248240578388585,0.3417097499801111,1.888090794834009,1.359520147447183,1.4635747679299809,-0.07518814561633247,0.6433275884111411,-0.14586559781353275,0.12992580800897954,-0.11141788422597215,0.6530797455479773,-0.6664532973371533,3.036483371240202,10.106640866010267,1.0,-0.33681586384773254,-3.611892083199564e-07,8.533981095126819e-07,0.0,0.0,0.0,1,-0.07617498070095155,1.5106880778737732,-9.0,-9.0,-0.07617498070095155,-0.2126354117867704,-6.998213272685429,-3.627089475126276,0.004355083700001751,-0.0007905388407201526,-0.00383648209804834,-0.02472698948803373,0.044676829601101385,0.10487293882265578,0.0,0.0,0.0,0.0,0.0,-0.14283701612779215,10.071253852491822,-30.0,-30.0,43.605625285902136,1.7233234896605436,-2.0017867273145713,-5.372910524873724,-0.14283701612779215,10.071253852491822,-68.12027302458547,-98.37200409173202,120.0786131771279,3.569999999999968
0.0,0.0,0.0,0.0,0.0,0.0,0.0,0.0,0.0,0.0,0.0,0.0,0,0.0,-1.5707963267948966,nan,-0.1100825215095481,-0.3279036410630188,-0.12374583936261069,0.07831165571810583,-1.5707950661815184,-0.1089454685981309,-0.32163576968028534,1.2442074890982773,-0.13092906634065712,0.583042660929761,0.1891015574175023,0.5455668831506277,-0.08084628288078932,0.009600929684774556,0.001137052911417205,0.0062678713827334365,-0.007183226978046436,0.010227902821384135,0.003089289707053676,0.009565768734596691,-0.0018874198647312688,0.5567622027979312,-0.18689213278391242,-0.6627925591983197,0.2725070386066579,-1.570795901047394,1.2469067351447236,0.8222889263654457,-0.7893194330923847,-0.9668800690167773,0,zero,0,-0.2725070386066579,-0.1941953828885521,1.8973919034600464,1.4118031891889316,1.2878716911179213,-0.3635991594783375,0.3632096319014985,1.8946930052845068,1.3610227422600043,1.4601430879379682,-0.04791282036619209,0.646274090997709,-0.14653367636168008,0.13052088077790253,-0.11192818891362366,0.6627876992817396,0.6980192015766062,-2.69367756097854,-2.5829526974721246,1.0,-0.4079360365867615,-4.257475025859492e-07,8.348658755430449e-07,0.0,0.0,0.0,1,0.007353088257153295,0.22293651473418494,-9.0,-9.0,0.007353088257153295,0.167076493115834,-8.108858656896947,-5.733283392204552,0.004562722080398014,-0.000790538840728793,-0.003836482098078106,0.013861898518604799,-0.02043972095918712,0.007204000270172527,0.0,0.0,0.0,0.0,0.0,0.013787902226051557,1.486243431561233,-30.0,-30.0,42.452433494961234,0.055860021618350936,-0.8911413431030528,-3.2667166077954484,0.013787902226051557,1.486243431561233,-34.9497260314795,-62.418681199679256,71.55266746968121,3.5799999999999677
0.0,0.0,0.0,0.0,0.0,0.0,0.0,0.0,0.0,0.0,0.0,0.0,0,0.0,-1.5707963267948966,nan,-0.11229034857528526,-0.32723717482051234,-0.12605850708131144,0.07735043093776461,-1.5707950200557474,-0.11096329335464747,-0.3207411536539314,1.237730692919761,-0.13059327936727824,0.2665045113572651,0.019000230922058825,0.022814978384749773,0.2648454692079638,0.008032653748348804,0.0013270552206377934,0.006496021166580934,-0.004534772285966798,0.006892028321427384,0.0021823322047384614,0.006517743368786211,0.0005064601762842878,8.481104710026008,-2.9101778582841735,-0.6652205525455185,0.21458550016329414,-1.570795547901412,1.2402441425852306,0.6203985260028503,0.7891929956918138,-0.2286873693141363,0,zero,0,-0.21458550016329436,-0.13723506922552975,1.9038687014905609,1.4103346651684217,1.28917973888796,-0.36472087591972485,0.24517717522217372,1.9013555404806888,1.3752218325332715,1.401914441768492,-0.1498639304363706,0.6490583881765449,-0.14716497708591061,0.13108319470196542,-0.11241040125195723,0.6651986925194477,1.8322967362907028,-7.573018353437081,-14.707231568532183,1.0,-0.1926487237215042,-7.788934848207418e-07,5.278456645108065e-07,0.0,0.0,0.0,0,0.16288640997001783,-1.72324725885988,3.350706652084445,-0.02758280731232876,0.16288640997001783,0.015198546217573293,-4.496966164802329,-5.216851533506387,0.003442471329087983,0.0007904122079969971,-0.0009074082986553284,0.03985417601703328,-0.07039920072800444,-0.10844945494484284,0.0,0.0,0.0,0.0,0.0,0.30543110813804203,-11.488315059065867,11.169022173614817,-0.09194269104109587,16.025922152291685,-1.7384458050774532,7.8476728168867735,5.189268726194058,0.30543110813804203,-11.488315059065867,11.169022173614817,-0.09194269104109587,16.025922152291685,3.5899999999999674
0.0,0.0,0.0,0.0,0.0,0.0,0.0,0.0,0.0,0.0,0.0,0.0,0,0.0,-1.5707963267948966,nan,-0.11237849739887742,-0.3205460016996061,-0.12836549146128384,0.07638519530323662,-1.570794973844962,-0.11298230936568374,-0.3198296081129578,1.2312268692682182,-0.1302559985758027,0.6642626088769309,-0.19308671874441047,-0.5779627579932611,0.2644265171447946,0.0021099350256099715,-0.0006038119668063113,0.0007163935866483229,-0.0018905071145188523,0.0021600336108360393,0.00016734715996109427,0.0004912078121884539,0.0020967725230075307,12.249286020733447,-4.294297190307842,-0.6610110096689081,0.09579424321662144,-1.5707950694815522,1.2336054269242434,-0.19167085635678974,0.7893200813723293,0.9672450403640128,0,zero,0,-0.09579424321662167,-0.019409047913384825,1.910372526904399,1.408860013064029,1.2904932450817939,-0.36584727323275573,0.04178907934561584,1.9079940240135747,1.3966370921905369,1.3148774000147887,-0.3342769854596522,0.6516793918002396,-0.14775925326390862,0.13161253001998593,-0.11286433278475827,0.6609744077359365,2.211390467483622,-8.855890354271011,-19.624717068144808,1.0,-0.06626824289560318,-1.257313344105171e-06,9.563659020273008e-08,0.0,0.0,0.0,1,0.31843976289942433,-4.077781499467422,9.0,9.0,0.31843976289942433,-0.6934918557512082,1.2323369067563743,-1.8366022724875175,-0.0010635444798380426,0.0007905394900102555,0.003837930267385603,0.051971690108811676,-0.0905809774993208,-0.16343537287308646,0.0,0.0,0.0,0.0,0.0,0.5971118749286036,-27.185209996449483,30.0,30.0,50.39238221340838,-3.3842896437162135,7.767663093243626,10.836602272487518,0.5971118749286036,-27.185209996449483,53.87690975510719,64.45031472440566,88.29471477940875,3.5999999999999672
0.0,0.0,0.0,0.0,0.0,0.0,0.0,0.0,0.0,0.0,0.0,0.0,0,0.0,-1.5707963267948966,nan,-0.11118833334538769,-0.31060270726369044,-0.12774147273169145,0.07541619192877769,-1.5707949275638748,-0.11500183075753724,-0.31890126073654934,1.2246976562436993,-0.12991730851517064,0.9573544985693487,-0.32096854453432383,-0.9014947059507228,-0.028532866896033293,0.0093884510762446,-0.0038134974121495496,-0.008298553472858905,-0.0021758357834791853,0.006142403558520576,-0.002024642143776365,-0.0056724532526843995,0.0012054956497146952,10.229213177289493,-3.6617211202531177,-0.6542424908155381,-0.025692353329415774,-1.570794666048489,1.2270385344702532,-0.6898012926719492,0.7893194331071072,0.9668800194090592,0,zero,0,0.025692353329415774,0.10110854525819324,1.916901741600057,1.407379604292524,1.2918118788700519,-0.36697806771468366,0.15275757721600522,1.9145605746330208,1.4151898425958043,1.2412084973023256,-0.5108797504209444,0.6541360796697139,-0.14831627312622658,0.1321086802896419,-0.11328980647740132,0.6542093392366134,1.4628279966424171,-5.8732282833217155,-15.275253667355798,1.0,-0.18768352270126343,-1.6607464075057976e-06,-2.615153857910002e-07,0.0,0.0,0.0,1,0.35152989346242947,-4.5,9.0,9.0,0.35152989346242947,-1.628845433779159,5.284049144621722,1.8769362421547422,-0.0038275738469115963,0.0007905388407435382,0.0038364819012397097,0.04102653355992659,-0.06989550630902176,-0.14173386598456852,0.0,0.0,0.0,0.0,0.0,0.6591597477262882,-30.0,30.0,30.0,51.965704955990184,-2.871154566220841,3.715950855378278,7.123063757845258,0.6591597477262882,-35.1806124952943,69.05360997150919,96.15614712410965,123.50107557008488,3.609999999999967
0.0,0.0,0.0,0.0,0.0,0.0,0.0,0.0,0.0,0.0,0.0,0.0,0,0.0,-1.5707963267948966,nan,-0.1102044899280011,-0.30166578308804004,-0.12581094422023473,0.07444366539644309,-1.570794881227197,-0.11702117404504482,-0.31795625531557326,1.218144701838607,-0.12957729435322263,0.8684447688929978,-0.30031867048941757,-0.799191875467431,-0.15905143495087148,0.018056357912708897,-0.006816684117043725,-0.016290472227533215,-0.0037663501329879,0.009692916525661947,-0.0033459639342619443,-0.009093486929860421,-0.00025622564377223355,4.129251510876285,-1.5084665199175429,-0.647969326702074,-0.09814015159539013,-1.5707944817306563,1.220544281378178,-0.8122080562837584,0.7893194330947968,0.9668800690170333,0,zero,0,0.09814015159539036,0.17258381699183323,1.9234546975837823,1.405893812513607,1.2931353074255338,-0.368112973949524,0.2481918345541369,1.921054618746957,1.4199994947881474,1.2161104964304648,-0.6036159135907707,0.6564274955342165,-0.14883581985628458,0.1325714523874706,-0.1136866567168497,0.6479602761069544,-0.27462147414549803,-0.0003802298169000018,-4.6711595313147,1.0,-0.4264962077140808,-1.8450642400580364e-06,-3.9949654073723195e-07,0.0,0.0,0.0,1,0.2534698069249547,-4.0940817791582385,9.0,9.0,0.2534698069249547,-2.401082627518236,7.344633165140219,4.593785632936103,-0.0045067852836875874,0.0007905388407312089,0.0038364820980791216,0.007631950882209566,-0.01881552309697962,-0.06360849109857912,0.0,0.0,0.0,0.0,0.0,0.47528559333387344,-27.29387852772159,30.0,30.0,50.449793869561574,-1.6929991516400023,1.6553668348597812,4.406214367063897,0.47528559333387344,-27.29387852772159,49.245192658720924,81.4382022569683,99.00733047771094,3.619999999999967
0.0,0.0,0.0,0.0,0.0,0.0,0.0,0.0,0.0,0.0,0.0,0.0,0,0.0,-1.5707963267948966,nan,-0.11077374597096694,-0.2972628651383032,-0.12531687711554262,0.07346786165821251,-1.5707948348496323,-0.11903965869017526,-0.3169947517653507,1.211569663278214,-0.12923604184236676,0.3737238139402619,-0.14492286021645928,-0.34414143995142865,-0.01528145938362313,0.02174931068103558,-0.008265912719208318,-0.0197318866270475,-0.003919164726824131,0.008935533570793002,-0.0031911470671814428,-0.008341836810676243,-0.00027221170884958717,-4.2335229147611395,1.577555728669833,-0.6451561775464957,-0.08999886362531684,-1.5707945948495576,1.2140962494624419,-0.8052355391499616,-0.5843800001834585,0.9668800690167956,0,zero,0,0.08999886362531662,0.16346672528352935,1.9300297376290554,1.4044030134803795,1.2944631960564,-0.36925170492226944,0.2060888734140828,1.9275027595393095,1.4056743574773438,1.254501080021426,-0.5714091957388812,0.6585527490913226,-0.1493176915903699,0.13300066650886858,-0.11405472931165524,0.6451779202525955,-2.133262131904396,6.233335343362425,8.617969114533011,1.0,-0.48020806908607483,-1.7319453391451134e-06,-2.4000007492475106e-07,0.0,0.0,0.0,1,0.0994590588609854,-1.1237410397346677,1.2329162946713415,9.0,0.0994590588609854,-2.5262199082815235,5.678464950677589,6.300835951173569,-0.004468096135795318,-0.0005852827999941716,0.003836482098078179,-0.043305439027371315,0.054320409471997635,0.0536412165194701,0.0,0.0,0.0,0.0,0.0,0.18649739145131333,-7.491606931564451,4.109720982237805,30.0,31.193729534089513,1.4024788685468559,-4.445548656006247,2.6991640488264306,0.18649739145131333,-7.491606931564451,4.109720982237805,32.17940417649476,33.295086955887896,3.6299999999999666
0.0,0.0,0.0,0.0,0.0,0.0,0.0,0.0,0.0,0.0,0.0,0.0,0,0.0,-1.5707963267948966,nan,-0.11402090437906734,-0.3000340571360323,-0.12577749163181115,0.0724890279381123,-1.5707947884458637,-0.12105660765679212,-0.3160169261154228,1.2049742063611821,-0.12889363728508418,0.4026585181620497,0.12302094414835402,0.3749017647657005,0.08030190735510978,0.017738759402984264,-0.007035703277724778,-0.015982868979390497,-0.0031161456532730336,0.0033421204603503937,-0.0013049820847933899,-0.003056469847837591,0.0003532463717020734,-11.013069020805434,4.185156396573487,-0.6500275978742318,0.00316801933184907,-1.5707949380445632,1.2076309615450418,-0.03219282809646637,-0.7894080288212407,-0.9684685023411639,0,zero,0,-0.00316801933184907,0.06932100860626322,1.9366251959360756,1.402907584889817,1.2957952083393574,-0.3703939721331063,0.07046134852769431,1.9339683926626452,1.3788929521681992,1.3389084421269175,-0.4206163727162374,0.6605110159869354,-0.14976170141763767,0.13339615616809197,-0.1143938814919586,0.6500633637385176,-2.8167676340360526,9.238589249691888,18.20329789591075,1.0,-0.3059552013874054,-1.3887503333975815e-06,1.4959869965025518e-07,0.0,0.0,0.0,1,-0.0365161610958279,1.7241930884494234,-9.0,-9.0,-0.0365161610958279,-1.8904388396078848,0.12298578277380788,3.776871565122945,-0.00017863177148140803,-0.0007906275733278485,-0.0038427848404846143,-0.06457132069033601,0.09139898355965122,0.144014594623723,0.0,0.0,0.0,0.0,0.0,-0.0684720815597748,11.494620589662823,-30.0,-30.0,43.956011999796495,3.6146319280573085,-9.122985782773808,-12.776871565122946,-0.0684720815597748,11.494620589662823,-47.43780485241559,-35.76744202280851,60.5126947755352,3.6399999999999664
0.0,0.0,0.0,0.0,0.0,0.0,0.0,0.0,0.0,0.0,0.0,0.0,0,0.0,-1.5707963267948966,nan,-0.11917437281016564,-0.307498054152861,-0.12406835672633415,0.07150741263433535,-1.57079474203054,-0.12307134796077274,-0.3150229704762832,1.19836000480008,-0.1285501674992745,0.9124342091659942,0.3138728127117685,0.8457952655968326,-0.13656651196673197,0.009586313619082094,-0.003896975150607093,-0.0075249163234221705,-0.004481810772940353,0.0038554515548257086,0.0012203375068813365,0.003594626470294484,-0.0006737533673124288,-11.67559826708786,4.524916934900572,-0.6621816309373814,0.13077131522139407,-1.5707952974954784,1.2010631617664613,0.6524259755797054,-0.7893194322560521,-0.9668769583951323,0,zero,0,-0.13077131522139407,-0.059263902587058936,1.9432393987912422,1.4014079062332376,1.2971310062528516,-0.37153948571163026,0.19462274909969574,1.9405364938009448,1.3542886358466744,1.4244317291760287,-0.232094123389282,0.6623015378152861,-0.1501676773801105,0.13375776819825644,-0.1147039819094892,0.6622087237506029,-2.086539564304794,7.574370024716988,18.00958848919525,1.0,-0.21963630616664886,-1.0292994181426707e-06,5.554649384897914e-07,0.0,0.0,0.0,1,-0.106719176056674,2.544846884456445,-9.0,-9.0,-0.106719176056674,-0.8799803495212695,-4.502622471163681,-0.31294710407135784,0.003620185447176697,-0.0007905388398911683,-0.003836469755446753,-0.053798113228831136,0.08340050082359256,0.1582066577755708,0.0,0.0,0.0,0.0,0.0,-0.20011096204139134,16.9656458963763,-30.0,-30.0,45.69325097953044,3.4248272339777146,-4.497377528836319,-8.687052895928643,-0.20011096204139134,16.9656458963763,-76.49606036381883,-89.8495436361746,119.21602630473899,3.649999999999966
0.0,0.0,0.0,0.0,0.0,0.0,0.0,0.0,0.0,0.0,0.0,0.0,0,0.0,-1.5707963267948966,nan,-0.12449800401843542,-0.31495393715042985,-0.12080545179003113,0.07052326522136854,-1.5707946956182726,-0.1250832112146671,-0.31401309298309016,1.1917287395619016,-0.12820571978344183,0.9547476117712368,0.3311767954375419,0.8465760490761864,-0.29184572204703496,0.007482754946143655,-0.000585207196231674,0.0009408441673396939,-0.007400267993410703,0.008901068962987582,0.0030160655575311467,0.008026052799233185,-0.002390576018547897,-7.078080657820249,2.7978461171645783,-0.6744912292440468,0.2301162730208408,-1.5707954951588705,1.1943614720498623,0.8094877956461675,-0.7893194330874121,-0.966880069024287,0,zero,0,-0.2301162730208408,-0.15959300779947228,1.949870665226638,1.3999043586467759,1.2984702503102523,-0.3726879545310621,0.3335361252364933,1.947238331046797,1.3412018881599466,1.4746347601311558,-0.0956329002677567,0.6639236221189339,-0.1505354624726788,0.13408536275133728,-0.11498491063756529,0.6745028253623037,-0.7567890631310172,3.0671829887443733,9.921382098327577,1.0,-0.3379022777080536,-8.316360258220357e-07,7.995405981731096e-07,0.0,0.0,0.0,1,-0.09935118784667232,1.8021586303049828,-9.0,-9.0,-0.09935118784667232,-0.010802511696459897,-6.987286087985794,-3.5606813724523634,0.00449169108397553,-0.0007905388407238128,-0.0038364820981079037,-0.02692371444808335,0.044993794059224206,0.10311342746898587,0.0,0.0,0.0,0.0,0.0,-0.18629512065755172,12.014390868699886,-30.0,-30.0,44.095127778677316,1.8129611420014426,-2.012713912014206,-5.439318627547637,-0.18629512065755172,12.014390868699886,-68.24795759675855,-96.22018021209409,118.57692477878948,3.659999999999966
0.0,0.0,0.0,0.0,0.0,0.0,0.0,0.0,0.0,0.0,0.0,0.0,0,0.0,-1.5707963267948966,nan,-0.12869812699080455,-0.3192057889892679,-0.1196323066703987,0.06953683615211315,-1.570794649223618,-0.12709153416608734,-0.31298751771642,1.1850820982085828,-0.12786038188172932,0.5774122355460094,0.21918000209488753,0.5277427105508159,-0.08278072179199181,0.01043787621168555,0.0016065928247172012,0.006218271272847853,-0.008228075211330621,0.009745775060121038,0.0034657763668081067,0.0088533172669975,-0.0021417980921729215,0.5956105781711407,-0.2401167926433294,-0.682672916846313,0.2585305539863054,-1.5707954250148455,1.187553813987015,0.8373282175535911,-0.7893194330931023,-0.9668800690168059,0,zero,0,-0.2585305539863052,-0.18899371783419205,1.9565173076795137,1.3983973247618526,1.2998125996930443,-0.373839086322464,0.35387754600645205,1.954046024663089,1.342231891200611,1.4713553588072217,-0.06946803612850354,0.6653766423887655,-0.15086491464310045,0.1343788132981692,-0.1152365591710938,0.6826675967453395,0.6811714361513235,-2.691955754035531,-2.6529762231227294,1.0,-0.4071226418018341,-9.017800510768836e-07,7.757912277028822e-07,0.0,0.0,0.0,1,-0.008974062232434618,0.41854176774586943,-9.0,-9.0,-0.008974062232434618,0.3886300507120241,-8.104018786930187,-5.691866010920559,0.004646172196017337,-0.0007905388407295116,-0.0038364820980782196,0.013178957403592682,-0.020353646236178965,0.0064875274951486615,0.0,0.0,0.0,0.0,0.0,-0.016827418399464875,2.7902784516391295,-30.0,-30.0,42.51806600728321,0.02991171703384532,-0.8959812130698133,-3.3081339890794412,-0.016827418399464875,2.7902784516391295,-35.12610031751525,-61.11174844562704,70.54271513485597,3.6699999999999657
0.0,0.0,0.0,0.0,0.0,0.0,0.0,0.0,0.0,0.0,0.0,0.0,0,0.0,-1.5707963267948966,nan,-0.1309004864965387,-0.3183596012832119,-0.12179592489215224,0.06854837676001302,-1.5707946028610678,-0.12909565922901414,-0.31194648460017066,1.1784217742375205,-0.12751424194879837,0.25251034876206285,0.01982344428073657,0.01948454101933783,0.2509758154684488,0.0087797845654795,0.001804827267524567,0.006413116683041231,-0.005718317056646133,0.006501032868783838,0.002438358264116523,0.006021451187070729,0.0002448733112182253,8.273241989079335,-3.4016350459078235,-0.6836068989451478,0.2004626569803054,-1.5707950802131707,1.1807008745223393,0.6155873810388997,0.7891909382224411,-0.1917878620359857,0,zero,0,-0.20046265698030563,-0.1319142802202924,1.96317763265177,1.396887188555647,1.3011577123840141,-0.3749925877889547,0.23565236147386057,1.9608988711076631,1.3567189811041607,1.4129309323651258,-0.1714732886568564,0.6666600380639949,-0.1511559067920008,0.13463800662844627,-0.1154588304265703,0.6835807106753924,1.8905781953496492,-7.605000057987544,-14.65968251600895,1.0,-0.19350530207157135,-1.2465817258444645e-06,4.773521027345851e-07,0.0,0.0,0.0,0,0.15383940859826292,-1.63935775307529,3.365114396513023,0.2055455215775588,0.15383940859826292,0.2215779631262837,-4.489905804537716,-5.146681989538215,0.0034157752169853405,0.0007904101473490712,-0.0007609947943988132,0.040786211537952546,-0.07064821860920087,-0.10830718135823517,0.0,0.0,0.0,0.0,0.0,0.288466920304262,-10.9290516871686,11.217047988376743,0.6851517385918626,15.678615449820652,-1.8609357162015738,7.855020201050738,5.352227511115774,0.288466920304262,-10.9290516871686,11.217047988376743,0.6851517385918626,15.678615449820652,3.6799999999999655
0.0,0.0,0.0,0.0,0.0,0.0,0.0,0.0,0.0,0.0,0.0,0.0,0,0.0,-1.5707963267948966,nan,-0.130674741618526,-0.3117531869362266,-0.12393134557386026,0.06755813916117392,-1.5707945565450425,-0.13109493500721503,-0.3108902492767602,1.171749466422087,-0.12716738851456505,0.6474325362613413,-0.22250206562136055,-0.5550179023574797,0.24822741159413464,0.0033753811343474483,-0.00042019338868903855,0.000862937659466434,-0.0032360429407047864,0.0018472492480769744,0.0001419737949221615,0.0003136263603515341,0.0018148861485418298,11.841233775289023,-4.9632635928391355,-0.6779698180481928,0.0826022250038434,-1.5707946134061106,1.1738867189557702,-0.2339327445857004,0.7893200891685332,0.967184321814848,0,zero,0,-0.08260222500384362,-0.015044085842669475,1.9698499413694421,1.3953743352015677,1.30250524530044,-0.37614816471992635,0.03559770872384806,1.9677127315311627,1.3790795228223764,1.3254501724933938,-0.35445395797867646,0.667773314532164,-0.1514083267728729,0.13486284285072223,-0.11565163874207923,0.6779274255275635,2.32739083289701,-8.908481247112425,-19.420438226524585,1.0,-0.07510789483785629,-1.7133887859621666e-06,5.6861067854185876e-08,0.0,0.0,0.0,1,0.31434447585025393,-4.105399740594558,9.0,9.0,0.31434447585025393,-0.5318089332041323,1.2383701429872866,-1.7624805954783218,-0.0012980475169076012,0.0007905394978185036,0.003837689342337754,0.0542229307437958,-0.09103481326164395,-0.16201205288364248,0.0,0.0,0.0,0.0,0.0,0.5894327317649615,-27.369331603963722,30.0,30.0,50.49185818914771,-3.573590807390426,7.761629857012713,10.762480595478323,0.5894327317649615,-27.369331603963722,54.212964966891285,64.63011127920413,88.68779283450849,3.6899999999999653
0.0,0.0,0.0,0.0,0.0,0.0,0.0,0.0,0.0,0.0,0.0,0.0,0,0.0,-1.5707963267948966,nan,-0.12904795648167303,-0.3021538596314367,-0.1233327965561713,0.06656637615649585,-1.5707945102898768,-0.13308871680898257,-0.3098190829598226,1.165066878152151,-0.1268199104487859,0.9268283088827769,-0.36205669386205064,-0.8528160987852307,-0.025107095190982087,0.009340415194029414,-0.004040760327309545,-0.007665223328385873,-0.0034871138926146072,0.006027165469966019,-0.0023149648786997177,-0.005466681032237442,0.001040701544398239,9.776513071067287,-4.175390354850899,-0.6697917652786314,-0.03688340487034414,-1.5707942150187304,1.1671588607851253,-0.7141299012291351,0.7893194331073714,0.9668800356429813,0,zero,0,0.03688340487034392,0.10344978102684,1.9765325304421815,1.3938591509197233,1.3038548544272799,-0.3773055221052595,0.16007502673111487,1.974440191504881,1.3990197818163836,1.2511106972861177,-0.5283388233237505,0.6687160431291433,-0.15162207739207753,0.1350532353924104,-0.11581490987729383,0.6697542912887038,1.6141089746378523,-5.951332209453316,-14.968033812112557,1.0,-0.19157178699970245,-2.1117761663802526e-06,-2.952711462000934e-07,0.0,0.0,0.0,1,0.34719371586777475,-4.5,9.0,9.0,0.34719371586777475,-1.515299327598495,5.287739277584996,1.9303747871378512,-0.0039625685864612065,0.0007905388407438028,0.0038364819656542667,0.04411336078782326,-0.07057504138427324,-0.13936301494765987,0.0,0.0,0.0,0.0,0.0,0.6510289065587376,-30.0,30.0,30.0,51.96560245621305,-2.9847006724015053,3.712260722415004,7.069625212862149,0.6510289065587376,-35.918541986176834,69.60017072222415,95.49223827722342,123.50512877126474,3.699999999999965
0.0,0.0,0.0,0.0,0.0,0.0,0.0,0.0,0.0,0.0,0.0,0.0,0,0.0,-1.5707963267948966,nan,-0.12773456028636967,-0.2936642854705508,-0.1217248905868675,0.0655733411337911,-1.5707944641098095,-0.13507636715240257,-0.30873327226463043,1.1583757167745927,-0.1264718969255114,0.8203654714962157,-0.33010465387233456,-0.7403763465693769,-0.12598924460292815,0.017421554472474596,-0.0073418068660328906,-0.015068986794079642,-0.004747006338643889,0.009346173320715474,-0.003737392863336942,-0.008565137041087807,-0.00014586909651265363,3.7676209593738528,-1.6387639809176133,-0.6620497176030623,-0.10664132708276997,-1.5707940322263982,1.1605182396834568,-0.8248956959806044,0.7893194330948057,0.9668800690169201,0,zero,0,0.10664132708276997,0.17221466821656106,1.9832236925227404,1.3923420228273957,1.3052061949503604,-0.37846436424953966,0.2526714795179143,1.981080576971664,1.405457821187566,1.2250527224709866,-0.6177167002890863,0.6694878611391295,-0.1517970764088427,0.13520911099978328,-0.11594858101347584,0.662039574884772,-0.10657895807919876,-0.10735104592887379,-4.322522344384005,1.0,-0.41654881834983826,-2.2945684983177728e-06,-4.318834112559955e-07,0.0,0.0,0.0,1,0.24484222900702177,-4.269680858479318,9.0,9.0,0.24484222900702177,-2.349235392783552,7.346997756738832,4.627233628651455,-0.004577186540395265,0.0007905388407312177,0.003836482098078673,0.01115159002995296,-0.019774005698619968,-0.060820506427241905,0.0,0.0,0.0,0.0,0.0,0.4591078736302677,-28.464539056528785,30.0,30.0,51.092472672011894,-1.920445465695766,1.6530022432611684,4.372766371348545,0.4591078736302677,-28.464539056528785,50.05793513280115,80.16135213438102,98.70197571230396,3.709999999999965
0.0,0.0,0.0,0.0,0.0,0.0,0.0,0.0,0.0,0.0,0.0,0.0,0,0.0,-1.5707963267948966,nan,-0.12825162131369225,-0.2896285814600964,-0.12176721217675227,0.06457928796991697,-1.570794418018975,-0.13705725626038243,-0.30763311901653395,1.1516776929338204,-0.12612343738739623,0.3303477080002491,-0.14638280806572868,-0.2935550762357908,0.03907811279999229,0.02051046751103913,-0.008805634946690177,-0.01800453755643755,-0.004356225210643966,0.008401476927686197,-0.0034613544367832413,-0.0076535792620925636,0.00016298622110812525,-4.412075784486363,1.9536763443012124,-0.6576198414742619,-0.09547990322114419,-1.5707941504000738,1.1539393841867678,-0.8378830851647662,-0.5361084990427805,0.9668800690167945,0,zero,0,0.09547990322114419,0.16005919119106116,1.9899217169664547,1.3908233387895093,1.306558921389565,-0.3796243948862727,0.20701274951635446,1.987659556003541,1.3927609543381807,1.2624446445202657,-0.5818602406515156,0.6700884717946486,-0.15193325653526454,0.13533040973797333,-0.11605260075347609,0.6576446216374636,-1.9794001985768777,6.1505640052784845,8.996435312764337,1.0,-0.44860053062438965,-2.176394822583916e-06,-2.676189012618124e-07,0.0,0.0,0.0,1,0.0847760504659549,-1.3611306302078734,1.5524160476223223,9.0,0.0847760504659549,-2.5466509094456957,5.785328726389001,6.319919866384158,-0.004649251048984988,-0.000536936724942547,0.003836482098078174,-0.03991518518545932,0.05342468134359027,0.05664779672657644,0.0,0.0,0.0,0.0,0.0,0.15896502993803657,-9.074204201385824,5.174720158741074,30.0,31.76702977129704,1.1855202792378223,-4.232912678766679,2.680080133615842,0.15896502993803657,-9.074204201385824,5.174720158741074,30.570635935145745,32.306469351659224,3.7199999999999647
0.0,0.0,0.0,0.0,0.0,0.0,0.0,0.0,0.0,0.0,0.0,0.0,0,0.0,-1.5707963267948966,nan,-0.13183492322088872,-0.29250728461601455,-0.12277884589504953,0.06358447093289721,-1.570794372031394,-0.13903076254467836,-0.3065189400377304,1.1449745199122883,-0.12577462150988244,0.45150163667512844,0.1609795622900534,0.3992882134721709,0.1360449595811053,0.016033753857569468,-0.007195839323789643,-0.01401165542171584,-0.002995775614832913,0.002912213652431016,-0.0012321917073717641,-0.0024361530455989863,0.0010138295182665772,-11.014491317298472,4.964192895918316,-0.6607878130293408,0.0007343339450738284,-1.5707945023848315,1.1473600769873582,-0.13302837118149896,-0.7893578791743138,-0.9679432310316387,0,zero,0,-0.0007343339450738284,0.06285013698782338,1.9966248904907267,1.3893034872691032,1.3079126877320226,-0.38078531729210097,0.06420330628797842,1.9942392620224052,1.3672777862453742,1.3465238235912855,-0.4270500122245216,0.6705176442765532,-0.15203056543630633,0.13541708499097221,-0.1161269291217339,0.6608297815645807,-2.7043739021004543,9.24123888820227,18.61834593349738,1.0,-0.2669535279273987,-1.8244100647990535e-06,1.3035343737755056e-07,0.0,0.0,0.0,1,-0.057292597572262925,1.4595279143611362,-9.0,-9.0,-0.057292597572262925,-1.9788604150470135,0.22861962629842025,3.7865452312101264,-0.0007381486811357774,-0.0007905773462054917,-0.0038407006171768815,-0.06199949644342144,0.0912567234720932,0.1473354526907993,0.0,0.0,0.0,0.0,0.0,-0.10743033484392073,9.730186095740908,-30.0,-30.0,43.52801468864155,3.4383883294081494,-9.22861962629842,-12.786545231210127,-0.10743033484392073,9.730186095740908,-46.5844874491118,-37.66750652986208,60.69302745627583,3.7299999999999645
0.0,0.0,0.0,0.0,0.0,0.0,0.0,0.0,0.0,0.0,0.0,0.0,0,0.0,-1.5707963267948966,nan,-0.13754892337837335,-0.299834429050087,-0.12142493658497755,0.06258914458405473,-1.5707943261609598,-0.14099627307818566,-0.30539106691273654,1.1382679129710107,-0.12542553916525406,0.930312708801013,0.3748489623977336,0.8455017559066302,-0.10048269654436004,0.007665850591730935,-0.0034473496998123077,-0.005556637862649538,-0.004000602580276513,0.004341444609190907,0.0016745681546115046,0.004005487098590445,5.991098338586735e-06,-11.629854970761645,5.335089922997686,-0.671276011937824,0.13119121247831922,-1.5707948672363068,1.1406948213438253,0.6003631039757207,-0.7893194330621788,-0.9668779238725598,0,zero,0,-0.13119121247831922,-0.0686020678942647,2.0033314978345094,1.387782857177803,1.3092671475652966,-0.3819468344010192,0.19740381271815213,2.000904884047635,1.3435123527791724,1.4325755046231055,-0.23430690639647367,0.670775213714024,-0.15208896572979905,0.1354691034616311,-0.11617153756427737,0.6713093296325369,-2.022596482192781,7.6587129765241535,18.431297559896887,1.0,-0.1956484168767929,-1.4595585895449403e-06,5.410753471934981e-07,0.0,0.0,0.0,1,-0.13096329070812313,2.305733457754565,-9.0,-9.0,-0.13096329070812313,-1.0204280132960624,-4.44373599849994,-0.3088993250184421,0.0033312986505535168,-0.0007905388406985404,-0.003836473586363311,-0.05222517330450451,0.08404778461361971,0.16164122635125416,0.0,0.0,0.0,0.0,0.0,-0.24557151829762447,15.371556385030434,-30.0,-30.0,45.125880058662226,3.3261614710506273,-4.55626400150006,-8.691100674981557,-0.24557151829762447,15.371556385030434,-76.32657751906893,-92.09542665782767,120.59709407000868,3.7399999999999642
0.0,0.0,0.0,0.0,0.0,0.0,0.0,0.0,0.0,0.0,0.0,0.0,0,0.0,-1.5707963267948966,nan,-0.1433762814512157,-0.30702504935330055,-0.1182627410901815,0.061593563680133245,-1.570794280421432,-0.14295318405476415,-0.3042498457329574,1.1315595886900818,-0.12507628038656973,0.9607942349511929,0.3870447096263857,0.8331841482992708,-0.28129367161117136,0.007369198347491841,0.0004230973964515494,0.0027752036203431696,-0.006813539296388227,0.00919328473195172,0.0036901457075785918,0.008210354354053168,-0.0018679909529909543,-7.109246187830644,3.3198656152197374,-0.6819889406024036,0.2330463873408466,-1.5707950678169713,1.13391175207411,0.7912464590815828,-0.7893194330941982,-0.9668800690219346,0,zero,0,-0.23304638734084637,-0.17145282366071335,2.0100398224177893,1.3862618377262916,1.3106219542105733,-0.38310864891859037,0.3418795271257823,2.0076881495757273,1.3307277497139427,1.4840426469953398,-0.09376921315968673,0.6708610811845688,-0.15210843498644117,0.1354864451716606,-0.1161864089487233,0.6820043790088023,-0.7504941201968239,3.2205686526055057,10.316274618705737,1.0,-0.34776175022125244,-1.2589779254668088e-06,7.873955389925413e-07,0.0,0.0,0.0,1,-0.1236647835910775,1.6319962188790689,-9.0,-9.0,-0.1236647835910775,-0.17669600127837176,-6.960242503033244,-3.559694435210492,0.00439047343838825,-0.0007905388407306093,-0.0038364820980985696,-0.026528593970849633,0.046310695407186735,0.10637493134603611,0.0,0.0,0.0,0.0,0.0,-0.23188596210590195,10.879974792527126,-30.0,-30.0,43.79985870508543,1.8086922201574407,-2.0397574969667556,-5.440305564789508,-0.23188596210590195,10.879974792527126,-68.71415591997615,-98.66488494244385,120.72622899389313,3.749999999999964
0.0,0.0,0.0,0.0,0.0,0.0,0.0,0.0,0.0,0.0,0.0,0.0,0,0.0,-1.5707963267948966,nan,-0.14784704282586053,-0.3110047787134675,-0.11702158836447116,0.060597983075430406,-1.5707942348264252,-0.14490090123590577,-0.3030956368208004,1.124851264309189,-0.12472693533147691,0.5789507328588084,0.25230441935032155,0.5133938272323946,-0.08918076706175282,0.011428326545402347,0.002946141589954765,0.007909141892667115,-0.007705346967005755,0.009966578154824561,0.004134808473291075,0.008880477677338133,-0.0018366151550408168,0.40440198338284994,-0.19222531937170756,-0.6886357551176707,0.26356800008188075,-1.5707950060207623,1.1270382818316909,0.8275832063845047,-0.7893194330943959,-0.9668800690168017,0,zero,0,-0.2635680000818805,-0.20297001700645012,2.0167481470010697,1.38474081827478,1.31197676085585,-0.38427046343616156,0.3669119810806123,2.014561671622945,1.3314340022925923,1.482683816422597,-0.0639001999354847,0.6707752137140254,-0.15208896572979932,0.13546910346163135,-0.11617153756427759,0.6886308069896784,0.6219541445698527,-2.4738082439836124,-2.2996190849993505,1.0,-0.4416937530040741,-1.3207741345055979e-06,7.711943368349239e-07,0.0,0.0,0.0,1,-0.03238050258731946,0.3541822945972951,-9.0,-9.0,-0.03238050258731946,0.22943026934727279,-8.093500170961338,-5.692411455669349,0.004592099015400097,-0.0007905388407308073,-0.0038364820980782027,0.012210869600782106,-0.0184263552886778,0.009423339393033466,0.0,0.0,0.0,0.0,0.0,-0.060717237178547656,2.361215297315301,-30.0,-30.0,42.49210543457651,0.12475202525002232,-0.9064998290386619,-3.3075885443306507,-0.060717237178547656,2.361215297315301,-36.18159527804806,-63.58215689119511,73.19410861581815,3.759999999999964
0.0,0.0,0.0,0.0,0.0,0.0,0.0,0.0,0.0,0.0,0.0,0.0,0,0.0,-1.5707963267948966,nan,-0.1499813910699107,-0.3099568884811832,-0.1190932516956881,0.05960265762392147,-1.570794189389401,-0.14683884038356132,-0.3019288144338096,1.118144657068132,-0.12437759424591582,0.2431868371567101,0.0196409096394623,0.011893215470648588,0.2421004416778033,0.010111867973551463,0.003142550686349388,0.008028074047373601,-0.005284342550227722,0.006657893419924284,0.002882376909755395,0.005989006713230856,0.00038890452563032727,8.015128486521862,-3.8782548818829836,-0.688243275773392,0.20671975934718723,-1.570794676638355,1.1201338556395752,0.650849523547193,0.789314251160959,-0.3329973905554389,0,zero,0,-0.20671975934718745,-0.14711710172326598,2.0234547543448524,1.3832201881834798,1.313331220689124,-0.3854319805450798,0.25217488169788677,2.0214659854238124,1.3450017057769252,1.4265096323120334,-0.16335494323014935,0.6705176442765554,-0.1520305654363068,0.13541708499097263,-0.11612692912173427,0.6882139735630722,1.7827028084128382,-7.397080158163612,-14.518487905948684,1.0,-0.22886861860752106,-1.6501565416326969e-06,4.872489540730385e-07,0.0,0.0,0.0,0,0.13089898751210616,-1.5786313605997722,2.8570295262275067,-0.5166890167608408,0.13089898751210616,0.10080113720124816,-4.654424187990214,-5.289223973145431,0.0036114380200050512,0.0007905336507918799,-0.001321299888694362,0.03862364104340764,-0.06854652865514044,-0.1065717080918645,0.0,0.0,0.0,0.0,0.0,0.24545094226909087,-10.524209070665147,9.523431754091689,-1.7222967225361359,14.29969514022701,-1.6794324978010202,7.511453714217721,4.77253495638459,0.24545094226909087,-10.524209070665147,9.523431754091689,-1.7222967225361359,14.29969514022701,3.7699999999999636
0.0,0.0,0.0,0.0,0.0,0.0,0.0,0.0,0.0,0.0,0.0,0.0,0,0.0,-1.5707963267948966,nan,-0.1492520171772407,-0.3031331771905167,-0.12116890862018087,0.05860784208139358,-1.5707941441236575,-0.14876642767848408,-0.30074976644933327,1.1114414835473332,-0.12402834742771426,0.6693416523268004,-0.265696118759276,-0.5644663306190179,0.24249037426943287,0.003754042383420733,0.0004855894987566278,0.0023834107411834227,-0.002859438807533393,0.001892482400083055,0.0001500116450406264,0.0002291566908176764,0.0018725579702721668,11.751332770667178,-5.785813934390715,-0.68129098447343,0.08746783084778409,-1.570794220085638,1.1132808080348708,-0.15571792849895583,0.7893194591391819,0.9673735326099223,0,zero,0,-0.08746783084778409,-0.028859988766390288,2.0301579278691246,1.3817003366630738,1.3146849870315815,-0.3865929029509081,0.04932245506910495,2.0283186916666445,1.366250657709052,1.3403890170276591,-0.3474785571630291,0.6700884717946518,-0.1519332565352653,0.135330409737974,-0.11605260075347666,0.6812430437923349,2.219971232874491,-8.825368310308221,-19.703852050373946,1.0,-0.08068203926086426,-2.1067092585980163e-06,7.596198070558557e-08,0.0,0.0,0.0,1,0.2925926462787601,-3.9571296753972334,9.0,9.0,0.2925926462787601,-0.593203310777442,1.0720901397387534,-1.9501251781092583,-0.0008640486426303424,0.0007905388668158294,0.0038384401115916945,0.05186914225325771,-0.0899995833988167,-0.16364845320115648,0.0,0.0,0.0,0.0,0.0,0.5486455021165575,-26.380864502648222,30.0,30.0,49.962496172570056,-3.3639263646197914,7.927909860261247,10.950125178109259,0.5486455021165575,-26.380864502648222,52.44520005876121,63.192393435480426,86.25560052021036,3.7799999999999634
0.0,0.0,0.0,0.0,0.0,0.0,0.0,0.0,0.0,0.0,0.0,0.0,0,0.0,-1.5707963267948966,nan,-0.1468211546482192,-0.29318375553112497,-0.12037095249811613,0.057613791007570914,-1.5707940990423188,-0.15068310012345693,-0.2995588940302746,1.1047434590083598,-0.12367928519008159,0.978850095085672,-0.43475349739943436,-0.8758549240333036,-0.04488938844320611,0.008154880682007312,-0.003861945475237716,-0.006375138499149613,-0.0033083326919654543,0.006396886841162551,-0.0027934048860107858,-0.0056762154621447045,0.0009474325457567174,9.936122176445801,-4.975728155578462,-0.671594676928312,-0.03604101772384971,-1.5707938189637827,1.1065285136485283,-0.682023766149115,0.7893194330947723,0.9668799834014593,0,zero,0,0.03604101772384993,0.0936548087314204,2.036855952312839,1.3801816526251873,1.3160377134707861,-0.38775293358764107,0.14730808975539164,2.0350705305361805,1.3853029986903003,1.266094116243974,-0.5262299875965608,0.6694878611391344,-0.15179707640884385,0.1352091109997843,-0.1159485810134767,0.6715514130359865,1.5397468798585274,-5.9955776984049365,-15.568186269895303,1.0,-0.1674247831106186,-2.507831113884862e-06,-2.8007853636324853e-07,0.0,0.0,0.0,1,0.3285786552741981,-4.5,9.0,9.0,0.3285786552741981,-1.5374064116492159,5.194259916062862,1.787529502952963,-0.0037844178577467295,0.0007905388407311842,0.0038364817583652036,0.04237916444883913,-0.07076952490070927,-0.14382585140367865,0.0,0.0,0.0,0.0,0.0,0.6161234863570187,-30.0,30.0,30.0,51.96517687981482,-2.962593588350784,3.8057400839371383,7.212470497047037,0.6161234863570187,-35.07784406090873,68.72387991910213,96.22266988415964,123.3394041775904,3.789999999999963
0.0,0.0,0.0,0.0,0.0,0.0,0.0,0.0,0.0,0.0,0.0,0.0,0,0.0,-1.5707963267948966,nan,-0.14468707374617962,-0.2841871012098366,-0.11837154502642971,0.05662075866824523,-1.5707940541583314,-0.15258830593081776,-0.29835661127250473,1.0980522967344346,-0.12333049782500508,0.8932671041030795,-0.40392867094004303,-0.7794371563518532,-0.1650620106609907,0.016964542384341346,-0.007901232184638146,-0.014169510062668145,-0.004958952798575361,0.010062685405501719,-0.004547079930579935,-0.008964525189262168,-0.0004679634666280531,4.185952378983224,-2.1311406636059247,-0.6621841328384972,-0.11133783030141031,-1.5707936237420344,1.0998797714493336,-0.8129257299383772,0.7893194330944491,0.9668800690172253,0,zero,0,0.11133783030141053,0.16795858896965576,2.043547114393398,1.3786645245328597,1.3173890539938666,-0.3889117757319212,0.24691763313285836,2.041718988034866,1.3912124921518534,1.2389993675441302,-0.6227120774273954,0.6687160431291496,-0.15162207739207892,0.13505323539241162,-0.1158149098772949,0.6621701034747557,-0.14639130622049096,-0.24604520102213634,-5.089667455525866,1.0,-0.40065720677375793,-2.7030528624294448e-06,-4.3041629727014197e-07,0.0,0.0,0.0,1,0.22799449670640165,-4.199081519991501,9.0,9.0,0.22799449670640165,-2.3456148426122563,7.303440262763241,4.535465517027425,-0.004510767515875637,0.0007905388407308605,0.003836482098079884,0.010182435124703008,-0.020925621420999303,-0.06684769284557027,0.0,0.0,0.0,0.0,0.0,0.42751640109957184,-27.993876799943344,30.0,30.0,50.83148540583499,-1.8534666773792448,1.6965597372367593,4.464534482972575,0.42751640109957184,-27.993876799943344,50.17492079104541,82.65706112034658,100.6655469264634,3.799999999999963
0.0,0.0,0.0,0.0,0.0,0.0,0.0,0.0,0.0,0.0,0.0,0.0,0,0.0,-1.5707963267948966,nan,-0.14460219278290729,-0.27946415597988367,-0.11803558194027441,0.05562899893740836,-1.5707940094844497,-0.1544815048937163,-0.29714334483455007,1.091369707370954,-0.12298207556655741,0.40287467838394464,-0.1978079926170856,-0.3509678791998261,0.001245917229236726,0.020847597596284243,-0.009879312110809002,-0.017679188854666406,-0.004946493626282994,0.009373498402283395,-0.004342420993856037,-0.008301443403539995,-0.0003031330195640298,-3.734841104118062,1.9324557322855105,-0.6559945451853761,-0.10629242976061004,-1.5707937294723193,1.0933100905213928,-0.8245055299168901,-0.4750575132138455,0.9668800690167977,0,zero,0,0.10629242976061004,0.1619214286980184,2.0502297034661376,1.3771493402510153,1.3187386631207068,-0.3900691331172545,0.20953796753151246,2.048288773841074,1.3781948062538816,1.2747564599450312,-0.5949272924228535,0.6677733145321709,-0.15140832677287447,0.13486284285072364,-0.11565163874208044,0.6560191047256746,-2.0121702779331754,5.983776869970691,8.176770631953648,1.0,-0.4593614637851715,-2.597322577457817e-06,-2.80012130371432e-07,0.0,0.0,0.0,1,0.06852833538063102,-1.3089078922316664,1.842692188146634,9.0,0.06852833538063102,-2.5244351556483338,5.8629814885684,6.266225954833152,-0.004575021584432888,-0.0004757914223703407,0.003836482098078187,-0.04056193997465083,0.05183477196860751,0.05001870912115548,0.0,0.0,0.0,0.0,0.0,0.12849866000493348,-8.726052614877776,6.142307293822114,30.0,31.841614987857927,1.2155272634166674,-4.020289300421767,2.7337740451668484,0.12849866000493348,-8.726052614877776,6.142307293822114,34.18532065395522,35.81235252323863,3.8099999999999627
0.0,0.0,0.0,0.0,0.0,0.0,0.0,0.0,0.0,0.0,0.0,0.0,0,0.0,-1.5707963267948966,nan,-0.14795258575156572,-0.2814059840380261,-0.11897760615083139,0.054638765199381156,-1.5707939650332334,-0.15636216874057163,-0.29591953355019085,1.0846973982660024,-0.12263410855411641,0.3720947929450518,0.14697291218030983,0.3165639342501636,0.12899912229979715,0.017167825002494197,-0.008409582989005904,-0.01451354951216477,-0.0036565024032850224,0.003970840353586027,-0.0019117443507803865,-0.003417820231930574,0.0006567431104568368,-10.150318928337347,5.336541611288091,-0.6574882649790982,-0.016263612660465165,-1.5707940742289443,1.086757315801315,-0.10302701272312914,-0.7892586207921682,-0.9693637826456758,0,zero,0,0.016263612660464943,0.07090237785984632,2.0569020121838095,1.3756364868969357,1.3200861960371326,-0.3912247100482261,0.07203888721051474,2.054841972508565,1.3522519493232907,1.3573932290311261,-0.4482045854317117,0.666660038064004,-0.15115590679200286,0.1346380066284481,-0.11545883042657187,0.657533644414793,-2.7604727918573233,9.116184868160367,17.823388351617826,1.0,-0.2935854494571686,-2.252565952431951e-06,1.0919571113987558e-07,0.0,0.0,0.0,1,-0.07355085438242882,1.555830231588059,-9.0,-9.0,-0.07355085438242882,-1.9385109213870664,0.3172832867606383,3.757331907803105,-0.0005716769504692948,-0.000790477934480575,-0.0038463372219754385,-0.06307973910275808,0.08998499731394188,0.14081876247218192,0.0,0.0,0.0,0.0,0.0,-0.1379164717465382,10.372201543920394,-30.0,-30.0,43.67609856455684,3.4943411529751254,-9.317283286760638,-12.757331907803104,-0.1379164717465382,10.372201543920394,-45.22408280330732,-33.4614622322611,57.20567022544458,3.8199999999999625
0.0,0.0,0.0,0.0,0.0,0.0,0.0,0.0,0.0,0.0,0.0,0.0,0,0.0,-1.5707963267948966,nan,-0.15369489434147782,-0.28768598102086473,-0.11793075145258711,0.053650310250942246,-1.5707939208170352,-0.15822978147223873,-0.2946856280246386,1.0780370728108661,-0.12228668679550661,0.8482995068756651,0.38746958582449864,0.7513902508390902,-0.06994329396344812,0.00940927373275306,-0.004534887130760917,-0.006999647003773868,-0.004355935342919504,0.0030228793403775625,0.0013063223006125934,0.0027258969987472396,-2.8409604441084063e-05,-10.766025194991284,5.7515952531210175,-0.6664802505429881,0.1081972712795729,-1.570794430612508,1.080134191404821,0.6209071844874939,-0.7893194326335303,-0.9668754528057406,0,zero,0,-0.10819727127957268,-0.05454696102863066,2.063562337156066,1.3741263506907302,1.3214313087281024,-0.39237821151471686,0.18310138061608705,2.0614655125431938,1.3278170159054123,1.4424988233309612,-0.2630730633972194,0.6653766423887749,-0.1508649146431026,0.13437881329817108,-0.11523655917109542,0.6665178942011569,-2.093585227084705,7.582759403346765,17.69524193477885,1.0,-0.2083658128976822,-1.8961823888830054e-06,5.097954725030718e-07,0.0,0.0,0.0,1,-0.1476448058571181,2.4734042423775353,-9.0,-9.0,-0.1476448058571181,-0.9533019436027,-4.392275701838686,-0.32348619329265127,0.003445293776557297,-0.0007905388402692298,-0.003836463781420673,-0.053710597980502754,0.08324905092490478,0.155565823487433,0.0,0.0,0.0,0.0,0.0,-0.27685131418923326,16.489361615850235,-30.0,-30.0,45.518959710745186,3.4267061859802355,-4.607724298161314,-8.676513806707348,-0.27685131418923326,16.489361615850235,-75.19607551759226,-87.70174424168935,116.6962784729255,3.8299999999999623
0.0,0.0,0.0,0.0,0.0,0.0,0.0,0.0,0.0,0.0,0.0,0.0,0,0.0,-1.5707963267948966,nan,-0.1595558118678802,-0.29388303868537097,-0.11521990056940407,0.052663886203464294,-1.5707938768479932,-0.16008383968141904,-0.2934420902149894,1.0713904297805508,-0.12193990013006653,0.8775316645206847,0.40068593172220834,0.7440595474155431,-0.23640642177429616,0.006755119763609389,-0.0005280278135388339,0.0004409484703815636,-0.006719999560662465,0.007798194554573771,0.003535863014541385,0.006765687173554559,-0.0015921646029797452,-6.3977732604514905,3.47344698664764,-0.6757926972362284,0.20430559722733355,-1.570794620904923,1.0734076262405265,0.8009021633151792,-0.7893194330912816,-0.9668800690279656,0,zero,0,-0.20430559722733355,-0.15164171102386925,2.070208979608942,1.372619316805807,1.3227736581108942,-0.3935293433061187,0.31969751719369366,2.0681923140721543,1.314387484165823,1.493380456750961,-0.12951265920244054,0.6639236221189451,-0.15053546247268135,0.13408536275133956,-0.11498491063756723,0.6758105471952351,-0.8062717678013503,3.1692617152694678,9.64284586434288,1.0,-0.3110044300556183,-1.7058899732802502e-06,7.440569298466926e-07,0.0,0.0,0.0,1,-0.14120247111689357,1.816639779813204,-9.0,-9.0,-0.14120247111689357,-0.07929620429880355,-6.935332400752835,-3.5659028096466545,0.004444051072107768,-0.0007905388407276882,-0.0038364820981225,-0.027829959679096676,0.045807362950148145,0.10081861476817723,0.0,0.0,0.0,0.0,0.0,-0.26477118154302187,12.11093186542136,-30.0,-30.0,44.121930764954676,1.8959359841120074,-2.064667599247165,-5.434097190353345,-0.26477118154302187,12.11093186542136,-67.97596526077264,-94.2713732814714,116.8527639721703,3.839999999999962
0.0,0.0,0.0,0.0,0.0,0.0,0.0,0.0,0.0,0.0,0.0,0.0,0,0.0,-1.5707963267948966,nan,-0.16383859942421802,-0.2969359698496154,-0.11422730409423579,0.051679744385042525,-1.5707938331380287,-0.1619238528538931,-0.2921893929956557,1.064759162674293,-0.12159383819164576,0.4992353089990911,0.2442774383863755,0.43056283835781195,-0.06465345367475117,0.008970065265505077,0.0019147465703249211,0.004746576853959683,-0.007366534097409977,0.00850498647850496,0.003978716402882886,0.007367836828573504,-0.0014898292695805088,0.8726338760527161,-0.4814628264833181,-0.6810723649323771,0.22925795625478318,-1.570794555810329,1.0666045184513238,0.8340016711455401,-0.7893194330938685,-0.9668800690168129,0,zero,0,-0.2292579562547834,-0.17757821186974088,2.0768402460443376,1.3711157692193454,1.3241129021682951,-0.39467781212555053,0.3383694875200896,2.074995474608432,1.3147787766168368,1.4914911190211158,-0.10605836944950282,0.6623015378152984,-0.15016767738011333,0.13375776819825896,-0.11470398190949135,0.6810660000541592,0.6104277563994608,-2.531716446519607,-2.917933638224677,1.0,-0.3640691936016083,-1.7709845678837155e-06,7.226723002240476e-07,0.0,0.0,0.0,1,-0.052176187634052726,0.4961828837815494,-9.0,-9.0,-0.052176187634052726,0.34693312971265167,-8.082207627289169,-5.682233604066965,0.004627713833924866,-0.0007905388407302791,-0.0038364820980782473,0.011735231301562303,-0.018942390018311044,-0.007386126257343509,0.0,0.0,0.0,0.0,0.0,-0.09783646659301093,3.307885891876996,-30.0,-30.0,42.55527794584209,0.14924975406889773,-0.9177923727108315,-3.3177663959330346,-0.09783646659301093,3.307885891876996,-35.63179514309374,-59.21576121874203,69.18874823901893,3.849999999999962
0.0,0.0,0.0,0.0,0.0,0.0,0.0,0.0,0.0,0.0,0.0,0.0,0,0.0,-1.5707963267948966,nan,-0.16546730111095742,-0.2951116936887355,-0.1160397775071394,0.05069813524262745,-1.5707937896988329,-0.16374934365119545,-0.290928019709524,1.0581449590560785,-0.12124859037154315,0.2238603698692957,-0.019678911056295045,-0.056290287474813905,0.21577212330062268,0.006898277846989171,0.0017179574597619707,0.004183673979211544,-0.00520881286440375,0.005200026823070392,0.0025168303661429244,0.004528607530177723,0.00044447464081772813,8.041657529174655,-4.50880960666813,-0.67912117517394,0.16793857065208306,-1.5707942339985912,1.0597849944177478,0.6535287233595111,0.7892717886414867,-0.056459347849791286,0,zero,0,-0.16793857065208329,-0.11724043540945583,2.0834544488995044,1.369616090562766,1.3254487000817892,-0.3958233257040746,0.21931725060220236,2.081814836039478,1.328580214397632,1.4348419379076278,-0.2102255227356187,0.660511015986949,-0.14976170141764075,0.13339615616809472,-0.11439388149196096,0.6790869801628511,1.8288548668211149,-7.4209965685938375,-14.811559517994164,1.0,-0.1544846147298813,-2.0927963051420306e-06,4.4429975831761226e-07,0.0,0.0,0.0,0,0.10727589081110617,-1.523903568431759,3.0503020237685767,0.7877530034308249,0.10727589081110617,0.21655406331283028,-4.585747126035716,-5.032980618498087,0.0036263043811458904,0.0007904911226727045,-0.00022402496880006566,0.039370868639005574,-0.06893655232823107,-0.10988579596029835,0.0,0.0,0.0,0.0,0.0,0.2011548674500397,-10.159357122878394,10.167673412561923,2.6258433447694163,14.61265329523243,-1.7404576317445892,7.636049149804292,5.820733621928912,0.2011548674500397,-10.159357122878394,10.167673412561923,2.6258433447694163,14.61265329523243,3.8599999999999617
0.0,0.0,0.0,0.0,0.0,0.0,0.0,0.0,0.0,0.0,0.0,0.0,0,0.0,-1.5707963267948966,nan,-0.1641271403311018,-0.28814405803348736,-0.11743000890241928,0.0497193082441576,-1.5707937465418627,-0.16555984817437844,-0.2896584637055856,1.0515494998951533,-0.12090424578138417,0.6738216189296949,-0.3150665303038619,-0.5698079651309806,0.17345759854388576,0.004051715463236471,-0.0014327078432766482,-0.0015144056720982624,-0.0034742368789648925,0.0016989753077945667,-0.0004218100701039115,-0.0007782706327538267,0.0014501338501833319,11.184358182488149,-6.370491322691361,-0.6703322835557689,0.048756385037992844,-1.5707937881966783,1.0530342756628535,-0.17983644455069536,0.7893196711090111,0.9670257820287808,0,zero,0,-0.04875638503799262,0.0009629232061647564,2.0900499072065246,1.3681206619722033,1.3267807123647468,-0.3969655929149115,0.028819678263716036,2.0885651421677536,1.3505110183844473,1.349216133001405,-0.3931027336666126,0.6585527490913373,-0.14931769159037325,0.13300066650887155,-0.1140547293116578,0.6702794533282506,2.2970559391469867,-8.723749768667313,-19.298099750450746,1.0,-0.08012792468070984,-2.5385982183045996e-06,4.165481559681439e-08,0.0,0.0,0.0,1,0.2648495634269403,-4.000070980353889,9.0,9.0,0.2648495634269403,-0.5037106702182507,1.136877078122276,-1.61117067091471,-0.0009978776195352299,0.0007905390791131277,0.0038370602725383333,0.053447640419499745,-0.08928673336851388,-0.16146392075382027,0.0,0.0,0.0,0.0,0.0,0.4966239704236646,-26.667139869025924,30.0,30.0,50.113700563440645,-3.496360310135638,7.863122921877724,10.61117067091471,0.4966239704236646,-26.667139869025924,52.816935512260436,66.0820668201606,88.70090876813292,3.8699999999999615
0.0,0.0,0.0,0.0,0.0,0.0,0.0,0.0,0.0,0.0,0.0,0.0,0,0.0,-1.5707963267948966,nan,-0.1612693687847417,-0.27881119928256193,-0.11617876938911564,0.048743511780692694,-1.5707937036783348,-0.1673549162085668,-0.2883812278638141,1.0449744589065408,-0.12056089321595018,0.9346990709683806,-0.46528395805484346,-0.8055622909153903,-0.09078869478696405,0.012158221240268595,-0.006085547423825083,-0.009570028581252166,-0.004382123826834533,0.006789413965484826,-0.003377122654958208,-0.005878857471082866,0.0003608592561949713,9.0432023829721,-5.230646300630918,-0.6587847093290801,-0.06970087803143588,-1.570793395586002,1.046402606758454,-0.6969264900330205,0.7893194330982204,0.9668800584628521,0,zero,0,0.0697008780314361,0.11844438981212857,2.096624947251798,1.3666298629389761,1.3281086009956127,-0.39810432388765693,0.17412824547719982,2.0951963080242613,1.3703143671700149,1.2765846518168997,-0.5643881533856763,0.656427495534232,-0.14883581985628808,0.13257145238747373,-0.1136866567168524,0.6587395639727459,1.6104695047485158,-5.795011430829905,-14.631513768993443,1.0,-0.24534356594085693,-2.9312088942745618e-06,-3.080923329790153e-07,0.0,0.0,0.0,1,0.2999390949226818,-4.5,9.0,9.0,0.2999390949226818,-1.4762596829753574,5.229191654303173,2.0462622880305346,-0.0038671101878304153,0.0007905388407346376,0.003836482056201201,0.04393634971506087,-0.06901904144778105,-0.13690587397013879,0.0,0.0,0.0,0.0,0.0,0.5624209542896714,-30.0,30.0,30.0,51.96456790284919,-3.0237403170246426,3.7708083456968273,6.953737711969465,0.5624209542896714,-35.41076963464877,68.05886060575953,95.57173598665976,122.55694247942868,3.8799999999999613
0.0,0.0,0.0,0.0,0.0,0.0,0.0,0.0,0.0,0.0,0.0,0.0,0,0.0,-1.5707963267948966,nan,-0.15903020935814807,-0.27085591297226236,-0.11437749421423182,0.047770993068545264,-1.57079366111922,-0.16913411144803445,-0.28709682410807263,1.0384215018915544,-0.12021862111596049,0.7923164661390979,-0.4018354666061291,-0.6670882554558111,-0.1459003074894133,0.01999936987620847,-0.010103902089886374,-0.016240911135810276,-0.005841126901728666,0.009721490779555328,-0.004921607544243768,-0.008351711797282347,-0.0007308024442740637,3.2558030454486926,-1.9115797405492816,-0.6476442120803863,-0.136676152845985,-1.5707932143772907,1.039892098245021,-0.8195362277369744,0.7893194330945397,0.9668800690167821,0,zero,0,0.13667615284598522,0.18444714591453026,2.1031779032355233,1.3651440711600589,1.329432029551095,-0.3992392301224973,0.2625140359750038,2.1017065315500933,1.3768583256604794,1.2517010845907108,-0.649703061016928,0.654136079669731,-0.14831627312623047,0.13210868028964534,-0.11328980647740428,0.6476321846558806,-0.08617301885320872,-0.02088395478930316,-3.88255810132351,1.0,-0.48781147599220276,-3.1124176058661135e-06,-4.467419292275565e-07,0.0,0.0,0.0,1,0.20366674867907963,-4.218015026487459,9.0,9.0,0.20366674867907963,-2.307802678868913,7.318735218687714,4.70238709681833,-0.0045474478885536435,0.0007905388407309512,0.0038364820980781255,0.01147703708545125,-0.018803400903301855,-0.05736306016397337,0.0,0.0,0.0,0.0,0.0,0.3818990224621782,-28.12010017658306,30.0,30.0,50.900745385548376,-1.9102123476185455,1.6812647813122856,4.29761290318167,0.3818990224621782,-28.12010017658306,48.6982964977493,79.0814720907804,97.03756587338742,3.889999999999961
0.0,0.0,0.0,0.0,0.0,0.0,0.0,0.0,0.0,0.0,0.0,0.0,0,0.0,-1.5707963267948966,nan,-0.1592209103533762,-0.26723898103854204,-0.11473698634749657,0.046801998051417604,-1.5707936188752338,-0.170897011701587,-0.28580577290785136,1.0318922860783113,-0.11987751753081657,0.2893504113525749,-0.15721992583244138,-0.23258807334990417,0.07005957184086642,0.02252736477838954,-0.011676101348210788,-0.018566791869309318,-0.005140531183320002,0.008316784636173327,-0.004321555886534074,-0.007105818552711106,-2.01022386321862e-05,-4.462169306697037,2.6584975189121263,-0.6400218863983896,-0.12182763126183271,-1.5707933437363433,1.0334763729364582,-0.8341858739310452,-0.5682422453778095,0.9668800690167925,0,zero,0,0.12182763126183271,0.16862962931325054,2.1097071179311815,1.3636636623885539,1.330750663339353,-0.4003700246044253,0.21326565779171072,2.1081224075648346,1.3645429198230343,1.2893085215535014,-0.6095625323023616,0.6516793918002572,-0.14775925326391265,0.13161253001998952,-0.11286433278476134,0.6400517061269508,-1.9281816257117026,6.1218015159578885,9.387706814576156,1.0,-0.45734238624572754,-2.9830585530632447e-06,-2.7513889033770056e-07,0.0,0.0,0.0,0,0.05079247515614615,-1.3559997669339034,1.3006595791227327,8.64475977658,0.05079247515614615,-2.509334710611038,5.690308759660684,6.294834349328148,-0.004628735939525157,-0.000569120114215561,0.0038364820980781662,-0.038975853103012784,0.053408641486619425,0.060046346851547916,0.0,0.0,0.0,0.0,0.0,0.09524184353299484,-9.039998446226024,4.335531930409109,28.815865921933337,30.5103524867702,1.1533349436771345,-4.389649180537951,2.3499254272518533,0.09524184353299484,-9.039998446226024,4.335531930409109,28.815865921933337,30.5103524867702,3.899999999999961
0.0,0.0,0.0,0.0,0.0,0.0,0.0,0.0,0.0,0.0,0.0,0.0,0,0.0,-1.5707963267948966,nan,-0.16328799907577338,-0.2701269672023051,-0.11639041253253293,0.04583677130253072,-1.5707935769568369,-0.17264320907806324,-0.28450860276964085,1.0253884594622484,-0.11953767008131011,0.5184130562947211,0.23208913459209224,0.41851563019735805,0.19932736345428248,0.017442953472876534,-0.009355210002289865,-0.014381635567335738,-0.003147257548777177,0.0026971870593003686,-0.0013314199028907712,-0.0019436681019307372,0.0013131235222097973,-10.569847175821257,6.389202125959984,-0.640333253504133,-0.022467918707425705,-1.5707937090112234,1.0270900746979985,-0.15035631480981942,-0.789391802679126,-0.9659167545858843,0,zero,0,0.022467918707425483,0.0683046900099562,2.1162109433450196,1.3621890102841612,1.332064169533187,-0.40149642191745616,0.06838539303492895,2.1145091991632414,1.3397299873450017,1.3724343798499614,-0.45188991807399603,0.6490583881765646,-0.14716497708591506,0.13108319470196939,-0.11241040125196064,0.6403854104041756,-2.6302599657571895,9.113097744658097,18.833688478598663,1.0,-0.2986961901187897,-2.617783673386498e-06,1.3205438653685064e-07,0.0,0.0,0.0,1,-0.0843262482878958,1.3910893031382405,-9.0,-9.0,-0.0843262482878958,-1.9595901068364592,0.14174980937432471,3.7197818993505205,-0.0008342980861269039,-0.0007906113221182126,-0.003832659764070643,-0.060479826931406355,0.09016923815894518,0.14936332098160096,0.0,0.0,0.0,0.0,0.0,-0.15812159813968835,9.27392868758827,-30.0,-30.0,43.428455599321865,3.3506794099747,-9.141749809374325,-12.71978189935052,-0.15812159813968835,9.27392868758827,-46.57746212428872,-39.348145859659795,61.674689429902145,3.9099999999999606
0.0,0.0,0.0,0.0,0.0,0.0,0.0,0.0,0.0,0.0,0.0,0.0,0,0.0,-1.5707963267948966,nan,-0.16997477676935804,-0.277138824019106,-0.11570561725861148,0.04487555592676262,-1.5707935353742242,-0.17437231015182972,-0.28320584971875573,1.018911660146633,-0.11919916592230456,0.9686651240484667,0.4957676619818191,0.8314609867686007,-0.03462911149159087,0.008267525806174108,-0.0043975333824716745,-0.006067025699649731,-0.0034935486636930857,0.004920721861722379,0.002413233337173473,0.004239790577027471,0.0006434161668284321,-11.03194238987532,6.765996604142244,-0.6481467293454524,0.10993812534026737,-1.5707940725823115,1.020645378414106,0.5817300239788306,-0.7893194325016468,-0.9668819164691692,0,zero,0,-0.10993812534026759,-0.06506256941350497,2.1226877413755347,1.360720486263651,1.3333722173032256,-0.40261813835884364,0.1954122804982318,2.1209543772461137,1.3167045664092918,1.4570578172630904,-0.2578858821743379,0.6462740909977303,-0.1465336763616849,0.13052088077790683,-0.11192818891362734,0.6481904264254154,-1.951782098683026,7.515067095885327,18.50478407959042,1.0,-0.20188553631305695,-2.254212585039994e-06,5.372080873478069e-07,0.0,0.0,0.0,1,-0.15382265076165977,2.1919639561159148,-9.0,-9.0,-0.15382265076165977,-1.0302444152216095,-4.491247177553767,-0.3657329232904868,0.0032279072964908825,-0.0007905388401371425,-0.003836489428581915,-0.05067224181549828,0.08268600458083081,0.1624344720832197,0.0,0.0,0.0,0.0,0.0,-0.2884354973966994,14.613093040772766,-30.0,-30.0,44.873440733405324,3.2222083713375245,-4.508752822446233,-8.634267076709513,-0.2884354973966994,14.613093040772766,-75.53753701018628,-93.00509591741401,120.70415505452613,3.9199999999999604
0.0,0.0,0.0,0.0,0.0,0.0,0.0,0.0,0.0,0.0,0.0,0.0,0,0.0,-1.5707963267948966,nan,-0.17669649815101118,-0.2839184554418905,-0.11301481501078153,0.04391859346278082,-1.5707934941373236,-0.17608393610816572,-0.28189805677243585,1.0124635156830828,-0.11886209170539389,0.9800383907801875,0.5010095425317135,0.8087424369104368,-0.23537280309192665,0.006216742537955535,0.0006125620428454603,0.002020398669454637,-0.005847276694612352,0.00964364739447706,0.004940142367421803,0.00820362384263703,-0.001138193440117086,-6.696382602201252,4.1674334523353,-0.6561247099455427,0.21260609776784278,-1.570794261072832,1.014110222301362,0.7817005625290244,-0.7893194330895622,-0.966880069012161,0,zero,0,-0.21260609776784278,-0.16868750430506196,2.129135884472954,1.3592584593513353,1.3346744779511155,-0.40373489205329516,0.33891365282111807,2.1274898173255115,1.3045125444039285,1.5072372241443481,-0.11723055010657918,0.6433275884111624,-0.14586559781353756,0.12992580800898382,-0.11141788422597583,0.6561463581054309,-0.70050675147252,3.104603823113985,10.291365379305516,1.0,-0.3301325738430023,-2.06572206451483e-06,7.669355084338747e-07,0.0,0.0,0.0,1,-0.14814094288546797,1.5262418695203943,-9.0,-9.0,-0.14814094288546797,-0.21470447611106241,-6.982212476297609,-3.5983832177881694,0.0043375051062351355,-0.0007905388407259661,-0.003836482098059789,-0.02536258242105903,0.04515428980822452,0.10631195726060834,0.0,0.0,0.0,0.0,0.0,-0.27778162926208133,10.174945796802628,-30.0,-30.0,43.63034133033372,1.7409463456314567,-2.017787523702391,-5.40161678221183,-0.27778162926208133,10.174945796802628,-67.70258948294136,-98.91032479494442,120.2933899195567,3.92999999999996
0.0,0.0,0.0,0.0,0.0,0.0,0.0,0.0,0.0,0.0,0.0,0.0,0,0.0,-1.5707963267948966,nan,-0.18159242077346022,-0.28753909084869855,-0.11191683843785188,0.04296612378517617,-1.5707934532557901,-0.17777772286849816,-0.28058577340503876,1.0060456424120716,-0.11852653354154236,0.59303156360231,0.3202135862116595,0.4932918774205153,-0.07624184090781194,0.01032417613866478,0.0038146979049620555,0.00695331744365979,-0.006609695103690472,0.010362790932614305,0.005418595206550334,0.008742222366712302,-0.0012648359544139226,0.4121461037449179,-0.26026366341867185,-0.6599423311098673,0.24303395683365592,-1.570794195257594,1.0075129010069224,0.8211147351939768,-0.7893194330935163,-0.9668800690167838,0,zero,0,-0.24303395683365592,-0.20006783304847975,2.1355537562987235,1.3578032960295376,1.3359706250427092,-0.40484640306718894,0.3628360275096298,2.134087212729125,1.3055586607733223,1.5049504397917328,-0.08804338476834445,0.6402200345125969,-0.1451610031166561,0.12929820947524187,-0.11087968706680928,0.6599367712315071,0.6448007545135528,-2.5501494023459115,-2.392795166686437,1.0,-0.41821515560150146,-2.1315373026631335e-06,7.420018039994147e-07,0.0,0.0,0.0,1,-0.0636558509502757,0.28275427661743135,-9.0,-9.0,-0.0636558509502757,0.17435851418412668,-8.102814101821156,-5.716146122722796,0.004556206720877912,-0.0007905388407299263,-0.003836482098078132,0.01281410698396549,-0.01922390873545405,0.00875930138609903,0.0,0.0,0.0,0.0,0.0,-0.1193621806680587,1.8850285107828757,-30.0,-30.0,42.46843039031038,0.10839576243330468,-0.8971858981788436,-3.2838538772772043,-0.1193621806680587,1.8850285107828757,-35.27301172560168,-63.331886835669046,72.51676238068727,3.93999999999996
0.0,0.0,0.0,0.0,0.0,0.0,0.0,0.0,0.0,0.0,0.0,0.0,0,0.0,-1.5707963267948966,nan,-0.183472030380271,-0.28631275880885154,-0.11373442120277227,0.04201838500660093,-1.5707934127390022,-0.17945332119547736,-0.2792695550061611,0.9996596448034486,-0.11819257696371416,0.2163058414198131,0.020401127983157852,0.008988635903067754,0.21515393427485874,0.009253750380629332,0.004018709184793634,0.0070432038026904675,-0.004458155760941884,0.006992577477358991,0.0037417818080573086,0.005877669695862927,0.0005900911998108598,7.545393111912171,-4.835061176326653,-0.6565241068947608,0.18559769249487634,-1.570793878753902,1.0009140165302115,0.642549224715781,0.7892643608040667,-0.29086007538402914,0,zero,0,-0.18559769249487612,-0.14357930748827563,2.1419397523849852,1.3563553600890659,1.3372603345412541,-0.40595239352278856,0.24704909219871493,2.1406859269847978,1.319190210439475,1.4483524413651712,-0.18844612388666537,0.6369526493460971,-0.14442016889909107,0.1286383315755819,-0.11031380873551956,0.6564874205644863,1.778285746432137,-7.411396104573199,-14.594740813946718,1.0,-0.21115121245384216,-2.448040994806888e-06,4.660148995583313e-07,0.0,0.0,0.0,0,0.08901495487188531,-1.6119766849997605,3.056512364456621,-0.32985457393571627,0.08901495487188531,0.04277631096220461,-4.592549021220877,-5.266355843357538,0.0035653812684938993,0.000790483683360131,-0.0011541032936910332,0.038643659956756095,-0.06882972012444252,-0.10731579675974519,0.0,0.0,0.0,0.0,0.0,0.16691347247681476,-10.746511233331738,10.188374548188737,-1.0995152464523876,14.850160723264269,-1.6547529959619651,7.649061385677498,4.936501269421822,0.16691347247681476,-10.746511233331738,10.188374548188737,-1.0995152464523876,14.850160723264269,3.9499999999999598
0.0,0.0,0.0,0.0,0.0,0.0,0.0,0.0,0.0,0.0,0.0,0.0,0,0.0,-1.5707963267948966,nan,-0.1817929264856249,-0.27966428889856965,-0.11525444244470301,0.04107561337989862,-1.5707933725960592,-0.18111039677793217,-0.2779499623325043,0.9933071147969504,-0.11786030688949611,0.6554235975789308,-0.3336179477100909,-0.5328877236625118,0.18522913161487797,0.0031930067149377253,0.000682529707692725,0.0017143265660653495,-0.0026058644447931045,0.0016876301743640955,0.0002699238203765712,0.00036521525120931,0.0016253782811707631,10.97931679370856,-7.136854924415451,-0.6462192650345568,0.06610704126221467,-1.5707934375796881,0.9943985112725029,-0.1529155129999263,0.789319713223545,0.9673278842658861,0,zero,0,-0.06610704126221467,-0.02503142788231605,2.1482922807940654,1.3549150124796832,1.3385432849405805,-0.4070525877124597,0.0444432321483861,2.1472009833629917,1.3402575387767222,1.3625569812587868,-0.37266493284190705,0.6335267189040532,-0.14364338674176047,0.1279464340277643,-0.10972047195308714,0.6461610006388866,2.193370544715227,-8.764459948139923,-19.666132863531285,1.0,-0.07501307874917984,-2.8892152084125655e-06,6.498362914442168e-08,0.0,0.0,0.0,1,0.24043557123043627,-3.9554153291826277,9.0,9.0,0.24043557123043627,-0.6422556160747133,1.1356353892722646,-1.9096013241282521,-0.0008484985814950318,0.0007905391212927236,0.0038382589835900803,0.05138691211075602,-0.08954618665529392,-0.16353196181756097,0.0,0.0,0.0,0.0,0.0,0.45084487386168437,-26.369435527884185,30.0,30.0,49.95548409493724,-3.3131597131079147,7.864364610727735,10.909601324128252,0.45084487386168437,-26.369435527884185,52.60786568097817,63.76356591225988,86.76940855229151,3.9599999999999596
0.0,0.0,0.0,0.0,0.0,0.0,0.0,0.0,0.0,0.0,0.0,0.0,0,0.0,-1.5707963267948966,nan,-0.17810102762554064,-0.27019618012196284,-0.1138933554800213,0.040138043200244944,-1.5707933328357753,-0.18274863029579277,-0.2766275609543136,0.9869896311427137,-0.1175298075837177,0.9789022990559948,-0.5330132377944857,-0.8145707398416135,-0.10305876589032925,0.008728496657142155,-0.004647602670252132,-0.006431380832350786,-0.003636452103696397,0.006189244488484883,-0.0033675122688283455,-0.005177830610174018,0.00039582651487240095,9.217052738931375,-6.075348275081385,-0.6329679255659408,-0.056942134803745104,-1.5707930400969423,0.988017967421288,-0.6773947403708168,0.789319433098871,0.9668799973018285,0,zero,0,0.056942134803745326,0.09708017800399027,2.1546097627779557,1.3534826111605789,1.339819157398291,-0.40814671221288595,0.15118665198238437,2.153580968509224,1.3589547341961923,1.2891079412499784,-0.5504659791665822,0.6299435951271828,-0.1428309631784497,0.12722278986840863,-0.10909991086208112,0.6329163746292708,1.4996884412356781,-5.902924045252002,-15.442437312088751,1.0,-0.17745061218738556,-3.286697954241191e-06,-2.927388331741554e-07,0.0,0.0,0.0,1,0.2741340701323318,-4.5,9.0,9.0,0.2741340701323318,-1.5736906028520956,5.22983613722314,1.8199575219883737,-0.003758732289752122,0.0007905388407352892,0.0038364818135204594,0.041569107023933086,-0.06991583041918156,-0.1429119302554658,0.0,0.0,0.0,0.0,0.0,0.5140335085924091,-30.0,30.0,30.0,51.9640667235346,-2.9263093971479046,3.77016386277686,7.180042478011626,0.5140335085924091,-34.78932416503356,68.22300143167388,96.23275486428317,122.98651283544524,3.9699999999999593
0.0,0.0,0.0,0.0,0.0,0.0,0.0,0.0,0.0,0.0,0.0,0.0,0,0.0,-1.5707963267948966,nan,-0.1748697291729848,-0.26172402136429784,-0.11156764956914153,0.03920590670728008,-1.570793293466679,-0.18436771746509897,-0.2753029206972015,0.9807087587417898,-0.11720116262107572,0.886574947917481,-0.48503856218620467,-0.7147518500552896,-0.19970609482377888,0.01750242148951347,-0.009497988292114179,-0.013578899332903682,-0.005633513051934186,0.009915828848394532,-0.005468919246320022,-0.008202382150017798,-0.00106560362844404,3.7954802050934795,-2.5358932875687468,-0.6200196873894088,-0.13114336575688257,-1.5707928435976297,0.9817760536637936,-0.8094187417000823,0.7893194330945564,0.9668800690171604,0,zero,0,0.13114336575688235,0.17034927246416265,2.1608906334377953,1.35205851095084,1.3410876358689485,-0.4092344959992842,0.2491547856835013,2.159822540081392,1.3644468261382554,1.2628299732984807,-0.6454531114837492,0.6262046959045322,-0.14198321969581215,0.12646768545299442,-0.10845237102665962,0.6200026014311084,-0.1873176949008648,-0.17863275556507374,-4.930646262278481,1.0,-0.41483569145202637,-3.4831972666182764e-06,-4.49869049568008e-07,0.0,0.0,0.0,1,0.18170028159238485,-4.121680235913472,9.0,9.0,0.18170028159238485,-2.3602044653473735,7.320139789217417,4.556805115917636,-0.004491307916995604,0.000790538840730968,0.003836482098079626,0.009294890184237813,-0.020207268951329713,-0.06558413762286554,0.0,0.0,0.0,0.0,0.0,0.3407093223183665,-27.47786823942315,30.0,30.0,50.54848490138368,-1.7614757705660988,1.679860210782583,4.443194884082364,0.3407093223183665,-27.47786823942315,49.38059464434099,82.20413684520818,99.75526335848072,3.979999999999959
0.0,0.0,0.0,0.0,0.0,0.0,0.0,0.0,0.0,0.0,0.0,0.0,0,0.0,-1.5707963267948966,nan,-0.17421073949722518,-0.25730956359638957,-0.11123321834040586,0.03827943398724298,-1.5707932544970107,-0.18596736906327144,-0.2739766150801683,0.9744660479866569,-0.11687445484876838,0.3825990559716906,-0.22586412739320771,-0.30881521508750454,-0.0007723456428326836,0.02116205314376291,-0.011756629566046256,-0.016667051483778728,-0.005641236508362513,0.009133052591028446,-0.0051426052037206625,-0.007513724453712071,-0.000714287185133413,-3.630072094169421,2.4576729214268376,-0.6105634306687305,-0.12448135274491579,-1.5707929560575598,0.9756470040503376,-0.813354679502852,-0.5115881181021316,0.966880069016797,0,zero,0,0.12448135274491579,0.162760786732159,2.1671333423833574,1.3506430633799233,1.3423484072372653,-0.41031567055962115,0.21033839228670725,2.165951707014172,1.3510907950589304,1.2988697057385976,-0.6161074222406455,0.6223115050734768,-0.14110049273336897,0.12568142045586086,-0.10777810943256967,0.6105917651823702,-2.0394764005233723,5.981174936562894,8.325482010168509,1.0,-0.46821099519729614,-3.370737336805263e-06,-2.984394509297772e-07,0.0,0.0,0.0,1,0.03636975787955279,-1.2232392293795984,1.6584819697146762,9.0,0.03636975787955279,-2.513304049970824,5.809773153646472,6.2790702458835925,-0.0045131476739763395,-0.0005123784628367916,0.0038364820980781845,-0.04121951928582477,0.051966018701065576,0.05126655508929287,0.0,0.0,0.0,0.0,0.0,0.0681975583715597,-8.15492819586399,5.528273232382254,30.0,31.57640431902498,1.2900648205912257,-4.1512911839317965,2.7209297541164075,0.0681975583715597,-8.15492819586399,5.528273232382254,33.513306031298136,34.9315185880314,3.989999999999959
0.0,0.0,0.0,0.0,0.0,0.0,0.0,0.0,0.0,0.0,0.0,0.0,0,0.0,-1.5707963267948966,nan,-0.17779172674534174,-0.25918876723557077,-0.11245529044833424,0.03735885287511209,-1.5707932159347158,-0.18754731093485505,-0.2726492207506201,0.9682630341017356,-0.11654976634914019,0.4083983534380645,0.20010453765329506,0.32065979687294077,0.15467606075565687,0.017120746613736394,-0.009755584189513306,-0.01346045351504932,-0.004094475900805944,0.003590788572928175,-0.002090672971470724,-0.0028663445620005744,0.0005540017632851627,-9.619685182934594,6.598542387242814,-0.6093283316968596,-0.0325249492911619,-1.5707933122318858,0.9695645948217722,-0.07249535037562008,-0.7893216088946249,-0.9690350502956211,0,zero,0,0.032524949291161676,0.06988380216627377,2.1733363543925277,1.3492366165381255,1.3436011614512908,-0.4113899700088287,0.07214990384707196,2.172034621043026,1.3249750652510974,1.3810921350514953,-0.46804434444791504,0.6182655724197155,-0.14018313368350802,0.12486430787020582,-0.10707739448714632,0.6093829612108901,-2.7722750531964926,9.056889261412794,17.94990655652204,1.0,-0.292574942111969,-3.0145630107725196e-06,9.629717023784679e-08,0.0,0.0,0.0,1,-0.09101150104216828,1.6220499904433365,-9.0,-9.0,-0.09101150104216828,-1.9077587540166443,0.2603132935464803,3.764679290744566,-0.000402262666173893,-0.000790541019892397,-0.00384503284533509,-0.06337944630675145,0.08948659548328543,0.14186996767049134,0.0,0.0,0.0,0.0,0.0,-0.1706572305309737,10.813666602955577,-30.0,-30.0,43.78315325887583,3.529808744459981,-9.26031329354648,-12.764679290744565,-0.1706572305309737,10.813666602955577,-45.31349360839182,-34.14076038215828,57.756979939743424,3.9999999999999587
0.0,0.0,0.0,0.0,0.0,0.0,0.0,0.0,0.0,0.0,0.0,0.0,0,0.0,-1.5707963267948966,nan,-0.18429311645975222,-0.2651685328506419,-0.11174891722884014,0.036444388856736065,-1.57079317778745,-0.1891072839779854,-0.27132131691717115,0.9621012364838972,-0.11622717840234698,0.8829888030070416,0.4941416671280119,0.7307669448520071,-0.038378527270088725,0.00900487555722379,-0.004814167518233187,-0.006152784066529249,-0.004478261173506831,0.0035139499102027206,0.0018971380873294566,0.0029556520991289668,0.0001132771730410478,-10.175727686151383,7.072051541637103,-0.6160807655590756,0.09386214465476828,-1.5707936698014293,0.9634367616375157,0.6342323158138928,-0.7893194330985617,-0.9668759855998064,0,zero,0,-0.09386214465476828,-0.05741775579803221,2.179498150070795,1.3478395149270552,1.3448455916556012,-0.4124571312030203,0.18416367775636555,2.178162975093272,1.3004740789832063,1.465558182633018,-0.28169221476937634,0.6140685136772799,-0.13923150889148583,0.12401667400808766,-0.10635050601931421,0.6161281638492898,-2.097352998464736,7.5208938670989625,17.815444795245547,1.0,-0.20340079069137573,-2.6569934670206408e-06,4.920139793362921e-07,0.0,0.0,0.0,1,-0.15839241317072567,2.5164848098396635,-9.0,-9.0,-0.15839241317072567,-0.9126422727654541,-4.424640579192436,-0.31959262281711054,0.0035192323509169172,-0.0007905388407349795,-0.0038364658954935147,-0.05381701094637818,0.0826495910806183,0.15654758018368667,0.0,0.0,0.0,0.0,0.0,-0.29700433746620225,16.77656539893109,-30.0,-30.0,45.62391213126167,3.4291270826051177,-4.575359420807564,-8.68040737718289,-0.29700433746620225,16.77656539893109,-74.86303791658588,-88.31904005939982,116.98832694450815,4.009999999999959
0.0,0.0,0.0,0.0,0.0,0.0,0.0,0.0,0.0,0.0,0.0,0.0,0,0.0,-1.5707963267948966,nan,-0.19089445541523098,-0.2710602685872208,-0.10924166539698085,0.03553626497097406,-1.5707931400625723,-0.19064704411187977,-0.2699934847810116,0.955982158042985,-0.11590677144904238,0.9084273826732113,0.5061578821584395,0.7219567872738475,-0.21868448785546946,0.006754471017588525,0.0002474113033512082,0.001066783806209226,-0.006665106052061526,0.008318837308385042,0.0046309483689209435,0.006771495226623063,-0.0013799361447503376,-6.078233304852356,4.2805438893475625,-0.6231797059046107,0.19165110127135088,-1.5707938530408334,0.9572282253594895,0.8049250307678147,-0.7893194330944708,-0.9668800690266658,0,zero,0,-0.19165110127135065,-0.15611483630037704,2.185617226510725,1.3464520993101041,1.3460813943244876,-0.41351689385370627,0.321604047377177,2.184371828417521,1.2870384393928462,1.5159303337691201,-0.1469667727549888,0.6097220105285248,-0.13824599965542556,0.12313885850042336,-0.105597735279586,0.623203426730053,-0.8050565405915642,3.126587402922892,9.755771704600251,1.0,-0.3134421110153198,-2.473754062926048e-06,7.129782613191082e-07,0.0,0.0,0.0,1,-0.15842293895979886,1.8492117872625546,-9.0,-9.0,-0.15842293895979886,-0.03658146050186652,-6.950702224260617,-3.5640535304528345,0.0044663731848884735,-0.0007905388407308823,-0.003836482098117343,-0.027821101368210047,0.04536557622076297,0.10175206283790084,0.0,0.0,0.0,0.0,0.0,-0.297061576898179,12.328078581750365,-30.0,-30.0,44.18223361373077,1.8857932477644213,-2.049297775739383,-5.435946469547165,-0.297061576898179,12.328078581750365,-67.59699072109296,-94.89875500289963,117.1631197209522,4.019999999999959
0.0,0.0,0.0,0.0,0.0,0.0,0.0,0.0,0.0,0.0,0.0,0.0,0,0.0,-1.5707963267948966,nan,-0.19551358971561988,-0.2739592091929393,-0.10823811886693954,0.03463470171182759,-1.570793102767146,-0.1921663622256851,-0.2686663069665947,0.9499072845423183,-0.11558862505309103,0.5285708148907169,0.3099816186583587,0.4226118420135372,-0.0685400134089964,0.009656535975165737,0.0033472274899347954,0.005292902226344598,-0.00735050618615149,0.00905108456166094,0.005144737453389737,0.0073187890305237285,-0.001374458222250287,0.7179412786298949,-0.5123395009665523,-0.6260526249194538,0.21791138650055775,-1.5707937885956924,0.9509668133593486,0.8360588761899923,-0.7893194330944463,-0.9668800690168105,0,zero,0,-0.21791138650055775,-0.18327668478872994,2.191692097951453,1.3450747065629183,1.3473082693951441,-0.41456900064201035,0.341098250196954,2.190633313647588,1.2874591929914823,1.5137504255620464,-0.12246566873764143,0.605227810604137,-0.13722700222631887,0.12223121429699024,-0.1048193849400638,0.6260456868119418,0.6141701840296281,-2.5513287098254698,-2.8191654170863916,1.0,-0.37760305404663086,-2.5381992041495494e-06,6.858285463984259e-07,0.0,0.0,0.0,1,-0.0845120331363235,0.5266433847341687,-9.0,-9.0,-0.0845120331363235,0.3879560738745047,-8.088942419367848,-5.681487537609452,0.004639128866499508,-0.0007905388407308578,-0.003836482098078238,0.011808939353313556,-0.01917251556099719,-0.006561060058145886,0.0,0.0,0.0,0.0,0.0,-0.15846996650351303,3.5109558982277917,-30.0,-30.0,42.57172681545328,0.13868731085966401,-0.9110575806321517,-3.318512462390548,-0.15846996650351303,3.5109558982277917,-35.36111820624605,-59.841734802477646,69.59736941160746,4.0299999999999585
0.0,0.0,0.0,0.0,0.0,0.0,0.0,0.0,0.0,0.0,0.0,0.0,0,0.0,-1.5707963267948966,nan,-0.19686795383579145,-0.2722410376024068,-0.10984464793534879,0.03373991693058276,-1.5707930659079365,-0.19366502410905884,-0.26734036695239854,0.943878083939216,-0.11527281786431334,0.1967242775977564,-0.014429776320218357,-0.039223157633633265,0.1922336257186935,0.007983756035347957,0.0032029297267326118,0.004900670650008265,-0.005428169928964555,0.005696901783083714,0.003327736755248464,0.0046095466110451355,0.00036460671205167626,7.427128592828863,-5.370734645831251,-0.6213756421353079,0.15740932741611147,-1.5707934815687177,0.9447148050359294,0.652961878291341,0.7892612477452787,-0.09762347484045675,0,zero,0,-0.15740932741611147,-0.12366941048552871,2.197721296438157,1.3437076695238699,1.3485259204008568,-0.4156131973328847,0.22266500412577214,2.196885107728501,1.3013139895280152,1.4570170382498056,-0.22584634539328338,0.6005877274831283,-0.13617492780802443,0.12129410766642458,-0.10401576909443798,0.6213345301196668,1.8358653835161225,-7.42441030079488,-14.754082479143444,1.0,-0.17094837129116058,-2.845226179104543e-06,4.156607813499136e-07,0.0,0.0,0.0,0,0.05576204564907779,-1.4907867105238062,3.0819870391040776,0.6108351268808476,0.05576204564907779,0.25530530367554266,-4.578166098641269,-5.067466568277651,0.0036231590675878736,0.0007904805654920256,-0.0003873600517574552,0.03949713374040268,-0.06898430443937138,-0.10931237240430733,0.0,0.0,0.0,0.0,0.0,0.1045603706151843,-9.938578070158709,10.273290130346926,2.0361170896028256,14.438577832757595,-1.7460920141993488,7.660153137745347,5.678301695158499,0.1045603706151843,-9.938578070158709,10.273290130346926,2.0361170896028256,14.438577832757595,4.039999999999958
0.0,0.0,0.0,0.0,0.0,0.0,0.0,0.0,0.0,0.0,0.0,0.0,0,0.0,-1.5707963267948966,nan,-0.19461304195497733,-0.26566452181692785,-0.11094430117654955,0.03285212573794061,-1.5707930294914125,-0.19514283036490093,-0.2660162485024773,0.9378960057254946,-0.11495942758126279,0.6596783645059503,-0.373271813665621,-0.5252397335557712,0.14130435242513117,0.004065172501437358,-0.0005297884099235983,-0.0003517266855494472,-0.004015126404713243,0.001286530766674952,-0.00026951058538840343,-0.00042780997605000007,0.0011830063746053688,10.404738250887561,-7.621866612517961,-0.6092946470529623,0.03827159277759651,-1.5707930501609804,0.938561403445436,-0.182265944960426,0.7893197256290329,0.9670703144552404,0,zero,0,-0.03827159277759673,-0.005419467039655679,2.2037033724815553,1.3423513168445276,1.3497340546041936,-0.4166492328893271,0.029859677387441583,2.2030380001723664,1.3233749088341287,1.371330726425839,-0.4086094991485076,0.595803640692838,-0.13509020255726845,0.12032791819622218,-0.10318721325798766,0.6092320303691501,2.3155294410268805,-8.735511479006597,-19.317714278638626,1.0,-0.08037187904119492,-3.2766339161938163e-06,2.0669567835085445e-08,0.0,0.0,0.0,1,0.1983551624697911,-3.9695303326630484,9.0,9.0,0.1983551624697911,-0.4673124493238119,1.1461998530997841,-1.6571918900386993,-0.0010113584470258915,0.0007905391337173766,0.003837236972692128,0.05377167737241253,-0.0893585485296526,-0.16149991067183977,0.0,0.0,0.0,0.0,0.0,0.37193917582934766,-26.46353555108699,30.0,30.0,50.004570317263614,-3.5022178833392363,7.853800146900216,10.6571918900387,0.37193917582934766,-26.46353555108699,52.778025344960284,65.66845218794049,88.30811188496365,4.049999999999958
0.0,0.0,0.0,0.0,0.0,0.0,0.0,0.0,0.0,0.0,0.0,0.0,0,0.0,-1.5707963267948966,nan,-0.1905399740850169,-0.25685729928730394,-0.10944378727506388,0.03197154040615624,-1.5707929935237448,-0.19659959630468035,-0.26469453509952423,0.9319624802679973,-0.1146485309140462,0.9382275737414902,-0.5529833809739843,-0.7485509126670842,-0.11896172342690803,0.01119064980101308,-0.006059622219663441,-0.007837235812220289,-0.005204743638982323,0.00652902059797096,-0.0038593989120361914,-0.005266225465294281,-4.399453258059106e-06,8.45096083114302,-6.268914401970322,-0.5940804233515228,-0.08077412880349999,-1.5707926596034922,0.9325613437209241,-0.6992739528475257,0.7893194330992055,0.9668800533063004,0,zero,0,0.08077412880350021,0.11274566920965601,2.2096368957173746,1.341005972840129,1.3509323831301905,-0.41767685958659556,0.17111944435273743,2.209037461634642,1.3434771124972553,1.2983775792479055,-0.5805061903966791,0.5908774957089348,-0.13397326758364508,0.11933303879273861,-0.10233405436758093,0.5940271884198199,1.648536227962714,-5.84438920447467,-14.71811896169849,1.0,-0.22713230550289154,-3.6671914043218123e-06,-3.3392025233780487e-07,0.0,0.0,0.0,1,0.2339325603875673,-4.5,9.0,9.0,0.2339325603875673,-1.4462785977619792,5.23498936008161,2.010955554455286,-0.0038801358045853413,0.0007905388407356243,0.0038364820357405264,0.044653712914763825,-0.06939371948808146,-0.13751177378078827,0.0,0.0,0.0,0.0,0.0,0.43865096641208945,-30.0,30.0,30.0,51.96337570510921,-3.053721402238021,3.7650106399183896,6.989044445544714,0.43865096641208945,-35.348949259369306,68.06547705040401,95.54386126760893,122.52052571073541,4.059999999999958
0.0,0.0,0.0,0.0,0.0,0.0,0.0,0.0,0.0,0.0,0.0,0.0,0,0.0,-1.5707963267948966,nan,-0.18722240505223026,-0.24932736051669516,-0.10753500919650694,0.0310983702711769,-1.5707929580108069,-0.198035151826855,-0.263375809380119,0.9260789181491,-0.11434020354718122,0.7983282725982639,-0.47531245549612966,-0.6211213051203562,-0.16004507116919586,0.018989077872051653,-0.010812746774624737,-0.014048448863423851,-0.006805194350674282,0.009608946618739993,-0.005731538159095865,-0.0076381071213403075,-0.0010680098574232426,3.0892728570692207,-2.319731022474247,-0.5792834965835885,-0.1486026418341373,-1.5707924749852569,0.9267185794554529,-0.8211316157431124,0.7893194330945662,0.9668800690168073,0,zero,0,0.1486026418341373,0.1797010121053142,2.215520455565841,1.3396719573400508,1.3521206210995418,-0.41869583312642467,0.2609320448299741,2.214879884668035,1.350520090348095,1.2726693719405002,-0.6669999585560763,0.5858113039554145,-0.13282457894961597,0.11830987568118884,-0.10145664078167459,0.5792682133486466,-0.029099580484466647,-0.12655824709627228,-4.018917920523418,1.0,-0.4614090025424957,-3.8518096396877866e-06,-4.830255502241698e-07,0.0,0.0,0.0,1,0.15309151234717605,-4.241455446200116,9.0,9.0,0.15309151234717605,-2.289307255282342,7.322242527782957,4.679563320726715,-0.004556300387777466,0.0007905388407309778,0.0038364820980782252,0.01261628974264236,-0.019686194944026448,-0.05839978151213053,0.0,0.0,0.0,0.0,0.0,0.2870645271839041,-28.276369641334107,30.0,30.0,50.98662065813078,-1.9521481909177743,1.677757472217043,4.320436679273285,0.2870645271839041,-28.276369641334107,49.016588889262096,79.42290650494957,97.52055962805495,4.069999999999958
0.0,0.0,0.0,0.0,0.0,0.0,0.0,0.0,0.0,0.0,0.0,0.0,0,0.0,-1.5707963267948966,nan,-0.1868006896687899,-0.2458282233284563,-0.10801457754362445,0.03023282163477581,-1.5707929229581736,-0.1994493412789028,-0.26206065257283084,0.9202467095072211,-0.11403452010250273,0.29592122677944427,-0.18359048354881502,-0.21839803809506897,0.07852517917960045,0.021441078684148126,-0.012648651610112888,-0.01623242924437454,-0.006019942558878277,0.008253659266276634,-0.005036048779018511,-0.006536489512868095,-0.00018817233406037259,-4.09535732108764,3.1119240969721496,-0.5682607554320545,-0.13446627835424807,-1.5707926088286885,0.9210055749859972,-0.836081487487351,-0.5309851762320037,0.9668800690167929,0,zero,0,0.13446627835424785,0.16469909998902388,2.2213526618911645,1.3383495855382816,1.3532984877617877,-0.4197059127512418,0.21314097542972746,2.2205930488189565,1.3387912416225425,1.3090586004704816,-0.6282032405697824,0.5806071428045986,-0.13164460767050992,0.11725884840564696,-0.10055533228031378,0.5682940824602922,-1.8733273645058042,6.001693404227197,9.271905403588683,1.0,-0.4279234707355499,-3.717966207794632e-06,-3.1412948509057514e-07,0.0,0.0,0.0,0,0.023154825543838464,-1.4079745353728723,1.544563965394538,8.839554391134968,0.023154825543838464,-2.5066606753876535,5.773074367892714,6.319658662198481,-0.00463925433221164,-0.0005318054871879625,0.003836482098078168,-0.037740736295304486,0.05223381315605898,0.05898690754506836,0.0,0.0,0.0,0.0,0.0,0.043418011520417146,-9.386496902485815,5.1485465513151265,29.465181303783226,31.34984290359324,1.0986861400147812,-4.228510402498176,2.5198957289364863,0.043418011520417146,-9.386496902485815,5.1485465513151265,29.465181303783226,31.34984290359324,4.079999999999957
0.0,0.0,0.0,0.0,0.0,0.0,0.0,0.0,0.0,0.0,0.0,0.0,0,0.0,-1.5707963267948966,nan,-0.19096647456598262,-0.24838304047972096,-0.11003949572703386,0.029375097666691996,-1.5707928883711257,-0.20084202330351847,-0.2607496439398195,0.9144672233773415,-0.11373155410211647,0.5296579397066979,0.2773102872577038,0.38658257842760224,0.23278841837956754,0.016250865793913386,-0.00987554873753585,-0.012366603460098519,-0.003692058375082602,0.0027302676402925726,-0.0015059652219746884,-0.0017772968781094144,0.0014239543338513457,-9.812320092100808,7.543951980900366,-0.5658866515166929,-0.0351477073828379,-1.5707929870540014,0.915352675498406,-0.16909037087527032,-0.7893495811427211,-0.9667226210842275,0,zero,0,0.0351477073828379,0.0645228050495299,2.227132145661017,1.3370391678438915,1.3544657066285046,-0.4207068613583825,0.06638469434890946,2.2262465198500214,1.3143702418202923,1.3913138125610718,-0.47105048253167436,0.5752671555771399,-0.13043383971452402,0.11618038982904726,-0.09963050006513305,0.5659479771284751,-2.6026500716647196,9.053711776747981,18.828168570031455,1.0,-0.27211350202560425,-3.339740895391685e-06,9.868287564884781e-08,0.0,0.0,0.0,1,-0.09064349163201788,1.3440966297147796,-9.0,-9.0,-0.09064349163201788,-1.9714191759646553,0.22327485528278776,3.7625473447902387,-0.0009382497368478556,-0.0007905690353543957,-0.003835857360642758,-0.05977010952741273,0.08947083181218232,0.14912827228743672,0.0,0.0,0.0,0.0,0.0,-0.1699671697581434,8.960644198098532,-30.0,-30.0,43.3626801902709,3.3155158056794347,-9.223274855282789,-12.762547344790239,-0.1699671697581434,8.960644198098532,-45.600888307496,-38.73764193150363,60.5009747866084,4.089999999999957
0.0,0.0,0.0,0.0,0.0,0.0,0.0,0.0,0.0,0.0,0.0,0.0,0,0.0,-1.5707963267948966,nan,-0.1982111046868205,-0.25479324654399577,-0.1097890667819531,0.02852539830676104,-1.5707928542546452,-0.2022130706695724,-0.25944336022254144,0.9087418070315131,-0.11343137793140656,0.9697714355071643,0.5873582754783946,0.7716489781552843,0.004974722562914313,0.007134824416895904,-0.004001965982751904,-0.004650113678545675,-0.003642311149453459,0.005003214396965011,0.002906600678599892,0.003952466532109747,0.000980731925509187,-10.275903674964134,7.993796266274462,-0.5718500720932489,0.09785988514129595,-1.5707933575495379,0.9096642669514651,0.5719738582824263,-0.7893194330482656,-0.9668803845570746,0,zero,0,-0.09785988514129595,-0.06933448683453491,2.2328575596060203,1.3357410097315052,1.3556220056064912,-0.4216984456143067,0.19364493491061882,2.231935514179779,1.291463219154494,1.4758021117830038,-0.27646163901973086,0.5697935515420175,-0.12919277600272272,0.11507494613318323,-0.09868252675935536,0.5719035414735053,-1.9492441630553665,7.531095570975312,18.600872412210148,1.0,-0.18612369894981384,-2.9692453589191814e-06,5.032948928729297e-07,0.0,0.0,0.0,1,-0.15331142723058286,2.1780829673800093,-9.0,-9.0,-0.15331142723058286,-1.0487219868329405,-4.445692991532211,-0.3315782721823319,0.0031737722215607576,-0.0007905388406846057,-0.0038364833501100186,-0.05052832033923872,0.0827002112222966,0.16307668538004508,0.0,0.0,0.0,0.0,0.0,-0.28747689336317805,14.52055311586673,-30.0,-30.0,44.84338419159425,3.22680495421295,-4.554307008467789,-8.668421727817668,-0.28747689336317805,14.52055311586673,-75.03473321187418,-92.9265229379544,120.31824034314259,4.099999999999957
0.0,0.0,0.0,0.0,0.0,0.0,0.0,0.0,0.0,0.0,0.0,0.0,0,0.0,-1.5707963267948966,nan,-0.2054520391394909,-0.26098502718445793,-0.10737605047482163,0.02768392016705845,-1.5707928206134234,-0.20356237008844671,-0.258142375092163,0.9030717853193727,-0.11313406280209357,0.9763661902276051,0.5891635033796083,0.7492765770840626,-0.21157011778184798,0.006693745289545956,0.0018896690510441794,0.0028426520922949505,-0.005758012327271939,0.009636738961944665,0.005855127583866848,0.007616674245991445,-0.0007553093589745584,-6.268142174781495,4.934326816452381,-0.5781610702074123,0.20140634242565691,-1.5707935469632057,0.9039035102205685,0.7790412141880654,-0.789319433094091,-0.9668800690160156,0,zero,0,-0.20140634242565714,-0.17372242225859846,2.238527578879228,1.3344554115917717,1.3567671171309594,-0.42268043606881445,0.33901024124538587,2.2376966351011633,1.2791917198945997,1.5265103921174255,-0.1344784267445189,0.5641886059165391,-0.1279219324090383,0.11394297681870813,-0.0977118064077927,0.578188767293096,-0.7146142764625529,3.179304236422783,10.441979320135506,1.0,-0.335727721452713,-2.779831691057666e-06,7.263497820986231e-07,0.0,0.0,0.0,1,-0.16022461336334476,1.5427218689656714,-9.0,-9.0,-0.16022461336334476,-0.23002424030160962,-6.961121090363527,-3.5759826052186954,0.00432274889706618,-0.000790538840730502,-0.003836482098075084,-0.02560035822650481,0.045761309492797365,0.10747667009571109,0.0,0.0,0.0,0.0,0.0,-0.3004399275517434,10.284812459771143,-30.0,-30.0,43.65624390030286,1.7727461092672812,-2.0388789096364732,-5.424017394781305,-0.3004399275517434,10.284812459771143,-67.80568527439935,-99.35787205478478,120.7288918456084,4.109999999999957
0.0,0.0,0.0,0.0,0.0,0.0,0.0,0.0,0.0,0.0,0.0,0.0,0,0.0,-1.5707963267948966,nan,-0.21048168239639028,-0.26420427260906476,-0.10631172874434172,0.0268508564340324,-1.5707927874518586,-0.20488982201639927,-0.2568472586052332,0.8974584600086546,-0.11283967871535353,0.5888844375572267,0.37021913289468356,0.45143619115365907,-0.07699376437398653,0.011314092468506684,0.005591860379991015,0.007357014003831541,-0.006527949971011804,0.010327536756515102,0.006360288974229881,0.008073069050281857,-0.0010150348421810416,0.3225308804900075,-0.256925485122749,-0.580090936407071,0.2326600522891673,-1.5707934901520297,0.8980989906202126,0.8204551143519149,-0.789319433094376,-0.9668800690167911,0,zero,0,-0.2326600522891673,-0.20580919585513513,2.2441409017156078,1.3331826685818362,1.3579007782987218,-0.4236526072692622,0.3649796556363638,2.2435012515403603,1.2800177449801509,1.5252311529069933,-0.10367795747966635,0.5584546598663336,-0.12662183976026906,0.11278495470513335,-0.0967187444768446,0.5800853945109654,0.6177625438967608,-2.433523127896658,-2.2281185151808462,1.0,-0.43699511885643005,-2.8366428668213928e-06,7.02700170940318e-07,0.0,0.0,0.0,1,-0.10004871054433177,0.3321526223508559,-9.0,-9.0,-0.10004871054433177,0.17094353836028636,-8.094318624959586,-5.702790764319826,0.004552546612509349,-0.0007905388407307874,-0.003836482098078161,0.01229368541950367,-0.018199352251357274,0.010088380609086208,0.0,0.0,0.0,0.0,0.0,-0.18760305746171343,2.214350815672373,-30.0,-30.0,42.48456830947018,0.16120908399056955,-0.9056813750404142,-3.2972092356801737,-0.18760305746171343,2.214350815672373,-35.86383003229863,-64.0907675452303,73.47638623098165,4.119999999999957
0.0,0.0,0.0,0.0,0.0,0.0,0.0,0.0,0.0,0.0,0.0,0.0,0,0.0,-1.5707963267948966,nan,-0.21192873962505568,-0.2628854838124198,-0.10795405485624479,0.02602639677064178,-1.570792754774058,-0.20619534044363363,-0.25555857666515913,0.8919031091257085,-0.11254829442499592,0.19391172153674083,0.014153880143102926,-0.003010685657089951,0.19337104022606744,0.010376052801195097,0.005733399181422044,0.007326907147260642,-0.0045942395687511295,0.006909779521377587,0.004326893754527145,0.005352501494139986,0.0006113683229545756,6.966974142429119,-5.6164118091277535,-0.5744087092113724,0.1756672727472921,-1.5707931958548491,0.8923138181025629,0.663564588328591,0.7893276158139821,-0.3450001427704988,0,zero,0,-0.1756672727472921,-0.1496408759766501,2.2496962500915245,1.3319230704758125,1.3590227310013798,-0.42461473787477766,0.2510050767104306,2.2492862091152293,1.2933596171572137,1.4698377733387469,-0.20272227098885853,0.5525941205053674,-0.12529304383608314,0.11160136593083173,-0.09570375785450097,0.5743660590606943,1.7516722442088308,-7.300409557101495,-14.497639910740377,1.0,-0.23171859979629517,-3.1309400476686733e-06,4.410807910026904e-07,0.0,0.0,0.0,0,0.023668890277590383,-1.5257164863443926,2.7598155983128168,-0.5949213129878307,0.023668890277590383,0.058388824651141466,-4.687575050379407,-5.310759906577469,0.003681991453198182,0.0007905470360917531,-0.00136892559272565,0.03802826308518707,-0.06770567885335127,-0.10632006975640898,0.0,0.0,0.0,0.0,0.0,0.04438194314192834,-10.17144324229595,9.19938532770939,-1.9830710432927692,13.857181840422896,-1.584105310995534,7.447390648692224,4.7158385935896385,0.04438194314192834,-10.17144324229595,9.19938532770939,-1.9830710432927692,13.857181840422896,4.129999999999956
0.0,0.0,0.0,0.0,0.0,0.0,0.0,0.0,0.0,0.0,0.0,0.0,0,0.0,-1.5707963267948966,nan,-0.20921502433230388,-0.2565255954772012,-0.10920445738338913,0.025210727218489826,-1.5707927225838412,-0.20747885267077884,-0.2542768904899862,0.8864069862960045,-0.11225997740070157,0.6643314148984201,-0.39972275198970064,-0.507820216004562,0.15387195514386942,0.004172189920653818,0.0017361716615250378,0.002248704987215022,-0.0030555200173124353,0.001459045036835493,0.00021938919653322086,0.00018254314271546864,0.001430859462353432,10.221026179419633,-8.335827059253194,-0.5610169295309045,0.05565360570607081,-1.5707927741330718,0.8866379400177797,-0.11635873588044277,0.7893193920380936,0.9673938427731431,0,zero,0,-0.055653605706070586,-0.030442878487581204,2.2551923703842256,1.3306769015152524,1.3601327220585135,-0.42556661077047697,0.04869265688749246,2.2549615495760946,1.314294990304782,1.3847542451359303,-0.3868841193440176,0.5466094608959303,-0.12393610536901535,0.11039270995303478,-0.09466727485033986,0.5609495910554795,2.192147951021711,-8.724192533506194,-19.721262058254837,1.0,-0.08430648595094681,-3.5526618247239128e-06,5.1549230661862566e-08,0.0,0.0,0.0,1,0.1542319071137545,-3.859163087782615,9.0,9.0,0.1542319071137545,-0.6060014534655126,1.038992294636058,-1.974055976252802,-0.0006456521016226675,0.0007905387996110778,0.003838520700260447,0.05121972355714188,-0.08901649000153516,-0.163740559562934,0.0,0.0,0.0,0.0,0.0,0.28920290101960344,-25.727753918550768,30.0,30.0,49.6185545941381,-3.2531616343171024,7.961007705363942,10.974055976252803,0.28920290101960344,-25.727753918550768,51.563898117886446,63.16888104743591,85.50522838931163,4.139999999999956
0.0,0.0,0.0,0.0,0.0,0.0,0.0,0.0,0.0,0.0,0.0,0.0,0,0.0,-1.5707963267948966,nan,-0.20418741906436755,-0.24756456141638747,-0.1075838302145706,0.024404030099965945,-1.570792690884741,-0.20874029907350472,-0.25300275608696826,0.880971320084654,-0.11197479379132594,1.002117791308677,-0.628905167066221,-0.7686899657795815,-0.13354435594429004,0.008341656836931513,-0.004552880009137172,-0.005438194670580793,-0.004390963576755336,0.006423441916690099,-0.004039292573960388,-0.00499406543163097,6.34982175214847e-05,8.643329232129428,-7.128757533676609,-0.5440938570027863,-0.06880079851320664,-1.5707923810698825,0.8811301384142912,-0.6652499490583158,0.7893194330939884,0.966879974376985,0,zero,0,0.06880079851320664,0.09320482861317281,2.2606280340313223,1.3294444402596186,1.3612305033508694,-0.42650801318167975,0.148237379007088,2.260468700497824,1.3332010597077415,1.311192558292186,-0.5659941666605908,0.5405032200486376,-0.12255160004446747,0.10915949954783306,-0.09360973519552752,0.5440342866930035,1.5355353852150633,-5.949018390580879,-15.61733864402215,1.0,-0.17044854164123535,-3.945725014276036e-06,-3.0981485821257593e-07,0.0,0.0,0.0,1,0.19138457466216557,-4.5,9.0,9.0,0.19138457466216557,-1.5328724901104078,5.1755528177272945,1.7698977043975423,-0.0036913431936489993,0.0007905388407303992,0.0038364817225570043,0.04217199147973062,-0.07018217956639797,-0.14416930626409621,0.0,0.0,0.0,0.0,0.0,0.3588685067732338,-30.0,30.0,30.0,51.962763461974895,-2.9671275098895924,3.8244471822727055,7.230102295602458,0.3588685067732338,-34.45542075110464,67.67230388148019,96.40243079222198,122.72030875538634,4.149999999999956
0.0,0.0,0.0,0.0,0.0,0.0,0.0,0.0,0.0,0.0,0.0,0.0,0,0.0,-1.5707963267948966,nan,-0.19972941075695264,-0.23954542143359195,-0.10510900781508847,0.023606483920376453,-1.5707926596800077,-0.20997963285602514,-0.25173672373437106,0.875597313336917,-0.11169280838826748,0.910344460342764,-0.5697342089935331,-0.6753107630198318,-0.21928369964236694,0.017234887143717785,-0.010250222099072503,-0.012191302300779111,-0.006583800573179005,0.01025224826732882,-0.006479621603486789,-0.007817612448126085,-0.0014170511710866985,3.6500143391813014,-3.0432821752479624,-0.5274909406012245,-0.14481921735968495,-1.570792180771107,0.8757970305124905,-0.8063409564492203,0.7893194330944298,0.9668800690172633,0,zero,0,0.14481921735968495,0.16842570128006162,2.2660020381902743,1.3282259594367551,1.3623158319535489,-0.42743873678812544,0.24870228269948022,2.2658014055867928,1.3392512326775625,1.283943162272799,-0.6632118335645987,0.5342780029224368,-0.12114011850071002,0.10790226081017758,-0.09253159004281987,0.5274698846083498,-0.1197403984010958,-0.30852377964682387,-5.18054727780952,1.0,-0.4084007441997528,-4.146023789619591e-06,-4.78908900980457e-07,0.0,0.0,0.0,1,0.12303379249850765,-4.133615908962041,9.0,9.0,0.12303379249850765,-2.3282365155134133,7.295162683481674,4.52439508241646,-0.004474229882411213,0.0007905388407308412,0.0038364820980800345,0.010613831651323007,-0.021279040420624156,-0.06751389890280372,0.0,0.0,0.0,0.0,0.0,0.230702779858443,-27.557439393080273,30.0,30.0,50.59116216965101,-1.8053793934486273,1.7048373165183257,4.47560491758354,0.230702779858443,-27.557439393080273,49.51718070987525,83.03255769759346,100.52772012203677,4.159999999999956
0.0,0.0,0.0,0.0,0.0,0.0,0.0,0.0,0.0,0.0,0.0,0.0,0,0.0,-1.5707963267948966,nan,-0.19825126329357962,-0.2352810437469357,-0.10485408066026508,0.02281826327008396,-1.5707926289726144,-0.2111968197942558,-0.2504793374709329,0.8702861425187224,-0.11141408458890231,0.4038241106727869,-0.26953344016036884,-0.30069914232180583,0.002379664454177366,0.021014500155293422,-0.012945556500676192,-0.01519829372399717,-0.006560003928637231,0.00948859715715789,-0.006105830730413634,-0.007203652957631342,-0.0009271953237428099,-3.214349815095325,2.708395828907976,-0.5147628022598897,-0.139999232726296,-1.5707922958385492,0.8706110577078604,-0.8175915538418704,-0.4600129513806176,0.9668800690167979,0,zero,0,0.139999232726296,0.16281749599637996,2.2713132063978705,1.3270217257933596,1.3633884702691974,-0.42835857783818854,0.21298197603391095,2.2709874922628885,1.3266305718198725,1.3184176556067555,-0.6365380409289964,0.5279364804245991,-0.11970226632888008,0.10662153315387794,-0.09143330196656076,0.5147930619195185,-1.9676320406769696,5.819268781092302,8.054901211444513,1.0,-0.4665997624397278,-4.030956347378378e-06,-3.3313406522239575e-07,0.0,0.0,0.0,1,0.010976574998675695,-1.2803408959097702,1.9176669525932604,9.0,0.010976574998675695,-2.499087270294434,5.885314259555656,6.259994447820382,-0.00453665726954387,-0.00046072361842141576,0.003836482098078188,-0.03964161782059664,0.05043435314174321,0.049073729974914354,0.0,0.0,0.0,0.0,0.0,0.020582364520299448,-8.535605972731801,6.3922231753108685,30.0,31.8389307307649,1.2187463743846636,-3.967647306962396,2.7400055521796176,0.020582364520299448,-8.535605972731801,6.3922231753108685,34.81863959195641,36.41504047935413,4.1699999999999555
0.0,0.0,0.0,0.0,0.0,0.0,0.0,0.0,0.0,0.0,0.0,0.0,0,0.0,-1.5707963267948966,nan,-0.2016050833502937,-0.23679452172838558,-0.10645288253698121,0.022039538726643437,-1.5707925987652538,-0.21239183796942832,-0.2492311345933709,0.86503895705717,-0.11113868436008903,0.3974913868645554,0.21588018815415777,0.276168085901185,0.187420210552941,0.017116663036128885,-0.010786754619134614,-0.01243661286498532,-0.004685801823107821,0.004004394804280593,-0.00262670360772313,-0.0029560828115516805,0.0006302224345200794,-8.749287287905334,7.4489393827517,-0.511200754934267,-0.04980973830601876,-1.570792664287782,0.8655000330851494,-0.09724796663166468,-0.7892277215904243,-0.9695335654663069,0,zero,0,0.04980973830601876,0.07184927703266197,2.276560389229718,1.3258319999454526,1.3644481861611932,-0.42926733726309546,0.07512176635011007,2.2760990805566497,1.3010805311301141,1.399247077912744,-0.49106918916266123,0.5214813894107236,-0.11823866407298249,0.10531786931160343,-0.09031534496268291,0.5112622798512095,-2.728017127116546,8.939331433973038,17.702035346740224,1.0,-0.2933599650859833,-3.6625071144769095e-06,6.552252829195027e-08,0.0,0.0,0.0,1,-0.0863155827436472,1.5667383085397355,-9.0,-9.0,-0.0863155827436472,-1.9123762594112337,0.3421139440130995,3.7541158741701697,-0.000539610142368508,-0.0007904469875431224,-0.0038470109029962655,-0.06230329069210208,0.0882657135713227,0.13980579894308412,0.0,0.0,0.0,0.0,0.0,-0.161851833383925,10.44492205693157,-30.0,-30.0,43.69350744437148,3.479114567950969,-9.3421139440131,-12.75411587417017,-0.161851833383925,10.44492205693157,-44.11517450233019,-32.611623195676046,55.84612056015301,4.179999999999955
0.0,0.0,0.0,0.0,0.0,0.0,0.0,0.0,0.0,0.0,0.0,0.0,0,0.0,-1.5707963267948966,nan,-0.20825734510959884,-0.24207700469812513,-0.10628428460201861,0.02127047675693783,-1.570792569060346,-0.2135646774929503,-0.24799264516229494,0.8598568786810582,-0.11086666820174126,0.851808924695677,0.5479422235783155,0.6520972400815506,0.010341822338516549,0.009173920567767169,-0.00530733238335146,-0.0059156404641698135,-0.004582383599722656,0.003077457372428085,0.0018984523800188568,0.0023723941992290845,0.0004882296625328122,-9.261399216210858,7.967393753050354,-0.5166734435321594,0.07483712776588636,-1.5707930311606515,0.8603620316415583,0.6227538986186257,-0.7893194321789692,-0.9668751856103116,0,zero,0,-0.07483712776588636,-0.05356665100894853,2.2817424649597173,1.324657036228852,1.3654947530868349,-0.4301648207911395,0.17680420895084512,2.2812376854926875,1.2768355072850588,1.4829469007808669,-0.3069675486137044,0.5149155326847418,-0.11674994722989061,0.10399183533488363,-0.08917820444870848,0.5167283471531938,-2.0830949211529814,7.471743043048879,17.605555184077527,1.0,-0.2004694640636444,-3.295634245059631e-06,4.6210030557602977e-07,0.0,0.0,0.0,1,-0.14378627527335983,2.5066067833954966,-9.0,-9.0,-0.14378627527335983,-0.9266048800109351,-4.377780621103014,-0.3251446120660052,0.003455540835799043,-0.0007905388398139663,-0.003836462721216297,-0.05340390076488635,0.08205817581285531,0.15478644828727586,0.0,0.0,0.0,0.0,0.0,-0.2696161171448712,16.71071188930331,-30.0,-30.0,45.59956781262216,3.4332116634064316,-4.622219378896986,-8.674855387933995,-0.2696161171448712,16.71071188930331,-73.96561401030813,-86.79992843845547,115.25823275385063,4.189999999999955
0.0,0.0,0.0,0.0,0.0,0.0,0.0,0.0,0.0,0.0,0.0,0.0,0,0.0,-1.5707963267948966,nan,-0.21496638645156052,-0.24726008202761987,-0.1042316747953885,0.020511239619311672,-1.5707925398600413,-0.2147153402233513,-0.24676439151685645,0.8547410007613867,-0.1105980951104723,0.8670843365056847,0.5558378611560694,0.6411330974933238,-0.1784036715361148,0.0063906213249942095,0.00025104622820923406,0.0004956905107634246,-0.006366420315083804,0.007716149188848887,0.004962437726636074,0.005845470982765685,-0.0008623451185440266,-5.469001895280482,4.75465145938911,-0.5227061795113617,0.170811822343637,-1.5707932190700216,0.855155821838183,0.8020124601477082,-0.7893194330883203,-0.9668800690286148,0,zero,0,-0.17081182234363723,-0.15030058272432534,2.286858340219552,1.3234970825496413,1.3665279502305308,-0.43105083906189723,0.31204523111124083,2.2864442733300367,1.2634235883236176,1.5331840512623969,-0.1741676475366224,0.5082417789989082,-0.11523676624934444,0.1026440105941068,-0.0880223772637477,0.5227341518140637,-0.8087784208940354,3.13417544413798,9.572234658556953,1.0,-0.29711759090423584,-3.1077248747735098e-06,6.792099802588325e-07,0.0,0.0,0.0,1,-0.15996509555355634,1.879380004855821,-9.0,-9.0,-0.15996509555355634,-0.04702182175126528,-6.928479794120142,-3.5667028444506705,0.004450211894309239,-0.0007905388407247223,-0.003836482098125076,-0.02784676658509476,0.04534568986137659,0.10023348208370182,0.0,0.0,0.0,0.0,0.0,-0.2999533012442459,12.52920003237214,-30.0,-30.0,44.23879321855561,1.9264018266070861,-2.0715202058798576,-5.4332971555493295,-0.2999533012442459,12.52920003237214,-67.2215949845434,-93.47710854833122,115.81788929287482,4.199999999999955
0.0,0.0,0.0,0.0,0.0,0.0,0.0,0.0,0.0,0.0,0.0,0.0,0,0.0,-1.5707963267948966,nan,-0.2193282426053384,-0.24962025033363358,-0.10339316822316724,0.019761985265712045,-1.5707925111662244,-0.21584383947614136,-0.24554688779843523,0.849692387651873,-0.11033302254330876,0.48562496354436235,0.3233356900987805,0.357767202443493,-0.05734340050577158,0.008768975167868967,0.003484403129197039,0.004073362535198355,-0.00693985432014152,0.008365809632962714,0.005454209771658884,0.006270996407887459,-0.0009554949680532472,0.8195280063651194,-0.720047906234671,-0.5242248349960417,0.195072557447582,-1.570793164769807,0.8499096432125554,0.8351462943044203,-0.7893194330933389,-0.9668800690168142,0,zero,0,-0.195072557447582,-0.17531057218186996,2.2919069506581704,1.3223523802346426,1.3675475626369877,-0.4319252077404444,0.33004476170943614,2.2916905328208794,1.263766677792021,1.5313166937011744,-0.15143120588845474,0.5014630630538062,-0.11369978653395173,0.10127498777852086,-0.08684837166849964,0.5242167062764614,0.6052643173948837,-2.5064388435481346,-2.9920918861030237,1.0,-0.3501514196395874,-3.1620250897645974e-06,6.53603582811968e-07,0.0,0.0,0.0,1,-0.11729398204161372,0.5818929340890088,-9.0,-9.0,-0.11729398204161372,0.39002036946083324,-8.079522807592722,-5.682422683531383,0.00463406512626665,-0.0007905388407297486,-0.0038364820980782526,0.011623106548810783,-0.018809779569195113,-0.007976779563155307,0.0,0.0,0.0,0.0,0.0,-0.2199399625756867,3.8792862272600583,-30.0,-30.0,42.60395797599265,0.19187256462817553,-0.9204771924072777,-3.3175773164686166,-0.2199399625756867,3.8792862272600583,-35.427397533839084,-58.461246547844674,68.46835093069421,4.209999999999955
0.0,0.0,0.0,0.0,0.0,0.0,0.0,0.0,0.0,0.0,0.0,0.0,0,0.0,-1.5707963267948966,nan,-0.21992449237802,-0.2476792671665257,-0.10476262681446841,0.01902286724381952,-1.5707924829805175,-0.21695019972743299,-0.24434063948363433,0.8447120740294695,-0.11007150638147936,0.18601415669060317,-0.05101104786100208,-0.07347348523069896,0.16309747531305652,0.006940969228669072,0.002974292650587018,0.0033386276828913652,-0.0053088795670109545,0.00496003886663806,0.0032902428503161396,0.0036843202211450246,0.00044952425136534583,6.96864153651865,-6.18762152619921,-0.5175835927124953,0.13267803624312546,-1.570792875664081,0.8446895836144703,0.6693708819671181,0.78929414200857,-0.00011029575234217104,0,zero,0,-0.13267803624312524,-0.11365516899930572,2.296887261601266,1.3212231638818883,1.3685533813443989,-0.43278774763157146,0.21091394580794237,2.296910324310158,1.277577910712462,1.4751977964651115,-0.256133416793845,0.4945823854983482,-0.1121396884391882,0.09988537289623355,-0.08565670734525237,0.5175363494775739,1.8369228967967088,-7.352307221241779,-14.834647818142894,1.0,-0.14776276051998138,-3.451130815790293e-06,3.926835634437964e-07,0.0,0.0,0.0,0,-0.01386172264220078,-1.425972166240481,2.966598857336152,1.0329401154846496,-0.01386172264220078,0.2727112745878834,-4.612759307048901,-4.984840067226943,0.003714209452663261,0.000790513510573166,-4.3764236425423005e-07,0.03944784834106995,-0.06835713286545074,-0.1102405356241191,0.0,0.0,0.0,0.0,0.0,-0.025992354476281232,-9.506481108269874,9.888662857787175,3.4431337182821657,14.142654686491303,-1.6986834408283644,7.579358164385052,6.017780182711593,-0.025992354476281232,-9.506481108269874,9.888662857787175,3.4431337182821657,14.142654686491303,4.2199999999999545
0.0,0.0,0.0,0.0,0.0,0.0,0.0,0.0,0.0,0.0,0.0,0.0,0,0.0,-1.5707963267948966,nan,-0.21657584668050825,-0.24141824933272757,-0.10535443028110553,0.01829403459918688,-1.5707924553042834,-0.21803445631218538,-0.24314614292682038,0.8398010642348712,-0.1098136008942728,0.6785445143870676,-0.4432902282264145,-0.5066521276984176,0.08497089538436753,0.004999736081781008,-0.0014586096316771269,-0.0017278935940928108,-0.004459170613167279,0.0014737471012037377,-0.0007604270876191865,-0.0009198393624634757,0.0008646251846807429,9.589125434987208,-8.602227997888233,-0.5024476533564651,0.01299739745206141,-1.5707924576690404,0.8395925428559876,-0.1583812827444646,0.7893195589776787,0.9669717234456214,0,zero,0,-0.01299739745206141,0.0052966371471256934,2.301798268710765,1.3201096612110905,1.3695452035176332,-0.4336382847939998,0.02952100081867854,2.302006771100686,1.2997574931898888,1.3903791210620198,-0.4384531734407174,0.4876028129297739,-0.11055716727339703,0.098475785274212,-0.08444791539788263,0.5023775976376748,2.3341656331970215,-8.640808193943744,-19.18878976647481,1.0,-0.08924034237861633,-3.869125856148514e-06,2.3647572788831894e-09,0.0,0.0,0.0,1,0.10201013925773698,-3.9174706483668356,9.0,9.0,0.10201013925773698,-0.43797812532656455,1.1089989040377422,-1.547579352200304,-0.000878827079788213,0.0007905389668085653,0.003836845773560452,0.054099941994257696,-0.08849906206189714,-0.16078764539944146,0.0,0.0,0.0,0.0,0.0,0.19128096616864237,-26.116470989112237,30.0,30.0,49.8207451302483,-3.479492523040271,7.891001095962258,10.547579352200303,0.19128096616864237,-26.116470989112237,52.09561929157787,66.66519368562979,88.5455150973143,4.229999999999954
0.0,0.0,0.0,0.0,0.0,0.0,0.0,0.0,0.0,0.0,0.0,0.0,0,0.0,-1.5707963267948966,nan,-0.21141956516755578,-0.23335467808552163,-0.10345057693510012,0.017575631777372314,-1.570792428138633,-0.21909665511793588,-0.24196388491242876,0.8349603316130311,-0.10955935870296984,0.9420360197143235,-0.6218480318702979,-0.6881313232814323,-0.16496111547024406,0.013052714927636667,-0.007677089950380106,-0.008609206826907134,-0.00610878176786972,0.006985392926911071,-0.0046443849194035425,-0.005191579907572923,-0.0005223993941815934,7.676183686337153,-6.9545057150551095,-0.48359826141921347,-0.10496159622347401,-1.5707920708586445,0.8346812978924972,-0.6926759170516172,0.789319433096283,0.9668800635443826,0,zero,0,0.10496159622347401,0.1225372280008461,2.306638998644309,1.3190120929141143,1.3705228325814236,-0.43447665065459795,0.1812443001421359,2.3069173456053176,1.3201239665472941,1.318372487088066,-0.6080523518887546,0.4805274778936454,-0.10895293329778778,0.09704685755828175,-0.08322253835185499,0.4835399833729331,1.6795536746974433,-5.754912093759312,-14.4333985394789,1.0,-0.26614925265312195,-4.255936252306469e-06,-3.5727998870527244e-07,0.0,0.0,0.0,1,0.1408612356403444,-4.5,9.0,9.0,0.1408612356403444,-1.4160448115801196,5.213305285512405,2.0947658547882257,-0.003843524581147962,0.0007905388407326974,0.003836482076364199,0.045265373888658776,-0.06851198102226114,-0.13539528361359024,0.0,0.0,0.0,0.0,0.0,0.2641313250334603,-30.0,30.0,30.0,51.962195540189256,-3.08395518841988,3.786694714487595,6.905234145211774,0.2641313250334603,-35.08022770072514,67.12287442007086,95.48564989439316,121.8756815244896,4.239999999999954
0.0,0.0,0.0,0.0,0.0,0.0,0.0,0.0,0.0,0.0,0.0,0.0,0,0.0,-1.5707963267948966,nan,-0.20729896528281674,-0.22664764566676707,-0.10150191561557079,0.016867798526075006,-1.5707924014844237,-0.22013685227489174,-0.24079434221721002,0.8301908178536821,-0.1093088307448486,0.7757659148026466,-0.5160797041694892,-0.5537489723535821,-0.16981333614080885,0.02063706106855697,-0.012837886992074998,-0.014146696550442955,-0.007806915129277808,0.009784842600022893,-0.006525239064051714,-0.007140075987942072,-0.0014777397438687605,2.6550842497129334,-2.4283876097396293,-0.4653313156731219,-0.17050793436569678,-1.5707918914584513,0.8299619106435585,-0.8193285495390223,0.789319433094488,0.966880069016768,0,zero,0,0.17050793436569656,0.18737573289177156,2.3114085097147314,1.3179306725054487,1.371486078353555,-0.4353026821225959,0.2677623303794226,2.3116363627124508,1.3275476492595044,1.2933249835709195,-0.6912225341734329,0.47335957888386476,-0.10732771172644039,0.09559923571313039,-0.08198113015422487,0.46531534571822464,0.014175341860128143,-0.08050428278944977,-3.6644611451255735,1.0,-0.5095227956771851,-4.435336445229865e-06,-5.100259725665524e-07,0.0,0.0,0.0,1,0.08981068620422449,-4.211456732926281,9.0,9.0,0.08981068620422449,-2.2609564589748863,7.31173564580623,4.733822345209826,-0.004546295522433864,0.0007905388407308995,0.0038364820980780695,0.013474188829564486,-0.019148643617547725,-0.05559537971790911,0.0,0.0,0.0,0.0,0.0,0.16840556198054468,-28.076378219508538,30.0,30.0,50.87544962315517,-1.9505002739513944,1.6882643541937696,4.266177654790174,0.16840556198054468,-28.076378219508538,48.086244419816886,78.51342254792748,96.25464039177528,4.249999999999954
0.0,0.0,0.0,0.0,0.0,0.0,0.0,0.0,0.0,0.0,0.0,0.0,0,0.0,-1.5707963267948966,nan,-0.2065032236183394,-0.22372104211824984,-0.10231712288365513,0.016170669797271442,-1.5707923753422712,-0.2211551138432595,-0.23963798118257582,0.8254934323318366,-0.10906206623725836,0.2748117599205103,-0.18140032328451128,-0.17702425138830247,0.1061971775674575,0.0226610038873809,-0.014651890224920111,-0.01591693906432598,-0.006744943353603233,0.008126313520770399,-0.00554967259314457,-0.0059297174281851325,-0.00027668893840070933,-3.970881846659394,3.66519907659079,-0.451534947629968,-0.1536037889998112,-1.5707920423629336,0.8254029988054818,-0.8350376519955067,-0.5577891582039388,0.9668800690167921,0,zero,0,0.1536037889998112,0.16977445879708242,2.316105892549553,1.3168656061726767,1.3724347571780537,-0.43611622170380326,0.2172499350265757,2.3161954616988396,1.3163540293046856,1.3297133988659036,-0.6491236161282501,0.4661023803426519,-0.10568224272630014,0.09413357902230295,-0.08072425617363475,0.4515723348976104,-1.8113138978300525,5.963639777560991,9.55617289757684,1.0,-0.4644606411457062,-4.284431962986446e-06,-3.3297933743625663e-07,0.0,0.0,0.0,0,0.0015796549831428059,-1.4095234490014636,1.3578539525568525,8.425420277997253,0.0015796549831428059,-2.4833053791155724,5.707275780191801,6.27046697237273,-0.004633462291124582,-0.0005586508782256477,0.003836482098078165,-0.03652368346323639,0.05207243734828712,0.06155561808765331,0.0,0.0,0.0,0.0,0.0,0.00296203822078156,-9.396822993343092,4.526179841856175,28.084734259990846,29.95895347900224,1.0737819301141087,-4.349421827634949,2.154953305624523,0.00296203822078156,-9.396822993343092,4.526179841856175,28.084734259990846,29.95895347900224,4.259999999999954
0.0,0.0,0.0,0.0,0.0,0.0,0.0,0.0,0.0,0.0,0.0,0.0,0,0.0,-1.5707963267948966,nan,-0.21079500410184687,-0.22632899933653594,-0.10489381237437273,0.015484375649349014,-1.5707923497125482,-0.22215151549868953,-0.2384952572971749,0.8208690514483103,-0.10881911264177019,0.5733892002443364,0.32953788280774554,0.3750681103687009,0.28196430862057753,0.01709959549406531,-0.011356511396842656,-0.012166257960638971,-0.003925300267397458,0.0026865195922086806,-0.0015002073185408048,-0.0014501243325228362,0.0016923075787051546,-9.14875781130204,8.520680771723216,-0.4476061147685483,-0.05245390089927682,-1.5707924414580836,0.8209257352735062,-0.18380412953245745,-0.7893808168414209,-0.9650012422042585,0,zero,0,0.05245390089927682,0.06793827654862561,2.3207302707504547,1.3158170926269472,1.373368692058377,-0.4369171176148238,0.06935391779684981,2.320673367595033,1.292653322059042,1.4110580699610644,-0.4903297865444791,0.45875921266055186,-0.10401728141717935,0.09265056008820348,-0.0794524932003154,0.4476745917820318,-2.526710312876954,8.935901606215152,18.911259692443494,1.0,-0.2913160026073456,-3.885336813169715e-06,9.174553561308585e-08,0.0,0.0,0.0,1,-0.07448098340923985,1.2920934430253723,-9.0,-9.0,-0.07448098340923985,-1.9617560484622603,0.1609459744550037,3.6734414141706493,-0.0010198935354668323,-0.0007906003193086533,-0.0038290271037488225,-0.05818242570223786,0.08846081020611764,0.1501230995759174,0.0,0.0,0.0,0.0,0.0,-0.1396605726781171,8.613956286835815,-30.0,-30.0,43.292259677534496,3.2538494914876326,-9.160945974455004,-12.67344141417065,-0.1396605726781171,8.613956286835815,-45.61899005770032,-39.89021183347007,61.208994453354286,4.269999999999953
0.0,0.0,0.0,0.0,0.0,0.0,0.0,0.0,0.0,0.0,0.0,0.0,0,0.0,-1.5707963267948966,nan,-0.21842556874215996,-0.23241533476911888,-0.10522062674752691,0.014809041149242308,-1.57079232459539,-0.22312614221671667,-0.23736661478979781,0.8163185179702366,-0.10858001562839634,0.9832480460028191,0.6655937922285943,0.7214977939960038,0.05659113865280341,0.007608945951036165,-0.004700573474556713,-0.004951280020678933,-0.003359388880869424,0.00536181867960738,0.003431081123507868,0.0038364456781151447,0.0015028194954039686,-9.47701181653674,8.906418164613248,-0.45301502983839687,0.0809483765612935,-1.5707928225707792,0.8164242495076567,0.5571576086463068,-0.7893194326733747,-0.9668835146751462,0,zero,0,-0.0809483765612935,-0.06613933541205119,2.325280801552763,1.3147853229534487,1.3742877127905981,-0.4377052238972709,0.1909251194845377,2.325175517993311,1.270478482775823,1.4942358319906688,-0.2959246089338808,0.45133347217644854,-0.10233359787176041,0.09115086483209778,-0.07816642944608825,0.4530753769554604,-1.8801958558323004,7.3983904225381245,18.523500337896316,1.0,-0.1898975670337677,-3.5042241171012734e-06,4.979753889244876e-07,0.0,0.0,0.0,1,-0.12443886265900174,2.103237324378364,-9.0,-9.0,-0.12443886265900174,-1.0586172781295013,-4.47991845654753,-0.4038131540580543,0.003091559720339055,-0.0007905388403091357,-0.0038364957701012164,-0.049007385547078355,0.08144817613457586,0.16266733362484878,0.0,0.0,0.0,0.0,0.0,-0.23333745107632053,14.021582162522428,-30.0,-30.0,44.68399280174548,3.1618546025078658,-4.52008154345247,-8.596186845941945,-0.23333745107632053,14.021582162522428,-74.4191884340288,-93.12709280152444,120.03137187231376,4.279999999999953
0.0,0.0,0.0,0.0,0.0,0.0,0.0,0.0,0.0,0.0,0.0,0.0,0,0.0,-1.5707963267948966,nan,-0.22593584641264253,-0.23821705221273953,-0.10326348814674122,0.014144786274565613,-1.5707922999907016,-0.22407908795707732,-0.23625248623268524,0.8118426403715745,-0.10834481903987989,0.9684658602205453,0.6557331930121924,0.6915846000733222,-0.17219420122692453,0.005755605537027793,0.0018567584555652106,0.001964565980054289,-0.005081330893138669,0.009767693704223276,0.006647177309305915,0.00715553000130552,-0.000145823587214944,-5.703007298728524,5.408917193253481,-0.45881121646928213,0.1837069219047407,-1.5707930139661213,0.8118569572885813,0.7718130879335967,-0.7893194330910375,-0.9668800690082057,0,zero,0,-0.18370692190474092,-0.16956213563017508,2.3297566764849384,1.3137704804618764,1.375191656096599,-0.4384804005319846,0.33403342716601053,2.329743229351404,1.2587930108839767,1.543721139152502,-0.15536625135683957,0.44382862117754673,-0.10063197711559178,0.08963519249410974,-0.07686666454436226,0.4588426897705089,-0.6636046539103531,3.0661542424687305,10.262615808838335,1.0,-0.3184981942176819,-3.3128287753037e-06,7.139754196749948e-07,0.0,0.0,0.0,1,-0.14973202459985643,1.4847906683793812,-9.0,-9.0,-0.14973202459985643,-0.25636668478585506,-6.976856430397249,-3.6240038495123827,0.004282641423642038,-0.0007905388407274436,-0.0038364820980440945,-0.024436531566695605,0.0446503769777207,0.10615719942847515,0.0,0.0,0.0,0.0,0.0,-0.2807650939431023,9.898604455862541,-30.0,-30.0,43.56674418879151,1.7411573531652362,-2.023143569602751,-5.375996150487618,-0.2807650939431023,9.898604455862541,-66.99191175737134,-98.73969233449466,119.73096626366001,4.289999999999953
0.0,0.0,0.0,0.0,0.0,0.0,0.0,0.0,0.0,0.0,0.0,0.0,0,0.0,-1.5707963267948966,nan,-0.2308596321663761,-0.24117543068444577,-0.10240047094235372,0.013491725815747202,-1.5707922758981596,-0.22501045534877565,-0.23515329215529523,0.8074421921736252,-0.10811356485605719,0.572734003555304,0.39924183620352327,0.405757254909625,-0.06317630205648073,0.010154726189052542,0.005849176817600443,0.006022138529150539,-0.005713093913703476,0.010299808810181329,0.007080532067206356,0.00746219448872959,-0.0005174752012658702,0.43258842694071314,-0.41405997773765396,-0.45982093826494724,0.2133478872721526,-1.5707929618534717,0.8072541668428405,0.8158408984702049,-0.7893194330937988,-0.9668800690167753,0,zero,0,-0.21334788727215237,-0.19985616145640517,2.3341571220280555,1.312772740536906,1.3760803657572573,-0.43924251355324734,0.35747852378077016,2.3343461245909767,1.260017731563926,1.5414737100704532,-0.12674801771745298,0.4362481878993755,-0.09891321912708874,0.08810425563322212,-0.07555380955013463,0.45981438893740045,0.6507945836811246,-2.519196359856755,-2.4672182835243173,1.0,-0.4079146385192871,-3.364941425054724e-06,6.859553121074669e-07,0.0,0.0,0.0,1,-0.125117609703544,0.3014283452535527,-9.0,-9.0,-0.125117609703544,0.13711530355150128,-8.10084030617792,-5.731715606244235,0.00452694322176413,-0.0007905388407302093,-0.003836482098078098,0.013061018571451534,-0.019057510779062238,0.008221918008414094,0.0,0.0,0.0,0.0,0.0,-0.23461018133047812,2.0095223016903514,-30.0,-30.0,42.47461856000798,0.16431304170205144,-0.8991596938220798,-3.2682843937557653,-0.23461018133047812,2.0095223016903514,-35.113528072322126,-62.89431599303141,72.06072480717368,4.299999999999953
0.0,0.0,0.0,0.0,0.0,0.0,0.0,0.0,0.0,0.0,0.0,0.0,0,0.0,-1.5707963267948966,nan,-0.23171868275867935,-0.23986848811955735,-0.10387311719509562,0.01284996927816473,-1.5707922523172182,-0.2259203553767735,-0.23406944066855573,0.8031179112855527,-0.10788629315828735,0.17152481840049164,-0.005084943569458322,-0.02230910781489126,0.1699917950511748,0.009129903234879742,0.00579832738190586,0.0057990474510016266,-0.0040131759631917285,0.0067611577817920715,0.004678175264570797,0.004817542453657767,0.0007869024408721469,6.539843702957403,-6.317523559121264,-0.4524714362995818,0.15458183371982326,-1.5707926792937115,0.802683837622156,0.6609807275202257,0.7892951919979372,-0.24639889952459076,0,zero,0,-0.15458183371982326,-0.14173186444165875,2.338481400275281,1.311792270488666,1.3769536927456336,-0.43999143516299866,0.2413117781466637,2.3389161928833206,1.2736077967866133,1.4855110627882941,-0.22788667659966333,0.4285957665257995,-0.09717813883753594,0.08655878012727873,-0.07422848693999258,0.4524234206253817,1.7713093523988677,-7.330094802896617,-14.65167836596176,1.0,-0.2037898302078247,-3.6475011850889416e-06,4.2697649327294585e-07,0.0,0.0,0.0,0,-0.04327479192005065,-1.536630356955919,2.938336656347905,-0.11784561157190455,-0.04327479192005065,0.02559128168022036,-4.631329919975747,-5.23368416302162,0.0036676541097353274,0.0007905145621846458,-0.0009776858550549308,0.03849932534676967,-0.06813818476301862,-0.10788727265547916,0.0,0.0,0.0,0.0,0.0,-0.08114530643174694,-10.244202379706127,9.794455521159684,-0.3928187052396819,14.17871406187085,-1.5622216386361394,7.569666576323652,5.115838551449716,-0.08114530643174694,-10.244202379706127,9.794455521159684,-0.3928187052396819,14.17871406187085,4.3099999999999525
0.0,0.0,0.0,0.0,0.0,0.0,0.0,0.0,0.0,0.0,0.0,0.0,0,0.0,-1.5707963267948966,nan,-0.22805903342868097,-0.23399245788162096,-0.10465354687897732,0.012219620784280405,-1.5707922292471133,-0.2268089070711692,-0.23300132709960084,0.7988704993448866,-0.10766304209394906,0.6693995092507701,-0.45482010243940996,-0.48079166689815045,0.10036807482199928,0.003406202810425594,0.0012501263575117605,0.000991130782020122,-0.0030094952149717358,0.0011947654445315142,8.649640493019607e-05,6.405852174992373e-06,0.0011916131102160006,9.419222408726277,-9.18020878551792,-0.43624763250265697,0.03418187794643268,-1.5707922681239594,0.7982447495356952,-0.11173610480214047,0.7893195559599182,0.967270088963342,0,zero,0,-0.03418187794643268,-0.021962257162152277,2.3427288095913665,1.3108292294032065,1.377811495360162,-0.44072704384505235,0.04006068911746191,2.3433546693894654,1.2946609679209464,1.4006658996525228,-0.4120786470808067,0.4208750171890072,-0.09542756613108469,0.08499950517298213,-0.07289133061211144,0.43617376880734887,2.197892965517574,-8.665680285515247,-19.620659362329075,1.0,-0.07604184001684189,-4.058670937112652e-06,3.88768461867528e-08,0.0,0.0,0.0,1,0.05602499153029286,-3.8564761027496055,9.0,9.0,0.05602499153029286,-0.6322690483971135,1.096148092502829,-1.8596007021482803,-0.0006200020165805027,0.0007905389637861427,0.003838029657688483,0.0514081665863644,-0.08861927421139934,-0.1633355522702962,0.0,0.0,0.0,0.0,0.0,0.10505342495835901,-25.70984068499737,30.0,30.0,49.60853700997482,-3.224207054352492,7.903851907497171,10.859600702148281,0.10505342495835901,-25.70984068499737,51.70706991179559,64.41680054799416,86.5109947692975,4.319999999999952
0.0,0.0,0.0,0.0,0.0,0.0,0.0,0.0,0.0,0.0,0.0,0.0,0,0.0,-1.5707963267948966,nan,-0.22204782022519695,-0.2259000565388705,-0.10260246807509726,0.011600778975771053,-1.570792206686865,-0.22767623719971933,-0.23194933363698358,0.794700621058048,-0.10744384784100838,1.0011868082295308,-0.6878543332034137,-0.7040407880133215,-0.18318845509393833,0.009576627229177338,-0.005628416974522377,-0.006049277098113093,-0.004841379765911119,0.006521078601908156,-0.0045200313578521376,-0.004681049774655089,-0.0004260934915007791,7.850678619052312,-7.716665902814515,-0.4159503401613975,-0.08890901632407111,-1.5707918792347635,0.7940034115626684,-0.6615069467871213,0.7893194330961609,0.9668800130565114,0,zero,0,0.08890901632407111,0.10050979529984216,2.346898685272124,1.3098837679929722,1.3786536393578372,-0.4414492244793118,0.1559557396537476,2.347595293800791,1.3135293429866883,1.328047682069874,-0.5889194056599129,0.41308966596951513,-0.09366234584475402,0.0834271832858944,-0.07154298588625532,0.41588638253724125,1.525836594286771,-5.838167148012237,-15.320515444475085,1.0,-0.19238342344760895,-4.4475601330695724e-06,-3.274521014340337e-07,0.0,0.0,0.0,1,0.09470716170152751,-4.5,9.0,9.0,0.09470716170152751,-1.5515899716854475,5.207280231518948,1.8592290334352253,-0.0036705739985860844,0.0007905388407325751,0.003836481876033444,0.04202489436063835,-0.06919734139302444,-0.1420093560670929,0.0,0.0,0.0,0.0,0.0,0.17758702737957532,-30.0,30.0,30.0,51.96182769256961,-2.9484100283145525,3.792719768481052,7.140770966564775,0.17758702737957532,-34.18217460107134,67.05608998982636,96.38973075902159,122.29452971466378,4.329999999999952
0.0,0.0,0.0,0.0,0.0,0.0,0.0,0.0,0.0,0.0,0.0,0.0,0,0.0,-1.5707963267948966,nan,-0.216831136913723,-0.21881954490423106,-0.09999255740690705,0.010993536915663293,-1.570792184635288,-0.22852247996455485,-0.23091382898631707,0.7906089035408518,-0.10722874457264744,0.8890235347017086,-0.6062926076309483,-0.6045006983972923,-0.23948073998292796,0.018311788948326694,-0.01169134305083186,-0.012094284082086015,-0.007236187165740399,0.010201853967320446,-0.007042839953053946,-0.007138070954962135,-0.001877278031652472,3.1623640960535284,-3.133582008314521,-0.39621952473386807,-0.16230315854833632,-1.5707916850705335,0.7899679603798888,-0.803374753044803,0.7893194330944845,0.9668800690170725,0,zero,0,0.16230315854833632,0.17329669546399984,2.3509904002039166,1.3089560284472728,1.3794799980874055,-0.44215786845598637,0.2527977452321321,2.3516303172798554,1.3194353865348287,1.3019205421582687,-0.6825346650704578,0.4052435048961659,-0.0918833377684302,0.08184258030043685,-0.07018410950377682,0.3961978976043293,-0.13519270926277122,-0.2026582736235183,-4.789805735650964,1.0,-0.43703314661979675,-4.641724363096955e-06,-4.995647544525639e-07,0.0,0.0,0.0,1,0.05905826433513632,-4.052425639138637,9.0,9.0,0.05905826433513632,-2.329827892879358,7.309749494708873,4.5826389246897925,-0.0044577709938936365,0.0007905388407308961,0.0038364820980792773,0.010283278304342749,-0.02023525923818025,-0.06444438629697448,0.0,0.0,0.0,0.0,0.0,0.11074116695131506,-27.01617092759091,30.0,30.0,50.29796969257175,-1.7225977462592788,1.690250505291127,4.4173610753102075,0.11074116695131506,-27.01617092759091,48.44181200528736,81.97028532682783,98.9728375975552,4.339999999999952
0.0,0.0,0.0,0.0,0.0,0.0,0.0,0.0,0.0,0.0,0.0,0.0,0,0.0,-1.5707963267948966,nan,-0.21498861051100204,-0.21529080315013424,-0.09992207879678566,0.010397981990468042,-1.570792163090989,-0.22934777670392498,-0.22989516803629698,0.7865959356590366,-0.10701776442196131,0.3665723208777798,-0.2667823142091075,-0.251008080407672,0.014050154056474695,0.021675375013491423,-0.014359166192922934,-0.014604364886162735,-0.007095685625175652,0.009182786204509793,-0.006462337814604632,-0.006420737218723358,-0.0011558053537542622,-3.2273766322906585,3.2227730132410204,-0.3811820077624989,-0.15410472992306246,-1.5707918167100292,0.7861061232462037,-0.8079023724740072,-0.5203067870593168,0.9668800690167961,0,zero,0,0.15410472992306268,0.1645027119135305,2.3550033655231313,1.3080461442827556,1.3802904526225492,-0.4428528737898061,0.21342594171698442,2.3554922926867574,1.306743589473172,1.337091930951113,-0.6518566647228434,0.3973403919461335,-0.09009141664486786,0.08024647536989102,-0.06881536962761789,0.38121598115631355,-1.9652338244293721,5.855209396925761,8.450919309235303,1.0,-0.484389066696167,-4.510084867348496e-06,-3.4638095947059355e-07,0.0,0.0,0.0,1,-0.005528720138350692,-1.1940596138572794,1.589084835529013,9.0,-0.005528720138350692,-2.4787602573193617,5.783323171374168,6.294751150753494,-0.004482893877686538,-0.0005211106011335877,0.003836482098078181,-0.03971601867919056,0.050954191126586515,0.0523206439954087,0.0,0.0,0.0,0.0,0.0,-0.010366998196794847,-7.960397425715196,5.296949451763377,30.0,31.486913283847326,1.2847006434620822,-4.194238335845156,2.705248849246506,-0.010366998196794847,-7.960397425715196,5.296949451763377,33.15352987617772,34.504814901621046,4.349999999999952
0.0,0.0,0.0,0.0,0.0,0.0,0.0,0.0,0.0,0.0,0.0,0.0,0,0.0,-1.5707963267948966,nan,-0.21854212576366702,-0.21720501717569682,-0.10188565368910102,0.0098141958123108,-1.5707921420523765,-0.23015227559979437,-0.22889369153501768,0.7826622673687661,-0.10681093744671524,0.4557300346143455,0.2749016356795586,0.2915690526841874,0.21704018675614278,0.01719532225893401,-0.011610149836127348,-0.01168867435932086,-0.004925283757614224,0.003464603786820486,-0.0024711739496533144,-0.0023325694195101016,0.0006752026461529876,-8.366172215174318,8.41751758198364,-0.37667503700097216,-0.060186342578692376,-1.5707922054183936,0.782335379650874,-0.0747597920987462,-0.7893340924118576,-0.968642731279939,0,zero,0,0.060186342578692376,0.07000053839100318,2.358937031275673,1.3071542401938758,1.38108489189508,-0.44353414523423895,0.07415065249999728,2.3592636647783576,1.2814039496840917,1.4177570859012338,-0.502612781831295,0.38938425104491364,-0.08828747216968788,0.0786396609663967,-0.06743744584230818,0.376743363744876,-2.6954370244798924,8.894916089399947,18.067393506009125,1.0,-0.29481279850006104,-4.121376503185559e-06,6.336601732215286e-08,0.0,0.0,0.0,1,-0.05910797867474928,1.6094653047753165,-9.0,-9.0,-0.05910797867474928,-1.8789173862613369,0.2370712227768819,3.7736783898244206,-0.0004148276149633046,-0.0007905535226952264,-0.0038434761632515197,-0.061725967827543714,0.08795555605638225,0.14281660369387011,0.0,0.0,0.0,0.0,0.0,-0.11083438716435268,10.72976869850211,-30.0,-30.0,43.76231507341372,3.4883826910366533,-9.237071222776882,-12.77367838982442,-0.11083438716435268,10.72976869850211,-44.749928816203635,-34.45563534522263,57.48814796706345,4.3599999999999515
0.0,0.0,0.0,0.0,0.0,0.0,0.0,0.0,0.0,0.0,0.0,0.0,0,0.0,-1.5707963267948966,nan,-0.22575565221520388,-0.22267860887157534,-0.10203362215338824,0.009242254121066829,-1.5707921215176617,-0.23093613139210262,-0.2279097257765003,0.7788084090571464,-0.10660829159416393,0.9119410258461985,0.6429670659228615,0.6457557454395912,0.03506143168385267,0.008667730329656086,-0.0051804791768987335,-0.005231116904924948,-0.004574669440775697,0.0038654260245136914,0.002634335340916741,0.0027451334580809207,0.0006826697297445412,-8.832464104224295,8.954366451170632,-0.382360928747353,0.0681542530441952,-1.5707925833295275,0.7785422567353415,0.6289675889273857,-0.7893194330878982,-0.9668766517997568,0,zero,0,-0.0681542530441952,-0.05891199892312837,2.362790887076444,1.3062804319033672,1.381863212828124,-0.44420159439570633,0.18224060375530027,2.3630574652140948,1.2576070305969695,1.500820609088314,-0.3150056019135268,0.3813790720663403,-0.08647240899138116,0.07702294288095539,-0.06605102915396797,0.38242265350033977,-2.0320327318007423,7.401414002071469,17.946863147793476,1.0,-0.19732670485973358,-3.743465368799548e-06,4.618118660815185e-07,0.0,0.0,0.0,1,-0.1014238462120619,2.4918128519967344,-9.0,-9.0,-0.1014238462120619,-0.8953929766486333,-4.437095880590216,-0.3148733462493296,0.003490019400526709,-0.0007905388407242996,-0.003836468538907383,-0.05237522886918543,0.08141953007401202,0.1575917879970653,0.0,0.0,0.0,0.0,0.0,-0.1901815979974909,16.61208567997823,-30.0,-30.0,45.56311622002115,3.3872058286453677,-4.562904119409784,-8.68512665375067,-0.1901815979974909,16.61208567997823,-74.02538547087454,-88.62657008923307,116.66372263721254,4.369999999999951
0.0,0.0,0.0,0.0,0.0,0.0,0.0,0.0,0.0,0.0,0.0,0.0,0,0.0,-1.5707963267948966,nan,-0.233006818530687,-0.22806219092925575,-0.10013113261232273,0.008682226686493433,-1.5707921014848645,-0.231699505100475,-0.2269435822973205,0.7750348308827489,-0.10640985266593256,0.9236571647393619,0.6487792607110743,0.6349725536860196,-0.17040506128341293,0.006510198091291455,0.0013073134302120093,0.0011186086319352473,-0.0062787200536098264,0.008599313093264307,0.006070674248566275,0.006052527064901463,-0.0006797175681240693,-5.297401519498424,5.412179740475352,-0.38864343657429434,0.16753713499778589,-1.5707927741507337,0.7746799770912837,0.8022975143136227,-0.7893194330943919,-0.9668800690250366,0,zero,0,-0.16753713499778566,-0.15885490831129268,2.366564462768822,1.3054248260127155,1.3826253204693122,-0.44485513984779823,0.3202126800388901,2.366920178522189,1.244740319225138,1.5503749781662925,-0.17893508249505582,0.3733289108325609,-0.08464714671130291,0.07539714022342515,-0.06465682199030376,0.38867574422915985,-0.7539107764570048,3.0698674364533947,9.889207051618445,1.0,-0.3088146448135376,-3.552644162851948e-06,6.726658692279841e-07,0.0,0.0,0.0,1,-0.1386431652172017,1.8381134036692754,-9.0,-9.0,-0.1386431652172017,-0.029345265451398005,-6.95651221380274,-3.5618622191023617,0.004451793604697431,-0.0007905388407308033,-0.0038364820981108784,-0.02667482896548056,0.04471618354597276,0.10284677159216332,0.0,0.0,0.0,0.0,0.0,-0.25997218304369346,12.25408935779517,-30.0,-30.0,44.16141179270411,1.8674586691206734,-2.04348778619726,-5.438137780897638,-0.25997218304369346,12.25408935779517,-67.03940066899177,-95.30888150412252,117.16780456742062,4.379999999999951
0.0,0.0,0.0,0.0,0.0,0.0,0.0,0.0,0.0,0.0,0.0,0.0,0,0.0,-1.5707963267948966,nan,-0.23764570634324084,-0.23079437400611302,-0.09930708667815788,0.008134177210359805,-1.5707920819518169,-0.23244256375416583,-0.22599555758320805,0.7713419621161156,-0.10621564428295269,0.5396119861589818,0.38958291588629956,0.3680207790969725,-0.06298375511849807,0.00989087963943333,0.005203142589075005,0.004798816422904972,-0.006908557604794807,0.00931142905853535,0.006632596684506253,0.006477026324810174,-0.0008714943032109767,0.5621043064788211,-0.5787633651117734,-0.38989081864925507,0.19482377303598875,-1.5707927250147284,0.7707790630707619,0.8344954865014188,-0.7893194330944316,-0.9668800690168073,0,zero,0,-0.19482377303598852,-0.18668959582562916,2.370257329084152,1.3045875198526276,1.3833711281239682,-0.44549470724549,0.3406073815015877,2.3708211935194674,1.2455806016356206,1.5479809029623017,-0.1532022577698471,0.365237889114065,-0.08281261988367923,0.07376308542252649,-0.06325553820061326,0.3898832049360785,0.6497892107825182,-2.5502170501405472,-2.7072311607363497,1.0,-0.38039591908454895,-3.601780168338564e-06,6.430629113651776e-07,0.0,0.0,0.0,1,-0.1361367366060286,0.5444076579299232,-9.0,-9.0,-0.1361367366060286,0.3924499995680812,-8.091671926808894,-5.692290252410665,0.004630453919745876,-0.000790538840730843,-0.0038364820980782252,0.012633007646510985,-0.019263240222433912,0.006095589144805207,0.0,0.0,0.0,0.0,0.0,-0.2552723356572822,3.6293843861994883,-30.0,-30.0,42.58212764750184,0.151957658361842,-0.9083280731911056,-3.3077097475893353,-0.2552723356572822,3.6293843861994883,-35.229968701609046,-60.28948129570555,69.9228849848869,4.389999999999951
0.0,0.0,0.0,0.0,0.0,0.0,0.0,0.0,0.0,0.0,0.0,0.0,0,0.0,-1.5707963267948966,nan,-0.23811844805055948,-0.22947039055652374,-0.10066167593503075,0.0075981632285822,-1.5707920629161667,-0.2331654801309864,-0.22506593278549106,0.7677301904802799,-0.1060256878504561,0.16136069837840625,-0.025017466950191802,-0.03943586518722897,0.15445456893694587,0.008526650180343712,0.004952967919573087,0.004404457771032683,-0.0053640119154253485,0.005884485203776835,0.004247430554659938,0.0040479473884901165,0.0004479081790118543,6.352987398938406,-6.5922858046052575,-0.38221399161990566,0.13469211234118772,-1.5707924483597255,0.7669110894757317,0.6596900628803304,0.7892856869184107,-0.1238539336153387,0,zero,0,-0.13469211234118772,-0.12709394911260574,2.3738690983012227,1.3037686013335048,1.384100557488297,-0.44612022943935764,0.22305768534251288,2.374688878441085,1.2597322066543413,1.491510656780683,-0.2556525800483325,0.35711019462965815,-0.08096977801560114,0.07212162422583704,-0.06184790305578099,0.3821633617335756,1.8640117872683406,-7.387282356823453,-14.678526875906124,1.0,-0.17849458754062653,-3.878435171245087e-06,3.8544355884795323e-07,0.0,0.0,0.0,0,-0.07879562742865996,-1.4363358902280254,2.986945056341485,0.4998355792913074,-0.07879562742865996,0.26647609422499846,-4.611013378801795,-5.088952896038073,0.003660492461484914,0.000790505042420866,-0.0004914398531091823,0.0400924950894141,-0.06866813163183741,-0.10861526918966495,0.0,0.0,0.0,0.0,0.0,-0.1477510358684792,-9.57557260152017,9.956483521138285,1.6661185976376913,13.914774029917854,-1.7028119844530238,7.59795843514328,5.58878847532938,-0.1477510358684792,-9.57557260152017,9.956483521138285,1.6661185976376913,13.914774029917854,4.399999999999951
0.0,0.0,0.0,0.0,0.0,0.0,0.0,0.0,0.0,0.0,0.0,0.0,0,0.0,-1.5707963267948966,nan,-0.23413505183235855,-0.2239534838723804,-0.10126768642222489,0.007074236013353552,-1.5707920443753831,-0.23386843250595615,-0.22415497344722907,0.7641998614912798,-0.10584000252302359,0.6618413431679958,-0.4686348593170686,-0.46059473458813505,0.07916958146266528,0.004584512890112422,0.0002666193264024008,-0.0002014895748486678,-0.004572316100798696,0.0009506551736036683,-0.0002920950515931522,-0.0003713427383759203,0.0008249426104825035,8.948220871048115,-9.354860902216686,-0.36484973403181625,0.015286437618215798,-1.5707920422712156,0.7631814741986777,-0.16458844974449957,0.7893196029540493,0.9671004303832967,0,zero,0,-0.01528643761821602,-0.008212201604862024,2.3773994249057537,1.3029681487959124,1.3848135387825737,-0.44673164658979414,0.03111294236935079,2.3784178490850314,1.2821293391440722,1.4061768674971253,-0.43799493132614986,0.3489500810464822,-0.0791195855670292,0.07047361569979568,-0.060434653248281615,0.3647738353986596,2.355123805730413,-8.707308419638041,-19.29761351348478,1.0,-0.08536747097969055,-4.284523680730956e-06,-2.104167506900012e-09,0.0,0.0,0.0,1,0.003914918836973958,-3.896455726600591,9.0,9.0,0.003914918836973958,-0.4434680539334413,1.1141049496576743,-1.6860674216623222,-0.0009132694479384933,0.0007905390108528743,0.0038373564696417063,0.05453359476057922,-0.08904458716389324,-0.1612500429007878,0.0,0.0,0.0,0.0,0.0,0.0073409316275528935,-25.976371510670607,30.0,30.0,49.74707962031195,-3.4529876726671493,7.8858950503423255,10.686067421662322,0.0073409316275528935,-25.976371510670607,52.10601799759496,65.45322849995809,87.60099407759635,4.40999999999995
0.0,0.0,0.0,0.0,0.0,0.0,0.0,0.0,0.0,0.0,0.0,0.0,0,0.0,-1.5707963267948966,nan,-0.2280110764993604,-0.21656428378778558,-0.09932242489783955,0.006562440475277542,-1.5707920263267592,-0.23455160441038891,-0.22326292923888022,0.760751277798669,-0.1056586051696847,0.9574001504397331,-0.6807147237430922,-0.6497155876245969,-0.17638641710464587,0.011304757258417083,-0.006540527911028521,-0.006698645451094637,-0.006336180271845154,0.006603349183883181,-0.004724466439612945,-0.004570909101874025,-0.0006248418101142475,7.295293476942224,-7.680759052587458,-0.3431005987919967,-0.10440567122102751,-1.5707916585336825,0.7596618751631989,-0.6936107944888292,0.7893194330969627,0.9668800493338539,0,zero,0,0.10440567122102751,0.11096811169630527,2.38084800624988,1.3021862308610512,1.3855100108843328,-0.4473289062812254,0.1708812681912112,2.3819367187980833,1.302763905722319,1.3332206660915331,-0.6100086937058419,0.3407618679800008,-0.07726302195079023,0.0688199322296996,-0.05901653689217756,0.34303661977447536,1.7117089052278527,-5.869464168687431,-14.750932560750242,1.0,-0.22882336378097534,-4.6682612140358515e-06,-3.677930768830606e-07,0.0,0.0,0.0,1,0.045641532816327504,-4.5,9.0,9.0,0.045641532816327504,-1.4193016736386903,5.217224834211559,1.9887567427367197,-0.003848712035081079,0.0007905388407333781,0.0038364820199782612,0.04588360777641613,-0.06949672909884586,-0.13769424012275117,0.0,0.0,0.0,0.0,0.0,0.08558322298205046,-30.0,30.0,30.0,51.961594706937696,-3.0806983263613095,3.7827751657884408,7.01124325726328,0.08558322298205046,-34.98257956983977,67.38455735558615,95.60770588479473,122.0872646610199,4.41999999999995
0.0,0.0,0.0,0.0,0.0,0.0,0.0,0.0,0.0,0.0,0.0,0.0,0,0.0,-1.5707963267948966,nan,-0.22290070726214356,-0.21031539498379226,-0.09724676037280114,0.006062815065496441,-1.570792008767411,-0.23521518440210631,-0.22239003370333496,0.7573846985260437,-0.10548151033907135,0.8114453783545655,-0.5773949228934233,-0.5375993268448065,-0.18985696944250618,0.019111628775306734,-0.012314477139962754,-0.012074638719542702,-0.008234749966270216,0.009769892885689632,-0.006986578352430935,-0.006619552413269354,-0.0016793021679174227,2.6920842626912154,-2.8531382764272646,-0.32210089672133935,-0.1728985876351774,-1.5707914757875667,0.7563610430222072,-0.8196371383782394,0.7893194330945056,0.9668800690168303,0,zero,0,0.1728985876351774,0.17896140270067384,2.384214583211628,1.301422906281231,1.386189921461555,-0.44791196363632546,0.2617458132746992,2.385237135439852,1.3105932793730908,1.306751584274791,-0.6971413358943568,0.3325499409940083,-0.07540108153257928,0.06716145951970608,-0.05759431352312049,0.32208148871324865,0.05953350660773049,-0.23968626232661272,-4.102872374053746,1.0,-0.4652070701122284,-4.851007330053392e-06,-5.329798442588185e-07,0.0,0.0,0.0,1,0.029858061635586595,-4.223942405108404,9.0,9.0,0.029858061635586595,-2.264943636646884,7.3146279459561185,4.665278736569662,-0.004548007822168561,0.0007905388407309171,0.0038364820980783163,0.014392491800895812,-0.020569487747205056,-0.05900196062803692,0.0,0.0,0.0,0.0,0.0,0.05598736477702343,-28.15961603405603,30.0,30.0,50.92118527460334,-1.95899876846152,1.6853720540438815,4.334721263430338,0.05598736477702343,-28.15961603405603,48.743283625881936,79.78248757714452,97.64281915430786,4.42999999999995
0.0,0.0,0.0,0.0,0.0,0.0,0.0,0.0,0.0,0.0,0.0,0.0,0,0.0,-1.5707963267948966,nan,-0.22135036506423358,-0.20755225596388568,-0.09797825984094616,0.005575391677824504,-1.57079199169429,-0.23585936584744482,-0.22153650401013603,0.7541003386115442,-0.10530873022461684,0.3046352468926043,-0.2194523643248486,-0.19096093267076397,0.0904279582599532,0.02144308963727368,-0.01450900078321124,-0.013984248046250342,-0.007330470383670684,0.008355526804948603,-0.006109920818495363,-0.005676061860975233,-0.0005157688729595091,-3.5131056633501156,3.746573537204185,-0.3061821350826694,-0.15908760673716227,-1.5707916271517162,0.7532441834405468,-0.8354061305348799,-0.5059598507600505,0.9668800690167932,0,zero,0,0.15908760673716227,0.164662998414987,2.387498940854407,1.3006782237903394,1.3868532271058573,-0.44848078143023296,0.2155956367133319,2.3883541717263403,1.2998161056732795,1.3415909442882925,-0.6592681853624359,0.32431875160062573,-0.07353477363095881,0.06549909659283172,-0.05616875409835067,0.3062202439520295,-1.7778077427237273,5.829067851944789,9.18728072972459,1.0,-0.4800814390182495,-4.69964318039473e-06,-3.6454257390516887e-07,0.0,0.0,0.0,1,-0.007830120768284151,-1.4308231480343117,1.682610413137911,9.0,-0.007830120768284151,-2.490386473316296,5.8164398648402535,6.342921998028844,-0.004635506907212485,-0.0005067415004697449,0.0038364820980781693,-0.0356895545798943,0.05066018014256728,0.05823377767870941,0.0,0.0,0.0,0.0,0.0,-0.01468239409016342,-9.538820986895411,5.60870137712637,30.0,31.975722861735463,1.0595633252819843,-4.133829451702343,2.657078001971156,-0.01468239409016342,-9.538820986895411,5.60870137712637,30.131643935602582,32.09926508181219,4.43999999999995
0.0,0.0,0.0,0.0,0.0,0.0,0.0,0.0,0.0,0.0,0.0,0.0,0,0.0,-1.5707963267948966,nan,-0.22536350829322502,-0.21003971534483395,-0.1006881384347258,0.00510019555087915,-1.5707919751041792,-0.23648434671569574,-0.22070254071870563,0.7508983681483795,-0.10514027462980338,0.5549441454106325,0.3388162360740521,0.3321422672378671,0.2878334188593096,0.016037157131857955,-0.011120838422470719,-0.01066282537387167,-0.004452136195077588,0.002865005517526815,-0.0018112998496017142,-0.0015669860769678256,0.001572260825970324,-8.48355785627962,9.102319570847666,-0.3014827484734807,-0.05938983166756029,-1.570792037112551,0.7502239865208988,-0.1823968666975181,-0.7893125814558309,-0.9673639679149822,0,zero,0,0.05938983166756007,0.06449002721843922,2.3907009090864895,1.2999522219543134,1.3874998934656815,-0.44903533020476705,0.0680318954433781,2.3913750490030767,1.27624032120627,1.4222242999794974,-0.5025128552799778,0.31607281726030245,-0.07166512251735896,0.06383375579095271,-0.054740640996697155,0.3015561355671204,-2.527767810901118,8.909364160368247,18.824382819538602,1.0,-0.26803767681121826,-4.289682345337553e-06,6.200837177061658e-08,0.0,0.0,0.0,1,-0.037666941308085504,1.3102340899191802,-9.0,-9.0,-0.037666941308085504,-1.966698898035342,0.2686544032158697,3.7995001852508627,-0.0010120849064022502,-0.0007905319785072496,-0.0038384021598517767,-0.05807161639638001,0.08800401774410489,0.14894399369187206,0.0,0.0,0.0,0.0,0.0,-0.07062992932324302,8.734893932794535,-30.0,-30.0,43.316317486647996,3.276932987954522,-9.26865440321587,-12.799500185250864,-0.07062992932324302,8.734893932794535,-44.63620800816716,-38.006629320465166,59.2722388496984,4.4499999999999496
0.0,0.0,0.0,0.0,0.0,0.0,0.0,0.0,0.0,0.0,0.0,0.0,0,0.0,-1.5707963267948966,nan,-0.23308470442880522,-0.21591396664374068,-0.10125173144072716,0.004637245170209692,-1.570791958993697,-0.23709032938659133,-0.2198883275503873,0.7477789117253396,-0.10497615093345683,0.9792414981823289,0.7115213464684605,0.6688464467225042,0.07277167023479192,0.006761055869946997,-0.004005624957786114,-0.003974360906646629,-0.003724419492729669,0.0051398376995982825,0.0035296952622404457,0.0034082866580539516,0.0015306093526633573,-8.91778977738888,9.626824588087935,-0.3076867123175902,0.07453803660220104,-1.5707924303164191,0.7471802929668978,0.5632616418915266,-0.7893194330770499,-0.9668790598012639,0,zero,0,-0.07453803660220082,-0.06990079143199157,2.393820363320492,1.2992449290216124,1.3881298953794823,-0.449575588382643,0.1899856132581126,2.3944194675597816,1.2539279152722134,1.5057194186790974,-0.3074022906288888,0.30781672138181687,-0.0697931674160778,0.06216636277480506,-0.05331076801857803,0.3077529431370293,-1.8993069636349342,7.463948792962108,18.68724380576688,1.0,-0.17885027825832367,-3.896478477649623e-06,4.7132272218419757e-07,0.0,0.0,0.0,1,-0.0723636776952667,2.1677302388136734,-9.0,-9.0,-0.0723636776952667,-1.0518618320678232,-4.419861357295379,-0.3024867371097895,0.00312542981924766,-0.0007905388407134344,-0.0038364780936132564,-0.04937532539458454,0.0819159981570269,0.16365042937533075,0.0,0.0,0.0,0.0,0.0,-0.13569037632714553,14.451534925424491,-30.0,-30.0,44.82036672740409,3.2195920708814967,-4.580138642704621,-8.69751326289021,-0.13569037632714553,14.451534925424491,-74.29212126454608,-92.57221330872831,119.5734052055126,4.459999999999949
0.0,0.0,0.0,0.0,0.0,0.0,0.0,0.0,0.0,0.0,0.0,0.0,0,0.0,-1.5707963267948966,nan,-0.2407442905273403,-0.22161859080729415,-0.09942798597696104,0.004186552170431179,-1.5707919433593016,-0.23767752047142157,-0.21909403116911266,0.7447420477673116,-0.10481636405508069,0.9747999674382396,0.7072395013704852,0.6498920544828118,-0.16639585853899796,0.006694258603861617,0.0030667700559187383,0.0025245596381814894,-0.005388378078119649,0.009657039879440872,0.007055572645533137,0.006593135722762097,-8.874242477103448e-05,-5.469808106092481,5.941769115765216,-0.3146025991953631,0.1791217967199561,-1.5707926316016425,0.7440623413626561,0.7762788238918988,-0.7893194330943151,-0.966880069019192,0,zero,0,-0.1791217967199561,-0.17493524454952514,2.3968572251328615,1.2985563627736882,1.3887432170089156,-0.45010154238168804,0.3361094782284917,2.3975378879791376,1.2420440738648022,1.5562071493539342,-0.16421465807437982,0.29955511332227,-0.0679199625042798,0.06049785652398323,-0.05187994038599921,0.3146381548935932,-0.6824188868680774,3.184862763827315,10.578544017126266,1.0,-0.33181700110435486,-3.6951932540496557e-06,6.882423408960392e-07,0.0,0.0,0.0,1,-0.12181645471751616,1.5618063719356792,-9.0,-9.0,-0.12181645471751616,-0.2329947931685792,-6.949064953080454,-3.5570591723615346,0.004307420928033804,-0.0007905388407307264,-0.0038364820980876873,-0.02485270857892883,0.0456911220292987,0.10853482702033213,0.0,0.0,0.0,0.0,0.0,-0.22842012885339613,10.412042479571195,-30.0,-30.0,43.68595660337153,1.7948011651042584,-2.0509350469195464,-5.442940827638465,-0.22842012885339613,10.412042479571195,-67.65260743494879,-99.4585907811087,120.73669441086662,4.469999999999949
0.0,0.0,0.0,0.0,0.0,0.0,0.0,0.0,0.0,0.0,0.0,0.0,0,0.0,-1.5707963267948966,nan,-0.2456493185622695,-0.22470349988897775,-0.09855454775763534,0.0037481212373502437,-1.570791928197292,-0.23824613064833564,-0.21831980097048953,0.7417878078757956,-0.10466091642023526,0.5849186807028911,0.43364178580151125,0.38591392803067337,-0.07179905844802714,0.011525907400916698,0.007403187913933851,0.006383698918488223,-0.00610636866259992,0.010302797039806693,0.007581242423239201,0.006955872254980101,-0.0005368718058585522,0.23378993551574834,-0.25556007380879214,-0.3162474540438149,0.2111808095976362,-1.5707925933535085,0.7409011916798578,0.8195697962537204,-0.7893194330944178,-0.9668800690167969,0,zero,0,-0.2111808095976362,-0.20743268836028594,2.3998114629233576,1.2978865303754565,1.389339851972028,-0.45061318672905765,0.36343577260095444,2.400699162345695,1.2431089389840715,1.5553265643425263,-0.13197138219992785,0.29129270838709787,-0.06604657691199872,0.05882918933694266,-0.05044897474255664,0.3162418971956247,0.6364221219136457,-2.372518209617062,-2.082462761291543,1.0,-0.4382239282131195,-3.7334413880429906e-06,6.651562163284552e-07,0.0,0.0,0.0,1,-0.14212376906064794,0.3857070888184472,-9.0,-9.0,-0.14212376906064794,0.17707111291044073,-8.089523123295812,-5.691555758418282,0.004547634153755146,-0.0007905388407308292,-0.003836482098078184,0.012743402179675014,-0.017721870829262364,0.011270598812636331,0.0,0.0,0.0,0.0,0.0,-0.2664987231589123,2.5713805921229813,-30.0,-30.0,42.50509404434946,0.20863597590800645,-0.9104768767041875,-3.308444241581718,-0.2664987231589123,2.5713805921229813,-36.262575537765215,-64.46218309260558,74.00696219556458,4.479999999999949
0.0,0.0,0.0,0.0,0.0,0.0,0.0,0.0,0.0,0.0,0.0,0.0,0,0.0,-1.5707963267948966,nan,-0.24620301556858223,-0.22379807708427218,-0.09999109224558883,0.003321950010096719,-1.5707919135038113,-0.2387963745123514,-0.21756576887911763,0.7389161761694195,-0.10450980792595385,0.15948583210664108,0.0003453142296994116,-0.015139071333367116,0.15876529822348995,0.010682639594213493,0.007406641056230845,0.006232308205154552,-0.004518715680365021,0.006817046067936588,0.0050475301722633405,0.004528306454926418,0.0006992831348836123,6.010997251703974,-6.6126444606678145,-0.3087946003311541,0.15454976303952495,-1.570792330778375,0.7377701358994424,0.6798297187077922,0.7893006826543301,-0.3741926690733713,0,zero,0,-0.15454976303952517,-0.15122781302942823,2.402683092574536,1.2972354282257683,1.3899198034764448,-0.4511105241754511,0.25085001824766545,2.4038299431430663,1.2566183899796726,1.5006826303860459,-0.22973692871353407,0.2830342878300583,-0.06417409472213453,0.057161326830997075,-0.04901869915343396,0.30874428654236247,1.7708451304852546,-7.226452061407907,-14.392003560360742,1.0,-0.23632405698299408,-3.996016521234935e-06,4.1727456379092587e-07,0.0,0.0,0.0,0,-0.11079026342098426,-1.4336224366157067,2.499007642445242,-0.7307181617029147,-0.11079026342098426,0.0816834400368407,-4.772139598312783,-5.331061729802754,0.0037722435132006922,0.0007905200613234706,-0.0014847585777540149,0.03838287323462164,-0.06697533732085614,-0.10534626406884805,0.0,0.0,0.0,0.0,0.0,-0.20774472795984297,-9.557482910771379,8.330025474817473,-2.4357272056763826,12.911650897281191,-1.5153058766525473,7.271147240758024,4.60034356809984,-0.20774472795984297,-9.557482910771379,8.330025474817473,-2.4357272056763826,12.911650897281191,4.489999999999949
0.0,0.0,0.0,0.0,0.0,0.0,0.0,0.0,0.0,0.0,0.0,0.0,0,0.0,-1.5707963267948966,nan,-0.2418598407168845,-0.2185314440294489,-0.10081378812826641,0.0029080289832541517,-1.5707918992748455,-0.23932847044056485,-0.21683204915392595,0.7361270886244552,-0.10436303590619736,0.6727216099194211,-0.4875270779911206,-0.45329133296315993,0.09694679024340735,0.004678989015581892,0.002531370276319639,0.0016993948755229527,-0.0035492477779309473,0.0011164404801093262,0.00011463670134684951,-3.065823654135793e-06,0.0011105351741644105,8.874145696387664,-9.821287731123805,-0.29112785043658684,0.03428416452123506,-1.5707919355597166,0.734776571248376,-0.08388455848795623,0.789319525992797,0.967422648289327,0,zero,0,-0.03428416452123528,-0.03137613553798069,2.4054721781112325,1.2966030418078813,1.390483084452559,-0.45159356580932764,0.04971523650074759,2.4068228551785644,1.2778818855712455,1.4160869667845004,-0.41333471153374035,0.27478469885324097,-0.062303614970455744,0.05549524794232059,-0.047589953105404266,0.2910492124238878,2.236448365987732,-8.697048130787703,-19.69722307048937,1.0,-0.08928462117910385,-4.391235179923569e-06,3.6284871107739036e-08,0.0,0.0,0.0,1,-0.04669249454465421,-3.7560722152527752,9.0,9.0,-0.04669249454465421,-0.5630600351738781,0.9536157181391667,-2.0058240329095107,-0.0004654591773589524,0.0007905389337727257,0.003838634997628556,0.05202394662671092,-0.08864952318864695,-0.16341872263718066,0.0,0.0,0.0,0.0,0.0,-0.08755389938993852,-25.040481435018503,30.0,30.0,49.264930489982476,-3.193012180078897,8.046384281860833,11.00582403290951,-0.08755389938993852,-25.040481435018503,50.49595747945641,62.87758130267351,84.44208268644368,4.4999999999999485
0.0,0.0,0.0,0.0,0.0,0.0,0.0,0.0,0.0,0.0,0.0,0.0,0,0.0,-1.5707963267948966,nan,-0.23490623921613102,-0.21106617118077917,-0.09880336982101207,0.002506341408990309,-1.5707918855062295,-0.23984264047301396,-0.21611873820133282,0.7334204324153378,-0.10422059509734588,1.0239430699639533,-0.7467771533202577,-0.6751961896076603,-0.18679774984028674,0.008901843660764427,-0.0049364012568829385,-0.00505256702055365,-0.005417225276333815,0.006663956394875323,-0.004893429090701874,-0.004495395488876913,-0.0005040694055955305,7.538947618306272,-8.39032794679871,-0.26848101831564564,-0.09084443668274478,-1.5707915508886061,0.7319983934654896,-0.654509431034932,0.7893194330950117,0.9668799625429332,0,zero,0,0.09084443668274478,0.09335077809173509,2.4081788323600417,1.2959893455399314,1.391029717686719,-0.4520623311711216,0.1487738283397245,2.4096002672583094,1.2974394115834995,1.34235804612174,-0.5926347225473371,0.26654885460706124,-0.060436251645597974,0.053831944925946354,-0.046163587506829064,0.2684118772792756,1.614793462099418,-5.998175757919387,-15.663159214566509,1.0,-0.17839793860912323,-4.775906290443999e-06,-3.346176233876008e-07,0.0,0.0,0.0,1,-0.0027813647459044638,-4.5,9.0,9.0,-0.0027813647459044638,-1.4867275846229349,5.12769310059832,1.7448342744073488,-0.003631746138199384,0.0007905388407314241,0.003836481675600686,0.04370331850449324,-0.07048058540771383,-0.1444381447102113,0.0,0.0,0.0,0.0,0.0,-0.005215384860124628,-30.0,30.0,30.0,51.96152448880074,-3.013272415377065,3.8723068994016803,7.255165725592651,-0.005215384860124628,-34.03669927515248,66.89332760716597,96.5144096093648,122.26301757011925,4.509999999999948
0.0,0.0,0.0,0.0,0.0,0.0,0.0,0.0,0.0,0.0,0.0,0.0,0,0.0,-1.5707963267948966,nan,-0.2287280129263104,-0.2044630801410831,-0.09618695472335859,0.0021168631991821396,-1.5707918721936451,-0.24033911020962428,-0.2154259143960184,0.7307960452551737,-0.10408247760372302,0.9253366135693666,-0.6674696026430949,-0.591026723438165,-0.24782976040306215,0.01781405615176174,-0.011611097283313887,-0.0109628342549353,-0.007895522880364436,0.01054319669108439,-0.00769845804102718,-0.00692485230345965,-0.001984731929683798,3.214572402168282,-3.596013214861619,-0.24652156152413676,-0.16761582023140775,-1.5707913522594144,0.7294478762799752,-0.8037166228250302,0.7893194330944537,0.9668800690173023,0,zero,0,0.16761582023140775,0.16973268343059011,2.4108032176088097,1.2953943026254031,1.3915597359544185,-0.45251684836745976,0.25060833489111184,2.4121503112179044,1.304477540944415,1.3140616274347519,-0.6906644093736939,0.25833173419026095,-0.058573133689064215,0.052172423355766835,-0.04474046468765841,0.24649621441470018,-0.008991256735955022,-0.45129234772517424,-5.283643408015367,0.9988160000000121,-0.42334964871406555,-4.974535482205056e-06,-5.1993423078045e-07,0.0,0.0,0.0,1,0.0012808117555892515,-4.128128789970164,9.0,9.0,0.0012808117555892515,-2.2902153794948226,7.273346116225041,4.508094925011966,-0.004459667963127745,0.0007905388407308653,0.0038364820980801894,0.012842552462058848,-0.02244112910555295,-0.06826606611258502,0.0,0.0,0.0,0.0,0.0,0.0024016721462389867,-27.520858599801095,30.0,30.0,50.57071943168572,-1.8379134104753416,1.7266538837749588,4.491905074988034,0.0024016721462389867,-27.520858599801095,49.336743099454466,83.52680797787347,100.83768905757604,4.519999999999948
0.0,0.0,0.0,0.0,0.0,0.0,0.0,0.0,0.0,0.0,0.0,0.0,0,0.0,-1.5707963267948966,nan,-0.22606728240299737,-0.2011273834321864,-0.09617121339263623,0.001739562827548946,-1.570791859332622,-0.2408181087236178,-0.21475363790912066,0.728253714736265,-0.10394867286315268,0.4118937323558583,-0.31397290373065545,-0.26634202219989744,0.011806340984799046,0.021534868563026013,-0.014750826320620442,-0.013626254476934274,-0.007777459470516446,0.009709883870408003,-0.00721269243014855,-0.0063808882576705805,-0.001242247047897077,-2.7597443486724593,3.101878944430216,-0.2298864734580445,-0.16338873395994713,-1.5707914816633506,0.7270893729343147,-0.8218270334172472,-0.4239419835585512,0.9668800690167982,0,zero,0,0.16338873395994735,0.16512829678749608,2.413345546266108,1.2948178649036026,1.3920731821534842,-0.4529571541853756,0.21708299794748057,2.414508932740741,1.2930460972296474,1.3466963598461075,-0.6652340473376233,0.25013838264991106,-0.0567154049952253,0.05051770212453425,-0.043321458399431294,0.22991964803203122,-1.848267150976172,5.618473980719766,7.92205357266873,0.9953280000000237,-0.48379966616630554,-4.845131545749837e-06,-3.7766927141191786e-07,0.0,0.0,0.0,1,-0.008677578818623476,-1.3268035371857085,2.100084031645479,9.0,-0.008677578818623476,-2.4775373380659893,5.937207284143791,6.250457776230505,-0.004560159125837941,-0.00042459692510752597,0.0038364820980781892,-0.037082875039156755,0.048593297979623806,0.04801689176908702,0.0,0.0,0.0,0.0,0.0,-0.016271477252247285,-8.84535691457139,7.00028010548493,30.0,32.05065561361228,1.1507338008802808,-3.837123252498312,2.7495422237694953,-0.016271477252247285,-8.84535691457139,7.00028010548493,35.65900424916639,37.40065653574068,4.529999999999948
0.0,0.0,0.0,0.0,0.0,0.0,0.0,0.0,0.0,0.0,0.0,0.0,0,0.0,-1.5707963267948966,nan,-0.22898549019501635,-0.2027991949553939,-0.09840634433823878,0.0013744012317802312,-1.5707918469185405,-0.2412798684917378,-0.21410195054364228,0.725793177670621,-0.10381916761254778,0.41260499657973365,0.24564480238989939,0.2323498888685882,0.23646361962074425,0.017555702133195267,-0.012294378296721448,-0.011302755588248392,-0.005412823274309003,0.0042269819316800425,-0.003165227521627784,-0.002700147301050306,0.0007469374402922415,-7.591013654452735,8.571032225190635,-0.22520114512370504,-0.07364019532725341,-1.570791878758131,0.7248315022355066,-0.12388093025318833,-0.7891407883245162,-0.9697808512383936,0,zero,0,0.07364019532725319,0.07501459655903364,2.4158060815207203,1.294259972700127,1.3925701094372647,-0.45338329420652623,0.07957073593451197,2.41676744707622,1.2685675650489328,1.4256099331539671,-0.5210504799857695,0.24197391098140725,-0.05486422441131902,0.04886881344385971,-0.04190745381527497,0.22527142771375172,-2.631740857250775,8.763824571792867,17.581365497143352,0.9896320000000352,-0.3045428395271301,-4.4480367655808095e-06,3.183959051966667e-08,0.0,0.0,0.0,1,-0.013192664411822071,1.505042296445291,-9.0,-9.0,-0.013192664411822071,-1.911201421207085,0.39972438134772714,3.748834970755631,-0.0006873913021118133,-0.0007903599199753285,-0.0038479921078717417,-0.06013554013874192,0.08651662936143675,0.13878614204433104,0.0,0.0,0.0,0.0,0.0,-0.024737791884159144,10.033615309635273,-30.0,-30.0,43.59672061222145,3.416243717652376,-9.399724381347728,-12.748834970755631,-0.024737791884159144,10.033615309635273,-42.99651533333033,-31.54565945829468,54.26327496205976,4.539999999999948
0.0,0.0,0.0,0.0,0.0,0.0,0.0,0.0,0.0,0.0,0.0,0.0,0,0.0,-1.5707963267948966,nan,-0.23567240760091038,-0.20776204873928678,-0.09902688446966579,0.0010213317156611001,-1.5707918349466292,-0.2417246253415999,-0.21347087557687613,0.723414119430478,-0.10369394585352809,0.8415032268029219,0.6242160556031912,0.5593928750659033,0.07457618904467,0.009539470918401943,-0.006052217740689536,-0.005708826837589359,-0.004667061383862303,0.0029813334525261915,0.002047664562801827,0.0019257792290577457,0.000993374730062677,-8.046626470727134,9.127438219867317,-0.2323764823073226,0.050561786480015636,-1.5707922698258923,0.7225455708349269,0.608349916723175,-0.7893194302323575,-0.9668748079258952,0,zero,0,-0.050561786480015414,-0.049540454764354536,2.4181851380011263,1.2937205546773376,1.3930505813478182,-0.4537953229214079,0.17026135879594206,2.4190540863993757,1.2451010795138564,1.507967513233612,-0.3379574162219807,0.23384349612848285,-0.05302076573745297,0.047226802844215855,-0.04049934752990714,0.23244067756927106,-2.0169892954586355,7.3673052673618535,17.518236699941127,0.9818240000000464,-0.2011759728193283,-4.056969004295752e-06,4.348792632669074e-07,0.0,0.0,0.0,1,-0.03914967527638473,2.4771309531798664,-9.0,-9.0,-0.03914967527638473,-0.9396261644939286,-4.344436540984475,-0.3280368552734518,0.0033756159284668743,-0.0007905388378643474,-0.0038364612226028196,-0.051884059754394196,0.08093330303804241,0.15402586425669026,0.0,0.0,0.0,0.0,0.0,-0.07341022928255153,16.514206354532444,-30.0,-30.0,45.5271830951778,3.4167571176737948,-4.655563459015525,-8.671963144726549,-0.07341022928255153,16.514206354532444,-73.01156928859834,-85.72992602601664,113.81139603305077,4.549999999999947
0.0,0.0,0.0,0.0,0.0,0.0,0.0,0.0,0.0,0.0,0.0,0.0,0,0.0,-1.5707963267948966,nan,-0.2423522012889585,-0.21263184129306836,-0.09759607151272043,0.0006802998512056568,-1.5707918234119684,-0.24215261841644095,-0.21286041760965055,0.7211161732888078,-0.1035729888180621,0.8416286545462351,0.6251800613207098,0.5480250521007174,-0.13098559214793637,0.005984615353587675,0.0001995828725175619,-0.00022857631658218525,-0.005976917305341667,0.007405505127884536,0.005523201363533226,0.004928630067895139,-0.00021061469756125228,-4.730453562090525,5.391567539763969,-0.2405254260073218,0.14590781964204513,-1.570792474077522,0.7201748578794555,0.7976252858739793,-0.789319433076438,-0.9668800690295288,0,zero,0,-0.14590781964204513,-0.14522751979083948,2.420483082434987,1.2931995276848294,1.3935146719491036,-0.45419330384357215,0.3038036180520882,2.421425252089759,1.2322098939359871,1.557584971001568,-0.20588512395032388,0.2257523809831886,-0.051186217726600036,0.04559272917493275,-0.039098047559632476,0.24055867554232344,-0.7647021250545083,3.0983542145677574,9.506250808415658,0.9720000000000568,-0.2824241518974304,-3.852717374464021e-06,6.506655534366246e-07,0.0,0.0,0.0,1,-0.10121115505730448,1.8898870626055704,-9.0,-9.0,-0.10121115505730448,-0.0622012174895615,-6.912537497279235,-3.5682311664706265,0.004425868313497838,-0.0007905388407128217,-0.003836482098128703,-0.026836201836772898,0.044892920844389,0.09967854045952625,0.0,0.0,0.0,0.0,0.0,-0.18978277715601816,12.599247084037136,-30.0,-30.0,44.258073213676205,1.9520882800951318,-2.087462502720765,-5.4317688335293735,-0.18978277715601816,12.599247084037136,-66.78583864276261,-92.51896801070806,114.799323733072,4.559999999999947
0.0,0.0,0.0,0.0,0.0,0.0,0.0,0.0,0.0,0.0,0.0,0.0,0,0.0,-1.5707963267948966,nan,-0.24622380968847235,-0.21497430843653034,-0.096994105137582,0.00035124338077929806,-1.5707918123094857,-0.2425640901574969,-0.21227056242220468,0.7188989197598448,-0.10345627493414203,0.4561417534909368,0.3460136658457902,0.2932322330907844,-0.04852524912183631,0.007903380797795198,0.0036597195309754638,0.0027037460143256586,-0.00646216979656003,0.007957509198543584,0.00597831110317414,0.005231376008811357,-0.00046309184078700306,0.7899044026424493,-0.9046973395174182,-0.24318512149641885,0.16921457768687764,-1.570792439473428,0.7177501679325234,0.8333244100619501,-0.7893194330912472,-0.9668800690168159,0,zero,0,-0.16921457768687764,-0.16886333430609834,2.4227003343086233,1.2926967966099039,1.3939624659601657,-0.4545773096238416,0.3210288816018991,2.4238500334953454,1.232911286335817,1.5556814224392546,-0.18378053547221365,0.2177058743859038,-0.04936178408460087,0.04396766460420012,-0.03770447334234453,0.24317581023611462,0.6367555871167017,-2.490461084811635,-3.0547173517831316,0.9602560000000671,-0.3268676996231079,-3.887321468276639e-06,6.271639421129294e-07,0.0,0.0,0.0,1,-0.14504861967897312,0.6272796337231631,-9.0,-9.0,-0.14504861967897312,0.3839232254954791,-8.072753442535843,-5.683089327432231,0.004623955843270719,-0.0007905388407276538,-0.003836482098078259,0.012329763418410253,-0.01874765551152422,-0.0084857212586394,0.0,0.0,0.0,0.0,0.0,-0.27198316084562746,4.181864224821087,-30.0,-30.0,42.63287420799379,0.243356408227684,-0.9272465574641569,-3.3169106725677686,-0.27198316084562746,4.181864224821087,-35.49492709573686,-57.55533283761615,67.75004170341943,4.569999999999947
0.0,0.0,0.0,0.0,0.0,0.0,0.0,0.0,0.0,0.0,0.0,0.0,0,0.0,-1.5707963267948966,nan,-0.24571906992663647,-0.2134960368025536,-0.0981369646864125,3.409211923255384e-05,-1.5707918016339586,-0.24295928630419802,-0.21170127683649864,0.716761885939594,-0.10334377979147613,0.17922208783760832,-0.0899935908537014,-0.09089860482706935,0.1255354691496402,0.0061602347777298125,0.0027597836224384498,0.0017947599660549651,-0.005206815105063628,0.004469223505275535,0.0033796019628630257,0.00287650223448023,0.0005272420769911745,6.171915034590905,-7.103308084604155,-0.2359854095113811,0.10573808306901311,-1.5707921756521426,0.7153490920130773,0.6826931125935752,0.7893239219080357,0.06427477159004208,0,zero,0,-0.10573808306901311,-0.10570399094978056,2.424837366526501,1.29221225422804,1.3943940588883263,-0.45494742216452505,0.20190444455449735,2.4262507812178695,1.247032975639915,1.4999452181885344,-0.2888715583359452,0.2097093511253417,-0.04754868347016511,0.042352694619068446,-0.036319555737526675,0.2359312204565603,1.8703591967471274,-7.302065901890505,-14.841783514671326,0.9466880000000766,-0.1313062310218811,-4.151142753983095e-06,3.740181839795298e-07,0.0,0.0,0.0,0,-0.13972522846221858,-1.3544756514068512,2.8205401752435173,1.3132159946078688,-0.13972522846221858,0.2827920671057461,-4.658502790232423,-4.930146303731281,0.0037881319316003977,0.0007905433364791473,0.00025503577792643163,0.040113975023614946,-0.06793367109349471,-0.1104698476773614,0.0,0.0,0.0,0.0,0.0,-0.26200117844031234,-9.029837676045675,9.401800584145057,4.377386648692896,13.753617021330179,-1.6372677185125974,7.479042965475941,6.243362298339149,-0.26200117844031234,-9.029837676045675,9.401800584145057,4.377386648692896,13.753617021330179,4.579999999999947
0.0,0.0,0.0,0.0,0.0,0.0,0.0,0.0,0.0,0.0,0.0,0.0,0,0.0,-1.5707963267948966,nan,-0.2408642328398227,-0.2083240477475823,-0.09822230920736444,-0.0002712321439752863,-1.5707917913800116,-0.24333845591232856,-0.21115250858477252,0.7147045448463538,-0.10323547610720976,0.6986164634881223,-0.523400669494431,-0.4623220803245176,0.019364820521830528,0.006265286337091374,-0.00247422307250586,-0.002828460837190211,-0.005013166899845323,0.001761915511130264,-0.0012340856341419271,-0.0011624216953881683,0.0004797444299383096,8.417851436992375,-9.732537448752572,-0.21758323305125069,-0.014242247853320622,-1.570791775235943,0.713088179596194,-0.1313644822155087,0.7893194109478731,0.9669313921011276,0,zero,0,0.0142422478533204,0.013971015709345558,2.426894706070714,1.2917457810533652,1.394809557162372,-0.4553037327336346,0.03404855336029146,2.428511003852835,1.2696307022401638,1.4157258843665697,-0.4704735090266772,0.2017682519385391,-0.045748149494869085,0.04074891802544691,-0.034944237026250324,0.21750461242978247,2.3820685862931477,-8.577895950541343,-19.063715268225028,0.9313920000000857,-0.10327194631099701,-4.551558953735935e-06,-1.6144068304413395e-08,0.0,0.0,0.0,1,-0.09301516992187261,-3.8426056344196664,9.0,9.0,-0.09301516992187261,-0.4109054034325431,1.0614662335065603,-1.4750093959336852,-0.0007289160833455934,0.0007905388185500706,0.00383668574287402,0.05504950772926603,-0.0879114347362358,-0.15998234470956033,0.0,0.0,0.0,0.0,0.0,-0.1744143445000424,-25.61737089613111,30.0,30.0,49.560872792894926,-3.4317002309871234,7.93853376649344,10.475009395933686,-0.1744143445000424,-25.61737089613111,51.25332305545315,67.34735762278282,88.42426033047244,4.589999999999947
0.0,0.0,0.0,0.0,0.0,0.0,0.0,0.0,0.0,0.0,0.0,0.0,0,0.0,-1.5707963267948966,nan,-0.2342074280779643,-0.20173351069017398,-0.09591911490488877,-0.0005648157426496603,-1.5707917815421157,-0.24370185139025574,-0.21062418618416845,0.7127263147612231,-0.10313133369166441,0.9532548827741181,-0.7020200239785584,-0.606221465680426,-0.21990518869303144,0.014872937994922742,-0.009494423312291445,-0.008890675493994471,-0.007212218786775637,0.007389162663242376,-0.005493135042683919,-0.004807914787908018,-0.0011441799067054576,6.68542740587263,-7.7614692378735395,-0.19409695928116474,-0.13143928639105784,-1.5707913943161513,0.711049654199181,-0.684207045837938,0.7893194330941685,0.9668800665958237,0,zero,0,0.13143928639105784,0.13087447064840818,2.4288729346604736,1.2912972451891258,1.395209078265743,-0.4556463420791015,0.18955844342661715,2.4305487756341493,1.290567599401336,1.3442437662279654,-0.638215779875435,0.1938880835108603,-0.04396143072315662,0.03915744694810412,-0.03357947091117558,0.1940327006718479,1.742574977640413,-5.715043210160257,-14.216264719069127,0.9144640000000945,-0.30683162808418274,-4.9324787454452235e-06,-3.8722596418239164e-07,0.0,0.0,0.0,1,-0.04583314220558064,-4.5,9.0,9.0,-0.04583314220558064,-1.3848690284890601,5.186147415221652,2.150232779368033,-0.00379653245411848,0.0007905388407305796,0.0038364820884720075,0.046538502834527436,-0.06806051499070472,-0.13374043821882728,0.0,0.0,0.0,0.0,0.0,-0.08594251304252887,-30.0,30.0,30.0,51.96159529994771,-3.11513097151094,3.813852584778348,6.849767220631967,-0.08594251304252887,-34.64752850053777,66.09676038555415,95.49941671496872,121.1997481172124,4.599999999999946
0.0,0.0,0.0,0.0,0.0,0.0,0.0,0.0,0.0,0.0,0.0,0.0,0,0.0,-1.5707963267948966,nan,-0.22890209248461732,-0.19644500032057943,-0.09394268138388201,-0.0008467532317288917,-1.570791772114585,-0.2440497285532772,-0.21011621881723888,0.7108265585686304,-0.10303131941410015,0.763762757970413,-0.5653212756368431,-0.47805430026649776,-0.18764192434425064,0.02233733276146229,-0.015147636068659875,-0.013671218496659449,-0.009088638030218144,0.009989065165814008,-0.007417769947405983,-0.006381011549534648,-0.00201017499212007,2.219792432276792,-2.5865158838566336,-0.1717167421174756,-0.19537221945017502,-1.5707912234497743,0.709244025264719,-0.8167332877724972,0.7893194330944341,0.9668800690167687,0,zero,0,0.19537221945017524,0.19452546621844613,2.4307726894115795,1.2908665021781605,1.3955927508697206,-0.4559753605429906,0.27399082559588334,2.432353999321665,1.298717271379002,1.3192493528215812,-0.718993464420082,0.18607441847599648,-0.042189790672338974,0.03757940683066803,-0.03222622251655115,0.17169964638284718,0.09357351550376036,-0.10232454321501927,-3.4172036656798737,0.8960000000001032,-0.5613068342208862,-5.103345122492442e-06,-5.486648104735536e-07,0.0,0.0,0.0,1,-0.020552158954824252,-4.165010351272741,9.0,9.0,-0.020552158954824252,-2.2288385961342634,7.299038270800373,4.769763387434722,-0.0045318949172610855,0.0007905388407308455,0.003836482098078072,0.015082150492385024,-0.019216896661526348,-0.05360954820908838,0.0,0.0,0.0,0.0,0.0,-0.038537706646960906,-27.766735675151608,30.0,30.0,50.7049612484673,-1.9361717551384778,1.7009617291996273,4.230236612565278,-0.038537706646960906,-27.766735675151608,47.215799044854535,78.02237227594873,95.33003383099887,4.609999999999946
0.0,0.0,0.0,0.0,0.0,0.0,0.0,0.0,0.0,0.0,0.0,0.0,0,0.0,-1.5707963267948966,nan,-0.22740760434902282,-0.19452584970508696,-0.09515287136646142,-0.0011171474851623397,-1.5707917630915782,-0.24438234669610806,-0.20962849621815136,0.7090045830968389,-0.10293539716849798,0.26633123495782146,-0.1827106278425361,-0.14314280164049453,0.1306112228181583,0.024016650834532898,-0.016974742347085237,-0.015102646513064394,-0.007782525802036561,0.008068558831017428,-0.006152361856256637,-0.005199091260464623,-0.00046854590450465944,-3.6465246437139243,4.262820125033944,-0.15553365957615667,-0.1763920481472976,-1.570791399044747,0.7076298727281236,-0.8333288983395608,-0.5729280357343446,0.966880069016792,0,zero,0,0.1763920481472976,0.17527490066213502,2.432594663495916,1.29045339485337,1.3959607149666178,-0.4562909081757178,0.2221685885229268,2.433968369083545,1.2884254130798536,1.3549303869535447,-0.6746241262903556,0.17833289541597,-0.04043450781259576,0.03601593643562681,-0.030885468388215084,0.15557542655699966,-1.714123232595228,5.8586268811934445,9.754206639936163,0.876096000000111,-0.5072007775306702,-4.927750149263943e-06,-3.640468309029643e-07,0.0,0.0,0.0,0,-0.001961873262286242,-1.4000169737974004,1.2366135461464844,8.211099625088265,-0.001961873262286242,-2.453700300276132,5.6625032697657565,6.249752479541367,-0.004623980747854376,-0.0005738131435786425,0.0038364820980781645,-0.03453629277030145,0.051249132367374904,0.06331923178170948,0.0,0.0,0.0,0.0,0.0,-0.003678742288179715,-9.33344649198267,4.122045153821615,27.37033208362755,29.210264832247656,1.0536833264787315,-4.425889723619272,1.961347145546898,-0.003678742288179715,-9.33344649198267,4.122045153821615,27.37033208362755,29.210264832247656,4.619999999999946
0.0,0.0,0.0,0.0,0.0,0.0,0.0,0.0,0.0,0.0,0.0,0.0,0,0.0,-1.5707963267948966,nan,-0.23159348902043175,-0.19749619984688574,-0.09842608771290712,-0.001376109793778113,-1.570791754467094,-0.2446999686834619,-0.209160888564425,0.7072596384584736,-0.1028435278393576,0.6173071488384032,0.38682626840551015,0.3437957795525137,0.3365085675586077,0.018093052514854564,-0.013106479663030135,-0.011664688717539257,-0.004417440126450484,0.0027202658952631977,-0.0015200424840405482,-0.0011720146477673839,0.0019276148611853516,-8.204569784626969,9.620887094559212,-0.15225606082638457,-0.07353320895244608,-1.5707918310972202,0.7061063660164719,-0.19537555521569847,-0.7893943388794575,-0.9641222392878444,0,zero,0,0.07353320895244586,0.07215709915866775,2.434339606800922,1.2900577531881896,1.3963131220029656,-0.4565931148502649,0.07370256629128781,2.435492600580531,1.2657537876847342,1.4348563714360087,-0.5145109365221383,0.17066921886113015,-0.03869687556697402,0.03446818784432794,-0.029558196493594036,0.15233268841809786,-2.4225528608116726,8.779249297237422,19.000920900700187,0.8548480000001182,-0.31500867009162903,-4.495697676354382e-06,7.663012624448129e-08,0.0,0.0,0.0,1,0.016863764464149545,1.2568294358658336,-9.0,-9.0,0.016863764464149545,-1.9433787122797936,0.1200933571999953,3.6300190778750934,-0.0010841011366806471,-0.0007906138622366817,-0.0038255393092838787,-0.0559719650144655,0.08702855256234011,0.15101315268240448,0.0,0.0,0.0,0.0,0.0,0.03162153471620016,8.378862905772225,-30.0,-30.0,43.245882387982135,3.2002081481456273,-9.120093357199995,-12.630019077875094,0.03162153471620016,8.378862905772225,-45.40833442712182,-40.427236889444366,61.371692672402084,4.629999999999946
0.0,0.0,0.0,0.0,0.0,0.0,0.0,0.0,0.0,0.0,0.0,0.0,0,0.0,-1.5707963267948966,nan,-0.239448742459944,-0.20354834145923764,-0.09950081262090632,-0.0016237599631636623,-1.5707917462349672,-0.24500286105864583,-0.20871324637400734,0.7055909173910261,-0.10275566926751567,1.0031796821922134,0.75523610643283,0.6499783802769554,0.11625834798411339,0.00825339735969588,-0.005554118598701835,-0.005164904914769702,-0.00325485664660935,0.0057372439010876415,0.004014440629767671,0.003545570857572884,0.002056492476175822,-8.464592631275009,9.957347513953154,-0.16096903857360415,0.060816913472426126,-1.570792235406169,0.704540913232428,0.5441312961471232,-0.789319432345602,-0.9668849310485745,0,zero,0,-0.060816913472426126,-0.062440673435589567,2.4360083265890906,1.2896793941470586,1.3966501350127043,-0.45688212037639647,0.1876689368200378,2.4370588097071875,1.2445771071327025,1.5164994265218477,-0.31969444832379196,0.1630891592901472,-0.03697820231138685,0.032937326456977084,-0.028245406221702248,0.16103733333737993,-1.7847078859623715,7.252883444697502,18.537149289147983,0.8323520000001253,-0.19576552510261536,-4.091388727367473e-06,4.89171201767391e-07,0.0,0.0,0.0,1,-0.00425276988996702,2.0518366350198765,-9.0,-9.0,-0.00425276988996702,-1.0566485011947733,-4.502010433628494,-0.43984658967003,0.0030192792338087342,-0.0007905388399808566,-0.0038365013901273974,-0.04693006390537186,0.08003421370968991,0.1628791367976067,0.0,0.0,0.0,0.0,0.0,-0.007974441946309807,13.678910900132509,-30.0,-30.0,44.57704192749322,3.1084851362146497,-4.497989566371506,-8.56015341032997,-0.007974441946309807,13.678910900132509,-73.80105395640086,-93.15508664234594,119.63100935553481,4.6399999999999455
0.0,0.0,0.0,0.0,0.0,0.0,0.0,0.0,0.0,0.0,0.0,0.0,0,0.0,-1.5707963267948966,nan,-0.24707484090474305,-0.20932444446114085,-0.09811673149160235,-0.0018602264115337164,-1.570791738388867,-0.245291294170031,-0.2082854004075356,0.7039975545973869,-0.1026717762159797,0.969643255970743,0.7337665333413873,0.620394896837495,-0.13001880777679942,0.005000908311628226,0.0017835467347120382,0.001039044053605248,-0.004555044724377344,0.009971133588500884,0.007554699707164667,0.00648819653489578,0.0005033121286667106,-5.077144787267329,5.9926900805145165,-0.17027787319402496,0.16378551215806714,-1.5707924400854303,0.7028783013761744,0.7653151192589561,-0.7893194330881247,-0.9668800690050167,0,zero,0,-0.16378551215806691,-0.16564573856960063,2.4376016881574336,1.289318121535894,1.3969719287503688,-0.4571580746148743,0.3292862402940419,2.4387219039449364,1.2337590369971523,1.5647310131657128,-0.17931234244517302,0.15559855313003487,-0.03527981137461851,0.03142453099264257,-0.02694810838314542,0.1703138557553661,-0.5830296323613714,2.9550247163760623,10.226275356317615,0.8087040000001319,-0.30436792969703674,-3.886709466272009e-06,7.016965630768368e-07,0.0,0.0,0.0,1,-0.07813836998883439,1.4473406059953915,-9.0,-9.0,-0.07813836998883439,-0.26818901081898544,-6.986869117964974,-3.6483060994557404,0.004246585453290395,-0.0007905388407245264,-0.003836482098031441,-0.022662042883762626,0.043538013171032335,0.10593424660530586,0.0,0.0,0.0,0.0,0.0,-0.14651860114163584,9.64893737330261,-30.0,-30.0,43.51003861334067,1.715529616814377,-2.0131308820350258,-5.35169390054426,-0.14651860114163584,9.64893737330261,-66.38704587750054,-98.38555204251739,119.08014180032981,4.649999999999945
0.0,0.0,0.0,0.0,0.0,0.0,0.0,0.0,0.0,0.0,0.0,0.0,0,0.0,-1.5707963267948966,nan,-0.25170514971801766,-0.21250225868003594,-0.09750932127771031,-0.002085646267604657,-1.5707917309222952,-0.24556554231521693,-0.20787716157558697,0.7024786260863429,-0.10259180033577608,0.5666853448245175,0.43560606680886904,0.3586053050843724,-0.05274343336884313,0.009215090648592935,0.006139607402800729,0.004625097104448972,-0.005082479058065775,0.010381568131394334,0.007926477977819774,0.006704300562568037,-1.6053057979269203e-05,0.4259352347088491,-0.5044860871184564,-0.17374469755264424,0.19302234277209118,-1.5707924026781477,0.7011526831955605,0.8116761634695361,-0.7893194330932367,-0.9668800690167674,0,zero,0,-0.19302234277209118,-0.19510798903969562,2.4391206154969844,1.2889737258525593,1.3972786898242806,-0.4574211375916754,0.3515058812939041,2.44044763813535,1.2356966054900498,1.5615846181896096,-0.15128434799426763,0.14820330275611207,-0.03360304103831573,0.029930993489247687,-0.0256673252101141,0.17373749387882637,0.716126264543936,-2.5951772174709506,-2.5392996362720104,0.7840000000001379,-0.385647177696228,-3.924116748876827e-06,6.717558527213896e-07,0.0,0.0,0.0,1,-0.14105047168042384,0.28897630446804834,-9.0,-9.0,-0.14105047168042384,0.11932026504055913,-8.104925811167988,-5.74654429577918,0.004503833913420954,-0.0007905388407296463,-0.003836482098078067,0.01450651364342383,-0.01983671227577148,0.007684582542198374,0.0,0.0,0.0,0.0,0.0,-0.2644861647860938,1.9265086964536557,-30.0,-30.0,42.47094758407063,0.1696560394274892,-0.8950741888320124,-3.25345570422082,-0.2644861647860938,1.9265086964536557,-34.690725938470166,-62.26053540318502,71.29938375272381,4.659999999999945
0.0,0.0,0.0,0.0,0.0,0.0,0.0,0.0,0.0,0.0,0.0,0.0,0,0.0,-1.5707963267948966,nan,-0.25175004680868185,-0.21180444812103233,-0.09885763968346672,-0.002300165468471782,-1.5707917238285785,-0.24582588390264287,-0.2074883208507619,0.7010331485131167,-0.10251569013181433,0.14733891386191517,-0.021544449676175192,-0.030896983417855184,0.14244286097181702,0.008191824817042675,0.005924162906038977,0.00431612727027042,-0.003658050448347605,0.0067324256982144075,0.00513160664375613,0.004256021159217979,0.0009372581970964813,5.887780575931443,-6.998059698129076,-0.16710032173792216,0.13359966182738559,-1.5707921399284106,0.6994440694004855,0.6603664868772929,0.7892792847781798,-0.18619931913147514,0,zero,0,-0.13359966182738559,-0.13589982729585737,2.4405660919522605,1.2886459841373392,1.3975706168297328,-0.457671479612205,0.23442595867771795,2.442155945795178,1.2498716018260447,1.505105423733454,-0.25301123665504865,0.1409093764920512,-0.03194924453699871,0.02845791930358043,-0.02440409035639205,0.1670470316033992,1.8261125058638272,-7.362899407890028,-14.682212907596027,0.7583360000001435,-0.18442317843437195,-4.186866485955676e-06,4.160998319235887e-07,0.0,0.0,0.0,0,-0.15716010910673386,-1.524777233397695,2.997213248772895,0.13823557722535132,-0.15716010910673386,0.010172477603437577,-4.613530465895656,-5.192096673004032,0.0036642458073074024,0.0007904986303900656,-0.0007388200226825042,0.03969484387601711,-0.06854378728186564,-0.1083005107114746,0.0,0.0,0.0,0.0,0.0,-0.29469362292655893,-10.165181555984633,9.990710829242984,0.4607852574178377,14.263393226176245,-1.5349497110011325,7.610743714668551,5.330332250229383,-0.29469362292655893,-10.165181555984633,9.990710829242984,0.4607852574178377,14.263393226176245,4.669999999999945
0.0,0.0,0.0,0.0,0.0,0.0,0.0,0.0,0.0,0.0,0.0,0.0,0,0.0,-1.5707963267948966,nan,-0.24688611132097174,-0.20704992557495444,-0.09925611127558936,-0.002503938857481458,-1.5707917171008676,-0.2460726016303684,-0.20711864918440165,0.6996600785198589,-0.10244339092876403,0.6750356928888339,-0.5110653215435634,-0.4384850879717628,0.047077079517293674,0.003290178192551618,0.0008135096906033423,-6.872360944720768e-05,-0.0031872796531746683,0.0009410449230119244,1.3944272482158907e-05,-8.573473987024308e-05,0.000937027565640864,8.426009739714337,-10.046978035627175,-0.14891094578706376,0.013209091358588498,-1.5707917445042447,0.6978710860301843,-0.10398710739933595,0.7893196376271527,0.9671901370770709,0,zero,0,-0.013209091358588498,-0.015713030216069956,2.4419391608807697,1.2883346598234064,1.3978479204821832,-0.45790928137551623,0.03520568076798957,2.4437282430703218,1.2714337306528338,1.42023513280738,-0.43670997806775474,0.13372280860982613,-0.030319790058049245,0.027006527111282985,-0.023159448897347206,0.14883040096941083,2.2464860477855226,-8.65046348059921,-19.516545059027113,0.7318080000001486,-0.07434240728616714,-4.5822906518111495e-06,2.7403377345081026e-08,0.0,0.0,0.0,1,-0.1260702617504136,-3.8286875033389247,9.0,9.0,-0.1260702617504136,-0.6396437433040292,1.1146493182374255,-1.7981917291023002,-0.0005770043299802459,0.0007905390455795437,0.0038377124167087422,0.0524609235638496,-0.08854922905681864,-0.1627077411193279,0.0,0.0,0.0,0.0,0.0,-0.2363965155642483,-25.52458335559283,30.0,30.0,49.51323296644219,-3.1890437600348953,7.885350681762574,10.7981917291023,-0.2363965155642483,-25.52458335559283,51.543772248320906,65.09542231610337,86.86618849061931,4.679999999999945
0.0,0.0,0.0,0.0,0.0,0.0,0.0,0.0,0.0,0.0,0.0,0.0,0,0.0,-1.5707963267948966,nan,-0.23961611765671778,-0.20040163431863264,-0.09687454313338612,-0.0026971302821039433,-1.5707917107321325,-0.24630598268166148,-0.20676789742778398,0.6983583120761881,-0.10237484483694514,1.0065272320101861,-0.7503374715547045,-0.629753949970413,-0.23130220503843613,0.010748810113546552,-0.006689865024943703,-0.006366263109151338,-0.00550030170355903,0.006612532201790229,-0.004984132297439831,-0.004247997700591326,-0.0009157089587312596,6.979802381935949,-8.345455855776393,-0.12541779050443552,-0.10892940226497227,-1.5707913630530501,0.6965185306420583,-0.6574188414401514,0.7893194330974869,0.9668800304768108,0,zero,0,0.10892940226497227,0.10623227198286855,2.4432409263124706,1.2880395025872975,1.3981108237504383,-0.4581347340885219,0.1617595274523462,2.4450800196666833,1.290761268564964,1.3478902491363876,-0.6118658250644147,0.12664969932976036,-0.02871606074172171,0.02557804890686149,-0.021934457329940066,0.12534909702621078,1.5703855387905281,-5.808631636698438,-15.1177814787486,0.704512000000153,-0.21384480595588684,-4.963741846442105e-06,-3.47679082413066e-07,0.0,0.0,0.0,1,-0.0776534643981009,-4.5,9.0,9.0,-0.0776534643981009,-1.553490880184279,5.21762265986841,1.9070283653844187,-0.0036478898933579385,0.000790538840733903,0.003836481945155426,0.04298031473086514,-0.0689135110205326,-0.140482798473141,0.0,0.0,0.0,0.0,0.0,-0.14560934633058487,-30.0,30.0,30.0,51.96172824379246,-2.9465091198157207,3.78237734013159,7.092971634615582,-0.14560934633058487,-33.86604671102255,66.46114806710396,96.39544374739899,121.88558610258384,4.689999999999944
0.0,0.0,0.0,0.0,0.0,0.0,0.0,0.0,0.0,0.0,0.0,0.0,0,0.0,-1.5707963267948966,nan,-0.23336073080639813,-0.1947259681024991,-0.09420708018448803,-0.002879912691811759,-1.5707917047151572,-0.2465263189370084,-0.20643579625758493,0.6971266838196946,-0.10230999071823077,0.8789894758434093,-0.6475723105666575,-0.5343565045934501,-0.2602608830183706,0.01939355422206941,-0.013165588130610278,-0.011709828155085839,-0.008102910533742735,0.01021704004460145,-0.007626405755794553,-0.0063830778630366266,-0.0023414011863380152,2.729182221127351,-3.270620692070363,-0.10313020414105797,-0.1806370680840197,-1.570791177869346,0.6953977632238642,-0.8009506820778345,0.7893194330945191,0.9668800690169642,0,zero,0,0.1806370680840197,0.17775715539220815,2.4444725536092733,1.2877602481993808,1.3983595619898448,-0.4583480395802133,0.25667066983414066,2.446200330978686,1.2971184347898763,1.3219194485857353,-0.703187131526276,0.11969621482049281,-0.027139454681135287,0.024173730003679093,-0.02073018357271774,0.10310756543676353,-0.0885146254091912,-0.2012103386610531,-4.549466771124067,0.6765440000001571,-0.46678242087364197,-5.148925550813033e-06,-5.268458114215946e-07,0.0,0.0,0.0,1,-0.03534727183436339,-3.9920851143912603,9.0,9.0,-0.03534727183436339,-2.3217128080340435,7.314748810060172,4.6137527105072,-0.004444320293329874,0.0007905388407309308,0.003836482098078848,0.011248388443133948,-0.020142874853707055,-0.06252594922864145,0.0,0.0,0.0,0.0,0.0,-0.06628027720675678,-26.613900762608402,30.0,30.0,50.08297222487015,-1.670372306357217,1.6852511899398284,4.3862472894928,-0.06628027720675678,-26.613900762608402,47.70628667141712,81.44460930236633,98.06843671267346,4.699999999999944
0.0,0.0,0.0,0.0,0.0,0.0,0.0,0.0,0.0,0.0,0.0,0.0,0,0.0,-1.5707963267948966,nan,-0.23086496361396366,-0.1922786103163842,-0.0943982372610025,-0.003052468235950734,-1.570791699042532,-0.24673390720207702,-0.20612205610543682,0.6959639663964573,-0.10224876415195919,0.3453136609045697,-0.27033554575030816,-0.21336176339667723,0.025238364278604153,0.022474321666800016,-0.01586894358811336,-0.01384344578905261,-0.007850526890956694,0.009017362910410935,-0.006874340696456075,-0.005667765715533363,-0.001390217839378845,-3.067441041095359,3.6829258702938024,-0.08733749240923633,-0.1702571099365875,-1.5707913303961865,0.6944656008244398,-0.8022633841162529,-0.5477301496458447,0.9668800690167948,0,zero,0,0.17025710993658727,0.16720464170063654,2.445635270124514,1.28749661837433,1.3985943830754772,-0.4585494104158752,0.21568025405520375,2.447132653414999,1.2849564092498809,1.3567730509378542,-0.6701156018275403,0.11286858719899304,-0.025591384922277416,0.022794829033959043,-0.019547706965816584,0.08737479887669859,-1.9068122838991286,5.798225226130922,8.684442545537278,0.6480000000001606,-0.5079551339149475,-4.996398709877781e-06,-3.6864634544997443e-07,0.0,0.0,0.0,1,0.008014148445187108,-1.143989073623377,1.4261207403762877,9.0,0.008014148445187108,-2.4591255179402567,5.732239499846091,6.313288854812707,-0.004451604222838872,-0.0005485763296575954,0.0038364820980781754,-0.03854269637219934,0.050543485817096945,0.05424963160717351,0.0,0.0,0.0,0.0,0.0,0.015027467551447793,-7.626593824155848,4.753735801254292,30.0,31.317138490793823,1.3151364443168796,-4.306118759469803,2.686711145187293,0.015027467551447793,-7.626593824155848,4.753735801254292,32.37017704509402,33.59451629629889,4.709999999999944
0.0,0.0,0.0,0.0,0.0,0.0,0.0,0.0,0.0,0.0,0.0,0.0,0,0.0,-1.5707963267948966,nan,-0.23429465206929306,-0.19479856370907203,-0.09685066907947254,-0.003214988361617044,-1.5707916937066542,-0.2469290494511197,-0.2058263670913739,0.6948688698015744,-0.10219109740085916,0.4968976368655286,0.3234546206286715,0.28156424067507513,0.2510098569570074,0.017600017593641337,-0.012634397381826645,-0.01102780338230186,-0.00534042832138662,0.003166275571877654,-0.0024222425740391493,-0.0018980562016898909,0.0007452681160548232,-7.742840445986147,9.312548158928845,-0.08512787972258892,-0.07392695437623109,-1.5707917467016046,0.693617152104125,-0.0650833776502506,-0.7893699274278905,-0.9681620566937076,0,zero,0,0.07392695437623109,0.07071196601461427,2.446730365862435,1.287248320621595,1.3988155475353259,-0.4587390700113006,0.0757972376822568,2.447981794663865,1.2602800303730837,1.43657304491893,-0.5186618359572636,0.10617311453056251,-0.02407327946400406,0.02144261794878493,-0.018388118270962418,0.08520270515615931,-2.6249596208662815,8.7958252919451,18.28181607663253,0.6189760000001638,-0.30437085032463074,-4.5800932921835624e-06,5.299495065003157e-08,0.0,0.0,0.0,1,0.04961702507014402,1.6279587560490132,-9.0,-9.0,0.04961702507014402,-1.8545353236079778,0.18522700124917735,3.7840711234751656,-0.0003611350642702268,-0.0007905894130722328,-0.003841568895220901,-0.06026847563171924,0.08706146173940031,0.14457804890949463,0.0,0.0,0.0,0.0,0.0,0.0930377368650741,10.853058373660089,-30.0,-30.0,43.792665277219136,3.482494079656991,-9.185227001249178,-12.784071123475165,0.0930377368650741,10.853058373660089,-44.88359598749009,-35.28077201378112,58.112542490749725,4.719999999999944
0.0,0.0,0.0,0.0,0.0,0.0,0.0,0.0,0.0,0.0,0.0,0.0,0,0.0,-1.5707963267948966,nan,-0.24171362720463474,-0.20059715452900592,-0.09749398413106197,-0.003367673911532254,-1.5707916886997166,-0.24711205308525142,-0.2055483989609503,0.6938400407196559,-0.10213691937698208,0.9474721570252926,0.723597150120997,0.6076558950357469,0.06974930754665154,0.008672639224087408,-0.005398425880616675,-0.0049512444319443905,-0.0046429352459201045,0.0043493364069701656,0.003203482828156712,0.0027807469023041643,0.0009601414562589294,-8.177531739202307,9.853514188944356,-0.09578416638857408,0.05676658614620922,-1.5707921448158915,0.6927120799802868,0.6305370429030059,-0.7893194328408594,-0.9668775136125589,0,zero,0,-0.05676658614620944,-0.06013426005774125,2.447759194137685,1.2870150480958706,1.3990233286834877,-0.4589172527470097,0.18351912888481015,2.4488876172332144,1.237218105223999,1.518644159637276,-0.3289591109839874,0.09961616082882065,-0.022586581258036573,0.02011838201809788,-0.01725251967146812,0.09585241770082821,-1.957406311484703,7.306358126343401,18.1537850171955,0.5895680000001662,-0.19832907617092133,-4.181979004869163e-06,4.5611617505159074e-07,0.0,0.0,0.0,1,0.035859507019713535,2.4824791839166735,-9.0,-9.0,0.035859507019713535,-0.8747699813146588,-4.466109419873433,-0.30952253587393097,0.003498727996835287,-0.0007905388404768791,-0.0038364719584932172,-0.05079998031627537,0.08050078823797834,0.15928090658628297,0.0,0.0,0.0,0.0,0.0,0.06724077821060104,16.549861226111158,-30.0,-30.0,45.540118883527214,3.357249165231332,-4.533890580126567,-8.690477464126069,0.06724077821060104,16.549861226111158,-73.85679297449303,-89.42473504044109,117.155928289848,4.729999999999944
0.0,0.0,0.0,0.0,0.0,0.0,0.0,0.0,0.0,0.0,0.0,0.0,0,0.0,-1.5707963267948966,nan,-0.2491335199489738,-0.20632517232638678,-0.09592763181301134,-0.0035107352219172494,-1.5707916840137062,-0.24728323120494958,-0.20528780102583197,0.6928760618653668,-0.10208615560764561,0.9523885275979185,0.7248714624640884,0.5988615732499203,-0.15155885487141696,0.006513610594789499,0.0018502887440242088,0.0010373713005548124,-0.006158523794634274,0.009087241412582187,0.006955820646140889,0.005835912873262378,-0.0003696438352783866,-4.956121641192988,5.9843300072607954,-0.1072433442742403,0.15824752606842152,-1.5707923479657655,0.6916897859882054,0.8018337431187491,-0.7893194330924386,-0.9668800690229317,0,zero,0,-0.15824752606842152,-0.16175826129033855,2.44872317223478,1.2867964794475726,1.3992180127533522,-0.45908420408246187,0.3225232366168382,2.4499103975827987,1.2250904569295347,1.5673741266021295,-0.1908758581756753,0.09320415605572507,-0.021132748208966275,0.018823419830700655,-0.016142024772237137,0.10727969436020482,-0.6812866030941075,2.996669129210413,10.08553940518924,0.5598720000001682,-0.31182408332824707,-3.978829131057182e-06,6.639520595541626e-07,0.0,0.0,0.0,1,-0.05026008913943763,1.821643959990042,-9.0,-9.0,-0.05026008913943763,-0.016991755203526256,-6.9700727230086486,-3.5594651742745196,0.004449220228110134,-0.0007905388407288469,-0.003836482098102526,-0.02511652712035975,0.043983183851359034,0.10446228092154401,0.0,0.0,0.0,0.0,0.0,-0.09424355735878048,12.14429306660028,-30.0,-30.0,44.13040602504785,1.8386357151935684,-2.0299272769913514,-5.44053482572548,-0.09424355735878048,12.14429306660028,-66.86005922903232,-96.13424171888275,117.72660144126247,4.739999999999943
0.0,0.0,0.0,0.0,0.0,0.0,0.0,0.0,0.0,0.0,0.0,0.0,0,0.0,-1.5707963267948966,nan,-0.2536648387809059,-0.2096057727078033,-0.09524319662329792,-0.0036443922203692747,-1.570791679640393,-0.2474429028961016,-0.20504420210760216,0.6919754513239267,-0.1020387282013829,0.5651288202108904,0.43716471407800883,0.3524199299646341,-0.0637007783450716,0.010281034088261025,0.006221935884804297,0.004561570600201154,-0.00679553157808499,0.009801829828194684,0.007538303276089722,0.0062290500917667555,-0.0006699154072288297,0.4107514032068374,-0.4970647962983956,-0.11256698925708074,0.18729398813736098,-1.570792312271577,0.6905848429196851,0.8338673514159906,-0.7893194330940654,-0.9668800690168036,0,zero,0,-0.18729398813736076,-0.19093838035773025,2.4496237820676035,1.2865922786733046,1.399399899030792,-0.4592401806702748,0.34411499287760333,2.4510154574839897,1.2266126063155716,1.5643988992513298,-0.16328248032650874,0.08694359612155267,-0.01971325317425016,0.017559043294253788,-0.015057758599760176,0.11255969190502699,0.7142247081485373,-2.5979158310356905,-2.5285096623297623,0.5299840000001697,-0.39108526706695557,-4.014523319550989e-06,6.326311838833476e-07,0.0,0.0,0.0,1,-0.13439249036949957,0.5378993336053185,-9.0,-9.0,-0.13439249036949957,0.3977929105941587,-8.097454348136138,-5.69150653153586,0.004626968519746117,-0.0007905388407304763,-0.0038364820980782105,0.014043439492600607,-0.019761778192795686,0.0075752484334586844,0.0,0.0,0.0,0.0,0.0,-0.2520016695471584,3.58599555736879,-30.0,-30.0,42.57843196947162,0.14010642301115978,-0.9025456518638624,-3.30849346846414,-0.2520016695471584,3.58599555736879,-35.1611378111343,-61.12226694948939,70.60566548229076,4.749999999999943
0.0,0.0,0.0,0.0,0.0,0.0,0.0,0.0,0.0,0.0,0.0,0.0,0,0.0,-1.5707963267948966,nan,-0.2536506786219252,-0.2091232928774932,-0.09659095597367576,-0.0037688745237356436,-1.5707916755713294,-0.24759139352882317,-0.2048172104845571,0.6911366618916407,-0.10199455581390082,0.14245011291517565,-0.016265079170227348,-0.025548820726503663,0.1391931737859925,0.009190003952530335,0.006059285093102024,0.004306082392936117,-0.005403599840225065,0.006334565763911517,0.0049084143369230735,0.0039753387050773656,0.00048049380258410965,5.763884054673287,-6.9910171313332015,-0.10725918984564652,0.1284348854659867,-1.5707920539212732,0.6894809873463633,0.6578466106675122,0.789291524052569,-0.18009658033197462,0,zero,0,-0.1284348854659867,-0.13220375998972234,2.4504625708388756,1.2864020949663333,1.3995692999873492,-0.45938545047043755,0.22753066405578823,2.4521190004689797,1.2413496863677027,1.507552300128966,-0.26425110832014836,0.08084104288491983,-0.018329583964215482,0.016326577635279723,-0.01400085760211875,0.10720531889990405,1.9193136975163765,-7.422405785525567,-14.563814517086971,0.5000000000001705,-0.19171851873397827,-4.272873623367701e-06,3.7834994381924503e-07,0.0,0.0,0.0,0,-0.17233953310208464,-1.420542320557908,2.956611054168814,0.25907472922591823,-0.17233953310208464,0.27026629232898,-4.623321378975133,-5.136134206061047,0.0036502635019964747,0.0007905108885727244,-0.0007146049737805869,0.04129291031049483,-0.06899684366170432,-0.10751391589904209,0.0,0.0,0.0,0.0,0.0,-0.32315682186777545,-9.47028213705272,9.855370180562714,0.8635824307530608,13.699079169693473,-1.690808612886888,7.579932433143947,5.3952089352869645,-0.32315682186777545,-9.47028213705272,9.855370180562714,0.8635824307530608,13.699079169693473,4.759999999999943
0.0,0.0,0.0,0.0,0.0,0.0,0.0,0.0,0.0,0.0,0.0,0.0,0,0.0,-1.5707963267948966,nan,-0.24878990790048328,-0.20470722653152737,-0.09713338032105195,-0.0038844215359898904,-1.5707916717978392,-0.2477290350682433,-0.2046064138412055,0.6903580804164018,-0.10195355361404262,0.6558109860110545,-0.4998412260862034,-0.4205269702614256,0.05834265472343947,0.0049365661080527775,0.0010608728322399896,0.00010081269032186091,-0.00482017329299067,0.000726844937557536,-5.989261303869487e-05,-0.0001530165103632628,0.0007080271080351832,8.233358824225673,-10.006184678602269,-0.08972254188910647,0.009324512693446696,-1.5707916637763242,0.6885024667358991,-0.16161785868862286,0.7893195742677153,0.9671690673133198,0,zero,0,-0.009324512693446696,-0.013208934229436586,2.4512411516996533,1.286225562567056,1.3997265414134268,-0.45952029286452933,0.033894816259616094,2.453096827342577,1.2642916144726957,1.4217844475388632,-0.4461874111228827,0.07490312415275709,-0.01698324334205401,0.015127361399157645,-0.012972469648980746,0.08964159855049078,2.410723469703673,-8.759360148225474,-19.306720739436404,0.4700160000001709,-0.08916538953781128,-4.663018572159672e-06,-8.021515007783364e-09,0.0,0.0,0.0,1,-0.15475287400273222,-3.861434823603775,9.0,9.0,-0.15475287400273222,-0.4354647571237619,1.1034879438487837,-1.748828898154948,-0.0008967862131922944,0.0007905389821222232,0.0038376288140220885,0.055689198307182206,-0.08948557686947152,-0.161127687608013,0.0,0.0,0.0,0.0,0.0,-0.29017977499105985,-25.74289882402517,30.0,30.0,49.626414782510835,-3.425970066480013,7.8965120561512165,10.748828898154947,-0.29017977499105985,-25.74289882402517,51.90486800639581,64.92557176819534,87.01853961285644,4.769999999999943
0.0,0.0,0.0,0.0,0.0,0.0,0.0,0.0,0.0,0.0,0.0,0.0,0,0.0,-1.5707963267948966,nan,-0.24160118547377812,-0.19848307950676497,-0.095122865479883,-0.003991282546109476,-1.5707916683110112,-0.24785616639635366,-0.20441137922020228,0.689638027138216,-0.10191563324975586,0.9683131802740126,-0.7315853754815527,-0.6029112403759168,-0.19725944768821946,0.010973204536941264,-0.006254980922575537,-0.005928299713437307,-0.006792767769872865,0.006459681843936812,-0.004908476815321463,-0.00411413773344357,-0.0008415554578245906,6.780808418726548,-8.253709856124507,-0.0665992314009139,-0.11098565151171758,-1.570791288148824,0.6877387125941159,-0.6923592593316386,0.7893194330964619,0.9668800385203736,0,zero,0,0.1109856515117178,0.1069943689656081,2.451961204408802,1.286062300613474,1.399871962551476,-0.4596449987699339,0.1674919183213944,2.453859801471573,1.285537697862381,1.3481101359800407,-0.6189258078277614,0.06913653368032682,-0.015675749023826048,0.013962746450127099,-0.011973754031603528,0.0665308062579478,1.7772910426108086,-5.956019023771912,-14.860633114146996,0.4401280000001707,-0.22117871046066284,-5.03864607281912e-06,-3.8016218706360405e-07,0.0,0.0,0.0,1,-0.10269759043265823,-4.5,9.0,9.0,-0.10269759043265823,-1.4098644568119305,5.211899630407135,1.9406580364130979,-0.003841767508755827,0.0007905388407328765,0.0038364819770714677,0.047223448244014095,-0.07023729821045438,-0.1384464321279418,0.0,0.0,0.0,0.0,0.0,-0.19257001768733964,-30.0,30.0,30.0,51.96188105921217,-3.0901355431880697,3.788100369592865,7.059341963586903,-0.19257001768733964,-34.79824128205895,67.30852992705921,95.69856059809827,122.06394791676131,4.7799999999999425
0.0,0.0,0.0,0.0,0.0,0.0,0.0,0.0,0.0,0.0,0.0,0.0,0,0.0,-1.5707963267948966,nan,-0.23548628564499097,-0.19324785227890934,-0.09302925563957762,-0.00408971682594883,-1.5707916651016953,-0.24797313364398132,-0.20423165297640056,0.6889747550297252,-0.10188070281406716,0.8284468501289988,-0.6231867076414821,-0.5055500984053912,-0.20586794046166812,0.018839144561122647,-0.012486847998990358,-0.01098380069749122,-0.008851447174489546,0.009794243494814512,-0.007413774414155181,-0.006102292134918489,-0.0019300739032084594,2.566971461221434,-3.127993348136248,-0.04484105547035873,-0.18060442595142945,-1.5707911103493015,0.6872017282400296,-0.8193480903451112,0.7893194330944924,0.9668800690169004,0,zero,0,0.18060442595142945,0.17651470912548062,2.452624475992478,1.2859119129916643,1.4000059162291838,-0.45975987075405467,0.26037557950479473,2.4543963377489963,1.2940910778663166,1.3205323557748427,-0.7075689855158748,0.06354803117122085,-0.014408633678459877,0.012834097971287468,-0.011005881462833492,0.04481943830551085,0.1360496260123576,-0.36673477049130443,-4.2771264116896015,0.41043200000017,-0.45724329352378845,-5.216445595035424e-06,-5.547523937998733e-07,0.0,0.0,0.0,1,-0.043423786148602796,-4.218915259725023,9.0,9.0,-0.043423786148602796,-2.256687837863778,7.312893064698358,4.634148461758772,-0.004546403950584301,0.0007905388407309039,0.0038364820980785943,0.015974631086721685,-0.02168868137531617,-0.06033079408215561,0.0,0.0,0.0,0.0,0.0,-0.08142468807163472,-28.126101731500153,30.0,30.0,50.902693726270755,-1.962227421861245,1.6871069353016424,4.365851538241228,-0.08142468807163472,-28.126101731500153,48.94822931301691,80.42292162941546,98.25914565515676,4.789999999999942
0.0,0.0,0.0,0.0,0.0,0.0,0.0,0.0,0.0,0.0,0.0,0.0,0,0.0,-1.5707963267948966,nan,-0.2331469814112924,-0.19118958398876976,-0.09386470321277346,-0.004179993728115727,-1.5707916621604916,-0.24808029053186467,-0.2040667607326886,0.6883664491367157,-0.10184866681105523,0.3212876067884968,-0.2446461121581922,-0.1893376046427614,0.08674835762077782,0.021273670979014874,-0.01493330912057228,-0.012877176743918833,-0.007983963598281768,0.008477712651886862,-0.006561876602985024,-0.00532102785721991,-0.0007071419927072503,-3.17195997332789,3.867968963600797,-0.029804646134535037,-0.16810204752020064,-1.5707912721028936,0.6868465528147844,-0.8353758096641795,-0.47601986197940754,0.9668800690167941,0,zero,0,0.16810204752020041,0.1639220537920849,2.4532327814036163,1.2857739881862507,1.4001287689926625,-0.4598652231485317,0.21674611271132366,2.4547516893223427,1.2840818974837707,1.3539791022880572,-0.6716290429722038,0.05814444227736923,-0.013183444927753748,0.01174279446459977,-0.010070034077107602,0.02984370325249856,-1.703955479782322,5.688984993973259,8.98728023554677,0.38102400000016867,-0.4766106605529785,-5.054692002737227e-06,-3.900575977766607e-07,0.0,0.0,0.0,1,0.02174179187241252,-1.4428829400104612,1.8511863599856695,9.0,0.02174179187241252,-2.485720754701549,5.872115382105997,6.324500497717066,-0.004635338662570236,-0.000476755257853934,0.0038364820980781728,-0.03407166956208803,0.04932557583402942,0.05662463495289809,0.0,0.0,0.0,0.0,0.0,0.04076840778626012,-9.619219600069743,6.170621199952232,30.0,32.10307794855096,1.0428378146910877,-4.0209290221203275,2.6754995022829338,0.04076840778626012,-9.619219600069743,6.170621199952232,31.176194591919565,33.20485993049773,4.799999999999942
0.0,0.0,0.0,0.0,0.0,0.0,0.0,0.0,0.0,0.0,0.0,0.0,0,0.0,-1.5707963267948966,nan,-0.23666306599833048,-0.19396161961674482,-0.09685887120068126,-0.004262392783848101,-1.5707916594777445,-0.24817799871974225,-0.20391620733725369,0.6878112259186375,-0.10181942612182765,0.5419208783122453,0.3418376399160511,0.29225890234099716,0.3023408677135381,0.016009203521401522,-0.01151493272141177,-0.009954587720508862,-0.004960554921146387,0.003049594389400317,-0.0020919642704470883,-0.0015961342515832307,0.001541449604092691,-7.801077503026075,9.5183311242253,-0.02883597065889832,-0.06975839412388773,-1.570791699470211,0.6865654896356401,-0.1862365440201349,-0.7892604474246133,-0.9678356583966014,0,zero,0,0.06975839412388751,0.06549600134003963,2.4537880041814164,1.285648099130873,1.400240901239639,-0.45996138216345794,0.07025159183735957,2.455033465468417,1.2611318639401048,1.433381375260038,-0.5168331517476704,0.05293265859900467,-0.01200174534636783,0.01069022775087946,-0.009167405430447223,0.028912880795717882,-2.473651614895206,8.801306641726447,18.634378130674218,0.3520000000001668,-0.26806390285491943,-4.627324685646528e-06,3.9992466227545265e-08,0.0,0.0,0.0,1,0.08290853285283213,1.3080629161864537,-9.0,-9.0,0.08290853285283213,-1.9649842836712597,0.32475618596997585,3.7892038649404025,-0.0010333905326119375,-0.0007904797639349569,-0.0038402737798660415,-0.05683267798213969,0.08691036131554396,0.14737285873426917,0.0,0.0,0.0,0.0,0.0,0.15546321555003212,8.720419441243024,-30.0,-30.0,43.31362238421763,3.2730471998577135,-9.324756185969976,-12.789203864940403,0.15546321555003212,8.720419441243024,-43.92237991031658,-36.73503843740072,57.91984452695024,4.809999999999942
0.0,0.0,0.0,0.0,0.0,0.0,0.0,0.0,0.0,0.0,0.0,0.0,0,0.0,-1.5707963267948966,nan,-0.24406083502603887,-0.199880296120892,-0.09782164555410863,-0.0043372038008919755,-1.5707916570435354,-0.24826662816229822,-0.20377947682188818,0.687307132589127,-0.10179287797049799,0.9543072600877783,0.7309139585152419,0.6055407019512682,0.09893225047570287,0.006975886534986717,-0.00420579313625935,-0.00389918070099618,-0.003971232416389359,0.004868033243637688,0.0034719718922694813,0.0029675962137163192,0.0016842005678626634,-8.227459484924852,10.045841456187269,-0.04151106874405271,0.06280135589341085,-1.5707921090745893,0.6862117471364473,0.5629962363282777,-0.789319432618629,-0.9668781290291454,0,zero,0,-0.06280135589341107,-0.06713855969430282,2.454292097110816,1.2855338030586618,1.4003427073526422,-0.4600486860015939,0.1848921353593979,2.4553879759735424,1.239246012735135,1.5160600308257624,-0.32348059938375096,0.04791963768470963,-0.010865112461834869,0.009677802969805954,-0.008299200500466283,0.04158105521307194,-1.8630999386454439,7.3995567191002625,18.521448655725667,0.32345600000016433,-0.17758113145828247,-4.217720307231332e-06,4.5203105392133125e-07,0.0,0.0,0.0,1,0.07712660213423135,2.1996312372766016,-9.0,-9.0,0.07712660213423135,-1.0471567966146467,-4.388027799739766,-0.30796575743235377,0.0031239571351522424,-0.0007905388402543054,-0.0038364744004038454,-0.04854863166472157,0.08123054956421669,0.16226552918330708,0.0,0.0,0.0,0.0,0.0,0.1446214178402988,14.664208248510679,-30.0,-30.0,44.889418785613465,3.2467880338912485,-4.611972200260234,-8.692034242567646,0.1446214178402988,14.664208248510679,-73.79960117194703,-91.2618391937839,118.28002513138347,4.819999999999942
0.0,0.0,0.0,0.0,0.0,0.0,0.0,0.0,0.0,0.0,0.0,0.0,0,0.0,-1.5707963267948966,nan,-0.25135752599652317,-0.205649454210632,-0.09636641910516094,-0.004404726961372507,-1.5707916548476748,-0.24834655747074538,-0.20365603236090474,0.6868521464565163,-0.10176891589015988,0.942618328913101,0.7216761662037136,0.5892602550723436,-0.1431264368609575,0.006498202339579639,0.003010968525777785,0.001993421849727256,-0.005402496784998934,0.009240861133453725,0.007113232779413758,0.00589636330282934,0.00016832621512045086,-5.023136190998472,6.139496832972258,-0.05528207882501119,0.16597792065559203,-1.570792323938325,0.6857193938976205,0.777564763435222,-0.7893194330911938,-0.9668800690214366,0,zero,0,-0.16597792065559203,-0.17038264761696453,2.454747082881985,1.2854306413527072,1.4004345958321924,-0.46012748497258427,0.32899987811005466,2.4558808273201627,1.2276748719964379,1.566113839305604,-0.18182136968202306,0.043112403031387,-0.009775138754553558,0.008706938579916697,-0.0074666356863661906,0.05531965804782485,-0.6528048555405751,3.153309552628663,10.433052431908132,0.2954880000001613,-0.32008618116378784,-4.002856571538871e-06,6.69090650440296e-07,0.0,0.0,0.0,1,-0.017045591101789274,1.6175183785417964,-9.0,-9.0,-0.017045591101789274,-0.21889395419227575,-6.933859623609371,-3.559761484733985,0.004314556357637983,-0.0007905388407276002,-0.0038364820980965938,-0.02421747283346068,0.045345254831713755,0.10732855293692373,0.0,0.0,0.0,0.0,0.0,-0.03196248097091557,10.78345585694531,-30.0,-30.0,43.77538054453528,1.836412332734072,-2.0661403763906288,-5.4402385152660155,-0.03196248097091557,10.78345585694531,-67.4911549239051,-98.18883984460783,119.63439390414231,4.8299999999999415
0.0,0.0,0.0,0.0,0.0,0.0,0.0,0.0,0.0,0.0,0.0,0.0,0,0.0,-1.5707963267948966,nan,-0.2557030165196674,-0.20894988042767465,-0.09569643809373349,-0.004465272919673913,-1.570791652879695,-0.24841817427873772,-0.20354531623021455,0.6864441742643541,-0.10174742968885822,0.5506580987175522,0.4273873715151921,0.34111423477328484,-0.06484948101257992,0.010903794748800598,0.0072848422409297064,0.005404564197460104,-0.006050991595124733,0.009792559415017603,0.0075779921698192546,0.006194041038798498,-0.0003195468361413996,0.3163921039866758,-0.38716251841299854,-0.06280680777867398,0.19654213964379963,-1.5707923007172573,0.6851220831730984,0.8211235769503951,-0.7893194330938532,-0.9668800690168008,0,zero,0,-0.19654213964379963,-0.20100741256347376,2.4551550547498047,1.2853381393965302,1.4005169894299896,-0.46019814160717454,0.3547724809585438,2.4564782636605402,1.2290547355054475,1.565031984948046,-0.15095914493989457,0.038518044084265256,-0.008733431657789696,0.00777906635860821,-0.006670938808936731,0.06280053826392143,0.6704564573215072,-2.3868122293214187,-2.216354908204317,0.26819200000015764,-0.41569235920906067,-4.026077639274206e-06,6.478375622620547e-07,0.0,0.0,0.0,1,-0.11752988748027948,0.44891537503196793,-9.0,-9.0,-0.11752988748027948,0.2030107334566954,-8.082839528678798,-5.6926568881808235,0.004556255782072761,-0.0007905388407302638,-0.003836482098078199,0.01343059313910593,-0.017879326712275084,0.010168354354553207,0.0,0.0,0.0,0.0,0.0,-0.22038231292008154,2.9927691668797864,-30.0,-30.0,42.53240218527604,0.24590464157527253,-0.9171604713212016,-3.3073431118191765,-0.22038231292008154,2.9927691668797864,-36.34710094217354,-63.216059445569186,72.98210160290236,4.839999999999941
0.0,0.0,0.0,0.0,0.0,0.0,0.0,0.0,0.0,0.0,0.0,0.0,0,0.0,-1.5707963267948966,nan,-0.25546143195913,-0.20848946041561411,-0.09708864932877162,-0.004519162900315177,-1.5707916511288411,-0.24848187561124463,-0.2034467497660696,0.6860810515319334,-0.10172830541555491,0.14886253335666297,-0.03052858930443214,-0.03618535479155971,0.1411335508341438,0.009781081029822933,0.006979556347885385,0.005042710649544507,-0.004639656086783295,0.006246337497211792,0.0048399047857414345,0.003881255625379496,0.0007265731652705354,5.711834924840483,-6.998556509217565,-0.05959514838255171,0.13859838431141247,-1.5707920548733525,0.6845045380057349,0.6891719049271554,0.7892703737628227,-0.3024493266529236,0,zero,0,-0.13859838431141247,-0.14311754721172765,2.455518177193342,1.2852558064245572,1.4005903252821008,-0.4602610307714241,0.2411898831036616,2.4570955050341623,1.242984353613081,1.5103206926974768,-0.2496845779270136,0.03414371623690348,-0.007741613557677329,0.006895631402137103,-0.005913349110556932,0.05954188378705111,1.8195492622824003,-7.22709206702722,-14.441083502753244,0.24166400000015342,-0.21308529376983643,-4.271921544063417e-06,4.037445116011895e-07,0.0,0.0,0.0,0,-0.17335162205147228,-1.3769947304299823,2.4341860136140077,-0.3537121199902238,-0.17335162205147228,0.1172497819927756,-4.790754660284568,-5.257442529636074,0.0038240814961474972,0.0007904897056082159,-0.0012000882678858743,0.03933684600214944,-0.0670145946528145,-0.10599272084281904,0.0,0.0,0.0,0.0,0.0,-0.3250546072594642,-9.179964869533215,8.11395337871336,-1.1790403999674126,12.312749132515203,-1.494244512422758,7.224940673898576,4.90373040964585,-0.3250546072594642,-9.179964869533215,8.11395337871336,-1.1790403999674126,12.312749132515203,4.849999999999941
0.0,0.0,0.0,0.0,0.0,0.0,0.0,0.0,0.0,0.0,0.0,0.0,0,0.0,-1.5707963267948966,nan,-0.25024888390396177,-0.20402185437058723,-0.097694016889811,-0.004566728795825092,-1.5707916495840637,-0.24853806825495123,-0.20335973332292642,0.6857605418947851,-0.10171142532608593,0.6880144326296863,-0.5268740698874841,-0.43805896018837,0.062224765050836184,0.0044164312527772715,0.0017108156490105442,0.0006621210476608075,-0.004017408436274933,0.00099879924884965,-0.0002853855097792509,-0.00033230118343754826,0.0008976251855850898,8.329743769770205,-10.216897567654923,-0.043785138630403876,0.01825706953471684,-1.5707916725869666,0.683992247348122,-0.0728569625054554,0.7893196741650061,0.96733325875511,0,zero,0,-0.01825706953471684,-0.022823798330541933,2.455838686575353,1.285183135372586,1.4006550550421522,-0.46031653978092657,0.042619779213439526,2.4576071030171254,1.2648372547387814,1.4258385671542417,-0.43265512003381285,0.02999664083118888,-0.006801321793218183,0.0060580921256195705,-0.0051951172551946345,0.043703376526503766,2.30119283583377,-8.678074972863676,-19.55905319260626,0.2160000000001486,-0.08546748012304306,-4.65420793016591e-06,2.3002902693747274e-08,0.0,0.0,0.0,1,-0.168140431455636,-3.720184220049768,9.0,9.0,-0.168140431455636,-0.5236998012493556,0.933226689405763,-1.9081421797786597,-0.0004042691818844136,0.0007905390821738438,0.0038382803090184913,0.053342879785960556,-0.08850424378985576,-0.1625951422312552,0.0,0.0,0.0,0.0,0.0,-0.315283014167703,-24.80122813366512,30.0,30.0,49.144687610332056,-3.1964844188004125,8.066773310594236,10.90814217977866,-0.315283014167703,-24.80122813366512,50.14471876049219,63.75410164929559,84.81909346954079,4.859999999999941
0.0,0.0,0.0,0.0,0.0,0.0,0.0,0.0,0.0,0.0,0.0,0.0,0,0.0,-1.5707963267948966,nan,-0.24254805139079294,-0.19761740037799205,-0.09555400208918624,-0.0046083132646193015,-1.5707916482340116,-0.24858716912864467,-0.20328364622987094,0.6854803364452215,-0.10169666784910938,1.0228705382780006,-0.7749933386862279,-0.6328366899539695,-0.21252573236482108,0.010310656028774422,-0.006039117737851735,-0.005666245851878887,-0.006142665759923144,0.00699358565483867,-0.005347414965321505,-0.004432600204683669,-0.0008169754743314736,7.010277516462155,-8.603992216976776,-0.021905202478681825,-0.10552539168426622,-1.570791296675523,0.6836795485865255,-0.6528642845529777,0.7893194330956311,0.9668799978625033,0,zero,0,0.10552539168426645,0.1009170784196467,2.4561188918017445,1.2851196027282625,1.4007116450145132,-0.46036506851502096,0.15695176583464335,2.457919007247989,1.2850926844153088,1.3523510390419118,-0.609669681465727,0.02608410515732912,-0.005914208656279932,0.005267920263029847,-0.004517505328405171,0.021834472180662985,1.6870094186750948,-5.973624522023406,-15.384933700744288,0.19129600000014318,-0.20397581160068512,-5.03011937347253e-06,-3.5155848854273586e-07,0.0,0.0,0.0,1,-0.11448143782874086,-4.5,9.0,9.0,-0.11448143782874086,-1.45205741731797,5.11583604416353,1.8194813231256821,-0.003622617538825098,0.0007905388407320444,0.0038364818157451603,0.045212856364778425,-0.07024184781360387,-0.14235676306352052,0.0,0.0,0.0,0.0,0.0,-0.21466611256092416,-30.0,30.0,30.0,51.96196764499861,-3.04794258268203,3.8841639558364696,7.180518676874318,-0.21466611256092416,-33.88112990510456,66.35652795030126,96.44316014817691,121.87062396727303,4.869999999999941
0.0,0.0,0.0,0.0,0.0,0.0,0.0,0.0,0.0,0.0,0.0,0.0,0,0.0,-1.5707963267948966,nan,-0.2358308398212856,-0.19210592428168552,-0.0930671581737825,-0.004644269828875558,-1.5707916470670247,-0.24862960565201117,-0.20321784674496038,0.6852380530728357,-0.10168390755203971,0.9026035998482771,-0.6759648092873827,-0.5445676611395972,-0.24740836183340664,0.019013984260729696,-0.012798765830725561,-0.01111192246327486,-0.00861674937825721,0.010626846002066126,-0.008057115220473008,-0.006573882873518676,-0.0021901630626299995,2.882101640004611,-3.5380409629513583,-0.0013843301089902264,-0.17997570866416068,-1.570791109783048,0.6835810263362366,-0.8038830646256873,0.7893194330944673,0.9668800690171556,0,zero,0,0.1799757086641609,0.17533143883528535,2.4563611749810725,1.2850646683815479,1.4007605762874886,-0.4604070295310111,0.2559116504266013,2.4580170518842395,1.2928819722867408,1.324211026058157,-0.7044707241172593,0.0224134624538714,-0.0050819413916005215,0.004526600867204057,-0.0038817868373346594,0.0013595240958724653,0.06830060964990181,-0.44428162048879827,-4.939339838503828,0.16764800000013713,-0.45681726932525635,-5.217011848301922e-06,-5.372839764206105e-07,0.0,0.0,0.0,1,-0.04156790546911627,-4.112591488197901,9.0,9.0,-0.04156790546911627,-2.2620348552458935,7.267659107811113,4.556329322155863,-0.004460591516461141,0.0007905388407308788,0.0038364820980796074,0.014454735857611917,-0.022328211332654307,-0.06554364502457065,0.0,0.0,0.0,0.0,0.0,-0.07794469429798663,-27.41727658798601,30.0,30.0,50.51448436713469,-1.8505566329520073,1.732340892188887,4.443670677844137,-0.07794469429798663,-27.41727658798601,48.74901064680248,82.6853330558574,99.82506434997987,4.87999999999994
0.0,0.0,0.0,0.0,0.0,0.0,0.0,0.0,0.0,0.0,0.0,0.0,0,0.0,-1.5707963267948966,nan,-0.23286209533796132,-0.18971439184058836,-0.09342146563329534,-0.0046749629724092134,-1.570791646071124,-0.24866581611115246,-0.20316167200682608,0.6850312358050276,-0.10167301510696652,0.38232212566559576,-0.3004954942465582,-0.23353577029628647,0.03651999045860277,0.022331032283858417,-0.015803720773191143,-0.013447280166237724,-0.008251549473671183,0.009530080132732226,-0.007361684122015159,-0.005929000080910211,-0.0012144925955040273,-2.809941683871841,3.448935819553435,0.012105740063119883,-0.1729007489633183,-1.5707912588380057,0.683650208401639,-0.8224984446281937,-0.4472612027116473,0.9668800690167969,0,zero,0,0.1729007489633183,0.16822578599090932,2.4565679920840178,1.2850177754751926,1.4008023448665052,-0.4604428481783799,0.2195626465017624,2.4579480108017533,1.282274662594897,1.3567045018221562,-0.6755095979509993,0.01899213190768721,-0.004306202196784709,0.0038356323098371406,-0.0032892467107173717,-0.012069987652015847,-1.760892881683077,5.58703360659858,8.274840665951233,0.14515200000013048,-0.5074082016944885,-5.067956890592029e-06,-3.872331184595623e-07,0.0,0.0,0.0,1,0.04151566448255216,-1.3364792280967246,1.9557359947908024,9.0,0.04151566448255216,-2.4577186958481003,5.887362117593918,6.279026751278226,-0.004563884656681161,-0.0004479521697690768,0.003836482098078184,-0.03529099853787945,0.04838433763956135,0.050885382832816545,0.0,0.0,0.0,0.0,0.0,0.07784673632580566,-8.909861520644832,6.519119982636008,30.0,31.967023911828704,1.1212394677513757,-3.9316261228031157,2.7209732487217737,0.07784673632580566,-8.909861520644832,6.519119982636008,34.37292805617047,36.10247638229405,4.88999999999994
0.0,0.0,0.0,0.0,0.0,0.0,0.0,0.0,0.0,0.0,0.0,0.0,0,0.0,-1.5707963267948966,nan,-0.23574307089525107,-0.1921105459522935,-0.09612950502600487,-0.004700768238552477,-1.5707916452340043,-0.2486962500190762,-0.20311443798280454,0.6848573541475161,-0.10166385725655419,0.46345327849319645,0.28505416493660174,0.24433881357266707,0.27171972431218605,0.01787455017181775,-0.012953179123825126,-0.011003892030511053,-0.005534352230549322,0.003923451366787294,-0.0030021149227847065,-0.0023196358126829648,0.001000033156678867,-7.426275394908763,9.112765519322796,0.010958862732255988,-0.08010395920138169,-1.570791678341115,0.6837753012556934,-0.14106695855648635,-0.789197660556362,-0.9690422058971193,0,zero,0,0.08010395920138169,0.07540319096282921,2.456741873602874,1.284978350255206,1.4008374618073023,-0.46047296271300575,0.08002006911752085,2.4578236022567204,1.2587461198318524,1.4350866610775772,-0.527859190987434,0.015827598653962154,-0.0035886882223017586,0.0031965262814807904,-0.002741181298873965,-0.010884770636920081,-2.5326108673791325,8.700711007976773,17.923612171474765,0.12390400000012321,-0.31192895770072937,-4.648453781452844e-06,3.310711083059914e-08,0.0,0.0,0.0,1,0.11774337766560303,1.4509555290125427,-9.0,-9.0,0.11774337766560303,-1.9062507300597293,0.35170952706411085,3.7646631964109996,-0.0007827532464352049,-0.0007904168800682239,-0.0038450612380364485,-0.058071012920198645,0.08595602026732392,0.14158070208274445,0.0,0.0,0.0,0.0,0.0,0.22078263203750803,9.673036860083618,-30.0,-30.0,43.51570276425679,3.3572062590722718,-9.351709527064111,-12.764663196411,0.22078263203750803,9.673036860083618,-43.24056339002621,-33.00297326267783,55.24996790524904,4.89999999999994
0.0,0.0,0.0,0.0,0.0,0.0,0.0,0.0,0.0,0.0,0.0,0.0,0,0.0,-1.5707963267948966,nan,-0.2425476654417788,-0.19766724976294633,-0.09714123079015546,-0.004722072328023019,-1.5707916445430297,-0.24872136846932155,-0.20307543941283338,0.6847138024248651,-0.10165629677991922,0.8849413862693967,0.6779476096282377,0.5595702380624012,0.10192862407855663,0.00936744069921754,-0.0061737030275427485,-0.005408189649887041,-0.004515065989763756,0.003588627789464482,0.0025137916650735965,0.0021801857049033244,0.0013438345017368937,-7.871673402088084,9.65876950128175,-0.004389703744848872,0.047089699190387524,-1.5707920863552247,0.6838039384459187,0.5933256513446711,-0.7893194317969222,-0.9668759745107626,0,zero,0,-0.047089699190387524,-0.051811771518410765,2.4568854252110235,1.284945801921329,1.4008664533491166,-0.46049782441137743,0.1731655598847194,2.457795713386712,1.2362900053177086,1.5167897788799,-0.3414185291481929,0.012927413776232804,-0.0029311115714938003,0.002610807791550904,-0.002238898373717871,0.00445747710275746,-1.9163711121392273,7.303471559285577,17.84723968372207,0.10400000000011528,-0.2006842941045761,-4.240439671843177e-06,4.418121948290832e-07,0.0,0.0,0.0,1,0.11636009869964556,2.382826369252086,-9.0,-9.0,0.11636009869964556,-0.956722313097882,-4.371093272569939,-0.3199611494282417,0.003292249188156677,-0.0007905388394313292,-0.003836465851493313,-0.049735820008097884,0.08032119773946726,0.15672022308788294,0.0,0.0,0.0,0.0,0.0,0.21818882186320188,15.88550912834724,-30.0,-30.0,45.30338846740704,3.339548682349968,-4.628906727430061,-8.680038850571759,0.21818882186320188,15.88550912834724,-73.03890677273802,-87.25809908786401,114.89584311720333,4.90999999999994
0.0,0.0,0.0,0.0,0.0,0.0,0.0,0.0,0.0,0.0,0.0,0.0,0,0.0,-1.5707963267948966,nan,-0.24931743049639038,-0.20312753769436262,-0.09594157763983566,-0.004739273196809224,-1.5707916439852225,-0.2487416444808048,-0.20304394974826606,0.6845978991209896,-0.10165019245848211,0.8782925612458758,0.6749489043128332,0.5491777595983599,-0.11935488288827012,0.005738187834860975,0.0005757860155855832,8.358794609655829e-05,-0.005708614818646457,0.008004975230621231,0.0061646098336827215,0.0051056058752947725,0.00010001343648349988,-4.69962013615864,5.76819561699567,-0.020932281336707628,0.1452147596342146,-1.5707923022700514,0.6836669555828898,0.7904035677920934,-0.7893194330858407,-0.9668800690266935,0,zero,0,-0.14521475963421437,-0.14995403283102382,2.4570013284224297,1.2849195224775047,1.4008898610478755,-0.4605178976848115,0.30915076685303233,2.457933177625488,1.2243421666099956,1.565855546812383,-0.20617554026232535,0.0102991943063435,-0.0023351993005660296,0.0020800151683188516,-0.0017837171287478069,0.02096791439129052,-0.6764942036385805,3.0503705504344794,9.814206199905417,0.08553600000010672,-0.28630274534225464,-4.02452484493665e-06,6.582848288694265e-07,0.0,0.0,0.0,1,0.014986627530940363,1.789067444491404,-9.0,-9.0,0.014986627530940363,-0.10232772072563398,-6.925009915782284,-3.5646358993192577,0.004385796397782916,-0.0007905388407222389,-0.003836482098117453,-0.02488972451069054,0.04440448245959547,0.10221580083200417,0.0,0.0,0.0,0.0,0.0,0.028101682975699163,11.927116296609361,-30.0,-30.0,44.07104370056864,1.891395165217038,-2.074990084217716,-5.435364100680742,0.028101682975699163,11.927116296609361,-66.76088589731194,-94.1006934690896,115.9922984081913,4.9199999999999395
0.0,0.0,0.0,0.0,0.0,0.0,0.0,0.0,0.0,0.0,0.0,0.0,0,0.0,-1.5707963267948966,nan,-0.25315324154580293,-0.2061395758695524,-0.09545703119572144,-0.004752780154036351,-1.570791643547258,-0.2487575633318829,-0.20301922108473797,0.6845068862196784,-0.10164539904178566,0.49034367750537416,0.38198921983344514,0.3036766838717869,-0.047975302741776193,0.008206978587863319,0.0043956782139200345,0.0031203547848144275,-0.006188367846064219,0.008577650623434095,0.006644574568111691,0.005418658084912482,-0.0002527124557975746,0.6056639870711024,-0.7437681188286319,-0.031052305862618427,0.1710424923460383,-1.5707922787784285,0.6833983316145834,0.8286296761385954,-0.7893194330928961,-0.9668800690168106,0,zero,0,-0.17104249234603852,-0.17579527250007487,2.457092341251116,1.2848988865823492,1.4009082419093826,-0.46053366019366754,0.3286699025867593,2.4582019062048697,1.2257821860504874,1.5636130108128181,-0.18115032564003125,0.007950623224480662,-0.0018026934185944902,0.0016057000589184104,-0.0013769681790537225,0.031043880195537263,0.6993222475123475,-2.513809727096427,-2.7736643240031578,0.06860800000009752,-0.3407599627971649,-4.048016467805837e-06,6.352311707757963e-07,0.0,0.0,0.0,1,-0.09700054084035208,0.5527093438934402,-9.0,-9.0,-0.09700054084035208,0.32843422663696664,-8.078162383556347,-5.681957145496061,0.00459790567349844,-0.0007905388407293052,-0.0038364820980782382,0.01378421927010262,-0.01901947112722637,-0.006160972985521011,0.0,0.0,0.0,0.0,0.0,-0.18188738203703747,3.6847289592896013,-30.0,-30.0,42.58650385419273,0.22427511725647353,-0.9218376164436535,-3.318042854503939,-0.18188738203703747,3.6847289592896013,-35.53559244611327,-59.14791076059655,69.10039065275194,4.929999999999939
0.0,0.0,0.0,0.0,0.0,0.0,0.0,0.0,0.0,0.0,0.0,0.0,0,0.0,-1.5707963267948966,nan,-0.2524407033102436,-0.20542817008658693,-0.09670265514899859,-0.004763013959848017,-1.5707916432154565,-0.24876962288154622,-0.20300048408812457,0.6844379285451142,-0.10164176721328305,0.1601709089143902,-0.07245977852226582,-0.06926687863520742,0.12492557817797567,0.006615536169098873,0.0036710804286973764,0.0024276859984623533,-0.004939112064284462,0.005084534932469606,0.003939678418538928,0.0031450930854323537,0.0006631884513227824,5.849337914903777,-7.187828324654072,-0.029935864427386206,0.10951887048410769,-1.5707920278982848,0.6830858312402863,0.6788074316069052,0.7893294864366405,-0.04435280572038108,0,zero,0,-0.10951887048410747,-0.11428188444395548,2.457161298870647,1.2848832513996244,1.4009221685225068,-0.4605456029615634,0.21108672879622425,2.4585140768057534,1.240343781903504,1.5077196118176075,-0.28400575242242043,0.005889449459143546,-0.0013353508875194433,0.0011894274293398563,-0.001019993561311735,0.029881002152001016,1.9025975994498847,-7.319347709466611,-14.683876591395318,0.05331200000008767,-0.14407555758953094,-4.298896612020542e-06,3.8468282825832034e-07,0.0,0.0,0.0,0,-0.16359552192946786,-1.3794230568922905,2.7580507580393965,0.8434806158352975,-0.16359552192946786,0.22581022894758546,-4.681359013954363,-5.0222129707505605,0.003766571039963894,0.000790548909604308,-0.0001759874369101569,0.04091423870848282,-0.06806748785678587,-0.10884973716033676,0.0,0.0,0.0,0.0,0.0,-0.3067607761662626,-9.19615371261527,9.193502526797989,2.811602052784325,13.307476849249214,-1.605233285839876,7.439409771993759,5.865693586585858,-0.3067607761662626,-9.19615371261527,9.193502526797989,2.811602052784325,13.307476849249214,4.939999999999939
0.0,0.0,0.0,0.0,0.0,0.0,0.0,0.0,0.0,0.0,0.0,0.0,0,0.0,-1.5707963267948966,nan,-0.24711707602672373,-0.20100341030458835,-0.0969027820455804,-0.004770406923278792,-1.5707916429757776,-0.2487783338755722,-0.2029869479125949,0.6843881131023861,-0.10163914355608342,0.692342639157142,-0.5332338277545839,-0.4411223606468895,0.02027505537814389,0.005396973174003315,-0.001661257848848463,-0.0019835376080065414,-0.004736361510503023,0.0013787731027677245,-0.0009267995791391332,-0.0008425957181451686,0.0005762727347243587,8.153935385438192,-10.024401867439291,-0.01573013413536855,-0.010211857535552538,-1.5707916388935053,0.6828604162606141,-0.12147121741974434,0.7893193833237462,0.9670133075823494,0,zero,0,0.01021185753555276,0.005441450612273968,2.4572111142736146,1.284871956448708,1.4009322291923716,-0.4605542304895919,0.03149817305798313,2.4587387871544895,1.263147113184077,1.4231417443969332,-0.46551101786300764,0.004123487887177305,-0.0009349436221528632,0.0008327755644366411,-0.0007141467337898532,0.01564942713465948,2.397552388551851,-8.628686383817481,-19.15302616997634,0.03974400000007717,-0.09353279322385788,-4.6879013915201995e-06,-4.082272297978307e-09,0.0,0.0,0.0,1,-0.1630904978935787,-3.8174177132077896,9.0,9.0,-0.1630904978935787,-0.455230698785889,1.0403249425283407,-1.5971854691671514,-0.0006740202720516481,0.0007905387908832676,0.003837010775199469,0.05541354188811576,-0.08831512194435295,-0.16031817638929613,0.0,0.0,0.0,0.0,0.0,-0.3058137969127671,-25.449451421385266,30.0,30.0,49.47492394868163,-3.3621870144219006,7.959675057471659,10.597185469167151,-0.3058137969127671,-25.449451421385266,51.00447990386979,66.3197236732953,87.45016191005215,4.949999999999939
0.0,0.0,0.0,0.0,0.0,0.0,0.0,0.0,0.0,0.0,0.0,0.0,0,0.0,-1.5707963267948966,nan,-0.23978864731861732,-0.1950253962798808,-0.09461650603242489,-0.004775403000129241,-1.570791642813813,-0.24878422023537086,-0.20297780010968783,0.6843544484180044,-0.10163737051865254,0.972823187095913,-0.7334315067905078,-0.5968866221800484,-0.22845029757246338,0.013908759718498698,-0.008995572916753541,-0.007952403829807025,-0.007020864486227657,0.007215571017911297,-0.005497679514910689,-0.004532951832018392,-0.0011368081432035718,6.593631267258552,-8.10688910971401,0.004373576004207009,-0.12891855104482786,-1.5707912639053525,0.6828172632879215,-0.6772172202227056,0.7893194330938861,0.966880059795956,0,zero,0,0.12891855104482808,0.12414314804469839,2.4572447789311247,1.284864323455065,1.4009390280735436,-0.460560060870537,0.1818189863544188,2.458781163318505,1.2842308605945623,1.3509200880464376,-0.6353556205547912,0.00266061933373485,-0.00060325849016979,0.0005373360679176908,-0.0004607925763413738,-0.004440460717766976,1.758155377559649,-5.803364571703262,-14.494975880446257,0.028000000000065996,-0.2823868989944458,-5.0628895440496535e-06,-3.789084601635295e-07,0.0,0.0,0.0,1,-0.1048043704423327,-4.5,9.0,9.0,-0.1048043704423327,-1.4152026266596067,5.174907813820018,2.0567690461371697,-0.0037577472648131593,0.0007905388407302967,0.003836482061490822,0.04685306186957644,-0.06882628331128755,-0.1357540719341729,0.0,0.0,0.0,0.0,0.0,-0.19652047710919315,-30.0,30.0,30.0,51.961895849727455,-3.0847973733403933,3.8250921861799823,6.94323095386283,-0.19652047710919315,-34.41904579230854,66.11105932881118,95.7109882831102,121.30941751264905,4.959999999999939
0.0,0.0,0.0,0.0,0.0,0.0,0.0,0.0,0.0,0.0,0.0,0.0,0,0.0,-1.5707963267948966,nan,-0.2337557477694728,-0.19017732532654352,-0.09251636520720719,-0.004778457890839416,-1.5707916427147812,-0.24878781932717042,-0.2029722065272959,0.6843338638804275,-0.10163628638046654,0.8018412679926736,-0.6036498640944077,-0.48424773709453417,-0.20990566870316973,0.021745002241056962,-0.015032071557697618,-0.012794881200752367,-0.009119921173259354,0.01012345578637782,-0.007675866717509038,-0.006239243404165932,-0.0021534318975429644,2.33355838780014,-2.868245004535043,0.022727206052111697,-0.1954590085308341,-1.5707910937524563,0.6829680234589954,-0.8134454937839632,0.7893194330944273,0.9668800690167766,0,zero,0,0.1954590085308343,0.19068055063999445,2.4572653634522696,1.2848596562007195,1.4009431853032202,-0.46056362590308825,0.2700967402753672,2.458629973559026,1.2925624435200307,1.3248751825159188,-0.7196093997850419,0.0015087905723162563,-0.00034209731211726403,0.0003047138623553633,-0.00026130739041170525,-0.022746568106624305,0.1132617567709554,-0.21679952594924412,-3.8011482404239105,0.01817600000005416,-0.5410520434379578,-5.2330424402668996e-06,-5.489623249310682e-07,0.0,0.0,0.0,1,-0.021648289278583425,-4.140695822421358,9.0,9.0,-0.021648289278583425,-2.2457830115820476,7.294386780723458,4.709328218634919,-0.004513651584843135,0.0007905388407308387,0.0038364820980781034,0.015487625510415519,-0.02025329762316725,-0.056596256049639804,0.0,0.0,0.0,0.0,0.0,-0.04059307946481047,-27.604638816142383,30.0,30.0,50.61637810005547,-1.89491281083931,1.7056132192765423,4.290671781365081,-0.04059307946481047,-27.604638816142383,47.53287463834556,79.26834519505775,96.46171496150835,4.9699999999999385
0.0,0.0,0.0,0.0,0.0,0.0,0.0,0.0,0.0,0.0,0.0,0.0,0,0.0,-1.5707963267948966,nan,-0.23161651732507657,-0.1885499458900124,-0.09358085559559418,-0.0047800391383634455,-1.5707916426635231,-0.24878968220909756,-0.20296931119734704,0.6843232090805699,-0.10163572521760617,0.28909451830464217,-0.21410933263233678,-0.16244841065822802,0.10650515512473646,0.02382680449887792,-0.017173164884020986,-0.014419365307334647,-0.00805486962201199,0.008401924601980786,-0.006533077246541367,-0.005233222814810876,-0.0007243049624546258,-3.394331311731252,4.169530731614927,0.03345884436516903,-0.1792214015922129,-1.570791270496932,0.6832616948516375,-0.8303324420670181,-0.5449976562649128,0.9668800690167924,0,zero,0,0.1792214015922129,0.17444136245384945,2.457276018243622,1.2848572403747263,1.4009453371344187,-0.4605654712060579,0.2222521375212302,2.458336505240108,1.2824315372595319,1.3594788662910033,-0.6788990136595142,0.0006760143247357128,-0.0001532768614068327,0.00013652718917877375,-0.00011707889903264406,-0.03341778804962241,-1.7035579266602574,5.767210034421327,9.440126196096717,0.010368000000041646,-0.5017843246459961,-5.056297964323164e-06,-3.721665908784644e-07,0.0,0.0,0.0,0,0.07248661132512528,-1.3704442287517187,1.410608709671609,8.787405713651506,0.07248661132512528,-2.4576791147661696,5.718360325147624,6.327352162655628,-0.004607353992027676,-0.0005458396148890283,0.003836482098078166,-0.034232464518411575,0.05027820127583882,0.06045762933773348,0.0,0.0,0.0,0.0,0.0,0.13592089129031554,-9.136294858344792,4.702029032238697,29.291352378838354,31.041629458335485,1.087234886014451,-4.307751615476015,2.4600535509958776,0.13592089129031554,-9.136294858344792,4.702029032238697,29.291352378838354,31.041629458335485,4.979999999999938
0.0,0.0,0.0,0.0,0.0,0.0,0.0,0.0,0.0,0.0,0.0,0.0,0,0.0,-1.5707963267948966,nan,-0.23541987215371632,-0.19177089196675942,-0.09686726230519804,-0.004780626226045914,-1.5707916426444914,-0.24879037385360409,-0.20296823621094734,0.6843192531523169,-0.1016355168682917,0.5970218217857045,0.38026631841332204,0.32220210631467294,0.3286615058918335,0.01808001895485769,-0.013370501699887766,-0.011197344244187918,-0.004768254563093655,0.002828564465170482,-0.0018170600578090498,-0.0013384322991368477,0.001705188746317368,-7.970154729477088,9.784051460670478,0.02902285427810607,-0.07747092108387021,-1.5707917106995115,0.6835805778422164,-0.17556833481918013,-0.7893652988088118,-0.9661496941964008,0,zero,0,0.07747092108387044,0.07269029485782408,2.457279974168717,1.2848563434236406,1.4009461360691662,-0.4605661563325971,0.07517396211559497,2.458018355750215,1.2597472482065106,1.4389428072674306,-0.5203688794146198,0.00017036926113804784,-3.8628864318297045e-05,3.440760867713218e-05,-2.950624682523672e-05,-0.02894483255018343,-2.430509710079566,8.763747273437419,18.952707978452228,0.004672000000028453,-0.315145879983902,-4.616095385046037e-06,6.805502028583987e-08,0.0,0.0,0.0,1,0.15488958670066125,1.3207620347963556,-9.0,-9.0,0.15488958670066125,-1.9318994285047675,0.17665109299980902,3.759308364296976,-0.000974194704821027,-0.0007905847773024706,-0.003833584044831326,-0.05608240230536127,0.08674311245866656,0.15017584408466841,0.0,0.0,0.0,0.0,0.0,0.29043612732169743,8.805080231975705,-30.0,-30.0,43.33144113730332,3.252661463301123,-9.176651092999808,-12.759308364296976,0.29043612732169743,8.805080231975705,-44.93134768937399,-38.699204430249644,59.950548118872526,4.989999999999938
0.0,0.0,0.0,0.0,0.0,0.0,0.0,0.0,0.0,0.0,0.0,0.0,0,0.0,-1.5707963267948966,nan,-0.24314645767865073,-0.1981418488687565,-0.09804864166435728,-0.004780710675490241,-1.5707916426417543,-0.24879047334260124,-0.20296808157966648,0.6843186841130531,-0.10163548689834867,1.0083916730908207,0.7726486035937258,0.6371111533277934,0.11814093291022676,0.008246993011236456,-0.005644015663950508,-0.004826232710909983,-0.003586845233991387,0.0055111807237075905,0.003932656975830812,0.003349191811610237,0.001920998773778453,-8.353836500280085,10.251093363159622,0.010481646589325428,0.05776525580508318,-1.5707921260190165,0.6837708356869494,0.5609569865911535,-0.7893194328297647,-0.9668815463720006,0,zero,0,-0.05776525580508318,-0.06254596648057342,2.4572805432075264,1.284856214401992,1.4009462509916852,-0.4605662548844101,0.18712707225975922,0.6746987673579999,1.2749698005,1.4161152989999999,-0.45050822999999995,0.0,-0.0,0.0,-0.0,0.0,0.0,0.0,0.0,0.0011840000000145727,-0.19663475453853607,-4.200775880036645e-06,4.833772622170329e-07,0.0,0.0,0.0,1,0.15151998325845992,2.1370642754108826,-9.0,-9.0,0.15151998325845992,-1.0272009182797355,-4.470373088732459,-0.33657513036730635,0.0031126417331023217,-0.0007905388404657672,-0.003836487960073868,-0.047154414571618807,0.08034180312390284,0.16407434350811617,0.0,0.0,0.0,0.0,0.0,0.2841177259674853,14.247095169405885,-30.0,-30.0,44.75556327037252,3.164265193690618,-4.529626911267541,-8.663424869632694,0.2841177259674853,14.247095169405885,-73.92853124400806,-92.69423662372508,119.41821334620498,4.999999999999938
