F_res_filt_x,F_res_filt_y,F_res_filt_z,F_res_lim_x,F_res_lim_y,F_res_lim_z,F_res_raw_x,F_res_raw_y,F_res_raw_z,F_res_x,F_res_y,F_res_z,actuator_limit_violation,desired_pitch_rad,desired_roll_rad,desired_yaw_rad,ee_act_x,ee_act_y,ee_act_z,ee_des_pitch_rad_fk,ee_des_roll_rad_fk,ee_des_x,ee_des_y,ee_des_yaw_rad_fk,ee_des_z,ee_dot_norm,ee_dot_x,ee_dot_y,ee_dot_z,ee_err_norm,ee_err_x,ee_err_y,ee_err_z,ee_hf_norm,ee_hf_x,ee_hf_y,ee_hf_z,ee_omega_world_x,ee_omega_world_y,ee_omega_world_z,ee_pitch_rad,ee_roll_rad,ee_yaw_rad,hys_z_q2,hys_z_q3,hys_z_q4,joint_limit_violation,mode,ncon,pitch_error_rad,pitch_error_rad_vs_qdes_fk,q_des_1,q_des_2,q_des_3,q_des_4,q_err_norm,q_jnt_1,q_jnt_2,q_jnt_3,q_jnt_4,qdot_des_1,qdot_des_2,qdot_des_3,qdot_des_4,qdot_jnt_1,qdot_jnt_2,qdot_jnt_3,qdot_jnt_4,residual_gate,reward_step,roll_error_rad,roll_error_rad_vs_qdes_fk,sac_action_x,sac_action_y,sac_action_z,saturation_flag,tau_act_ideal_1,tau_act_ideal_2,tau_act_ideal_3,tau_act_ideal_4,tau_act_out_1,tau_act_out_2,tau_act_out_3,tau_act_out_4,tau_hys_q2,tau_hys_q3,tau_hys_q4,tau_loss_q2,tau_loss_q3,tau_loss_q4,tau_res_norm,tau_residual_1,tau_residual_2,tau_residual_3,tau_residual_4,tau_total_1,tau_total_2,tau_total_3,tau_total_4,tau_total_norm,tau_trans_err_q2,tau_trans_err_q3,tau_trans_err_q4,tau_vsd_1,tau_vsd_2,tau_vsd_3,tau_vsd_4,tau_vsd_norm,time
0.0,0.0,0.0,0.0,0.0,0.0,0.0,0.0,0.0,0.0,0.0,0.0,0,0.0,-1.5707963267948966,nan,0.2499067620348826,-0.19990741430257677,-0.10041104535840381,-0.00013218981248996897,-1.5708031070913941,0.25000022419949197,-0.2000002089585881,2.4668540196909077,-0.1000002979931984,0.04530548647540122,0.013325990084001038,-0.010580523691319788,0.041988779590163006,0.00043134605877522296,9.346216460937029e-05,-9.279465601133574e-05,0.00041074736520541055,0.0002870559836637156,6.219802650674869e-05,-6.175380699131632e-05,0.00027334778319548965,0.0505616821376032,0.06320661892413357,-0.00039491187766132666,-0.0004917712001664132,-1.5708031126153779,2.4668979895917595,-0.3569588910945416,-0.10880646221032743,0.001398366735056335,0,zero,0,0.0004917712001661911,0.00035958138767622216,0.6747452481444709,1.2749748210457625,1.4161908084926071,-0.45055462462244206,0.0017137514379986024,0.6747012832557734,1.2764755804080399,1.4154945432228347,-0.4501097121698744,0.00016914512485574588,4.0510970149375334e-05,-3.73112186439833e-05,2.7599378480723773e-05,0.000395908174821531,0.23584469592951396,-0.09586410160787531,0.059038886844730486,1.0,-0.0022556339390575886,6.7858204815252066e-06,5.523983936939203e-09,0.0,0.0,0.0,0,0.001937859402758037,-1.0471360525969733,-0.41787250569010187,0.011124880438366014,0.001937859402758037,-0.31614722593790423,-0.11269525822571448,-0.00905232678384621,-0.0017149574779304448,-0.00018252592199069105,2.1664917765039826e-06,0.008236896114926557,-0.00600013925313122,0.00905232678384621,0.0,0.0,0.0,0.0,0.0,0.0036337134872642734,-6.9809070173131555,-1.3929083523003396,0.03708293479455338,7.1186125621645395,-0.7309888266590691,-0.3051772474643874,0.020177207222212223,0.0036337134872642734,-6.9809070173131555,-1.3929083523003396,0.03708293479455338,7.1186125621645395,0.01
0.0,0.0,0.0,0.0,0.0,0.0,0.0,0.0,0.0,0.0,0.0,0.0,0,0.0,-1.5707963267948966,nan,0.24957380882942332,-0.1996428423848398,-0.10129145961874972,-0.00013162328272042778,-1.5708031070738608,0.24999955556479897,-0.2000012843279511,2.4668500921862995,-0.10000051239718813,0.09776161333787106,0.03322845707662836,-0.026564728709996266,0.08801998563561786,0.0014058042673580193,0.0004257467353756539,-0.0003584419431112984,0.0012909472215615891,0.0008400673372633192,0.00026252376182585454,-0.00021788177080788774,0.0007676730681501757,0.09280307022114953,0.11601133998440266,-0.0004101817518507645,-0.0017126671338423272,-1.5708031257408217,2.466893651637845,-0.6708653584902724,-0.15927790124487098,-0.008299930606232377,0,zero,0,0.0017126671338423272,0.0015810438511216773,0.6747491756454734,1.2749757616988024,1.416189942136874,-0.4505539837728359,0.005088778228233591,0.674705635841902,1.2795753644904917,1.4143793539666252,-0.44934601325246354,0.0006711570303142074,0.00016074493689244887,-0.0001480485276998467,0.00010951256747977838,0.00041193352429615425,0.33986111421062176,-0.10665563500495534,0.0846422261876467,1.0,-0.00806895550340414,6.798945925368116e-06,1.8666960865942883e-08,0.0,0.0,0.0,0,0.0007140439965709668,-1.418379957978174,-0.17443940413093878,-0.08250994865937664,0.0007140439965709668,-0.7617031094978248,-0.17451789553446218,-0.017250492673584555,-0.0032230757992876735,-0.00026719319043076923,-1.2859095509899799e-05,0.0102948143073151,-0.0062217573927314425,0.00964042561392717,0.0,0.0,0.0,0.0,0.0,0.0013389161758315523,-9.45586638652116,-0.5814646804364626,-0.2750331621979221,9.47771888838981,-0.6566768484803491,7.849140352339523e-05,-0.06525945598579208,0.0013389161758315523,-9.45586638652116,-0.5814646804364626,-0.2750331621979221,9.47771888838981,0.02
0.0,0.0,0.0,0.0,0.0,0.0,0.0,0.0,0.0,0.0,0.0,0.0,0,0.0,-1.5707963267948966,nan,0.24902163225893062,-0.19920263514609865,-0.1022927076255688,-0.00013009740537417436,-1.5708031070266362,0.2499977546569694,-0.20000418068995993,2.466839513941982,-0.10000108986762299,0.12249880380791377,0.05503756626631384,-0.04431036007499778,0.10006705363842239,0.0026166394752371726,0.0009761223980387923,-0.0008015455438612762,0.002291617757945813,0.0013678582178511982,0.0005409754863158609,-0.0004398783810813586,0.0011768129151252618,0.14173972188556636,0.17718531310941346,-0.00029473576080887273,-0.003649297785361938,-1.5708031441021983,2.4668899610864328,-0.8102168084794074,-0.149962083316408,-0.02968802675428107,0,zero,0,0.003649297785361938,0.0035192003799879856,0.6747597538800783,1.274978295230565,1.4161876087156504,-0.450552257724268,0.008484523658276346,0.6747093484056201,1.2828749868779834,1.413847786440416,-0.4485145890215821,0.0014979496185693426,0.0003587652457313457,-0.0003304282389680327,0.00024442015992603815,0.00029724347827391774,0.30688294082084183,-0.0030157838664478243,0.07696457174859563,1.0,-0.016650572419166565,6.817307301787423e-06,3.7075562175914456e-08,0.0,0.0,0.0,0,0.003363844702473865,-1.6108754976526218,-0.1252964112051234,-0.13045393285601214,0.003363844702473865,-1.1410327924957668,-0.1663688245272017,-0.043405661348263985,-0.0038925697303297847,-0.00025156564201178643,-4.599570642760533e-05,0.010191157886874438,-0.005671398148465349,0.009638788885118925,0.0,0.0,0.0,0.0,0.0,0.0063076030423286425,-10.739169984350813,-0.41765470401707794,-0.4348464428533738,10.75608379566129,-0.469842705156855,0.04107241332207831,-0.08704827150774816,0.0063076030423286425,-10.739169984350813,-0.41765470401707794,-0.4348464428533738,10.75608379566129,0.03
0.0,0.0,0.0,0.0,0.0,0.0,0.0,0.0,0.0,0.0,0.0,0.0,0,0.0,-1.5707963267948966,nan,0.24819757668784184,-0.19854507854456535,-0.10314265522010421,-0.000127149487064937,-1.5708031069353983,0.2499942752961467,-0.2000097762686939,2.4668190773058636,-0.10000220551147443,0.1354116616672959,0.08205762102660719,-0.06631521802672735,0.08488319506839703,0.0039033177790931753,0.0017966986083048642,-0.0014646977241285497,0.0031404497086297833,0.0017824340998596334,0.0009060974445462536,-0.000734054516918794,0.0013480440302602458,0.20690905135916315,0.2586507469913263,-0.00047258966528733904,-0.006524169870386398,-1.5708031662663526,2.466885921009914,-0.8612832054314853,-0.18742877541888459,-0.05156223943972393,0,zero,0,0.006524169870386398,0.006397020383321461,0.6747801904974348,1.274983189886538,1.4161831006631767,-0.45054892308522493,0.010655559033435508,0.6747134187107476,1.285251363752142,1.4147989641163083,-0.4480619065334343,0.0026415022662912707,0.0006326509235811288,-0.0005826811070684133,0.0004310134322064431,0.0004759436193358017,0.1838890793977854,0.16278949992209257,0.01545122136805581,1.0,-0.027361616492271423,6.839471455855062e-06,5.933095437171687e-08,0.0,0.0,0.0,0,0.008658029703267456,-1.6009011238899844,-0.36280456360258867,-0.12900184021625605,0.008658029703267456,-1.3754915160741064,-0.2267208181623035,-0.06966662265198503,-0.004137910864866018,-0.00031441707915093813,-7.988545845935819e-05,0.008506547535552363,0.006314823487919378,0.008707373773580437,0.0,0.0,0.0,0.0,0.0,0.016234820369899598,-10.672674159266563,-1.2093485453419623,-0.43000613405418686,10.749589129762757,-0.22540960781587804,-0.13608374544028518,-0.059335217564271014,0.016234820369899598,-10.672674159266563,-1.2093485453419623,-0.43000613405418686,10.749589129762757,0.04
0.0,0.0,0.0,0.0,0.0,0.0,0.0,0.0,0.0,0.0,0.0,0.0,0,0.0,-1.5707963267948966,nan,0.24713255353640132,-0.1976969955785022,-0.10369084605231874,-0.0001223283566809119,-1.57080310678618,0.24998858474903196,-0.20001892734346155,2.466785654504783,-0.10000403007510486,0.14681797801336313,0.105933260432578,-0.08572340408307955,0.0546366268584092,0.0052096922613996295,0.002856031212630644,-0.002321931764959345,0.0036868159772138753,0.002102766204111562,0.0013079717422321189,-0.0010589847593244365,0.0012607088919312772,0.2658490674224051,0.33232448548504595,-0.0013240745430121341,-0.01042894326907784,-1.57080318949405,2.466876351119599,-0.8736083104316406,-0.3129955310812734,-0.05810288976564234,0,zero,0,0.010428943269078061,0.010306614912396928,0.6748136132678312,1.2749911947808854,1.4161757280339329,-0.450543469498012,0.011471428795627663,0.674723026395042,1.2862232245477163,1.417293967435308,-0.44849981576269615,0.004093859824626275,0.0009804966787698,-0.0009030523294402904,0.0006679943441659992,0.0013280474672955958,0.04165812456034842,0.2960011421697931,-0.08791714689621496,1.0,-0.03988209366798401,6.862699153398211e-06,8.270786988617829e-08,0.0,0.0,0.0,0,0.014426348832254176,-1.4446044667303777,-0.7768267396713877,-0.042146655619697514,0.014426348832254176,-1.4487182351187968,-0.4085394230498589,-0.05990879341347402,-0.004197125053148265,-0.0005250588680949955,-9.001889827085332e-05,0.006301092694021241,0.0073108807291427606,-0.009288029914835776,0.0,0.0,0.0,0.0,0.0,0.027051094753898698,-9.630696444869185,-2.5894224655712925,-0.1404888520656584,9.97376015340771,0.004113768388419148,-0.3682873166215288,0.017762137793776507,0.027051094753898698,-9.630696444869185,-2.5894224655712925,-0.1404888520656584,9.97376015340771,0.05
0.0,0.0,0.0,0.0,0.0,0.0,0.0,0.0,0.0,0.0,0.0,0.0,0,0.0,-1.5707963267948966,nan,0.24599280412920443,-0.1967945218810721,-0.10391669549810212,-0.00011519427093875656,-1.570803106565362,0.24998016351044142,-0.20003246837641794,2.466736196989772,-0.10000672998001872,0.14726785558829497,0.11313281686063381,-0.0916014730386494,0.022314954086952166,0.006455320495100312,0.003987359381236982,-0.0032379464953458392,0.003909965518083397,0.0023103720093698038,0.001623326841897572,-0.0013143400982127463,0.0009874912112441442,0.2990480650252487,0.37380862982258406,-0.003027453598241696,-0.015056920397946705,-1.5708032091850428,2.4668533578288985,-0.8100078934002685,-0.46326552973940255,-0.034312111658272866,0,zero,0,0.015056920397946705,0.014941726127007726,0.6748630707374398,1.2750030400532615,1.416164818358211,-0.45053539953191873,0.011805963847177916,0.6747460607907189,1.2860104044521707,1.4204195108998063,-0.4502150693907238,0.0058471326191967985,0.0014004129010382988,-0.001289801546342395,0.000954075539107778,0.0030315194261616757,-0.05340098604602124,0.30247677375400267,-0.2296335398539071,1.0,-0.05339094623923302,6.882390146234485e-06,1.0261968075298e-07,0.0,0.0,0.0,0,0.018567965059573182,-1.241280697903917,-1.139672406609573,0.11803795972117198,0.018567965059573182,-1.384550139433847,-0.684087899288309,-0.028676708145000566,-0.0038915660279815307,-0.0007771410468133434,-5.315980842403251e-05,-0.005870593033567016,0.007558983462537109,-0.011898430352015554,0.0,0.0,0.0,0.0,0.0,0.034817110556109476,-8.27520465269278,-3.7989080220319096,0.39345986573723996,9.114095517435622,0.14326944152993004,-0.4555845073212639,0.14671466786617254,0.034817110556109476,-8.27520465269278,-3.7989080220319096,0.39345986573723996,9.114095517435622,0.060000000000000005
0.0,0.0,0.0,0.0,0.0,0.0,0.0,0.0,0.0,0.0,0.0,0.0,0,0.0,-1.5707963267948966,nan,0.24504184596359657,-0.19605146620200808,-0.10389814264243014,-0.00010531881993425252,-1.5708031062596697,0.24996850506024756,-0.2000512121282566,2.4666677347813075,-0.10001046735861585,0.12095946357537565,0.09392997154140104,-0.07617994309026821,-0.0022290234269112252,0.007442039803812937,0.004926659096650993,-0.003999745926248521,0.0038876752838142847,0.002286903066133851,0.0017053993474765283,-0.0013816476646281712,0.0006423304681755036,0.2688100241357342,0.3359822844259652,-0.005382928478909754,-0.019658345464721894,-1.5708032201449882,2.466809317340602,-0.6714814306905635,-0.560175687447712,0.0301155159807521,0,zero,0,0.019658345464721894,0.019553026644787863,0.6749315328830613,1.2750194370256247,1.4161497164976855,-0.4505242285763844,0.012495711250619181,0.6747901380820953,1.2852926824859499,1.4227294603161447,-0.4532242667547196,0.007893496450101452,0.0018905256615405041,-0.0017412028408528887,0.0012879803437929175,0.005386180808525377,-0.07428043328908261,0.16719160033841765,-0.3373711797267679,1.0,-0.06521446257829666,6.893350091630168e-06,1.1388531850897721e-07,0.0,0.0,0.0,0,0.019895986450252017,-1.0932705127775268,-1.2094467027950744,0.3509885662184708,0.019895986450252017,-1.2716588079013937,-0.9213010016949157,0.04682535419328318,-0.0032260356292658394,-0.0009397105810729871,4.6658016156859744e-05,-0.00641427413443252,0.006818458417962061,-0.014239263769114554,0.0,0.0,0.0,0.0,0.0,0.03730730630086634,-7.288470085183513,-4.031489009316915,1.1699618873949027,8.410998898342463,0.1783882951238669,-0.2881457011001587,0.3041632120251876,0.03730730630086634,-7.288470085183513,-4.031489009316915,1.1699618873949027,8.410998898342463,0.07
0.0,0.0,0.0,0.0,0.0,0.0,0.0,0.0,0.0,0.0,0.0,0.0,0,0.0,-1.5707963267948966,nan,0.2445670303839329,-0.19569931117835712,-0.10375325825186615,-9.228483269985155e-05,-1.5708031058561653,0.24995311559823988,-0.20007594976316867,2.466577375814565,-0.1000154000899452,0.06128340751586464,0.04594261176559811,-0.03768926585630272,-0.01498171218933253,0.00788266851240597,0.005386085214306974,-0.0043766385848115485,0.0037378581619209594,0.0018848146056486999,0.0014406671643607209,-0.0011702889409011897,0.000327762130216222,0.13539455731242797,0.16920528484401315,-0.007934005125517027,-0.022832085582324524,-1.5708032197466386,2.4667402140903154,-0.5429776686772818,-0.5821231714310241,0.12364900707332006,0,zero,0,0.022832085582324524,0.02273980074962445,0.6750218917668699,1.2750410783590524,1.416129784500987,-0.4505094847341634,0.01340385734107475,0.6748592629432978,1.2847267068343584,1.42321356915879,-0.45647987328482287,0.010225192591914995,0.00244897671284323,-0.0022555447388693606,0.0016684427684406195,0.00793527771687731,-0.04008565637814634,-0.031419015075000445,-0.28821206597751375,1.0,-0.07084090262651443,6.892951741832576e-06,1.1389047305243594e-07,0.0,0.0,0.0,0,0.01928041071248889,-1.0504595937721544,-0.9254898585794638,0.5486083660428327,0.01928041071248889,-1.1689789505511141,-0.9850127271799384,0.16615271580640426,-0.0026086578496253713,-0.0009765281070549112,0.00019156960065017464,-0.006011505089070039,0.005454007745777011,-0.014100487035732499,0.0,0.0,0.0,0.0,0.0,0.036153029650269806,-7.00306395848103,-3.0849661952648795,1.828694553476109,7.867995427297168,0.11851935677895975,0.05952286860047462,0.38245565023642847,0.036153029650269806,-7.00306395848103,-3.0849661952648795,1.828694553476109,7.867995427297168,0.08
0.0,0.0,0.0,0.0,0.0,0.0,0.0,0.0,0.0,0.0,0.0,0.0,0,0.0,-1.5707963267948966,nan,0.24476879963964168,-0.19589836409361064,-0.10359075708405258,-7.568628275111955e-05,-1.570803105342243,0.2499335137593545,-0.20010745094419694,2.466462305284677,-0.10002168183546156,0.032490985980091716,-0.022137109459416382,0.016755173422525194,-0.016878291332994566,0.007558371662219603,0.00516471411971281,-0.004209086850586297,0.0035690752485910138,0.0010558938622333967,0.0008114279140000952,-0.0006673104097342959,0.00010579889292360121,-0.10536807064554587,-0.13165280880899483,-0.010263235788745087,-0.022801933322963652,-1.5708032101946454,2.4666465810431712,-0.47710053996048996,-0.4039653600114096,0.20348749173526257,0,zero,0,0.022801933322963652,0.022726247040212755,0.6751369621911578,1.2750686382105552,1.416104401459272,-0.45049070871449054,0.013376192566752267,0.6749528913355157,1.2845897792182854,1.4219826992508724,-0.45781751801234494,0.012834527793688369,0.003073923488926233,-0.002831130209108832,0.0020942075067281545,0.010261555572456935,0.0018916902170397418,-0.169748719600771,0.0007695172546192119,1.0,-0.06671419739723206,6.88339974885821e-06,1.0485240231616899e-07,0.0,0.0,0.0,0,0.01913609318317539,-1.0931137311036885,-0.45853905615882373,0.5141514123205061,0.01913609318317539,-1.1172494624039768,-0.8254390833478404,0.27366513262838965,-0.002292160691728479,-0.0006776633325863751,0.00031526349019458624,-0.0053190079189350346,-0.006467029886474805,-0.009515156106048328,0.0,0.0,0.0,0.0,0.0,0.035882417369539454,-7.28742487402459,-1.5284635205294126,1.7138380410683538,7.640765040690021,0.024135731300288343,0.3669000271890167,0.24048627969211644,0.035882417369539454,-7.28742487402459,-1.5284635205294126,1.7138380410683538,7.640765040690021,0.09
0.0,0.0,0.0,0.0,0.0,0.0,0.0,0.0,0.0,0.0,0.0,0.0,0,0.0,-1.5707963267948966,nan,0.24563842061739002,-0.1966409128267701,-0.10345511218040901,-5.51281936453929e-05,-1.5708031047056241,0.24990923031161305,-0.20014646392005137,2.4663197849919882,-0.10002946207477828,0.11465593989628967,-0.08939044254897832,0.07035357573050294,-0.014342514296028508,0.00650106011032683,0.004270809694223027,-0.0035055510932812672,0.0034256501056307287,6.496747720086661e-05,-5.488719707338625e-05,2.410756414467606e-05,-2.503984908666006e-05,-0.36848050339544536,-0.46029590083029703,-0.012341469256174529,-0.018555142164401905,-1.5708031971695362,2.466531039072739,-0.47249908536767854,-0.11191872664782665,0.2162056286487077,0,zero,0,0.018555142164402127,0.018500013970756513,0.6752794823530803,1.2751027723898891,1.416072963361797,-0.45046745372624664,0.011491216414279347,0.6750683982992908,1.2846896592202357,1.420097572334919,-0.4553559731051212,0.015713874278948662,0.0037635391051822047,-0.003466276663107752,0.0025640299357908565,0.012336879122418067,0.009515180484013723,-0.18320767668773313,0.41592626296502644,1.0,-0.05390128865838051,6.870374639866839e-06,9.24639120825077e-08,0.0,0.0,0.0,0,0.02175506631198769,-1.1539186974225735,-0.10737141309708224,0.09757009992147425,0.02175506631198769,-1.1254830476700552,-0.5570492101657476,0.2698681434724679,-0.0022700536671937986,-0.000187746833730614,0.00033496771966792294,0.005432582843254026,-0.006734430844867262,0.014374039021903371,0.0,0.0,0.0,0.0,0.0,0.040793298916159175,-7.6927913161504895,-0.3579047103236075,0.3252336664049142,7.708085044063269,-0.02843564975251822,0.44967779706866534,-0.17229804355099365,0.040793298916159175,-7.6927913161504895,-0.3579047103236075,0.3252336664049142,7.708085044063269,0.09999999999999999
0.0,0.0,0.0,0.0,0.0,0.0,0.0,0.0,0.0,0.0,0.0,0.0,0,0.0,-1.5707963267948966,nan,0.24692213091031928,-0.19772385242404167,-0.10331889496608498,-3.022654452689011e-05,-1.5708031039343464,0.24987980783903996,-0.2001937156044025,2.466147152687309,-0.1000388861414242,0.16787431297038616,-0.13131327655023506,0.1035687912920441,-0.014564128096994367,0.005060289995073532,0.002957676928720676,-0.002469863180360826,0.003280008824660785,0.0011572192732853565,-0.0009104020033098648,0.0007052820512956515,-0.00011358638541951894,-0.5311674066638435,-0.6633358385761635,-0.014478857809544655,-0.010870533847455066,-1.5708031861670688,2.4663945343196136,-0.4837318695430288,0.10919908759309832,0.10156100778366,0,zero,0,0.010870533847454844,0.010840307302927954,0.6754521144994002,1.275144118516373,1.4160348829514877,-0.4504392853711239,0.009940708702015568,0.6752048456515156,1.2846179532989137,1.418726773277776,-0.4491138689838888,0.01885566974569914,0.00451601235841678,-0.004159315955222003,0.003076676116222128,0.014472649296419185,-0.02234596742492228,-0.09945445170562808,0.7279956680218183,1.0,-0.038302354514598846,6.859372172485223e-06,8.223272240925894e-08,0.0,0.0,0.0,0,0.027352796880985082,-1.1671621879858898,-0.04597138090365642,-0.552982012095118,0.027352796880985082,-1.1297439675338452,-0.3239012638615838,0.1282143117325692,-0.002324019957710971,0.0001831845621902839,0.00015734862869710078,-0.005462563951068254,-0.0062542955464799654,0.02119298766561671,0.0,0.0,0.0,0.0,0.0,0.05128969975808191,-7.7810812532392655,-0.1532379363455214,-1.8432733736503932,7.998061933866025,-0.03741822045204457,0.27792988295792737,-0.6811963238276872,0.05128969975808191,-7.7810812532392655,-0.1532379363455214,-1.8432733736503932,7.998061933866025,0.10999999999999999
0.0,0.0,0.0,0.0,0.0,0.0,0.0,0.0,0.0,0.0,0.0,0.0,0,0.0,-1.5707963267948966,nan,0.2481751216574498,-0.1987925443819616,-0.10311681887757934,-6.081756858122844e-07,-1.5708031030167613,0.2498448004117164,-0.20024991164859607,2.46594182141717,-0.10005009525859401,0.1652143411350722,-0.12879981744540747,0.10124959137263467,-0.02132852056754564,0.0037837204240732947,0.0016696787542666014,-0.0014573672666344795,0.0030667236189853286,0.0018693686066565405,-0.0014630107605628226,0.001143162046884963,-0.00021752939247878357,-0.4614827820160683,-0.5761224788174761,-0.01709878142747179,-0.0026879060886881856,-1.5708031784375185,2.4662340421254503,-0.48098833110519074,0.18273142939025577,-0.12000129095636525,0,zero,0,0.0026879060886884076,0.0026872979130025954,0.6756574455812326,1.275193296175699,1.415989589580513,-0.45040578153679117,0.012506514577495137,0.6753652785950701,1.2840978828260066,1.4182525637162962,-0.44192552033932575,0.022252417366419204,0.005329547726848522,-0.004908594382626889,0.003630922792073433,0.01709343286148649,-0.07230534145071325,-0.02080944907649864,0.6450475313381938,1.0,-0.026389697566628456,6.851642622152099e-06,7.542075719513264e-08,0.0,0.0,0.0,0,0.034308032287067955,-1.1190190381459681,-0.2277923906132814,-1.0935213862921245,0.034308032287067955,-1.1275146432845713,-0.23291838866561781,-0.13842546891552662,-0.0023108390232186742,0.0003065371481489778,-0.00018591818834731743,-0.006205851656745158,-0.005659271039890162,0.02147293910988369,0.0,0.0,0.0,0.0,0.0,0.0643315812620813,-7.460126920973121,-0.7593079687109381,-3.645071287640415,8.337908941257638,0.008495605138603146,0.005125998052336406,-0.9550959173765978,0.0643315812620813,-7.460126920973121,-0.7593079687109381,-3.645071287640415,8.337908941257638,0.11999999999999998
0.0,0.0,0.0,0.0,0.0,0.0,0.0,0.0,0.0,0.0,0.0,0.0,0,0.0,-1.5707963267948966,nan,0.24890509448132467,-0.1994551805592006,-0.10278555999468855,3.408930589610115e-05,-1.5708031019415238,0.24980377324506123,-0.2003157365086886,2.465701278869085,-0.1000632265749005,0.10340354650468103,-0.07709999905300413,0.05968113171464784,-0.034439019919726976,0.002993205524364342,0.0008986787637365601,-0.0008605559494880011,0.002722333419788059,0.0019211851047387042,-0.001486709199317053,0.0011579328369868947,-0.00037395121120728384,-0.1243842228907229,-0.1552211767560278,-0.02041200163191926,0.0017642332030700647,-1.5708031696807054,2.4660433648808433,-0.4401400393062612,0.1459116550195136,-0.3069233086725546,0,zero,0,-0.0017642332030698427,-0.0017301438971739636,0.6758979879087901,1.2752509070767504,1.4159365290658557,-0.4503665322900597,0.01426927796619205,0.6755559216476925,1.2831203975656753,1.4180464860930861,-0.4386569428379297,0.025896685788064446,0.006202365370108941,-0.005712472685317152,0.004225557390854304,0.020410178342036164,-0.11157445832873848,-0.03596224101301686,0.05137306705918923,1.0,-0.0198528915643692,6.842885809099641e-06,6.773918137525925e-08,0.0,0.0,0.0,0,0.04031602413307418,-1.036416617865438,-0.41248700449545955,-1.0527086002888817,0.04031602413307418,-1.0944712647913284,-0.26847455253718516,-0.4064834896769917,-0.0021145893002703104,0.0002447709338269111,-0.0004755167636547752,-0.0068716628522462134,-0.005611317678226629,0.012011534171444037,0.0,0.0,0.0,0.0,0.0,0.07559727007889402,-6.90944411910292,-1.374956681651532,-3.5090286676296056,7.870827215033621,0.05805464692589046,-0.1440124519582744,-0.6462251106118899,0.07559727007889402,-6.90944411910292,-1.374956681651532,-3.5090286676296056,7.870827215033621,0.12999999999999998
0.0,0.0,0.0,0.0,0.0,0.0,0.0,0.0,0.0,0.0,0.0,0.0,0,0.0,-1.5707963267948966,nan,0.24880658541861173,-0.19946903405659253,-0.10230964818024196,7.421762099157903e-05,-1.5708031006975878,0.24975630235032867,-0.20039185350763605,2.465423086716796,-0.10007841320011882,0.049765381105549567,0.005103816798038285,-0.006226350155552618,-0.049109843966491096,0.0025946035392983,0.0009497169317169429,-0.0009228194510435273,0.002231234980123148,0.0013326326156186898,-0.0009554230338583113,0.0007291557033011365,-0.0005756808794176822,0.32915417824207543,0.4105734305179003,-0.024240883665645453,-0.0006102129826872638,-1.5708031546096317,2.4658163349186446,-0.3723156750563102,0.09794404328682048,-0.35479710873679393,0,zero,0,0.0006102129826874858,0.0006844306036786207,0.6761761798061269,1.2753175352084118,1.4158751635448843,-0.4503211397700482,0.009832682284721759,0.6757829612220155,1.281901694711006,1.4171545127057437,-0.44314206396418027,0.029781109132066608,0.007132701129242485,-0.006569326046106959,0.00485937802353234,0.024243675881151054,-0.12534354169599665,-0.1291353947768915,-0.7807040486148619,1.0,-0.01653236523270607,6.827814734933213e-06,5.391204371818503e-08,0.0,0.0,0.0,0,0.044111668147871416,-0.9630786969901486,-0.37610554748130054,-0.19932972948952013,0.044111668147871416,-1.0406254872362115,-0.31544406379562917,-0.46087427772493705,-0.0017887369302686195,0.0001643039065994577,-0.0005496877172029458,-0.007160852011539372,-0.00618115938159171,-0.019837453311550714,0.0,0.0,0.0,0.0,0.0,0.08271454743647369,-6.420524646600991,-1.2536851582710018,-0.6644324316317338,6.575954331216226,0.07754679024606292,-0.06066148368567137,0.26154454823541695,0.08271454743647369,-6.420524646600991,-1.2536851582710018,-0.6644324316317338,6.575954331216226,0.13999999999999999
0.0,0.0,0.0,0.0,0.0,0.0,0.0,0.0,0.0,0.0,0.0,0.0,0,0.0,-1.5707963267948966,nan,0.24797207928461784,-0.19890855507417615,-0.10173660340581142,0.00012011791257515725,-1.5708030992741957,0.2497019741782357,-0.2004789048934224,2.4651048799655366,-0.10009578424093032,0.11732706699089328,0.0780177961900913,-0.06475303682027256,-0.05904158152420513,0.0028549645233545322,0.001729894893617856,-0.0015703498192462528,0.0016408191648810966,0.0007866165319178833,-0.00011662363777192614,5.432074869325481e-05,-0.0007760243241424622,0.6264981025947158,0.7810396196939403,-0.02818742456829931,-0.009122149921932055,-1.5708031341127666,2.4655500168183178,-0.3048279788336575,0.1317799946421289,-0.14874269337903415,0,zero,0,0.009122149921932277,0.00924226783450699,0.676494386265884,1.2753937469963872,1.4158049713309258,-0.45026921808134834,0.0068404098273523,0.676049327948155,1.2806566100772674,1.415451860367383,-0.45460173634897194,0.0338983869943336,0.008118806526706537,-0.00747754409062991,0.005531193484533207,0.02819327418436026,-0.12328613669819251,-0.18181227563830504,-1.3063588362831866,1.0,-0.018443815410137177,6.807317870283214e-06,3.483857113906197e-08,0.0,0.0,0.0,0,0.046493630428955574,-0.9270308622533417,-0.1411703733822537,1.1036098517255581,0.046493630428955574,-0.9875987639121697,-0.2742850424589994,-0.211571922884622,-0.0014645020332180153,0.00022106467330485331,-0.0002304472882128082,-0.007151514083103097,-0.006673245855046922,-0.031973886790153484,0.0,0.0,0.0,0.0,0.0,0.08718100586715839,-6.180205748355612,-0.47056791127417896,3.6786995057518608,7.2081070908062745,0.06056790165882797,0.13311466907674568,1.3151817746101802,0.08718100586715839,-6.180205748355612,-0.47056791127417896,3.6786995057518608,7.2081070908062745,0.15
0.0,0.0,0.0,0.0,0.0,0.0,0.0,0.0,0.0,0.0,0.0,0.0,0,0.0,-1.5707963267948966,nan,0.24691976395943208,-0.19818835925464512,-0.1011905582111246,0.00017212084027229402,-1.5708030976608744,0.24964038525755206,-0.20057751189385517,2.464744366297286,-0.10011546483665701,0.1404287198723023,0.09907264045021236,-0.08188028199637987,-0.05657257904135016,0.0037769903819115714,0.0027206212981199795,-0.0023891526392100515,0.001075093374467595,0.001180897102229273,0.0005817056268912525,-0.0005087542786062571,-0.0008929197129061359,0.5077637311445486,0.6326201602880174,-0.03200523077993183,-0.018632765628516346,-1.5708031169386125,2.4652448439824024,-0.25510196654858946,0.21265596398592554,0.24499497310584345,0,zero,0,0.018632765628516346,0.018804886468788418,0.6768548996040341,1.275480091460011,1.415725446768836,-0.4502103931871905,0.016962378728391972,0.6763545572135073,1.2794201653667001,1.4141726889765076,-0.4666279664081583,0.03824128444524947,0.009158948766371416,-0.008435530887339027,0.0062398232517406295,0.0320101353376907,-0.12552892683565356,-0.06379646066521127,-1.000517088856821,1.0,-0.026593225076794624,6.790143715740271e-06,1.9277738072531747e-08,0.0,0.0,0.0,0,0.04949493338417751,-0.9152750665091904,0.010356971330050823,2.029708856309676,0.04949493338417751,-0.9486798638616812,-0.17036067716963732,0.27862829373686815,-0.0012256005833775282,0.00035673640246035017,0.00037957109620262886,-0.007152617760637397,-0.006153594451997032,-0.029835679650922233,0.0,0.0,0.0,0.0,0.0,0.09280880064537317,-6.101833776727936,0.03452323776683608,6.76569618769892,9.111356960984722,0.0334047973524908,0.18071764849968813,1.7510805625728079,0.09280880064537317,-6.101833776727936,0.03452323776683608,6.76569618769892,9.111356960984722,0.16
0.0,0.0,0.0,0.0,0.0,0.0,0.0,0.0,0.0,0.0,0.0,0.0,0,0.0,-1.5707963267948966,nan,0.24640430372363117,-0.19791394107805801,-0.10086238415595081,0.0002305466748124818,-1.5708030958474248,0.24957114183039514,-0.2006882747687104,2.4643393254160224,-0.10013757619498928,0.0685692171183077,0.04462168086439844,-0.03851810514423348,-0.035028541350606845,0.004272135016805352,0.003166838106763964,-0.0027743336906523863,0.0007248079609615266,0.0012273360424112755,0.0006840708982027194,-0.0005949039762353958,-0.0008273391241161105,-0.0693512112489076,-0.08634386323604856,-0.03593006711159291,-0.021702335496370573,-1.5708031137122866,2.464901118082145,-0.21750020605643158,0.2187392577439566,0.49171093729977317,0,zero,0,0.021702335496370573,0.021932882171182833,0.6772599401146258,1.275577100369064,1.4156361000905722,-0.45014430280260875,0.020040970085273335,0.6766983028893319,1.2781217105844347,1.4151592643371196,-0.4700094137286027,0.04280263202967448,0.01025141073352039,-0.009441704947506777,0.006984097486496408,0.03592959922444295,-0.13166826828962389,0.22070211572603554,0.1997808510127979,1.0,-0.03128952533006668,6.786917389867142e-06,1.7864861590055625e-08,0.0,0.0,0.0,0,0.05443111724686419,-0.8928706236375996,-0.2536113429713503,1.7154541617126098,0.05443111724686419,-0.9192282311361661,-0.17131170861968867,0.7294553691961309,-0.0010449483515711027,0.0003669413000314013,0.0007618085265980725,-0.007261715423196079,0.00650378621128283,-0.009874921607804907,0.0,0.0,0.0,0.0,0.0,0.10206472388311305,-5.952470824250664,-0.8453711432378344,5.718180539042033,8.297865217531253,0.026357607498566527,-0.08229963435166163,0.9859987925164789,0.10206472388311305,-5.952470824250664,-0.8453711432378344,5.718180539042033,8.297865217531253,0.17
0.0,0.0,0.0,0.0,0.0,0.0,0.0,0.0,0.0,0.0,0.0,0.0,0,0.0,-1.5707963267948966,nan,0.24698489132510576,-0.19853744404222978,-0.10088260552142916,0.00029570539247170124,-1.570803093823917,0.24949385948590413,-0.2008117728598539,2.4638876083929824,-0.10016223562770624,0.08263276803409086,-0.0657869945965589,0.05000048730282591,-0.0004438067238599075,0.0034621417628915665,0.002508968160798375,-0.002274328817624127,0.0007203698937229275,0.0005574022666878214,1.743644102999639e-05,-6.315429309190638e-05,-0.0005535384292865222,-0.7949839144894464,-0.9889855577195161,-0.04058166038597919,-0.013548231224713492,-1.570803128333389,2.4645143536820986,-0.18212213757167553,-0.018179341399881588,0.5079697673673703,0,zero,0,0.01354823122471327,0.013843936617185193,0.6777116567245287,1.2756852884005863,1.4155364572707654,-0.4500705962876065,0.00988816801688695,0.6770850204857914,1.2769121748787338,1.4189916596736902,-0.45923244761138643,0.047575325766945,0.01139449099484965,-0.010494499225225037,0.007762857033600403,0.04057417628723276,-0.10636185303778292,0.4680112476837725,1.6305435775007462,1.0,-0.023499473929405212,6.801538492418047e-06,3.450947172467522e-08,0.0,0.0,0.0,0,0.06018352858101712,-0.8627123668440067,-0.9568825315409657,-0.043004922271467884,0.06018352858101712,-0.8919146239592615,-0.4083754426014291,0.7585138283067973,-0.000874979527103305,-3.049636007632254e-05,0.000786998357530089,-0.007031862912651861,0.008369667670911777,0.03418505901095012,0.0,0.0,0.0,0.0,0.0,0.11285116928748758,-5.751415778960045,-3.189608438469886,-0.14334974090489294,6.579184599010422,0.029202257115254815,-0.5485070889395366,-0.8015187505782652,0.11285116928748758,-5.751415778960045,-3.189608438469886,-0.14334974090489294,6.579184599010422,0.18000000000000002
0.0,0.0,0.0,0.0,0.0,0.0,0.0,0.0,0.0,0.0,0.0,0.0,0,0.0,-1.5707963267948966,nan,0.24860041756146303,-0.2000160950650018,-0.10117952588048082,0.00036789676952397876,-1.5708030915806794,0.24940816279388,-0.20094856463992986,2.4633871370119125,-0.1001895565863837,0.2183444415583221,-0.17012229283814018,0.13418592426960585,0.02695994003741875,0.0015817683369931336,0.0008077452324169732,-0.0009324695749280687,0.000989969294097115,0.0014196679416615151,-0.0011205410982048688,0.000850963859891343,-0.00018895825193437996,-1.1672391072968364,-1.4507745555036464,-0.04641251647598399,0.0034961832007864846,-1.5708031527447397,2.4640744586358916,-0.16694986828893643,-0.358595668637395,0.060452781444481477,0,zero,0,-0.0034961832007862625,-0.003128286431262506,0.6782121276481786,1.2758051532956927,1.415426059882291,-0.4499889345403218,0.014447835158795495,0.6775248123651528,1.276365673494783,1.4236103604167547,-0.4381158313088395,0.05255232715087358,0.012586503798468339,-0.011592361117405128,0.008574953421310537,0.04640102965041677,-0.009059196236918882,0.39857694880097494,2.2515582821092432,1.0,-0.009577317163348198,6.825949843136669e-06,6.116406048306544e-08,0.0,0.0,0.0,0,0.06358420013999176,-0.8881833068613539,-1.6253916866861369,-2.3151673895065166,0.06358420013999176,-0.8813600405645452,-0.8502007697018363,0.2333179515018855,-0.0008020865489123895,-0.0006015543903392931,9.365958913559635e-05,-0.005793637029716653,0.008464377774258753,0.05076175736456194,0.0,0.0,0.0,0.0,0.0,0.11922782700167216,-5.921222045742359,-5.41797228895379,-7.717224631688389,11.134858127947838,-0.006823266296808739,-0.7751909169843005,-2.5484853410084023,0.11922782700167216,-5.921222045742359,-5.41797228895379,-7.717224631688389,11.134858127947838,0.19000000000000003
0.0,0.0,0.0,0.0,0.0,0.0,0.0,0.0,0.0,0.0,0.0,0.0,0,0.0,-1.5707963267948966,nan,0.250452004296939,-0.20171365869889574,-0.10152910497343576,0.00044741047669139,-1.5708030891082936,0.24931368493991077,-0.20109918776015373,2.462835903114329,-0.1002196486980926,0.25064445476235847,-0.19460645894451845,0.15469405136700753,0.03194869812460366,0.0018406578253926402,-0.0011383193570282113,0.0006144709387420066,0.0013094562753431516,0.0025920814313294843,-0.002040791828901013,0.0015957785742581531,8.686541125546218e-05,-0.7825049223538079,-0.9715793952019544,-0.05311253615942797,0.01951764093385977,-1.5708031654598422,2.4635707674502743,-0.2110434329816292,-0.5261718589157387,-0.5113162890917897,0,zero,0,-0.01951764093385977,-0.019070230457168158,0.6787633610423212,1.275937176016386,1.4153044649518414,-0.4498989898901929,0.031403908719119834,0.6780284004453803,1.2771819321599758,1.424867098537642,-0.4200213739075468,0.05772666314974895,0.013825779073898526,-0.012733752463777793,0.009419248861342806,0.053104114493486676,0.14605951632501873,-0.11151545344529816,1.2820540759989305,1.0,-0.01286971103399992,6.838664945441053e-06,7.635154863905314e-08,0.0,0.0,0.0,0,0.06221306329980824,-1.02937376900296,-1.5489220494417038,-3.4948973763470152,0.06221306329980824,-0.9335294060354564,-1.1911108767576633,-0.6300155425665669,-0.0010139277171390005,-0.0008826681956490937,-0.0007921831288880507,0.006981144030444914,0.005601299144173199,0.038832759760790404,0.0,0.0,0.0,0.0,0.0,0.11665678473618646,-6.862491793353068,-5.1630734981390125,-11.649657921156718,14.47339835858939,-0.09584436296750365,-0.3578111726840405,-2.8648818337804483,0.11665678473618646,-6.862491793353068,-5.1630734981390125,-11.649657921156718,14.47339835858939,0.20000000000000004
0.0,0.0,0.0,0.0,0.0,0.0,0.0,0.0,0.0,0.0,0.0,0.0,0,0.0,-1.5707963267948966,nan,0.2513504155025382,-0.20267347037243877,-0.10171593642166216,0.0005345261735922868,-1.570803086397589,0.24921006736341672,-0.20126415909771309,2.462231967944772,-0.10025261780108186,0.12882183282083404,-0.1002028782093295,0.07948403359836764,0.015386234523714903,0.0029510252135566137,-0.0021403481391215062,0.001409311274725683,0.0014633186205803006,0.002580154852362495,-0.00202496312608333,0.0015909301798029245,0.00016020163284059482,0.294356953801067,0.36506191023375245,-0.05948129540185955,0.02228230565301348,-1.5708031423929107,2.463000945888133,-0.32799684945845764,-0.3320782244266637,-0.6914417744114555,0,zero,0,-0.0222823056530137,-0.02174777947942097,0.6793672956607576,1.2760818209023708,1.4151712448154976,-0.4498004459911237,0.029919020381990017,0.6785981937819267,1.279476124144507,1.4194372617672404,-0.42039235071472436,0.06309142620633598,0.015110662432075232,-0.013917149546893211,0.01029461624887127,0.05948274652713749,0.27410608499353795,-0.8282681942140225,-1.0231140209053877,1.0,-0.02089969627559185,6.81559801396503e-06,5.599532171274291e-08,0.0,0.0,0.0,0,0.057561229572267336,-1.2620499245520642,-0.34999434108703886,-2.252503411492256,0.057561229572267336,-1.0493441401721801,-1.0178974116170862,-1.2488529357035214,-0.0015758135285315765,-0.0005570706266447775,-0.0010712518258905745,0.009162682385741666,-0.010086338607404054,-0.017735531676976713,0.0,0.0,0.0,0.0,0.0,0.10793405132620915,-8.413666163680428,-1.1666478036234629,-7.508344704974188,11.337448362824414,-0.21270578437988408,0.6679030705300474,-1.0036504757887348,0.10793405132620915,-8.413666163680428,-1.1666478036234629,-7.508344704974188,11.337448362824414,0.21000000000000005
0.0,0.0,0.0,0.0,0.0,0.0,0.0,0.0,0.0,0.0,0.0,0.0,0,0.0,-1.5707963267948966,nan,0.2504701339021445,-0.20222217918332464,-0.10155479719913488,0.0006295136031890802,-1.5708030834396276,0.24909695939997933,-0.2014439748032365,2.4615734614960587,-0.10028856598044808,0.10127658888830074,0.07671736369563309,-0.06311068946375509,-0.019708740189350316,0.0020234998813348083,-0.0013731745021651753,0.0007782043800881322,0.0012662312186867974,0.0010532095463779735,-0.0008370448545848,0.0006387516743489294,-2.4547067263672043e-05,1.4225000842501196,1.761911651348411,-0.064213304868751,0.006317213913118458,-1.5708030830300326,2.4623759728334793,-0.47112890650678296,0.3955581781616058,-0.5272793179795472,0,zero,0,-0.006317213913118458,-0.005687700309929156,0.6800258015090894,1.2762395358278686,1.4150259869743012,-0.44969299771464877,0.010376023626254395,0.6792232496885526,1.2822962711135564,1.4083267573600242,-0.444647796319041,0.06863977423787572,0.016439515165346405,-0.015141043092120988,0.011199939162528053,0.06422555279579249,0.26120691894749176,-1.2139240951580244,-3.2171900716534414,1.0,-0.012380098924040794,6.7562351357963735e-06,-4.0959502456416885e-10,0.0,0.0,0.0,0,0.055439861771767976,-1.4789091773003418,1.4633100546781386,1.212023140648427,0.055439861771767976,-1.215645540675148,-0.20460136242392782,-1.0692461302167653,-0.0022634708405932626,0.0006635600469238697,-0.0008169146745880626,0.009534073327492135,-0.01345512339432731,-0.06285447775919455,0.0,0.0,0.0,0.0,0.0,0.10395623808694539,-9.859394515335612,4.877700182260462,4.040077135494757,11.718901375011157,-0.2632636366251937,1.6679114171020664,2.2812692708651925,0.10395623808694539,-9.859394515335612,4.877700182260462,4.040077135494757,11.718901375011157,0.22000000000000006
0.0,0.0,0.0,0.0,0.0,0.0,0.0,0.0,0.0,0.0,0.0,0.0,0,0.0,-1.5707963267948966,nan,0.24802788996719466,-0.20052143611441364,-0.1009481603419794,0.0007326326862358012,-1.570803080225709,0.24897401792925444,-0.20163911034875817,2.460858581854544,-0.10032759160378871,0.30643759038250284,0.23193024642249593,-0.18958786144326611,-0.06456624804961064,0.0015904274185037856,0.000946127962059784,-0.001117674234344529,0.000620568738190691,0.0013681642077996122,0.0009864258813131052,-0.0008366039355976634,-0.000446016967302932,1.7237462981303173,2.132145567202378,-0.06699745937189697,-0.020758616013260678,-1.5708030234244854,2.4617150115914006,-0.5670716451689989,0.7528086393660214,0.37034495951505164,0,zero,0,0.020758616013260678,0.0214912486994967,0.6807406804994625,1.2764107523584316,1.4148682939498256,-0.4495763510430994,0.0359222955375615,0.6798843642733043,1.283726038823636,1.398126825135126,-0.48049378698250367,0.07436493063608535,0.01781071424747293,-0.01640393826765015,0.012134111864403337,0.06701346043511806,0.03401668160657889,-0.7565280550505373,-3.464288884627332,1.0,-0.011797689832746983,6.6966295886317084e-06,-5.68012232804449e-08,0.0,0.0,0.0,0,0.06151600983935742,-1.5119762315961733,2.5724449900576443,4.793158712083136,0.06151600983935742,-1.3512408708441184,0.8785741287632611,0.0360531098204869,-0.0027244138825703716,0.0012628578136951742,0.0005737760268065416,0.0067456108483503075,-0.011682093280791107,-0.07740157663479319,0.0,0.0,0.0,0.0,0.0,0.11534972780678308,-10.079841543974489,8.574816633525481,15.977195706943785,20.74644003360353,-0.16073536075205497,1.6938708612943831,4.757105602262649,0.11534972780678308,-10.079841543974489,8.574816633525481,15.977195706943785,20.74644003360353,0.23000000000000007
0.0,0.0,0.0,0.0,0.0,0.0,0.0,0.0,0.0,0.0,0.0,0.0,0,0.0,-1.5707963267948966,nan,0.2454249535483528,-0.19869503553859558,-0.10020587609163983,0.000844133615731435,-1.5708030767473502,0.24884090702968015,-0.20185002057657306,2.4600855945453737,-0.10036978935683649,0.32963745873100375,0.24698255192675544,-0.20373108036329524,-0.0784482003387349,0.0046529062246043135,0.0034159534813273384,-0.0031549850379774813,-0.00016391326519665794,0.0031014340891192603,0.0023000966982285216,-0.001912558155226809,-0.0008188833194202299,0.707661022400621,0.874094535108867,-0.06926402161072466,-0.040167918395652036,-1.570803010060722,2.46103062720356,-0.5437446873398916,0.8108757312871193,0.7676453450584952,0,zero,0,0.04016791839565226,0.04101205201138347,0.6815136671053124,1.276595885907756,1.4146977831397487,-0.44945022296276854,0.05548740508436644,0.6805688710128526,1.2818384618562564,1.397864034708688,-0.502053452849575,0.08026018426715827,0.01922265233362865,-0.017704354684489172,0.013096039300045392,0.06927217797438545,-0.34645999851171755,0.5437804646241887,-0.9273236951008101,1.0,-0.040247004479169846,6.683265825202511e-06,-6.668662821951443e-08,0.0,0.0,0.0,0,0.07666110543091385,-1.1898507282206328,1.6429280257950976,5.592816122417251,0.07666110543091385,-1.3224396753272056,1.4067638949494587,1.456527790936487,-0.0026123428800979877,0.0013602670049776622,0.0011893141374489232,-0.00932240718708718,0.007063998511129505,-0.03934077649287819,0.0,0.0,0.0,0.0,0.0,0.14374855696777397,-7.932338188137551,5.476426752650325,18.642720408057503,20.987732773426565,0.13258894710657287,0.2361641308456388,4.136288331480763,0.14374855696777397,-7.932338188137551,5.476426752650325,18.642720408057503,20.987732773426565,0.24000000000000007
0.0,0.0,0.0,0.0,0.0,0.0,0.0,0.0,0.0,0.0,0.0,0.0,0,0.0,-1.5707963267948966,nan,0.24451075833422883,-0.19824572324586257,-0.09994544983231493,0.0009642569513645949,-1.570803072996288,0.24869729764113604,-0.20207713974934005,2.4592528318777376,-0.10041525027907502,0.10700135559645589,0.07705858255798725,-0.06764314655000048,-0.030588718156343564,0.005694521599851452,0.004186539306907211,-0.003831416503477486,-0.0004698004467600936,0.0027757400337007783,0.002043504917823145,-0.0017229436716846504,-0.0007485222038948708,-1.1972795700025627,-1.476711682939622,-0.07380732680315782,-0.03370760524830008,-1.5708030626147482,2.4603125064575493,-0.2344669195466182,-0.0508653399909631,0.8041532248313141,0,zero,0,0.03370760524830008,0.03467186219966489,0.6823464290161091,1.2767953358944972,1.4145140866734236,-0.4493143413570763,0.03766539703869548,0.6812869786726363,1.2764413183543606,1.4119767423705987,-0.48687757144345845,0.08631888947176394,0.020673737760400306,-0.019040826396465937,0.014084637098460523,0.07379868158571924,-0.6342410484735314,1.9251440050304327,3.191996685005097,1.0,-0.04752375930547714,6.735819851666491e-06,-1.0381540072046391e-08,0.0,0.0,0.0,0,0.09507666862651969,-0.5669906790974655,-1.4652356039940428,2.0459722574486117,0.09507666862651969,-1.072952118639153,0.6648769968102026,2.120137006721324,-0.0011264624779924344,-8.532804845059367e-05,0.0012458758528577367,-0.01441372623266318,0.016835489412633936,0.052978669336575274,0.0,0.0,0.0,0.0,0.0,0.17827989616823492,-3.77993786064977,-4.884118679980143,6.819907524828706,9.202470748614065,0.5059614395416876,-2.1301126008042455,-0.07416474927271244,0.17827989616823492,-3.77993786064977,-4.884118679980143,6.819907524828706,9.202470748614065,0.25000000000000006
0.0,0.0,0.0,0.0,0.0,0.0,0.0,0.0,0.0,0.0,0.0,0.0,0,0.0,-1.5707963267948966,nan,0.24626278675920724,-0.1999883055851057,-0.10032123433607248,0.0010932337139630821,-1.5708030689644685,0.2485428672366352,-0.20232088160177283,2.458358692290131,-0.1004640617993339,0.24470429921313663,-0.1906458829479235,0.14988404868103433,0.03269729834986801,0.003264977418197656,0.002280080477427976,-0.0023325760166671428,-0.0001428274632614135,0.0003305461062062418,9.120264088775592e-05,-0.00014913816613724637,-0.00028053629716032506,-2.6967501843451496,-3.32077356170633,-0.08296285331168053,0.001086341924120715,-1.570803163469244,2.459523576482188,0.24687086426302757,-0.8267346437595409,0.07242930565755115,0,zero,0,-0.001086341924120937,6.8917898423670465e-06,0.6832405677921016,1.2770094858990837,1.4143168512674515,-0.44916844489973556,0.0251082118750468,0.6820757258914032,1.2703315021794557,1.4344242283051252,-0.435745950011905,0.09253446606504817,0.02216239454578764,-0.020411901900227784,0.015098831572113138,0.0829389427265399,-0.5283261498206678,2.2446653672744477,5.9941894546212104,1.0,-0.02291577123105526,6.836674347532323e-06,9.450477556072201e-08,0.0,0.0,0.0,0,0.10464834379269354,-0.08075080384671741,-5.028746085972071,-4.314714407788397,0.10464834379269354,-0.6890114001565618,-1.303383180016578,1.2608653942731003,0.0011860554403137122,-0.0013868707798086362,0.00011221483688873386,-0.014280281220067682,0.020974507954448274,0.11647438446829454,0.0,0.0,0.0,0.0,0.0,0.19622790885560387,-0.5383386923114495,-16.762486953240238,-14.382381359294657,22.094392418928138,0.6082605963098444,-3.7253629059554934,-5.5755798020614975,0.19622790885560387,-0.5383386923114495,-16.762486953240238,-14.382381359294657,22.094392418928138,0.26000000000000006
0.0,0.0,0.0,0.0,0.0,0.0,0.0,0.0,0.0,0.0,0.0,0.0,0,0.0,-1.5707963267948966,nan,0.24983722214996987,-0.20326642363789435,-0.10091968641936072,0.0012312854799425565,-1.5708030646440412,0.24837729950405849,-0.20258163939422438,2.457401639695606,-0.10051630777136181,0.48363651040040306,-0.3740003123339358,0.30173602603371097,0.05462061112603278,0.0016622328134425009,-0.0014599226459113823,0.0006847842436699669,0.0004033786479989143,0.0030937017047207374,-0.0024282359612994553,0.0019087697635498551,0.00017680029355727442,-2.4239563448791337,-2.9793359174028002,-0.09615031834118684,0.04410493316588471,-1.5708032537766001,2.4586185128618543,0.4847022385818611,-0.8723396144151934,-0.7938836227495594,0,zero,0,-0.04410493316588493,-0.04287364768594237,0.6841976195190628,1.2772387038205306,1.414105738081253,-0.44901228294791723,0.07860437666206058,0.6829805318143526,1.2681130182422227,1.4497885219589266,-0.3795815438951372,0.09890039933663271,0.02368706238920326,-0.021816144135241453,0.016137559716925674,0.09612633410676281,0.032388514749295466,0.8266977775911766,4.699920977520928,1.0,-0.07204996794462204,6.926981703792023e-06,1.8913255894759118e-07,0.0,0.0,0.0,1,0.09375542641377736,-0.2106204178676823,-6.221277691952033,-9.0,0.09375542641377736,-0.4362469032703549,-3.3744479332328257,-0.8910129374986897,0.0023286819557197472,-0.0014633744097142807,-0.0012299651422406155,-0.00690751140834307,0.01385264192823189,0.11017836229334885,0.0,0.0,0.0,0.0,0.0,0.1758024121765936,-1.404136119117882,-20.737592306506777,-30.0,36.49726345084009,0.22562648540267263,-2.8468297587192075,-8.10898706250131,0.1758024121765936,-1.404136119117882,-20.737592306506777,-30.411121342462923,36.83594088259497,0.2700000000000001
0.0,0.0,0.0,0.0,0.0,0.0,0.0,0.0,0.0,0.0,0.0,0.0,0,0.0,-1.5707963267948966,nan,0.2527875469925102,-0.20610353748308827,-0.10153131702494955,0.0013786244757543198,-1.5708030600273535,0.2482002840388822,-0.20285978596845006,2.4563802028270283,-0.10057206850937508,0.4078916792953039,-0.3127340307716636,0.2558967270968243,0.05558698675755536,0.005699566914167914,-0.0045872629536280185,0.00324375151463821,0.0009592485155744679,0.004769373583444444,-0.0036971739471769443,0.002973229088579011,0.0004875838077719278,-0.046754381387245414,-0.057332740630722134,-0.10897425883444882,0.06218893612358589,-1.570803239176568,2.4575796656773727,0.349616364727218,-0.8690319382249703,-0.8244834999130699,0,zero,0,-0.06218893612358567,-0.06081031164783157,0.685219055463034,1.2774833420332548,1.4138804225726396,-0.4488456154354157,0.08979016798989893,0.6840192473912643,1.272743690386999,1.4427063805159799,-0.36394900431832744,0.1054102400506156,0.025246196671472765,-0.02325213048379313,0.017199769212278657,0.10897050146000367,0.7417167342622144,-1.810722931527327,-0.9950257466099444,1.0,-0.06086491420865059,6.912381671497769e-06,1.7914921457418131e-07,0.0,0.0,0.0,0,0.06685386505836584,-0.9878726581372873,-3.1002493726690834,-7.840472644226798,0.06685386505836584,-0.5611641549348138,-3.848957424161138,-2.982004880910264,0.001679681369631442,-0.0014578256892246826,-0.0012773735799378315,0.014534835379832195,-0.013817352786544595,0.015793727485822057,0.0,0.0,0.0,0.0,0.0,0.1253588319114304,-6.585817720915249,-10.334164575563612,-26.13490881408933,28.86550062073162,-0.42670850320247355,0.7487080514920548,-4.8584677633165345,0.1253588319114304,-6.585817720915249,-10.334164575563612,-26.13490881408933,28.86550062073162,0.2800000000000001
0.0,0.0,0.0,0.0,0.0,0.0,0.0,0.0,0.0,0.0,0.0,0.0,0,0.0,-1.5707963267948966,nan,0.2525431832139647,-0.20638348739131282,-0.10189033555491897,0.0015354536723344303,-1.5708030551069407,0.24801151604877952,-0.20315567380581806,2.4552929745823335,-0.10063142082358248,0.03051962485796577,0.005559578844285817,-0.001593792914345027,0.029966621576202335,0.005704353963377262,-0.00453166716518516,0.00322781358549476,0.0012589147313364912,0.003165546817087704,-0.0024234295855440906,0.00196804423149756,0.0005239060965028631,3.0936923741667406,3.785675397513073,-0.11616101546231478,0.032688482998998625,-1.5708030768979135,2.4564412755990803,-0.28659509720068443,0.7792444223842296,-0.7439814225061525,0,zero,0,-0.0326884829989984,-0.031153029326664416,0.6863062827250701,1.277743737543888,1.4136405943533863,-0.4486682127658141,0.033696444466804316,0.6851577776247486,1.2830141651777882,1.4103120816212011,-0.415573275067029,0.11205760444557106,0.026838268454834682,-0.024718452770988438,0.018284418421010674,0.11618494515095668,1.1466061768372493,-3.9896142095083325,-7.732002229663306,1.0,-0.04706249758601189,6.750103016983644e-06,2.1790972581925416e-08,0.0,0.0,0.0,0,0.04788775913309163,-2.0640948309455442,3.3775854490988153,0.5184141216111254,0.04788775913309163,-1.0758487570814799,-1.7356312708973185,-3.199924408774965,-0.0013769047846810508,0.0013072045884264117,-0.0011526515851125274,0.02222624441802444,-0.030239472912005582,-0.13267738924933367,0.0,0.0,0.0,0.0,0.0,0.08979516057208256,-13.76063220630363,11.258618163662717,1.7280470720370849,17.86352964915822,-0.9882460738640644,5.113216719996133,3.7183385303860907,0.08979516057208256,-13.76063220630363,11.258618163662717,1.7280470720370849,17.86352964915822,0.2900000000000001
0.0,0.0,0.0,0.0,0.0,0.0,0.0,0.0,0.0,0.0,0.0,0.0,0,0.0,-1.5707963267948966,nan,0.24828631640258786,-0.20338834891896007,-0.1009941038452673,0.0017019668795514864,-1.5708030498755259,0.2478106960709112,-0.2034696350882091,2.454138611369782,-0.10069443805568457,0.5321824464853693,0.4056046833508492,-0.3309099754743777,-0.09592489417537542,0.000567997998818349,-0.0004756203316766683,-8.128616924901744e-05,0.00029966578958273704,0.0014355740770642575,0.0010864885409906742,-0.0008924574701485931,-0.00028971580041624247,4.746869957011976,5.794801952095861,-0.11570837928616147,-0.035026910208010076,-1.5708028696267644,2.455275091929856,-0.7707109334065434,0.874538607053958,0.702947972549341,0,zero,0,0.035026910208010076,0.036728877087561784,0.6874606448959839,1.2780202121480915,1.4133859570448026,-0.44847985570565024,0.0805727817220403,0.6863243098802996,1.2933532191224837,1.3691899565591068,-0.5140717327587678,0.11883617423454935,0.02846176448294045,-0.0262137172647524,0.01939047638941837,0.11574743962019417,0.840952519119887,-3.770154768551645,-10.420029586762137,1.0,-0.06598524749279022,6.542831867850651e-06,-1.8024876169420168e-07,0.0,0.0,0.0,1,0.055507730293572165,-2.923674091207898,9.0,9.0,0.055507730293572165,-1.79657294929369,2.1849838250656073,-1.0950002651865856,-0.003702769454811644,0.0014670632821460062,0.0010890783967175402,0.020154666818845063,-0.03280688079837245,-0.20629270028982113,0.0,0.0,0.0,0.0,0.0,0.10408349951916776,-19.491160608052652,30.0,30.0,46.68957244635868,-1.1271011419142078,6.815016174934392,10.095000265186586,0.10408349951916776,-19.491160608052652,30.54889581737027,37.42994121230234,52.09752115063372,0.3000000000000001
0.0,0.0,0.0,0.0,0.0,0.0,0.0,0.0,0.0,0.0,0.0,0.0,0,0.0,-1.5707963267948966,nan,0.24154842367162438,-0.19832639646830122,-0.09864418423686944,0.0018783488406546311,-1.5708030443260106,0.24759752970266244,-0.20380198176183914,2.4529158324532134,-0.10076119011434465,0.8804022892801291,0.6524726362714728,-0.5394299124288904,-0.24166716670579458,0.008429438413489618,0.0060491060310380595,-0.005475585293537921,-0.0021170058774752087,0.006812032657857024,0.00506517849557453,-0.004183766285925476,-0.0018010706272751518,3.72171209933199,4.532833775923485,-0.11086682103711254,-0.10344155759967322,-1.5708027757752518,2.4541433078773536,-0.8826441733403674,0.8745415129091004,0.8247183698802186,0,zero,0,0.10344155759967322,0.10531990644032785,0.6886834227110913,1.2783130725873704,1.413116228133305,-0.4482803352775814,0.16650405135886714,0.6874564674720551,1.2955239942127244,1.3486712294138605,-0.6008343257747637,0.12573969660507706,0.03011518718085448,-0.027736544675829502,0.020516922847256466,0.11090143326237181,-0.2940286332828599,-0.564120772266261,-6.723105978729894,1.0,-0.18312211334705353,6.448980355067135e-06,-2.6855075851983656e-07,0.0,0.0,0.0,1,0.08547781952813181,-2.6999910672034013,9.0,9.0,0.08547781952813181,-2.2549496743888464,5.382241880291241,1.633726329942503,-0.004240536552487473,0.0014670681568003075,0.0012777374643464197,-0.005449467853205529,-0.014869988524112147,-0.1589748542167909,0.0,0.0,0.0,0.0,0.0,0.16028092917332049,-17.999940448022677,30.0,30.0,46.087129940023594,-0.4450413928145549,3.6177581197087587,7.366273670057497,0.16028092917332049,-17.999940448022677,30.927414539002456,54.77904888629348,65.4314352055864,0.3100000000000001
0.0,0.0,0.0,0.0,0.0,0.0,0.0,0.0,0.0,0.0,0.0,0.0,0,0.0,-1.5707963267948966,nan,0.23506203829573802,-0.1934319009059509,-0.09653960000765718,0.002064775326720225,-1.5708030384514702,0.24737172734651502,-0.20415300560422064,2.451623419297306,-0.10083174351063415,0.8452313130873422,0.6260583019738947,-0.5245519404731835,-0.21751376255017552,0.016878774432056036,0.012309689050777006,-0.010721104698269757,-0.004292143502976964,0.010158126967619035,0.007537167771395233,-0.006275084295109619,-0.002646122175066509,0.47336878654477377,0.5752278852258452,-0.10894559768756956,-0.13367294294904242,-1.5708028578952689,2.453048760809947,-0.5091291026588034,0.25998641419513835,0.8252583078650005,0,zero,0,0.1336729429490422,0.13573771827576264,0.6899758347049557,1.2786226107058873,1.412831138825988,-0.44806945265355,0.17852484204816765,0.6885512531171881,1.2840863179757205,1.3699089570084915,-0.6212656535544888,0.13276198421915683,0.031797054655054106,-0.029285570157783655,0.02166274820773775,0.1089580866785854,-1.676783827178414,3.9039595209221893,1.4822164954582233,1.0,-0.34058260917663574,6.531100372519916e-06,-1.805562011014672e-07,0.0,0.0,0.0,1,0.12552476271347887,-0.8918702610632785,1.9395307276540015,9.0,0.12552476271347887,-1.9332962913711134,5.166609200360357,3.865514626597075,-0.0024460372990274663,0.0004361345731863816,0.0012785739911133447,-0.02706347466226489,0.025852663568985856,-0.015326339179521994,0.0,0.0,0.0,0.0,0.0,0.23537364094033167,-5.945801740421857,6.465102425513338,30.0,31.260286442379755,1.0414260303078349,-3.2270784727063555,5.134485373402925,0.23537364094033167,-5.945801740421857,6.465102425513338,39.792529070621356,40.75108438184041,0.3200000000000001
0.0,0.0,0.0,0.0,0.0,0.0,0.0,0.0,0.0,0.0,0.0,0.0,0,0.0,-1.5707963267948966,nan,0.2321508825784024,-0.19147807242048775,-0.09638038701042531,0.002261413231102294,-1.57080303224515,0.24713300396968968,-0.2045229782944674,2.450260214912828,-0.10090616139344727,0.354915904221639,0.2672432340510261,-0.23238011757098775,-0.023363088004499377,0.020374399731287143,0.014982121391287267,-0.013044905873979634,-0.004525774383021958,0.009087511146447543,0.006794374825767058,-0.005722462224985812,-0.0019164434892272775,-3.5069759478209805,-4.251977916275399,-0.1180018801937348,-0.10297311537062748,-1.570803071360334,2.4519149019123883,0.7184604912106913,-0.8745930734348747,0.7190306163080299,0,zero,0,0.10297311537062726,0.10523452860172977,0.6913390378661329,1.2789491036072764,1.4125304339061966,-0.44784701904794927,0.1081893215136414,0.6896850572165377,1.2629795748201373,1.4278447488151382,-0.553736770897594,0.13989691521326741,0.03350590069342958,-0.030859443306998156,0.02282695356753305,0.11797897820357703,-2.2163575840338186,6.613099279835317,9.908384270192348,1.0,-0.38283994793891907,6.7445654376996345e-06,3.911518398069802e-08,0.0,0.0,0.0,1,0.15994551591011102,1.4301250260332055,-9.0,-0.14570106178193046,0.15994551591011102,-0.7672476657759784,0.6930242673038585,4.037739043148031,0.00345173974577656,-0.0014671546510425988,0.0011139952619247484,-0.039239436530213945,0.04813239885273422,0.16941100517977453,0.0,0.0,0.0,0.0,0.0,0.29991658711815306,9.53416684022137,-30.0,-0.4856702059397682,31.483744422246584,2.197372691809184,-9.693024267303858,-4.183440104929962,0.29991658711815306,9.53416684022137,-30.043087013886392,-0.4856702059397682,31.52480357066943,0.3300000000000001
0.0,0.0,0.0,0.0,0.0,0.0,0.0,0.0,0.0,0.0,0.0,0.0,0,0.0,-1.5707963267948966,nan,0.23456358821780432,-0.19397855949565806,-0.09767430973844637,0.002468420663876758,-1.570803025700457,0.24688107887912736,-0.20491215148713784,2.448825123201895,-0.10098450358488839,0.36104763229272513,-0.2664630729964229,0.21113138824998545,0.1215580536579941,0.01679944622090126,0.012317490661323038,-0.01093359199147978,-0.0033101938464420166,0.0036804833998012824,0.0027482985634925145,-0.0024031788827542817,-0.0004664164658346329,-5.782549387666901,-6.992478139433994,-0.1386767730521275,-0.02288463809685526,-1.5708033386755798,2.45062020867956,0.9520178740867657,-0.8745415175864851,-0.7453147456401369,0,zero,0,0.02288463809685526,0.02535305876073224,0.6927741282919161,1.2792928138114583,1.412213871589098,-0.4476128556107883,0.08934254294819537,0.6909793577461344,1.2446852361834853,1.49211185097046,-0.42767552277418797,0.1471384331983639,0.035240274765284144,-0.032456828162675797,0.024008550706771298,0.13862600959647792,-1.4140250060781911,5.8522446675996775,13.511953302804898,1.0,-0.2910721004009247,7.011880683194249e-06,3.1297512270711536e-07,0.0,0.0,0.0,1,0.15017490616018705,2.3151546092245643,-9.0,-9.0,0.15017490616018705,0.527005707201106,-3.7185016581136763,1.7451674728816364,0.00457383248609467,-0.0014670681646467528,-0.0011547173047358446,-0.03071126946953645,0.04755862276698428,0.26226468482379606,0.0,0.0,0.0,0.0,0.0,0.281595548772149,15.434364061497096,-30.0,-30.0,45.14752363126821,1.7881489020234582,-5.281498341886324,-10.745167472881636,0.281595548772149,15.434364061497096,-55.059284397852785,-45.40010440023467,73.01365055927394,0.34000000000000014
0.0,0.0,0.0,0.0,0.0,0.0,0.0,0.0,0.0,0.0,0.0,0.0,0,0.0,-1.5707963267948966,nan,0.24046530482339323,-0.1994752522145097,-0.0992376812227721,0.002685947046290771,-1.5708030188109603,0.24661567551232552,-0.20532075688980353,2.4473171083032255,-0.1010668266156303,0.813114418841877,-0.616711997239075,0.5088087316185957,0.1481048453583822,0.008680020586863473,0.0061503706889322884,-0.005845504675293822,-0.0018291453928581947,0.0029706866157345937,-0.0022751874568842714,0.0017867765700563913,0.0006752262536651342,-5.043432767968242,-6.079855354879893,-0.1615842940864353,0.0644541888341128,-1.5708035776479456,2.449099600869916,0.9630954387806547,-0.8745415175048198,-0.8251007697803856,0,zero,0,-0.0644541888341128,-0.06176824178782203,0.69428214184308,1.2796539894114538,1.4118812233772529,-0.4473667933208575,0.18928729733271155,0.6924994331998902,1.239695025363401,1.5313452245677277,-0.30609352446512356,0.15448054725987734,0.036998742021333915,-0.034076403206838746,0.02520656208903946,0.1615338558649665,0.15889197615838857,2.3665856597862236,10.42489974469893,1.0,-0.20273084938526154,7.250853049090011e-06,5.588369855757946e-07,0.0,0.0,0.0,1,0.08676065472230987,1.1749002146238285,-9.0,-9.0,0.08676065472230987,1.060589360484308,-6.393291513639657,-1.1947022123365663,0.004627053047013579,-0.001467068164509757,-0.0012783299171116912,-0.007995141013177798,0.02709850557661499,0.22768798014269817,0.0,0.0,0.0,0.0,0.0,0.16268639550405,7.83266809749219,-30.0,-30.0,43.14368037602673,0.11431085413952058,-2.6067084863603434,-7.8052977876634335,0.16268639550405,7.83266809749219,-53.253961645260325,-68.33312059005334,86.98722295187027,0.35000000000000014
0.0,0.0,0.0,0.0,0.0,0.0,0.0,0.0,0.0,0.0,0.0,0.0,0,0.0,-1.5707963267948966,nan,0.24676475251806557,-0.2054199996446904,-0.10140633716423861,0.0029141332052109448,-1.5708030115703842,0.2463365212444845,-0.20574900634452203,2.445735193937395,-0.10115318376023899,0.8834348984156029,-0.6578601962513364,0.5516497975462192,0.20822987968578122,0.0005964177044350409,-0.0004282312735810756,-0.0003290066998316299,0.0002531534039996175,0.007855343728547232,-0.005892097955300884,0.004860247627120397,0.0018351021175498682,-1.8484476148848774,-2.220482627851042,-0.17921146168990193,0.11583322792743411,-1.570803648175221,2.4473752844156085,0.3386179406411608,-0.8745415175042186,-0.8252649450718842,0,zero,0,-0.11583322792743411,-0.11291909472222317,0.6958640547986265,1.280032864230197,1.4115322739161882,-0.4471086728788943,0.23159217083001543,0.6942233876859718,1.2510037023449305,1.5265439779973207,-0.24820704521894396,0.1619173319577151,0.038779883293708,-0.03571686136432864,0.0264200208613826,0.17918852781860684,1.7431161783612021,-2.478053883859226,2.1542330288539357,1.0,-0.16042980551719666,7.321380324221138e-06,6.366048368455779e-07,0.0,0.0,0.0,1,0.028514323177868756,-0.934130791031986,-8.32673744822429,-9.0,0.028514323177868756,0.5197577008258027,-7.560373161102161,-3.592084375657581,0.001626841028341726,-0.0014670681645087484,-0.0012785842741483827,0.027410086220835,-0.015250786878429047,0.08645963292266728,0.0,0.0,0.0,0.0,0.0,0.05346769768960952,-6.227538606879907,-27.755791494080963,-30.0,41.34209788288172,-1.4538884918577888,-0.7663642871221281,-5.407915624342419,0.05346769768960952,-6.227538606879907,-27.755791494080963,-57.5945588007723,64.23630017998694,0.36000000000000015
0.0,0.0,0.0,0.0,0.0,0.0,0.0,0.0,0.0,0.0,0.0,0.0,0,0.0,-1.5707963267948966,nan,0.25061973537296256,-0.20941524494624456,-0.10451482083054192,0.003153111467566694,-1.5708030039726035,0.2460433472123646,-0.20619709191339283,2.4440784627520937,-0.10124362507247356,0.6236836327772977,-0.41481568870168906,0.35471597326833526,0.3018042354068745,0.006480783843557693,-0.004576388160597966,0.0032181530328517227,0.0032711957580683626,0.009294099555596576,-0.0066816774405670425,0.005595035681055483,0.0032297134326862366,2.5705645790293667,3.0764044329923603,-0.18700384172938533,0.1038876139957432,-1.5708034375080342,2.4455254680531966,-0.8408368426680893,0.8698415049202158,-0.8252662603770986,0,zero,0,-0.10388761399574342,-0.1007345025281765,0.6975207845105283,1.2804296579773518,1.4111668208499677,-0.4468383446007483,0.1709683852414939,0.6960732368524072,1.274960925831553,1.4745753815506457,-0.28816402167341615,0.16944292732626068,0.040582295095948434,-0.03737691000280652,0.027647970854303813,0.187020833389811,2.702732355059803,-6.749334528497928,-8.055599309290928,1.0,-0.11186457425355911,7.110713137414848e-06,4.335354306661543e-07,0.0,0.0,0.0,0,0.019138203661035722,-3.207906653753087,3.500486762542017,-5.559691536385048,0.019138203661035722,-0.8241333159425389,-4.573949205427647,-4.726938975363864,-0.004039679265675293,0.0014591837602846258,-0.0012785863119528149,0.04485856210433796,-0.046248540189221275,-0.12357933683981277,0.0,0.0,0.0,0.0,0.0,0.03588637476286466,-21.386044358353914,11.668289208473391,-18.532305121283496,30.609793976606603,-2.383773337810548,8.074435967969665,-0.8327525610211843,0.03588637476286466,-21.386044358353914,11.668289208473391,-18.532305121283496,30.609793976606603,0.37000000000000016
0.0,0.0,0.0,0.0,0.0,0.0,0.0,0.0,0.0,0.0,0.0,0.0,0,0.0,-1.5707963267948966,nan,0.24948001224249663,-0.20925441139361753,-0.10666856413745043,0.003403005754800459,-1.5708029960116416,0.24573588815519845,-0.20666518596836567,2.442346055667379,-0.1013381974205527,0.23083323982895362,0.08322640732997821,-0.06289276075998607,0.2059170958829376,0.007009662104585949,-0.003744124087298184,0.002589225425251862,0.005330366716897739,0.006201919030146559,-0.0038927192536876393,0.0033048894478226506,0.0035196934818438495,5.940214310525864,7.0822081418481755,-0.18426381348317888,0.029014962866374283,-1.570803050716492,2.4436609562030234,-0.9649383882582633,0.8745417065619161,0.5810121806070155,0,zero,0,-0.029014962866374283,-0.025611957111573602,0.6992531900584752,1.2808445764061231,1.4107846746767652,-0.44655566831054677,0.04151333948202151,0.6979381390362787,1.3021956295745003,1.3963308724024888,-0.4140464677024752,0.1770515388743737,0.042404589623010164,-0.039055270932752864,0.028889466581764285,0.18430882542420612,2.579713517361307,-8.012796344527581,-14.676664332102504,1.0,-0.11306270956993103,6.723921595508386e-06,5.470485042735618e-08,0.0,0.0,0.0,1,0.05877829344252373,-4.5,9.0,9.0,0.05877829344252373,-2.353307874580618,0.6006021855887403,-2.8706907929269962,-0.004635907231814471,0.0014670684816583904,0.0009001630829576585,0.04654895463771616,-0.059828309874063866,-0.2737482048798971,0.0,0.0,0.0,0.0,0.0,0.11021618871652678,-30.0,30.0,30.0,51.96164111734978,-2.146692125419382,8.399397814411259,11.870690792926997,0.11021618871652678,-33.83474778960995,49.23512349128897,34.01954979750949,68.74757784258638,0.38000000000000017
0.0,0.0,0.0,0.0,0.0,0.0,0.0,0.0,0.0,0.0,0.0,0.0,0,0.0,-1.5707963267948966,nan,0.24397914806617557,-0.20539065670044873,-0.10557826163069242,0.003663931677311938,-1.570802987681669,0.2454138822729529,-0.20715344128547053,2.4405371712209325,-0.10143694452239216,0.6868362492715624,0.5178858294075522,-0.43520100102736603,-0.11890496085974755,0.004724021499611102,0.0014347342067773383,-0.0017627845850217982,0.004141317108300263,0.001903637277375695,0.0008559111642636806,-0.0006968470372080366,0.0015510174626475102,6.184250928848843,7.3462183721141265,-0.17664471884056648,-0.06955843398180539,-1.5708027384922798,2.4418597406846274,-0.9690451050888758,0.8745415175024113,0.8249383234897768,0,zero,0,0.06955843398180539,0.07322236565911755,0.7010620729046173,1.2812778114700736,1.4103856586044348,-0.4462605132338602,0.1462283594885889,0.6997398356162587,1.3213799037390936,1.3289041484191095,-0.5608623042357594,0.18473743758538988,0.04424539475126108,-0.04075068040746757,0.030143573241183247,0.17669196325387967,1.3418194054960888,-5.431298986025953,-13.69218049482473,1.0,-0.12754376232624054,6.4116973832462065e-06,-2.4918938912321664e-07,0.0,0.0,0.0,1,0.11067346780917196,-4.5,9.0,9.0,0.11067346780917196,-3.412048476922705,4.605472246939105,0.23429708615585398,-0.004655637360168485,0.0014670681645057165,0.001278078238818791,0.03079196270143725,-0.047236604277905485,-0.2837755620135512,0.0,0.0,0.0,0.0,0.0,0.20752572249985368,-30.0,30.0,30.0,51.961938637097624,-1.0879515230772951,4.394527753060895,8.765702913844146,0.20752572249985368,-37.06616681810708,63.57624100525762,72.0558545076129,102.9947978234538,0.3900000000000002
0.0,0.0,0.0,0.0,0.0,0.0,0.0,0.0,0.0,0.0,0.0,0.0,0,0.0,-1.5707963267948966,nan,0.2368654311373899,-0.20010228289040194,-0.10200472346991382,0.0039359966289083115,-1.570802978976994,0.24507707110217572,-0.20766199114364453,2.4386510649133153,-0.10153990698081339,0.9646109706564805,0.6776905758008489,-0.5796923668220794,-0.36765006191998295,0.011171225275409659,0.008211639964785827,-0.007559708253242592,0.0004648164891004336,0.006817498015347189,0.005079554397620355,-0.0043215318642910675,-0.001414485297482987,3.649839538425737,4.32042817739606,-0.17012629395659704,-0.1447630006654803,-1.570802636487462,2.440132903954199,-0.9693320722937533,0.8745415175040184,0.8252651666079893,0,zero,0,0.1447630006654803,0.14869899729438885,0.7029481775483105,1.281729541479936,1.4099696084060842,-0.44595275789086736,0.24065629903990074,0.7014670576092965,1.3229781237086373,1.3048883053108598,-0.6584844843583292,0.19249495991712134,0.04610335403848207,-0.04246188912307002,0.03140936671343803,0.17015861565338505,-0.7041448709293695,-0.124199956901762,-6.484086820840537,1.0,-0.2840851843357086,6.309692565764635e-06,-3.4248953184601305e-07,0.0,0.0,0.0,1,0.14639745570625937,-3.9078549138273138,9.0,9.0,0.14639745570625937,-3.7817326149117907,6.866644548554396,2.9032918194374835,-0.004657016052690799,0.0014670681645084127,0.001278584617374618,-0.009132617269846917,-0.014383841405077605,-0.16616627569135667,0.0,0.0,0.0,0.0,0.0,0.2745123864733909,-26.052366092182094,30.0,30.0,49.78756005320412,-0.12612229891552307,2.1333554514456043,6.0967081805625165,0.2745123864733909,-26.052366092182094,46.20911489114598,73.06145177297367,90.28875439526837,0.4000000000000002
0.0,0.0,0.0,0.0,0.0,0.0,0.0,0.0,0.0,0.0,0.0,0.0,0,0.0,-1.5707963267948966,nan,0.23105778843759567,-0.19586773506955246,-0.09877760917782921,0.004219299881246252,-1.5708029698920694,0.24472519940961843,-0.20819094942831665,2.436687048553223,-0.10164712231872375,0.7973341945646817,0.5455771007236931,-0.4763506105521592,-0.333432962999497,0.018625086321302952,0.013667410972022759,-0.012323214358764184,-0.0028695131408945362,0.00978251012484226,0.007011141369636543,-0.006045991282386514,-0.0031602832864980005,-0.7369429255218336,-0.8693765824902648,-0.16985483029055293,-0.16227200001967268,-1.5708027395147153,2.4384391287628477,0.15825051918384608,-0.33155299041992287,0.8252664330396446,0,zero,0,0.1622720000196729,0.16649129990091893,0.7049121921808614,1.282199931260428,1.4095363722756455,-0.44563228998952126,0.22815444562546272,0.7031610101272877,1.3033831941637957,1.3389328661031752,-0.6615438429666564,0.2003185078018561,0.047977126723866864,-0.04418766221849894,0.03268593356286399,0.16985785377425217,-2.7052197777948037,5.6148024301302,4.049276772146551,1.0,-0.42068126797676086,6.4127198187158285e-06,-2.3037735408237836e-07,0.0,0.0,0.0,1,0.1711024493756475,-0.5402282724928661,1.5831061901120864,9.0,0.1711024493756475,-2.8495785760019827,5.831581710026161,4.798079526573718,0.0007602917815789409,-0.0005561895317227138,0.0012785865794591683,-0.04144876392674583,0.0361834959493898,0.04278501141832776,0.0,0.0,0.0,0.0,0.0,0.3208371449008954,-3.6015218166191074,5.277020633706955,30.0,30.674433045089856,2.3093503035091167,-4.248475519914075,4.201920473426282,0.3208371449008954,-3.6015218166191074,5.277020633706955,41.02125746205528,41.51703754371121,0.4100000000000002
0.0,0.0,0.0,0.0,0.0,0.0,0.0,0.0,0.0,0.0,0.0,0.0,0,0.0,-1.5707963267948966,nan,0.22951243471033575,-0.19525320361967935,-0.09764470966376626,0.004513932678279264,-1.5708029604214835,0.24435801510376928,-0.20874041073992813,2.434644489602739,-0.10175862501426747,0.2071593394855735,0.11781694214107741,-0.11639927614846002,-0.12444022096066709,0.020474870271468805,0.014845580393433533,-0.013487207120248784,-0.004113915350501207,0.007830457715889269,0.005449894850846383,-0.004798163840397192,-0.0029312689940967094,-5.195135212055553,-6.10676132434458,-0.18232273019946554,-0.10779299747786708,-1.5708029791056093,2.4366780816785276,0.9648035640470289,-0.8745232816849305,0.25318682834652034,0,zero,0,0.1077929974778673,0.11230693015614612,0.7069547493402719,1.2826891323070666,1.4090858106834472,-0.44529900631871394,0.11763859993950732,0.7049218885414528,1.270769621106933,1.4165340247096372,-0.5620772450161272,0.20820254864635843,0.0498653877280222,-0.04592677927551253,0.033972371037254576,0.1822866122866001,-3.3825926745179777,8.626342583186647,13.261354295104269,1.0,-0.3896621763706207,6.652310712951248e-06,1.8684125802082008e-08,0.0,0.0,0.0,1,0.18681873457907028,2.823150893395654,-9.0,-3.4982040069535607,0.18681873457907028,-0.7776225386610932,0.9413927631944138,4.166467386939998,0.00463525948834868,-0.0014670375734054152,0.0003922627503791154,-0.057239504454152296,0.06176161142857115,0.23331370964363884,0.0,0.0,0.0,0.0,0.0,0.3503070215246021,18.821005955971028,-30.0,-11.660680023178536,37.28705457403389,3.600773432056747,-9.941392763194413,-7.664671393893559,0.3503070215246021,18.821005955971028,-41.802008926799665,-11.660680023178536,47.304676186643746,0.4200000000000002
0.0,0.0,0.0,0.0,0.0,0.0,0.0,0.0,0.0,0.0,0.0,0.0,0,0.0,-1.5707963267948966,nan,0.23297771167195017,-0.19898917356028495,-0.09755055414877725,0.0048199783307054656,-1.570802950559959,0.24397526916438747,-0.2093104505075575,2.4325228105225927,-0.1018744465359504,0.49874326524457696,-0.38480229009962286,0.3165930172976228,-0.020997703667194334,0.015689839833395933,0.010997557492437304,-0.010321276947272556,-0.0043238923871731505,0.0025857993960013486,0.0010660278885431269,-0.0010862332724238914,-0.002090464143459176,-7.15705347391755,-8.379612270058736,-0.20685478113157635,-0.005484761288268913,-1.5708032914946644,2.4347182481545966,0.9695893001033641,-0.8745415175557685,-0.8151301495295641,0,zero,0,0.005484761288268913,0.010304739618974601,0.7090764265659837,1.283197282942982,1.408617796231786,-0.4449528126414425,0.10680665822136595,0.7068812086766033,1.2420948943977248,1.4990982522556606,-0.4058794970357733,0.21614161533186885,0.05176682765296774,-0.04767803431868844,0.03526778706786129,0.20679286983438414,-2.330881325339256,7.511676116669703,16.200837517415504,1.0,-0.27435004711151123,6.9646997680195e-06,3.409347053562328e-07,0.0,0.0,0.0,1,0.15691494007492243,3.9419494388633507,-9.0,-9.0,0.15691494007492243,1.270177381037208,-3.6285810841006536,1.4103661824929867,0.004658251866580379,-0.0014670681645952248,-0.001262882419514304,-0.04577123578053528,0.05937262794861979,0.31697090208311296,0.0,0.0,0.0,0.0,0.0,0.2942339022593708,26.279662925755673,-30.0,-30.0,49.90698605486586,2.671772057826143,-5.371418915899346,-10.410366182492986,0.2942339022593708,26.279662925755673,-70.43178218295175,-61.815883365909535,97.32700876352393,0.4300000000000002
0.0,0.0,0.0,0.0,0.0,0.0,0.0,0.0,0.0,0.0,0.0,0.0,0,0.0,-1.5707963267948966,nan,0.23910857244693365,-0.20514492684889413,-0.09764807247035492,0.005137512310411596,-1.5708029403023533,0.24357671559007738,-0.209901125107827,2.4303214881174124,-0.10199461537773868,0.8579269525911825,-0.6529414349293577,0.5565078688339692,-0.002265052021060976,0.007840800996813169,0.004468143143143727,-0.004756198258932864,-0.00434654290738376,0.004907225527105523,-0.0036358226596037956,0.002980621592310431,-0.0014062542036347796,-5.869182291395706,-6.840938634499888,-0.23259989224721406,0.09631553625102662,-1.5708035938153453,2.432498376097823,0.9696073552597116,-0.8745415175044514,-0.8252511736489994,0,zero,0,-0.0963155362510264,-0.09117802394061503,0.7112777470536235,1.2837245084757312,1.4081322135104994,-0.444593623587974,0.23757226697217135,0.709100455270783,1.2302996695863742,1.5518424915126512,-0.26313017266471084,0.22413030621410387,0.053680152782136045,-0.049440235815423686,0.03657130026939369,0.2325428466540023,-0.3576481885390471,3.5118481954211394,12.167843307199023,1.0,-0.23282425105571747,7.267020448509243e-06,6.535129921658722e-07,0.0,0.0,0.0,1,0.0776328200602015,2.523256254931282,-9.0,-9.0,0.0776328200602015,2.173544249394211,-6.362203612988952,-1.576303679052902,0.00465833860997343,-0.001467068164509139,-0.0012785629380613014,-0.017107339332907263,0.035491662178433345,0.26436264869669107,0.0,0.0,0.0,0.0,0.0,0.14557063577761392,16.821708366208547,-30.0,-30.0,45.63979692294622,0.3497120055370706,-2.637796387011048,-7.423696320947098,0.14557063577761392,16.821708366208547,-67.11305511644278,-82.5492606887216,107.7104157938543,0.4400000000000002
0.0,0.0,0.0,0.0,0.0,0.0,0.0,0.0,0.0,0.0,0.0,0.0,0,0.0,-1.5707963267948966,nan,0.24496204923832157,-0.21120863611804222,-0.09916680998368149,0.005466602344916138,-1.5708029296436608,0.24316211136389573,-0.21051247198926445,2.4280400528809807,-0.1021191570941338,0.8423827940427013,-0.6268081017569566,0.545236238771063,0.13941957969314522,0.003527148183247424,-0.0017999378744258387,0.0006961641287777653,-0.002952347110452308,0.008656540769383778,-0.00659093726330575,0.005612056636100534,-8.024734959835318e-06,-2.153145570597408,-2.497246429840811,-0.2516957433659828,0.15443517195958378,-1.5708037205717236,2.4300535038569957,0.35911447765014937,-0.8745415175041198,-0.8252663051412517,0,zero,0,-0.15443517195958378,-0.14896856961466742,0.7135591803097472,1.2842709213541126,1.4076289589525364,-0.44422136254901134,0.2952062642849474,0.7115449200774867,1.2388470351816434,1.5555045657433986,-0.19280108351405403,0.23216328512325649,0.05560408508037272,-0.051212206675934825,0.03788203994001946,0.2516711317253043,1.620199259400795,-1.8290165994147867,3.088497448477849,1.0,-0.24814960360527039,7.393776827235854e-06,7.909280625995052e-07,0.0,0.0,0.0,1,0.019245843583349156,-0.04535207249716775,-9.0,-9.0,0.019245843583349156,1.6370880186133259,-7.744791089900496,-3.899882650808946,0.0017253136824545304,-0.0014670681645085827,-0.0012785863813059874,0.024386497568174563,-0.010222540928739617,0.10709802438342997,0.0,0.0,0.0,0.0,0.0,0.03608821223204417,-0.30234714998111833,-30.0,-30.0,42.42749952752535,-1.6824400911104935,-1.2552089100995039,-5.100117349191054,0.03608821223204417,-0.30234714998111833,-38.47838657196984,-67.84944989156432,78.00145383214348,0.45000000000000023
0.0,0.0,0.0,0.0,0.0,0.0,0.0,0.0,0.0,0.0,0.0,0.0,0,0.0,-1.5707963267948966,nan,0.2480994095878285,-0.21503345908369545,-0.10295607659057485,0.005807308511821763,-1.570802918579002,0.2427312164369402,-0.21114450980231067,2.425678088341489,-0.10224809433522222,0.6026967215348354,-0.35682552764624564,0.3192785152607014,0.3660329365804932,0.00666653306391871,-0.005368193150888295,0.0038889492813847792,0.0007079822553526238,0.009270948768086906,-0.006760829149599169,0.005859523853857492,0.0024305679329114233,2.8394924500948537,3.2761785841986857,-0.26063570418721105,0.14242403521597535,-1.5708035264395486,2.427470621870545,-0.8986984068463654,0.8243060813853447,-0.8252664565927028,0,zero,0,-0.14242403521597513,-0.1366167267041538,0.7159211428065856,1.2848366213249807,1.4071079406895295,-0.4438359615688583,0.23758430490756186,0.7141278548363078,1.2637131794734782,1.5064083312046601,-0.22904229614887034,0.24023528136399536,0.05753736219393615,-0.0529927842532577,0.039199146061364244,0.2606564247506737,2.934118434484075,-6.749563879091351,-8.150886707201987,1.0,-0.1684466004371643,7.1996446520117274e-06,6.078605467862985e-07,0.0,0.0,0.0,0,0.02635639890091334,-2.7988076863485425,1.312711353324609,-7.565660269656863,0.02635639890091334,0.05184034212936266,-5.4152215675552515,-5.245330883379427,-0.004317666800508837,0.001382796797643816,-0.0012785866159499583,0.04724005804317816,-0.0451786595956555,-0.1203404745828276,0.0,0.0,0.0,0.0,0.0,0.04942133677276081,-18.658717908990283,4.375704511082031,-25.218867565522878,31.674726008783225,-2.850648028477905,6.72793292087986,-2.320329386277436,0.04942133677276081,-18.658717908990283,4.375704511082031,-25.218867565522878,31.674726008783225,0.46000000000000024
0.0,0.0,0.0,0.0,0.0,0.0,0.0,0.0,0.0,0.0,0.0,0.0,0,0.0,-1.5707963267948966,nan,0.24608508670296805,-0.2144150243692104,-0.10681251077382134,0.006159683333251342,-1.5708029071036327,0.24228379372982137,-0.21179723853514604,2.4232352304067932,-0.10238144688170589,0.4234662861528742,0.15669001777416092,-0.12711634473204225,0.3723081636762826,0.006398199602757928,-0.003801292973146686,0.0026177858340643567,0.00443106389211545,0.006167805343207446,-0.003456501710782955,0.0030535025952062814,0.004095185047848428,6.878564657097534,7.894652752872658,-0.2589832717532396,0.0587921045442279,-1.570803102459858,2.424861244724254,-0.968839032703205,0.8745406167968853,0.5509276183231998,0,zero,0,-0.0587921045442279,-0.05263242121097633,0.718363998636788,1.2854216955900588,1.4065690784073672,-0.44343736123858507,0.08139258370268326,0.7167377087910611,1.2952416692165538,1.423173449634119,-0.3643806041758574,0.24834108971546573,0.059478737450497775,-0.05478082034324769,0.040521769298511846,0.2590368962754222,3.132433329408542,-8.832559861576543,-16.17104644310536,1.0,-0.11570898443460464,6.775664961544692e-06,1.953562254186636e-07,0.0,0.0,0.0,1,0.08725478403896576,-4.5,9.0,9.0,0.08725478403896576,-1.8193680450677225,-0.21577063088138132,-3.441316469335601,-0.004654647315130757,0.001467066653546687,0.0008535530234120252,0.05410149189354749,-0.06431759916260184,-0.29723075188938386,0.0,0.0,0.0,0.0,0.0,0.16361294588217845,-30.0,30.0,30.0,51.96178181313705,-2.6806319549322772,9.215770630881382,12.4413164693356,0.16361294588217845,-34.471535086485694,47.10383764513951,32.329362071528834,66.72535255258337,0.47000000000000025
0.0,0.0,0.0,0.0,0.0,0.0,0.0,0.0,0.0,0.0,0.0,0.0,0,0.0,-1.5707963267948966,nan,0.23945325423306912,-0.2097143810963664,-0.10734312583921429,0.006523771870299511,-1.5708028952129407,0.241819609151879,-0.21247063965553603,2.420711166709669,-0.10251923167991298,0.818990532780589,0.6167647891956562,-0.5374044393233995,0.039283026718586744,0.006038754151885383,0.0023663549188098765,-0.0027562585591696387,0.004823894159301317,0.003815840601415031,0.0018042374980838,-0.0015442946444370659,0.0029867240577393034,7.557185866545497,8.62893491982175,-0.251826571186485,-0.056171489545110864,-1.5708027362357042,2.4223096208735244,-0.9695640976950385,0.8745415174990211,0.8250443159598505,0,zero,0,0.056171489545111086,0.06269526141541037,0.7208880601681678,1.2860262189627552,1.4060123032017648,-0.4430255105891939,0.11475905374768394,0.7192899204712517,1.3214795445686236,1.3436757666863322,-0.5326039917401788,0.25647557043128877,0.061426979859141945,-0.056575181184579555,0.04184907100000409,0.2518840672467755,2.136254602875815,-6.856580570559975,-16.190702776510438,1.0,-0.12476632744073868,6.4094408074311104e-06,-1.589772367083242e-07,0.0,0.0,0.0,1,0.14935794297425228,-4.5,9.0,9.0,0.14935794297425228,-3.143318549358451,4.112214392607129,-0.20706234644553995,-0.004658130785246651,0.0014670681645000295,0.0012782424531189664,0.042329818699558444,-0.05616887143032372,-0.32841802912956447,0.0,0.0,0.0,0.0,0.0,0.28006364705466397,-30.0,30.0,30.0,51.962278968944396,-1.356681450641549,4.887785607392871,9.20706234644554,0.28006364705466397,-41.77889611835406,68.4120242221852,77.70475424680671,111.64133861275626,0.48000000000000026
0.0,0.0,0.0,0.0,0.0,0.0,0.0,0.0,0.0,0.0,0.0,0.0,0,0.0,-1.5707963267948966,nan,0.23099545020936607,-0.20332096971499802,-0.1046056895516205,0.006899611817473783,-1.5708028829024445,0.24133843163795762,-0.21316467625888136,2.418105635953064,-0.10266146287678929,1.1052193186589185,0.7976626509781676,-0.7087447984713696,-0.28796674844701053,0.014410268585887169,0.010342981428591552,-0.009843706543883335,0.001944226674831212,0.008681600660196883,0.0065090557378245165,-0.005744328296816761,7.12449536103691e-05,5.187291946100473,5.893395708171994,-0.24534973097886403,-0.1522295624958072,-1.5708025935097472,2.419831743756686,-0.9695985885085607,0.8745415175039899,0.8252659445682887,0,zero,0,0.15222956249580744,0.15912917431328122,0.7234935886984469,1.2866502540249747,1.4054375574338376,-0.4426003669847842,0.24292415153063318,0.7217682847063144,1.3317580461308038,1.303586654831992,-0.658472661301446,0.26463364923956206,0.06338087411036597,-0.05837474745874753,0.04318022319784089,0.24539261073355392,0.18706733027974942,-1.8014797648339922,-9.465532702355082,1.0,-0.3439035415649414,6.2667148506001524e-06,-2.8939269736127926e-07,0.0,0.0,0.0,1,0.17526003091181072,-4.5,9.0,9.0,0.17526003091181072,-3.8485182956881467,6.616461771250814,2.6073837926132217,-0.004658296491382695,0.0014670681645083648,0.0012785858226697303,0.01496528899662006,-0.025543683170011756,-0.22181312143932044,0.0,0.0,0.0,0.0,0.0,0.3286330975282406,-30.0,30.0,30.0,51.962563444395144,-0.6514817043118533,2.3835382287491864,6.392616207386778,0.3286330975282406,-34.29147720625817,56.42533113721703,84.55373028094559,107.28077510471111,0.49000000000000027
0.0,0.0,0.0,0.0,0.0,0.0,0.0,0.0,0.0,0.0,0.0,0.0,0,0.0,-1.5707963267948966,nan,0.22353484624167236,-0.197723400325223,-0.10156281820747812,0.007287233597141007,-1.5708028701677947,0.24084003320251884,-0.2138792932226722,2.415418427255356,-0.10280815185487668,0.9924177421058479,0.6962205532254934,-0.6312186353565868,-0.31895603222297786,0.023707239969195985,0.017305186960846486,-0.016155892897449203,-0.0012453336473985666,0.012208742479355444,0.008964973891389354,-0.00802347581973637,-0.002075204043951135,0.7813239119683955,0.8833045906606409,-0.24362631379225555,-0.19257006717751546,-1.570802674117671,2.4173942938794166,-0.48759026225839586,0.7429913526373629,0.825266460177044,0,zero,0,0.19257006717751546,0.19985730077465647,0.7261807951100008,1.287293851283935,1.4048447945856708,-0.44216189601571815,0.2644815705602705,0.724206025217613,1.3200282343926848,1.3227107172768138,-0.6914189018490783,0.272810317342859,0.06533922057608,-0.06017841429006521,0.04451440860748019,0.24364184837049765,-2.0509200564775907,4.380075819663825,1.1498801832855126,1.0,-0.5894538164138794,6.3473227744914595e-06,-1.9605012369083852e-07,0.0,0.0,0.0,1,0.17507644784495294,-2.0106096041980686,5.4457375783718245,9.0,0.17507644784495294,-3.424137531744977,6.830623946371114,4.63156999655586,-0.002342557048690051,0.0012463890371611891,0.0012785866215031837,-0.030132441986945428,0.026731177675971572,-0.030046582508216707,0.0,0.0,0.0,0.0,0.0,0.32828885776289696,-13.404064027987124,18.15245859457275,30.0,37.54049092737318,1.4135279275469084,-1.3848863679992895,4.36843000344414,0.32828885776289696,-13.404064027987124,18.15245859457275,56.1073656652414,60.47582112680487,0.5000000000000002
0.0,0.0,0.0,0.0,0.0,0.0,0.0,0.0,0.0,0.0,0.0,0.0,0,0.0,-1.5707963267948966,nan,0.21971501983075223,-0.19531773744219255,-0.10061351763504015,0.007686660453969152,-1.5708028570047756,0.24032418901082592,-0.21461441736754572,2.4126493794956034,-0.1029593072672779,0.46895463569718226,0.3303982219227203,-0.3140787027903963,-0.11004559848391826,0.028330238958278155,0.02060916918007369,-0.019296679925353166,-0.002345789632237749,0.011239727389150692,0.008164853238395444,-0.007429692212117081,-0.0021133662747130477,-4.178516944627076,-4.7005339183452834,-0.2530397768576578,-0.15887628143988874,-1.5708029041710032,2.414914636844079,0.9177070922580821,-0.8752693893822628,0.7524417833954967,0,zero,0,0.15887628143988852,0.1665629418938579,0.7289498405246028,1.2879570493289798,1.4042339791158933,-0.441710071391786,0.17392673012889484,0.7266856513125751,1.290772728000752,1.3943719430875399,-0.615319383064675,0.28100063141822945,0.06730083530960729,-0.06198509124566569,0.04585082062783805,0.25301583256105475,-3.2715259943527735,8.490223787513901,11.507977596582169,1.0,-0.6534534096717834,6.577376106875477e-06,4.7166227368222735e-08,0.0,0.0,0.0,1,0.1682345870399214,1.7182550055237316,-9.0,1.2817830081810362,0.1682345870399214,-1.6681332250249696,2.1113161827115157,4.777195816379801,0.004408991286341064,-0.0014682891901990638,0.0011657592355117496,-0.05381387242037271,0.059277131313576197,0.19305494236858817,0.0,0.0,0.0,0.0,0.0,0.31545956692278526,11.45503337015821,-30.0,4.272610027270121,32.39710636299067,3.386388230548701,-11.111316182711516,-3.4954128081987648,0.31545956692278526,11.45503337015821,-31.62363523246011,4.272610027270121,33.90614702396341,0.5100000000000002
0.0,0.0,0.0,0.0,0.0,0.0,0.0,0.0,0.0,0.0,0.0,0.0,0,0.0,-1.5707963267948966,nan,0.22135442105073805,-0.19782899894375922,-0.10124044194392112,0.008097908549373756,-1.5708028434093064,0.23979067746689572,-0.2153699576251494,2.409798380658805,-0.10311493507260958,0.2833059717046187,-0.21729127639160128,0.17557212439629766,0.04712965035492955,0.02551655357986366,0.018436256416157676,-0.01754095868139019,-0.0018744931286884536,0.005599355555764319,0.003987569451405231,-0.0037759642968978446,-0.001092779089588239,-7.248212551266795,-8.110248721861595,-0.2755824702997054,-0.06455483460812084,-1.5708032037824422,2.4122604494414017,0.9694794887135872,-0.8745415249525205,-0.7560293239512058,0,zero,0,0.06455483460812061,0.07265274315749437,0.7318008369581691,1.2886398749883932,1.4036050863152483,-0.4412448748353715,0.08633099585725106,0.7293394156237701,1.2602919774679329,1.4818796180370808,-0.46397099726346247,0.28919971361719937,0.0692645500456839,-0.06379370233550145,0.04718866334128855,0.27552412114167524,-2.674972126003366,8.378110567181615,16.58030500004234,1.0,-0.5180361270904541,6.876987545645363e-06,3.603731357770812e-07,0.0,0.0,0.0,1,0.13877251760204024,3.6886110459415113,-9.0,-9.0,0.13877251760204024,0.5113647841236457,-2.894388302170649,2.3844909119535496,0.004657724293605568,-0.0014670681770034858,-0.0011713174177231602,-0.0499609379572377,0.0640697745413202,0.31607812745554076,0.0,0.0,0.0,0.0,0.0,0.26021473392469574,24.590740306276743,-30.0,-30.0,49.03847693922085,3.1772462618178654,-6.105611697829351,-11.384490911953549,0.26021473392469574,24.590740306276743,-68.32220044147095,-50.75097733653197,88.59095323054274,0.5200000000000002
0.0,0.0,0.0,0.0,0.0,0.0,0.0,0.0,0.0,0.0,0.0,0.0,0,0.0,-1.5707963267948966,nan,0.22675224430108998,-0.20384202453753805,-0.10191272045654648,0.00852098705596016,-1.570802829377441,0.23923928031787958,-0.2161458052130182,2.4068653671811475,-0.10327503856995046,0.7942517237760748,-0.5949220399368071,0.5237178005910031,0.051217501528447174,0.017583088410089633,0.012487036016789604,-0.012303780675480158,-0.001362318113403982,0.0016730554660534557,-0.0013054567927923734,0.000972421400520963,-0.00038638552567668084,-6.870536696005801,-7.642799325982884,-0.3016880163995013,0.04464115535219726,-1.5708035150495456,2.4093519972332724,0.969603129747904,-0.8745415175195546,-0.8251990120544151,0,zero,0,-0.04464115535219726,-0.036120168296236876,0.7347338479755038,1.2893423434862135,1.4029581021621649,-0.4407662959746175,0.20252059656616817,0.7322472344365938,1.243702016847694,1.5471456827801098,-0.30609888727266893,0.29740275156577073,0.07122921220045884,-0.06560318601234442,0.048527151513663866,0.30162450180249517,-0.8919392394995587,4.965573277692234,14.350632135888395,1.0,-0.37452712655067444,7.188254649292958e-06,6.85672104872026e-07,0.0,0.0,0.0,1,0.07246210151502339,2.879213715421389,-9.0,-9.0,0.07246210151502339,1.819601889587062,-5.980349028890441,-0.7433092644562097,0.0046583183091117525,-0.001467068164534475,-0.0012784821240209763,-0.025028621763444375,0.04470102340654194,0.3000831718588424,0.0,0.0,0.0,0.0,0.0,0.1358749325239516,19.19475810280926,-30.0,-30.0,46.56669626055353,1.0596118258343268,-3.0196509711095594,-8.25669073554379,0.1358749325239516,19.19475810280926,-73.27751194710976,-82.02143245438435,111.64930066798716,0.5300000000000002
0.0,0.0,0.0,0.0,0.0,0.0,0.0,0.0,0.0,0.0,0.0,0.0,0,0.0,-1.5707963267948966,nan,0.2327449026054708,-0.210556398064747,-0.10323380858746342,0.008955898251966188,-1.57080281490537,0.23866978277449238,-0.21694183381666848,2.403850323295268,-0.10343961843378205,0.8912138204518896,-0.6562155847768009,0.5918344923558666,0.11565082670853544,0.008713228589450886,0.005924880169021596,-0.006385435751921492,-0.00020580984631862753,0.006978915013758161,-0.005235808325301131,0.004585728013771537,0.0005125080815727683,-3.653081179729007,-4.038065266404912,-0.3224264976535883,0.12111879312294827,-1.5708037062818432,2.406206395219915,0.746881196527345,-0.8745415175056755,-0.8252661014036167,0,zero,0,-0.12111879312294827,-0.1121628948709823,0.7377488893450432,1.2900644585990475,1.4022930231783308,-0.4402743322365912,0.2891888862802374,0.7353923220294288,1.246895460380919,1.5670208514732396,-0.2065526201160067,0.3056049983644218,0.07319368487149412,-0.06741249517178595,0.04986551059425421,0.32238890490024896,1.1024918621601594,-0.13162768421498217,6.416136653226915,1.0,-0.2987867295742035,7.379486946845759e-06,8.913764730777984e-07,0.0,0.0,0.0,1,0.021678387596238694,0.5673275263225667,-9.0,-9.0,0.021678387596238694,1.6973476004339505,-7.577120370660247,-3.3078977482973464,0.0035882829229513897,-0.0014670681645111926,-0.00127858606565495,0.016301879631301162,0.011915768973963622,0.16711712592849728,0.0,0.0,0.0,0.0,0.0,0.04064951733778116,3.782183508817111,-30.0,-30.0,42.59467765434583,-1.1300200741113837,-1.4228796293397528,-5.692102251702654,0.04064951733778116,3.782183508817111,-50.247593811545045,-76.8983331653747,91.93737483711732,0.5400000000000003
0.0,0.0,0.0,0.0,0.0,0.0,0.0,0.0,0.0,0.0,0.0,0.0,0,0.0,-1.5707963267948966,nan,0.23669232568043827,-0.21555470746987276,-0.10652395958459682,0.00940263761570792,-1.5708027999894252,0.23808197364707986,-0.217757899779123,2.4007532803755027,-0.1036086727489286,0.6913807622546395,-0.4535232202380002,0.4182243442671263,0.3121096681986846,0.003909485280308763,0.001389647966641594,-0.0022031923092502292,0.0029152868356682182,0.009065160737055687,-0.0065025183214973,0.0058349870596039,0.0024181233801241395,1.2980142362023552,1.4253350024455707,-0.33416660149342325,0.13273785445699238,-1.5708036122837445,2.4029002750465516,-0.6741565365523823,0.21559268896099554,-0.8252664576185051,0,zero,0,-0.13273785445699238,-0.12333521684128446,0.7408459296936007,1.2908062128128852,1.4016098562842638,-0.43976898874044956,0.26820209592585076,0.7386983391491407,1.2675014631156012,1.533778045379519,-0.20757034415633396,0.31380177258810693,0.07515684683776463,-0.06922059715223682,0.05120297671580789,0.33417375291541684,2.598965122715165,-5.359094003955379,-4.687929137386936,1.0,-0.22105419635772705,7.285488847763588e-06,8.122943193633603e-07,0.0,0.0,0.0,1,0.03466833701947106,-2.0849738384094225,-3.126494546051767,-9.0,0.03466833701947106,0.4188677815646595,-6.620734878523548,-5.079072019581439,-0.003238887789322462,0.0003616628417803933,-0.0012785866175392354,0.0412925455975051,-0.03490701182483031,-0.052681920523949835,0.0,0.0,0.0,0.0,0.0,0.06500719486118706,-13.899825589396151,-10.421648486839224,-30.0,34.667277576040696,-2.503841619974082,3.494240332471781,-3.9209279804185613,0.06500719486118706,-13.899825589396151,-10.421648486839224,-41.0914475336095,44.61308322613038,0.5500000000000003
0.0,0.0,0.0,0.0,0.0,0.0,0.0,0.0,0.0,0.0,0.0,0.0,0,0.0,-1.5707963267948966,nan,0.23616816796766038,-0.2165357108474449,-0.11059743013018405,0.009861193920020606,-1.5708027846260788,0.23747564549687197,-0.21859384229807433,2.397574316283142,-0.10378219704549838,0.3903508086160013,-0.00821704374300014,0.014506085862081575,0.3899946249017461,0.00723828740490853,0.0013074775292115925,-0.0020581314506294135,0.006815233084685679,0.007260757704731562,-0.004382036813273095,0.003979655088066275,0.004204604760731539,6.018755003544056,6.564532750820597,-0.3354073123124726,0.06933869471045884,-1.5708032392375075,2.3995358043672512,-0.9666100677988433,0.8744569823201881,-0.09160313189396413,0,zero,0,-0.06933869471045906,-0.05947750079043823,0.7440248911611119,1.2915675874799126,1.4009086186548834,-0.43925027819060486,0.13639454298115436,0.7420631778429103,1.2974047504332709,1.4588949587411473,-0.3159492849750138,0.32198845828625683,0.07711759255965826,-0.07102647373492725,0.05253879669453128,0.33545400334304687,3.0808544361609713,-8.41235572486368,-14.23759300574038,1.0,-0.14959478378295898,6.912442611195502e-06,4.546114285020053e-07,0.0,0.0,0.0,1,0.1052952124373611,-4.5,9.0,4.324461435846186,0.1052952124373611,-1.4871870204632076,-1.5889335073806792,-4.2200228695819,-0.004643938574919641,0.0014669263543433191,-0.00014192087595840002,0.05248792774031236,-0.060031217291593796,-0.2516851490363962,0.0,0.0,0.0,0.0,0.0,0.19744086337401295,-30.0,30.0,14.414871452820622,44.80878822168563,-3.0128129795367924,10.588933507380679,8.544484305428085,0.19744086337401295,-30.10921396679164,33.83626045764028,14.414871452820622,47.53193441625519,0.5600000000000003
0.0,0.0,0.0,0.0,0.0,0.0,0.0,0.0,0.0,0.0,0.0,0.0,0,0.0,-1.5707963267948966,nan,0.2305297310447088,-0.21278226509160206,-0.1119192086399477,0.01033154932670155,-1.5708027688119481,0.23685059480194529,-0.219449483630896,2.394313554711686,-0.10396018433382836,0.6905503864344178,0.5013386228024885,-0.4609087088664532,0.11437912214336543,0.012155294714388823,0.006320863757236478,-0.006667218539293945,0.007959024306119333,0.003608405765210235,0.0004201559828822445,-0.00041887996518198776,0.00355929778063312,7.931562243110775,8.593198121615494,-0.3297216278804275,-0.040593886918193434,-1.5708028449323128,2.396209372935271,-0.9694887880140161,0.8745415177026412,0.8202411580890767,0,zero,0,0.040593886918193434,0.05092543624489476,0.7472856500553788,1.2923485529753274,1.4001893375750825,-0.4387182207698899,0.05754011980530394,0.7453901922695425,1.3246619795086008,1.3771695726136537,-0.48035000566785174,0.33016050498277794,0.07907483217897575,-0.07282912114390684,0.05387222803008876,0.3297816843384666,2.33822348569774,-7.486465499030941,-16.842372675117065,1.0,-0.1912737935781479,6.518137416477998e-06,7.612036467818939e-08,0.0,0.0,0.0,1,0.1802511050054752,-4.5,9.0,9.0,0.1802511050054752,-2.9509295835702924,3.253560236445893,-1.3401657579353516,-0.0046577689707524555,0.001467068164841608,0.0012708009130941585,0.044664962512894965,-0.059103173120360286,-0.331251025553065,0.0,0.0,0.0,0.0,0.0,0.3379919463819149,-30.0,30.0,30.0,51.96262347645487,-1.5490704164297076,5.746439763554108,10.340165757935353,0.3379919463819149,-39.860643203375396,62.65826138078641,66.37154136980631,99.60032298245562,0.5700000000000003
0.0,0.0,0.0,0.0,0.0,0.0,0.0,0.0,0.0,0.0,0.0,0.0,0,0.0,-1.5707963267948966,nan,0.2219141674298656,-0.20617375101522212,-0.1093108717982049,0.01081367948095413,-1.5708027525437949,0.23620662213737945,-0.22032462930771224,2.390971164532098,-0.10414262513943817,1.1284496686034122,0.7971590950277357,-0.7483659753196176,-0.279077764735261,0.020766135691097077,0.014292454707513835,-0.014150878292490121,0.005168246658766723,0.0076881149303378955,0.005584613842062231,-0.005259051905427841,0.0005114415637657811,6.524705703482469,7.022899669085327,-0.3236001279840061,-0.1483731694924293,-1.5708026451757233,2.392950515303148,-0.9695847849457038,0.874541517504854,0.8252596445827648,0,zero,0,0.1483731694924293,0.1591868489733832,0.7506280375068151,1.2931490688541518,1.3994520502952994,-0.4381728440327236,0.20643052492314087,0.7486495971935045,1.3382927151497532,1.3259578124349558,-0.625710295210975,0.3383134276760535,0.08102749151893089,-0.07462755004604475,0.055202538905602894,0.32365131007691483,0.6016205444454656,-3.1850375580063206,-12.169493942296057,1.0,-0.45467400550842285,6.318380826542125e-06,-1.0736807176670027e-07,0.0,0.0,0.0,1,0.2046585469521179,-4.5,9.0,9.0,0.2046585469521179,-3.755258893952888,6.170037481216529,1.6564943206363563,-0.004658230174157002,0.0014670681645098144,0.001278576062092274,0.020754845550176454,-0.0340479041462138,-0.2668250249434978,0.0,0.0,0.0,0.0,0.0,0.3837587604577497,-30.0,30.0,30.0,51.96294132154403,-0.7447411060471119,2.8299625187834714,7.343505679363644,0.3837587604577497,-36.037679108797604,59.21843500885083,85.94145987626362,110.41566536001952,0.5800000000000003
0.0,0.0,0.0,0.0,0.0,0.0,0.0,0.0,0.0,0.0,0.0,0.0,0,0.0,-1.5707963267948966,nan,0.21319701965194782,-0.1993553353302491,-0.10525153767080486,0.011307553605827803,-1.5708027358185326,0.23554353236906417,-0.22121906835273106,2.3875473591380585,-0.10432950753799214,1.1932574462088419,0.8054058009602516,-0.7712854729991836,-0.42462165259539997,0.03127682195908698,0.02234651271711635,-0.021863733022481957,0.0009220301328127234,0.012770317525451455,0.009076383763335638,-0.008632658960180041,-0.0024854510171663066,2.6600661252093785,2.8447665312897685,-0.32077599509810195,-0.21234330395443224,-1.570802680195163,2.3897373334721492,-0.7664349340362725,0.8745415175042043,0.8252663952073144,0,zero,0,0.21234330395443202,0.22365085756026026,0.7540518401231904,1.2939690840080478,1.3986968038870902,-0.4376141827982764,0.267160424997517,0.7518631724549881,1.3309816104882188,1.3298693752720627,-0.6930799542285994,0.3464428068389423,0.0829745120841503,-0.0764207855510294,0.056529008187654176,0.32080442847670754,-1.6383285049158482,2.8875117239727146,-2.6455099652823217,1.0,-0.8382533192634583,6.3534002663345746e-06,-5.562336991005168e-08,0.0,0.0,0.0,1,0.1854441696477018,-2.719453312003673,8.199426034604155,9.0,0.1854441696477018,-3.5939939599351862,7.41662123611057,3.959168002665261,-0.0036822260329257613,0.0014670681645087245,0.0012785865208454798,-0.023364155795686344,0.016343218971323938,-0.09975268007460918,0.0,0.0,0.0,0.0,0.0,0.34772955118639004,-18.12968874669115,27.331420115347182,30.0,44.45011873341029,0.8745406479315134,0.7828047984935846,5.040831997334739,0.34772955118639004,-18.12968874669115,27.331420115347182,68.52257606155058,75.96812809017514,0.5900000000000003
0.0,0.0,0.0,0.0,0.0,0.0,0.0,0.0,0.0,0.0,0.0,0.0,0,0.0,-1.5707963267948966,nan,0.2070958670729442,-0.1949085249162772,-0.10295476936193573,0.011813134596662334,-1.5708027186332287,0.23486113486058408,-0.22213257351404483,2.3840423957912202,-0.10452081719027975,0.8017881361168214,0.5418755070523529,-0.5360315575285685,-0.24880779611567427,0.038916724209183226,0.02776526778763988,-0.02722404859776764,-0.0015660478283440193,0.013810270246092465,0.009646352972622951,-0.009312168241584883,-0.003309827977114985,-2.5632177103509326,-2.7235488981849714,-0.3269448569081414,-0.2063235540791435,-1.5708028836965235,2.386505686858702,0.7990820824427486,-0.8744017019982012,0.825266463635822,0,zero,0,0.2063235540791437,0.2181366886758056,0.7575568006443755,1.2948085368221303,1.397923655098699,-0.4370422790436357,0.2163386858643826,0.7550949350893715,1.303942927611692,1.3909081165504824,-0.6530601286378281,0.35454428841877955,0.08491485106067359,-0.07820786721136874,0.05785092542628126,0.32693552069791487,-3.219371870133216,7.839494916479091,8.360152018471602,1.0,-1.045444130897522,6.556901626986189e-06,1.65063294588208e-07,0.0,0.0,0.0,0,0.15200926713216598,1.0564956768504634,-6.244140473978875,7.078817708809184,0.15200926713216598,-2.0721841142606876,3.686017745256272,5.214035357953336,0.0038390745459887473,-0.0014668336200375288,0.001278586626861874,-0.0515487571466047,0.053278960580336536,0.12661014900322398,0.0,0.0,0.0,0.0,0.0,0.285035190572222,7.043304512336423,-20.81380157992958,23.596059029363946,32.244033889066515,3.128679791111151,-9.930158219235146,1.8647823508558474,0.285035190572222,7.043304512336423,-20.81380157992958,23.596059029363946,32.244033889066515,0.6000000000000003
0.0,0.0,0.0,0.0,0.0,0.0,0.0,0.0,0.0,0.0,0.0,0.0,0,0.0,-1.5707963267948966,nan,0.20642916586678883,-0.19559719903754233,-0.10327769776225232,0.012330379115529588,-1.5708027009851047,0.23415924369257635,-0.22306490150210168,2.380456574966459,-0.10471653737720865,0.02771055210041974,-0.003518996185236656,-0.02436538667917043,0.012720821338768618,0.0390576772778843,0.027730077825787514,-0.027467702464559346,-0.0014388396149563332,0.009264820163380342,0.006396121619942213,-0.006359292867597396,-0.0021179979005682753,-6.807419771427398,-7.184496758002773,-0.34604661113186547,-0.12850667731896692,-1.570803158196822,2.383134613185964,0.9692961859612035,-0.8745415242638535,-0.5730212273337372,0,zero,0,0.12850667731896692,0.1408370564344965,0.7611426185970869,1.2956673553317815,1.397132670210632,-0.43645718179697096,0.11943693640416304,0.7584657076193193,1.2712172109093458,1.4794057228568345,-0.5194713442707707,0.3626135838373768,0.08684748131595334,-0.07998784902239017,0.05916759085498085,0.3459960358995878,-3.0611881552962963,8.946382038052857,15.782566975213706,1.0,-1.0365698337554932,6.83140192547782e-06,4.572117173751167e-07,0.0,0.0,0.0,1,0.11165215130946952,3.696221196569609,-9.0,-9.0,0.11165215130946952,0.17826079176637716,-1.5230211266823206,3.3714827603522237,0.00465684364198498,-0.0014670681758482274,-0.0008877826865144552,-0.05477028613045795,0.06644211434789377,0.291491047847229,0.0,0.0,0.0,0.0,0.0,0.20936086875955284,24.641474643797395,-30.0,-30.0,49.063694363493234,3.517960404803232,-7.476978873317679,-12.371482760352224,0.20936086875955284,24.641474643797395,-63.245568759103385,-33.244908211339386,75.5808970192676,0.6100000000000003
0.0,0.0,0.0,0.0,0.0,0.0,0.0,0.0,0.0,0.0,0.0,0.0,0,0.0,-1.5707963267948966,nan,0.21030280500661747,-0.20071187133479088,-0.10441385016577318,0.012859237685672209,-1.5708026828715431,0.23343767789393813,-0.22401579323703605,2.376790239697132,-0.1049166490348255,0.6271295661632291,-0.45952049384668514,0.4163780562314173,0.09360407459040043,0.03284125342067728,0.023134872887320662,-0.023303921902245173,-0.0005027988690523288,0.00204691619372112,0.0011984899339643612,-0.0014610889136865562,-0.0007865792831025348,-7.479160112731528,-7.836624384785447,-0.3715392357330385,-0.019537241720893217,-1.570803458396644,2.3795270438207874,0.9696041788614783,-0.8745415175043465,-0.8250607859307729,0,zero,0,0.019537241720893217,0.032396479406565426,0.7648089509496316,1.2965454573794657,1.3963239248912265,-0.43585894703069966,0.1842304214450299,0.7620726830519416,1.2494638334742842,1.5555583730667126,-0.3561026166957045,0.3706464699910213,0.08877139139885494,-0.08175979942224039,0.06047831539070765,0.37147383273098517,-1.453690583706211,6.331532436182075,15.710688224163071,1.0,-0.8213618993759155,7.131601747367711e-06,7.755251010266306e-07,0.0,0.0,0.0,1,0.05281601549619913,3.504567831494573,-9.0,-9.0,0.05281601549619913,1.8204125078353122,-5.1763111291567085,0.1439858529012245,0.004658323349426519,-0.001467068164508963,-0.0012782679700707562,-0.03344954150846666,0.05308657792191193,0.31886370075960435,0.0,0.0,0.0,0.0,0.0,0.09903621881904956,23.363785543297155,-30.0,-30.0,48.434247006491375,1.6841553236592608,-3.8236888708432915,-9.143985852901224,0.09903621881904956,23.363785543297155,-77.86448821106468,-75.6609517429985,111.05554657968777,0.6200000000000003
0.0,0.0,0.0,0.0,0.0,0.0,0.0,0.0,0.0,0.0,0.0,0.0,1,0.0,-1.5707963267948966,nan,0.21558679429598207,-0.20734681573435407,-0.1060006505216669,0.013399654785948734,-1.5708026642900916,0.2326962616842221,-0.22498497410505103,2.3730437749203284,-0.10512113078935534,0.8385534719947757,-0.6025405499080622,0.5665763531548212,0.13823186013638966,0.02458886048556464,0.01710946738824004,-0.01763815837069696,0.0008795197323115678,0.00427849325096269,-0.003212258388405005,0.0027981639888938897,0.0003964578614587069,-4.858359762777354,-5.051466133292074,-0.39353731462851765,0.06898700680107805,-1.5708036902573055,2.375675966568309,0.9426699093965011,-0.8745415175040764,-0.8252659504384083,1,zero,0,-0.06898700680107783,-0.0555873520151291,0.7685554127666517,1.2974427507715425,1.3954975040522257,-0.4352476375546524,0.2854012321458008,0.7659231913166712,1.247368410005346,1.591391827874787,-0.2338403164078979,0.37863878925047717,0.09068558553965696,-0.08352280129188575,0.06178242063387456,0.39349062593584516,0.6185284389573874,1.5700255923586044,9.197191479957334,1.0,-10.638157844543457,7.3634624087048905e-06,1.0259672138523968e-06,0.0,0.0,0.0,1,0.005006978186836235,1.370724193715878,-9.0,-9.0,0.005006978186836235,2.045790172958877,-7.171072982072884,-2.657372376181838,0.004528921538786866,-0.0014670681645085099,-0.001278585831764316,0.008514163978645338,0.023067676961301634,0.21575408817382152,0.0,0.0,0.0,0.0,0.0,0.009388670892248707,9.138161291439188,-30.0,-30.0,43.39937879665444,-0.6750659792429992,-1.828927017927116,-6.342627623818162,0.009388670892248707,9.138161291439188,-62.086610823897104,-81.53660617571124,102.89058008479974,0.6300000000000003
0.0,0.0,0.0,0.0,0.0,0.0,0.0,0.0,0.0,0.0,0.0,0.0,1,0.0,-1.5707963267948966,nan,0.21955731573786624,-0.21287564485558225,-0.109289949030067,0.01395156894527183,-1.570802645238462,0.2319348247265445,-0.22597215422403347,2.3692176068221222,-0.1053299589922744,0.7246192328232354,-0.4731958399561781,0.454164900224574,0.3080470305481031,0.018450008333389945,0.01237750898867826,-0.01309650936845122,0.003959990037792599,0.0075606227950308835,-0.005286787529675697,0.004884563554520022,0.002313856855265874,-0.10803256698988939,-0.11140534724131546,-0.4076677596196715,0.09969448695092442,-1.5708036897126667,2.371645303645945,-0.3590094800863754,-0.8745415175040688,-0.8252664597977878,0,zero,0,-0.09969448695092442,-0.08574291800565259,0.7723815778638696,1.2983591334350817,1.3946535017043484,-0.4346233229092382,0.29515217259883364,0.7699536292982835,1.2644971517105905,1.574402686198449,-0.2029932149289272,0.3865864494609839,0.09258908365005065,-0.08527595195511178,0.06307923886835241,0.4076632662884589,2.3707097900737817,-3.902891982607425,-1.3769956785327335,1.0,-10.48668098449707,7.362917770148414e-06,1.0444742049031674e-06,0.0,0.0,0.0,1,0.01937927910442533,-1.33268047835382,-7.813006306612796,-9.0,0.01937927910442533,0.9787598081581187,-7.785766167767474,-4.667179584001041,-0.0017248092368120462,-0.0014670681645084973,-0.0012785866209156014,0.03675834667905743,-0.02428717345222079,0.026207449080906716,0.0,0.0,0.0,0.0,0.0,0.036338419472014494,-8.8845365223588,-26.04335435537599,-30.0,40.70863072835463,-2.311440286511939,-0.027240138845321837,-4.332820415998959,0.036338419472014494,-8.8845365223588,-26.04335435537599,-53.67313636835654,60.3158203408835,0.6400000000000003
0.0,0.0,0.0,0.0,0.0,0.0,0.0,0.0,0.0,0.0,0.0,0.0,0,0.0,-1.5707963267948966,nan,0.22020727969575124,-0.2152729286511718,-0.1138791819800444,0.014514912837052085,-1.5708026257145433,0.23115320239030612,-0.22697702871856956,2.3653122021828294,-0.1055431077554124,0.48102344838363165,-0.1431586294123377,0.1392409301053471,0.43760841868394074,0.01806348016029596,0.010945922694554883,-0.011704100067397749,0.008336074224632006,0.007567057084208717,-0.004471002730585236,0.004177255317003005,0.004452081031983,5.012842575386209,5.127810908948687,-0.41185333988892114,0.05624543213202848,-1.570803389309313,2.3675260194443704,-0.9615082182846805,0.8744434816609031,-0.6956853806343712,0,zero,0,-0.05624543213202848,-0.041730519294976176,0.7762869794628324,1.2992944935746769,1.3937920208128611,-0.43398607925861027,0.18944556505251925,0.7740731648793548,1.2945572867257615,1.507918950244484,-0.2828658490019096,0.39448542394225744,0.09448092132314029,-0.08701836317852359,0.06436811306147015,0.4118921078443387,3.2752914537083018,-8.10129447907001,-11.996986526186868,1.0,-0.3252412974834442,7.062514416400489e-06,7.635947696371659e-07,0.0,0.0,0.0,0,0.1002356725041047,-3.9503287429835066,5.771237635018459,-0.6154530207377673,0.1002356725041047,-0.8856806985214838,-3.922303367221829,-4.693861279361608,-0.004619427475199556,0.001466903706605001,-0.001077826451669482,0.05399478412201199,-0.05592949814579582,-0.20135333900781846,0.0,0.0,0.0,0.0,0.0,0.18795363304726176,-26.335524953223377,19.237458783394864,-2.051510069125891,32.678490098787734,-3.0646480444620225,9.693541002240288,4.07840825862384,0.18795363304726176,-26.335524953223377,19.237458783394864,-2.051510069125891,32.678490098787734,0.6500000000000004
0.0,0.0,0.0,0.0,0.0,0.0,0.0,0.0,0.0,0.0,0.0,0.0,0,0.0,-1.5707963267948966,nan,0.21634621961583342,-0.21324264446147234,-0.11648149352922163,0.015089613373635569,-1.5708026057163953,0.230351236022991,-0.2279992780045268,2.36132806772226,-0.10576054898609205,0.49359519242534117,0.3059093712602712,-0.30525334756567046,0.23848703184975728,0.022996464293138917,0.014005016407157594,-0.014756633543054454,0.010720944543129579,0.004705829108102876,-0.0009396096794102096,0.0007484898214497673,0.004549914749994009,7.956086987941276,8.071970940226965,-0.40779418726422,-0.04437497120683642,-1.5708029793083504,2.363421110442819,-0.9694222841284588,0.8745415260580772,0.7703568327827169,0,zero,0,0.0443749712068362,0.05946458458047221,0.7802711108456564,1.3002487098292594,1.3929131731531506,-0.4333359892838311,0.038230506491098944,0.7781786181952701,1.3265974819115838,1.4198298113824452,-0.43953517449327884,0.4023317514884904,0.09636014983344321,-0.08874916117154574,0.06564839686401484,0.40785328487709926,2.998647090310067,-8.735004885607749,-17.070200331979663,1.0,-0.4323241412639618,6.6525134538863995e-06,3.735919551495215e-07,0.0,0.0,0.0,1,0.20150661099051903,-4.5,9.0,9.0,0.20150661099051903,-2.535563180708423,1.348675127923827,-2.2417928295056972,-0.004657449462431768,0.0014670681788580885,0.0011935150496340812,0.053424177032977374,-0.06556558922503924,-0.3262246273607117,0.0,0.0,0.0,0.0,0.0,0.3778485111391694,-30.0,30.0,30.0,51.962898009034966,-1.9644368192915769,7.651324872076173,11.241792829505698,0.3778485111391694,-39.69192498366507,57.019905527798535,54.11750714309326,88.06569073247587,0.6600000000000004
0.0,0.0,0.0,0.0,0.0,0.0,0.0,0.0,0.0,0.0,0.0,0.0,0,0.0,-1.5707963267948966,nan,0.20937330824649641,-0.208044892366645,-0.11495854852047732,0.015675591800746513,-1.570802585242261,0.2295287732303117,-0.22903856808335005,2.357265749444969,-0.10598225242230672,0.8931545832973402,0.6150448576657697,-0.6237042173650592,-0.1744648444958974,0.030455723279114687,0.02015546498381529,-0.020993675716705046,0.008976296098170605,0.005371388197803405,0.0034677550772337085,-0.0036525702792425917,0.0018668733891229064,7.356881404414639,7.403931466673256,-0.4015674470618076,-0.15616366055994568,-1.5708027035848449,2.3593802487814095,-0.9695849585890587,0.874541517504088,0.8252098508294076,0,zero,0,0.15616366055994568,0.1718392523606922,0.7843334260097726,1.3012216514289137,1.3920170791662954,-0.4326731420760381,0.17926751420196513,0.7822200311709904,1.349114741165436,1.3487349993925073,-0.5999013954794389,0.4101215363683507,0.09822583613688948,-0.0904674865864221,0.06691945461023154,0.40162068269613305,1.6213016531427136,-5.5876321522149075,-14.403852306060568,1.0,-0.730327844619751,6.376789948525641e-06,1.183425837325558e-07,0.0,0.0,0.0,1,0.24857795590915135,-4.5,9.0,9.0,0.24857795590915135,-3.5386119084170717,5.075396618593066,0.8653543109322557,-0.0046582310084014415,0.0014670681645085294,0.001278498916552077,0.035461628864101986,-0.04896721357065551,-0.3030887542548916,0.0,0.0,0.0,0.0,0.0,0.46611279937962,-30.0,30.0,30.0,51.963614781323145,-0.9613880915829283,3.924603381406934,8.134645689067744,0.46611279937962,-41.792485554071106,66.6528939029151,85.65386103690945,116.30142426510707,0.6700000000000004
0.0,0.0,0.0,0.0,0.0,0.0,0.0,0.0,0.0,0.0,0.0,0.0,0,0.0,-1.5707963267948966,nan,0.20187259599678217,-0.20219705805036836,-0.11109562695721084,0.016272763791925993,-1.5708025642905685,0.2286856681639253,-0.23009455084620892,2.3531258319855124,-0.10620818566794302,1.0426176543582453,0.6657607183327835,-0.690381707913551,-0.4088854808902781,0.039001256719373045,0.026813072167143126,-0.027897492795840556,0.004887441289267824,0.00984602983198155,0.006738315476696115,-0.0070251578644272075,-0.0014787038137046944,3.909742506658633,3.903496259448142,-0.39737194146849963,-0.23364843573802996,-1.5708026474463466,2.355395576076864,-0.9695997378109569,0.8745415175040637,0.8252661285579131,0,zero,0,0.23364843573803018,0.24992119952995573,0.788473340322671,1.30221317835169,1.3911038678146372,-0.4319976330296089,0.27766710284121704,0.7862051123122876,1.352744033126919,1.3254777668609967,-0.6970140905020369,0.41785094832498326,0.10007706287082234,-0.09217249451821612,0.06818066131782341,0.3974043675290954,-0.5524034429874218,0.08185464298749046,-5.99534261735608,1.0,-1.1597533226013184,6.320651450231196e-06,8.315577826323306e-08,0.0,0.0,0.0,1,0.2277345308841068,-4.349388816765202,9.0,9.0,0.2277345308841068,-3.9822551756310824,7.113076297820082,3.3909713705535562,-0.004658302013040196,0.0014670681645084886,0.001278586107725144,-0.00641736624399406,-0.013388016219510333,-0.16063410113583337,0.0,0.0,0.0,0.0,0.0,0.42702893471612,-28.99592544510135,30.0,30.0,51.39013568895261,-0.36713364113411995,1.8869237021799181,5.609028629446444,0.42702893471612,-28.99592544510135,44.87844369115441,78.8447408634143,95.24449546345464,0.6800000000000004
0.0,0.0,0.0,0.0,0.0,0.0,0.0,0.0,0.0,0.0,0.0,0.0,0,0.0,-1.5707963267948966,nan,0.19623182370989908,-0.19811557944397887,-0.10824768153213185,0.01688103954297482,-1.5708025428599346,0.22782178181594737,-0.23116686438812237,2.3489089379537007,-0.10643831422804662,0.7671685097778499,0.47768859389051566,-0.5153792148302944,-0.3078073985182589,0.04575572859918138,0.03158995810604828,-0.0330512849441435,0.0018093673040852354,0.011559043100645611,0.007663237908854415,-0.008104955185686033,-0.003032484722616193,-1.3562556067972218,-1.3433946505403513,-0.3992839689076028,-0.2457725872640557,-1.5708027694980256,2.3514218510320326,0.1018036256229582,-0.6009985598593801,0.8252664578129429,0,zero,0,0.2457725872640557,0.2626536268070305,0.7926902311766454,1.3032231414804185,1.3901736764373531,-0.4313095637353269,0.26282456372942864,0.7901790005349262,1.3340965177615307,1.3624388897635773,-0.6908246139065908,0.4255162225760083,0.10191292835399769,-0.0938633545048105,0.06943140268795164,0.3992824224186056,-2.63563866567836,5.9178535082569885,5.191179572035427,1.0,-1.4637254476547241,6.442703129216909e-06,2.2663809096101772e-07,0.0,0.0,0.0,1,0.1725038576718375,-0.7685515732078035,0.31368179234508126,9.0,0.1725038576718375,-3.0919473204953447,5.582827364085589,5.131166954170755,0.0004891008275691982,-0.0010081921057350474,0.0012785866178404784,-0.040258549453298306,0.03827483224623571,0.06282639006490165,0.0,0.0,0.0,0.0,0.0,0.3234649496940512,-5.12367715471869,1.0456059744836042,30.0,30.454063587858723,2.3233957472875413,-5.269145571740508,3.868833045829245,0.3234649496940512,-5.12367715471869,1.0456059744836042,40.81308181399852,41.14799674552189,0.6900000000000004
0.0,0.0,0.0,0.0,0.0,0.0,0.0,0.0,0.0,0.0,0.0,0.0,0,0.0,-1.5707963267948966,nan,0.19497638803711623,-0.19845155424631228,-0.10807072692845734,0.017500323866388223,-1.570802520949169,0.22693698231945608,-0.23225513333216527,2.3446157272798502,-0.10667260154414251,0.09340436646125849,0.03706361762915722,-0.0752294141709492,-0.041124191977040536,0.04654155455594622,0.031960594282339855,-0.03380357908585299,0.00139812538431483,0.008281346083846217,0.005346453459410823,-0.005894400485423775,-0.0022917616115610898,-6.434900765071344,-6.322295613933848,-0.41235845837222024,-0.18174967090446192,-1.5708029857514705,2.3473652514913126,0.9648877033720322,-0.8745259119968187,0.03854893845316831,0,zero,0,0.1817496709044617,0.19924999477085015,0.7969834386435379,1.3042513827595255,1.3892266506060273,-0.4306090418735464,0.1575331002417218,0.7942353801220396,1.30208806165105,1.4423897506752514,-0.5788592718192098,0.4331136598135229,0.10373254658658462,-0.09553925052690751,0.07067107510523554,0.4123149557629244,-3.324099409501385,8.80579255115242,14.502746737814391,1.0,-1.4153993129730225,6.6589565737018575e-06,4.6480230153633784e-07,0.0,0.0,0.0,1,0.11415695826239869,2.674019879903474,-9.0,-4.6522020631634105,0.11415695826239869,-0.9969669089153641,0.5926963013538659,4.2057428386427915,0.004635663723593137,-0.0014670419858281037,5.972393082447199e-05,-0.05634149040238429,0.06316440168592638,0.25752266999317525,0.0,0.0,0.0,0.0,0.0,0.21405767534670672,17.826799199356493,-30.0,-15.507340210544703,38.18793252832796,3.670986788818838,-9.592696301353866,-8.857944901806203,0.21405767534670672,17.826799199356493,-47.01226652897584,-15.507340210544703,52.616265498223946,0.7000000000000004
0.0,0.0,0.0,0.0,0.0,0.0,0.0,0.0,0.0,0.0,0.0,0.0,0,0.0,-1.5707963267948966,nan,0.19844193821239206,-0.2037030742111951,-0.10897945617648541,0.018130516285799425,-1.5708024985572833,0.22603114525418633,-0.23335896916385088,2.3402468965600383,-0.10691100902960451,0.6063137912084006,-0.4371387240545588,0.4147684133197216,0.06703217625660673,0.04055755076724166,0.027589207041794267,-0.029655894952655776,0.0020684471468808974,0.0017136614311346636,0.0006488956764514608,-0.0011624202203066314,-0.00107905010683628,-8.472167596159492,-8.2534323618065,-0.43494754016433823,-0.07039773855825171,-1.5708032507314877,2.3431149512348015,0.9695918162157358,-0.8745415174780612,-0.8213183608557395,0,zero,0,0.07039773855825171,0.08852825484405091,0.8013522661294844,1.3052977353518445,1.388262943980223,-0.42989618110735844,0.14238403467409697,0.7984851108912216,1.2739549172347124,1.5259740677644593,-0.41205614496744924,0.4406396262041001,0.10553504725016503,-0.09719938100802883,0.07189908563775246,0.4348788666523925,-2.282758431706908,7.570270265130187,17.11531054088991,1.0,-1.11579167842865,6.923936591185509e-06,7.521742046989743e-07,0.0,0.0,0.0,1,0.05601028333766772,3.762415342818353,-9.0,-9.0,0.05601028333766772,1.0725529456002476,-3.8556930385544317,1.2887419742361939,0.004658263954879157,-0.0014670681644648688,-0.00127246982503056,-0.044981721018452436,0.05989560132878113,0.3358793505248936,0.0,0.0,0.0,0.0,0.0,0.10502584537346282,25.082768952122354,-30.0,-30.0,49.28647206621457,2.6898623972181053,-5.144306961445569,-10.288741974236194,0.10502584537346282,25.082768952122354,-74.92535573917777,-66.64105988561165,103.36341772626216,0.7100000000000004
0.0,0.0,0.0,0.0,0.0,0.0,0.0,0.0,0.0,0.0,0.0,0.0,1,0.0,-1.5707963267948966,nan,0.20420943598861052,-0.21151333470542633,-0.10977090531776343,0.018771511130419194,-1.5708024756834897,0.22510415395657632,-0.2344779705757636,2.335803178401353,-0.10715349610508337,0.9481059614621402,-0.6694489073828469,0.669125908231849,0.054896206579915785,0.031157897403461567,0.020894717967965798,-0.022964635870337285,0.0026174092126800552,0.005463426269414711,-0.004023274872251147,0.003679380501492035,-0.0003527676698387946,-6.859406589994603,-6.622587846248998,-0.45760692849745177,0.03774991511680437,-1.5708035038596886,2.338628390231273,0.9696079004106897,-0.8745415175037932,-0.8252611234847684,0,zero,0,-0.03774991511680437,-0.018978403986385395,0.8057959810296587,1.306362023795433,1.3872827181630536,-0.42917110097575584,0.25779429999746084,0.8029710100459392,1.2624258933993893,1.578937609121272,-0.2624739508269387,0.44809055338878895,0.10731957570773379,-0.09884295881451552,0.07311485203703783,0.4575454317792529,-0.34921416903556995,3.5174449571771875,12.702913429480729,1.0,-10.824112892150879,7.177064792251997e-06,1.0281761988473193e-06,0.0,0.0,0.0,1,0.008436023040872775,2.3761215478172133,-9.0,-9.0,0.008436023040872775,1.9958613101498035,-6.483725395437194,-1.7123998100517572,0.004658341229072631,-0.0014670681645080348,-0.0012785783533574686,-0.016828885696437583,0.035569486999042096,0.2759222688690498,0.0,0.0,0.0,0.0,0.0,0.015818531859877694,15.840810318781422,-30.0,-30.0,45.2872114595452,0.3802602376674098,-2.516274604562806,-7.287600189948243,0.015818531859877694,15.840810318781422,-70.69532099771143,-86.13316602623713,112.5507984087823,0.7200000000000004
0.0,0.0,0.0,0.0,0.0,0.0,0.0,0.0,0.0,0.0,0.0,0.0,1,0.0,-1.5707963267948966,nan,0.20947130116022075,-0.21900678701733575,-0.11162288560283085,0.01942319762947231,-1.5708024523272097,0.22415589983333575,-0.2356117238224931,2.3312853407671517,-0.10740002023399486,0.9032654279073662,-0.6210119294850797,0.6359699065179941,0.16054561561559266,0.02256532641946564,0.014684598673115001,-0.016604936805157344,0.004222865368835982,0.009576444446859018,-0.006810209503703282,0.006680895307753454,0.0008336501941967685,-2.588887866367666,-2.476169185140795,-0.47400699909845445,0.09960442790663038,-1.570803593903447,2.333944475027658,0.40772565541054695,-0.8745415175040188,-0.8252664100527668,1,zero,0,-0.09960442790663038,-0.08018123027715784,0.8103138153830174,1.3074440641603848,1.3862861425567556,-0.42843392678679887,0.312042679295227,0.8076544989285127,1.2707210031265725,1.582583064133297,-0.18867884945658092,0.4554629384831148,0.10908529300369871,-0.10046921125552812,0.07431780273808508,0.47398055187570126,1.5720327392523394,-1.8316315524666797,3.322826547231435,1.0,-10.612164497375488,7.267108550479406e-06,1.141576237095876e-06,0.0,0.0,0.0,1,0.01471917729901809,-0.09102208942307878,-9.0,-9.0,0.01471917729901809,1.504890811250549,-7.80412195343914,-4.008608221247177,0.0019588590707079927,-0.0014670681645084132,-0.0012785865438455625,0.023833494850103783,-0.010243712744870391,0.11255849088352472,0.0,0.0,0.0,0.0,0.0,0.02760018244706186,-0.6068139294871919,-30.0,-30.0,42.43075517728963,-1.595912900673628,-1.1958780465608596,-4.991391778752823,0.02760018244706186,-0.6068139294871919,-41.59615556082976,-69.78794909126961,81.24633518332675,0.7300000000000004
0.0,0.0,0.0,0.0,0.0,0.0,0.0,0.0,0.0,0.0,0.0,0.0,0,0.0,-1.5707963267948966,nan,0.21205346089043162,-0.22384885837828353,-0.11540910252833086,0.020085460006638467,-1.5708024284880768,0.2231862826776879,-0.23675980308590794,2.3266941863223085,-0.10765053695807,0.6225903354366498,-0.3551776885858726,0.3693992097532933,0.35357002014248795,0.018730391183800193,0.011132821787256275,-0.012910944707624411,0.007758565570260861,0.010182202513210729,-0.006895786191281211,0.006904371673131994,0.0029077538794441927,3.068018871153146,2.9064040123129127,-0.48162551482703014,0.08935832333792537,-1.5708033834087813,2.3291421711377622,-0.8739172640271968,0.7838931848585702,-0.8252664662881806,0,zero,0,-0.08935832333792515,-0.06927286333128713,0.8149049665270449,1.3085436642056454,1.3852733942182596,-0.4276847895107805,0.25195872834241667,0.8124568407585602,1.2949046634340637,1.5331602290110045,-0.22416410451516247,0.462753344077079,0.11083137586388048,-0.10207738008304651,0.07550737685934578,0.4816462370644366,2.862101146262419,-6.824585367462834,-8.188582126755062,1.0,-0.3960321247577667,7.056613884781626e-06,9.549207042880425e-07,0.0,0.0,0.0,0,0.09341920058460358,-2.7335949596131535,0.3910910473154905,-7.732104027919083,0.09341920058460358,-0.006062460500315989,-5.708856066827257,-5.346273556545791,-0.00419860937611164,0.001315003019140063,-0.0012785866309711772,0.04612943001550629,-0.04549092177196998,-0.11992405249278919,0.0,0.0,0.0,0.0,0.0,0.17517194934296565,-18.223966397421023,1.3036368243849683,-25.77368009306361,31.593127274387435,-2.7275324991128373,6.099947114142748,-2.385830471373292,0.17517194934296565,-18.223966397421023,1.3036368243849683,-25.77368009306361,31.593127274387435,0.7400000000000004
0.0,0.0,0.0,0.0,0.0,0.0,0.0,0.0,0.0,0.0,0.0,0.0,0,0.0,-1.5707963267948966,nan,0.21000073953799828,-0.2238352512414965,-0.11885984888770151,0.020758177574490944,-1.570802404165944,0.2221952109874269,-0.23792177085078056,2.3220305517784685,-0.1079049999329724,0.356725438235495,0.10616496621723426,-0.11755749016596484,0.3196283384468257,0.021613511613215557,0.012194471449428618,-0.01408651960928406,0.010954848954729118,0.006790449629814342,-0.003882552688546693,0.0038124502565617807,0.004062168612569719,7.645024687101153,7.172596217466521,-0.48037377135804715,0.006028986851835061,-1.5708029551102989,2.324318195732285,-0.9683864083470264,0.87453582882296,0.5571566224315283,0,zero,0,-0.006028986851835061,0.014729190722655883,0.8195685977524978,1.3096606235358248,1.3842446577147618,-0.42692382567339193,0.09280163512533092,0.8172812731824237,1.325909020205773,1.4480673616901807,-0.36158192723779203,0.46995839823515945,0.11255701669551284,-0.10366672149187013,0.07668302420272954,0.4804274124997246,3.098186615989024,-9.09685849102417,-16.48163368611333,1.0,-0.40886378288269043,6.628315402323892e-06,5.509443550266724e-07,0.0,0.0,0.0,1,0.2102318410952657,-4.5,9.0,9.0,0.2102318410952657,-1.8377727818567269,-0.5188383107197756,-3.52505989608402,-0.004652472746731741,0.0014670586215848214,0.0008632036292496702,0.0534216846370143,-0.065831531526987,-0.30225227089337436,0.0,0.0,0.0,0.0,0.0,0.39420934013738174,-30.0,30.0,30.0,51.96301955240719,-2.662227218143273,9.518838310719776,12.52505989608402,0.39420934013738174,-33.76053509925547,44.58281245342827,33.121483830271785,64.99683829670815,0.7500000000000004
0.0,0.0,0.0,0.0,0.0,0.0,0.0,0.0,0.0,0.0,0.0,0.0,0,0.0,-1.5707963267948966,nan,0.2039986712964425,-0.21952856629555298,-0.11860085101929399,0.021441224828932848,-1.5708023793608845,0.22118260228393016,-0.239097178290753,2.317295307239303,-0.10816336096398363,0.7430726992727823,0.49894595380590434,-0.548209238591596,-0.05173588994187572,0.028056358606492884,0.01718393098748766,-0.01956861199520002,0.010437490055310361,0.0027096612741687558,0.0007366341433907714,-0.001111128185960545,0.002359031265982886,8.439016959621096,7.8421083920452705,-0.47459605754004636,-0.10934665125026011,-1.5708025802681032,2.3195457641287067,-0.9695338458418862,0.8745415174918991,0.8250733197049138,0,zero,0,0.10934665125026033,0.13078787607919296,0.8243038389581501,1.3107947337580135,1.3832001249792971,-0.42615117724888796,0.11696696224497942,0.8220542655131043,1.3521420927107448,1.3648062008742368,-0.5339856297201879,0.4770747944963098,0.11426142358724238,-0.10523650611961778,0.07784420525360407,0.4746520949315387,2.1584352749311737,-7.302788247645873,-16.664579384774516,1.0,-0.6112239360809326,6.253473206818683e-06,2.0090721886134588e-07,0.0,0.0,0.0,1,0.2848531943460629,-4.5,9.0,9.0,0.2848531943460629,-3.1496574477527908,3.927233112609619,-0.26480052796655307,-0.004657985444583961,0.0014670681644880822,0.0012782873886666966,0.04249940946676324,-0.05894618118931281,-0.33700586138547983,0.0,0.0,0.0,0.0,0.0,0.5341331227190378,-30.0,30.0,30.0,51.964269437689445,-1.3503425522472092,5.072766887390381,9.264800527966553,0.5341331227190378,-41.524055913260305,67.50907799192909,79.9442313599535,112.57481182189244,0.7600000000000005
0.0,0.0,0.0,0.0,0.0,0.0,0.0,0.0,0.0,0.0,0.0,0.0,0,0.0,-1.5707963267948966,nan,0.1965822671504652,-0.21355624315322289,-0.11489819508757629,0.022134471543638234,-1.5708023540732006,0.2201483834312592,-0.2402855656646129,2.3124893555457584,-0.10842557004175973,1.0379220527490394,0.6382185293306336,-0.7160710516189994,-0.39648650094938065,0.03621758403678435,0.023566116280793997,-0.026729322511390013,0.006472625045816555,0.007340906124351918,0.0047374948126982785,-0.005504816253788406,-0.0010686644179682316,5.795206613488606,5.334638901355383,-0.4694940120713247,-0.2057898887463836,-1.570802416240212,2.3148359103916283,-0.969590471837735,0.8745415175039263,0.8252660502958463,0,zero,0,0.20578988874638338,0.2279243602900216,0.8291097873055374,1.3119457786385946,1.3821399951663096,-0.4253669915532525,0.25293611625421686,0.8267645723931928,1.362921290713642,1.3194237730494045,-0.6650320735423719,0.48409929187395995,0.11594382030912866,-0.10678601904672766,0.07899039118079505,0.46953404100735285,0.2524859644939682,-2.378254495056424,-10.002490888167625,1.0,-1.0148979425430298,6.0894453155491135e-06,6.216701153860527e-08,0.0,0.0,0.0,1,0.27195684825340616,-4.5,9.0,9.0,0.27195684825340616,-3.8514081257957447,6.521952592007285,2.5715503675641695,-0.004658257496009065,0.0014670681645082581,0.0012785859864736012,0.015866295663653933,-0.02928323960981956,-0.23191627398397271,0.0,0.0,0.0,0.0,0.0,0.5099509624102871,-30.0,30.0,30.0,51.964026498954674,-0.6485918742042553,2.4780474079927153,6.4284496324358305,0.5099509624102871,-34.59530187002922,57.188548671095,87.7723845693035,110.32504952888269,0.7700000000000005
0.0,0.0,0.0,0.0,0.0,0.0,0.0,0.0,0.0,0.0,0.0,0.0,0,0.0,-1.5707963267948966,nan,0.19015768837310537,-0.20852592280331522,-0.11099799878878056,0.022837782864490563,-1.5708023283034256,0.21909249095447536,-0.24148646272281843,2.307613631621313,-0.10869157537816329,0.9219983679286122,0.5368686300575992,-0.6231217408113193,-0.41662016351992903,0.04391969468424232,0.02893480258136999,-0.03296053991950321,0.0023064234106172643,0.010879739101143118,0.00672555063744389,-0.0078101993019094595,-0.003483744881097573,0.8612911358605038,0.7854149991889097,-0.46819965800078606,-0.24614521402587441,-1.5708024610877982,2.310159032480525,-0.5155249640495467,0.8550888954449152,0.8252664629372567,0,zero,0,0.24614521402587464,0.2689829968903652,0.8339855078737023,1.313113534260059,1.3810644745072254,-0.4245714211373638,0.28556357825750833,0.8314417075062299,1.3518602055743532,1.332575803774405,-0.7032964300252437,0.49102871485601607,0.11760344631264415,-0.10831455979645743,0.08012106383658632,0.4682124318818526,-1.993320702473778,3.7936448116761965,0.6346939197274426,1.0,-1.3971613645553589,6.134292901638361e-06,1.327843728304856e-07,0.0,0.0,0.0,1,0.20083285585844718,-2.0992531751594083,6.065524607863302,9.0,0.20083285585844718,-3.452063000907565,6.966323154241033,4.611094814225494,-0.002476765292063944,0.0014344358400642009,0.0012785866257795857,-0.029130831087340964,0.02269698321962353,-0.04009443006536026,0.0,0.0,0.0,0.0,0.0,0.3765851413059201,-13.995021167729389,20.21841535954434,30.0,38.791580961658475,1.3528098257481567,-0.9007985463777315,4.388905185774506,0.3765851413059201,-13.995021167729389,20.21841535954434,59.8737391194135,64.72751647981322,0.7800000000000005
0.0,0.0,0.0,0.0,0.0,0.0,0.0,0.0,0.0,0.0,0.0,0.0,0,0.0,-1.5707963267948966,nan,0.18695655200646794,-0.20696614138021943,-0.10957377937294135,0.02355101940401738,-1.5708023020523267,0.2180148713562989,-0.24269938912419456,2.3026691018172247,-0.10896132344217002,0.3881592195040375,0.21235167684609813,-0.27727078244719205,-0.16939674798459314,0.047348276604703636,0.03105831934983097,-0.03573324774397513,0.0006124559307713329,0.009805806218637605,0.005888955508069796,-0.007042806473788171,-0.0034457097373710643,-4.80135841649813,-4.337222720475685,-0.4760288958458155,-0.21155103463899705,-1.5708026412332858,2.3054462683289714,0.9125495398924006,-0.8757509202494413,0.8143552209299292,0,zero,0,0.21155103463899705,0.23510205404301443,0.8389300343139388,1.3142977691778202,1.379973776166023,-0.42376462368016005,0.20844686251818775,0.8361544199991913,1.322788383830081,1.399221210665708,-0.6311286422245044,0.49785995340486067,0.11923955673067436,-0.10982144233488426,0.0812357157567198,0.4760032576788094,-3.2844498610609802,8.06396932896445,11.24980337993515,1.0,-1.4445712566375732,6.314438389054544e-06,3.391809588748629e-07,0.0,0.0,0.0,0,0.1159259830728492,1.6730970857881367,-8.762815698780283,2.457605057593205,0.1159259830728492,-1.710134523022545,2.3578669914517207,4.943105466500425,0.0043842125703095845,-0.0014690969718667447,0.0012616818214191132,-0.05375560933428049,0.05612191029311427,0.1865125379736743,0.0,0.0,0.0,0.0,0.0,0.21737480418685393,11.153980571920911,-29.209385662600948,8.192016858644017,32.322683759291245,3.3832316088106817,-11.120682690232004,-2.48550040890722,0.21737480418685393,11.153980571920911,-29.209385662600948,8.192016858644017,32.322683759291245,0.7900000000000005
0.0,0.0,0.0,0.0,0.0,0.0,0.0,0.0,0.0,0.0,0.0,0.0,0,0.0,-1.5707963267948966,nan,0.18877622173573141,-0.2110330932372063,-0.1102518083481219,0.024274037335831,-1.5708022753209157,0.2169154814312418,-0.24392385486268434,2.297656763257788,-0.10923475899585641,0.40944269972789926,-0.29190596543205716,0.28424861184970784,0.04045934214941538,0.04329728081416129,0.0281392596955104,-0.03289076162547805,0.0010170493522654867,0.003976893587097397,0.0019764325147596414,-0.002795266275793476,-0.0020238289367209257,-8.523487080286142,-7.624625992177586,-0.494493054366761,-0.11319169773768056,-1.5708028788374313,2.300586070043885,0.969490405512356,-0.8745415325432224,-0.7330995264602856,0,zero,0,0.11319169773768056,0.13746573507351156,0.8439423695045367,1.3154982445770262,1.378868120094807,-0.42294676188180463,0.12143278234872798,0.8410141829125594,1.2917520341876556,1.4837518249134902,-0.47927501685111085,0.504589962957352,0.1208514223775176,-0.11130599507090462,0.08233385016039538,0.4944328272410604,-2.7527315580111527,8.159922975581273,16.843310029981797,1.0,-1.2333054542541504,6.552042534746505e-06,6.035165158735367e-07,0.0,0.0,0.0,1,0.04419592152081131,3.769124091180289,-9.0,-9.0,0.04419592152081131,0.5046439641751274,-2.704463636757533,2.633197548491934,0.004657776741789801,-0.0014670681897371034,-0.0011357922464961866,-0.05101372078444345,0.06235662277812002,0.31908378349581534,0.0,0.0,0.0,0.0,0.0,0.08287253238479525,25.127493941201926,-30.0,-30.0,49.309206235973456,3.2644801270051613,-6.2955363632424675,-11.633197548491934,0.08287253238479525,25.127493941201926,-66.93469168781304,-47.939183375215,86.08028853138704,0.8000000000000005
0.0,0.0,0.0,0.0,0.0,0.0,0.0,0.0,0.0,0.0,0.0,0.0,0,0.0,-1.5707963267948966,nan,0.19419263699498449,-0.21931677359289525,-0.11114312350373415,0.025006688489065176,-1.5708022481104453,0.21579428857634017,-0.24515936070402602,2.292577643185583,-0.10951182513046573,0.9632984257163462,-0.6537608114154714,0.7048174514347277,0.06142490210029328,0.0337213848176687,0.021601651581355685,-0.02584258711113077,0.0016312983732684194,0.004254887381237645,-0.003035411409727476,0.002830262924659665,-0.0009380596878709401,-8.360745120823543,-7.40302674435471,-0.5160755959363582,0.0036707290586015517,-1.5708031305463677,2.2955124788070544,0.9696049257995145,-0.8745415175258666,-0.8251879982218885,0,zero,0,-0.0036707290586015517,0.021335959430463625,0.8490214862055274,1.3167147144293765,1.3777477328893786,-0.42211800335685185,0.2048291809579842,0.8460871238923826,1.2742928312173136,1.547674179534252,-0.31594941362748347,0.5112157644248245,0.12243832974888513,-0.11276756085623439,0.08341498095027103,0.5160086146556276,-0.9771079024397764,4.873679486333027,15.063796847196722,1.0,-0.8710827827453613,6.803751471107233e-06,8.824359225556577e-07,0.0,0.0,0.0,1,2.670345950815321e-05,3.0332708665270838,-9.0,-9.0,2.670345950815321e-05,1.8748132989901414,-5.872344532131699,-0.533856929783457,0.00465832693798252,-0.0014670681645450635,-0.0012784650602729634,-0.026373766858420352,0.04396544849411094,0.31220483553183875,0.0,0.0,0.0,0.0,0.0,5.0072116085042584e-05,20.221805776847226,-30.0,-30.0,46.9991641295783,1.1584575675369424,-3.1276554678683013,-8.466143070216543,5.0072116085042584e-05,20.221805776847226,-73.43368865351108,-81.8410972802283,111.80068542800457,0.8100000000000005
0.0,0.0,0.0,0.0,0.0,0.0,0.0,0.0,0.0,0.0,0.0,0.0,0,0.0,-1.5707963267948966,nan,0.20027472485241837,-0.2286024104590453,-0.11248676599805327,0.025748820442811793,-1.570802220422421,0.21465127109762167,-0.24640539863218566,2.2874327983067295,-0.10979246330255812,1.086127416058112,-0.7225105336152393,0.8039598937990416,0.10630043222267238,0.023041066313180834,0.014376546245203292,-0.017802988173140355,0.0026943026954951432,0.009947838497273057,-0.006828259276900936,0.007233771645280555,8.314925844075645e-05,-4.924439750244276,-4.314235917448248,-0.5331914707551682,0.09041362976147616,-1.5708032822877427,2.290240332740344,0.7762266351851941,-0.8745415175061259,-0.8252661172231106,0,zero,0,-0.09041362976147616,-0.06466480931866414,0.8541663277134276,1.3179469256499339,1.3766128476448076,-0.4212785205274119,0.28922529545997505,0.8513587155532849,1.2768223190618018,1.566925762407294,-0.20742541660921757,0.5177344441930893,0.12399958102190133,-0.11420549698540908,0.08447863271246289,0.5331479918624812,1.0516639909390317,-0.18339890054412278,7.415231731682393,1.0,-0.5979532599449158,6.955492846127953e-06,1.0618653218941176e-06,0.0,0.0,0.0,1,0.0068343468658602375,0.7118506113984279,-9.0,-9.0,0.0068343468658602375,1.7972598848517969,-7.522635672288368,-3.160721362372963,0.0037292688480115906,-0.0014670681645119479,-0.0012785860901641168,0.015398205131357359,0.011547658649351304,0.1853111122720188,0.0,0.0,0.0,0.0,0.0,0.012815201323570669,4.745670742656186,-30.0,-30.0,42.69100086701046,-1.0854092734533691,-1.4773643277116317,-5.839278637627038,0.012815201323570669,4.745670742656186,-51.367704985209016,-79.176080728644,94.49875358978713,0.8200000000000005
0.0,0.0,0.0,0.0,0.0,0.0,0.0,0.0,0.0,0.0,0.0,0.0,0,0.0,-1.5707963267948966,nan,0.2045769758705597,-0.23607497259508603,-0.11562483026688367,0.026500276620561092,-1.5708021922585982,0.21348641851144692,-0.24766145230535722,2.2822233141361385,-0.11007661337024316,0.8756656071626254,-0.546710360431607,0.6216508462869169,0.28539142011453633,0.01563353418072678,0.008909442640887222,-0.011586479710271186,0.0055482168966405065,0.012283855303006378,-0.008182426649247086,0.008951011162500057,0.00195458292320597,0.5464849577135424,0.47360271724794023,-0.5426314041377559,0.11374783839373981,-1.5708031733398378,2.2848361246907007,-0.6526723927272354,0.08842820868501372,-0.8252664597868968,0,zero,0,-0.11374783839373981,-0.08724756177317872,0.8593758085159845,1.3191946182539394,1.3754637038110045,-0.42042849051631664,0.2737731005687115,0.8567627446855256,1.2972049428175463,1.53300842653425,-0.1976258940128613,0.5241431541224334,0.1255344940551033,-0.11561917519578346,0.0855243407165451,0.5426299002793195,2.5968816258762506,-5.449719886618118,-3.575985248796023,1.0,-0.40027478337287903,6.846544941208066e-06,9.810812393595825e-07,0.0,0.0,0.0,1,0.08676330579204966,-1.9774107105130687,-3.548326270845703,-9.0,0.08676330579204966,0.5312057334959739,-6.716448745652424,-4.9856043823168825,-0.0031356703207873794,0.0001483408245460386,-0.0012785866208987282,0.04109829272735588,-0.035416395126627954,-0.03169069665730559,0.0,0.0,0.0,0.0,0.0,0.16269136657050376,-13.182738070087126,-11.827754236152344,-30.0,34.8382953339583,-2.508616444009043,3.168122474806721,-4.0143956176831175,0.16269136657050376,-13.182738070087126,-11.827754236152344,-45.13802887189312,48.48864271369077,0.8300000000000005
0.0,0.0,0.0,0.0,0.0,0.0,0.0,0.0,0.0,0.0,0.0,0.0,0,0.0,-1.5707963267948966,nan,0.20493821191929895,-0.23911159063672976,-0.11964952176717175,0.02726089638463458,-1.5708021636209915,0.21229973183987083,-0.24892699752130415,2.276950304342765,-0.11036421362950086,0.4415723569900651,-0.15479227203153423,0.1771072825696801,0.3737091241030388,0.015386719437951165,0.0073615199205718795,-0.009815406884574385,0.009285308137670895,0.010353388070065219,-0.006475438810319322,0.0071354271206189555,0.0037877455761329264,5.963082211675562,5.110921375298288,-0.5431866008657833,0.06186076235206217,-1.5708027896332377,2.279388760653409,-0.9665673681124871,0.8744598389171626,-0.29467429494255226,0,zero,0,-0.06186076235206217,-0.03459986596742759,0.8646488149469208,1.3204575255136273,1.374300547048292,-0.41956809504028497,0.1487234662682615,0.8622103744867115,1.327359748617177,1.4565152102162608,-0.29585135444559024,0.5304391115476194,0.12704240238844114,-0.11700798166753171,0.08655165091554981,0.5432230812696063,3.1216568440408166,-8.63265418845835,-13.36464783143866,1.0,-0.28954648971557617,6.462838340937083e-06,6.260122464851747e-07,0.0,0.0,0.0,1,0.21588668541363648,-4.442955112884766,9.0,2.816597709324485,0.21588668541363648,-1.3906256506114674,-1.7098834666065723,-4.3920264838478795,-0.004643733430438725,0.0014669311463656489,-0.00045653934746554836,0.053000101030554386,-0.061289283910086076,-0.23320830722607966,0.0,0.0,0.0,0.0,0.0,0.4048128359528155,-29.619700752565105,30.0,9.388659031081618,43.193025646573645,-3.0523294622732986,10.709883466606572,7.208624193172365,0.4048128359528155,-29.619700752565105,32.78809378095017,9.388659031081618,45.174069534346266,0.8400000000000005
0.0,0.0,0.0,0.0,0.0,0.0,0.0,0.0,0.0,0.0,0.0,0.0,0,0.0,-1.5707963267948966,nan,0.20056251933883076,-0.2365842057276757,-0.12113532171573632,0.028030515130626155,-1.570802134511875,0.21109122389917861,-0.25020150269179664,2.2716149100948604,-0.11065520085058564,0.5090481723092141,0.3167184639775972,-0.3801890079546566,0.11948127274797882,0.020152352956325323,0.010528704560347851,-0.01361729696412095,0.010480120865150683,0.004556674574253066,-0.002201606194876077,0.002218431662784983,0.003315836892231085,8.488571582995293,7.196206593784415,-0.5383192246161834,-0.04038385046724158,-1.5708023630664834,2.2739807364843823,-0.9694995825077343,0.8745415174573047,0.8143575693699584,0,zero,0,0.0403838504672418,0.06841436559786773,0.8699842058406789,1.3217353741150375,1.3731236290829774,-0.418697520303088,0.049656726376809915,0.8676188836811632,1.3552206309332906,1.3714974637282538,-0.4552528056609922,0.536619599277887,0.128522655243278,-0.11837131702364757,0.08756011994596734,0.5383701245142111,2.411271575795539,-7.887427514908785,-16.60455114841575,1.0,-0.3587520122528076,6.036271586573605e-06,2.2855460812820638e-07,0.0,0.0,0.0,1,0.3126658254270196,-4.5,9.0,9.0,0.3126658254270196,-2.889843540372749,3.1776369358300838,-1.6369454264808865,-0.004657820831339723,0.001467068164430049,0.001261685459860935,0.04568592783235796,-0.06156882753999655,-0.32422507277992463,0.0,0.0,0.0,0.0,0.0,0.586285065492255,-30.0,30.0,30.0,51.96483166698435,-1.6101564596272508,5.822363064169917,10.636945426480887,0.586285065492255,-39.609761859944456,62.799140862813786,62.15034208596479,96.82806452309941,0.8500000000000005
0.0,0.0,0.0,0.0,0.0,0.0,0.0,0.0,0.0,0.0,0.0,0.0,0,0.0,-1.5707963267948966,nan,0.19322334793361115,-0.23041344747518328,-0.1186253764826572,0.028808964381835445,-1.5708021049337881,0.20986091958076422,-0.2514844293258579,2.2662182994052222,-0.11094951031452085,1.00369078843047,0.610886708680522,-0.745368488655368,-0.2804254697014341,0.027923359180026166,0.01663757164715307,-0.02107098185067463,0.007675866168136342,0.004360667557931815,0.002600238476614808,-0.0034840025388076755,0.000340452236169176,7.2605598612741,6.088722439883624,-0.5330226252866612,-0.1453321061573456,-1.570802112473493,2.2686345527381766,-0.9695885842598572,0.8745415175039003,0.8252532046095531,0,zero,0,0.14533210615734582,0.17414107053918126,0.8753808131871663,1.3230278843148313,1.3719332075629234,-0.4178169568887148,0.19801890129694213,0.8729655328149735,1.3697581995593837,1.3154196706054648,-0.6017412605282135,0.5426819655969514,0.12997461752238976,-0.1197085963299441,0.08854931512774597,0.5330671064628766,0.7028405026043333,-3.717872990062666,-12.490697253612312,1.0,-0.6578967571258545,5.785678596659238e-06,7.539704860448637e-09,0.0,0.0,0.0,1,0.3035149045610252,-4.5,9.0,9.0,0.3035149045610252,-3.724026816212894,6.131770718959213,1.3978467412524913,-0.004658248427413556,0.0014670681645082145,0.0012785660846316737,0.022230700030066,-0.037502603883209494,-0.2711145735923453,0.0,0.0,0.0,0.0,0.0,0.569126016427949,-30.0,30.0,30.0,51.96464090535578,-0.775973183787106,2.8682292810407866,7.602153258747508,0.569126016427949,-36.26061043537272,61.01709029562102,84.69967769797347,110.50916922976567,0.8600000000000005
0.0,0.0,0.0,0.0,0.0,0.0,0.0,0.0,0.0,0.0,0.0,0.0,0,0.0,-1.5707963267948966,nan,0.18548747508000257,-0.22358563530001915,-0.11434077312831137,0.02959607188370894,-1.5708020748895375,0.20860885612352995,-0.2527752325215152,2.260761666476449,-0.11124707584967974,1.135552603624306,0.6483809396374302,-0.8118615370821397,-0.45821688895047175,0.03736578394955696,0.023121381043527373,-0.029189597221496028,0.003093697278631624,0.010204633316214707,0.006045332384010546,-0.007721412609123696,-0.00282281504971511,3.1653937391691356,2.6260335598675146,-0.5298880075684383,-0.21026976422826582,-1.5708020975848973,2.263333366171624,-0.8068958152072565,0.8745415175040432,0.8252663488450177,0,zero,0,0.21026976422826582,0.23986583611197476,0.8808374427864997,1.3243347700971044,1.3707295459131206,-0.4169265996545376,0.26658707940633236,0.8782670606567973,1.3634286092638834,1.3139865651980691,-0.6744415893558728,0.5486236242630044,0.13139766980996548,-0.12101924909505388,0.08951881446429218,0.5299139530687753,-1.5528993427286888,2.383928276174925,-3.281847108475638,1.0,-1.0770671367645264,5.770790000525494e-06,2.269535981369586e-08,0.0,0.0,0.0,1,0.21558615095862202,-2.825485595010144,9.0,9.0,0.21558615095862202,-3.6110977236195123,7.631385592182013,3.7718781215183963,-0.003876614497421121,0.0014670681645084541,0.0012785864490163009,-0.021908820530839035,0.012786890223334617,-0.11109438210095327,0.0,0.0,0.0,0.0,0.0,0.40424929862858056,-18.83657063340096,30.0,30.0,46.42176009936014,0.7856121286093685,1.3686144078179874,5.228121878481604,0.40424929862858056,-18.83657063340096,30.356479183227023,70.13244905072527,78.7086783587224,0.8700000000000006
0.0,0.0,0.0,0.0,0.0,0.0,0.0,0.0,0.0,0.0,0.0,0.0,0,0.0,-1.5707963267948966,nan,0.179746067650211,-0.21901894955662038,-0.11153046673327255,0.030391661698272232,-1.5708020443822004,0.20733508337699855,-0.25407336146570864,2.255246231046192,-0.11154782986845649,0.8002156451937003,0.4467634683260169,-0.5864814687592229,-0.3111060413815564,0.04460903366520533,0.02758901572678754,-0.03505441190908826,-1.7363135183939837e-05,0.012095045300408018,0.006996262145731676,-0.009041482497861263,-0.0039489278352475045,-2.656275464854432,-2.180017088476312,-0.5336021712463571,-0.20725740937171477,-1.570802270887634,2.258028677791751,0.770908703859717,-0.874618349885629,0.8252664631251366,0,zero,0,0.20725740937171455,0.237649071069987,0.8863528749037504,1.3256557393302018,1.3695129131912593,-0.4160266476244772,0.2249895802983261,0.8835718656051939,1.3367454923540882,1.3713811129865272,-0.6407177788190405,0.5544420545087133,0.1327912083716069,-0.12230271927042875,0.09046820664247031,0.5335956693902197,-3.225325567555851,7.595238620332827,7.806232441434693,1.0,-1.3192687034606934,5.944092737131257e-06,2.2650543352042973e-07,0.0,0.0,0.0,0,0.10156877129760339,0.9779259191461374,-5.353260646155102,8.109813045042978,0.10156877129760339,-2.122360667310751,4.190268275946905,5.244573667462269,0.0037037196144127783,-0.0014671970530046226,0.0012785866260706684,-0.05128972468565035,0.0511822113057199,0.11490934266206848,0.0,0.0,0.0,0.0,0.0,0.19045334951735118,6.519506127640916,-17.844202153850343,27.03271015014326,33.04123486184839,3.1002865864568885,-9.543528922102007,2.865239377580709,0.19045334951735118,6.519506127640916,-17.844202153850343,27.03271015014326,33.04123486184839,0.8800000000000006
0.0,0.0,0.0,0.0,0.0,0.0,0.0,0.0,0.0,0.0,0.0,0.0,0,0.0,-1.5707963267948966,nan,0.178586027092063,-0.2200201413698063,-0.11135060409323796,0.031195554298569128,-1.5708020134151282,0.2060396640543546,-0.25537825994199265,2.2496732377324036,-0.11185170340402459,0.05869973038041486,-0.01353787644959581,-0.030370666309809113,-0.04837361756026837,0.044767732039286544,0.027453636962291583,-0.03535811857218635,-0.0005010993107866235,0.008259914578661294,0.004565841249123258,-0.006219118994015421,-0.002949888383119362,-7.618842595605777,-6.18414159082652,-0.5476240409128178,-0.1312863690271382,-1.570802534553146,2.2526221061291594,0.9693069905358779,-0.8745415100005585,-0.5205211470929882,0,zero,0,0.13128636902713797,0.1624819233257071,0.8919258649236884,1.3269904939235313,1.3682835839433016,-0.4151173038821687,0.13378029428608776,0.888978185180669,1.303346297039928,1.459351478130646,-0.5101755435324846,0.5601348010412228,0.13415464515432907,-0.12355846525034031,0.09139709103260307,0.5475795309510588,-3.162061637715796,9.004863640927022,15.655570188772796,1.0,-1.311707854270935,6.207758249665574e-06,5.2113801807252e-07,0.0,0.0,0.0,1,0.00573663333782535,3.7829552096651726,-9.0,-8.985470588536254,0.00573663333782535,0.1628793649263146,-1.0862947081661702,3.5173400420968934,0.004656895551004747,-0.001467068151921146,-0.0008064442298307016,-0.0560970484710602,0.06651118917212975,0.2873682966559374,0.0,0.0,0.0,0.0,0.0,0.01075685981216079,25.219701397767817,-30.0,-29.95156862845418,49.32676674593223,3.620075844738858,-7.91370529183383,-12.502810630633148,0.01075685981216079,25.219701397767817,-62.12023537442386,-29.95156862845418,73.43060370568546,0.8900000000000006
0.0,0.0,0.0,0.0,0.0,0.0,0.0,0.0,0.0,0.0,0.0,0.0,0,0.0,-1.5707963267948966,nan,0.18136025488871732,-0.22600867307532205,-0.11211807385115224,0.032007566663099896,-1.5708019819919479,0.2047226739746366,-0.25668936684562593,2.2440439553785962,-0.1121586261471858,0.6231249476791276,-0.4091217876372316,0.46774248018824627,0.04605470147530655,0.03856305538027299,0.023362419085919267,-0.030680693770303885,-4.055229603355803e-05,0.0019740364952113634,0.0003158565526752838,-0.0010259802630119344,-0.0016566288728826414,-8.588541434210502,-6.891926183229729,-0.5675219814790913,-0.021549684081978437,-1.570802828496539,2.2470303059492114,0.9696061457248549,-0.8745415175041719,-0.8250097426941096,0,zero,0,0.021549684081978437,0.053557250745078555,0.8975551440055278,1.3283387299843779,1.3670418380590519,-0.4141987754641264,0.1895447803911102,0.8945694514046142,1.2803844945235492,1.5371005812878644,-0.3456515321496703,0.5656994740421524,0.1354874077865595,-0.1247859598718792,0.09230507768847092,0.5674620089395416,-1.5773401772999813,6.537021485378455,15.971572514583244,1.0,-1.0582243204116821,6.501701642402935e-06,8.465045908678803e-07,0.0,0.0,0.0,1,-0.04870865444304495,3.7341907475594858,-9.0,-9.0,-0.04870865444304495,1.8938433966669463,-4.919720743847319,0.2849484498176945,0.004658332798937764,-0.0014670681645086701,-0.0012781888887041125,-0.03535966025476629,0.05433758320769431,0.3225564510995522,0.0,0.0,0.0,0.0,0.0,-0.09133443548292697,24.894604983729906,-30.0,-30.0,49.19095139631937,1.8403473508925394,-4.080279256152681,-9.284948449817694,-0.09133443548292697,24.894604983729906,-79.08579427479853,-74.39038414919308,111.39228792522096,0.9000000000000006
0.0,0.0,0.0,0.0,0.0,0.0,0.0,0.0,0.0,0.0,0.0,0.0,1,0.0,-1.5707963267948966,nan,0.18537760055278876,-0.23377301767803807,-0.11345421177217643,0.03282751237025283,-1.570801950116567,0.20338420229333137,-0.25800611670562074,2.2383596763990843,-0.11246852648330699,0.8444490569837312,-0.5355817345376657,0.6447594742721219,0.10262375849030003,0.030206826549835284,0.01800660174054261,-0.024233099027582666,0.0009856852888694423,0.004944026718581248,-0.0033540376074917694,0.0036080238728445034,-0.0004195183602183569,-5.784504121924051,-4.587034010666397,-0.5848754930386285,0.07000336979848987,-1.570803055691451,2.241243872498244,0.9594013551527161,-0.8745415175040667,-0.825265895683189,0,zero,0,-0.07000336979848987,-0.03717585742823726,0.9032394197376715,1.3297001379747178,1.3657879606277303,-0.41327127325290974,0.29048936740086273,0.9003553518238063,1.2772220064831925,1.57531124253235,-0.21905027855795653,0.5711337491675982,0.13678893957813898,-0.1259846904149557,0.09319178734731255,0.5848308537623352,0.5292003406637467,1.8171764895851688,9.728883746461829,1.0,-10.826028823852539,6.728896554619723e-06,1.1055748840860247e-06,0.0,0.0,0.0,1,-0.051795993096590165,1.6228747009992888,-9.0,-9.0,-0.051795993096590165,2.200220061040103,-7.040461192435762,-2.5527620919627507,0.004609305355332869,-0.0014670681645084936,-0.0012785857469319686,0.006973581537639,0.02474920954482389,0.22510471550308128,0.0,0.0,0.0,0.0,0.0,-0.09712355727843647,10.819164673328592,-30.0,-30.0,43.78428664731195,-0.5773453600408143,-1.959538807564238,-6.447237908037249,-0.09712355727843647,10.819164673328592,-64.6337101812911,-82.24287534331802,105.15926394640492,0.9100000000000006
0.0,0.0,0.0,0.0,0.0,0.0,0.0,0.0,0.0,0.0,0.0,0.0,0,0.0,-1.5707963267948966,nan,0.1883143815545049,-0.24039037535693245,-0.11669623523595393,0.03365520169274516,-1.5708019177931722,0.20202435172064356,-0.2593279402132919,2.2326217161242465,-0.1127813315293445,0.7421862676147043,-0.42966315744039363,0.5295534171223193,0.29292184177399927,0.023704875356712136,0.013709970166138674,-0.018937564856359473,0.003914903706609435,0.007988768040876839,-0.005091434876977011,0.005925218419066843,0.0016701773530940602,-0.5063694192118549,-0.396658438547435,-0.5959329502826185,0.1051909838599483,-1.570803054154982,2.235314578140476,-0.30003893944641447,-0.8745415175040637,-0.8252664596108986,0,zero,0,-0.10519098385994852,-0.07153578216720291,0.9089773767924552,1.3310744028680335,1.3645222417935434,-0.4123350118702883,0.30446654175427795,0.9062844140384231,1.293921309058513,1.5603111685312252,-0.18216340895910701,0.5764353675481332,0.13805869952032115,-0.12715415860229956,0.09405685142982476,0.595925742791126,2.36475714874594,-3.759093228078263,-0.7511009911438089,1.0,-0.6348846554756165,6.727360085445611e-06,1.1363618099835548e-06,0.0,0.0,0.0,1,0.02023879676621581,-1.1214356581140155,-8.73838123525669,-9.0,0.02023879676621581,1.1700194721692423,-7.991487021132524,-4.5980331140307245,-0.0014414937846096885,-0.0014670681645084886,-0.0012785866206260538,0.03636050809058976,-0.02308602910273017,0.03807633621316739,0.0,0.0,0.0,0.0,0.0,0.03795011581889332,-7.476237720760103,-29.127937450855633,-30.0,42.477432959273386,-2.291455130283258,-0.7468942141241648,-4.4019668859692755,0.03795011581889332,-7.476237720760103,-29.127937450855633,-55.88893150664408,63.465777989117235,0.9200000000000006
0.0,0.0,0.0,0.0,0.0,0.0,0.0,0.0,0.0,0.0,0.0,0.0,0,0.0,-1.5707963267948966,nan,0.1885585395488974,-0.24369778719557303,-0.12162486978770579,0.03449044169205928,-1.5708018850262335,0.20064323872672984,-0.2606542647568162,2.2268314121457706,-0.11309696717095555,0.5276928235371541,-0.16252709883062266,0.19810872951163128,0.4612998910140803,0.02250082684135013,0.012084699177832448,-0.01695647756124316,0.008527902616750238,0.008071425145938402,-0.0044698927228252645,0.005261558133567136,0.004181383615505043,5.328698279591529,4.123083443068891,-0.5984598459915178,0.06652699358260294,-1.570802745047081,2.2293193943182525,-0.961044076426504,0.8745656867900077,-0.7736055945700786,0,zero,0,-0.06652699358260294,-0.03203655189054366,0.9147676775808931,1.3324612043061261,1.3632449766112564,-0.41139020957040756,0.20256513407861415,0.9122797982960906,1.3245832241690474,1.493771031783383,-0.25670559381591845,0.5816021357888055,0.13929616228577257,-0.12829388059945981,0.09489991204016224,0.5984916825924705,3.380845034633177,-8.226710704142976,-11.58343245395983,1.0,-0.4477130174636841,6.4182521843925144e-06,8.600208474263127e-07,0.0,0.0,0.0,0,0.1591053265151663,-3.8297507400510526,5.054330629377412,-1.489962808676967,0.1591053265151663,-0.7097044137907197,-4.393940947720999,-4.781786154279137,-0.004617197572624333,0.0014671087091701859,-0.001198548361368185,0.05523898016202475,-0.056332256418099594,-0.19198867591172286,0.0,0.0,0.0,0.0,0.0,0.2983411335367828,-25.531671600340353,16.847768764591372,-4.96654269558989,30.991436249903686,-3.120046326260333,9.44827157709841,3.2918233456021704,0.2983411335367828,-25.531671600340353,16.847768764591372,-4.96654269558989,30.991436249903686,0.9300000000000006
0.0,0.0,0.0,0.0,0.0,0.0,0.0,0.0,0.0,0.0,0.0,0.0,0,0.0,-1.5707963267948966,nan,0.18503664317225627,-0.2421193266178718,-0.1249260173083756,0.0353330363128761,-1.5708018518205065,0.19924099373321988,-0.2619845149612853,2.220990123661908,-0.11341535809969788,0.4674436574284705,0.21196513831311659,-0.29087107821703095,0.29827565919274823,0.026997862104180675,0.014204350560963613,-0.01986518834341347,0.01151065920867772,0.005256284640948647,-0.0015640593576504262,0.0015657936293275339,0.00476765527935652,8.866440708821488,6.776148241353703,-0.5940833127642123,-0.03125991477574375,-1.5708023019819968,2.2233493863413987,-0.9694487485417531,0.874541513564841,0.749500305983935,0,zero,0,0.031259914775743525,0.06659295108861985,0.920608962907422,1.333860216755931,1.361956464901765,-0.410437088132954,0.047395364757480477,0.9182502738183294,1.3583214778293877,1.402449921790002,-0.41207533176938554,0.5866319259691399,0.14050081822857272,-0.12940338701480505,0.09572062196593792,0.5941336438417942,3.2074201907190303,-9.181066854236223,-17.132943087415008,1.0,-0.5539242029190063,5.9751871002156065e-06,4.5016149030630004e-07,0.0,0.0,0.0,1,0.30072214049564727,-4.5,9.0,9.0,0.30072214049564727,-2.421608325129168,0.9535094021682147,-2.4032580602714324,-0.004657576606886243,0.001467068157900331,0.0011612019999431675,0.05634044522220036,-0.06818556626706883,-0.32561860406573895,0.0,0.0,0.0,0.0,0.0,0.5638892565078704,-30.0,30.0,30.0,51.96458381526408,-2.078391674870832,8.046490597831784,11.403258060271433,0.5638892565078704,-39.88614700373029,56.856407345562815,52.059715926088174,86.79912310874089,0.9400000000000006
0.0,0.0,0.0,0.0,0.0,0.0,0.0,0.0,0.0,0.0,0.0,0.0,0,0.0,-1.5707963267948966,nan,0.17884451407819935,-0.23690213086418582,-0.12410935815514207,0.03618278647751305,-1.570801818181032,0.19781776129036832,-0.2633181132337059,2.215099230822723,-0.11373642785031088,0.8182279920718899,0.4768896651205362,-0.6550794026106616,-0.11377289038465299,0.03413774915587961,0.018973247212168975,-0.026415982369520086,0.01037293030483119,0.004624911636746475,0.002132783418482498,-0.003317462077953335,0.002415675453967401,8.3857437278086,6.330720276473592,-0.5877417633297813,-0.14282037222953514,-1.5708019722399902,2.217448273351243,-0.969591364479117,0.8745415175041292,0.8251922507729874,0,zero,0,0.14282037222953514,0.1790031587070482,0.9264998526246464,1.3352711096663314,1.3606570111076672,-0.4094758727563208,0.17637801221362442,0.924151852888292,1.3833622740745428,1.325559660666256,-0.575485227876816,0.5915226756431372,0.14167217338421406,-0.13048222289952316,0.0965186446782227,0.587787109961402,1.8969272312281917,-6.235342001019826,-14.845491547481771,1.0,-0.8656001091003418,5.645445093627188e-06,1.5405895847919737e-07,0.0,0.0,0.0,1,0.34235330866487107,-4.5,9.0,9.0,0.34235330866487107,-3.4804047340449897,4.846833271243031,0.7248186202270763,-0.004658261784575764,0.0014670681645085986,0.0012784716487570526,0.039530469365072,-0.053127824680409316,-0.31034321893031264,0.0,0.0,0.0,0.0,0.0,0.6419525757826197,-30.0,30.0,30.0,51.96548953978547,-1.0195952659550103,4.153166728756969,8.275181379772924,0.6419525757826197,-43.26296035901517,69.30974501282304,85.91988359946255,118.56712442166679,0.9500000000000006
0.0,0.0,0.0,0.0,0.0,0.0,0.0,0.0,0.0,0.0,0.0,0.0,0,0.0,-1.5707963267948966,nan,0.17215970901624858,-0.2308377467244948,-0.1206620581104173,0.0370394901803639,-1.5708017841131352,0.19637370023921422,-0.26465448031237854,2.2091601340753506,-0.11406009883808133,0.9821239173888906,0.5240744010796661,-0.7400751218363644,-0.3770971032495213,0.04211264308652858,0.024213991222965636,-0.03381673358788373,0.006601959272335978,0.008704579364119417,0.0049070001364869276,-0.0071328512184113575,-0.0009019340678666542,4.626819245266588,3.450730441223609,-0.5827226671224996,-0.222114048096677,-1.5708018600208176,2.2116104020537635,-0.9696036326879705,0.8745415175040648,0.825266072590957,0,zero,0,0.22211404809667723,0.25915353827704113,0.9324389462880835,1.3366935476249722,1.3593469241488347,-0.4085067919507731,0.2823694684227304,0.9299900650809246,1.3898742937902013,1.2954712116041411,-0.6783553073485528,0.5962723878392748,0.14280974946960198,-0.13152994774762164,0.0972936543315456,0.5827510125220132,-0.2646271089916948,-0.6025451007940748,-6.639084142654364,1.0,-1.3067655563354492,5.533225921006135e-06,7.590768236198642e-08,0.0,0.0,0.0,1,0.27447424948232735,-4.5,9.0,9.0,0.27447424948232735,-4.01191728279776,6.998820323359501,3.2905302103380247,-0.004658320725414721,0.0014670681645084906,0.001278586021015451,0.008546174536240061,-0.018035933055257105,-0.17236469030201407,0.0,0.0,0.0,0.0,0.0,0.5146713847409101,-30.0,30.0,30.0,51.96407303738104,-0.48808271720224017,2.001179676640499,5.709469789661975,0.5146713847409101,-31.46882410079988,49.41081400059778,81.12720583934474,100.06799610476087,0.9600000000000006
0.0,0.0,0.0,0.0,0.0,0.0,0.0,0.0,0.0,0.0,0.0,0.0,0,0.0,-1.5707963267948966,nan,0.166966140276788,-0.22660891366888736,-0.11786237672708563,0.037902942582328514,-1.570801749622434,0.1949089838581499,-0.26599303582005035,2.20317425350924,-0.11438629239629194,0.7394000911239605,0.3728852358396262,-0.5567388563279263,-0.31258749415422893,0.04841481950090256,0.027942843581361898,-0.03938412215116299,0.0034760843307936884,0.01056634662642547,0.005747063366551484,-0.008451867703740953,-0.002680461902186909,-1.2435317326529964,-0.9162636964529027,-0.5820192146402354,-0.2374674293834711,-1.5708019464797456,2.205801750340634,-0.08218285314047308,-0.317328081981,0.8252664567275438,0,zero,0,0.2374674293834711,0.2753703719657996,0.9384248238109073,1.3381271905150747,1.3580265172779855,-0.4075300774316135,0.27535129329440444,0.9357988675198148,1.3736598849438664,1.3266380450579034,-0.6787562386159242,0.6008791310605057,0.14391308388305482,-0.13254613549592725,0.09804533576389367,0.5820202337262872,-2.4413783874535593,5.45435704103872,4.557620413439967,1.0,-1.6157081127166748,5.619684849023088e-06,1.9685731178498145e-07,0.0,0.0,0.0,1,0.15242617910665804,-1.1868243157143896,1.830661394373557,9.0,0.15242617910665804,-3.253369767616662,5.968083571831794,5.065333037650572,-0.0003948356577384858,-0.0005323268449364402,0.0012785866161588678,-0.03682087352779127,0.03467511734259174,0.05035553203017831,0.0,0.0,0.0,0.0,0.0,0.28581694938432034,-7.912162104762597,6.102204647911857,30.0,31.6215259287972,2.0665454519022726,-4.137422177458237,3.9346669623494277,0.28581694938432034,-7.912162104762597,6.102204647911857,44.37274593191056,45.48473901874648,0.9700000000000006
0.0,0.0,0.0,0.0,0.0,0.0,0.0,0.0,0.0,0.0,0.0,0.0,0,0.0,-1.5707963267948966,nan,0.16526702825930972,-0.22707308725933056,-0.1174631023974457,0.038772936105254896,-1.570801714714829,0.19342379999333717,-0.26733319882022627,2.197143028201413,-0.11471492881374457,0.11588687398491689,0.0213928152665549,-0.08759894097327137,-0.07279107470925528,0.04920602438141135,0.028156771734027447,-0.040260111560895706,0.0027481735837011356,0.0077081690413969865,0.003966973267400586,-0.006207584710025353,-0.00226823392407827,-7.07064207951047,-5.146181478004545,-0.5899520221180671,-0.17687284951794124,-1.5708021578265063,2.199950154175607,0.9601715930733785,-0.8745163834340959,0.19380569757789,0,zero,0,0.17687284951794124,0.21564578562319614,0.9444560461186939,1.3395716936722502,1.3566961079362547,-0.4065459640123474,0.17181103946302329,0.941650306639855,1.3425588320764992,1.4043296736261086,-0.5715710576531803,0.6053410392842593,0.14498172970430384,-0.13353037452408628,0.09877338449671204,0.5899171746243618,-3.3018252709900047,8.734280232770185,14.177579764949506,1.0,-1.5656845569610596,5.83103160956e-06,4.43111677128627e-07,0.0,0.0,0.0,1,0.03434204666658914,2.393165555980607,-9.0,-3.5102880040825366,0.03434204666658914,-1.2382445876594084,1.0490330364915406,4.335265332433705,0.004613005852266214,-0.0014670260013942666,0.0003002634713169154,-0.05549513367690355,0.0621863929789415,0.2495714546182208,0.0,0.0,0.0,0.0,0.0,0.06439536220999276,15.954437039870715,-30.0,-11.700960013608455,35.93689849252348,3.6314101436400152,-10.04903303649154,-7.845553336516241,0.06439536220999276,15.954437039870715,-43.45921681416831,-11.700960013608455,47.75106490291946,0.9800000000000006
0.0,0.0,0.0,0.0,0.0,0.0,0.0,0.0,0.0,0.0,0.0,0.0,0,0.0,-1.5707963267948966,nan,0.16751725364990777,-0.23308509825621135,-0.11808215014385476,0.03964926052637274,-1.5708016793965114,0.19191835117243797,-0.26867438837598473,2.1910679155617117,-0.11504592737236571,0.6000386158601695,-0.3755674211497251,0.4670821441122325,0.028804918778790878,0.04325771353471583,0.024401097522530196,-0.03558929011977338,0.0030362227714890444,0.001673994817403182,0.00014061716133855623,-0.0010226987886844327,-0.0013177908218883578,-9.68598158208709,-6.9613437645376255,-0.6059918698806455,-0.06610888295266704,-1.5708024279969977,2.1939622256941447,0.9695806779171213,-0.8745415176104292,-0.8178956493583158,0,zero,0,0.06610888295266726,0.10575814347904,0.9505311558041656,1.3410267080413147,1.3553560176087673,-0.40555468949784845,0.13636013792494586,0.9476377595250101,1.313862421015375,1.4889500517139482,-0.40488309828427,0.6096563119624409,0.14601525569449314,-0.13448226765456436,0.09947750673490384,0.605932407204994,-2.380232132904361,7.766382055175395,17.314209621612072,1.0,-1.2390916347503662,6.101202100872172e-06,7.486004864887263e-07,0.0,0.0,0.0,1,-0.04255708164668158,3.7402738464538348,-9.0,-9.0,-0.04255708164668158,0.8834616493874092,-3.5678998021145927,1.5096840745603142,0.004658210442530882,-0.0014670681646869197,-0.0012671670127377495,-0.046216221818175474,0.06095298227521377,0.3377073929020526,0.0,0.0,0.0,0.0,0.0,-0.07979951555725029,24.9351589763589,-30.0,-30.0,49.211467374372965,2.8568121970664255,-5.432100197885408,-10.509684074560314,-0.07979951555725029,24.9351589763589,-74.28412052804669,-64.19845580474916,101.29827644870703,0.9900000000000007
0.0,0.0,0.0,0.0,0.0,0.0,0.0,0.0,0.0,0.0,0.0,0.0,0,0.0,-1.5707963267948966,nan,0.17181487296255807,-0.24220080972467184,-0.11852840665030087,0.04053170307273324,-1.5708016436739611,0.19039285470116538,-0.27001602411063114,2.184950390678054,-0.11537920638488056,0.9713788903521832,-0.5823115783922889,0.7774075733814084,0.01129774939312711,0.03359680072757861,0.018577981738607308,-0.027815214385959297,0.0031492002654203155,0.005927090858756037,-0.0037816393556610213,0.004492965939161715,-0.000801789811108719,-8.156244777571738,-5.78600355977759,-0.6227989148601785,0.04530772526934679,-1.570802683401171,2.1877979651037025,0.9696073497691599,-0.8745415175047868,-0.8252573407630904,0,zero,0,-0.04530772526934701,-0.00477602219661355,0.956648677781937,1.3424918803331027,1.3540065716802094,-0.40455649457752396,0.24846917625984882,0.953801427420512,1.301089705866783,1.544575200514494,-0.2506140300970944,0.6138232140214327,0.14701324629618004,-0.13540143215264672,0.10015741936683044,0.6227425508990396,-0.48115072481051685,3.811631976594102,13.330592201534595,1.0,-0.9058303833007812,6.356606274238175e-06,1.039727210105923e-06,0.0,0.0,0.0,1,-0.0620695816276776,2.513741121723524,-9.0,-9.0,-0.0620695816276776,1.928822480371202,-6.3326228015805865,-1.521762692600685,0.004658338583594867,-0.0014670681645097016,-0.0012785724927808382,-0.01883730844415337,0.037488561212102006,0.28649555789971914,0.0,0.0,0.0,0.0,0.0,-0.1163877397856321,16.758274144823496,-30.0,-30.0,45.616370947490246,0.5849186413523222,-2.6673771984194135,-7.478237307399315,-0.1163877397856321,16.758274144823496,-72.2475534191162,-86.31276518964013,113.8000690164511,1.0000000000000007
0.0,0.0,0.0,0.0,0.0,0.0,0.0,0.0,0.0,0.0,0.0,0.0,0,0.0,-1.5707963267948966,nan,0.17580255123738706,-0.25116642223379415,-0.12002984831540817,0.041420048515640406,-1.5708016075539413,0.18884754274218699,-0.27135752676949454,2.1787919456616813,-0.11571468323256079,0.9492128628063383,-0.5532990233807378,0.7624109850258909,0.1165964817427062,0.024422799909594894,0.01304499150479993,-0.020191104535700388,0.0043151650828473775,0.010173895920867116,-0.00619878194056097,0.008063778581253907,0.00024235439860348287,-3.5209202222796225,-2.464450831838988,-0.6347708814841706,0.11341513491574395,-1.5708027769360158,2.1814857250141246,0.5182345211742044,-0.8745415175041662,-0.8252663806213196,0,zero,0,-0.11341513491574418,-0.07199508640010333,0.9628071199432583,1.343966853181281,1.3526480992904002,-0.40355162271848033,0.30953626997924766,0.9601132541550436,1.3081890657632855,1.551183806285665,-0.16879862807273818,0.6178400758620919,0.14797530163333436,-0.13628749972643772,0.10081284996431102,0.6347431812270905,1.4659142049864191,-1.5428487229398997,4.220788146310476,1.0,-0.6619759798049927,6.450141118996555e-06,1.1693820747282757e-06,0.0,0.0,0.0,1,-0.008635722139677884,0.09845329747918638,-9.0,-9.0,-0.008635722139677884,1.5509890174069914,-7.731795884740775,-3.87319078370202,0.002489782968241061,-0.0014670681645086606,-0.0012785864982473752,0.022097506009292833,-0.008259461863878529,0.12886623416974663,0.0,0.0,0.0,0.0,0.0,-0.016192991073838148,0.6563553165279092,-30.0,-30.0,42.43148671110281,-1.452535719927805,-1.2682041152592252,-5.12680921629798,-0.016192991073838148,0.6563553165279092,-44.14763412405257,-72.28224282179252,84.70045625977632,1.0100000000000007
0.0,0.0,0.0,0.0,0.0,0.0,0.0,0.0,0.0,0.0,0.0,0.0,0,0.0,-1.5707963267948966,nan,0.17762715737201284,-0.2572596723636855,-0.12373150549203715,0.04231407926509312,-1.5708015710435053,0.18728266237596786,-0.2726983187821598,2.172594088992413,-0.11605227440304056,0.6737315265677215,-0.3389486500844918,0.47524581172261327,0.3364066006149219,0.019762367526039992,0.009655505003955012,-0.015438646418474256,0.0076792310889965965,0.010918825986038527,-0.006380885539779106,0.00852906235609385,0.002400032493007324,2.9079395695908827,2.007855905443445,-0.6395262865346621,0.11054451385213726,-1.5708025683185425,2.175090753829638,-0.8318234368443183,0.7147116075961559,-0.8252664667153649,0,zero,0,-0.11054451385213726,-0.06823043458704436,0.9690049738107607,1.345451265299163,1.3512809331898634,-0.40254032005868867,0.25776354730718815,0.9665082162500566,1.3316412357230736,1.50402115396302,-0.19537970468177146,0.6217052933597527,0.14890103751133926,-0.13714011652686142,0.10144353678262301,0.6395396816597849,2.815309560502101,-6.667702127413115,-7.386169442854751,1.0,-0.42697152495384216,6.241523645922342e-06,9.97275037217804e-07,0.0,0.0,0.0,0,0.11930535930135175,-2.5488321519363297,-0.42926329823058734,-8.976552317843398,0.11930535930135175,0.11094100640687739,-5.913051226582346,-5.447060762295514,-0.003996375658159872,0.0011989489639114034,-0.0012785866316330145,0.04519567198760048,-0.04414279861329239,-0.10327825843844396,0.0,0.0,0.0,0.0,0.0,0.22371153066070082,-16.9922143462422,-1.4308776607686244,-29.921841059477995,34.44051942852111,-2.659773158343207,5.4837879283517585,-3.5294915555478834,0.22371153066070082,-16.9922143462422,-1.4308776607686244,-29.921841059477995,34.44051942852111,1.0200000000000007
0.0,0.0,0.0,0.0,0.0,0.0,0.0,0.0,0.0,0.0,0.0,0.0,0,0.0,-1.5707963267948966,nan,0.17554297860030663,-0.2577518850807399,-0.12761499486917466,0.04321357546422111,-1.570801534149989,0.18569847564315276,-0.27403782482439876,2.1663583448638994,-0.11639189552819498,0.36778934466988744,0.04999920388911172,-0.08472933251846282,0.3543868251983079,0.02223339632936999,0.010155497042846129,-0.016285939743658884,0.011223099340979675,0.007556286160892342,-0.003913668930956101,0.005112131479087428,0.0039555995480692226,8.415467509337207,5.731466279422087,-0.636869322710028,0.031965217040061056,-1.5708021190300818,2.168695069182372,-0.9679490456052439,0.87452525108768,0.49024209870866614,0,zero,0,-0.031965217040061056,0.011248358424159832,0.9752407151932012,1.346944751636524,1.3499054095953997,-0.4015228353001497,0.10209555274292947,0.9729042744698564,1.362592825275173,1.4189919581158221,-0.32803658121433216,0.6254173278642262,0.14979008541699085,-0.13795894314766138,0.10204922876050203,0.6369125479952381,3.118202895487877,-9.190874217178791,-16.254505413545566,1.0,-0.4291759431362152,5.792235185264616e-06,5.848800928021092e-07,0.0,0.0,0.0,1,0.2743677916266902,-4.5,9.0,8.733941689705784,0.2743677916266902,-1.739891779632404,-0.7634247127807983,-3.781797459022636,-0.004650371500556619,0.001467040877134305,0.0007595328526644267,0.053545739829190586,-0.06613674481066287,-0.2954412293874579,0.0,0.0,0.0,0.0,0.0,0.5144717637852808,-30.0,30.0,29.11313896568595,51.45716219955269,-2.760108220367596,9.763424712780798,12.51573914872842,0.5144717637852808,-32.80668212571777,42.77062616001691,29.11313896568595,61.2653604890144,1.0300000000000007
0.0,0.0,0.0,0.0,0.0,0.0,0.0,0.0,0.0,0.0,0.0,0.0,0,0.0,-1.5707963267948966,nan,0.16998294260424873,-0.25301704118516827,-0.12799531538747877,0.04411831508371589,-1.570801496881013,0.18409525956814907,-0.27537547237905746,2.1600862525288687,-0.11673346142208077,0.7247970627816136,0.39568199210542054,-0.6072491450230311,0.0038754624418324557,0.028738237424717216,0.014112316963900334,-0.022358431193889194,0.011261853965398,0.0027340998117324324,2.871650188214503e-05,-0.0006391088328717848,0.0026581980819307353,9.694227917030629,6.512895219900723,-0.6302993266466659,-0.08320649385559342,-1.570801697335817,2.162363638923364,-0.9695179292195059,0.8745415175347898,0.8250121441114237,0,zero,0,0.08320649385559342,0.1273248089393091,0.9815128048402073,1.3484469435364135,1.3485218680456585,-0.4004994196020598,0.11036714038078736,0.9792361725303761,1.389329715907371,1.333569839252161,-0.5018934942779557,0.6289747061997979,0.15064209251849783,-0.1387436546254003,0.10262968552014146,0.6303458211601907,2.2265594223746614,-7.585726236253554,-17.03802800538039,1.0,-0.6309961676597595,5.370540920424105e-06,2.0045480386698955e-07,0.0,0.0,0.0,1,0.35555802328027886,-4.5,9.0,9.0,0.35555802328027886,-3.0940341092115284,3.77323934527624,-0.5168136788538892,-0.004657908975468733,0.0014670681645600325,0.0012781926092237247,0.04341800728774106,-0.060657424896738664,-0.34209658989701275,0.0,0.0,0.0,0.0,0.0,0.6667129632107235,-30.0,30.0,30.0,51.965801313703544,-1.4059658907884716,5.22676065472376,9.51681367885389,0.6667129632107235,-41.24625770165578,67.76363209218928,78.63129852113158,111.69820599280727,1.0400000000000007
0.0,0.0,0.0,0.0,0.0,0.0,0.0,0.0,0.0,0.0,0.0,0.0,0,0.0,-1.5707963267948966,nan,0.16304402466252038,-0.24600009645153648,-0.12462266082988319,0.045028074016279174,-1.570801459244477,0.1824733061635999,-0.27671069229513434,2.153779365644385,-0.11707688611893258,1.0575349225949875,0.5316964537179197,-0.8352164649708671,-0.3716079254447391,0.03711571624939257,0.01942928150107953,-0.030710595843597865,0.007545774710950609,0.006996766662060794,0.003557491016325409,-0.005983592063551434,-0.0007040081030028327,6.993395189146223,4.635134354755162,-0.6239313988977258,-0.18345650389787704,-1.570801480357735,2.1561071015550777,-0.969587675131052,0.8745415175043398,0.8252660277442703,0,zero,0,0.18345650389787682,0.22848457791415644,0.9878196890970217,1.34995746889197,1.3471306512567087,-0.3994703264739759,0.25289442919011357,0.9854930884006503,1.4009583637976124,1.2848777005072023,-0.6392069696606113,0.6323760206652305,0.15145672166548205,-0.13949394043946045,0.10318467736719288,0.6239662163734988,0.3448668447102066,-2.7242935573630414,-10.769421007281691,1.0,-1.05227792263031,5.153562838700054e-06,2.1113257808735852e-08,0.0,0.0,0.0,1,0.3094268446663212,-4.5,9.0,9.0,0.3094268446663212,-3.8242918257200365,6.441697370684673,2.381905456635728,-0.004658244059635413,0.0014670681645089518,0.001278585951534409,0.017241477623591676,-0.03159519260705215,-0.24535972050860555,0.0,0.0,0.0,0.0,0.0,0.5802115969741631,-30.0,30.0,30.0,51.96476349890629,-0.6757081742799635,2.5583026293153273,6.618094543364272,0.5802115969741631,-35.06679511718386,59.05523349452994,89.51041118353217,112.8257553869074,1.0500000000000007
0.0,0.0,0.0,0.0,0.0,0.0,0.0,0.0,0.0,0.0,0.0,0.0,0,0.0,-1.5707963267948966,nan,0.15676892020951727,-0.23974884128383894,-0.12055352200683644,0.04594262617104938,-1.570801421248561,0.18083292241547863,-0.2780429193442714,2.1474392516170964,-0.11742208291121306,0.9923517394052022,0.46347207048818284,-0.7583482216834581,-0.4414335615327225,0.04533562095611579,0.02406400220596136,-0.038294078060432446,0.003131439095623384,0.011083441838189158,0.005451825387462295,-0.00902873637944692,-0.003406200568903008,1.6042271885308965,1.0489832489249218,-0.6200838952235439,-0.23046040884292318,-1.5708014917837614,2.1499039620014937,-0.5704120720251062,0.8745415175041704,0.8252664638247186,0,zero,0,0.23046040884292296,0.27640303501397234,0.9941598005592471,1.3514759523032358,1.3457321049776123,-0.39843581166898123,0.2949227478909356,0.9916964673249182,1.3907031898530435,1.2950444917435595,-0.6862992322554862,0.6356199290337621,0.15223365138897818,-0.14020950451204342,0.10371398529076588,0.6200987843226587,-1.931208179477476,3.554507856689031,-0.29344265599752095,1.0,-1.4782962799072266,5.1649888650473486e-06,7.053520034716598e-08,0.0,0.0,0.0,1,0.18375034402596224,-2.224473655277448,6.804104124048018,9.0,0.18375034402596224,-3.4768593428510326,7.141627363561131,4.483957294204498,-0.002740462481328607,0.0014670681645086677,0.0012785866271545318,-0.02798984838360574,0.020834634069009494,-0.05751561643706618,0.0,0.0,0.0,0.0,0.0,0.3445534296380316,-14.829824368516322,22.68034708016006,30.0,40.42821479540546,1.2523856875735846,-0.33752323951311336,4.516042705795502,0.3445534296380316,-14.829824368516322,22.68034708016006,63.83404932468999,69.34858617686733,1.0600000000000007
0.0,0.0,0.0,0.0,0.0,0.0,0.0,0.0,0.0,0.0,0.0,0.0,0,0.0,-1.5707963267948966,nan,0.1530046450929406,-0.23719084063536106,-0.1186572267835494,0.04686174356804518,-1.5708013829017224,0.179174430248582,-0.2793715927738726,2.1410674909484873,-0.11776896438771059,0.4957055469412413,0.21057829496800573,-0.38866740780790776,-0.2243176699784577,0.049647381765273745,0.026169785155641417,-0.042180752138511524,0.000888262395838807,0.010644508585710208,0.005029503924351406,-0.008595061384895457,-0.003759597464632501,-4.86415283658588,-3.1377700804392434,-0.6232909147664927,-0.20336879501932215,-1.5708016721727198,2.143701613674476,0.9017821699103015,-0.8753641712168435,0.8252664694978005,0,zero,0,0.20336879501932215,0.2502305385873673,1.0005315587275914,1.3530020152339703,1.3443265778459943,-0.3973961330768507,0.22578022047749713,0.9978988300431871,1.3617505265245922,1.3608168102385618,-0.6223879384484653,0.6387051545531086,0.15297257590143418,-0.14089006520817052,0.10421740096342834,0.6232749060799554,-3.3092594280565764,8.09064087571764,10.56978473592678,1.0,-1.5826215744018555,5.345377823040565e-06,2.892709973778551e-07,0.0,0.0,0.0,0,0.042684804683973496,1.6160954877032916,-8.23585845705497,3.9988777958224397,0.042684804683973496,-1.7609147119734205,2.726212360492338,5.095347324934554,0.0043324822951178845,-0.001468448189410998,0.0012785866359438464,-0.053845899282831136,0.055896853199532276,0.17165992778638625,0.0,0.0,0.0,0.0,0.0,0.0800390112206516,10.773969918021944,-27.45286152351657,13.329592652741466,32.36390705948765,3.377010199676712,-10.962070817547309,-1.0964695291121145,0.0800390112206516,10.773969918021944,-27.45286152351657,13.329592652741466,32.36390705948765,1.0700000000000007
0.0,0.0,0.0,0.0,0.0,0.0,0.0,0.0,0.0,0.0,0.0,0.0,0,0.0,-1.5707963267948966,nan,0.15338547595522903,-0.24109832217535546,-0.11898098489426978,0.04778519643260126,-1.5708013442126896,0.17749816647223388,-0.28069615685604854,2.1346656765801333,-0.11811744247167971,0.33020769257072147,-0.20570946386365696,0.258291745781844,-0.002471997324873798,0.046369775294732324,0.024112690517004848,-0.039597834680693084,0.000863542422590069,0.005124789004623887,0.001978105175655883,-0.0040010146234215685,-0.0025184209813142963,-9.463440707073277,-6.020662252557722,-0.6351169556123549,-0.10918712182644508,-1.5708019275122083,2.1374082055080925,0.9694976020187559,-0.874541522233591,-0.7011527661354618,0,zero,0,0.1091871218264453,0.15697231825904634,1.0069333706626111,1.3545352761684648,1.3429144212436157,-0.396351550617216,0.1320688153415869,1.0041919222266875,1.3300290024279577,1.4471973070583402,-0.4735472675949851,0.64163048594546,0.1536732050967104,-0.14153535533568215,0.10469472674120589,0.635069150109693,-2.841404799336363,8.43201186208444,16.806896117133054,1.0,-1.3918112516403198,5.600717311704528e-06,5.832995189081203e-07,0.0,0.0,0.0,1,-0.05868448603052511,3.8748443566714292,-9.0,-9.0,-0.05868448603052511,0.49744124778684673,-2.401011562358588,2.9190716842952753,0.004657811316366239,-0.0014670681724424047,-0.0010862970806040388,-0.05226123877534383,0.06394598793816052,0.31586816924784705,0.0,0.0,0.0,0.0,0.0,-0.11004028882528616,25.832295711142862,-30.0,-30.0,49.67212105973626,3.3774031088845824,-6.598988437641411,-11.919071684295275,-0.11004028882528616,25.832295711142862,-67.14449983887039,-43.71973834323439,84.1850283006785,1.0800000000000007
0.0,0.0,0.0,0.0,0.0,0.0,0.0,0.0,0.0,0.0,0.0,0.0,0,0.0,-1.5707963267948966,nan,0.1568550883497936,-0.25009456137419434,-0.11971208930899416,0.048712753289807065,-1.5708013051904608,0.17580448270606316,-0.2820160614315816,2.12823541323895,-0.11846742845902353,0.9259103182712485,-0.516329616073527,0.767633462330583,0.03811184273805612,0.0371431136688168,0.018949394356269578,-0.03192150005738725,0.0012446608499706302,0.0035353357888175934,-0.002119709019655667,0.0024458844039084715,-0.0014223509744089994,-9.670837413869247,-6.065440970650338,-0.6501863059247461,0.008376080695832178,-1.5708021935634742,2.130965812469658,0.969606399258973,-0.8745415175076755,-0.8251707941274624,0,zero,0,-0.0083760806958324,0.04033667259397511,1.0133636316394579,1.3560753507683558,1.3414959891519451,-0.39530232613273164,0.19928442999602444,1.0106337757933614,1.3116821106917895,1.5145255829939535,-0.3070026555995191,0.6443947774074844,0.15433526455008068,-0.14214512214523842,0.1051457756635825,0.6501288728802663,-1.0566861769071771,5.240651506479586,15.599512990209657,1.0,-1.0049495697021484,5.866768577611481e-06,8.883730133746326e-07,0.0,0.0,0.0,1,-0.08835828675156678,3.216985890025835,-9.0,-9.0,-0.08835828675156678,1.9420628785460026,-5.697168090521913,-0.28719423168408076,0.004658334017005846,-0.0014670681645145476,-0.0012784384059424778,-0.027695167859593195,0.046382485241803446,0.3205467667319411,0.0,0.0,0.0,0.0,0.0,-0.16568214279311227,21.446572600172235,-30.0,-30.0,47.53927772765273,1.2749230114798324,-3.302831909478087,-8.712805768315919,-0.16568214279311227,21.446572600172235,-75.71010263526237,-80.72967806922706,112.73545799379139,1.0900000000000007
0.0,0.0,0.0,0.0,0.0,0.0,0.0,0.0,0.0,0.0,0.0,0.0,0,0.0,-1.5707963267948966,nan,0.1610158485098469,-0.26052294448044555,-0.12099127810393612,0.04964418105894297,-1.5708012658443027,0.17409374528575433,-0.2833307624481004,2.121778316782447,-0.11881883305650726,1.0880922230489516,-0.587149758036215,0.91136820897324,0.09277841974582313,0.026380816174088845,0.013077896775907427,-0.022807817967654853,0.0021724450474288615,0.009357813163362382,-0.005318058724685066,0.007692762372699377,-0.00032912866538784523,-6.064654698952365,-3.748270076652653,-0.6619826682279052,0.09972714017925699,-1.570802357354587,2.1243822859778545,0.8046915330610505,-0.8745415175043536,-0.8252661268025435,0,zero,0,-0.09972714017925721,-0.05008295912031402,1.019820725802622,1.3576218520294399,1.3400716380077307,-0.3942487232822396,0.2869347225869333,1.0172168057474622,1.313729218012882,1.5374497097430433,-0.19068033648427685,0.646996948610324,0.15495849551823127,-0.14271912733031855,0.10557037145349996,0.6619424172473827,1.0272514296487822,0.1751228010058663,8.331862405912073,1.0,-0.6945408582687378,6.03055969072841e-06,1.091510284378927e-06,0.0,0.0,0.0,1,-0.045240612895344014,0.8607761135401891,-9.0,-9.0,-0.045240612895344014,1.9100763031741066,-7.43456757712807,-2.9796927857335413,0.003866024341959484,-0.001467068164508975,-0.0012785861050055472,0.014836699211128292,0.014004985321140091,0.20161971347186297,0.0,0.0,0.0,0.0,0.0,-0.08483145114446655,5.738507423601261,-30.0,-30.0,42.812821255154745,-1.0493001896339176,-1.5654324228719299,-6.020307214266459,-0.08483145114446655,5.738507423601261,-54.6821635379371,-81.03933939763711,97.93084908761358,1.1000000000000008
0.0,0.0,0.0,0.0,0.0,0.0,0.0,0.0,0.0,0.0,0.0,0.0,0,0.0,-1.5707963267948966,nan,0.16388794774506488,-0.26916837813448846,-0.12425847518574792,0.050579245147921004,-1.57080122618374,0.17236633514871535,-0.2846397224916446,2.11529601354398,-0.11917156642000101,0.9136379494549024,-0.4599509372256949,0.7336473610498717,0.291446371831805,0.018360887505104943,0.008478387403650478,-0.015471344357156136,0.005086908765746911,0.012106045715491466,-0.006600030782020219,0.010001788659251925,0.001720511597640204,-0.044832118378129504,-0.027270977501211213,-0.6675544088269171,0.13014778659274606,-1.5708022631314063,2.117711555523953,-0.6380961616032447,-0.23920448131765826,-0.8252664617092609,0,zero,0,-0.13014778659274606,-0.07956854144482506,1.0263030268206776,1.3591743904384876,1.3386417265585708,-0.39319100743393554,0.2799211986008934,1.023887344050294,1.3343049260332271,1.5065299421118294,-0.17060372405626434,0.6494359846995992,0.15554265493926184,-0.14325714702722156,0.10596834851735834,0.6675485220631233,2.6484298527768413,-5.210605854682419,-2.5096984615424898,1.0,-0.4670772850513458,5.9363365094711185e-06,1.0369476663996124e-06,0.0,0.0,0.0,1,0.07475217843992443,-1.8909539205002146,-4.596610959498045,-9.0,0.07475217843992443,0.6451356990930074,-6.9779079685775285,-4.867981652181814,-0.0030656409219132394,-0.00040127229219540317,-0.0012785866238770498,0.041622216678923005,-0.03355599591275324,-0.011533536583852895,0.0,0.0,0.0,0.0,0.0,0.14016909514330478,-12.606359470001431,-15.32203653166015,-30.0,35.96810740002393,-2.536089619593222,2.381297009079484,-4.132018347818186,0.14016909514330478,-12.606359470001431,-15.32203653166015,-49.20209276109009,53.052339081425714,1.1100000000000008
0.0,0.0,0.0,0.0,0.0,0.0,0.0,0.0,0.0,0.0,0.0,0.0,0,0.0,-1.5707963267948966,nan,0.1637797087967479,-0.2730824722152064,-0.1288633217606972,0.051517709547722834,-1.5708011862185578,0.17062264769965588,-0.2859424113108049,2.108790139678004,-0.11952553819274817,0.5250149123850553,-0.16354485007425146,0.261140526155762,0.4250874802202126,0.01730312250240671,0.0068429389029079635,-0.012859939095598516,0.009337783567949037,0.010783655313286494,-0.0054806194663471475,0.008393939655690574,0.0039738909443382976,6.1713274585658855,3.701283074791665,-0.665497396442198,0.08573700378727556,-1.5708018823590273,2.1110292580843986,-0.96679412048636,0.8745320279969527,-0.4812501631085905,0,zero,0,-0.08573700378727533,-0.034219294239552944,1.0328088985410275,1.3607325741300575,1.3372066157184876,-0.39212944555853346,0.16267330536308772,1.0305698327520103,1.3654140415955567,1.4310678457825725,-0.2593674622373611,0.6517109362954052,0.1560875154326847,-0.1437589718150657,0.10633955194501567,0.665523838551011,3.240760080720862,-8.626904827119079,-12.582306418074097,1.0,-0.339139848947525,5.555564130510504e-06,6.961404697136686e-07,0.0,0.0,0.0,1,0.2391997044833794,-4.422474569636024,9.0,1.2527796036789167,0.2391997044833794,-1.3083225613214768,-2.0231612860575985,-4.555138668042012,-0.004644822829495349,0.0014670522455915468,-0.000745601632731887,0.054666659413093205,-0.060913905252902814,-0.2162286276114804,0.0,0.0,0.0,0.0,0.0,0.448527478873766,-29.483163797573496,30.0,4.175932012263056,42.27169895550564,-3.114152008314547,11.023161286057599,5.807918271720929,0.448527478873766,-29.483163797573496,30.090530365307913,4.175932012263056,42.335995916600496,1.1200000000000008
0.0,0.0,0.0,0.0,0.0,0.0,0.0,0.0,0.0,0.0,0.0,0.0,0,0.0,-1.5707963267948966,nan,0.15981948166981372,-0.27052408357831326,-0.13132828731611232,0.052459336926836464,-1.5708011459587932,0.16886309265609997,-0.28723830633261777,2.102262340505324,-0.11988065754365029,0.49142559098022626,0.2200672083378291,-0.38542836587059925,0.21098462045129884,0.022185589227224665,0.009043610986286255,-0.01671422275430451,0.011447629772462026,0.005503008739413972,-0.0021827683439527863,0.003021090354713006,0.004048659112763657,9.447713187744654,5.581570055508268,-0.658887044829369,-0.012837969331876531,-1.570801430134674,2.1044090303213334,-0.9695188212740453,0.8745415174068628,0.8018933177682366,0,zero,0,0.012837969331876309,0.06529730625871277,1.0393366956446477,1.36229600904331,1.335766668423498,-0.39106430612243187,0.04133328920138785,1.037190448635233,1.3946890651109964,1.3446961904361334,-0.41503904230871197,0.6538209194923142,0.15659286529942523,-0.14422440671578862,0.10668383750978808,0.6589270971194338,2.565034258972753,-8.107890009492722,-16.516148543528313,1.0,-0.4104450047016144,5.103339777434712e-06,2.8417588104900915e-07,0.0,0.0,0.0,1,0.3517608198757258,-4.5,9.0,9.0,0.3517608198757258,-2.843605902375118,2.9800314748025056,-1.9331283643730817,-0.004657913261216032,0.0014670681643454313,0.001242374575299369,0.047952828680259504,-0.06279421776723879,-0.3198461691431677,0.0,0.0,0.0,0.0,0.0,0.6595927618145994,-30.0,30.0,30.0,51.96571045036754,-1.656394097624882,6.019968525197495,10.933128364373081,0.6595927618145994,-40.008463791498265,61.980582890871034,57.99413266747133,93.84041941994647,1.1300000000000008
0.0,0.0,0.0,0.0,0.0,0.0,0.0,0.0,0.0,0.0,0.0,0.0,0,0.0,-1.5707963267948966,nan,0.1532769343449492,-0.2633670289952152,-0.12968326909886968,0.053403888725698234,-1.570801105414731,0.16708809387391682,-0.28852689316940355,2.095714269858348,-0.12023683320556494,0.9902684234189104,0.47675485426813546,-0.8445641419883854,-0.2001193879157287,0.030215923680809692,0.01381115952896761,-0.025159864174188362,0.009446435893304739,0.004224620206576173,0.0017201423483671433,-0.003609978137665365,0.0013625652412797614,8.478151248260538,4.9342555872243095,-0.6516154573363117,-0.11926021378648621,-1.5708011350084585,2.0978708701268407,-0.9695934010655577,0.8745415175038308,0.8252408012706229,0,zero,0,0.11926021378648599,0.17266410251218467,1.0458847643008327,1.3638642990788223,1.3343222494871847,-0.38999585898087846,0.1870995171718316,1.043728985729769,1.4108998344327546,1.2855615153841127,-0.5643851681955879,0.6557651158593742,0.15705850852182177,-0.14465327119414753,0.10700107166844976,0.6516522070094506,0.877379536016134,-4.063823482469498,-12.995923012333686,1.0,-0.7275931239128113,4.808213561968699e-06,2.95937274685798e-08,0.0,0.0,0.0,1,0.32364811256973064,-4.5,9.0,9.0,0.32364811256973064,-3.7021957892486324,6.028587412806349,1.1384957997635965,-0.004658271569061409,0.0014670681645080979,0.0012785468681192097,0.024855305668467814,-0.03972930592719761,-0.27883629671160376,0.0,0.0,0.0,0.0,0.0,0.6068781409520545,-30.0,30.0,30.0,51.96506808499307,-0.7978042107513676,2.971412587193651,7.8615042002364035,0.6068781409520545,-37.321423504039316,62.10733451952561,83.86407844540705,110.83213256120025,1.1400000000000008
0.0,0.0,0.0,0.0,0.0,0.0,0.0,0.0,0.0,0.0,0.0,0.0,0,0.0,-1.5707963267948966,nan,0.14623515929134992,-0.2550480883047889,-0.12572760369633187,0.05435112525113106,-1.5708010645968964,0.16529808915298164,-0.28980766611573244,2.089147589426341,-0.12059397351361056,1.1761627720345293,0.5251770332664107,-0.9599713636755158,-0.43128057105834283,0.039974713299253,0.019062929861631717,-0.03475957781094352,0.0051336301827213104,0.010132216411698569,0.004639730007858639,-0.008790902313951056,-0.001963352075976154,4.162502055061242,2.3866400015727396,-0.6456205891210022,-0.18976276652499635,-1.5708010817490823,2.0914031998943727,-0.8789753287891127,0.8745415175040373,0.8252662770851297,0,zero,0,0.18976276652499635,0.2441138917761272,1.0524514428219391,1.3654370462554022,1.332873725456269,-0.38892437527113616,0.2640162107067934,1.0501969502126078,1.4062883075526256,1.2806011769500598,-0.6444595624805308,0.6575427724401087,0.15748426476362531,-0.14504539915771886,0.10729113156123284,0.6456451072869989,-1.3895553240910257,2.0441924546888757,-4.143534522827998,1.0,-1.1882715225219727,4.754954185948179e-06,1.7152185893820615e-08,0.0,0.0,0.0,1,0.19571679262590172,-3.075025059756224,9.0,9.0,0.19571679262590172,-3.6762110349531594,7.582538389937672,3.58485220701592,-0.004222910118308328,0.0014670681645084444,0.0012785863378385936,-0.01931479985087837,0.010424240422527476,-0.12648869987863753,0.0,0.0,0.0,0.0,0.0,0.3669919231687638,-20.500167065041495,30.0,30.0,47.121030684464905,0.6011859751969353,1.417461610062328,5.4151477929840794,0.3669919231687638,-20.500167065041495,32.51473075200768,72.37519254002879,81.94978794266692,1.1500000000000008
0.0,0.0,0.0,0.0,0.0,0.0,0.0,0.0,0.0,0.0,0.0,0.0,0,0.0,-1.5707963267948966,nan,0.140666958244045,-0.24903624290390874,-0.12268996260529588,0.055300805770784,-1.570801023516052,0.16349353002313238,-0.2910801286347194,2.082563968100679,-0.12095198644347285,0.8874492018358624,0.3763641917455679,-0.7284307919867117,-0.3395654020898281,0.047872343452878476,0.022826571779087396,-0.04204388573081064,0.0017379761618230294,0.012587206907916869,0.005592350144481523,-0.010697872838741622,-0.003566358693449372,-2.312566462297312,-1.3062788938043959,-0.6448255242634447,-0.19448351053784152,-1.5708012432991836,2.084969309709139,0.6973206027592622,-0.8740599111294906,0.8252664626508257,0,zero,0,0.1944835105378413,0.24978431630862552,1.0590350623181322,1.3670138508669012,1.331421464466183,-0.38785012730564816,0.23240474983914827,1.0566309856214406,1.3808686170661209,1.3354062998677143,-0.6197948506847782,0.6591532017525188,0.15786996937000025,-0.14540063895689873,0.1075539050118278,0.6448256909448985,-3.132404291273854,7.413189505301,6.9367860734897615,1.0,-1.5432662963867188,4.91650428724455e-06,2.197831312500398e-07,0.0,0.0,0.0,1,0.03730950666096999,0.7258688588667126,-4.692116293655399,9.0,0.03730950666096999,-2.273329107219403,4.3593661358939135,5.256386379714114,0.0033501762025034726,-0.0014662602561750146,0.0012785866253358176,-0.04957472320194925,0.049653806100532216,0.09759600047375339,0.0,0.0,0.0,0.0,0.0,0.06995969747041064,4.839125725778084,-15.640387645517999,30.0,34.17665515891263,2.9991979660861157,-9.051482429549313,3.7436136202858856,0.06995969747041064,4.839125725778084,-15.640387645517999,31.367898829993518,35.38345425279926,1.1600000000000008
0.0,0.0,0.0,0.0,0.0,0.0,0.0,0.0,0.0,0.0,0.0,0.0,0,0.0,-1.5707963267948966,nan,0.13872082522567178,-0.24934981488693816,-0.12210959242439881,0.056252688607572265,-1.570800982183193,0.16167488151062254,-0.29234379383285025,2.0759650813200965,-0.12131077964970485,0.13419974978891672,0.012748450586336224,-0.09500932151014496,-0.09391633871290717,0.048744323027232965,0.022954056284950758,-0.04299397894591209,0.0007988127746939577,0.009141485331151139,0.0038064860650649096,-0.007751591292526151,-0.0029983746146455496,-8.230011720749541,-4.578671501617604,-0.6522628977927244,-0.12444460152592485,-1.5708015185945006,2.0784896384072935,0.9691496729413414,-0.8745415561814898,-0.33324584113771377,0,zero,0,0.12444460152592463,0.1806972901334971,1.0656339473521286,1.3685943116390302,1.3299658360966398,-0.3867733884652035,0.14441854757281744,1.0631105065375324,1.3477985245957032,1.4230262721476659,-0.49520603858839674,0.6605957817890803,0.15821547336752348,-0.14571885338490245,0.10778929052738286,0.6522300893630001,-3.1666425201491113,9.066894942196573,15.318180512532376,1.0,-1.5234395265579224,5.191799604009617e-06,5.364113073724752e-07,0.0,0.0,0.0,1,-0.08664964588489599,3.6587788840446285,-9.0,-7.562625377526045,-0.08664964588489599,0.0037430659382532844,-0.8872497480612859,3.8492096033481307,0.0046561397413250015,-0.0014670682293909663,-0.0005162983045001595,-0.05590401742884045,0.0666110220119591,0.2780511152249179,0.0,0.0,0.0,0.0,0.0,-0.16247824092423774,24.39185922696419,-30.0,-25.20875125842015,46.15701827171802,3.6550358181063753,-8.112750251938714,-11.411834980874175,-0.16247824092423774,24.39185922696419,-60.97199693639077,-25.20875125842015,70.34241072174707,1.1700000000000008
0.0,0.0,0.0,0.0,0.0,0.0,0.0,0.0,0.0,0.0,0.0,0.0,0,0.0,-1.5707963267948966,nan,0.14011630195799282,-0.255815377493891,-0.12259589218783482,0.05720653123411745,-1.5708009406095331,0.15984262188531714,-0.29359818492256,2.0693526104159456,-0.121670260504018,0.6131123356464141,-0.32277363576264373,0.5211171517243068,0.012681890912286109,0.04263244104061044,0.01972631992732432,-0.03778280742866902,0.0009256316838168188,0.002580390867190528,0.00038515146524246285,-0.0016906209821025697,-0.0019109882446463168,-9.943116842613078,-5.44614860408734,-0.6650755486354571,-0.014380869423991527,-1.5708018252855789,2.071892753346937,0.9696050455686461,-0.8745415175034892,-0.8245433109590775,0,zero,0,0.014380869423991527,0.07158740065810898,1.0722464165939425,1.370178025886173,1.3285072112272067,-0.38569443309210233,0.18873428458821478,1.0697069649532744,1.3244281011399788,1.5025819023656626,-0.32895707630524884,0.6618699560167457,0.158520643464185,-0.14599991967776488,0.10799719729850447,0.6650249249659402,-1.6334950816786433,6.781661145095486,16.485103938193845,1.0,-1.2431659698486328,5.498490682320778e-06,8.846760457537073e-07,0.0,0.0,0.0,1,-0.13577486369690012,3.753397398620359,-9.0,-9.0,-0.13577486369690012,1.78740294528023,-4.7949149449175215,0.7108130732322661,0.004658327513396028,-0.0014670681645075248,-0.001277466245285248,-0.03615228667457508,0.05579272279433268,0.32916742504253305,0.0,0.0,0.0,0.0,0.0,-0.25459378154303414,25.022649324135728,-30.0,-30.0,49.25644929541989,1.965994453340129,-4.2050850550824785,-9.710813073232266,-0.25459378154303414,25.022649324135728,-79.78645688221005,-72.08478775011605,110.40060291496742,1.1800000000000008
0.0,0.0,0.0,0.0,0.0,0.0,0.0,0.0,0.0,0.0,0.0,0.0,0,0.0,-1.5707963267948966,nan,0.1428037676808288,-0.2649360702626145,-0.12365385141849339,0.05816209036718889,-1.5708008988065074,0.15799724238892177,-0.2948428356717897,2.062728241957445,-0.12203033613355516,0.9114042198446042,-0.4532845219231363,0.7876042019493823,0.06978836011214129,0.03358410476438707,0.015193474708092958,-0.029906765409175196,0.0016235152849382317,0.005021439324995275,-0.0027602438605045243,0.004116328604703547,-0.0008073075889990376,-7.332707407303535,-3.952450026726888,-0.6764001073984603,0.0843084030822332,-1.5708020648074648,2.0651656160964906,0.969608120361862,-0.8745415175040441,-0.8252652187555725,0,zero,0,-0.08430840308223342,-0.026146312715044306,1.0788707834756304,1.3717645896682,1.327045961892877,-0.38461353638332163,0.29387528589430095,1.0764336201749147,1.3206992091453402,1.543758517916285,-0.19282005664962593,0.6629752333769446,0.15878536204938803,-0.14624372951434042,0.10817754519925729,0.6763577349202835,0.4775672415667039,2.1364480280454137,10.94411121222311,1.0,-0.9545919299125671,5.7380125682016114e-06,1.1660009571201613e-06,0.0,0.0,0.0,1,-0.11224902509965075,1.6750886168123624,-9.0,-9.0,-0.11224902509965075,2.161524941979676,-6.975682246684891,-2.20600523411902,0.004658342285796296,-0.0014670681645084557,-0.0012785846981669502,0.006133326676896987,0.02684405346567159,0.24597450416073355,0.0,0.0,0.0,0.0,0.0,-0.21048007706666183,11.16725744541575,-30.0,-30.0,43.87199494797377,-0.4864363251673136,-2.024317753315109,-6.79399476588098,-0.21048007706666183,11.16725744541575,-66.94691837472624,-84.26178095671581,108.19745630367125,1.1900000000000008
0.0,0.0,0.0,0.0,0.0,0.0,0.0,0.0,0.0,0.0,0.0,0.0,0,0.0,-1.5707963267948966,nan,0.14490894378435834,-0.2732860261090773,-0.1266682691554462,0.059119122062145424,-1.5708008567857588,0.15613924694456421,-0.2960772908397697,2.0560936670969374,-0.12239091345914,0.856620963743481,-0.39631715478870844,0.7115500678482822,0.2653840411367986,0.025765427006889587,0.011230303160205873,-0.022791264730692373,0.004277355696306218,0.008797751934458975,-0.004474357848813379,0.007474656920206428,0.0012288469661633607,-1.7673059365399277,-0.9370972295896203,-0.6827530351653225,0.13160420127348682,-1.5708020821876516,2.058348042812896,-0.23430538084280594,-0.8745415175040582,-0.8252664511226886,0,zero,0,-0.13160420127348704,-0.0724850792113414,1.0855053568460347,1.3733535979472828,1.32558246113964,-0.3835309742836804,0.32054936714579924,1.083250930471108,1.3370379881129877,1.5319680800866393,-0.14097589370708294,0.6639111882855812,0.1590095271939482,-0.14645018901630258,0.10833026478716372,0.6827394309874504,2.3397577250934014,-3.4470363958676957,0.8931040155327432,1.0,-0.7162595391273499,5.755392755268929e-06,1.2254018928459232e-06,0.0,0.0,0.0,1,-0.010835612508540635,-1.0797883090319318,-9.0,-9.0,-0.010835612508540635,1.1730912133536182,-8.036823385013058,-4.357723188816332,-0.001125686388602341,-0.0014670681645084793,-0.0012785866074752567,0.03589641997701102,-0.02093670072839962,0.0682070856269594,0.0,0.0,0.0,0.0,0.0,-0.02031804333122189,-7.198588726879545,-30.0,-30.0,43.03277927907564,-2.25287952238555,-0.9631766149869421,-4.642276811183668,-0.02031804333122189,-7.198588726879545,-32.24630761402021,-61.786465229242964,70.06576719585756,1.2000000000000008
0.0,0.0,0.0,0.0,0.0,0.0,0.0,0.0,0.0,0.0,0.0,0.0,0,0.0,-1.5707963267948966,nan,0.1450954080216647,-0.2782219889737249,-0.13186043178025017,0.06007738180737343,-1.5708008145591335,0.15426915184810291,-0.29730110659829495,2.0494505809151375,-0.12275189923349891,0.6430376520163914,-0.20565593337676658,0.3712147106122332,0.48311768504450403,0.023046380849940824,0.009173743826438208,-0.01907911762457004,0.009108532546751258,0.009517219760534015,-0.004346252429882527,0.007444693114732764,0.004032878155051295,4.8810218505813845,2.5455517000580885,-0.6819554665200718,0.10646678441680324,-1.5708017816811095,2.0515041624395614,-0.9590433385913928,0.87402849882845,-0.8252664660236938,0,zero,0,-0.10646678441680324,-0.04638940260942981,1.0921484416255296,1.3749446447447085,1.324117082880056,-0.382447023379005,0.2324612693922261,1.090094915788378,1.3676176472706791,1.467707624271558,-0.19979408381877745,0.6646774606330371,0.15919305265009454,-0.14661921874814468,0.10845529730320451,0.6819748954264405,3.3851406284857255,-8.092507227414073,-10.2122900547563,1.0,-0.48887622356414795,5.4548862129522036e-06,9.671219762807937e-07,0.0,0.0,0.0,0,0.1537617638970016,-3.7762675218436885,4.076025660135939,-4.0785932408017604,0.1537617638970016,-0.6821470074760584,-4.74615818432112,-5.019578466289592,-0.004607585316430962,0.001466207561150355,-0.0012785866305614075,0.05520432153641422,-0.05502849655634773,-0.16296104865907649,0.0,0.0,0.0,0.0,0.0,0.2883213273898399,-25.175116812291257,13.586752200453132,-13.595310802672536,31.674941939617195,-3.09412051436763,8.822183844457058,0.9409852254878315,0.2883213273898399,-25.175116812291257,13.586752200453132,-13.595310802672536,31.674941939617195,1.2100000000000009
0.0,0.0,0.0,0.0,0.0,0.0,0.0,0.0,0.0,0.0,0.0,0.0,0,0.0,-1.5707963267948966,nan,0.1422483723168402,-0.2773411804866498,-0.136149252609219,0.061036624618732604,-1.5708007721386734,0.15238748544156233,-0.29851385093777427,2.04280068176639,-0.12311320007944468,0.4554153547772493,0.0965369298283919,-0.20935528265544345,0.392751998302307,0.026851857562315267,0.010139113124722127,-0.021172670451124476,0.013036052529774328,0.006768155918234307,-0.002249939957139695,0.003561124085628954,0.005297556037414767,9.52445930285187,4.8851743759996085,-0.6752409337136839,0.016543170138610952,-1.5708013043269722,2.044712743331725,-0.9694119878293967,0.8745415998398857,0.690560850254748,0,zero,0,-0.016543170138611174,0.04449345448012165,1.098798339460766,1.3765373232976932,1.3226502017488246,-0.38136196078929474,0.06756677727248304,1.0968866918079785,1.4016360452732555,1.3756118243490674,-0.34779507709444146,0.6652737557841693,0.15933586785146872,-0.14675075371717922,0.10855259467181833,0.6752781073135798,3.2527884605950335,-9.401310757070744,-16.85273666381367,1.0,-0.553900957107544,4.977532075400859e-06,5.321882987630033e-07,0.0,0.0,0.0,1,0.3125642123633204,-4.5,9.0,9.0,0.3125642123633204,-2.3969511145377687,0.5991578864199723,-2.872072679071695,-0.00465739999534883,0.001467068302629162,0.001069887008712516,0.056894132518811535,-0.06920285967553003,-0.31588733903085425,0.0,0.0,0.0,0.0,0.0,0.5860945290892938,-30.0,30.0,30.0,51.96482951763653,-2.1030488854622313,8.400842113580028,11.872072679071696,0.5860945290892938,-39.44649625390206,54.93439356408697,44.19320134175146,80.79106519035828,1.2200000000000009
0.0,0.0,0.0,0.0,0.0,0.0,0.0,0.0,0.0,0.0,0.0,0.0,0,0.0,-1.5707963267948966,nan,0.13702262350571562,-0.2716177362219932,-0.13638402199472402,0.06199660513399663,-1.5708007295366058,0.15049478776913852,-0.2997151040573616,2.036145670623923,-0.12347472252802066,0.7686138828797423,0.33330511387007766,-0.692469738424395,-0.012675306307097234,0.03372849391742348,0.013472164263422903,-0.028097367835368425,0.012909299466703356,0.004167892228561185,0.0007207983921842312,-0.002238420456652606,0.0034411116177718633,9.661957165628397,4.874223680868622,-0.6664464835872673,-0.09524112967869436,-1.5708009067976487,2.0380152660777084,-0.9695875446726352,0.8745415175034914,0.8251511321340723,0,zero,0,0.09524112967869414,0.157237734812691,1.1054533493794148,1.3781312262161964,1.3211821929583594,-0.38027606406188746,0.1455503084261187,1.1035845324557259,1.4274320072778233,1.294759009379729,-0.5146362075663046,0.6656998445783111,0.15943791791312542,-0.14684474337353812,0.10862211950090189,0.666481652415602,1.992622948036169,-6.7283987563126155,-15.557579032692745,1.0,-0.8298178911209106,4.580002752163637e-06,1.7726104317716818e-07,0.0,0.0,0.0,1,0.3535573662354167,-4.5,9.0,9.0,0.3535573662354167,-3.4668577224506794,4.631910228548348,0.3141363088431225,-0.004658243432866776,0.0014670681645075287,0.001278407943585271,0.04084545953302847,-0.05615404272064685,-0.32071700929821595,0.0,0.0,0.0,0.0,0.0,0.6629614967849554,-30.0,30.0,30.0,51.965753318375164,-1.0331422775493206,4.368089771451652,8.685863691156877,0.6629614967849554,-43.47755335872057,70.35913879861928,83.21675547530232,117.32933975918489,1.2300000000000009
0.0,0.0,0.0,0.0,0.0,0.0,0.0,0.0,0.0,0.0,0.0,0.0,0,0.0,-1.5707963267948966,nan,0.13113100126641414,-0.26426552611302984,-0.1332976212405063,0.06295707770729475,-1.5708006867653395,0.148591610216252,-0.3009044587384969,2.029487250425098,-0.12383637305659509,1.0037682886443935,0.39884446864149603,-0.8541564790098655,-0.34480512827921583,0.041674926107075905,0.017460608949837864,-0.03663893262546708,0.009461248183911197,0.007828624030406937,0.0031339486631156988,-0.0071739597613874745,-4.618269549868173e-06,5.945270290568226,2.9501328677609426,-0.6583122542864179,-0.18116506571446167,-1.570800727595604,2.0314102433978296,-0.9696023399817206,0.8745415175040474,0.8252660378666283,0,zero,0,0.18116506571446145,0.2441221434217562,1.1121117684449136,1.379725945639736,1.3197134321543578,-0.37918961106462434,0.2626314536509517,1.1101898259127583,1.4351291505764614,1.2590009028459854,-0.6286210851240026,0.665955563329272,0.1594991636315323,-0.1469011516101728,0.10866384508181004,0.6583367547814188,-0.13518631958875488,-1.1951572384830778,-7.96732285811903,1.0,-1.2647249698638916,4.400800707404784e-06,4.083026450274474e-08,0.0,0.0,0.0,1,0.26565891913591827,-4.5,9.0,9.0,0.26565891913591827,-4.006275244274926,6.888979574311299,2.989525252171319,-0.0046583145147941,0.0014670681645084613,0.0012785859672169943,0.010466517931995364,-0.021984827711824733,-0.19587458756457066,0.0,0.0,0.0,0.0,0.0,0.49814160723029866,-30.0,30.0,30.0,51.9639119491677,-0.4937247557250739,2.111020425688701,6.010474747828681,0.49814160723029866,-32.6497339823873,52.804104027411654,83.49451092731805,104.04739319805785,1.2400000000000009
0.0,0.0,0.0,0.0,0.0,0.0,0.0,0.0,0.0,0.0,0.0,0.0,0,0.0,-1.5707963267948966,nan,0.12616769303529687,-0.2584936398962066,-0.13001237174439642,0.06391779650355822,-1.5708006438374513,0.14667851513216193,-0.3020815207012158,2.02282712541667,-0.1241980581269024,0.841972759511777,0.3050213147027192,-0.6948948179542114,-0.36469345664171815,0.048522195117322475,0.020510822096865056,-0.043587880805009194,0.005814313617494016,0.01054404466371448,0.004115490603036249,-0.009398637471469844,-0.0024300676218181813,-0.30314927821041415,-0.1479795150181189,-0.6531699689457493,-0.20737416991514657,-1.570800779615221,2.024872873283797,-0.17869299182557818,0.061138834824987665,0.825266458831806,0,zero,0,0.20737416991514657,0.2712919664187048,1.1187718924112091,1.3813210733942003,1.3182442952713738,-0.37810287987901614,0.27079386429460917,1.1167273538640252,1.4200257360736033,1.2849073094692267,-0.6440271759977374,0.6660408138253386,0.15951958148457018,-0.14691995676285435,0.10867775538935584,0.6531767553741012,-2.3597545492542076,5.0166181358713775,2.9942044254535447,1.0,-1.616471290588379,4.452820324463147e-06,1.3577776947215625e-07,0.0,0.0,0.0,1,0.11495594830534953,-1.429134612808909,3.14553367653074,9.0,0.11495594830534953,-3.3231045675302524,6.2962202974089045,4.867843443699317,-0.0008585046912415323,0.00010256212700212432,0.0012785866194190045,-0.0352638128978157,0.031344970209075826,0.02088340640939279,0.0,0.0,0.0,0.0,0.0,0.21555587531473752,-9.527564085392727,10.485112255102466,30.0,33.17768106331044,1.8939699547213433,-3.1506866208781648,4.132156556300683,0.21555587531473752,-9.527564085392727,10.485112255102466,50.26956920481679,52.228230955840466,1.2500000000000009
0.0,0.0,0.0,0.0,0.0,0.0,0.0,0.0,0.0,0.0,0.0,0.0,0,0.0,-1.5707963267948966,nan,0.12365152580613026,-0.25758960122167385,-0.12867567715926753,0.06487851559295743,-1.570800600765682,0.14475607543668317,-0.3032459089426094,2.016167000500034,-0.12455968422302352,0.27413856764689504,0.059372753368786,-0.2068426915926347,-0.1698320681250004,0.05046624463607769,0.021104549630552916,-0.04565630772093554,0.004115992936244012,0.008695112403838147,0.003133932064576451,-0.007631203254309771,-0.0027473962985728063,-6.908238237282882,-3.316239991294581,-0.655017725392776,-0.15874589559137053,-1.5708009979644424,2.018346515636497,0.9562421198560833,-0.8745547229512561,0.48481690650082204,0,zero,0,0.15874589559137053,0.22362441118432796,1.1254320163775047,1.3829162011486646,1.31677515838839,-0.37701614869340794,0.17950691870755708,1.1232536643567514,1.3889994053789552,1.3602813285783093,-0.5510511923715521,0.6659555633292729,0.15949916363153252,-0.146901151610173,0.10866384508181018,0.6549972709141348,-3.3447479113231737,8.64502490670717,12.963255211089905,1.0,-1.6401976346969604,4.6711695458334646e-06,3.9719876010479993e-07,0.0,0.0,0.0,1,-0.029035481759077,2.271155511787739,-9.0,-1.2016393003322374,-0.029035481759077,-1.3500603751792868,1.4419714658394183,4.560905203223964,0.004594127265273565,-0.0014670903170201607,0.0007511275938652934,-0.05577601040013118,0.061106889904396756,0.22376737765105897,0.0,0.0,0.0,0.0,0.0,-0.054444931106463534,15.141036745251595,-30.0,-4.005464334440791,33.84224730283229,3.621215886967026,-10.44197146583942,-5.762544503556201,-0.054444931106463534,15.141036745251595,-39.9861126572851,-4.005464334440791,42.94399734476467,1.260000000000001
0.0,0.0,0.0,0.0,0.0,0.0,0.0,0.0,0.0,0.0,0.0,0.0,0,0.0,-1.5707963267948966,nan,0.12420343689679528,-0.2631750446549868,-0.1285551481338987,0.06583898904535301,-1.5708005575629262,0.14282487421158777,-0.30439725605685136,2.009508580576487,-0.124921157889299,0.5104839227069975,-0.24831123157604273,0.44340963190709903,-0.048200269164430654,0.04537878938035482,0.01862143731479249,-0.04122221140186455,0.003633990244599705,0.0030550269838511774,0.00043311327270410815,-0.0021276389513768534,-0.002149128953239047,-10.456170263859903,-4.934774142988807,-0.6640923534150269,-0.054693321544461604,-1.5708012862196437,2.0117493739821106,0.969579239791125,-0.8745415174452996,-0.8016834619273101,0,zero,0,0.054693321544461604,0.12053231058981462,1.1320904354430033,1.384510920572204,1.3153063975843884,-0.37592969569614487,0.13378999663077654,1.1298504849565145,1.359333102588726,1.4458030367284846,-0.3911431921373863,0.6656998445783108,0.15943791791312537,-0.14684474337353803,0.10862211950090184,0.6640483261196077,-2.5017053158933793,7.954441426060583,17.014895967801074,1.0,-1.3423107862472534,4.959424747319474e-06,7.28656717186027e-07,0.0,0.0,0.0,1,-0.11530510972891048,3.852042393177813,-9.0,-9.0,-0.11530510972891048,0.8330050868191151,-3.319832567758052,1.9394268052946602,0.004658203533262075,-0.0014670681644099101,-0.001242049445315781,-0.04794340029464836,0.06193869635446149,0.32837773833026346,0.0,0.0,0.0,0.0,0.0,-0.21621059390382613,25.68028262118542,-30.0,-30.0,49.59358489285559,3.019037306358698,-5.680167432241948,-10.93942680529466,-0.21621059390382613,25.68028262118542,-73.28830082845163,-57.69836946064905,96.74606213828062,1.270000000000001
0.0,0.0,0.0,0.0,0.0,0.0,0.0,0.0,0.0,0.0,0.0,0.0,0,0.0,-1.5707963267948966,nan,0.12655800957646537,-0.272891183420134,-0.1285334252398451,0.0667989710247352,-1.5708005142422208,0.14088550427729044,-0.3055352085362339,2.0028535698924776,-0.12528238576816958,0.9600514278923283,-0.42939426139674275,0.8578186285764677,-0.03829507729241899,0.035797747664191415,0.01432749470082506,-0.03264402511609987,0.0032510394716755153,0.005279092303460955,-0.002569338798321108,0.004292767193699969,-0.0016850707725777668,-9.392090135108642,-4.355787464015124,-0.6746080171417874,0.05750400371860853,-1.570801552282863,2.0050415031019524,0.9696079928752006,-0.874541517503794,-0.825240904848717,0,zero,0,-0.05750400371860831,0.009294967306126445,1.1387454453616521,1.3861048234907072,1.3138383887939231,-0.37484379896873754,0.23983500475069192,1.1365578850411417,1.3453394867346387,1.5040974975401846,-0.2346450010357627,0.6652737557841698,0.15933586785146883,-0.1467507537171793,0.10855259467181841,0.6745614537240453,-0.593068830323976,4.111271046794715,13.87118655473854,1.0,-0.9847697615623474,5.225487966331599e-06,1.0380406418875054e-06,0.0,0.0,0.0,1,-0.12365648374695876,2.707939612880634,-9.0,-9.0,-0.12365648374695876,1.9763245474424482,-6.202518783182565,-1.1416113713007774,0.00465834167330503,-0.0014670681645080363,-0.0012785470285929133,-0.020668781278083956,0.03943089249120317,0.2939622647332336,0.0,0.0,0.0,0.0,0.0,-0.2318703989254805,18.05293075253756,-30.0,-30.0,46.1081562485187,0.7316150654381857,-2.7974812168174346,-7.858388628699222,-0.2318703989254805,18.05293075253756,-73.54611618037559,-84.13672602626607,113.19886017215049,1.280000000000001
0.0,0.0,0.0,0.0,0.0,0.0,0.0,0.0,0.0,0.0,0.0,0.0,0,0.0,-1.5707963267948966,nan,0.12893188886991055,-0.2830360426469123,-0.12970539355134875,0.06775821588367026,-1.5708004708167382,0.1389385677554594,-0.3066594270526935,1.9962036713848625,-0.12564327463793892,1.0034901992296859,-0.43208158152762133,0.9020640710318661,0.08110794417343081,0.025974963391090233,0.010006678885548848,-0.02362338440578121,0.0040621189134098235,0.009993083643294523,-0.004585320927278815,0.008859924239613515,-0.0005816314675534482,-4.70273072971511,-2.1422485475974655,-0.681424434397309,0.132422432373819,-1.5708016577771113,1.9982418142160157,0.5694196154411065,-0.8745415175040283,-0.8252662799533803,0,zero,0,-0.132422432373819,-0.06466421649014897,1.1453953431968884,1.387697502043692,1.3123715076626918,-0.37375873637902735,0.30786491260217236,1.1433572033366302,1.351667157361255,1.5137725800518709,-0.14372379838045563,0.6646774606330378,0.1591930526500947,-0.14661921874814485,0.10845529730320463,0.6813974750836934,1.414829907747823,-1.2410080230146163,5.341502854381471,1.0,-0.7067857980728149,5.330982214779567e-06,1.1869603731007317e-06,0.0,0.0,0.0,1,-0.05414760717684491,0.24187437325378797,-9.0,-9.0,-0.05414760717684491,1.654471172204207,-7.669706330209793,-3.5981355993076365,0.0027356943668966267,-0.0014670681645084292,-0.0012785863422823788,0.02111355957791737,-0.006195827360593267,0.14842077728060185,0.0,0.0,0.0,0.0,0.0,-0.10153310927591394,1.6124958216919199,-30.0,-30.0,42.457160194097455,-1.412596798950419,-1.3302936697902066,-5.4018644006923635,-0.10153310927591394,1.6124958216919199,-46.58937898227043,-74.38988235884763,87.78972196711905,1.290000000000001
0.0,0.0,0.0,0.0,0.0,0.0,0.0,0.0,0.0,0.0,0.0,0.0,0,0.0,-1.5707963267948966,nan,0.1299213648113284,-0.2904560187552507,-0.13339132558450803,0.06871647825774585,-1.5708004272997782,0.13698467561820668,-0.3077695867193395,1.989560586026159,-0.12600373145044982,0.7715956494015158,-0.2943368078670572,0.6309816441692373,0.3325475220648383,0.02010538590256994,0.007063310806878276,-0.01731356796408884,0.007387594134058206,0.011417175483450991,-0.0050102584324925835,0.010095292966302342,0.0018259973669416327,2.1660810663222922,0.9689282612877519,-0.6821268510147274,0.14016691338932352,-1.5708014661635938,1.9914047624137694,-0.8202415809983731,0.6115357988967554,-0.8252664628464211,0,zero,0,-0.14016691338932352,-0.07145043513157745,1.1520384279763836,1.3892885488411175,1.3109061294031077,-0.37267478547435196,0.26774453107601665,1.1501941968847478,1.375024186508065,1.4691889068748714,-0.157205940729103,0.663911188285581,0.15900952719394817,-0.14645018901630255,0.1083302647871637,0.6821311281749498,2.833669886596937,-6.455344272182051,-5.994588090135901,1.0,-0.49601447582244873,5.139368697282265e-06,1.0388638154168461e-06,0.0,0.0,0.0,1,0.08733941114779661,-2.4787792496501075,-1.2303885335265694,-9.0,0.08733941114779661,0.2155152888567659,-6.116572403319359,-5.270800626034026,-0.0039407323031774195,0.0010258686226575016,-0.001278586625638854,0.04525979724805129,-0.04252756172774862,-0.07730807770350595,0.0,0.0,0.0,0.0,0.0,0.16377163162909547,-16.525194997667384,-4.101295111755231,-30.0,34.49535494022297,-2.6942945385068735,4.88618386979279,-3.729199373965974,0.16377163162909547,-16.525194997667384,-4.101295111755231,-35.28683102172087,39.18022404233349,1.300000000000001
0.0,0.0,0.0,0.0,0.0,0.0,0.0,0.0,0.0,0.0,0.0,0.0,0,0.0,-1.5707963267948966,nan,0.12822423818177509,-0.2919747476678123,-0.13794952059509122,0.06967351316001635,-1.5708003837047544,0.13502444722454407,-0.3088653773315334,1.9829260121698038,-0.12636366336867136,0.4227707692932588,-0.026310176410929142,0.04229383003677145,0.4198263092361654,0.021581665856307716,0.006800209042768984,-0.016890629663721124,0.01158585722641986,0.008796877078163066,-0.0035093623035453766,0.006999765411626977,0.004009078040267619,8.411736173043534,3.694185717309751,-0.6762195848116284,0.07280908660043539,-1.5708010164789228,1.9846026299756991,-0.9680320170533591,0.874507926046423,0.21801256522119522,0,zero,0,-0.07280908660043561,-0.003135573440419037,1.1586730013467876,1.3908775571202003,1.3094426286498708,-0.3715922233747107,0.12209803102117783,1.1569965833632987,1.406463320319581,1.3851905953184005,-0.2771229250123894,0.6629752333769446,0.15878536204938803,-0.14624372951434042,0.10817754519925729,0.6762474625111247,3.181212788973093,-9.172183742903245,-15.178150980975719,1.0,-0.4206083416938782,4.68968402600467e-06,6.327741681744214e-07,0.0,0.0,0.0,1,0.2518868678682075,-4.5,9.0,6.564432066745088,0.2518868678682075,-1.6704897027484606,-1.0047320693941675,-4.003074537368092,-0.004650770124905108,0.001467011813886914,0.00033776720933455945,0.05442560045471241,-0.06570516735989913,-0.2723189402605957,0.0,0.0,0.0,0.0,0.0,0.47231739709020726,-30.0,30.0,21.881440222483626,47.739087862397604,-2.8295102972515394,10.004732069394167,10.56750660411318,0.47231739709020726,-32.65731085914927,40.692126681769814,21.881440222483626,56.580647189388266,1.310000000000001
0.0,0.0,0.0,0.0,0.0,0.0,0.0,0.0,0.0,0.0,0.0,0.0,0,0.0,-1.5707963267948966,nan,0.12385158877256629,-0.2872361394331686,-0.13952285106564857,0.07062907607544755,-1.5708003400451884,0.13305850984481216,-0.309946503587108,1.9763016448954034,-0.12672297780419017,0.641368905254968,0.24067120294768846,-0.5819734490218276,0.12140160350385398,0.02764714797487253,0.009206921072245869,-0.0227103641539394,0.0127998732614584,0.003638284235026266,-0.0007338014399819476,0.0007852973963883882,0.0034759107613324455,10.460128291203457,4.510313277491081,-0.6667082918176759,-0.03650684561906492,-1.5708005584217957,1.9778956247875423,-0.9695305811330377,0.8745415176759629,0.8240107182288,0,zero,0,0.0365068456190647,0.10713592169451225,1.1652973682284755,1.3924641209022275,1.307981379315541,-0.37051132666593,0.08627045043958881,1.1637039232713826,1.4339539675528532,1.2985910309381918,-0.4455477547157635,0.661869956016746,0.15852064346418512,-0.14599991967776496,0.10799719729850454,0.66674045191544,2.309853195237911,-7.788117763785821,-16.869364846448512,1.0,-0.5853033065795898,4.231626899109386e-06,2.1837660746371057e-07,0.0,0.0,0.0,1,0.33522077714692844,-4.5,9.0,9.0,0.33522077714692844,-3.0575456460800696,3.6215330678710176,-0.9266068793907214,-0.004657969759761443,0.0014670681647968543,0.0012766410985326506,0.04463092912658362,-0.06175615581004245,-0.33532496829961506,0.0,0.0,0.0,0.0,0.0,0.6285782432906964,-30.0,30.0,30.0,51.96532604158217,-1.4424543539199304,5.378466932128982,9.926606879390722,0.6285782432906964,-41.346780692999054,67.28780370188734,72.4850337123579,107.19925383876645,1.320000000000001
0.0,0.0,0.0,0.0,0.0,0.0,0.0,0.0,0.0,0.0,0.0,0.0,0,0.0,-1.5707963267948966,nan,0.11817648505056219,-0.2791275798770786,-0.1370724787923236,0.07158292305536751,-1.570800296334697,0.1310874981738065,-0.31101268528535014,1.969689175353995,-0.12708158245459683,1.0285257719876102,0.3704092050998434,-0.9174741254332153,-0.28089769237316375,0.03582139327826846,0.012911013123244303,-0.03188510540827155,0.009990896337726762,0.005939285366252067,0.001976695221311277,-0.005583081171233125,0.000443837018784218,8.094762115017641,3.427194140941429,-0.6569772336898579,-0.1381340485183662,-1.5708002883444034,1.9712956364273928,-0.9695916436227089,0.8745415175053021,0.8252645360072619,0,zero,0,0.1381340485183662,0.2097169715737337,1.1719098374702894,1.3940478351493701,1.306522754446108,-0.3694323712928289,0.23078429088846425,1.1703041836729844,1.4465300380760782,1.2470404629067582,-0.5861494360707603,0.6605957817890804,0.15821547336752353,-0.1457188533849025,0.10778929052738288,0.6570034445917337,0.44637025616700843,-3.0479944272719863,-11.392005294468685,1.0,-0.9772158265113831,3.961549507103257e-06,-7.990293759974065e-09,0.0,0.0,0.0,1,0.2789167749914819,-4.5,9.0,9.0,0.2789167749914819,-3.807460262544952,6.362833542354678,2.0213956167084346,-0.004658263125680867,0.001467068164510566,0.0012785836403839217,0.018749253792682323,-0.033683382537091223,-0.254659571977066,0.0,0.0,0.0,0.0,0.0,0.523001640711573,-30.0,30.0,30.0,51.96415621095167,-0.6925397374550482,2.637166457645322,6.978604383291565,0.523001640711573,-35.765681644915006,60.434067393742126,87.67355396150286,112.33158985892399,1.330000000000001
0.0,0.0,0.0,0.0,0.0,0.0,0.0,0.0,0.0,0.0,0.0,0.0,0,0.0,-1.5707963267948966,nan,0.11273296500840972,-0.2711724567284479,-0.1331264472229108,0.07253481081190793,-1.5708002525869835,0.12911205383334584,-0.3120636575044156,1.9630902901132967,-0.12743938534077023,1.0566943449540835,0.3468075701691817,-0.9006095367696143,-0.4303834455586186,0.04441517223299876,0.01637908882493612,-0.040891200775967695,0.005687061882140576,0.010676672355198247,0.0036234342271821117,-0.009708934014877109,-0.0025687851751950604,2.5999448038167117,1.0808634400409924,-0.6488358334526945,-0.19229597183703762,-1.5708002647499972,1.9647878530563299,-0.6421037500591859,0.8745415175044068,0.8252664438440916,0,zero,0,0.19229597183703762,0.26483078264894555,1.1785087225042858,1.3956282959214992,1.3050671260765647,-0.3683556324523842,0.28189317225589655,1.176812167231758,1.437204061190667,1.2541970440216736,-0.6424807366634205,0.6591532017525187,0.15786996937000022,-0.14540063895689873,0.10755390501182777,0.6488513415196878,-1.8547498720493176,3.3010940840714547,-1.369320621530115,1.0,-1.417357087135315,3.937955100674628e-06,1.2163013707322534e-08,0.0,0.0,0.0,1,0.13771244571184224,-2.4164877129431783,7.518562883557399,9.0,0.13771244571184224,-3.526639381992681,7.310861996082745,4.222702298936882,-0.0030848948022968036,0.0014670681645090641,0.001278586596198515,-0.026641237135744043,0.018904392304031778,-0.07682911879953794,0.0,0.0,0.0,0.0,0.0,0.2582269748956352,-16.109918086287855,25.061876278524664,30.0,42.28112799485777,1.1101516690495026,0.20770088747465376,4.777297701063118,0.2582269748956352,-16.109918086287855,25.061876278524664,66.06946391542354,72.4766710506836,1.340000000000001
0.0,0.0,0.0,0.0,0.0,0.0,0.0,0.0,0.0,0.0,0.0,0.0,0,0.0,-1.5707963267948966,nan,0.10890288593640422,-0.26680628058694783,-0.13062520228659608,0.07348449681245461,-1.5708002088158288,0.1271328248650414,-0.3130991707568788,1.9565066705029632,-0.12779629484404595,0.6385369309270714,0.18508501037010627,-0.5401689393963294,-0.2858154439590449,0.049833373064098824,0.018229938928637182,-0.04629289016993099,0.002828907442550127,0.011288824974925503,0.0036430750704399377,-0.010055951081859762,-0.003611567690752074,-4.4222822511590545,-1.8050970177294836,-0.6464130411702553,-0.1753547387404497,-1.5708004517973615,1.958331300510682,0.8802933103489392,-0.8747680047014477,0.825266466588477,0,zero,0,0.1753547387404497,0.24883923555290455,1.185092342000479,1.3972051005329984,1.3036148650864787,-0.3672813844868961,0.22306262486814163,1.1832687976590486,1.408505025598512,1.3189111983273445,-0.5895243667877964,0.6575427724401086,0.1574842647636253,-0.14504539915771883,0.10729113156123282,0.6464077668791972,-3.3232460930625654,8.100412317380288,9.553668364372445,1.0,-1.5903632640838623,4.125002464938632e-06,2.429815326721041e-07,0.0,0.0,0.0,0,-0.01754515254670625,1.4635703190440486,-7.655700126103206,5.462317665476136,-0.01754515254670625,-1.8639198462151807,3.102796052755947,5.143303298912678,0.004229242170508704,-0.0014674481031967045,0.001278586631436427,-0.05374157479566022,0.055546347557467825,0.15097893248182054,0.0,0.0,0.0,0.0,0.0,-0.032899217226150856,9.757135460293657,-25.51900042034402,18.20772555158712,32.832048778052986,3.3274901652592295,-10.758496178859152,0.31901436656345794,-0.032899217226150856,9.757135460293657,-25.51900042034402,18.20772555158712,32.832048778052986,1.350000000000001
0.0,0.0,0.0,0.0,0.0,0.0,0.0,0.0,0.0,0.0,0.0,0.0,0,0.0,-1.5707963267948966,nan,0.1079695550308473,-0.26950162325304367,-0.1301617656007483,0.07443173937409586,-1.570800165035079,0.12515046521404183,-0.3141189911231717,1.9499399919598466,-0.1281522197432676,0.21399041317286704,-0.10490287454426594,0.1675522299802945,-0.0819361585069428,0.04785322836480992,0.017180910183194523,-0.044617367870128044,0.002009545857480699,0.006540566856334266,0.0017263088518895565,-0.005577081738935362,-0.0029487339363360315,-9.801883190891335,-3.926962873756586,-0.6516940242461612,-0.08935291014522972,-1.5708007410757194,1.9518457780745218,0.9694817141181847,-0.8745415142676017,-0.6451399114875329,0,zero,0,0.08935291014522972,0.1637846495193256,1.1916590205215858,1.398777847709578,1.302166341055563,-0.36620990077715376,0.13480121519704805,1.1897541486043997,1.3761058278618563,1.4070280968580358,-0.4478048195382327,0.655765115859374,0.15705850852182174,-0.1446532711941475,0.10700107166844973,0.6516624424087378,-2.9379431399446077,8.695754408386339,16.31707208989437,1.0,-1.4705746173858643,4.414280822651051e-06,5.760406405208585e-07,0.0,0.0,0.0,1,-0.1254120230304314,3.899282555021992,-9.0,-9.0,-0.1254120230304314,0.42151355041811533,-2.0852246378397243,3.1288305361080186,0.004657734985240799,-0.001467068159079232,-0.0009995162770200904,-0.053553979983049046,0.06546976396000753,0.30437384249745864,0.0,0.0,0.0,0.0,0.0,-0.23516224082211024,25.995217033479946,-30.0,-30.0,49.757477929425185,3.4777690046038767,-6.914775362160276,-12.128830536108019,-0.23516224082211024,25.995217033479946,-67.10293841466624,-38.71371511132712,81.71513134971224,1.360000000000001
0.0,0.0,0.0,0.0,0.0,0.0,0.0,0.0,0.0,0.0,0.0,0.0,0,0.0,-1.5707963267948966,nan,0.10926569800541823,-0.2780141169397052,-0.13028529754833507,0.07537629775807053,-1.5708001212586349,0.12316563420453552,-0.31512290036269863,1.9433919233732493,-0.12850706925171676,0.8197386077153278,-0.3280973984077229,0.7508584447134592,-0.023131756086239297,0.039666511434068144,0.013899936199117294,-0.03710878342299345,0.001778228296618306,0.002683530700376514,-0.0010346122787234513,0.0012853934760075972,-0.0021162887478827263,-10.41268195914316,-4.09246797806,-0.6606112656344244,0.02425572896011796,-1.5708010354137392,1.94527483233001,0.9696069166469705,-0.8745415175029583,-0.8251226962456804,0,zero,0,-0.024255728960118184,0.05112056879795279,1.1982070891777703,1.4003461377450903,1.3007219221192496,-0.36514145363560047,0.19996905411680943,1.1963247091635492,1.3566224582597615,1.477709867787688,-0.2829977613020826,0.653820919492314,0.1565928652994252,-0.14422440671578857,0.10668383750978803,0.6605684502609407,-1.1728144626909422,5.60428650153929,15.619513844803434,1.0,-1.1150238513946533,4.7086188423861586e-06,9.141551045033225e-07,0.0,0.0,0.0,1,-0.1523190507579316,3.3674037823707548,-9.0,-9.0,-0.1523190507579316,1.9481073120204508,-5.513867044621402,-0.08508194174344069,0.004658336502721814,-0.0014670681645066342,-0.0012783638878187725,-0.02949032962813058,0.0487674026787634,0.3191900483822578,0.0,0.0,0.0,0.0,0.0,-0.2856160711755702,22.449358549138367,-30.0,-30.0,48.00057578621204,1.419296470350304,-3.486132955378598,-8.914918058256559,-0.2856160711755702,22.449358549138367,-77.71235951544239,-78.0906913326357,112.43407922011119,1.370000000000001
0.0,0.0,0.0,0.0,0.0,0.0,0.0,0.0,0.0,0.0,0.0,0.0,0,0.0,-1.5707963267948966,nan,0.11112944518642692,-0.28837889696709695,-0.13121369503517524,0.07631793226421402,-1.5708000775004436,0.12117899600780431,-0.3161106960024661,1.936864126430176,-0.12886075305391814,1.0153009385506064,-0.38503853777399066,0.9376984387624299,0.05747136846387946,0.029590243078026757,0.010049550821377387,-0.027731799035369153,0.0023529419812571006,0.007872087515816717,-0.003250911371377025,0.007095693361682087,-0.001025900984067042,-6.753914821954925,-2.6027032153408918,-0.667162758246161,0.11544505179895959,-1.5708012153478232,1.9386191681908005,0.8530731745095956,-0.8745415175039879,-0.8252660298610074,0,zero,0,-0.11544505179895959,-0.03912711953474535,1.2047348862813907,1.401909572658343,1.29928197482426,-0.3640763141994988,0.2897460708146376,1.2029799831400445,1.3576730503191627,1.504296283076415,-0.16417141338235752,0.6517109362954057,0.1560875154326848,-0.14375897181506578,0.10633955194501574,0.6671306066146537,0.9433460025753353,0.5340113462644949,8.71541336972973,1.0,-0.803648054599762,4.888552926907153e-06,1.1378473798728805e-06,0.0,0.0,0.0,1,-0.10569796029712679,1.0210785849830775,-9.0,-9.0,-0.10569796029712679,1.987537289194618,-7.342141374294675,-2.828098852037273,0.004098466956128062,-0.0014670681645083616,-0.0012785859548138732,0.013419073104594993,0.016460523673195334,0.20777407563251252,0.0,0.0,0.0,0.0,0.0,-0.1981960628110384,6.8071905665538495,-30.0,-30.0,42.96949063101276,-0.9664587042115405,-1.657858625705325,-6.171901147962727,-0.1981960628110384,6.8071905665538495,-57.74911069567341,-80.88078586261526,99.61444891673125,1.380000000000001
0.0,0.0,0.0,0.0,0.0,0.0,0.0,0.0,0.0,0.0,0.0,0.0,0,0.0,-1.5707963267948966,nan,0.11220456054305462,-0.29708215013511463,-0.13446696503957906,0.0772564043254127,-1.5708000337744872,0.11919121910363081,-0.3170821914031055,1.930358254960597,-0.12921318134230866,0.8807739201182853,-0.30628922608011977,0.7731757767378278,0.29008417160132915,0.021826985401129373,0.006986658560576189,-0.020000041267990876,0.005253783697270392,0.010797191225285796,-0.004201765787406721,0.009867503092907782,0.0012477521126499124,-0.3464634423720647,-0.13083353779257212,-0.6684861166034182,0.14832063121560135,-1.5708011348328834,1.9319231731585398,-0.5862889688430142,-0.5563844970108085,-0.8252664602072732,0,zero,0,-0.14832063121560157,-0.07106422689018865,1.2112407580017404,1.4034677563499127,1.297846863984177,-0.36301475232409686,0.28757336313894855,1.2096758147859483,1.377791512540869,1.476407298428811,-0.1390663388566668,0.6494359846995992,0.15554265493926184,-0.14325714702722156,0.10596834851735834,0.6684794944680091,2.633776550995084,-4.967406795780736,-1.9632849783634776,1.0,-0.5627404451370239,4.808037986858693e-06,1.101058396457688e-06,0.0,0.0,0.0,1,0.014116743264694944,-1.7754991466073775,-5.589926799108795,-9.0,0.014116743264694944,0.7513582964149377,-7.221382901434389,-4.7823878643670374,-0.002816740740824292,-0.0009333507517404199,-0.001278586621550018,0.04113484148625084,-0.0316667369017266,0.014878562662963161,0.0,0.0,0.0,0.0,0.0,0.02647054803055493,-11.836660977382516,-18.63308933036265,-30.0,37.24646643343067,-2.5268574430223154,1.6314561023255933,-4.2176121356329626,0.02647054803055493,-11.836660977382516,-18.63308933036265,-50.95883182744648,55.53469008641941,1.390000000000001
0.0,0.0,0.0,0.0,0.0,0.0,0.0,0.0,0.0,0.0,0.0,0.0,0,0.0,-1.5707963267948966,nan,0.11139702382797234,-0.3010029553316889,-0.13953391921640113,0.0781914766020484,-1.570799990094774,0.11720297573585972,-0.3180372158022118,1.9238759542826993,-0.12956426485377737,0.569467822362897,-0.11807066526888094,0.29657807974680095,0.47158706653533666,0.02057350518128843,0.00580595190788738,-0.017034260470522866,0.009969654362623759,0.010075707060649797,-0.0035819752827267806,0.00854040707187086,0.003968724340729748,6.448667476917062,2.386621522619287,-0.6628215679641093,0.10736656660270194,-1.570800760706731,1.9252535408435205,-0.9665121725570468,0.8748893916546562,-0.5892890473388868,0,zero,0,-0.10736656660270194,-0.029175090000653547,1.217723059019796,1.4050202947589605,1.296416952535017,-0.3619570364757927,0.17448411679813225,1.2163455864043982,1.409305322236882,1.4018848057414754,-0.22302906930016425,0.6469969486103239,0.15495849551823124,-0.14271912733031852,0.10557037145349994,0.662839171363672,3.3185695912852085,-8.649575881099834,-12.207142652163471,1.0,-0.37539148330688477,4.433911834134108e-06,7.706119569128589e-07,0.0,0.0,0.0,0,0.1770640605043471,-4.383719511069765,8.256766024269552,0.42140872959998177,0.1770640605043471,-1.2183630760210906,-2.5328504120951942,-4.614737417553262,-0.004643468251358129,0.0014676517332486512,-0.000912986445570826,0.055567442856281346,-0.06064292621389467,-0.20772003537127087,0.0,0.0,0.0,0.0,0.0,0.3320158644371781,-29.224796740465106,27.522553414231844,1.4046957653332726,40.17042563488876,-3.1653564350486745,10.789616436364746,5.036146147153244,0.3320158644371781,-29.224796740465106,27.522553414231844,1.4046957653332726,40.17042563488876,1.400000000000001
0.0,0.0,0.0,0.0,0.0,0.0,0.0,0.0,0.0,0.0,0.0,0.0,0,0.0,-1.5707963267948966,nan,0.10808986035157506,-0.29807147606539147,-0.14283376965977734,0.07912291307645303,-1.570799946475322,0.11521494136291896,-0.31897561433496896,1.9174188605481461,-0.12991391490606058,0.5041799095442735,0.13191291034565233,-0.3869877799054622,0.2950200391093005,0.025586567238865106,0.007125081011343903,-0.020904138269577488,0.012919854753716764,0.005755837312625145,-0.0015058988546562697,0.003108185057828689,0.004604467119574561,10.237953797204657,3.712669385721834,-0.6525830999661217,0.01064613994213981,-1.570800292128776,1.9186811186047532,-0.9695201541887414,0.8745415212081104,0.7906395985949008,0,zero,0,-0.010646139942140032,0.06847677313431344,1.2241801531829601,1.4065667960200445,1.2949926013908026,-0.36090343362530075,0.04160043960058431,1.2229182920420976,1.4398633893408703,1.3134540474896848,-0.3776221704971058,0.6443947774074836,0.1543352645500805,-0.14214512214523825,0.1051457756635824,0.6526104203250103,2.7231440794911217,-8.424551156079895,-16.59175033643887,1.0,-0.5087302327156067,3.9653338794742865e-06,3.45653454303374e-07,0.0,0.0,0.0,1,0.2931230749796974,-4.5,9.0,9.0,0.2931230749796974,-2.7892739400259865,2.558606879290669,-2.07096747341689,-0.00465791966501233,0.0014670681707221317,0.0012249391705282916,0.050164148693726957,-0.06459505139293292,-0.31956660203792264,0.0,0.0,0.0,0.0,0.0,0.5496401180943136,-30.0,30.0,30.0,51.964431145346126,-1.7107260599740135,6.441393120709331,11.07096747341689,0.5496401180943136,-40.60668571786027,61.56446497682559,55.88861772384763,92.53607927837474,1.410000000000001
0.0,0.0,0.0,0.0,0.0,0.0,0.0,0.0,0.0,0.0,0.0,0.0,0,0.0,-1.5707963267948966,nan,0.10308406866627409,-0.2900946181825317,-0.1419780811702316,0.08005047914735619,-1.5707999029301545,0.1132277941041106,-0.31989724803207564,1.9109886000873315,-0.13026204343399936,0.947335959329711,0.3018644426492606,-0.8898491579966472,-0.12038170174845098,0.03359103231435376,0.01014372543783651,-0.02980262984954396,0.011716037736232254,0.004580790728864128,0.0010067152795818074,-0.0038533843085206965,0.0022630946551902217,9.398572890779628,3.33980665224946,-0.6413233167874419,-0.09646959196337823,-1.5707999591801345,1.9122291591962792,-0.9695946774425291,0.8745415175080476,0.825229357231061,0,zero,0,0.09646959196337823,0.1765200711107342,1.2306104141598069,1.4081068706199356,1.293574169299132,-0.35985420914081634,0.1825911294838026,1.2293705106050974,1.4579580314660336,1.2500668313046548,-0.5300304604459751,0.64163048594546,0.1536732050967104,-0.14153535533568215,0.10469472674120589,0.6413487027820134,1.0804904911559696,-4.538982474589374,-13.432831529693471,1.0,-0.8488129377365112,3.632385237928304e-06,5.624997978515012e-08,0.0,0.0,0.0,1,0.2716815930217909,-4.5,9.0,9.0,0.2716815930217909,-3.6757696031415312,5.7850744791069255,1.0150722808101946,-0.0046582777012303695,0.0014670681645151719,0.0012785291378507619,0.027875407483216194,-0.04280411076017112,-0.28605081759972184,0.0,0.0,0.0,0.0,0.0,0.5094348265925199,-30.0,30.0,30.0,51.9640214363991,-0.8242303968584688,3.2149255208930745,7.984927719189805,0.5094348265925199,-38.97736514925697,64.23696814433943,83.95342740315351,112.66792164114194,1.420000000000001
0.0,0.0,0.0,0.0,0.0,0.0,0.0,0.0,0.0,0.0,0.0,0.0,0,0.0,-1.5707963267948966,nan,0.09776392514403441,-0.2807513838871634,-0.13842215956728934,0.08097394172433603,-1.5707998594732901,0.11124221418247132,-0.3208019937950271,1.9045867887546386,-0.13060856302564672,1.1461651580788785,0.33345636006004015,-1.0247980058319728,-0.39024411945896287,0.04297403774735494,0.01347828903843691,-0.04005060990786369,0.007813596541642626,0.009879374689456833,0.0028890725994986204,-0.009384300463570996,-0.0010909668092695599,4.867331865859016,1.694932132345135,-0.6308843655720663,-0.16981649987551672,-1.570799867142048,1.9058902304563563,-0.9559669506254612,0.8745415175044117,0.8252662161458474,0,zero,0,0.16981649987551695,0.250790441599853,1.2370122260948264,1.40964013155443,1.2921620126967537,-0.3588096266811817,0.2660650277416051,1.2357096491419723,1.455354906301907,1.2403122730025062,-0.6157350363701598,0.6387051545531082,0.15297257590143407,-0.14089006520817043,0.10421740096342828,0.6309035693234372,-1.2006817483176622,1.5854154496401767,-4.769264621778591,1.0,-1.329835295677185,3.540347151442802e-06,7.668758073009485e-09,0.0,0.0,0.0,1,0.1491658607722723,-3.4386927931843,9.0,9.0,0.1491658607722723,-3.773154495259453,7.460000700600507,3.4958987180701153,-0.004592805254415943,0.0014670681645090724,0.001278586243425268,-0.016285275752608436,0.007221945049384411,-0.13792397311907328,0.0,0.0,0.0,0.0,0.0,0.2797034704149115,-22.924618621228667,30.0,30.0,48.2246448712704,0.3344617020751528,1.5399992993994926,5.504101281929884,0.2797034704149115,-22.924618621228667,36.10340596159509,74.3808576380532,85.799675278874,1.430000000000001
0.0,0.0,0.0,0.0,0.0,0.0,0.0,0.0,0.0,0.0,0.0,0.0,0,0.0,-1.5707963267948966,nan,0.09342364926884408,-0.2737905203765215,-0.13527532585042013,0.08189306932227614,-1.5707998161187262,0.10925888336499791,-0.32168974434886627,1.8982150312736958,-0.13095338695822917,0.8907727312802098,0.23569450577169138,-0.7848614064481063,-0.3491657649451668,0.05063367902711269,0.015835234096153825,-0.04789922397234475,0.004321938892190957,0.0123697617107712,0.003491166149019946,-0.011468312114149934,-0.003049685386009575,-2.070594832874173,-0.7065662723758771,-0.6247090719248614,-0.17883855695352868,-1.5708000133740536,1.8996344018056857,0.5527645733747006,-0.8672477057806337,0.8252664604968208,0,zero,0,0.17883855695352846,0.2607316262758048,1.2433839842631706,1.4111661944851646,1.2907564855651354,-0.3577699480890511,0.24057779291365575,1.2419656191712765,1.4312792920756279,1.2916453031568296,-0.5974996625432195,0.6356199290337615,0.15223365138897804,-0.14020950451204328,0.10371398529076578,0.6247134478294399,-3.046903928004214,7.16865568065156,6.309582948892138,1.0,-1.7008085250854492,3.6865791570583895e-06,1.9725532762748799e-07,0.0,0.0,0.0,1,-0.003188455117920239,0.359526479046594,-3.603675140360755,9.0,-0.003188455117920239,-2.4932385304430715,4.616415645782543,5.198104062020198,0.002655677620852153,-0.0014548325887660102,0.0012785866219986145,-0.047838640189302895,0.0476110921327154,0.08536583917593381,0.0,0.0,0.0,0.0,0.0,-0.005978727016538982,2.39684319364396,-12.012250467869183,30.0,32.40430610803011,2.8527650094896657,-8.220090786143299,3.8018959379798023,-0.005978727016538982,2.39684319364396,-12.012250467869183,34.55684304815376,36.66353032371065,1.440000000000001
0.0,0.0,0.0,0.0,0.0,0.0,0.0,0.0,0.0,0.0,0.0,0.0,0,0.0,-1.5707963267948966,nan,0.09141506935070737,-0.27347742530912217,-0.13420926405357048,0.08280763215580889,-1.5707997728804342,0.10727848440103689,-0.3225604081725399,1.8918749205826337,-0.1312964292339547,0.18405579495687044,0.0028180954175699435,-0.11837588910729724,-0.14091040725751902,0.05166499540807049,0.015863415050329524,-0.04908298286341772,0.002912834819615767,0.009229480965423491,0.0023420861834936146,-0.008419811921082182,-0.0029672745767463492,-8.587417181869961,-2.8705722988811204,-0.6260292433030529,-0.11315541392535322,-1.5708003023432036,1.893392014291434,0.9687540092276998,-0.8745418181955067,-0.19993518428655194,0,zero,0,0.11315541392535344,0.19596304608116188,1.2497240957253961,1.4126846778964304,1.289357939286039,-0.35673543328405644,0.15122030141319673,1.2482079509274129,1.3981957992857343,1.3786097646791071,-0.47793553611016554,0.6323760206652302,0.15145672166548202,-0.1394939404394604,0.10318467736719285,0.6260089155204952,-3.2227725728746224,9.111994859407627,14.943720924080734,1.0,-1.688696026802063,3.9755483070003095e-06,5.294627696272869e-07,0.0,0.0,0.0,1,-0.12081078987107019,3.4550423871480413,-9.0,-6.5257675448111145,-0.12081078987107019,-0.24154974995533313,-0.5691896648846173,3.9684693173855554,0.00465423883211281,-0.0014670686689269004,-0.0003097598946911253,-0.056370078714303884,0.06657001019523748,0.26941748744109406,0.0,0.0,0.0,0.0,0.0,-0.22653438940759457,23.033615914320276,-30.0,-21.752558482703716,43.63224244135818,3.6965921371033743,-8.430810335115382,-10.49423686219667,-0.22653438940759457,23.033615914320276,-58.827047613631564,-21.752558482703716,66.81612164289344,1.450000000000001
0.0,0.0,0.0,0.0,0.0,0.0,0.0,0.0,0.0,0.0,0.0,0.0,0,0.0,-1.5707963267948966,nan,0.09161130825086058,-0.27991500075282044,-0.1341165986801647,0.08371740223377522,-1.5707997297723446,0.10530170045961026,-0.3234139094070656,1.8855680371793426,-0.13163760461566637,0.6007672664549458,-0.21730228415798442,0.5584074209172563,-0.04338407551174317,0.04566976356969211,0.01369039220874968,-0.04349890865424516,0.0024789940644983355,0.0029490674960760913,0.00011250976548234093,-0.0018871517700100246,-0.0022634042604076825,-10.785916070753423,-3.5301031746036298,-0.6329114400830169,-0.004552709965141899,-1.570800625762042,1.8870936284213249,0.9696028839374794,-0.8745415175017747,-0.8238625298860901,0,zero,0,0.004552709965142121,0.08827011219891734,1.256030979982211,1.414195203251987,1.2879667224970892,-0.3557063401559725,0.18168368742317112,1.254506044878506,1.3736829817372767,1.4597658786232104,-0.3126895212253995,0.6289747061997976,0.15064209251849775,-0.13874365462540023,0.10262968552014139,0.6328742902181821,-1.7762674902489906,6.998058104648867,16.570695703916606,1.0,-1.387230396270752,4.298967145377475e-06,8.959896975468951e-07,0.0,0.0,0.0,1,-0.16846480200412908,3.770951588351749,-9.0,-9.0,-0.16846480200412908,1.6227638642043776,-4.592796675112838,0.913284845516253,0.004658317128151042,-0.0014670681645046488,-0.0012764115101007991,-0.0381763009665414,0.057087800169195714,0.3290567170778229,0.0,0.0,0.0,0.0,0.0,-0.31589124696067705,25.139677255678325,-30.0,-30.0,49.31635793324134,2.1481877241473715,-4.407203324887162,-9.913284845516253,-0.31589124696067705,25.139677255678325,-79.78664031973891,-69.71635695847344,108.89619626448047,1.460000000000001
0.0,0.0,0.0,0.0,0.0,0.0,0.0,0.0,0.0,0.0,0.0,0.0,0,0.0,-1.5707963267948966,nan,0.09271209034161254,-0.2895063225690343,-0.13460207347540626,0.08462215345367285,-1.570799686808342,0.1033292145664577,-0.32425018774174347,1.8792959484667313,-0.1319768286623413,0.927993274468812,-0.3073267983904518,0.8755043481535996,0.014625074856661202,0.036424598889674975,0.010617124224845162,-0.034743865172709165,0.0026252448130649475,0.00517270921516194,-0.0019703515205235674,0.004570505214643243,-0.0014089420119758793,-8.291634321894538,-2.655362505688871,-0.6391300655549266,0.09651333774645487,-1.5708008725287377,1.8807202488712944,0.9696078597150711,-0.8745415175040031,-0.825264218334538,0,zero,0,-0.09651333774645465,-0.011891184292782242,1.2623030696292168,1.4156973951518763,1.286583180947348,-0.35468292445788263,0.2866708352994127,1.2608790471657896,1.3683930811189142,1.5034296440340336,-0.17324959430062545,0.625417327864226,0.1497900854169908,-0.13795894314766136,0.102049228760502,0.639095989084172,0.3216568863356392,2.3928221292278637,11.420923450484135,1.0,-1.059859037399292,4.545733840899402e-06,1.1857203956466833e-06,0.0,0.0,0.0,1,-0.14981457335093312,1.80659784797934,-9.0,-9.0,-0.14981457335093312,2.1256727670296356,-6.869272192136812,-2.0310733363140483,0.004658341033556405,-0.001467068164508387,-0.001278583148213072,-0.006799454770336094,0.028570543859913144,0.2537671259011354,0.0,0.0,0.0,0.0,0.0,-0.28091988252565747,12.043985653195602,-30.0,-30.0,44.103701731201426,-0.3190749190502955,-2.130727807863188,-6.968926663685952,-0.28091988252565747,12.043985653195602,-68.40896638770818,-84.16512379061604,109.12695016043969,1.470000000000001
0.0,0.0,0.0,0.0,0.0,0.0,0.0,0.0,0.0,0.0,0.0,0.0,0,0.0,-1.5707963267948966,nan,0.09349397463038393,-0.29852942944543726,-0.1371545075697566,0.08552166169611297,-1.5707996440022474,0.10136170904154139,-0.32506919827869146,1.873060208097982,-0.13231401776443014,0.8931609679694233,-0.27493898136877054,0.8204096339454958,0.2215244992261528,0.028101439750350017,0.007867734411157457,-0.026539768833254207,0.0048404898053264755,0.009078900167184257,-0.0031409351349523384,0.008501354632602771,0.0005365856263856456,-2.5108832135688837,-0.7863555586887081,-0.6411340436889691,0.14919586423527265,-1.5708008967650213,1.8743032780006763,-0.11539155899873688,-0.8745415175040494,-0.8252664387669189,0,zero,0,-0.14919586423527242,-0.06367420253915945,1.2685388110116573,1.4171908814892373,1.2852076573528843,-0.3536654396993437,0.3189514899718229,1.2672957876105955,1.3833567748757307,1.4940492534648484,-0.1149837503908771,0.6217052933597526,0.14890103751133923,-0.1371401165268614,0.101443536782623,0.6411202275051997,2.218534317232309,-3.2219413458426347,1.6277328355049256,1.0,-0.7888127565383911,4.569970124990164e-06,1.252762773962246e-06,0.0,0.0,0.0,1,-0.060517548119536885,-0.9315447858478074,-9.0,-9.0,-0.060517548119536885,1.2182377667673325,-7.985786194584567,-4.233165512428619,-0.0005543820925377195,-0.0014670681645084646,-0.0012785865883324433,0.03391075497029769,-0.019359945849944455,0.08142075414443928,0.0,0.0,0.0,0.0,0.0,-0.11347749506757339,-6.210298572318717,-30.0,-30.0,42.87867401750234,-2.14978255261514,-1.0142138054154328,-4.766834487571381,-0.11347749506757339,-6.210298572318717,-34.23144391645339,-63.77619210131361,72.64829741327858,1.480000000000001
0.0,0.0,0.0,0.0,0.0,0.0,0.0,0.0,0.0,0.0,0.0,0.0,0,0.0,-1.5707963267948966,nan,0.09308568661944522,-0.30403849053748216,-0.14224709778227632,0.08641570491927064,-1.5707996013678172,0.099399864937766,-0.325870911376033,1.8668623553218084,-0.13264908917903717,0.6870709336692974,-0.15535560928366804,0.4707347994703348,0.4757518797912669,0.024670736037966007,0.006314178318320776,-0.02183242083855086,0.009598008603239144,0.009972025675828172,-0.0031241314711904986,0.00879024404759592,0.003523167355349151,4.6621690981302475,1.42743774416704,-0.6365948876544039,0.13068923518357667,-1.5708006053937211,1.8679000285255698,-0.9544641149519068,0.8721150921234309,-0.8252664650422651,0,zero,0,-0.1306892351835769,-0.044273530264305805,1.2747366648791598,1.4186752936071196,1.2838404912523476,-0.35265413703955195,0.23776032751109707,1.2736990918635718,1.413030608168655,1.4314855569076987,-0.1663802287905723,0.6178400758620908,0.1479753016333341,-0.13628749972643747,0.10081284996431084,0.6366055447783786,3.3162791710642585,-7.977275049628735,-9.536791799146961,1.0,-0.5407362580299377,4.278598824569713e-06,1.00402590419435e-06,0.0,0.0,0.0,0,0.08734752245394661,-3.656742383567335,3.5019370374488203,-5.13866197797569,0.08734752245394661,-0.591803439808517,-4.8888757173146296,-5.099280095831002,-0.004585585097303285,0.0014629977672108952,-0.0012785866290408784,0.05397883084232785,-0.05403113791942603,-0.14900706240747186,0.0,0.0,0.0,0.0,0.0,0.16378684127872983,-24.37828255711557,11.673123458162735,-17.128873259918965,31.99980620234781,-3.0649389437588184,8.39081275476345,-0.03938188214468763,0.16378684127872983,-24.37828255711557,11.673123458162735,-17.128873259918965,31.99980620234781,1.490000000000001
0.0,0.0,0.0,0.0,0.0,0.0,0.0,0.0,0.0,0.0,0.0,0.0,0,0.0,-1.5707963267948966,nan,0.09073225391655984,-0.3031788569410347,-0.14695050543112512,0.08730406325334061,-1.5707995589187236,0.0974443614816275,-0.3266553124701027,1.8607039143277153,-0.13298196106494034,0.46864464793942917,0.03979292467468781,-0.164403469051716,0.4370535762945632,0.02813034987132971,0.006712107565067654,-0.02347645552906802,0.013968544366184776,0.007314658813292474,-0.00181425712669297,0.004755722498746812,0.005253171246783643,9.955299836272832,2.979393828374647,-0.6261341497567272,0.04527518993696944,-1.5708001221263894,1.8615851050199916,-0.9693415646085158,0.874541819032527,0.6537777127244776,0,zero,0,-0.04527518993696944,0.042028873316371396,1.280895107040481,1.4201502664552978,1.282482018862538,-0.3516492651805084,0.07530037571927797,1.2800142636602516,1.4466543810323034,1.339470375601034,-0.3101856690371584,0.6138232140214316,0.14701324629617976,-0.13540143215264647,0.10015741936683024,0.6261576136833333,3.230130402184926,-9.461046688074774,-16.622487629970063,1.0,-0.5976503491401672,3.795331492639775e-06,5.632076658379503e-07,0.0,0.0,0.0,1,0.23201248373735764,-4.5,9.0,9.0,0.23201248373735764,-2.324811609132621,0.4281196178504907,-3.052735728631495,-0.0046570616571471974,0.001467068670331026,0.001012898836028234,0.056432174837671684,-0.06939328202056852,-0.3096557553394201,0.0,0.0,0.0,0.0,0.0,0.43505059766989995,-30.0,30.0,30.0,51.96334543716882,-2.175188390867379,8.571880382149509,12.052735728631495,0.43505059766989995,-38.94408710338908,53.827890596155356,40.66457334689056,77.89660147179208,1.500000000000001
0.0,0.0,0.0,0.0,0.0,0.0,0.0,0.0,0.0,0.0,0.0,0.0,0,0.0,-1.5707963267948966,nan,0.0868220826553294,-0.2967817205936596,-0.1477764083249983,0.08818651909499198,-1.5707995166685502,0.09549587551650289,-0.3274224018770797,1.8545863935912557,-0.1333125525174502,0.7444439084593631,0.1961685296105839,-0.7164225754352105,0.049531144136333305,0.034975550845300775,0.008673792861173493,-0.030640681283420124,0.01446385580754811,0.004148919973413089,9.811179986370447e-05,-0.00160283201186108,0.003825551014202651,10.42051998587495,3.0485426147804864,-0.6132117821843903,-0.06551294414688269,-1.5707996976776137,1.8554028325433731,-0.9695816250758885,0.8745415175035635,0.825123922628868,0,zero,0,0.06551294414688247,0.15369946324187467,1.2870126290182524,1.4216154387470856,1.2811325729339804,-0.3506510702601839,0.13859316803054522,1.2861967734389774,1.4723924696008897,1.2573190265202163,-0.47738705074437016,0.6096563119624403,0.146015255694493,-0.13448226765456422,0.09947750673490374,0.6132338999771318,1.995423824061408,-6.891412674230085,-15.753282314871557,1.0,-0.8749384880065918,3.370882716957624e-06,1.8100906373774706e-07,0.0,0.0,0.0,1,0.27153986254954443,-4.5,9.0,9.0,0.27153986254954443,-3.426043115477832,4.524023198354136,0.1509724038852791,-0.00465821499301849,0.0014670681645076494,0.0012783657878561693,0.04083516096688396,-0.05716302791984662,-0.3230445374949575,0.0,0.0,0.0,0.0,0.0,0.50916906534698,-30.0,30.0,30.0,51.964018831659914,-1.0739568845221679,4.475976801645864,8.849027596114722,0.50916906534698,-43.4398639292895,70.73419005461595,81.7423643494644,116.50073305973405,1.5100000000000011
0.0,0.0,0.0,0.0,0.0,0.0,0.0,0.0,0.0,0.0,0.0,0.0,0,0.0,-1.5707963267948966,nan,0.08245319215870708,-0.28830666863733945,-0.14500061432930741,0.08906285720182128,-1.570799474630781,0.09355508094926011,-0.32817219457449537,1.8485112852192873,-0.13364078360310636,1.0031369818397633,0.24280959293795368,-0.9224844653735798,-0.31040250813470505,0.04291337608592221,0.01110188879055303,-0.03986552593715592,0.011359830726201059,0.007414779272213466,0.0016811630242220127,-0.007205697867881174,0.00048016744834262007,6.678864122596777,1.9101330123973228,-0.6006418380906865,-0.1535033628857898,-1.5707994864235362,1.8493555083678783,-0.9696005982312723,0.8745415175040507,0.82526600645441,0,zero,0,0.15350336288578958,0.2425662200876113,1.2930877387037238,1.4230704531161502,1.279792482606493,-0.34965979574568495,0.25898522604068086,1.2922442697750451,1.480162793257014,1.2198650527060404,-0.595061107295308,0.6053410392842591,0.14498172970430379,-0.13353037452408623,0.098773384496712,0.6006588702929035,-0.12759823332715503,-1.3559327394579377,-8.430171688637353,1.0,-1.3194924592971802,3.159628639615164e-06,1.1792755216788464e-08,0.0,0.0,0.0,1,0.19304859556086187,-4.5,9.0,9.0,0.19304859556086187,-3.985967307529422,6.832365048004539,2.870447276972296,-0.004658306146805431,0.001467068164508467,0.001278585918549995,0.010593092149655519,-0.023121599333994904,-0.2039134336777508,0.0,0.0,0.0,0.0,0.0,0.3619887409729268,-30.0,30.0,30.0,51.9627851048093,-0.514032692470578,2.1676349519954607,6.129552723027704,0.3619887409729268,-33.03014382663709,54.094011077247956,84.14215581097734,105.34318134554859,1.5200000000000011
0.0,0.0,0.0,0.0,0.0,0.0,0.0,0.0,0.0,0.0,0.0,0.0,0,0.0,-1.5707963267948966,nan,0.0786478816505924,-0.28130405818151827,-0.14155634550088428,0.08993286478680917,-1.5707994328187895,0.09162264820084921,-0.3289047199631073,1.8424800642952315,-0.13396657539421292,0.8806438253320987,0.1872877759703781,-0.7735135844433083,-0.3770060619529697,0.04991765398484802,0.012974766550256811,-0.047600661781589004,0.007589770106671362,0.010452266680245834,0.0023651744404657206,-0.0099429579354968,-0.0021893871549102783,0.1530720264928127,0.042783320113008116,-0.5906318883068016,-0.18400207816864733,-1.5707995258722647,1.8434221279998269,-0.2201795435236446,0.19820734666774553,0.8252664591286109,0,zero,0,0.1840020781686471,0.2739349429554565,1.2991189610115108,1.424514956273326,1.2784620732647622,-0.34867568232641877,0.27234233765461374,1.2981777824881036,1.4650187977818319,1.2447052655136666,-0.6158635933846778,0.6008791310605054,0.14391308388305477,-0.1325461354959272,0.09804533576389363,0.5906403308446587,-2.376229933629734,4.958683830160967,2.423516530737924,1.0,-1.6938151121139526,3.1990773683432394e-06,9.305347514754203e-08,0.0,0.0,0.0,1,0.05938600016619465,-1.5029450912712798,3.5444291689668086,9.0,0.05938600016619465,-3.3351896224344206,6.3838629792469685,4.789261854031666,-0.0010578208417651603,0.00033249843769320647,0.0012785866198788446,-0.03539964683357984,0.030768427234702182,0.010197944930694997,0.0,0.0,0.0,0.0,0.0,0.11135571004349269,-10.019633941808532,11.814763896556029,30.0,33.76379881401624,1.8322445311631408,-2.83943381028016,4.210738145968334,0.11135571004349269,-10.019633941808532,11.814763896556029,52.388228590775086,54.630766105123115,1.5300000000000011
0.0,0.0,0.0,0.0,0.0,0.0,0.0,0.0,0.0,0.0,0.0,0.0,0,0.0,-1.5707963267948966,nan,0.07634451836002028,-0.27938020266527924,-0.13969878704159655,0.09079633161277556,-1.5707993912458305,0.08969924366151212,-0.32962002160966203,1.836494188224333,-0.1342898500032111,0.34446410632016644,0.03799587512350322,-0.26391571627937815,-0.21808330682858978,0.05226513843211254,0.013354725301491843,-0.050239818944382786,0.005408937038385464,0.009050261532985732,0.0018268554739298316,-0.0083732570464774,-0.0029083327399784305,-6.932876318600269,-1.8945594821108827,-0.5872115041021022,-0.14048820528057493,-1.5707997618829452,1.837551145682506,0.9545431544565222,-0.8746027171489636,0.5922277494775018,0,zero,0,0.14048820528057515,0.2312845368933507,1.3051048385343345,1.4259485991634282,1.277141666393913,-0.34769896780725923,0.1857112054060557,1.3040487898493576,1.4336038561238937,1.3203126414816035,-0.5281572746966691,0.596272387839274,0.1428097494696018,-0.13152994774762145,0.09729365433154548,0.5872018392277688,-3.396317287719163,8.716969383053414,12.50773398038364,1.0,-1.746125340461731,3.4350880486755386e-06,3.7063711477713923e-07,0.0,0.0,0.0,1,-0.06460595827796388,2.250194947655709,-9.0,-0.3411193084282676,-0.06460595827796388,-1.3748463321516315,1.555196112886532,4.641761405732638,0.004585964831196666,-0.0014671708286461138,0.0009175393814046776,-0.05648246164598904,0.06144261618971087,0.2141405369516375,0.0,0.0,0.0,0.0,0.0,-0.12114374325513572,15.00129965103806,-30.0,-1.1370643614275586,33.56108732429259,3.6250412798073404,-10.555196112886533,-4.982880714160906,-0.12114374325513572,15.00129965103806,-39.39186362550181,-1.1370643614275586,42.167113990394526,1.5400000000000011
0.0,0.0,0.0,0.0,0.0,0.0,0.0,0.0,0.0,0.0,0.0,0.0,0,0.0,-1.5707963267948966,nan,0.07595669154010057,-0.28453855294643154,-0.13901661886064456,0.09165305008683355,-1.5707993499250288,0.08778552915121976,-0.3303181569711168,1.830555096078917,-0.1346105306168937,0.4819497492314222,-0.15258876903726515,0.44602149196975027,-0.10028487946346087,0.04748796855519226,0.011828837611119192,-0.04577960402468528,0.004406088243750855,0.003687301869552405,0.00020029069792687135,-0.0026040858238273595,-0.002602847620524492,-10.981720088853033,-2.9316012716575623,-0.5911039345150854,-0.039612013799494195,-1.570800077058005,1.831663007771098,0.969579073564388,-0.874541517314474,-0.7907163669627205,0,zero,0,0.03961201379949397,0.13126506388632775,1.3110439321977712,1.427371037122069,1.2758315794350807,-0.3467298870017116,0.1354932675339667,1.3099367410655447,1.4033528772865984,1.406970330410672,-0.37087436184602024,0.5915226756431364,0.14167217338421387,-0.130482222899523,0.09651864467822258,0.5910745420752113,-2.5601432523726255,8.083334110004728,16.889478183818632,1.0,-1.4517102241516113,3.750263108504015e-06,7.271329760527578e-07,0.0,0.0,0.0,1,-0.1383966376264031,3.9034956135857435,-9.0,-9.0,-0.1383966376264031,0.8300639950528205,-3.2475048512486295,2.09765671140571,0.004658202734649706,-0.0014670681641904466,-0.0012250581078809956,-0.04885896968612864,0.06278151647201219,0.32466941266639876,0.0,0.0,0.0,0.0,0.0,-0.2595099149191883,26.023304090571624,-30.0,-30.0,49.77227844077768,3.073431618532923,-5.75249514875137,-11.09765671140571,-0.2595099149191883,26.023304090571624,-73.6496404044209,-55.20905661906634,95.65348485891187,1.5500000000000012
0.0,0.0,0.0,0.0,0.0,0.0,0.0,0.0,0.0,0.0,0.0,0.0,0,0.0,-1.5707963267948966,nan,0.07671404784222499,-0.29439082025173935,-0.13855681269061262,0.09250281535484883,-1.5707993088693697,0.0858821613859177,-0.33099919710091286,1.8246642079436441,-0.13492854153045714,0.9581015597699497,-0.2660724067426484,0.9171227175511776,-0.07778170835953668,0.037912951785541056,0.009168113543692707,-0.03660837684917351,0.0036282711601554885,0.00518099067556726,-0.001637390922560369,0.004370359209770337,-0.0022497945960925827,-10.126065957499879,-2.6387530750749284,-0.5968799414084222,0.07250348021483255,-1.570800357709096,1.8257147853065625,0.9696081619760943,-0.874541517503297,-0.8252306987857814,0,zero,0,-0.07250348021483255,0.019999335140016505,1.3169348219149963,1.4287819300324693,1.2745321256409827,-0.3457686716250783,0.23637733212882242,1.3158846235961539,1.3888935178250532,1.4664772094528153,-0.21371133710756451,0.5866319259691392,0.14050081822857255,-0.12940338701480486,0.0957206219659378,0.5968453228428329,-0.6287373319458691,4.2199619387878675,14.05546144979932,1.0,-1.0700092315673828,4.03091419975965e-06,1.0488397261809723e-06,0.0,0.0,0.0,1,-0.15020531445834612,2.7588098680835667,-9.0,-9.0,-0.15020531445834612,1.997849107399887,-6.164288326967434,-1.0009994440167964,0.00465834248572587,-0.0014670681645072025,-0.001278531216323595,-0.02130981124992012,0.04021712330149345,0.2964168706994536,0.0,0.0,0.0,0.0,0.0,-0.2816525678948924,18.39206578722378,-30.0,-30.0,46.24226867369906,0.7609607606836797,-2.8357116730325664,-7.999000555983203,-0.2816525678948924,18.39206578722378,-74.41514176947804,-83.20272440176149,113.13113667128762,1.5600000000000012
0.0,0.0,0.0,0.0,0.0,0.0,0.0,0.0,0.0,0.0,0.0,0.0,0,0.0,-1.5707963267948966,nan,0.07751988705595644,-0.30496300902257784,-0.13945414839694195,0.09334542539589297,-1.570799268091693,0.0839897914501413,-0.33166322633793904,1.818822924260777,-0.1352438081813973,1.0285463642792438,-0.26982091495078575,0.99081595338123,0.05820690553891561,0.02779367252250122,0.00646990439418485,-0.026700217315361208,0.0042103402155446445,0.009992416909509113,-0.0028852934161352085,0.00950219472234888,-0.001109852717623168,-5.347679375477099,-1.3593583920440353,-0.5994569910802621,0.15003517972972213,-1.5708004685126482,1.8197200558955586,0.5671708425891497,-0.8745415175039681,-0.8252662312156395,0,zero,0,-0.15003517972972213,-0.05668975433382917,1.322776107241525,1.4301809424822742,1.2732436139314913,-0.3448155501876248,0.30572960441043856,1.321879059468941,1.3950704784585592,1.4769349813179447,-0.1195448941169033,0.5816021357888044,0.1392961622857723,-0.1282938805994596,0.09489991204016207,0.5994348433760828,1.4136670701411693,-1.1845224667154144,5.746892505765616,1.0,-0.762153685092926,4.141717751870999e-06,1.2004209555271927e-06,0.0,0.0,0.0,1,-0.09790404963181079,0.2426850423095943,-9.0,-9.0,-0.09790404963181079,1.6758125828479988,-7.651146311819933,-3.4962523395176817,0.002724890462259863,-0.0014670681645083284,-0.0012785862667729206,0.020990205028051392,-0.005740617315766576,0.15544623280418987,0.0,0.0,0.0,0.0,0.0,-0.18358156690757696,1.617900282063962,-30.0,-30.0,42.45764128533768,-1.4331275405384045,-1.3488536881800668,-5.503747660482318,-0.18358156690757696,1.617900282063962,-47.395352152171775,-75.03754054421618,88.76712905162401,1.5700000000000012
0.0,0.0,0.0,0.0,0.0,0.0,0.0,0.0,0.0,0.0,0.0,0.0,0,0.0,-1.5707963267948966,nan,0.07753230452824283,-0.3128508002915088,-0.14312331599332292,0.09418068111670141,-1.570799227604678,0.08210906427651087,-0.3323103419788491,1.8130326251754305,-0.13555625718324665,0.8202374041913326,-0.18931446459168194,0.7240675628020887,0.3356718594531627,0.021374771846966113,0.0045767597482680306,-0.01945954168734032,0.0075670588100762715,0.011683178753172808,-0.0031799971516449496,0.011142193188054518,0.0014952641419461671,1.822968263887315,0.4518117289988087,-0.596289180706615,0.16223007017509516,-1.5708002842441526,1.8137284105903821,-0.8296225009785173,0.5875218188460118,-0.825266461316915,0,zero,0,-0.16223007017509516,-0.06804938905839375,1.3285664080299635,1.4315677439203671,1.2719663487492043,-0.3438707478877439,0.26925528718115094,1.3278706423554354,1.418580596887322,1.43260182264677,-0.12817303319707604,0.5764353675481309,0.1380586995203206,-0.12715415860229906,0.09405685142982437,0.5962889560006908,2.8572942366364504,-6.44981462564527,-5.470642634805586,1.0,-0.530311107635498,3.957449256297707e-06,1.056639474583676e-06,0.0,0.0,0.0,1,0.01790825035046436,-2.531770146017551,-1.3618922312926016,-9.0,0.01790825035046436,0.21234261191110476,-6.145870618730665,-5.204363856013936,-0.003985801579419525,0.0009855844909948512,-0.0012785866232691877,0.045571000272784545,-0.042427836514673155,-0.06760496406123641,0.0,0.0,0.0,0.0,0.0,0.03358006816138076,-16.878467640117005,-4.539640770975339,-30.0,34.72019780803324,-2.7441127579286557,4.783978387438063,-3.795636143986064,0.03358006816138076,-16.878467640117005,-4.539640770975339,-37.179061701218956,41.08253600755438,1.5800000000000012
0.0,0.0,0.0,0.0,0.0,0.0,0.0,0.0,0.0,0.0,0.0,0.0,0,0.0,-1.5707963267948966,nan,0.0759873598700729,-0.3145804284629461,-0.1480527969011026,0.09500838644613174,-1.5707991874208411,0.0802406181326173,-0.332940653934436,1.8072946698808365,-0.13586581635916012,0.47599187138297544,-0.03235014857236318,0.109931621585041,0.46199217318662056,0.022443497497973298,0.004253258262544399,-0.01836022547148991,0.012186980541942477,0.009400240039903193,-0.002331539206524666,0.008146587761678658,0.004069587887919984,8.50683111586077,2.0549050778058993,-0.5864703799971853,0.0997239468958675,-1.570799840985778,1.8078096857145125,-0.9681772854673386,0.8745043191765308,0.10871392738378016,0,zero,0,-0.0997239468958675,-0.004715560449735534,1.3343043650847464,1.4329420088136824,1.2707006299150174,-0.3429344865051226,0.12762311441135044,1.3337895364237828,1.4502699188835146,1.3484036958594232,-0.24318795093143147,0.5711337491675975,0.1367889395781388,-0.12598469041495555,0.09319178734731244,0.5864861432569065,3.2032791190529024,-9.208768383113684,-14.756991580842406,1.0,-0.44664809107780457,3.5141908814040335e-06,6.535649368366592e-07,0.0,0.0,0.0,1,0.15652114918240176,-4.5,9.0,5.759862879677635,0.15652114918240176,-1.6811424017086098,-1.0423219448321286,-4.083661734723294,-0.004651468046035738,0.0014670057632605157,0.00016843065825569877,0.054803011824591394,-0.06589579412053395,-0.2633496984458133,0.0,0.0,0.0,0.0,0.0,0.2934954981856399,-30.0,30.0,19.199542932258783,46.56939540529921,-2.81885759829139,10.042321944832128,9.843524614400929,0.2934954981856399,-33.191511674829414,40.665259122188175,19.199542932258783,55.89318684016997,1.5900000000000012
0.0,0.0,0.0,0.0,0.0,0.0,0.0,0.0,0.0,0.0,0.0,0.0,0,0.0,-1.5707963267948966,nan,0.0728517013383122,-0.3094312226386269,-0.1502687246043603,0.09582834842961696,-1.5707991475525211,0.07838508411574042,-0.33355428437078183,1.801610395963596,-0.13617241477534625,0.6204396736775591,0.12801245148838236,-0.5762836260665039,0.1909329287071576,0.028482387243530978,0.005533382777428222,-0.02412306173215495,0.014096309829014053,0.004340252363334904,-0.0006997047322153038,0.0015863599956755375,0.0039789025910758405,10.95008620062274,2.5781340970949636,-0.5726913409751099,-0.006922729580101095,-1.570799374882212,1.8020255116377861,-0.9695373249325491,0.8745415177064625,0.8231878653445717,0,zero,0,0.006922729580101095,0.10275107800971828,1.3399886408168902,1.4343034168040227,1.2694467524836959,-0.3420069842939059,0.08065609744363196,1.3395739221521004,1.4778706338382033,1.2612513380730612,-0.4093862603793634,0.5656994740421519,0.1354874077865594,-0.12478595987187911,0.09230507768847085,0.572709689810435,2.3127509553187493,-7.850886352604201,-16.78763056483416,1.0,-0.6110459566116333,3.0480873154381527e-06,2.2732969107153167e-07,0.0,0.0,0.0,1,0.22848051013907214,-4.5,9.0,9.0,0.22848051013907214,-3.0648212254654603,3.597627925121927,-1.0773294491939391,-0.004658002159372968,0.0014670681648480182,0.0012753662512681513,0.044738761406381125,-0.06216638432612249,-0.33242161945635146,0.0,0.0,0.0,0.0,0.0,0.428427733244088,-30.0,30.0,30.0,51.963290410852665,-1.4351787745345397,5.402372074878073,10.07732944919394,0.428427733244088,-41.802772974491205,67.66595230947927,70.12488777618802,106.03695754901284,1.6000000000000012
0.0,0.0,0.0,0.0,0.0,0.0,0.0,0.0,0.0,0.0,0.0,0.0,0,0.0,-1.5707963267948966,nan,0.06891936872091238,-0.3003049692609475,-0.14833473481990225,0.09664037732362729,-1.5707991080118746,0.07654308565584864,-0.33415136733595047,1.7959811187489463,-0.13647598277435122,1.0194088059288553,0.20903341575080336,-0.9723336342847999,-0.22375577834630178,0.03666510224496119,0.007623716934936256,-0.03384639807500295,0.011858752045551035,0.005614474749227593,0.0009254483481837758,-0.0054150668630617085,0.0011588455173702755,8.725028446591704,2.0024259388170673,-0.5584501275117042,-0.10898833268720542,-1.5707990855922676,1.7963911413990903,-0.9695931342025221,0.8745415175054696,0.8252634114748719,0,zero,0,0.10898833268720542,0.20562871001083272,1.3456179198987293,1.435651652864869,1.2682050065994461,-0.3410884558758637,0.22484824966826944,1.3452084521585073,1.4903528232676762,1.2091793933968538,-0.5510416093593853,0.560134801041223,0.13415464515432912,-0.12355846525034037,0.0913970910326031,0.5584663270129958,0.42892117454943046,-3.0853446898381045,-11.60828447276998,1.0,-1.0066038370132446,2.7587973709941593e-06,-2.241960705973156e-08,0.0,0.0,0.0,1,0.18291914155821887,-4.5,9.0,9.0,0.18291914155821887,-3.811152924731703,6.350190288459739,1.8886280070121026,-0.004658270286956467,0.001467068164510847,0.0012785818981441255,0.01854330657228958,-0.03399967678713859,-0.2578089538517702,0.0,0.0,0.0,0.0,0.0,0.3429948275983853,-30.0,30.0,30.0,51.96265625862249,-0.6888470752682969,2.649809711540261,7.111371992987897,0.3429948275983853,-36.15326482453908,61.08467661921987,86.9098180803035,112.2133254090223,1.6100000000000012
0.0,0.0,0.0,0.0,0.0,0.0,0.0,0.0,0.0,0.0,0.0,0.0,0,0.0,-1.5707963267948966,nan,0.06510706639794253,-0.2910224350034875,-0.14447580465676593,0.09744428669012528,-1.5707990688108657,0.07471523802725485,-0.3347320483729935,1.7904081306460116,-0.13677645200819638,1.088676626567133,0.19844546943760671,-0.9863215294503014,-0.41593993969814835,0.04541065177000933,0.009608171629312323,-0.04370961336950596,0.007699352648569552,0.010541157460475237,0.0019365079690767204,-0.010167526106264861,-0.001996835088498204,3.133315494842387,0.7009849779737125,-0.5456225233710172,-0.1662355779803144,-1.5707990514566574,1.7908942298255337,-0.6564244156468326,0.874541517504429,0.82526643136222,0,zero,0,0.16623557798031463,0.2636798646704399,1.3511909099186674,1.4369864074581984,1.2669756773514884,-0.3401791121335552,0.2786481416349517,1.3507055069321754,1.4807107811567028,1.2164191259726929,-0.6106911552627097,0.5544420545087126,0.13279120837160677,-0.12230271927042861,0.09046820664247021,0.5456357316183215,-1.8971940022990461,3.3470172989911986,-1.7609461298065874,1.0,-1.4634064435958862,2.724661761099867e-06,-1.7354208292630346e-08,0.0,0.0,0.0,1,0.06852855462941976,-2.466093857694688,7.652905525802567,9.0,0.06852855462941976,-3.5427050410189853,7.343228634984619,4.126486435775988,-0.003153696373433384,0.0014670681645091014,0.0012785865768603318,-0.027201121668642067,0.019074411812625747,-0.08381200309463119,0.0,0.0,0.0,0.0,0.0,0.12849907112210718,-16.440625717964586,25.50968508600856,30.0,42.67381772465179,1.0766111833242973,0.3096768908179479,4.873513564224012,0.12849907112210718,-16.440625717964586,25.50968508600856,66.81870826720927,73.38797240485137,1.6200000000000012
0.0,0.0,0.0,0.0,0.0,0.0,0.0,0.0,0.0,0.0,0.0,0.0,0,0.0,-1.5707963267948966,nan,0.06222764385735227,-0.2853732968513857,-0.14160705981451324,0.0982398934910238,-1.5707990299612578,0.07290214786930573,-0.3352964841200852,1.7848927004930675,-0.13707375547137376,0.7054745014763147,0.10663323826411303,-0.6213573899193581,-0.3166048305430075,0.051252517120960815,0.010674504011953453,-0.04992318726869954,0.004533304343139477,0.011603439496555047,0.001998356710143607,-0.010901439064755575,-0.0034358412254728472,-4.214715812301326,-0.9190916254070558,-0.5383839477896506,-0.15385660991764283,-1.5707992535788387,1.7854961661215853,0.8774229940147111,-0.8748310182980928,0.8252664654864745,0,zero,0,0.15385660991764283,0.25209650340866663,1.3567063420359184,1.438307376691296,1.2657590446296272,-0.33927916010349474,0.22356619780817505,1.3561036790604117,1.4514589896350514,1.28212672295764,-0.5618563731844172,0.5486236242630033,0.1313976698099652,-0.12101924909505361,0.08951881446429198,0.5383855947006307,-3.3835198814430667,8.227594229104218,9.157839067992466,1.0,-1.6696364879608154,2.9267839423141595e-06,2.236175808967289e-07,0.0,0.0,0.0,0,-0.051815932835167666,1.4530333324486222,-7.720845846976543,5.985321847966262,-0.051815932835167666,-1.8828672700479046,3.122863719603812,5.158861874691388,0.004215452149909087,-0.0014675538102897573,0.0012785866297290928,-0.054644320770202606,0.05632699647182679,0.14309518244519912,0.0,0.0,0.0,0.0,0.0,-0.09716094662510344,9.686888882990814,-25.736152823255143,19.95107282655421,33.97410963591796,3.335900602496527,-10.843709566580355,0.8264599732748747,-0.09716094662510344,9.686888882990814,-25.736152823255143,19.95107282655421,33.97410963591796,1.6300000000000012
0.0,0.0,0.0,0.0,0.0,0.0,0.0,0.0,0.0,0.0,0.0,0.0,0,0.0,-1.5707963267948966,nan,0.06102075160048637,-0.28725265439951886,-0.14057560868050722,0.09902701818264581,-1.5707989914746059,0.07110441271642162,-0.3358448418986106,1.7794360729027976,-0.1373678275337038,0.19691793870788393,-0.05908428960181983,0.13309997696078213,-0.13255231963360536,0.049730983977131375,0.010083661115935255,-0.04859218749909172,0.0032077811468034234,0.00717509904973826,0.0009366847203409415,-0.006369020442108929,-0.0031686348347882065,-10.011675085863452,-2.126835220367957,-0.5392558646032284,-0.07174698154402548,-1.5707995743138161,1.7801166838350004,0.9694904636074212,-0.874541512477756,-0.6221226797318469,0,zero,0,0.0717469815440257,0.1707739997266713,1.362162971635252,1.439614262473569,1.2645553829798244,-0.33838880286931755,0.13822458408685542,1.3614830995542888,1.4184905705225581,1.3716173032410413,-0.4232245753257367,0.5426819655969507,0.1299746175223896,-0.11970859632994395,0.08854931512774586,0.539237484965089,-2.989701052829781,8.829074994597761,16.074464704704614,1.0,-1.573452353477478,3.24751891955799e-06,5.828392102280588e-07,0.0,0.0,0.0,1,-0.1329257528546344,3.9349446757793896,-9.0,-9.0,-0.1329257528546344,0.41955329805720926,-2.0815335465965648,3.203567962703274,0.0046577770208991575,-0.0014670681560767151,-0.0009638556437495406,-0.054397641915911246,0.06640229919335483,0.2990934124475581,0.0,0.0,0.0,0.0,0.0,-0.2492513648127403,26.23296450519593,-30.0,-30.0,49.882166682830956,3.5153913777221804,-6.918466453403435,-12.203567962703275,-0.2492513648127403,26.23296450519593,-67.94095813764834,-36.79964485797579,81.59913116760839,1.6400000000000012
0.0,0.0,0.0,0.0,0.0,0.0,0.0,0.0,0.0,0.0,0.0,0.0,0,0.0,-1.5707963267948966,nan,0.06108764418056979,-0.2954373682898644,-0.14020006204806498,0.09980548481017926,-1.5707989533622493,0.0693226205377819,-0.33637729929005705,1.7740394676075537,-0.13765860397305907,0.7900547531537785,-0.1848684758723143,0.7652256498899057,-0.06663230717975088,0.041837205870509465,0.008234976357212112,-0.040939931000192664,0.0025414580750059146,0.0027587976466039517,-0.0006069258378353978,0.0008539792611078276,-0.002552121647546024,-10.82842242121553,-2.239050189046647,-0.5441849572911317,0.039778263056721164,-1.5707998907047247,1.7746953862507084,0.9696073689550916,-0.8745415175024076,-0.8251017786222143,0,zero,0,-0.039778263056721386,0.06002722175345809,1.367559578981739,1.4409067726733629,1.2633649614597704,-0.33750823945494435,0.20053085006646929,1.366904144478263,1.3986224205463835,1.4433431006456734,-0.2598416751278558,0.536619599277886,0.12852265524327774,-0.11837131702364735,0.08756011994596717,0.5441553051723549,-1.201302286273558,5.68459700551372,15.540785202171287,1.0,-1.2147871255874634,3.563909828141476e-06,9.373424756375925e-07,0.0,0.0,0.0,1,-0.1600579498851398,3.395641815062238,-9.0,-9.0,-0.1600579498851398,1.961202627584921,-5.5139691206853305,-0.012160264921148412,0.004658338675770907,-0.0014670681645057105,-0.0012783314801119191,-0.0300074721403969,0.04939559394588132,0.3171039542044948,0.0,0.0,0.0,0.0,0.0,-0.300127413998012,22.63761210041492,-30.0,-30.0,48.088996226511995,1.434439187477317,-3.4860308793146695,-8.987839735078852,-0.300127413998012,22.63761210041492,-78.63048074169143,-76.82722152012401,112.23959206200456,1.6500000000000012
0.0,0.0,0.0,0.0,0.0,0.0,0.0,0.0,0.0,0.0,0.0,0.0,0,0.0,-1.5707963267948966,nan,0.06147958026215024,-0.305751642571939,-0.14082381620819706,0.1005751211021384,-1.570798915635303,0.06755734928691103,-0.3368940437025842,1.768704078804611,-0.13794602200795836,1.0037841252430377,-0.21572073324513247,0.9797529869547461,0.0336336125232789,0.03186016515900821,0.006077769024760787,-0.031142401130645203,0.0028777942002387036,0.007470235405978718,-0.0018394997474351273,0.007088460341297856,-0.0014745805131533554,-7.137489083916741,-1.4352062839686628,-0.5470634488317724,0.13073078818194528,-1.570800077231247,1.7692287354000007,0.8470606028083677,-0.8745415175039507,-0.8252659936326846,0,zero,0,-0.13073078818194528,-0.030155667079807102,1.3728949698754969,1.442184621274773,1.2621880434944557,-0.3366376647177474,0.2888244897273601,1.372370505945941,1.399547867468577,1.4703240171732626,-0.1409827785290775,0.5304391115476182,0.12704240238844086,-0.11700798166753144,0.08655165091554962,0.5470393119023569,0.941316842054869,0.5465161958340807,8.768188732223294,1.0,-0.8836750388145447,3.7504363503693128e-06,1.1615959438771029e-06,0.0,0.0,0.0,1,-0.13627711610145518,1.0055623213285465,-9.0,-9.0,-0.13627711610145518,1.9955031901189737,-7.34257424247388,-2.772869823268569,0.004069580423090613,-0.001467068164508299,-0.0012785858986852758,0.013308924680094132,0.01663391912284744,0.20833736407403464,0.0,0.0,0.0,0.0,0.0,-0.2555355636629574,6.703748808856977,-30.0,-30.0,42.95352775403375,-0.9899408687904272,-1.65742575752612,-6.227130176731431,-0.2555355636629574,6.703748808856977,-58.31786601420343,-80.38835672150927,99.54027797505769,1.6600000000000013
0.0,0.0,0.0,0.0,0.0,0.0,0.0,0.0,0.0,0.0,0.0,0.0,0,0.0,-1.5707963267948966,nan,0.06144702138474929,-0.314482245335734,-0.14401824889840267,0.10133575856482224,-1.5707988783046487,0.06580916646138978,-0.33739527192814817,1.7634310745014328,-0.13823002033003604,0.8895875394418993,-0.1715623948120304,0.8229374538231027,0.29104343681279343,0.024032034604959975,0.0043621450766404835,-0.022913026592414176,0.005788228568366638,0.010508332997855295,-0.0023658951060583286,0.010193848000899154,0.000955544700947066,-0.5250239644890451,-0.10256516121804982,-0.544916221936038,0.16481080571601314,-1.5707999998665572,1.763757795718623,-0.6111819557820237,-0.5609983702452375,-0.8252664597406919,0,zero,0,-0.16481080571601314,-0.0634750471511909,1.3781679763064334,1.443447528534461,1.2610248867317433,-0.3357772692417157,0.28675598655815,1.3778413161402896,1.4197743089871437,1.4422164581963512,-0.11478387063776613,0.5241431541224324,0.12553449405510306,-0.11561917519578324,0.08552434071654495,0.5449095020805126,2.6514859028531035,-5.0091648874234425,-1.8227298313072353,1.0,-0.6233875155448914,3.6730716606037106e-06,1.1215619082349804e-06,0.0,0.0,0.0,1,-0.05181601192256185,-1.840648168610326,-5.607537406421028,-9.0,-0.05181601192256185,0.7343582731663327,-7.226517863558858,-4.745149328674615,-0.0029363355041545393,-0.0009410906547659811,-0.001278586620827143,0.041359201713588756,-0.03188701241020079,0.017298778969376788,0.0,0.0,0.0,0.0,0.0,-0.09716109492323617,-12.270987790735507,-18.69179135473676,-30.0,37.41616823898137,-2.575006441776659,1.6189804571378295,-4.254850671325385,-0.09716109492323617,-12.270987790735507,-18.69179135473676,-51.13963429894673,55.81426199384676,1.6700000000000013
0.0,0.0,0.0,0.0,0.0,0.0,0.0,0.0,0.0,0.0,0.0,0.0,0,0.0,-1.5707963267948966,nan,0.060406933078869664,-0.31829918359589104,-0.1492967105423552,0.10208723257677099,-1.5707988413809328,0.06407862867287566,-0.33788118969109554,1.758221595860925,-0.13851053913639427,0.6045812654123612,-0.06904494826344906,0.333102049720968,0.4997942837594277,0.022655635167578903,0.003671695594005993,-0.019582006095204496,0.010786171405960915,0.010042209322496783,-0.0020339631821689593,0.009000648902810937,0.003961979452085872,6.569804210072174,1.2468774580332314,-0.5356084106687099,0.12576180558621597,-1.5707996329876468,1.7583481598563153,-0.9671190300950965,0.8749085435980531,-0.6180160859004911,0,zero,0,-0.1257618055862162,-0.023674573009444977,1.38337745710899,1.4446952211384665,1.2598757428979401,-0.3349272392306205,0.17471901392712835,1.383251045372146,1.451458578502224,1.36716747334826,-0.19719757858380527,0.5177344441930883,0.12399958102190106,-0.11420549698540884,0.08447863271246273,0.5356178194143218,3.329821461461734,-8.700278832855592,-12.057536026384584,1.0,-0.43097054958343506,3.3061927502409105e-06,7.916067139568383e-07,0.0,0.0,0.0,0,0.07259450848767642,-4.485688997581007,8.376655706438655,0.21920256333360494,0.07259450848767642,-1.2689891272433553,-2.5035635661144644,-4.621766782572393,-0.0046463838108213645,0.0014676838611761237,-0.000957493291483834,0.0558121414987741,-0.061010377869808716,-0.20472874568237612,0.0,0.0,0.0,0.0,0.0,0.13612321111508796,-29.90459331720671,27.922185688128852,0.7306752111120165,40.920478624554356,-3.2166998703376515,10.88021927255312,4.8409693459059975,0.13612321111508796,-29.90459331720671,27.922185688128852,0.7306752111120165,40.920478624554356,1.6800000000000013
0.0,0.0,0.0,0.0,0.0,0.0,0.0,0.0,0.0,0.0,0.0,0.0,0,0.0,-1.5707963267948966,nan,0.058037810423550336,-0.3148737949926009,-0.1529883142924657,0.10282938248322648,-1.5707988048745516,0.06236628122758312,-0.3383520111891285,1.7530767565466987,-0.1387875201618391,0.522220788383242,0.06567752100267929,-0.38962101013231276,0.34146227246656946,0.027778136172405366,0.004328470804032786,-0.023478216196527624,0.01420079413062661,0.006039698924949948,-0.0009165032112629463,0.0033969470020725895,0.004909046346582634,10.610233830857995,1.955760196648657,-0.5210501836698215,0.030459455199739915,-1.5707991687754008,1.7530739256288852,-0.9695369883751485,0.8745415218152913,0.7867880743209014,0,zero,0,-0.030459455199739693,0.07236992728348657,1.3885222986168904,1.4459274323590239,1.2587408576533692,-0.3340877564011805,0.044296785433276364,1.38852546026127,1.481925389293691,1.2784908397582675,-0.3507097446430178,0.5112157644248233,0.12243832974888486,-0.11276756085623413,0.08341498095027083,0.5210651747101094,2.698719699916753,-8.426230034699177,-16.51648827128108,1.0,-0.5786275267601013,2.8419805042645407e-06,3.6390084900972397e-07,0.0,0.0,0.0,1,0.16528952619210813,-4.5,9.0,9.0,0.16528952619210813,-2.834027353768036,2.593155818558598,-2.1006983957862166,-0.004658000542431506,0.001467068171740695,0.0012189719979279728,0.04991232611630925,-0.06469359562316462,-0.31780293174505664,0.0,0.0,0.0,0.0,0.0,0.3099372326872457,-30.0,30.0,30.0,51.96244856709704,-1.665972646231964,6.406844181441402,11.100698395786218,0.3099372326872457,-41.22845195833027,62.09667075585132,55.104939887295906,92.69537329830248,1.6900000000000013
0.0,0.0,0.0,0.0,0.0,0.0,0.0,0.0,0.0,0.0,0.0,0.0,0,0.0,-1.5707963267948966,nan,0.05478766043784237,-0.3060068139643185,-0.15249121811687932,0.10356205169058974,-1.570798768795652,0.06067265771734584,-0.3388079586275808,1.7479976420683248,-0.13906090671101112,0.9483322914139527,0.15565264754706862,-0.9322928466734659,-0.0770482724758409,0.03592939671993695,0.005884997279503472,-0.03280114466326228,0.0134303114058682,0.0048290189320716985,0.00042592833280193174,-0.003943674467182193,0.0027541678595391934,9.836847040886125,1.7612532885559435,-0.5051861765045508,-0.0763599260298422,-1.570798831686653,1.747963082661408,-0.9695971151345367,0.8745415175089851,0.8252250751199108,0,zero,0,0.0763599260298422,0.17992197772043195,1.3936014153178813,1.4471439022113741,1.2576204704479408,-0.3332589978762277,0.18241776494341688,1.3936364500181415,1.4995410243634562,1.2155540577610093,-0.502850266087047,0.5045899629573504,0.12085142237751721,-0.11130599507090425,0.0823338501603951,0.5052006729834783,1.0175542435678775,-4.459510947653609,-13.435232432118001,1.0,-0.9416602253913879,2.504891756238692e-06,6.289100085155042e-08,0.0,0.0,0.0,1,0.15321972355774505,-4.5,9.0,9.0,0.15321972355774505,-3.7012835085472746,5.806512881765503,0.9866097223292107,-0.004658289412769826,0.0014670681645167444,0.0012785225035692389,0.027023403884350726,-0.042390652524688,-0.28583773798852413,0.0,0.0,0.0,0.0,0.0,0.2873049382294113,-30.0,30.0,30.0,51.96231850223324,-0.7987164914527254,3.193487118234497,8.013390277670789,0.2873049382294113,-39.244725795254006,64.42430634581297,83.49095521747759,112.52316160745845,1.7000000000000013
0.0,0.0,0.0,0.0,0.0,0.0,0.0,0.0,0.0,0.0,0.0,0.0,0,0.0,-1.5707963267948966,nan,0.051410072522792886,-0.29557463225691616,-0.14905668147881557,0.10428508776088163,-1.570798733154119,0.058998279621337184,-0.3392492617479313,1.7429853091265974,-0.13933064369041273,1.1612718847027106,0.17032098190408254,-1.0873484827752855,-0.37042736174653645,0.04538336654777042,0.007588207098544297,-0.04367462949101514,0.009726037788402836,0.009981980606453455,0.0014169176560198012,-0.009860653992264705,-0.0006322847685231326,5.205566606938038,0.9054357961910934,-0.4901954009577881,-0.15057862253720922,-1.5707987370119316,1.743009767600331,-0.9498083980276371,0.8745415175045019,0.8252661921386347,0,zero,0,0.15057862253720922,0.25486371029809085,1.3986137505084788,1.4483443776105802,1.2565148143767249,-0.3324411360778724,0.26548472800231443,1.3985898991652177,1.4961209103908109,1.2071581193112413,-0.5888850086919177,0.4978599534048597,0.11923955673067413,-0.10982144233488406,0.08123571575671963,0.4902094436471171,-1.293205559222421,1.7587605404082116,-4.8181682476709256,1.0,-1.4477061033248901,2.4102170348427876e-06,3.857812735930111e-09,0.0,0.0,0.0,1,0.06599774729174121,-3.4253089172239037,9.0,9.0,0.06599774729174121,-3.7812324005238693,7.4705340657360555,3.474520119436941,-0.004563217377227953,0.0014670681645092237,0.0012785862062308557,-0.017626733289879626,0.00826454843525108,-0.13872653077811,0.0,0.0,0.0,0.0,0.0,0.12375351076643767,-22.835392781492693,30.0,30.0,48.18164047037497,0.3559234832999656,1.5294659342639445,5.52547988056306,0.12375351076643767,-22.835392781492693,35.62940876575289,74.27867731515701,85.48828663099293,1.7100000000000013
0.0,0.0,0.0,0.0,0.0,0.0,0.0,0.0,0.0,0.0,0.0,0.0,0,0.0,-1.5707963267948966,nan,0.048591678627479026,-0.28758549110518816,-0.14570445472862475,0.10499834250620022,-1.5707986979595712,0.05734365591850431,-0.339676157351504,1.7380407849587902,-0.13959667764034137,0.9234492201605288,0.1163770192480984,-0.8416036755300726,-0.36182607001194467,0.05317273321400596,0.008751977291025281,-0.052090666246315864,0.006107777088283389,0.012605077148442822,0.0017174189350051003,-0.01216293352849173,-0.002828690527677615,-1.9624329294372336,-0.33161305697527443,-0.4797236727551114,-0.16135446330965175,-1.5707988977079197,1.738183365263439,0.5780632858587662,-0.8707480660006983,0.8252664595909477,0,zero,0,0.16135446330965175,0.26635280581585175,1.4035582769487156,1.4495286125283413,1.2554241160355226,-0.3316343386206686,0.240740468728399,1.4034164385801597,1.471106928666735,1.260480516771731,-0.5713524277371824,0.4910287148560148,0.11760344631264384,-0.10831455979645715,0.08012106383658611,0.47973101829758324,-3.134016358553566,7.366073498440373,6.222311535222422,1.0,-1.8454453945159912,2.570913022914567e-06,1.997483485283169e-07,0.0,0.0,0.0,1,-0.03745892618728817,0.4178602650482422,-3.9866700055125373,9.0,-0.03745892618728817,-2.476597585289717,4.509909774447771,5.183844895982207,0.002777221634011555,-0.0014607045421728933,0.0012785866205951438,-0.049259329231560595,0.048984666853203844,0.08388133186910487,0.0,0.0,0.0,0.0,0.0,-0.0702398765934524,2.785735100321615,-13.288900018375125,30.0,32.92962370552992,2.894457850337959,-8.496579779960308,3.816155104017793,-0.0702398765934524,2.785735100321615,-13.288900018375125,34.67754159971446,37.24099903047346,1.7200000000000013
0.0,0.0,0.0,0.0,0.0,0.0,0.0,0.0,0.0,0.0,0.0,0.0,0,0.0,-1.5707963267948966,nan,0.04702060376540897,-0.28660690510224096,-0.1441903696741015,0.10570167208318049,-1.5707986632213569,0.05570928271073058,-0.3400888888193062,1.733165066683917,-0.1398589567667346,0.2257263982839483,-0.006329834570367732,-0.1391317470749387,-0.17763641809164787,0.05435601955534835,0.008688678945321604,-0.05348198371706525,0.0043314129073669105,0.0095899772149337,0.0011007987744424,-0.009020202629090424,-0.0030646124667376585,-8.74634046814839,-1.4349855574276262,-0.4774885934940316,-0.09767723996261735,-1.570799216776637,1.7334105470883436,0.9688994742379973,-0.8745417119323166,-0.18552896006360386,0,zero,0,0.09767723996261735,0.20337891204579783,1.4084339975168803,1.4506963681498057,1.2543485953764382,-0.33083876820477987,0.15500104280216995,1.4081892758270762,1.437409447585576,1.3489578179216406,-0.452895378563936,0.48409929187395884,0.11594382030912839,-0.10678601904672742,0.07899039118079487,0.4774783321078609,-3.264959815147014,9.224526011822993,14.822842407948277,1.0,-1.8471192121505737,2.8899817401395467e-06,5.535552798363597e-07,0.0,0.0,0.0,1,-0.11248624301539052,3.5131940716523316,-9.0,-6.429361779602429,-0.11248624301539052,-0.2050446662800234,-0.6889617100840962,3.9747849282108043,0.004654937697762079,-0.0014670684906673895,-0.00028744030890075526,-0.05716727553040715,0.06746835653779194,0.26716856902060176,0.0,0.0,0.0,0.0,0.0,-0.21092488845938595,23.421293811015545,-30.0,-21.431205932008098,43.67949268009675,3.718238737932355,-8.311038289915905,-10.404146707813233,-0.21092488845938595,23.421293811015545,-60.355531355378034,-21.431205932008098,68.19595476258579,1.7300000000000013
0.0,0.0,0.0,0.0,0.0,0.0,0.0,0.0,0.0,0.0,0.0,0.0,0,0.0,-1.5707963267948966,nan,0.046592418966228406,-0.2927738528556409,-0.14363194955747585,0.10639493708745107,-1.5707986289485452,0.05409564285670591,-0.34048770562895286,1.7283591206479891,-0.14011743097293267,0.5945078183337976,-0.11854550548441034,0.576813094375328,-0.08168943228237247,0.048427904725530116,0.007503223890477501,-0.04771385277331197,0.003514518584543186,0.0033703728826549773,-5.633780893471874e-05,-0.0021642173785708305,-0.0025830994091812377,-11.091775799184564,-1.765222291481431,-0.4813307666461375,0.009420275885501983,-1.5707995646521409,1.7286167342341048,0.9696041007720114,-0.8745415175019589,-0.8237598199449794,0,zero,0,-0.009420275885501983,0.09697466120194909,1.413239945864268,1.451847413030387,1.2532884655634506,-0.3300545825091444,0.18617698013384545,1.4129829106788656,1.4127466992477549,1.4305842928729153,-0.2888341304857506,0.4770747944963078,0.11426142358724191,-0.10523650611961735,0.07784420525360375,0.4813056902014751,-1.7749976881995797,7.001925806223625,16.458291018265676,1.0,-1.534094214439392,3.237857244542397e-06,9.357035954948856e-07,0.0,0.0,0.0,1,-0.15028948856296573,3.769509190589416,-9.0,-9.0,-0.15028948856296573,1.6524622451141777,-4.667610251388036,0.9302502861862004,0.0046583229742569445,-0.0014670681645049576,-0.0012762523814278959,-0.03827175349701312,0.05725866676658715,0.32683268795846143,0.0,0.0,0.0,0.0,0.0,-0.2818104042058236,25.13006127059611,-30.0,-30.0,49.31125020284755,2.1170469454752383,-4.332389748611964,-9.930250286186201,-0.2818104042058236,25.13006127059611,-80.68795668462862,-69.18524136401503,109.21878672236454,1.7400000000000013
0.0,0.0,0.0,0.0,0.0,0.0,0.0,0.0,0.0,0.0,0.0,0.0,0,0.0,-1.5707963267948966,nan,0.04661561452610006,-0.30233393263795527,-0.1438047429242927,0.10707800264809775,-1.5707985951499182,0.052503205616467104,-0.3408728628696421,1.7236238817692755,-0.1403720518913669,0.9316446143128719,-0.16156328001104558,0.9174922541625163,-0.008182755161736943,0.039136891036178664,0.005887591090367045,-0.03853893023168681,0.0034326910329258165,0.005113765659038545,-0.0011126777631840813,0.0046655459713045855,-0.0017734791232267583,-8.584127163897437,-1.3235855692794118,-0.4846711513704868,0.10988687815331222,-1.5707998190177004,1.7237792720393659,0.9696081524510025,-0.8745415175040032,-0.8252640553210724,0,zero,0,-0.10988687815331222,-0.00280887550521447,1.4179751870699202,1.4529815232525756,1.252243932827986,-0.3292819340846404,0.28832390392709767,1.4178200974295063,1.407640224519112,1.473722922135502,-0.15033536818450993,0.46995839823515806,0.1125570166955125,-0.10366672149186983,0.07668302420272932,0.4846460235789224,0.3489065006160617,2.3065001192307055,11.340976684569549,1.0,-1.1777939796447754,3.492222803824774e-06,1.223867782229604e-06,0.0,0.0,0.0,1,-0.154574051559862,1.7389362715657086,-9.0,-9.0,-0.154574051559862,2.122004779942181,-6.90816925479437,-2.0150334222862414,0.004658342439963941,-0.0014670681645083871,-0.001278582895656054,-0.006441912980956345,0.028095501338249,0.25209873153357604,0.0,0.0,0.0,0.0,0.0,-0.28984446195361335,11.592908477104725,-30.0,-30.0,43.98271861504984,-0.38306850837647244,-2.0918307452056304,-6.984966577713759,-0.28984446195361335,11.592908477104725,-68.45852000926871,-83.63576893483116,108.70138151813235,1.7500000000000013
0.0,0.0,0.0,0.0,0.0,0.0,0.0,0.0,0.0,0.0,0.0,0.0,0,0.0,-1.5707963267948966,nan,0.046470439930565446,-0.31141622704589306,-0.14625875929912607,0.10775073852211747,-1.5707985618339708,0.05093242630652307,-0.3412446207561295,1.7189602528835632,-0.1406227729151807,0.9097269134036411,-0.14256047144094244,0.8710536521450374,0.22032953510195685,0.03068235219588162,0.00446198637595762,-0.029828393710236434,0.005635986383945385,0.009065003490760346,-0.0016891986343653374,0.008901633478296513,0.000286037898234252,-2.668714572146148,-0.3982274558997625,-0.4838485090510297,0.16290494586330007,-1.5707998425071399,1.7189276983972153,-0.17294367720733944,-0.874541517504049,-0.8252664366743095,0,zero,0,-0.16290494586329984,-0.05515420734118237,1.4226388182953729,1.454098482582755,1.2512151963244884,-0.3285209702472519,0.31859918609363874,1.422671492623973,1.4229461073391727,1.463096979297314,-0.09263735514680299,0.4627533440770779,0.11083137586388021,-0.10207738008304627,0.0755073768593456,0.48383708193380726,2.2555833632513944,-3.367937530483232,1.5859092382627837,1.0,-0.8771260380744934,3.5157122431073162e-06,1.2806731692904805e-06,0.0,0.0,0.0,1,-0.10663741331604674,-1.0489329740294444,-9.0,-9.0,-0.10663741331604674,1.1698165078990297,-8.003942214931397,-4.221083334745418,-0.0008308829388674978,-0.001467068164508464,-0.0012785865850903605,0.03445901212985868,-0.020278096912638075,0.0804870350001353,0.0,0.0,0.0,0.0,0.0,-0.1999576473205452,-6.99288649352963,-30.0,-30.0,42.99930748944814,-2.218749481928474,-0.9960577850686025,-4.778916665254582,-0.1999576473205452,-6.99288649352963,-33.51848036743144,-63.3906975429187,72.04727271515416,1.7600000000000013
0.0,0.0,0.0,0.0,0.0,0.0,0.0,0.0,0.0,0.0,0.0,0.0,0,0.0,-1.5707963267948966,nan,0.045737066290283505,-0.3169350857900256,-0.15146367035277716,0.10841301918888213,-1.5707985290089006,0.049383745965459774,-0.341603244142665,1.7143691040894113,-0.1408695492297927,0.7202489434396941,-0.08153067007813514,0.5160235357597021,0.4958134739039083,0.027093388705230342,0.003646679675176269,-0.024668158352639413,0.010594121122984468,0.010125714851957613,-0.0016667203233823842,0.00935801662891983,0.0034899383088586346,4.704308159077529,0.6789292586336152,-0.4762512208532997,0.14543778785222528,-1.57079955400626,1.7141191459540956,-0.9578426008200731,0.8735365805636441,-0.8252664645323146,0,zero,0,-0.1454377878522255,-0.037024768663343366,1.4272299694394006,1.4551980826280155,1.2502024479859921,-0.32777183297123347,0.23636129243756396,1.42748008014268,1.452917563409626,1.3990497801720512,-0.14418025108203222,0.45546293848311253,0.10908529300369817,-0.10046921125552762,0.07431780273808472,0.4762563739080103,3.335266592036192,-8.111462855452228,-9.5292432272622,1.0,-0.6142261028289795,3.227211363476812e-06,1.0249973594333994e-06,0.0,0.0,0.0,0,-0.008202348361156945,-3.8074578040379783,3.8861441774426657,-5.078535840318567,-0.008202348361156945,-0.6838374252533717,-4.785568754211687,-5.08215463337453,-0.004601816545092492,0.0014653823543289608,-0.0012785866282508114,0.054389936443539,-0.055015521244120166,-0.14909974346556665,0.0,0.0,0.0,0.0,0.0,-0.015380364449947392,-25.383052026919856,12.953813924808886,-16.92845280106189,33.146242263539975,-3.1236203787846066,8.671712931654353,0.003618793055962577,-0.015380364449947392,-25.383052026919856,12.953813924808886,-16.92845280106189,33.146242263539975,1.7700000000000014
0.0,0.0,0.0,0.0,0.0,0.0,0.0,0.0,0.0,0.0,0.0,0.0,0,0.0,-1.5707963267948966,nan,0.044066663602070184,-0.31582497445140234,-0.1564190212251779,0.10906472394459099,-1.570798496682604,0.04785759102989537,-0.3419490020378361,1.709851272093416,-0.14111233784440635,0.4934430633170606,0.014424775264891554,-0.14558692337943713,0.4712562257787073,0.030514431081358512,0.0037909274278251845,-0.026124027586433785,0.01530668338077154,0.007647126077257822,-0.0010131884886901525,0.005258790818685702,0.005458672499167663,10.163835171194329,1.4182211589373694,-0.46189455151595804,0.061333014694828325,-1.5707990776591507,1.7094324513541015,-0.9693909562689168,0.8745416628034566,0.6543043832891601,0,zero,0,-0.061333014694828325,0.047731709249762666,1.4317478037927596,1.4562801229929674,1.2492058723796942,-0.32703465878227644,0.07564886558333386,1.4321669371475563,1.4864437996279547,1.306251726016109,-0.28755683733745935,0.44809055338878684,0.1073195757077333,-0.09884295881451508,0.07311485203703749,0.4619069100694905,3.1995676872284435,-9.496470570671187,-16.559207060006845,1.0,-0.6795828938484192,2.7508642541640427e-06,5.809765468711703e-07,0.0,0.0,0.0,1,0.0960386997717392,-4.5,9.0,9.0,0.0960386997717392,-2.400557457524799,0.5464477769477998,-3.0349689129833717,-0.004657298952251662,0.0014670684082523353,0.001013714807560384,0.05612833014010904,-0.0697831987424949,-0.3086213933842783,0.0,0.0,0.0,0.0,0.0,0.18008381731059292,-30.0,30.0,30.0,51.96183628569392,-2.099442542475201,8.4535522230522,12.034968912983372,0.18008381731059292,-39.86747495420987,55.1199778691972,40.61751988839615,79.23031535713369,1.7800000000000014
0.0,0.0,0.0,0.0,0.0,0.0,0.0,0.0,0.0,0.0,0.0,0.0,0,0.0,-1.5707963267948966,nan,0.04167674493750612,-0.30888065982065044,-0.15750952105766355,0.10970573699673514,-1.5707984648626712,0.04635437302061516,-0.3422821671212707,1.7054075595554665,-0.14135109762347553,0.7380610419272258,0.08867006552838522,-0.7277479714186463,0.08517400534164832,0.037398336090203196,0.004677628083109037,-0.03340150730062025,0.016158423434188024,0.0044099575530116945,-8.417624017021275e-05,-0.0013434149097232354,0.004199509061817704,10.669904510471364,1.439741090772957,-0.4445622052480713,-0.048365778984321484,-1.570798655343295,1.70491773372914,-0.9695849857854647,0.8745415175032967,0.8251218133138591,0,zero,0,0.048365778984321484,0.15807151598105662,1.436191518692933,1.4573444114365557,1.248225646562525,-0.326309578650674,0.14068242375792875,1.4366817825854405,1.5115632240707253,1.2244587604969686,-0.45392916758203206,0.44063962620409847,0.10553504725016466,-0.09719938100802848,0.07189908563775221,0.4445730592211263,1.9134910463206987,-6.80712636105025,-15.6602367869947,1.0,-0.9758925437927246,2.328548398544683e-06,1.9048062416260336e-07,0.0,0.0,0.0,1,0.13021976741567823,-4.5,9.0,9.0,0.13021976741567823,-3.4686233600087255,4.5979588607876085,0.16446348908694075,-0.00465823113906265,0.0014670681645072019,0.0012783625198911168,0.039729983980817785,-0.056761690469926504,-0.3213506116190613,0.0,0.0,0.0,0.0,0.0,0.2441773249872084,-30.0,30.0,30.0,51.962097942308276,-1.0313766399912745,4.4020411392123915,8.835536510913059,0.2441773249872084,-43.84181595402761,71.30575274548845,81.39480853588697,116.7552554701813,1.7900000000000014
0.0,0.0,0.0,0.0,0.0,0.0,0.0,0.0,0.0,0.0,0.0,0.0,0,0.0,-1.5707963267948966,nan,0.039113034653771236,-0.29968599327309114,-0.15486160704241345,0.11033594755855392,-1.5707984335563805,0.044874488238705365,-0.3426030152631369,1.7010387344340014,-0.14158578931813595,1.0001455554162506,0.1083825501825092,-0.9515514689425519,-0.28826057099105296,0.045291417069392555,0.005761453584934129,-0.04291702199004577,0.013275817724277494,0.007309778652468022,0.0006652554168173879,-0.007226496346041805,0.0008763844699198921,6.860322760069248,0.8953994075206145,-0.4276685132674646,-0.135814236368486,-1.5707984446969516,1.7005797179152164,-0.9696013802414984,0.8745415175040429,0.8252659918605143,0,zero,0,0.135814236368486,0.2461501839270399,1.4405603461788796,1.458390764028875,1.2472619399367204,-0.325596717884486,0.25893004992854424,1.441019885062615,1.5182583243918601,1.1885648061764467,-0.5705764747717146,0.43311365981352246,0.10373254658658451,-0.09553925052690741,0.07067107510523547,0.42767868684864563,-0.2502649148750706,-1.1533788042143136,-8.322152434431986,1.0,-1.436202883720398,2.117902055065457e-06,1.114057113227318e-08,0.0,0.0,0.0,1,0.08426268595261416,-4.5,9.0,9.0,0.08426268595261416,-4.006165681479072,6.870429014065262,2.8793518382076955,-0.004658309903860706,0.0014670681645084537,0.0012785858959396496,0.008822145666872155,-0.02191108424023735,-0.20189702476553723,0.0,0.0,0.0,0.0,0.0,0.15800241131185855,-30.0,30.0,30.0,51.961764450045195,-0.4938343185209284,2.1295709859347376,6.120648161792305,0.15800241131185855,-32.86695845107802,53.71256448979855,83.59910357403783,104.66189194277132,1.8000000000000014
0.0,0.0,0.0,0.0,0.0,0.0,0.0,0.0,0.0,0.0,0.0,0.0,0,0.0,-1.5707963267948966,nan,0.036865517661268325,-0.2919805813371755,-0.1512951071554587,0.1109552499434936,-1.5707984027706925,0.04341831747147347,-0.34291182504737117,1.6967455293312714,-0.1418163755976063,0.8903473590864934,0.07913462252710154,-0.8014221720149872,-0.3797086166425073,0.05221855152305351,0.006552799810205144,-0.05093124371019564,0.009478731557852421,0.010372485616129325,0.0009693521215033479,-0.010142527623074493,-0.001943694352648474,0.1840084060049536,0.02321834900828823,-0.41376058798351145,-0.16638146779849183,-1.5707984968617186,1.6963956410014744,-0.17129640778263489,0.06429022808605389,0.8252664586061393,0,zero,0,0.16638146779849183,0.27733671774198543,1.444853553645772,1.4594190053079816,1.2463149141053949,-0.3248961960227056,0.27053015251534523,1.4452040676742084,1.5018193827421775,1.2158116229472125,-0.5903358271666791,0.42551622257600785,0.10191292835399758,-0.0938633545048104,0.06943140268795157,0.41376916048048495,-2.5024778125219522,5.207136103285796,2.519191194567507,1.0,-1.8208544254302979,2.1700668222379704e-06,9.40910260815997e-08,0.0,0.0,0.0,1,0.005345423967258419,-1.4121540266742358,3.129797478082795,9.0,0.005345423967258419,-3.3166930176877365,6.281538795339115,4.7947324271020175,-0.0008229688706413192,0.00010784867845179334,0.0012785866190693788,-0.03739393723855042,0.03245247615782067,0.012139167632160282,0.0,0.0,0.0,0.0,0.0,0.010023296394634201,-9.41436017782824,10.432658260275984,30.0,33.128094367168984,1.9045389910135007,-3.15174131725632,4.2052675728979825,0.010023296394634201,-9.41436017782824,10.432658260275984,51.70591158433872,53.581451353686816,1.8100000000000014
0.0,0.0,0.0,0.0,0.0,0.0,0.0,0.0,0.0,0.0,0.0,0.0,0,0.0,-1.5707963267948966,nan,0.03536169012089856,-0.28958657339067345,-0.14905018480554783,0.11156354365966448,-1.5707983725122499,0.041986225707919156,-0.343208877299557,1.6925286408385964,-0.14204282108057337,0.3654395980188999,0.007173577681544863,-0.26910601986879223,-0.2471367832877963,0.0544824659373496,0.006624535587020593,-0.05362230390888356,0.007007363724974458,0.009058415660174823,0.0006928323666173224,-0.008540609334813522,-0.0029381745649916784,-7.067534664553008,-0.8630804178187489,-0.4072171652121146,-0.12336873443247298,-1.5707987618345978,1.6923091937672718,0.9577293566244512,-0.8745569137467737,0.5686721060260277,0,zero,0,0.1233687344324732,0.23493227809213746,1.4490704444997466,1.4604289684367104,1.2453847227281107,-0.3242081267284235,0.18444730667610257,1.4492905851403988,1.46939079743947,1.2935273523326047,-0.5020359460196029,0.4178509483249814,0.10007706287082188,-0.0921724945182157,0.0681806613178231,0.40721466621858143,-3.476722956301809,8.890508583004241,12.533824896437148,1.0,-1.8746235370635986,2.4350397014316627e-06,3.893223476936214e-07,0.0,0.0,0.0,1,-0.06071693425010453,2.352091481746275,-9.0,-0.5479404053023581,-0.06071693425010453,-1.3187533949681125,1.4311580670485569,4.6142721850615125,0.0046012724796974025,-0.0014670939921416894,0.0008810445860491354,-0.057888082340418937,0.06275656035008804,0.2150039025249854,0.0,0.0,0.0,0.0,0.0,-0.11385136742941032,15.680609878308502,-30.0,-1.826468017674527,33.90030197076656,3.6708448767143875,-10.431158067048557,-5.162212590363871,-0.11385136742941032,15.680609878308502,-41.222027844003584,-1.826468017674527,44.14165893213537,1.8200000000000014
0.0,0.0,0.0,0.0,0.0,0.0,0.0,0.0,0.0,0.0,0.0,0.0,0,0.0,-1.5707963267948966,nan,0.03474548388323221,-0.2945099851750555,-0.14784495080033372,0.11216073350430178,-1.5707983427873662,0.04057856186350103,-0.3434944546203641,1.688388728881626,-0.14226509236656107,0.49166741819260384,-0.07914576067517762,0.46378344635749635,-0.14275052912018082,0.04964511925359041,0.0058330779802688165,-0.0489844694453086,0.00557985843377265,0.0038975459477437356,-6.563399559335933e-05,-0.002597253079957361,-0.0029053111764573633,-11.184181328843996,-1.3195466907836981,-0.4090335605401043,-0.023409339288092967,-1.5707991072096656,1.688233612775343,0.9695866169621263,-0.8745415174345333,-0.7932849974587443,0,zero,0,0.023409339288092745,0.13557007279239475,1.4532103588126444,1.4614204953594865,1.2444715113764526,-0.32353261768199437,0.14026250576185276,1.4533660751020154,1.4386767974733947,1.3811811789850785,-0.3451367206218576,0.4101215363683494,0.09822583613688918,-0.09046748658642181,0.06691945461023131,0.4090151463022045,-2.5850905345900292,8.132072365705987,16.80873672948223,1.0,-1.5698916912078857,2.780414769087969e-06,7.644222996816552e-07,0.0,0.0,0.0,1,-0.1043024680963933,3.942522189839211,-9.0,-9.0,-0.1043024680963933,0.8904260375598217,-3.32615395265624,2.055440647836294,0.004658238975815518,-0.0014670681643918495,-0.0012290376911383795,-0.04939526186357117,0.06328103494355705,0.32351855491737047,0.0,0.0,0.0,0.0,0.0,-0.19557935139019933,26.28348126559474,-30.0,-30.0,49.908512687932905,3.0520961522793892,-5.67384604734376,-11.055440647836294,-0.19557935139019933,26.28348126559474,-74.9633557999304,-55.58272379808368,96.95258395897747,1.8300000000000014
0.0,0.0,0.0,0.0,0.0,0.0,0.0,0.0,0.0,0.0,0.0,0.0,0,0.0,-1.5707963267948966,nan,0.03462511375600215,-0.3042403969494948,-0.14694653319098344,0.11274672965822141,-1.5707983136020263,0.03919565851392258,-0.3437688409254441,1.6843264160655917,-0.14248315806730316,0.9605047776894196,-0.1262533222348386,0.9456025469359308,-0.11164833100923699,0.040041347130667364,0.004570544757920431,-0.03952844397594929,0.00446337512368028,0.0053645837463900566,-0.0008838804469402705,0.004564436407639205,-0.0026764593044107266,-10.29093575958978,-1.1712420770806193,-0.4130582164620443,0.08761666002694768,-1.5707994028398393,1.6841192782339662,0.9696086373261266,-0.8745415175037419,-0.825232630734465,0,zero,0,-0.08761666002694746,0.025130069631273955,1.4572726739767614,1.462393436959141,1.2435754173895972,-0.3228697704742013,0.24098145496879783,1.4574801725153583,1.4242065020718722,1.4404750389440015,-0.18928715327090245,0.40233175148848804,0.09636014983344264,-0.08874916117154522,0.06564839686401445,0.41303358893544195,-0.6171524300680842,4.156076149674486,13.896296645060602,1.0,-1.1680055856704712,3.076044942762479e-06,1.0892378128346536e-06,0.0,0.0,0.0,1,-0.13194608241771422,2.7217103937052953,-9.0,-9.0,-0.13194608241771422,2.027292912448712,-6.205460742074344,-1.036581931745588,0.0046583447694765,-0.0014670681645079487,-0.0012785342094947215,-0.021214851638093942,0.03992160408421937,0.29361125632965446,0.0,0.0,0.0,0.0,0.0,-0.24741436793120986,18.1447359580353,-30.0,-30.0,46.144259197177256,0.6944174812565835,-2.7945392579256563,-7.963418068254412,-0.24741436793120986,18.1447359580353,-74.7670873982175,-83.02891751340289,113.195455555055,1.8400000000000014
0.0,0.0,0.0,0.0,0.0,0.0,0.0,0.0,0.0,0.0,0.0,0.0,0,0.0,-1.5707963267948966,nan,0.034498202612176614,-0.3147192058591832,-0.14763201823553623,0.11332144778027864,-1.5707982849618802,0.03783783163765112,-0.3440323209926647,1.6803422870205746,-0.1426969888381148,1.030002692491998,-0.12309157324459225,1.0215328842467841,0.047165427374115665,0.02991264541978768,0.003339629025474508,-0.02931311513348145,0.0049350293974214365,0.010043701270692465,-0.0014073732335602874,0.009835768673150516,-0.0014672731186246247,-5.404513131955852,-0.5924299417719184,-0.41379232872643734,0.164221909793133,-1.5707995150656922,1.6799779274301199,0.519233184980707,-0.8745415175040216,-0.8252662369447664,0,zero,0,-0.16422190979313278,-0.05090046201285414,1.4612568053595858,1.4633476532137237,1.2426965697298866,-0.32221968049942207,0.3077473244533989,1.461621301972091,1.430604595704762,1.4498021976650695,-0.09695664777326997,0.3944854239422552,0.09448092132313976,-0.0870183631785231,0.06436811306146979,0.4137754460273688,1.4404733648029642,-1.3254196410384977,5.5519406116213705,1.0,-0.8363632559776306,3.188270795817516e-06,1.2301038117001895e-06,0.0,0.0,0.0,1,-0.1240837761270794,0.1483476789509818,-9.0,-9.0,-0.1240837761270794,1.657564400733498,-7.670437905729846,-3.521336941824271,0.0024945809043777642,-0.0014670681645084181,-0.0012785862756490658,0.021369602923066344,-0.006604702086369307,0.15181494654266126,0.0,0.0,0.0,0.0,0.0,-0.23267162221466228,0.9889845263398787,-30.0,-30.0,42.43857003336851,-1.509216721782516,-1.3295620942701536,-5.478663058175729,-0.23267162221466228,0.9889845263398787,-46.822809714776035,-74.43601407632657,87.94389079199496,1.8500000000000014
0.0,0.0,0.0,0.0,0.0,0.0,0.0,0.0,0.0,0.0,0.0,0.0,0,0.0,-1.5707963267948966,nan,0.034004172756239896,-0.3224657334341595,-0.15132669035906432,0.11388480910182586,-1.5707982568722396,0.03650538036685056,-0.3442851800175471,1.6764368877467586,-0.14290655740928332,0.8306862559248075,-0.08384214148638436,0.7493668550093868,0.3485103552359564,0.023521116631841022,0.0025012076106106645,-0.02181944658338758,0.008420132949781,0.011706261152566446,-0.0014945512513562529,0.011532546889571275,0.0013428436130077295,1.9244419198166378,0.20296720537967078,-0.40841663814326684,0.17576933044562604,-1.5707993318181876,1.675860298242234,-0.8550474121010244,0.6458646483409194,-0.8252664613636103,0,zero,0,-0.17576933044562626,-0.06188452134380018,1.4651622069585477,1.4642830133533187,1.2418350888383995,-0.3215824368487943,0.26867995293334446,1.465738883188739,1.4543464149253293,1.4039310014008188,-0.10753860092954352,0.38658644946098264,0.09258908365005035,-0.08527595195511152,0.06307923886835222,0.40841471123245815,2.872964490527745,-6.598030786106069,-5.660181581581211,1.0,-0.5886048674583435,3.0050232910916463e-06,1.0749459482539692e-06,0.0,0.0,0.0,1,-0.06504121301848292,-2.6672337349505324,-0.9821492190975444,-9.0,-0.06504121301848292,0.1450690037370052,-6.044405672357816,-5.220562149767621,-0.00410795189572503,0.0010834562398668857,-0.0012785866233415329,0.045892765736453914,-0.043474181977971406,-0.07130522086624093,0.0,0.0,0.0,0.0,0.0,-0.12195989690321193,-17.78155823300355,-3.273830730325148,-30.0,35.02737008484894,-2.8123027386875377,5.062256453260272,-3.7794378502323793,-0.12195989690321193,-17.78155823300355,-3.273830730325148,-36.34619792583758,40.595107571296445,1.8600000000000014
0.0,0.0,0.0,0.0,0.0,0.0,0.0,0.0,0.0,0.0,0.0,0.0,0,0.0,-1.5707963267948966,nan,0.03283479004924823,-0.3238534141391458,-0.15643154822611335,0.11443674052117148,-1.5707982293380718,0.03519858674641069,-0.3445277031777547,1.6726107249596867,-0.14311183861747945,0.5033499676912118,-0.013741091344821044,0.11451575447786744,0.48995766588529055,0.024706849781706185,0.002363796697162454,-0.020674289038608906,0.013319709608633906,0.009466687976400559,-0.0010860525904654939,0.008436870681822063,0.00415426095851975,8.74156111844706,0.8863559041616056,-0.3955183036152308,0.11280195926992631,-1.5707988973865914,1.6718411481780298,-0.968414584627333,0.874514196594088,0.14343766831321692,0,zero,0,-0.11280195926992631,0.0016347812512451654,1.4689883720557657,1.465199396016858,1.240991086490522,-0.32095812220338005,0.12586641941068258,1.4697581491287082,1.4859813783609437,1.3186716102685097,-0.22413039676303195,0.37863878925047645,0.09068558553965679,-0.08352280129188559,0.06178242063387445,0.39552593417094256,3.1824859613448138,-9.27952469454678,-14.883420947776324,1.0,-0.5104331970214844,2.5705916950613528e-06,6.680485196142172e-07,0.0,0.0,0.0,1,0.021274934509676376,-4.5,9.0,6.021599459246323,0.021274934509676376,-1.7414170572519345,-0.9254282851550332,-4.054271754838661,-0.004652608115604229,0.0014670223329082176,0.00022222820455534582,0.05460751801447154,-0.06650348592833674,-0.26611882461250724,0.0,0.0,0.0,0.0,0.0,0.03989299551786307,-30.0,30.0,20.071998197487744,46.934919868803895,-2.7585829427480655,9.925428285155034,10.075871214084984,0.03989299551786307,-34.14258570251412,42.09418802790043,20.071998197487744,57.79726228181401,1.8700000000000014
0.0,0.0,0.0,0.0,0.0,0.0,0.0,0.0,0.0,0.0,0.0,0.0,0,0.0,-1.5707963267948966,nan,0.031020539846019258,-0.3181677186546048,-0.15884575386243455,0.1149771746980337,-1.5707982023639988,0.03391771550073639,-0.34476017520745905,1.6688642654355232,-0.14331280943720026,0.634094694761304,0.05333789575546789,-0.5918167514245343,0.2213234816600379,0.03093258370726803,0.002897175654717133,-0.02659245655285425,0.015532944425234285,0.004571783112317939,-0.0003677981289331449,0.0016761688222643907,0.004237497308754022,11.192802422624021,1.0913438074531465,-0.3777439814369684,0.006046723828608824,-1.5707984411774725,1.6679895497980146,-0.9695448997917588,0.8745415176188736,0.8234834617647546,0,zero,0,-0.006046723828609046,0.10893045086942488,1.4727348338727864,1.4660966894089347,1.2401646656515213,-0.3203468127273327,0.0852778858350662,1.4736098657622223,1.513129440578037,1.231466258829067,-0.3909429186249488,0.37064646999102,0.08877139139885465,-0.08175979942224011,0.06047831539070745,0.37775196489408247,2.2509260703431395,-7.810022787962945,-16.8049782444617,1.0,-0.6976199150085449,2.114382575690854e-06,2.388134738851022e-07,0.0,0.0,0.0,1,0.07447164120889532,-4.5,9.0,9.0,0.07447164120889532,-3.0995120100277336,3.6708600362260775,-1.0263129210739201,-0.0046580385516908785,0.0014670681647010854,0.0012758242192656985,0.04391968180819854,-0.06204973401351655,-0.3331638346850121,0.0,0.0,0.0,0.0,0.0,0.1396430549576136,-30.0,30.0,30.0,51.961711867323984,-1.4004879899722664,5.3291399637739225,10.02631292107392,0.1396430549576136,-42.429685200276126,68.5574442142469,70.73690784405329,107.25731198806444,1.8800000000000014
0.0,0.0,0.0,0.0,0.0,0.0,0.0,0.0,0.0,0.0,0.0,0.0,0,0.0,-1.5707963267948966,nan,0.028928889613151963,-0.3084121096328118,-0.15703391812554066,0.1155060501480003,-1.5707981759542906,0.032663013807945895,-0.3449828799823924,1.6651979353563124,-0.1435094490122503,1.0212796001260611,0.08369485400767998,-0.9978313796726368,-0.20084753119439247,0.03916983778700462,0.003734124194793933,-0.03657077034958062,0.01352446911329036,0.005729169033219647,0.0003122143578626205,-0.005524984739468424,0.0014833892390699079,8.895140041081795,0.8344090777840878,-0.3594687327919848,-0.09587398176199424,-1.5707981585940012,1.664325625254081,-0.9695943559510546,0.874541517504954,0.8252637976217214,0,zero,0,0.09587398176199446,0.21138003190999477,1.4764011662253311,1.466974791456619,1.2393559203321158,-0.3197485779610614,0.22788922489595625,1.4772738615029588,1.5247572223957093,1.1805121451916938,-0.5321899534711649,0.36261358383737635,0.08684748131595323,-0.07998784902239008,0.05916759085498078,0.3594769549040476,0.3286642344803756,-2.926917525833529,-11.532443263078223,1.0,-1.1168543100357056,1.8317991044014548e-06,-1.7360289206180823e-08,0.0,0.0,0.0,1,0.05854351032710977,-4.5,9.0,9.0,0.05854351032710977,-3.827764298305259,6.388042824010418,1.933114507247723,-0.004658276156670976,0.0014670681645099822,0.0012785824964020452,0.01711711553894804,-0.033087878218517976,-0.25667041778521166,0.0,0.0,0.0,0.0,0.0,0.10977594285975956,-30.0,30.0,30.0,51.961640185406296,-0.6722357016947411,2.6119571759895823,7.066885492752277,0.10977594285975956,-36.300520890776276,61.117497549182715,86.98728705550614,112.33822360911132,1.8900000000000015
0.0,0.0,0.0,0.0,0.0,0.0,0.0,0.0,0.0,0.0,0.0,0.0,0,0.0,-1.5707963267948966,nan,0.026951011644678904,-0.2985289648573854,-0.15314481925882886,0.11602331133698485,-1.5707981501128656,0.03143471108112223,-0.3451961001163716,1.6616121196552327,-0.14370173868727265,1.0915868259344685,0.07495752416493938,-1.0096364909405575,-0.4081388541734149,0.04782360133446431,0.004483699436443327,-0.04666713525898619,0.009443080571556212,0.01056228603983504,0.0007066091175082544,-0.010395833689416205,-0.0017289395143692664,3.185335887952902,0.2875734544257428,-0.3431087672406103,-0.15297083389232013,-1.570798136155456,1.6608354023351106,-0.633174733876894,0.8745415175043302,0.8252664353587992,0,zero,0,0.15297083389232036,0.2689941452293052,1.479986984178042,1.46783360996627,1.2385649354440489,-0.3191634807143968,0.2797402760227023,1.4807641802743825,1.5139858795359453,1.1898379174405886,-0.5907323738622388,0.3545442884187794,0.08491485106067355,-0.07820786721136871,0.05785092542628124,0.3431193574682503,-2.0134619506869957,3.577198825525231,-1.6345535687042712,1.0,-1.5891757011413574,1.8093605591573692e-06,-1.3957409450426894e-08,0.0,0.0,0.0,1,0.004225042106464762,-2.4213983688717535,7.373808348587632,9.0,0.004225042106464762,-3.5362392936890434,7.279812604421454,4.158652847151144,-0.0030419966326352232,0.0014670681645089357,0.0012785865830522382,-0.028980088826652452,0.020577198045540427,-0.08151037088437066,0.0,0.0,0.0,0.0,0.0,0.007922449102690347,-16.142655792478358,24.579361161958776,30.0,42.008694265945024,1.11484092481729,0.09399574416617806,4.841347152848856,0.007922449102690347,-16.142655792478358,24.579361161958776,66.39352878709026,72.61426208901268,1.9000000000000015
0.0,0.0,0.0,0.0,0.0,0.0,0.0,0.0,0.0,0.0,0.0,0.0,0,0.0,-1.5707963267948966,nan,0.02541325676307605,-0.29246928145995443,-0.15004486947243165,0.11652890877568378,-1.57079812484328,0.030233018756252224,-0.34540011657005326,1.6581071613618574,-0.1438896620393338,0.7082159532336324,0.03360625567328489,-0.6263699851112636,-0.32878731384583526,0.053505046394408444,0.0048197619931761755,-0.05293083511009883,0.006155207433097859,0.011599293348396957,0.0006938863518016819,-0.011086733472038542,-0.0033386327789874503,-4.291390723058619,-0.37293354723661953,-0.333265064946141,-0.1405549972283371,-1.5707983622848396,1.657474378507003,0.8878442366591348,-0.8754022982064795,0.8252664656727389,0,zero,0,0.1405549972283371,0.25708390600402087,1.4834919446992265,1.4686730627803524,1.237791786655658,-0.3185915769597561,0.22359379812969626,1.484125325726324,1.4837401836769195,1.2576055516333595,-0.5407945966868393,0.3464428068389414,0.08297451208415009,-0.0764207855510292,0.05652900818765403,0.3332705020992736,-3.463393638754698,8.394564198271649,9.238735485588858,1.0,-1.7989085912704468,2.035489942819879e-06,2.3744155974725345e-07,0.0,0.0,0.0,0,-0.045558901465485656,1.5262952907892502,-8.190867324851098,5.760301522957419,-0.045558901465485656,-1.849261165990952,2.9057866176152847,5.146633822720359,0.004265519506258108,-0.0014685121485159508,0.0012785866300176725,-0.05605249360695405,0.05762706285488231,0.14502500225942264,0.0,0.0,0.0,0.0,0.0,-0.0854282795152553,10.175301938595002,-27.302891082836993,19.20100507652473,34.89513612185091,3.375556456780202,-11.096653942466382,0.6136677002370599,-0.0854282795152553,10.175301938595002,-27.302891082836993,19.20100507652473,34.89513612185091,1.9100000000000015
0.0,0.0,0.0,0.0,0.0,0.0,0.0,0.0,0.0,0.0,0.0,0.0,0,0.0,-1.5707963267948966,nan,0.024581797518642663,-0.2942315791165714,-0.1486245923988287,0.11702279911403135,-1.5707981001487321,0.029058130086485764,-0.3455952082726569,1.6546833609474105,-0.14407320490957357,0.2268549467114865,-0.03434294253330736,0.15672059540133287,-0.16038199438427325,0.051758816460764995,0.004476332567843102,-0.0513636291560855,0.0045513874892551265,0.00714190950976104,0.00023322516970447713,-0.006335139223155692,-0.0032891470762290015,-10.160882423512323,-0.8489679016542224,-0.3330892558954228,-0.05871456709929879,-1.5707987108581591,1.6541517104443495,0.9695071769649961,-0.8745415146569737,-0.6312683195313643,0,zero,0,0.05871456709929879,0.17573736621333014,1.4869157473156025,1.4694930779342483,1.2370365402474484,-0.3180329157253088,0.1403776743072494,1.4874480002194839,1.4503735752393954,1.3477963876326045,-0.4021299369250929,0.3383134276760531,0.08102749151893081,-0.07462755004604467,0.055202538905602824,0.333079410502247,-3.0037558901485633,8.832216330996767,16.024748111971064,1.0,-1.6876933574676514,2.3840632623617353e-06,6.107094270291213e-07,0.0,0.0,0.0,1,-0.07876126015103696,3.9556676440917564,-9.0,-9.0,-0.07876126015103696,0.45654147378907656,-2.2822171648754983,3.169443556818762,0.004657857317813647,-0.0014670681597324146,-0.0009780249978394201,-0.05480036511897113,0.06664344911792768,0.29863949081412605,0.0,0.0,0.0,0.0,0.0,-0.147686593195269,26.371117627278377,-30.0,-30.0,49.954555910763155,3.49912617030268,-6.717782835124502,-12.169443556818763,-0.147686593195269,26.371117627278377,-69.08601067960117,-37.381032903406975,82.85937574462605,1.9200000000000015
0.0,0.0,0.0,0.0,0.0,0.0,0.0,0.0,0.0,0.0,0.0,0.0,0,0.0,-1.5707963267948966,nan,0.024252211705314736,-0.30250968656191407,-0.14786356098188647,0.11750494523565647,-1.5707980760320521,0.02791021994233698,-0.34578165175736786,1.6513409756700308,-0.1442523554349271,0.8187100979395485,-0.0818324330820859,0.8091663960631712,-0.09401819422957536,0.04357619535527484,0.003658008237022243,-0.04327196519545379,0.003611205546959373,0.003072436170327141,-0.0003893769557370662,0.0011689475911233066,-0.0028145712171274793,-10.979637109599059,-0.8802954454157393,-0.33745425332125867,0.052370072790906,-1.5707990427534726,1.6507977614977163,0.969607522019363,-0.8745415175025013,-0.8251089081787304,0,zero,0,-0.052370072790906,0.06513487244475069,1.4902581347670383,1.4702935938130728,1.2362992529676655,-0.3174875389881426,0.20211244308737195,1.4908017845370292,1.430644599384434,1.418666707001567,-0.23990395151202543,0.33016050498277555,0.07907483217897517,-0.07282912114390631,0.053872228030088364,0.3374336386362049,-1.1732694189288444,5.546549644699445,15.388149970387815,1.0,-1.2990221977233887,2.715958576260391e-06,9.667214202480068e-07,0.0,0.0,0.0,1,-0.1122404725551411,3.323275750578671,-9.0,-9.0,-0.1122404725551411,1.9639674093560777,-5.633605405567772,-0.04309676688191183,0.004658339411146109,-0.0014670681645058677,-0.001278342525945015,-0.029668450816827358,0.048631254266765525,0.3145034140121822,0.0,0.0,0.0,0.0,0.0,-0.21046404004339225,22.155171670524474,-30.0,-30.0,47.86330459613671,1.3593083412225933,-3.3663945944322284,-8.956903233118089,-0.21046404004339225,22.155171670524474,-78.49291616105258,-76.75614169892975,111.99794240446909,1.9300000000000015
0.0,0.0,0.0,0.0,0.0,0.0,0.0,0.0,0.0,0.0,0.0,0.0,0,0.0,-1.5707963267948966,nan,0.024027079050135156,-0.31301977897701805,-0.14823383015589528,0.11797531635233738,-1.5707980524957035,0.026789444617449865,-0.34595972081110354,1.6480802189200179,-0.14442710407992834,1.0372613499447687,-0.08956426697075345,1.0332023361368292,0.019552052900756456,0.03327403785202313,0.0027623655673147084,-0.032939941834085495,0.0038067260759669375,0.007896159844952618,-0.0008551662061236105,0.007653767694619618,-0.001742948976230633,-7.24350026504304,-0.5560276527722113,-0.3395872518431249,0.14304130685561955,-1.5707992296914188,1.647407033388224,0.8073952819940099,-0.8745415175039445,-0.8252660008977394,0,zero,0,-0.14304130685561933,-0.025065990503282176,1.493518893661306,1.4710745593084877,1.2355799718878644,-0.3169554815674275,0.28721471980883956,1.494192294280628,1.431941146996393,1.4436876387431938,-0.1229152361457137,0.3219884582862563,0.07711759255965812,-0.07102647373492713,0.05253879669453118,0.33956888877497776,0.981179647095741,0.3185317735846902,8.564521508646882,1.0,-0.9349355697631836,2.902896522272158e-06,1.177195715129642e-06,0.0,0.0,0.0,1,-0.13230778308214058,0.8693922077470961,-9.0,-9.0,-0.13230778308214058,1.9446607833302607,-7.403409648854756,-2.795078405841118,0.0038790141135177925,-0.0014670681645082887,-0.0012785859099410366,0.013907603977060277,0.015194588439648132,0.20458122752026708,0.0,0.0,0.0,0.0,0.0,-0.24809259906645523,5.795948051647308,-30.0,-30.0,42.821192927744384,-1.0752685755831646,-1.5965903511452444,-6.204921594158882,-0.24809259906645523,5.795948051647308,-56.9757340128977,-79.77122182829403,98.20049216802565,1.9400000000000015
0.0,0.0,0.0,0.0,0.0,0.0,0.0,0.0,0.0,0.0,0.0,0.0,0,0.0,-1.5707963267948966,nan,0.023616695543303767,-0.32194702664214037,-0.15132387384606952,0.11843388809845812,-1.5707980295417778,0.025695941639556227,-0.34612968613929357,1.6449012595651045,-0.1445974436685962,0.9256420376195318,-0.06831194710622476,0.8757282336932293,0.2919704101506382,0.02518668591967706,0.0020792460962524607,-0.024182659497153203,0.006726430177473319,0.010997162905540713,-0.001023711934390244,0.01092137047255707,0.0007831173906549492,-0.5492534436213812,-0.04027161533171045,-0.3361924944838688,0.17716568368066765,-1.5707991490732602,1.6440228577307974,-0.668789642457674,-0.3593344612612632,-0.8252664596931166,0,zero,0,-0.17716568368066765,-0.058731795582209756,1.496697855128816,1.471835933975515,1.2348787342584842,-0.31643677101758294,0.28209593612021094,1.4975763668086548,1.4524670580634125,1.4132218588964145,-0.09873072623919893,0.31380177258810543,0.07515684683776427,-0.06922059715223648,0.05120297671580764,0.33618583587378,2.6684240743463103,-5.230227798161307,-2.0110757083423905,1.0,-0.6522742509841919,2.822278363900921e-06,1.1195314826295544e-06,0.0,0.0,0.0,1,-0.1083822829612273,-2.0130699537300267,-4.946613162864548,-9.0,-0.1083822829612273,0.6317213606300728,-7.063979320699565,-4.759675418646977,-0.0032131033211649147,-0.0006027937358900271,-0.0012785866207534343,0.04174689912777382,-0.033466744424769164,0.013520498097566669,0.0,0.0,0.0,0.0,0.0,-0.20322948239495087,-13.420466358200178,-16.488710542881826,-30.0,36.76993058004107,-2.6447913143600994,2.1173661578350176,-4.240324581353023,-0.20322948239495087,-13.420466358200178,-16.488710542881826,-50.21658012279691,54.53194214485966,1.9500000000000015
0.0,0.0,0.0,0.0,0.0,0.0,0.0,0.0,0.0,0.0,0.0,0.0,0,0.0,-1.5707963267948966,nan,0.022812535381128887,-0.3257422538938796,-0.1565854860751778,0.1188806426254636,-1.5707980071719907,0.024629829586237946,-0.3462918150463022,1.641804221295697,-0.1447633694164224,0.6263708413653933,-0.026195189114340198,0.3633098344730634,0.5095686481282086,0.023777078543805584,0.0018172942051090588,-0.02054956115242257,0.011822116658755405,0.010481096852810868,-0.0008555949140866834,0.009685836413835303,0.003912278306231925,6.626242404502779,0.4641098798382823,-0.32470744872279367,0.1384319763519848,-1.5707987889200266,1.6407168694626384,-0.9674340206658321,0.8746100402281731,-0.5853145363982691,0,zero,0,-0.1384319763519848,-0.01955133372652096,1.4997948954773745,1.4725776881893526,1.2341955673644172,-0.3159314275214412,0.1688274441722418,1.5008824157255636,1.4839479303793528,1.3368325539831372,-0.18237286442715425,0.30560499836442,0.07319368487149369,-0.06741249517178556,0.04986551059425392,0.32471095895574537,3.2791295508469034,-8.754507742696122,-12.117853947619606,1.0,-0.5085655450820923,2.462125129998327e-06,7.817480360827744e-07,0.0,0.0,0.0,1,-0.04588920355026103,-4.5,9.0,0.49276959272473914,-0.04588920355026103,-1.3586635949363788,-2.126653776850015,-4.590545025527638,-0.004647897137560766,0.001467183113318893,-0.0009068287295349633,0.05529875657235543,-0.061686255315534955,-0.20658335481905463,0.0,0.0,0.0,0.0,0.0,-0.08604763463390405,-30.0,30.0,1.642565309082464,42.45827863903608,-3.141336405063621,11.126653776850015,5.083314618252378,-0.08604763463390405,-31.02515920742862,30.221835029353272,1.642565309082464,43.343110656455714,1.9600000000000015
0.0,0.0,0.0,0.0,0.0,0.0,0.0,0.0,0.0,0.0,0.0,0.0,0,0.0,-1.5707963267948966,nan,0.02152861370922909,-0.3219367021660354,-0.16028981457279987,0.1193155686963141,-1.5707979853876781,0.023591207905136927,-0.3464463711320828,1.6387891819701523,-0.14492487896245476,0.5319228525337242,0.024529999079877726,-0.39601078136248247,0.3542818951589699,0.029001024360395797,0.002062594195907836,-0.024509668966047393,0.015364935610345104,0.006268851893387179,-0.00040614445400711033,0.003810408422860727,0.004961283946187249,10.690335273228662,0.7149586547751154,-0.30677913313904265,0.04377874592307074,-1.5707983421601324,1.6375719470050902,-0.9695383760982764,0.8745415184242284,0.7908026735898076,0,zero,0,-0.04377874592307052,0.07553682277324336,1.502809936846913,1.4732998033021867,1.233530488380583,-0.31543946378341503,0.04738158820711485,1.504027442936967,1.5133683806088527,1.2491381706399751,-0.3353000263902214,0.29740275156576895,0.07122921220045841,-0.06560318601234404,0.048527151513663574,0.30678529179990693,2.558337777838009,-8.226487613734948,-16.382366135020092,1.0,-0.6200248599052429,2.0153652355858753e-06,3.5677245424636794e-07,0.0,0.0,0.0,1,0.011890733320938835,-4.5,9.0,9.0,0.011890733320938835,-2.886209614370915,2.914589136092044,-2.0490841188794366,-0.004658007209547006,0.001467068166052091,0.001225191822873747,0.04803245728916221,-0.06367719560499889,-0.3159274974019684,0.0,0.0,0.0,0.0,0.0,0.02229651850916714,-30.0,30.0,30.0,51.96152901074734,-1.613790385629085,6.085410863907956,11.049084118879437,0.02229651850916714,-41.719077594267375,63.13532441636736,55.4200777821751,93.7973141566086,1.9700000000000015
0.0,0.0,0.0,0.0,0.0,0.0,0.0,0.0,0.0,0.0,0.0,0.0,0,0.0,-1.5707963267948966,nan,0.01996519642762295,-0.31240066119701704,-0.1597939349362693,0.11973866177993853,-1.570797964189797,0.02258015673822161,-0.34659361400562966,1.6358561729600156,-0.1450819724014958,0.9720980821798019,0.055236611469082486,-0.9683283842565227,-0.06529730755716057,0.037315383969920436,0.002614960310598661,-0.03419295280861262,0.014711962534773498,0.004848194097623629,9.730888178203709e-05,-0.003908332987496325,0.002867132757408868,9.903802260072927,0.6329980770324811,-0.28742685980875726,-0.06229783517606946,-1.5707980252643836,1.6346218629624505,-0.9695965509427823,0.8745415175059829,0.8252285750911078,0,zero,0,0.06229783517606968,0.182036496956008,1.5057429478642486,1.474002271800007,1.2328835042274997,-0.31496088492266094,0.18415614899942134,1.5069775951204407,1.5291161251556284,1.1895278154483904,-0.48523921671867637,0.289199713617199,0.0692645500456838,-0.06379370233550137,0.04718866334128849,0.2874338979739561,0.8036556433028244,-4.0479560663147085,-13.1683108571363,1.0,-1.0006228685379028,1.698469486832721e-06,6.107458672133248e-08,0.0,0.0,0.0,1,0.01906479138094482,-4.5,9.0,9.0,0.01906479138094482,-3.7259104393838487,5.993545868748426,1.0301815952190194,-0.004658286702191963,0.001467068164511708,0.0012785279260801054,0.023938654529070538,-0.0398659842083537,-0.2811365359893898,0.0,0.0,0.0,0.0,0.0,0.03574871813415492,-30.0,30.0,30.0,51.961536524345085,-0.7740895606161513,3.006454131251574,7.96981840478098,0.03574871813415492,-38.663576983708836,63.385540980878154,82.80582197663429,111.21782420911975,1.9800000000000015
0.0,0.0,0.0,0.0,0.0,0.0,0.0,0.0,0.0,0.0,0.0,0.0,0,0.0,-1.5707963267948966,nan,0.018411420508375038,-0.3011586555271298,-0.15627378272931985,0.12014992414568804,-1.5707979435789166,0.021596736749764832,-0.34673379901574675,1.6330051784952937,-0.145234652316412,1.1973690590589623,0.05703559307911332,-1.1382190680004345,-0.36728321218656435,0.04700108875163291,0.003185316241389794,-0.045575143488616965,0.011039130412907855,0.010199472110676825,0.00044432347446279885,-0.010175672694380605,-0.0005361839267943608,5.231095591941057,0.3198198707202383,-0.2694761683015028,-0.13597764605769425,-1.5707979548893236,1.6318593446506848,-0.9038148963623697,0.8745415175042652,0.8252662057418698,0,zero,0,0.13597764605769402,0.2561275702033825,1.508593944297814,1.4746850974594201,1.2322546114268547,-0.3144956883662466,0.2624034426161167,1.5097402001996527,1.5233429709965107,1.186048093081891,-0.5681719028592144,0.28100063141822784,0.0673008353096069,-0.06198509124566533,0.04585082062783778,0.2694869438276839,-1.5345203035841055,2.288835038150889,-4.486548226406288,1.0,-1.5272676944732666,1.628094427275073e-06,1.1310406833331399e-08,0.0,0.0,0.0,1,-0.008853432012659453,-3.203027218886293,9.0,9.0,-0.008853432012659453,-3.724680032906064,7.564135458921347,3.504753804528418,-0.0043422482360050045,0.0014670681645088267,0.0012785862273063692,-0.021310609318478446,0.011732776442688171,-0.13257237686498932,0.0,0.0,0.0,0.0,0.0,-0.016601222600148985,-21.35351479257529,30.0,30.0,47.49708274828385,0.5216528140197707,1.4358645410786526,5.495246195471582,-0.016601222600148985,-21.35351479257529,32.76487974682684,72.82252625358488,82.6597274637136,1.9900000000000015
0.0,0.0,0.0,0.0,0.0,0.0,0.0,0.0,0.0,0.0,0.0,0.0,0,0.0,-1.5707963267948966,nan,0.017110855019801474,-0.2924262998746612,-0.15269037937686677,0.12054936495779378,-1.570797923555219,0.02064098895766272,-0.34686717699963576,1.6302361350097003,-0.145382923810568,0.9625254766262432,0.03448176964714507,-0.886573363635762,-0.3731674846609079,0.05504243685202583,0.003530133937861245,-0.054440877124974585,0.007307455566298776,0.01299685401453988,0.0005251646339722608,-0.01267184320666044,-0.002840212338593681,-2.020201757002247,-0.11824447136634322,-0.2572177699050507,-0.14640959998107816,-1.5707981495899852,1.629246834247989,0.6821699158037047,-0.8745683145921783,0.8252664599000056,0,zero,0,0.1464095999810784,0.2669589649388717,1.5113629897124161,1.4753482955044652,1.2316437959570772,-0.31404386374231436,0.23466763826814646,1.512352848503781,1.4962438584965818,1.2443176757585026,-0.5474333854607161,0.27281031734285843,0.06533922057607988,-0.06017841429006508,0.044514408607480106,0.2572270022214336,-3.302514723357301,7.793281253879868,6.514425923653284,1.0,-1.950184941291809,1.8227950886462452e-06,2.2603476601545935e-07,0.0,0.0,0.0,1,-0.03536591667753898,0.6959098917692359,-5.183435919879286,9.0,-0.03536591667753898,-2.3262602438393523,4.2068696343663845,5.203201525620243,0.0032773869134888585,-0.001467113117382752,0.0012785866210739678,-0.05222693548275639,0.052176141140737736,0.08983825281966235,0.0,0.0,0.0,0.0,0.0,-0.06631523847279014,4.639399278461573,-17.278119732930953,30.0,34.929383688827684,3.0221701356085884,-9.390305554245671,3.7967984743797567,-0.06631523847279014,4.639399278461573,-17.278119732930953,32.73181328692408,37.301922818152434,2.0000000000000013
0.0,0.0,0.0,0.0,0.0,0.0,0.0,0.0,0.0,0.0,0.0,0.0,0,0.0,-1.5707963267948966,nan,0.016286256294017278,-0.29105876918427864,-0.15083181739386675,0.12093700036981536,-1.570797904118496,0.01971293456775301,-0.3469939940497506,1.6275489304859194,-0.14552679454038916,0.25007029038543827,-0.010345566412551382,-0.14943477404973926,-0.20024327128211894,0.056290627747596904,0.003426678273735731,-0.05593522486547198,0.005305022853477587,0.009967014787510681,0.00028064260863515204,-0.009427441828611882,-0.0032227261858268543,-8.831022393816333,-0.49421008878275907,-0.25514018816476647,-0.082601178356704,-1.5707985050938145,1.626696617912676,0.9691930576244254,-0.8745415152384779,-0.25651708122828054,0,zero,0,0.082601178356704,0.20353817872651936,1.514050196123971,1.4759918927634257,1.2310510331089102,-0.3136053927732481,0.15479577281414098,1.5149031297543674,1.461747264147604,1.3352831002733112,-0.4271561326016719,0.2646336492395608,0.06338087411036566,-0.058374747458747246,0.043180223197840685,0.2551360371698895,-3.2856419520397675,9.34888676481578,14.908085228505088,1.0,-1.9636939764022827,2.1782989181318158e-06,6.009753183988664e-07,0.0,0.0,0.0,1,-0.049686499358187544,3.6858763734628877,-9.0,-7.000774273058488,-0.049686499358187544,-0.02333265359874047,-1.0486998615033605,3.901968199395094,0.0046563481767738415,-0.0014670681607079042,-0.00039742231639362124,-0.05792388777572502,0.06872091035840618,0.26984918527166385,0.0,0.0,0.0,0.0,0.0,-0.09316800929718272,24.57250915641925,-30.0,-23.335914243528293,45.259051913419164,3.709209027061628,-7.95130013849664,-10.902742472453582,-0.09316800929718272,24.57250915641925,-63.74903031246408,-23.335914243528293,72.19640327523966,2.010000000000001
0.0,0.0,0.0,0.0,0.0,0.0,0.0,0.0,0.0,0.0,0.0,0.0,0,0.0,-1.5707963267948966,nan,0.01585344973363902,-0.2970235779947074,-0.14995406577857126,0.12131285361909572,-1.5707978852681428,0.018812574810793323,-0.34711449129934185,1.624943403800865,-0.14566627474805563,0.595057511450946,-0.046755319658142724,0.5844311560837534,-0.10172318229619559,0.05036110770064552,0.0029591250771543037,-0.050090913304634443,0.004287791030515631,0.003696369745054873,-0.00012438690835017176,-0.0023845331670161105,-0.002821644691414607,-11.055671453191211,-0.5901545204855665,-0.2598425160703353,0.023469195812148236,-1.5707988778352466,1.6241227806674559,0.9696058026124791,-0.8745415175040957,-0.8241844897324881,0,zero,0,-0.023469195812148236,0.0978436578069477,1.5166557246542491,1.476615927825645,1.2304762873409831,-0.3131802491688386,0.1963456532197567,1.5174768577071698,1.4375726731438714,1.416515560062653,-0.2640278886166871,0.25647557043128794,0.06142697985914174,-0.05657518118457937,0.04184907100000395,0.25982507036571245,-1.689350616021832,6.867387192212157,16.249448224561032,1.0,-1.6470293998718262,2.5510403500739187e-06,9.925671040633688e-07,0.0,0.0,0.0,1,-0.08127553845138212,3.7243175375082647,-9.0,-9.0,-0.08127553845138212,1.7685276319717163,-4.894545336675786,0.8156507512079525,0.004658331150503871,-0.0014670681645085424,-0.0012769103229959427,-0.03719351500606173,0.056653956408706505,0.3239033077890958,0.0,0.0,0.0,0.0,0.0,-0.15240115966882078,24.828783583388432,-30.0,-30.0,49.157824609559434,1.9557899055365484,-4.105454663324214,-9.815650751207952,-0.15240115966882078,24.828783583388432,-81.83603823493118,-70.11605665898514,110.5888343176622,2.020000000000001
0.0,0.0,0.0,0.0,0.0,0.0,0.0,0.0,0.0,0.0,0.0,0.0,0,0.0,-1.5707963267948966,nan,0.015547657685960099,-0.3063811429673671,-0.15001526881392438,0.12167695512121379,-1.570797867003159,0.017939890781764254,-0.34722890472707424,1.6224193440709251,-0.1458013772943399,0.9260814118571188,-0.056689198135014864,0.924315154492733,-0.007389951093114688,0.04113416222194488,0.002392233095804155,-0.04084776175970711,0.004213891519584484,0.004975733578455117,-0.0004600383790043915,0.0045643339147125525,-0.0019269523213129988,-8.409358642544591,-0.4267782500203026,-0.26368291676124933,0.12165399736259497,-1.5707991395441707,1.6215009957936857,0.9642297512474656,-0.8745415175040638,-0.8252646441158724,0,zero,0,-0.12165399736259497,2.2957758618602497e-05,1.5191797861856295,1.4772204511983413,1.2299195121353808,-0.3127683985194473,0.29562538524019033,1.5200984330720544,1.4335829332100354,1.4573417887823645,-0.12900659727982064,0.24834108971546473,0.05947873745049754,-0.05478082034324747,0.04052176929851169,0.26366395457197694,0.468736394451546,2.0253376106911887,10.914255363394531,1.0,-1.2764692306518555,2.8127492743834637e-06,1.272541011676509e-06,0.0,0.0,0.0,1,-0.12461617116651083,1.544054059271769,-9.0,-9.0,-0.12461617116651083,2.109081162247832,-7.026988291290429,-2.1121339087127913,0.004632502687562668,-0.0014670681645084888,-0.0012785838078767614,0.005876303557912315,0.026341768244559742,0.2446386688773343,0.0,0.0,0.0,0.0,0.0,-0.23366992530753952,10.29369372847846,-30.0,-30.0,43.65792862939915,-0.5650271029760627,-1.9730117087095707,-6.887866091287209,-0.23366992530753952,10.29369372847846,-67.49564747324672,-83.06337973575398,107.52303108250145,2.0300000000000007
0.0,0.0,0.0,0.0,0.0,0.0,0.0,0.0,0.0,0.0,0.0,0.0,0,0.0,-1.5707963267948966,nan,0.015163430517679528,-0.31522705429118425,-0.1525949835203545,0.12202934256443565,-1.5707978493221424,0.017094843281195888,-0.3473374649810527,1.6199764899972324,-0.14593211769158398,0.9085765474813525,-0.04608203322877952,0.8737351069838639,0.24489743091860305,0.032851219322687114,0.00193141276351636,-0.032110410689868474,0.0066628658287705145,0.008880107765197362,-0.0006128211856991335,0.008852122767661529,0.00034739980156180995,-2.3819554526209097,-0.11457354618314292,-0.2628512712017089,0.17169060134207204,-1.5707991595515398,1.6188642549166377,-0.3229656941106577,-0.8745415175040628,-0.8252664432887239,0,zero,0,-0.17169060134207204,-0.049661258777636164,1.5216226420158325,1.47780552546342,1.2293806498532183,-0.31236979818917404,0.31986830889301426,1.522735036027576,1.4500208879317389,1.4435014626482825,-0.07637236375639557,0.24023528136399344,0.05753736219393569,-0.05299278425325728,0.03919914606136393,0.2628421842030079,2.359859898398442,-3.7070783230984823,1.037491058316406,1.0,-0.9584888815879822,2.8327566434782625e-06,1.3102293974220913e-06,0.0,0.0,0.0,1,-0.13646882747718178,-1.3074189432246754,-9.0,-9.0,-0.13646882747718178,1.0562068790408592,-8.060264910057809,-4.289355415457563,-0.0015516420687315905,-0.001467068164508487,-0.001278586595338083,0.0361281874591438,-0.022516243046640468,0.07038302975400572,0.0,0.0,0.0,0.0,0.0,-0.25589504496002585,-8.716126288164503,-30.0,-30.0,43.31323515676551,-2.3636258222655346,-0.9397350899421912,-4.710644584542437,-0.25589504496002585,-8.716126288164503,-31.198386806330426,-61.61945171098962,69.61560534984712,2.0400000000000005
0.0,0.0,0.0,0.0,0.0,0.0,0.0,0.0,0.0,0.0,0.0,0.0,0,0.0,-1.5707963267948966,nan,0.014583583073726342,-0.3204624714952831,-0.15800218928539042,0.12237006100416847,-1.5707978322232858,0.016277372658202137,-0.347440397222563,1.6176145292109174,-0.14605851413682863,0.7367890725194691,-0.023762317904056467,0.5132484962588613,0.5280809319791274,0.02955213656840195,0.0016937895844757953,-0.02697792572727986,0.011943675148561789,0.010047983244310303,-0.0005659612246482421,0.009306600226177249,0.0037455102990450895,4.991984956620573,0.22722409779982963,-0.25436800124322406,0.151340488209047,-1.5707988700503064,1.6162749294856844,-0.9629201443384651,0.8745855096626838,-0.8252664644443939,0,zero,0,-0.15134048820904678,-0.028970427204878746,1.5239846045126688,1.4783712254342873,1.2288596315902116,-0.31198439720902127,0.2318885854018485,1.5253243916278054,1.480718532893399,1.3764101554475219,-0.13311613823811771,0.23216328512325782,0.05560408508037304,-0.05121220667593512,0.03788203994001967,0.25437029152257856,3.378150891006777,-8.35948898575747,-9.978491659115187,1.0,-0.6919696927070618,2.5432554098259175e-06,1.0378270207667128e-06,0.0,0.0,0.0,0,-0.1046881529235664,-4.0834608237576395,4.790249934486589,-4.311199003625999,-0.1046881529235664,-0.8756571473849243,-4.549192927009162,-5.009986491651014,-0.004626210870163603,0.0014671419626005263,-0.0012785866281145957,0.055328984240934576,-0.05694714180948243,-0.15865880068932597,0.0,0.0,0.0,0.0,0.0,-0.19630255564141458,-27.223072158384262,15.967499781621962,-14.370663345419999,34.67868519274402,-3.2078036763727154,9.339442861495751,0.6987874880250144,-0.19630255564141458,-27.223072158384262,15.967499781621962,-14.370663345419999,34.67868519274402,2.0500000000000003
0.0,0.0,0.0,0.0,0.0,0.0,0.0,0.0,0.0,0.0,0.0,0.0,0,0.0,-1.5707963267948966,nan,0.013733317017098925,-0.31900764938584925,-0.16301915976279363,0.12269916295740835,-1.5707978157043774,0.015487398654935466,-0.3475379209897818,1.6153330976183522,-0.14618058754509605,0.5135506807501403,0.006029205336074636,-0.15523458766527054,0.48948970691357896,0.033175152064715135,0.0017540816378365416,-0.028530271603932567,0.01683857221769758,0.007733449841583874,-0.00033651718479706626,0.005160369648911867,0.005750094583849827,10.292750289950629,0.44317868666654714,-0.2376585145130618,0.06600021267875356,-1.5707984054952295,1.6138225453948312,-0.9694696916204737,0.874541509138856,0.6794630056002756,0,zero,0,-0.06600021267875356,0.05669895027865479,1.5262660377687933,1.478917638312669,1.2283563770322485,-0.31161213617005856,0.07249489303035524,1.5277768846482362,1.514078244373723,1.2826284712910248,-0.2788783856459374,0.22413030621410368,0.053680152782136004,-0.049440235815423644,0.03657130026939366,0.23766411536992504,3.1430009093832765,-9.48973729687745,-16.649023236847725,1.0,-0.7766821384429932,2.078700332752703e-06,5.89790852156824e-07,0.0,0.0,0.0,1,-0.05036043735570101,-4.5,9.0,9.0,-0.05036043735570101,-2.55296994095315,0.8214459163418605,-2.8955093794268465,-0.004657677224885567,0.0014670681504756157,0.0010526931005780634,0.05556462608367313,-0.07009056293713822,-0.31174860630008683,0.0,0.0,0.0,0.0,0.0,-0.09443172202456593,-30.0,30.0,30.0,51.961610034237054,-1.94703005904685,8.17855408365814,11.895509379426846,-0.09443172202456593,-41.367876363187904,57.591094756612115,42.87509060077525,82.86324698827512,2.06
0.0,0.0,0.0,0.0,0.0,0.0,0.0,0.0,0.0,0.0,0.0,0.0,0,0.0,-1.5707963267948966,nan,0.01271442941137217,-0.31172004719516994,-0.1640491989725178,0.12301670849719493,-1.5707977997627915,0.01472482025220356,-0.347630250081675,1.6131317787464294,-0.14629836158282486,0.7440517985131636,0.025630920299484806,-0.7379931282572472,0.09122651719953578,0.04010831049443712,0.0020103908408313897,-0.03591020288650504,0.017750837389692936,0.004673604655721409,-5.337751590751231e-05,-0.0014770934730731003,0.004433725994080061,10.631229703416047,0.43369449545843236,-0.217524640821016,-0.04303744876691162,-1.5707980012191887,1.6115649812032429,-0.9695913626545773,0.8745415175041807,0.8251381559850849,0,zero,0,0.04303744876691162,0.16605415726410655,1.5284673582564334,1.479444863845418,1.227870794310962,-0.31125294711659,0.1475037913459012,1.530034507377182,1.5380927696147744,1.2023675934466393,-0.444162398998656,0.2161416153318671,0.05176682765296732,-0.04767803431868805,0.035267787067861,0.2175286860203433,1.7700874548316636,-6.563966165858455,-15.433950822252129,1.0,-1.0983946323394775,1.6744242921085117e-06,2.0145639734181486e-07,0.0,0.0,0.0,1,-0.015685324781049594,-4.5,9.0,9.0,-0.015685324781049594,-3.5536621704697406,4.770302907299755,0.28752432220153734,-0.004658261775810027,0.0014670681645086849,0.0012783878396172867,0.03777142980230026,-0.0554165893738476,-0.3180588324249516,0.0,0.0,0.0,0.0,0.0,-0.029411822203355698,-30.0,30.0,30.0,51.96153255106402,-0.9463378295302594,4.229697092700245,8.712475677798462,-0.029411822203355698,-44.291254860040794,71.7775902769042,81.94449467856111,117.59523288048813,2.07
0.0,0.0,0.0,0.0,0.0,0.0,0.0,0.0,0.0,0.0,0.0,0.0,0,0.0,-1.5707963267948966,nan,0.01170448799712649,-0.3022352459186798,-0.1613017780242745,0.12332276534705966,-1.5707977843954921,0.013989515515967183,-0.34771759246225314,1.6110101030877981,-0.14641186270147255,0.9994310109721684,0.02746366780093032,-0.9572143657068322,-0.28609220668909807,0.04791215687267451,0.002285027518840693,-0.04548234654357336,0.014889915322801955,0.007428724817882591,0.0001472455007519532,-0.0073531438820430145,0.0010466834441732707,6.697123967391199,0.25938850766902266,-0.1983126518817962,-0.12862724843802997,-1.5707978117813908,1.609507084897857,-0.9696030856947009,0.8745415175040663,0.8252659957829604,0,zero,0,0.12862724843802997,0.2519500137850894,1.5305890354821448,1.4799530144813333,1.227402779859301,-0.3109067534393186,0.26071863720343263,1.5320924405970502,1.5429810345134487,1.1699531836196522,-0.5572783429966541,0.20820254864636029,0.049865387728022646,-0.04592677927551294,0.033972371037254874,0.1983188648612644,-0.4512661325993295,-0.746237899230235,-7.899649291089678,1.0,-1.5732965469360352,1.4849864942156898e-06,2.7385898881959747e-08,0.0,0.0,0.0,1,-0.012077322017681481,-4.5,9.0,9.0,-0.012077322017681481,-4.04677028684688,6.959754517990329,2.9680922306378674,-0.004658318097464496,0.001467068164508493,0.0012785859020167016,0.005879756335719049,-0.019347522448522583,-0.19442197837974828,0.0,0.0,0.0,0.0,0.0,-0.0226463941827892,-30.0,30.0,30.0,51.96152916205574,-0.45322971315312,2.040245482009671,6.031907769362133,-0.0226463941827892,-32.24703100751269,52.235909118921725,82.51707811510936,102.84711908358913,2.0799999999999996
0.0,0.0,0.0,0.0,0.0,0.0,0.0,0.0,0.0,0.0,0.0,0.0,0,0.0,-1.5707963267948966,nan,0.01084320866005232,-0.294364654747057,-0.15757175581863192,0.12361740897547513,-1.5707977695990256,0.013281341444495161,-0.34780015018530913,1.6089675474461298,-0.14652112017127406,0.8832671565815393,0.015310526560214852,-0.7953148894678796,-0.38392796754440905,0.05462062991596397,0.0024381327844428414,-0.053435495438252156,0.011050635647357865,0.010356242200836719,0.0001998800798707562,-0.010186166860414785,-0.0018584415965668191,-0.07938781863034583,-0.0029428843130832466,-0.18317594468758489,-0.15672670794860566,-1.5707978921687353,1.6076194667359935,-0.06707765603148191,-0.19921453626397884,0.8252664577357574,0,zero,0,0.15672670794860544,0.28034411692408057,1.5326315926415552,1.4804422155279722,1.2269522182671027,-0.3105734697685113,0.2666876026716989,1.5339801518407792,1.524534887220065,1.2014309384486765,-0.5723461944484272,0.200318507801856,0.04797712672386684,-0.044187662218498916,0.03268593356286398,0.1831844767182773,-2.6880317339692197,5.605209161344275,2.9966198205827013,1.0,-1.9570542573928833,1.5653738385523752e-06,1.2256970993718141e-07,0.0,0.0,0.0,1,-0.01594046037721867,-1.2140062786487273,2.2588627877353753,9.0,-0.01594046037721867,-3.275517438286784,6.0718647724443455,4.85286486285926,-0.00032226491812685704,-0.00033418802676666193,0.0012785866177208946,-0.04042056793240069,0.035289691304692214,0.0212830615458162,0.0,0.0,0.0,0.0,0.0,-0.029890231346744178,-8.093375190991516,7.529542625784584,30.0,31.97182552751084,2.061511159638057,-3.8130019847089702,4.14713513714074,-0.029890231346744178,-8.093375190991516,7.529542625784584,49.47431950708983,50.69423949771022,2.0899999999999994
0.0,0.0,0.0,0.0,0.0,0.0,0.0,0.0,0.0,0.0,0.0,0.0,0,0.0,-1.5707963267948966,nan,0.010236130309160511,-0.29206248967062337,-0.15503524844538397,0.12390072269030927,-1.5707977553695158,0.012600133815943612,-0.34787811933971896,1.607003534281373,-0.1466261661151687,0.35564502012464816,-0.007412927765973985,-0.23801342308434337,-0.26415533171426087,0.0564950059171078,0.0023640035067831015,-0.05581562966909559,0.008409082330215256,0.008883158940870526,8.368575414292867e-05,-0.008362733001451399,-0.002994696346836719,-7.320221754016031,-0.2566183823206154,-0.17707048258438643,-0.11124410139966479,-1.5707981890603517,1.6058332950112044,0.9623031978583882,-0.8745201671953695,0.46981699117207487,0,zero,0,0.11124410139966479,0.23514482408997406,1.534595607274107,1.4809126053084645,1.2265189821366635,-0.31025300186716503,0.17891063527806692,1.535766417418981,1.4907942093260373,1.2819743756760689,-0.4800608280962164,0.19249495991712198,0.046103354038482224,-0.04246188912307016,0.031409366713438136,0.17707153932791544,-3.567228233274321,9.083272453054315,12.840762657094452,1.0,-1.9923359155654907,1.8622654551769813e-06,4.3369083613242765e-07,0.0,0.0,0.0,1,-0.008953755721252166,2.529571441840617,-9.0,-1.3666910791584994,-0.008953755721252166,-1.210094011975094,1.173882281417402,4.527603593646666,0.004623246839834378,-0.0014670323487609674,0.0007278882015132737,-0.05959416475252573,0.06437423599805826,0.22195918659613406,0.0,0.0,0.0,0.0,0.0,-0.016789341311179762,16.86380961227078,-30.0,-4.5556369305283315,34.715157847310614,3.7396654538157112,-10.173882281417402,-5.894294672805166,-0.016789341311179762,16.86380961227078,-44.22130826867332,-4.5556369305283315,47.54646453056975,2.099999999999999
0.0,0.0,0.0,0.0,0.0,0.0,0.0,0.0,0.0,0.0,0.0,0.0,0,0.0,-1.5707963267948966,nan,0.009881715500205227,-0.29709569166509614,-0.15341258451929377,0.1241727977332685,-1.570797741702666,0.011945707036153323,-0.34795169001533416,1.6051174310550091,-0.14672703554289518,0.5259136547319887,-0.030001197083500547,0.49596313188575714,-0.17235333538166697,0.05133506788128075,0.002063991535948096,-0.05085599835023802,0.0066855489763985865,0.0038741276355927093,-0.00014396268068639926,-0.00226472615462954,-0.00313992915970562,-11.239903073684316,-0.3739214085991294,-0.18084997950553364,-0.010526466919268618,-1.570798560268942,1.6040480910600785,0.9695956342476568,-0.8745415176118492,-0.8027325261140406,0,zero,0,0.010526466919268618,0.13469926465253712,1.5364817119177996,1.4813643353183266,1.2261029319383132,-0.3099452465241723,0.14621081728869367,1.5375515782698583,1.4597358904477866,1.3701814757863446,-0.32219441193775866,0.18473743758539232,0.044245394751261664,-0.04075068040746811,0.030143573241183646,0.18083729143919688,-2.5874009344444,8.102636685784724,16.761356829930687,1.0,-1.6670751571655273,2.233474045709727e-06,8.185662760951118e-07,0.0,0.0,0.0,1,-0.020769499670402567,3.9758472842072434,-9.0,-9.0,-0.020769499670402567,0.991885555579553,-3.4894256267465638,1.9001468196780587,0.004658282298062525,-0.0014670681646893019,-0.0012436747621061472,-0.04964722558205846,0.06334876466376321,0.3239712634413255,0.0,0.0,0.0,0.0,0.0,-0.038945245959877306,26.505648561381623,-30.0,-30.0,50.02550272002926,2.9839617286276905,-5.510574373253436,-10.900146819678058,-0.038945245959877306,26.505648561381623,-76.49220474817342,-57.62008613422565,99.36640597175547,2.109999999999999
0.0,0.0,0.0,0.0,0.0,0.0,0.0,0.0,0.0,0.0,0.0,0.0,0,0.0,-1.5707963267948966,nan,0.009638218681785963,-0.3067737636828465,-0.15217165401432012,0.12443373337435037,-1.570797728593751,0.01131785398647138,-0.34802104628944797,1.6033085495753052,-0.1468237663852524,0.9708989949251263,-0.03843562312626798,0.9608715743636531,-0.13376613473308763,0.041626426693612925,0.0016796353046854163,-0.04124728260660149,0.00534788762906771,0.005734881434382965,-0.0003515903341931685,0.004887343033745092,-0.0029797864644695044,-10.145778771549892,-0.31880869856488864,-0.1869796099875548,0.09913621406378481,-1.5707988676303626,1.6022062946034465,0.9696092265474178,-0.8745415175047102,-0.8252412283672189,0,zero,0,-0.09913621406378503,0.025297519310565342,1.5382905947639416,1.481797570382277,1.2257039158659828,-0.3096500914474858,0.24939403851347175,1.5393931917616333,1.4455233397091545,1.4282233208475077,-0.1687024361958927,0.1770515388743745,0.04240458962301036,-0.039055270932753045,0.028889466581764417,0.18696055587578514,-0.5792803034449081,3.9782072665341204,13.549713471589625,1.0,-1.2489066123962402,2.5408354660250154e-06,1.1390366116970085e-06,0.0,0.0,0.0,1,-0.07388182470143793,2.639179951095514,-9.0,-9.0,-0.07388182470143793,2.0656533505814347,-6.291108900936026,-1.1720844618586173,0.004658347600305161,-0.0014670681645095733,-0.0012785475298206358,-0.02069830153744122,0.03888026418731888,0.28796893209820595,0.0,0.0,0.0,0.0,0.0,-0.1385370798826888,17.594533007303426,-30.0,-30.0,45.93023823438751,0.5735266005140791,-2.7088910990639743,-7.827915538141383,-0.1385370798826888,17.594533007303426,-74.53861775189475,-83.33005401719006,113.17901847576911,2.1199999999999988
0.0,0.0,0.0,0.0,0.0,0.0,0.0,0.0,0.0,0.0,0.0,0.0,0,0.0,-1.5707963267948966,nan,0.009363144923522101,-0.3170582814638967,-0.1527452473075957,0.12468363700629315,-1.5707977160376168,0.010716345871427545,-0.3480863662337639,1.6015761453425719,-0.1469163995285309,1.0235716217318978,-0.03264343567799723,1.0219197836734306,0.04809601499971006,0.03159982062801915,0.001353200947905444,-0.03102808476986718,0.005828847779064811,0.010199827849697893,-0.00045121785781055486,0.010053234198185462,-0.0016629409985624653,-5.116871562689613,-0.1511178820943689,-0.18929202725224323,0.1729483949157229,-1.5707989792348758,1.6003209534126703,0.4469340799486037,-0.874541517504152,-0.82526627632435,0,zero,0,-0.1729483949157231,-0.04826475790942997,1.540023000311888,1.4822124888110482,1.2253217696927803,-0.30936741515728433,0.31162632797051426,1.5412783542477844,1.4523302703696361,1.435273702441395,-0.08103294266786147,0.16944292732626012,0.040582295095948295,-0.03737691000280639,0.02764797085430372,0.1892784700382664,1.4798000321921987,-1.578180945071691,5.0207217061180325,1.0,-0.9014953970909119,2.652439979211607e-06,1.26319725879398e-06,0.0,0.0,0.0,1,-0.12283312079146456,0.010199776033061613,-9.0,-9.0,-0.12283312079146456,1.6229264929989247,-7.710966241620098,-3.6185667157297154,0.0021472302880580683,-0.0014670681645086367,-0.0012785863366599165,0.02199005628558777,-0.00823619717400057,0.14223571795660014,0.0,0.0,0.0,0.0,0.0,-0.2303264968900517,0.06799850688707743,-30.0,-30.0,42.42708656144219,-1.612726716965863,-1.2890337583799019,-5.381433284270285,-0.2303264968900517,0.06799850688707743,-45.306080394590786,-73.16699831765777,86.05874875705182,2.1299999999999986
0.0,0.0,0.0,0.0,0.0,0.0,0.0,0.0,0.0,0.0,0.0,0.0,0,0.0,-1.5707963267948966,nan,0.008974330161428998,-0.32448452165288144,-0.15649947731015887,0.12492262423901956,-1.5707977040286738,0.010140932066105586,-0.3481478219417459,1.5999194168944229,-0.14700497884911368,0.8228721928516924,-0.018659904322885536,0.7364784481002695,0.36656506819803814,0.025523680016638642,0.0011666019046765886,-0.023663300288864486,0.009494498461045192,0.011675584384959588,-0.0004244600227601002,0.011591496858982156,0.0013327809225816,2.309775729672768,0.06391676524919042,-0.18461318842906,0.18094771170853674,-1.570798793425925,1.5984484654344524,-0.8830311934542461,0.7227855178214857,-0.825266462495678,0,zero,0,-0.18094771170853674,-0.056025087469516954,1.5416797300237892,1.4826092825582027,1.2249563166265602,-0.3090970868791385,0.26662046211032386,1.5431508076580727,1.4763059926769397,1.3869221377864154,-0.0974094678287955,0.16191733195771793,0.03877988329370868,-0.03571686136432926,0.026420020861383058,0.18461083313219778,2.8795383516282547,-6.822284737681861,-6.253406270063043,1.0,-0.6455204486846924,2.466631028319455e-06,1.0893972515191308e-06,0.0,0.0,0.0,1,-0.1314060750192859,-2.8335153235573576,-0.3018977117039872,-9.0,-0.1314060750192859,0.05109074437220351,-5.865643036820224,-5.283734614317547,-0.004242395934772001,0.001212493176984885,-0.0012785866250954472,0.046151683188714196,-0.045107169133560276,-0.08258205570328878,0.0,0.0,0.0,0.0,0.0,-0.24640179077308438,-18.89010215704905,-1.0063257056799575,-30.0,35.46701798533614,-2.8846060679295613,5.563745325116236,-3.716265385682453,-0.24640179077308438,-18.89010215704905,-1.0063257056799575,-33.99069608300364,38.900858409285476,2.1399999999999983
0.0,0.0,0.0,0.0,0.0,0.0,0.0,0.0,0.0,0.0,0.0,0.0,0,0.0,-1.5707963267948966,nan,0.00842031128487014,-0.32535377446766345,-0.16162150993227772,0.12515081899408975,-1.5707976925608982,0.009591339963066037,-0.3482055795761759,1.5983375051510182,-0.14708955124824605,0.5102406248254775,0.00044267735193094515,0.08114951803520065,0.5037460222986484,0.027106348482910752,0.001171028678195898,-0.02285180510851248,0.014531958684031676,0.009283285596805618,-0.0002795274352909139,0.008254052651677581,0.004239324322119341,9.092683425425342,0.23539252382726056,-0.1710368483525861,0.11442634914038408,-1.5707983660962965,1.596673551854794,-0.9686678832881088,0.874527068056493,0.2588660875476392,0,zero,0,-0.11442634914038408,0.010724469853705898,1.5432616429793364,1.4829881573769463,1.2246073671654953,-0.3088389664371751,0.11984332218551096,1.544925809872678,1.5076741300068497,1.3002486265810487,-0.21923620392197185,0.15448054725987684,0.0369987420213338,-0.034076403206838635,0.025206562089039382,0.17104030215100485,3.134325899496971,-9.356026543489541,-15.317430461802202,1.0,-0.5816336274147034,2.0393013997477283e-06,6.735353981213166e-07,0.0,0.0,0.0,1,-0.10277948687841866,-4.5,9.0,6.886655286636497,-0.10277948687841866,-1.82191626991371,-0.717622110572901,-3.962841070323379,-0.004653825052465264,0.0014670439251509495,0.0004010616355695321,0.054030278911956386,-0.06725274631080157,-0.2755060294795958,0.0,0.0,0.0,0.0,0.0,-0.19272358312098006,-30.0,30.0,22.955517622121658,48.23891511714405,-2.67808373008629,9.7176221105729,10.849496356959875,-0.19272358312098006,-35.189111112711196,44.28987093638811,22.955517622121658,61.04800684824755,2.149999999999998
0.0,0.0,0.0,0.0,0.0,0.0,0.0,0.0,0.0,0.0,0.0,0.0,0,0.0,-1.5707963267948966,nan,0.007750300613445277,-0.3191950934811405,-0.16390155432529974,0.12536835359914544,-1.5707976816278213,0.00906727481870761,-0.34825979943668206,1.5968294927603368,-0.14717016668697183,0.6592338337561412,0.014594552706643539,-0.6212900847029079,0.21994289542962286,0.033562343268064745,0.0013169742052623334,-0.02906470595554156,0.016731387638327905,0.004495951540584038,-8.889726771570193e-05,0.0013583637248339234,0.004284918379867693,11.314947307279212,0.2748100842117585,-0.15157333281074278,0.005963355798433545,-1.5707979257537883,1.5950754686956563,-0.9695535797438716,0.8745415175200626,0.82423404163882,0,zero,0,-0.005963355798433767,0.11940499780071168,1.5447696565305007,1.4833493329769416,1.2242747189536503,-0.3085929041472443,0.0950256977888626,1.5465239581105448,1.5340462455783122,1.2133726664697,-0.38820304150771295,0.14713843319836367,0.03524027476528409,-0.03245682816267574,0.02400855070677126,0.1515757664103552,2.1542612848089613,-7.704757829627443,-16.868780537183213,1.0,-0.7990869283676147,1.5989588915132913e-06,2.4412596699718847e-07,0.0,0.0,0.0,1,-0.06425681997535114,-4.5,9.0,9.0,-0.06425681997535114,-3.14526332238038,3.8012374760846814,-0.861420992072212,-0.004658080253268162,0.0014670681645353272,0.001276987093842164,0.04258441653871367,-0.061579686425935844,-0.33581315916970117,0.0,0.0,0.0,0.0,0.0,-0.12048906802053466,-30.0,30.0,30.0,51.96166392269894,-1.35473667761962,5.198762523915319,9.861420992072212,-0.12048906802053466,-43.01268451937351,69.64724453368055,73.02011247143773,109.69403376507938,2.159999999999998
0.0,0.0,0.0,0.0,0.0,0.0,0.0,0.0,0.0,0.0,0.0,0.0,0,0.0,-1.5707963267948966,nan,0.007074863465989026,-0.3091871553293557,-0.16191716940438391,0.12557536888235488,-1.5707976712225347,0.008568419598945916,-0.3483106360469612,1.595394403443416,-0.14724687822124125,1.0269286707882896,0.01765819276945569,-1.005877476206396,-0.2061096455185235,0.0418102247875007,0.0014935561329568903,-0.03912348071760552,0.01467029118314267,0.005976453722178939,5.8353161714096245e-05,-0.0057900263553171405,0.0014799286491575768,8.795654761870477,0.20131166968437125,-0.13185603087594927,-0.09537475005830398,-1.5707976622224573,1.593678096820665,-0.9695958039381943,0.8745415175042128,0.825264836917563,0,zero,0,0.09537475005830398,0.22095011894065886,1.5462047469562834,1.4836930431811235,1.2239581566365516,-0.30835874071008335,0.23562850101323277,1.54792135289559,1.5444486421910695,1.1644211461553757,-0.5280902708228534,0.13989691521326922,0.03350590069343001,-0.030859443306998552,0.02282695356753334,0.1318600871923745,0.19035849529745075,-2.6695981279965117,-11.277197843946325,1.0,-1.2441401481628418,1.3354275605337307e-06,-9.000077128007433e-09,0.0,0.0,0.0,1,-0.03961139473982405,-4.5,9.0,9.0,-0.03961139473982405,-3.849559228754187,6.455695786478746,2.0775620751530774,-0.004658283113316223,0.0014670681645087389,0.0012785841065847232,0.015113045052663452,-0.031533969513385995,-0.2528521534821343,0.0,0.0,0.0,0.0,0.0,-0.07427600738763182,-30.0,30.0,30.0,51.961577313677395,-0.6504407712458131,2.5443042135212544,6.922437924846923,-0.07427600738763182,-36.21400592998134,60.75581657368168,87.49411326405298,112.50755017250968,2.1699999999999977
0.0,0.0,0.0,0.0,0.0,0.0,0.0,0.0,0.0,0.0,0.0,0.0,0,0.0,-1.5707963267948966,nan,0.006484325936373657,-0.2992949495623325,-0.15790385961797054,0.12577201426686613,-1.5707976613376784,0.008094434824126898,-0.3483582382613403,1.5940312013396167,-0.14731974203717588,1.0747566327328502,0.011655275479635022,-0.9939807981402315,-0.40861736023480033,0.050217748790210605,0.0016101088877532406,-0.049063288699007834,0.010584117580794666,0.01061138148809865,0.00011639793361059429,-0.010468029037323988,-0.0017344269026844904,2.921194302010189,0.06328870603353295,-0.11503830143322537,-0.15021984143763212,-1.5707976627439058,1.5924621357298807,-0.5878666018495706,0.8745415175041198,0.82526644726043,0,zero,0,0.15021984143763234,0.27599185570449825,1.5475679501174604,1.4840195360825126,1.2236574517167602,-0.30813630710448264,0.2828482326797432,1.549137386965691,1.532215415076057,1.1767258509331708,-0.5828638843404838,0.13276198421915958,0.031797054655054766,-0.029285570157784258,0.021662748207738194,0.11504747086725367,-2.1564189856664253,3.8799442825206167,-1.1983544925318914,1.0,-1.72200608253479,1.3359490091957582e-06,1.406227134737037e-09,0.0,0.0,0.0,1,-0.021944210825595774,-2.317853269600978,6.888622549155904,9.0,-0.021944210825595774,-3.514555923862926,7.1710106503426045,4.263098914460068,-0.0028243202509290206,0.0014670681645085827,0.0012785866014914534,-0.031234080003078736,0.022645093888417463,-0.07364574095823644,0.0,0.0,0.0,0.0,0.0,-0.041147967045932446,-15.452355130673187,22.96207516385301,30.0,40.8170781422442,1.1967026542619479,-0.2823881011867009,4.736901085539932,-0.041147967045932446,-15.452355130673187,22.96207516385301,65.23463280139643,70.8631863861843,2.1799999999999975
0.0,0.0,0.0,0.0,0.0,0.0,0.0,0.0,0.0,0.0,0.0,0.0,0,0.0,-1.5707963267948966,nan,0.006038615007363671,-0.29350388238687375,-0.1546809298119829,0.1259584478652458,-1.570797651965444,0.007644958413093812,-0.34840274939027915,1.5927387903518722,-0.14738881748650273,0.6700096038612344,-0.00037654820230995784,-0.5835578304397571,-0.3292005255314506,0.055404339537279454,0.001606343405730141,-0.054898867003405405,0.00729211232548016,0.011354053094022754,7.495563834455346e-05,-0.010849868562688457,-0.00334503445222209,-4.597147474963991,-0.09463232948559712,-0.10635527183106783,-0.13478509136799421,-1.5707979146818345,1.5913714242595483,0.9029650798738298,-0.8762468987058086,0.8252664666776908,0,zero,0,0.134785091367994,0.26074353923324,1.5488603621113244,1.4843290742010293,1.2233723624094432,-0.30792542448045135,0.22262614955117693,1.5502282261902913,1.500881043255363,1.2467974772044994,-0.5286918796522172,0.1257396966050798,0.030115187180855135,-0.027736544675830106,0.02051692284725691,0.10636216316601467,-3.5401719162488035,8.549095120573655,9.607044595685732,1.0,-1.9109668731689453,1.5878869379370997e-06,2.627163904200813e-07,0.0,0.0,0.0,0,0.006921127953381592,1.6437645718556324,-8.813048400952537,5.0872332398904145,0.006921127953381592,-1.784868919286862,2.586113916800785,5.114530738436999,0.004338165415326631,-0.0014699289897744767,0.001278586631574646,-0.057512108779327664,0.058974385314024456,0.15284620135622626,0.0,0.0,0.0,0.0,0.0,0.012977926032967546,10.958430479037549,-29.376828003175124,16.95744413296805,35.646041884637484,3.4286334911424943,-11.399162317753323,-0.027297498546584364,0.012977926032967546,10.958430479037549,-29.376828003175124,16.95744413296805,35.646041884637484,2.1899999999999973
0.0,0.0,0.0,0.0,0.0,0.0,0.0,0.0,0.0,0.0,0.0,0.0,0,0.0,-1.5707963267948966,nan,0.00576663808143179,-0.2957071445245254,-0.15304725892048365,0.12613483657393076,-1.570797643097564,0.007219605526342865,-0.34844430734434856,1.5915160134919448,-0.14745416712214235,0.27537537860733585,-0.015337596081906654,0.2161704183582247,-0.1699020527138856,0.05305282398275499,0.0014529674449110744,-0.05273716281982316,0.005593091798341304,0.006685855992441124,-5.2187848594387664e-05,-0.005781876341139865,-0.003356762242978652,-10.343178997431432,-0.20177638339720858,-0.10942507920138274,-0.05084295779904391,-1.5707982837836443,1.5902983330101625,0.9695243743381184,-0.8745415381663509,-0.6582975689862836,0,zero,0,0.05084295779904391,0.17697779437297445,1.5500831399264325,1.4846219346403084,1.2231026334979453,-0.3077259040523823,0.14050647668467697,1.5513013524078902,1.4673036819704388,1.3370611768404803,-0.388063407575966,0.11883617423455153,0.02846176448294097,-0.02621371726475288,0.019390476389418723,0.10941885108007379,-2.991242023148676,8.745580362756302,16.09948530817378,1.0,-1.7620493173599243,1.9569887479420345e-06,6.40686080188857e-07,0.0,0.0,0.0,1,0.020568022947343178,3.9654194503434432,-9.0,-9.0,0.020568022947343178,0.5149634228143736,-2.5683770973457087,3.0678184141127107,0.004657939940110984,-0.0014670681991700606,-0.0010199014564257996,-0.05484540751035241,0.06635483967949224,0.3012231325249593,0.0,0.0,0.0,0.0,0.0,0.038567453492111714,26.43612966895629,-30.0,-30.0,49.98870311702775,3.4504560275290697,-6.431622902654292,-12.067818414112711,0.038567453492111714,26.43612966895629,-70.11495068454047,-39.46385297609035,84.68986031713807,2.199999999999997
0.0,0.0,0.0,0.0,0.0,0.0,0.0,0.0,0.0,0.0,0.0,0.0,0,0.0,-1.5707963267948966,nan,0.0055913159938775474,-0.30444918220067485,-0.1520453796402416,0.1263013561676698,-1.5707976347253154,0.006817968408219595,-0.3484830447961553,1.590361652225685,-0.14751585673395384,0.8770965287598042,-0.022631503056902685,0.8703300224342736,-0.10635688920535569,0.04428320572160338,0.0012266524143420476,-0.04403386259548042,0.004529522906287747,0.0035309565920047135,-0.0001853405550022451,0.001944174959828432,-0.002941680992029747,-11.02588220999972,-0.20255330041197803,-0.1173706669513092,0.0608735031752643,-1.570798624053907,1.5891622428903602,0.9696075297523162,-0.8745415175253718,-0.8251311775681583,0,zero,0,-0.060873503175264077,0.06542785299240528,1.5512375020973468,1.484898409244512,1.2228479961893617,-0.30753754699221847,0.20354241584957494,1.5524373153942037,1.4480151516025843,1.405976880436573,-0.22671977321673886,0.11205760444557296,0.026838268454835137,-0.024718452770988854,0.018284418421010983,0.1173540850341558,-1.1154410898355969,5.291368840832877,15.203670343858285,1.0,-1.3347761631011963,2.2972590105752033e-06,9.89328591494143e-07,0.0,0.0,0.0,1,-0.02765310565165297,3.2046582264913486,-9.0,-9.0,-0.02765310565165297,1.9632962646482122,-5.802714562102434,-0.13786895708744537,0.004658339448297967,-0.0014670681645442335,-0.001278377027944994,-0.02886005936892797,0.0470912784261964,0.31182739698835504,0.0,0.0,0.0,0.0,0.0,-0.051852813897717925,21.36438817660899,-30.0,-30.0,47.501997546157355,1.2413619618431364,-3.197285437897566,-8.862131042912555,-0.051852813897717925,21.36438817660899,-77.61306965793293,-77.44229515142054,111.702898041734,2.209999999999997
0.0,0.0,0.0,0.0,0.0,0.0,0.0,0.0,0.0,0.0,0.0,0.0,0,0.0,-1.5707963267948966,nan,0.005412656227089769,-0.3153932884251662,-0.15225031413195633,0.12645819139396997,-1.570797626839511,0.006439616228109717,-0.348519089359624,1.5892744258182805,-0.14757395538462956,1.0910877463560071,-0.01996924133220992,1.0908061661022594,0.014683584103902803,0.033470011436011214,0.0010269600010199484,-0.03312580093445783,0.004676358747326775,0.008756664667880746,-0.0002562351393197745,0.008553019902286255,-0.0018599382275183325,-7.199114434072281,-0.12357267859001725,-0.12253806352929418,0.1511621839333328,-1.5707988075446375,1.5879583731530904,0.7541432817165526,-0.8745415175059439,-0.8252660330702567,0,zero,0,-0.1511621839333328,-0.02470399253936284,1.5523247293593827,1.4851588047551454,1.2226081679701084,-0.3073601443226169,0.2851386168456162,1.5536409989473912,1.4499189546150066,1.4278822829251405,-0.11262188680106147,0.1054102400506175,0.025246196671473223,-0.02325213048379355,0.01719976921227897,0.12252235621475127,1.0393114555154057,-0.0212415140147999,8.218244874376431,1.0,-0.9400789737701416,2.480749740740862e-06,1.1807051265577684e-06,0.0,0.0,0.0,1,-0.09848049775241775,0.6875902828635181,-9.0,-9.0,-0.09848049775241775,1.8702374737120309,-7.489131780945735,-2.864782614928434,0.0036231725632189606,-0.0014670681645116428,-0.0012785859597859682,0.014829354554533528,0.012985676497843743,0.19845903288241581,0.0,0.0,0.0,0.0,0.0,-0.18466247469045144,4.583935219090121,-30.0,-30.0,42.67372215219073,-1.1826471908485128,-1.5108682190542648,-6.1352173850715666,-0.18466247469045144,4.583935219090121,-54.59423193311718,-79.14056290226266,96.2538592430265,2.2199999999999966
0.0,0.0,0.0,0.0,0.0,0.0,0.0,0.0,0.0,0.0,0.0,0.0,0,0.0,-1.5707963267948966,nan,0.005175064015071606,-0.3246745194945523,-0.1552345731569819,0.12660553606754332,-1.570797619430496,0.0060840949205972225,-0.34855256378598076,1.5882529906795124,-0.14762853544573457,0.9701439534001957,-0.011792909549433218,0.9247756643029348,0.29296789639205456,0.025076665369134256,0.0009090309055256162,-0.02387804429142848,0.007606037711247321,0.011870201512590503,-0.0002490021185804199,0.011846217943204451,0.0007119005102886626,-0.4527510283430791,-0.007196673449914204,-0.12123837688785026,0.18440586542863868,-1.5707987199077118,1.586736258337489,-0.7260231989563423,-0.03619206441232897,-0.825266459884494,0,zero,0,-0.1844058654286389,-0.05780032936109514,1.5533461653033536,1.4854034429678693,1.2223828524614953,-0.3071934768101154,0.27555990582878237,1.5548630233243943,1.4707990695851048,1.3941559267729786,-0.09222444633877092,0.0989003993366364,0.02368706238920415,-0.021816144135242268,0.016137559716926278,0.12123161310487564,2.680591527757471,-5.519708006563787,-2.3863082431542537,1.0,-0.6416694521903992,2.393112815468612e-06,1.100477216020579e-06,0.0,0.0,0.0,1,-0.1381743598436693,-2.215968992662383,-3.9629104672963518,-9.0,-0.1381743598436693,0.4986591013899316,-6.819946258678397,-4.789724618379923,-0.0034880736837323775,-6.0713213088733365e-05,-0.0012785866210499356,0.04215084976011292,-0.035600624845450235,-0.010016678869196995,0.0,0.0,0.0,0.0,0.0,-0.2590931180267566,-14.77312661774922,-13.209701557654506,-30.0,35.95564788110707,-2.7146280940523146,2.857035791382045,-4.210275381620077,-0.2590931180267566,-14.77312661774922,-13.209701557654506,-48.684342436244904,52.563997308040754,2.2299999999999964
0.0,0.0,0.0,0.0,0.0,0.0,0.0,0.0,0.0,0.0,0.0,0.0,0,0.0,-1.5707963267948966,nan,0.004856236037504088,-0.3285814029787064,-0.16033960482093812,0.12674359316474804,-1.570797612488145,0.005750927024570518,-0.348583586175712,1.5872959397090092,-0.14767967263388643,0.6369015169481731,-0.0014339918459186675,0.38758610944228944,0.5053894475804371,0.023688851546448127,0.0008946909870664295,-0.020002183197005585,0.012659932187051692,0.011145646769432693,-0.0001752511839265543,0.010462867972410556,0.0038370721550947135,6.710066498308457,0.099229092081767,-0.11069403662888332,0.1447586531540348,-1.5707983619252746,1.5855770748989568,-0.9676781363292513,0.8744692570447995,-0.5177433389375129,0,zero,0,-0.1447586531540348,-0.01801505998928654,1.5543032170303157,1.4856326608893167,1.2221717392752964,-0.3070373148582969,0.1596205052471997,1.5560222497647367,1.5019361857275026,1.3159652814752578,-0.17892518763661655,0.09253446606504985,0.02216239454578804,-0.020411901900228156,0.015098831572113414,0.11069436942624214,3.2145828732398476,-8.854227273850968,-12.350444551061944,1.0,-0.4999825060367584,2.0351303779975183e-06,7.494371292438018e-07,0.0,0.0,0.0,1,-0.13517147393719045,-4.5,9.0,1.0374751528349957,-0.13517147393719045,-1.4661225154301303,-1.8329201243239326,-4.538341222783866,-0.004649069956036241,0.0014669469455415014,-0.000802140567297353,0.054537321190918156,-0.06263711072156376,-0.2118714283822578,0.0,0.0,0.0,0.0,0.0,-0.25346235502942144,-30.0,30.0,3.458250509449986,42.56787215437868,-3.03387748456987,10.832920124323932,5.575816375618862,-0.25346235502942144,-32.1707353210456,33.297923485348974,3.458250509449986,46.42985741184711,2.239999999999996
0.0,0.0,0.0,0.0,0.0,0.0,0.0,0.0,0.0,0.0,0.0,0.0,0,0.0,-1.5707963267948966,nan,0.004473145615765003,-0.32475173010953917,-0.1638120834744368,0.1268725749180344,-1.5707976060018594,0.00543961152125987,-0.34861227020570973,1.5864018016415067,-0.14772744604706697,0.5159522805774946,0.007177491842843761,-0.3858356899164972,0.34247052403181266,0.02879192579869212,0.0009664659054948671,-0.023860540096170557,0.01608463742736982,0.006532771517729711,-6.886229878337287e-05,0.004395228342022151,0.004832631737278565,10.656396345339957,0.14685402732907735,-0.09261580812641276,0.05015732032609432,-1.5707979280385846,1.5845725017370824,-0.9695363742104505,0.8745415172012508,0.7980493643879455,0,zero,0,-0.0501573203260941,0.07671525459194006,1.555197355806307,1.4858468108939027,1.2219745038693246,-0.30689141840095635,0.05181665469823289,1.5570268860288434,1.5303126539802299,1.2284972551140831,-0.3326180784659912,0.08631888947176719,0.020673737760401087,-0.019040826396466655,0.014084637098461054,0.09261721701925797,2.429109647539598,-8.125733338341202,-16.354031863966945,1.0,-0.613817036151886,1.6012436878654057e-06,3.2203672528652305e-07,0.0,0.0,0.0,1,-0.10321582351388986,-4.5,9.0,9.0,-0.10321582351388986,-2.9462431689817223,3.1003458804998543,-1.9496962896004892,-0.004657997591765848,0.0014670681640005115,0.0012364191322965506,0.04623764229116768,-0.06324906329262317,-0.3163649939321091,0.0,0.0,0.0,0.0,0.0,-0.19354176544888405,-30.0,30.0,30.0,51.96188466958231,-1.5537568310182777,5.899654119500146,10.949696289600489,-0.19354176544888405,-42.17390685288544,64.77980901241946,56.63712007255734,95.82725553541461,2.249999999999996
0.0,0.0,0.0,0.0,0.0,0.0,0.0,0.0,0.0,0.0,0.0,0.0,0,0.0,-1.5707963267948966,nan,0.00408553809947952,-0.3151886837762219,-0.1630857387317219,0.12699270291039033,-1.5707975999605601,0.005149623671188696,-0.3486387253707383,1.585569040392089,-0.14777193820106038,0.9620928131284229,0.009761966621430872,-0.9589501498345865,-0.07708368967082879,0.036804212360430806,0.0010640855717091759,-0.03345004159451642,0.015313800530661531,0.004388164809425874,1.9137706784445006e-05,-0.0034567307617003884,0.002703079093178167,9.764279089737494,0.1266216631583601,-0.07317429081330683,-0.05469916283453813,-1.5707976284913496,1.5837612940853858,-0.9695951155656098,0.8745415175031531,0.8252356090485634,0,zero,0,0.05469916283453813,0.18169186574492846,1.5560301177171056,1.4860462608806444,1.221790807402999,-0.3067555367952638,0.19064585516459914,1.5578381194294952,1.544450502468857,1.170892185895863,-0.480941782275291,0.08026018426715915,0.01922265233362886,-0.01770435468448937,0.013096039300045536,0.07317736917048821,0.6237253723371864,-3.788161135480642,-12.929535816370041,1.0,-0.9839877486228943,1.3016964528489439e-06,2.853078928666264e-08,0.0,0.0,0.0,1,-0.06618828783586833,-4.5,9.0,9.0,-0.06618828783586833,-3.754306128211117,6.090718322447279,1.1175646681020723,-0.004658279806129483,0.0014670681645069612,0.0012785388238014269,0.021319387613087028,-0.03830166859780287,-0.2772505727300934,0.0,0.0,0.0,0.0,0.0,-0.12411079661704169,-30.0,30.0,30.0,51.961672447004986,-0.745693871788883,2.9092816775527206,7.882435331897928,-0.12411079661704169,-38.292037197937006,63.425329825411474,82.74078552351182,111.0635204230806,2.259999999999996
0.0,0.0,0.0,0.0,0.0,0.0,0.0,0.0,0.0,0.0,0.0,0.0,0,0.0,-1.5707963267948966,nan,0.0037487739560162067,-0.3039581405649481,-0.15937246339816988,0.12710420816978196,-1.5707975943526864,0.004880414850051608,-0.3486630572382918,1.5847960544014645,-0.14781323506600955,1.1864804640420339,0.006755532232622513,-1.1254875078827276,-0.3754572198501199,0.04618902408060463,0.001131640894035401,-0.0447049166733437,0.011559228332160332,0.009815554158689427,5.7693242448561815e-05,-0.009790409347465931,-0.000699756915644863,5.02543374777446,0.06199230305130879,-0.05591468192115237,-0.12642246569110926,-1.570797578430363,1.5831326859381314,-0.8516736274841417,0.8745415175039577,0.8252662394336129,0,zero,0,0.1264224656911095,0.25352667386089145,1.5568031043229547,1.4862313944299685,1.2216202965929224,-0.30662940871493305,0.2639926517589793,1.5584667896721782,1.5367138135135447,1.1706180110505566,-0.5606759488738607,0.07436493063608812,0.0178107142474736,-0.016403938267650763,0.012134111864403791,0.05592371251716382,-1.736260821967539,2.6388138621047306,-4.123263047649236,1.0,-1.4870423078536987,1.2516354663816287e-06,-1.5922323459705012e-08,0.0,0.0,0.0,1,-0.02941376892567924,-3.0394092725043973,9.0,9.0,-0.02941376892567924,-3.6876448662360612,7.609832036576033,3.5675674372258666,-0.004091743034419156,0.0014670681645083108,0.0012785862795050397,-0.024383053745591635,0.014012383543980891,-0.12600741271917923,0.0,0.0,0.0,0.0,0.0,-0.0551542638771409,-20.26272848336265,30.0,30.0,47.01681834815389,0.648235593731664,1.3901679634239672,5.4324325627741334,-0.0551542638771409,-20.26272848336265,31.483616151349537,71.627293049393,80.82244987088947,2.2699999999999956
0.0,0.0,0.0,0.0,0.0,0.0,0.0,0.0,0.0,0.0,0.0,0.0,0,0.0,-1.5707963267948966,nan,0.0034966993484659473,-0.2953249502004919,-0.15559063274566254,0.12720733126360018,-1.5707975891661894,0.004631412383489232,-0.34868536771582914,1.5840811759811972,-0.14785142610308302,0.9460986733563762,0.0003072140987883925,-0.8655500841993569,-0.3820021689580816,0.05393066892353098,0.001134713035023285,-0.053360417515337266,0.007739206642579516,0.012638747114536454,4.0438683883145055e-05,-0.01227554717676721,-0.00300786217254247,-2.2696229449668617,-0.026911883793391427,-0.045723718415842184,-0.13451453710281425,-1.570797797497768,1.5826397540873345,0.7485867642889437,-0.874517935391089,0.8252664609357787,0,zero,0,0.13451453710281402,0.2617218683664144,1.557517983313326,1.486402610960531,1.221462603568447,-0.30651276204338396,0.2308258181115184,1.5589598583976745,1.5077938219307268,1.2322170484052883,-0.5360889744709193,0.06863977423787919,0.016439515165347234,-0.015141043092121753,0.011199939162528616,0.04573370325711891,-3.4598350882347932,8.087980493238875,6.89792790081064,1.0,-1.880473017692566,1.470702871486651e-06,2.0833157865496332e-07,0.0,0.0,0.0,1,0.020217956619505414,0.9117051133802138,-5.812085922761391,9.0,0.020217956619505414,-2.21392870058242,4.0450421028062005,5.244287634634355,0.0035964770771238826,-0.0014670286048460775,0.0012785866226786926,-0.05487649689510653,0.054340758367887036,0.09722107518217012,0.0,0.0,0.0,0.0,0.0,0.03791103810145399,6.0780340892014255,-19.37361974253797,30.0,36.22542032281698,3.125633813962634,-9.85712802556759,3.7557123653656452,0.03791103810145399,6.0780340892014255,-19.37361974253797,30.757899923251212,36.8555217742674,2.2799999999999954
0.0,0.0,0.0,0.0,0.0,0.0,0.0,0.0,0.0,0.0,0.0,0.0,0,0.0,-1.5707963267948966,nan,0.003348055506829608,-0.29422904648325215,-0.1534617917675151,0.1273023223931009,-1.570797584388531,0.004402019380776032,-0.34870575532930753,1.5834226706589702,-0.1478866043012417,0.2436309864830759,-0.00807491610768608,-0.1116291330718111,-0.21640191763061256,0.05477139181935734,0.0010539638739464241,-0.05447670884605538,0.00557518746627339,0.009553678461717709,-2.6826172274882704e-05,-0.008912118930093353,-0.003441829263958576,-9.039414654151878,-0.10293183870238279,-0.047902394437062894,-0.0684000849821984,-1.5707981772721165,1.582178330017094,0.9693535407353321,-0.8745415197992179,-0.3435751820901513,0,zero,0,0.06840008498219863,0.19570240737529954,1.5581764891616587,1.4865603258860292,1.2213173457272504,-0.30640531376690894,0.14916664379300165,1.559421365158916,1.4722982233339965,1.3250381247320902,-0.4126490445826337,0.0630914262063377,0.015110662432075645,-0.013917149546893593,0.010294616248871551,0.047900854722310225,-3.3461479290879996,9.454672914555722,15.148525666914933,1.0,-1.8683110475540161,1.8504772199001707e-06,5.928835857815784e-07,0.0,0.0,0.0,1,0.060007673262529565,3.838039364967643,-9.0,-7.675287808423114,0.060007673262529565,0.11624428637775465,-1.2391901117735487,3.8261484331602755,0.004657119194720157,-0.0014670681683586748,-0.000532301568643353,-0.05914546967090753,0.06970840581712093,0.27534407022982416,0.0,0.0,0.0,0.0,0.0,0.11252141995599019,25.58692909978429,-30.0,-25.584292694743716,47.002761988181646,3.721795078589888,-7.760809888226452,-11.50143624158339,0.11252141995599019,25.58692909978429,-65.56234042618055,-25.584292694743716,74.88444509159457,2.289999999999995
0.0,0.0,0.0,0.0,0.0,0.0,0.0,0.0,0.0,0.0,0.0,0.0,0,0.0,-1.5707963267948966,nan,0.0032595296389373767,-0.3004271998965553,-0.15225862526496017,0.12738944148785025,-1.570797580006674,0.0041916145674065165,-0.3487243155118538,1.5828187365238497,-0.14791886621409753,0.6303055635528805,-0.012187894547728432,0.6179593230756897,-0.12354284154107442,0.04850065636350638,0.0009320849284691398,-0.04829711561529848,0.004339759050862646,0.0036062832479253877,-9.896159471905878e-05,-0.0018184653285963082,-0.00311266273722854,-11.083926251694315,-0.1203237143626219,-0.057730762016106135,0.03855586386802856,-1.5707985676609557,1.5816482953635491,0.9696073255006116,-0.8745415175040439,-0.8245759060883217,0,zero,0,-0.03855586386802834,0.08883357761982147,1.5587804237800946,1.486704970772014,1.2211841255909068,-0.3063067698678398,0.19753863190893237,1.5599513167116053,1.4480165397907985,1.406173043477379,-0.24883986048862028,0.057726663149753145,0.013825779073899532,-0.012733752463778721,0.009419248861343491,0.057716597393041545,-1.6725623120527904,6.7879724803320425,16.19998950386983,1.0,-1.5467031002044678,2.2408660589334772e-06,9.876542819142742e-07,0.0,0.0,0.0,1,0.0262132771067266,3.731517273506441,-9.0,-9.0,0.0262132771067266,1.8765031928733913,-5.014351321357456,0.684879331024948,0.004658338467000128,-0.0014670681645084552,-0.001277516744970124,-0.03711351271697254,0.05634138842798821,0.3240608510677,0.0,0.0,0.0,0.0,0.0,0.049152966635527096,24.876781823376273,-30.0,-30.0,49.18187359080572,1.8550140806330495,-3.9856486786425442,-9.684879331024948,0.049152966635527096,24.876781823376273,-82.28347981638736,-71.76714190674736,111.98191996058574,2.299999999999995
0.0,0.0,0.0,0.0,0.0,0.0,0.0,0.0,0.0,0.0,0.0,0.0,0,0.0,-1.5707963267948966,nan,0.0031682644400867275,-0.3098610570038697,-0.15209761295958252,0.1274689583001669,-1.5707975760070876,0.003999552116558749,-0.348741140901332,1.582267503571522,-0.14794831199685404,0.9419496841343377,-0.010079725199711861,0.9417031717836144,-0.01904580881341711,0.03910970035111575,0.0008312876764720212,-0.038880083897462336,0.004149300962728475,0.005515482206200843,-0.00013293728103708712,0.005056761050490861,-0.0021981900110015842,-8.27464223233216,-0.08464318752430437,-0.06630564486434873,0.13587495213389045,-1.570798837154099,1.5810228976855516,0.9458030892532614,-0.8745415175040618,-0.8252652483766809,0,zero,0,-0.13587495213389023,-0.008405993833723535,1.559331657174237,1.486836993492707,1.2210625306604572,-0.30621682521771093,0.2973025960610964,1.560576530540975,1.4444239786054034,1.4454427290127427,-0.1158436478251838,0.05255232715087639,0.01258650379846901,-0.011592361117405747,0.008574953421310995,0.06628935803629599,0.5181079317424582,1.82831145619198,10.621494531016243,1.0,-1.1871105432510376,2.5103592022901466e-06,1.2611470117107615e-06,0.0,0.0,0.0,1,-0.059572313687700475,1.4484296688052662,-9.0,-9.0,-0.059572313687700475,2.1410157556487666,-7.089397080790326,-2.225567232674902,0.0045439744492454795,-0.0014670681645084856,-0.0012785847440589802,0.0065766151101147065,0.025136595956509595,0.23984593961635517,0.0,0.0,0.0,0.0,0.0,-0.1117050697312966,9.656197792035108,-30.0,-30.0,43.5115459828941,-0.6925860868435003,-1.9106029192096736,-6.774432767325099,-0.1117050697312966,9.656197792035108,-66.44969404224258,-83.29314197240183,106.98861608490805,2.3099999999999947
0.0,0.0,0.0,0.0,0.0,0.0,0.0,0.0,0.0,0.0,0.0,0.0,0,0.0,-1.5707963267948966,nan,0.0030407379804363636,-0.3186575531673553,-0.15463565197778395,0.12754115249956555,-1.5707975723757335,0.0038251614794279037,-0.34875632164549003,1.5817670330495557,-0.14797504544331633,0.9133474279785289,-0.004686417748048103,0.8781315419327584,0.25113055717391475,0.030836907489777913,0.0007844234989915402,-0.030098768478134752,0.006660606534467622,0.009212219594653535,-0.00011965586212954633,0.00920908530922139,0.00020837490794085346,-2.1413358334581627,-0.020426985230847062,-0.06942936033026025,0.18382791395696363,-1.5707988575069853,1.5803402848707986,-0.4187801480926445,-0.8745415175040623,-0.8252664512240782,0,zero,0,-0.1838279139569634,-0.05628676145739808,1.5598321280978884,1.4869568583878139,1.2209521332719826,-0.306135163470426,0.3181795815581991,1.561259022308562,1.4613483012689923,1.4293425952377683,-0.06706649706380406,0.047575325766947445,0.011394490994850237,-0.010494499225225577,0.007762857033600802,0.06942122852913722,2.4034017941237096,-3.9400178810194504,0.6048171794774011,1.0,-0.8821184635162354,2.5307120887774204e-06,1.2851312520822944e-06,0.0,0.0,0.0,1,-0.1283767249133623,-1.4546903741185206,-8.728602739305204,-9.0,-0.1283767249133623,1.0119843799297794,-8.011096537018965,-4.3707023166558585,-0.0020119687854758747,-0.0014670681645084862,-0.0012785866076323398,0.036846529390413024,-0.024085105182949214,0.0625049074008169,0.0,0.0,0.0,0.0,0.0,-0.24072140430032307,-9.697935827456805,-29.09534246435068,-30.0,42.902760508221455,-2.4666747540483,-0.7175062022862395,-4.6292976833441415,-0.24072140430032307,-9.697935827456805,-29.09534246435068,-60.56964121612615,67.89203411502747,2.3199999999999945
0.0,0.0,0.0,0.0,0.0,0.0,0.0,0.0,0.0,0.0,0.0,0.0,0,0.0,-1.5707963267948966,nan,0.0028721044010634115,-0.32370232355084844,-0.16008075402435315,0.1276063137671961,-1.5707975690980638,0.0036677472143988622,-0.3487699457132824,1.5813153168026657,-0.14799917402295865,0.7395911874280898,0.0011219314343910523,0.5031146315700785,0.5420973466926882,0.027838521938045823,0.0007956428133354507,-0.025067622162433967,0.012081580001394504,0.010190577190775707,-7.216331123573302e-05,0.009476715072575484,0.0037462684595327943,5.234596038877957,0.046494661453760064,-0.06382133662150058,0.16094514224877576,-1.5707985695471836,1.579670955643147,-0.9652429235136988,0.8744302354784402,-0.825266465526974,0,zero,0,-0.16094514224877576,-0.033338828481579874,1.5602838447077891,1.4870650464193358,1.2208524904521763,-0.3060614569554241,0.22629693740119405,1.5619283801703925,1.4922360207264103,1.3604046385068038,-0.1279995059992272,0.04280263202967781,0.010251410733521187,-0.009441704947507512,0.006984097486496952,0.06382222178359073,3.3737239192475155,-8.485168526201576,-10.346247124463947,1.0,-0.6291048526763916,2.242752286996108e-06,1.0004491199921972e-06,0.0,0.0,0.0,0,-0.15432836039129755,-4.249424774032694,5.552988903890971,-3.744506501862962,-0.15432836039129755,-0.9766809468869291,-4.255685054760237,-4.977953983606911,-0.004637370327500367,0.0014668814857587591,-0.0012785866297918389,0.05547753510396583,-0.05804800128656905,-0.16641006101136543,0.0,0.0,0.0,0.0,0.0,-0.28938376221882156,-28.329498493551295,18.509963012969905,-12.481688339543208,36.07014696955037,-3.2727438271457654,9.808673958651209,1.2334474817439487,-0.28938376221882156,-28.329498493551295,18.509963012969905,-12.481688339543208,36.07014696955037,2.3299999999999943
0.0,0.0,0.0,0.0,0.0,0.0,0.0,0.0,0.0,0.0,0.0,0.0,0,0.0,-1.5707963267948966,nan,0.0026771273150333276,-0.3219030742705628,-0.165063563697397,0.12766474189029164,-1.570797566159023,0.003526588815006206,-0.34878209921088277,1.580910276617941,-0.14802080891804287,0.5281792465842181,0.005381868663742765,-0.18114027778859954,0.4961174777959626,0.03183801276856765,0.0008494614999728783,-0.026879024940319962,0.01704275477935413,0.007720155661345133,-1.2208142747288371e-05,0.005101179704966985,0.005794706206036931,10.419344369148652,0.08672751722527844,-0.04863365623101721,0.07392395191381351,-1.5707981171654684,1.5791154801275729,-0.9695142660413445,0.8745415369652989,0.6979742999475977,0,zero,0,-0.07392395191381329,0.053740789976478354,1.5606888852183813,1.4871620553283889,1.2207631437739124,-0.30599536657084225,0.06680343265018926,1.5624839425346588,1.5250825064794724,1.2667283667283635,-0.2758504823228387,0.038241284445254264,0.009158948766372564,-0.008435530887340085,0.006239823251741412,0.048636330270229136,3.060295442316667,-9.386232535877015,-16.74564240021216,1.0,-0.7249450087547302,1.7903705717969842e-06,5.510064453595476e-07,0.0,0.0,0.0,1,-0.13721478980312382,-4.5,9.0,9.0,-0.13721478980312382,-2.636876573148557,1.1103203333649674,-2.8065995859022688,-0.004657891376257907,0.001467068197155262,0.0010813726779525224,0.05453610271593595,-0.06970136226078169,-0.31465941354427057,0.0,0.0,0.0,0.0,0.0,-0.25729381174409116,-30.0,30.0,30.0,51.96216123397449,-1.863123426851443,7.889679666635033,11.80659958590227,-0.25729381174409116,-42.15971143911266,59.378641858635234,44.59966787502107,85.39590711663566,2.339999999999994
0.0,0.0,0.0,0.0,0.0,0.0,0.0,0.0,0.0,0.0,0.0,0.0,0,0.0,-1.5707963267948966,nan,0.00249416822134351,-0.31418287638531195,-0.16599636216210845,0.12771674685660717,-1.5707975635430347,0.003400940536649535,-0.34879286670081544,1.5805497635701249,-0.1480400650607642,0.7784964337484652,0.005731081533314657,-0.7730965375183529,0.09135423219901184,0.039001311147995966,0.0009067723153060249,-0.03460999031550349,0.01795629710134425,0.004795141660637415,3.0015324776023447e-05,-0.0017500929868983356,0.004464264459355919,10.653372131499339,0.0846394851599551,-0.029826673148488744,-0.03562264121447534,-1.5707977333725476,1.5787381013386057,-0.9695963337037404,0.8745415175037234,0.8251540554600715,0,zero,0,0.03562264121447534,0.1633393880710825,1.5610493985565332,1.487248399792013,1.2206836192118222,-0.30593654167668416,0.15110718203537796,1.5628613541604202,1.547850906549226,1.1887453971859252,-0.4406116448996958,0.03389838699433379,0.008118806526706582,-0.007477544090629952,0.005531193484533238,0.029828209894295604,1.6203345120596264,-6.262080683082136,-15.295454519467725,1.0,-1.0512244701385498,1.406577650797658e-06,1.698295131191685e-07,0.0,0.0,0.0,1,-0.09301200016006586,-4.5,9.0,9.0,-0.09301200016006586,-3.6005317931370016,4.944955408910768,0.3644557846506942,-0.0046582856584983364,0.001467068164507918,0.0012784124726988278,0.03565673362842837,-0.05362257019286574,-0.31614156951686523,0.0,0.0,0.0,0.0,0.0,-0.17440840082517506,-30.0,30.0,30.0,51.961816926376606,-0.8994682068629984,4.055044591089232,8.635544215349306,-0.17440840082517506,-44.20776586214498,71.69991973467518,82.39463709067506,117.83086052505692,2.349999999999994
0.0,0.0,0.0,0.0,0.0,0.0,0.0,0.0,0.0,0.0,0.0,0.0,0,0.0,-1.5707963267948966,nan,0.0023554114036944164,-0.30424431973665583,-0.16313883551476271,0.12776264894886236,-1.5707975612340028,0.0032900312219770007,-0.34880233152254525,1.5802315573668615,-0.14805706117042286,1.0355036829447664,0.002784750297655939,-0.9948021470385926,-0.2874522757004394,0.0470505031417282,0.0009346198182825843,-0.04455801178588942,0.015081774344339854,0.007856616605787828,3.85070654992059e-05,-0.00778496449482189,0.0010579553443365308,6.654717236937977,0.05155010885311846,-0.012592579116963811,-0.12095330626265177,-1.5707975691258527,1.5785417435963984,-0.969604790601273,0.8745415175040497,0.8252660253559735,0,zero,0,0.12095330626265177,0.24871595521151413,1.5613676050162908,1.4873246115799885,1.2206134269978635,-0.3058846199879842,0.2607520371097647,1.5630577357920983,1.5509752475774274,1.1601546183520857,-0.551408747741465,0.029781109132068845,0.00713270112924302,-0.006569326046107452,0.004859378023532705,0.01259783568099182,-0.640931238351583,-0.32136939684852583,-7.617217532308017,1.0,-1.5281107425689697,1.2423309563303064e-06,7.891849840291343e-09,0.0,0.0,0.0,1,-0.04138804307741554,-4.5,9.0,9.0,-0.04138804307741554,-4.058112545758077,7.048912031481367,3.0280692555381616,-0.004658326288442079,0.0014670681645084652,0.001278585947834217,-0.0074573867262139526,-0.016605713314459414,-0.1894566505121377,0.0,0.0,0.0,0.0,0.0,-0.0776074312346063,-30.0,30.0,30.0,51.961582182545044,-0.44188745424192266,1.9510879685186326,5.971930744461838,-0.0776074312346063,-31.30936847525374,50.461061762283634,81.76686650921624,101.05652769685682,2.3599999999999937
0.0,0.0,0.0,0.0,0.0,0.0,0.0,0.0,0.0,0.0,0.0,0.0,0,0.0,-1.5707963267948966,nan,0.0022757302186757963,-0.2959918426493661,-0.1592735403383232,0.12780277883918512,-1.570797559215307,0.003193064124853091,-0.3488105761127761,1.5799533656939402,-0.14807191979059944,0.9126632178498807,-0.001728591210528943,-0.8260721677520566,-0.38801537966161037,0.05400126303216764,0.0009173339061772949,-0.052818733463409984,0.01120162054772375,0.010842144724999425,1.412244052783544e-05,-0.010678224905634907,-0.0018781415439696678,-0.1689400069176017,-0.0013205840179524933,-0.0007075309016304758,-0.14832563693204204,-1.5707976776906505,1.5784885061656153,0.03315732408347222,-0.41907110682374665,0.8252664579905016,0,zero,0,0.14832563693204204,0.27612841577122715,1.5616457969136266,1.4873912397116498,1.2205520614768925,-0.3058392274679729,0.26232764938861514,1.563111069403844,1.5307119316797262,1.1958225676952938,-0.56337644496284,0.025896685788066955,0.006202365370109542,-0.005712472685317705,0.004225557390854714,0.0007165966333483199,-2.85029777160878,5.986083598486723,3.3047309937702622,1.0,-1.9157061576843262,1.350895753926551e-06,1.1847534331366205e-07,0.0,0.0,0.0,1,0.019534908957555615,-0.9938704386064924,1.3898228947416864,9.0,0.019534908957555615,-3.219298440679286,5.862357042315952,4.892679299336861,0.00015929957847738124,-0.0007030036506912869,0.0012785866181155702,-0.04311947453789543,0.038051966879282466,0.027284474481904006,0.0,0.0,0.0,0.0,0.0,0.03663024368564713,-6.625802924043283,4.632742982472288,30.0,31.070322072753918,2.225428002072794,-4.472534147574265,4.107320700663139,0.03663024368564713,-6.625802924043283,4.632742982472288,47.88840986371063,48.56608603726881,2.3699999999999934
0.0,0.0,0.0,0.0,0.0,0.0,0.0,0.0,0.0,0.0,0.0,0.0,0,0.0,-1.5707963267948966,nan,0.0022587354210519394,-0.2935307538353769,-0.15655931052545793,0.1278374776835538,-1.5707975574697954,0.0031092167328094318,-0.3488176823236188,1.5797128235605595,-0.14808476732632156,0.3678777896960355,-0.00668525944198025,-0.24681950248319207,-0.27270773485873756,0.05593912461381258,0.0008504813117574924,-0.055286928488241904,0.008474543199136375,0.009270122721975764,-3.5091328380689834e-05,-0.00874879560859268,-0.0030647217293309457,-7.383699039374024,-0.0568817634710425,0.00031512007054847023,-0.10200033156692356,-1.5707979997645356,1.5784948207313312,0.9652128547907174,-0.8745163330783039,0.403164162399415,0,zero,0,0.10200033156692356,0.22983780925047714,1.561886339241183,1.4874488506127006,1.2204990009622354,-0.30579997822124155,0.17330501949943525,1.5631048608227367,1.4959161551281857,1.2789396383763136,-0.4687298454701079,0.02225241736642228,0.005329547726849258,-0.004908594382627567,0.0036309227920739346,-0.0003126037829988985,-3.632012728224944,9.25093910931666,13.002844516801943,1.0,-1.9543577432632446,1.6729696392658866e-06,4.422947403881494e-07,0.0,0.0,0.0,1,0.08348448193762138,2.7169901819285207,-9.0,-1.9267423986623498,0.08348448193762138,-1.087892945299175,0.9170994199675189,4.469148141347498,0.004637225866660154,-0.0014670259169209995,0.000624622869324949,-0.06089987044827963,0.06580968879195212,0.22590561138306198,0.0,0.0,0.0,0.0,0.0,0.156543187582264,18.113267879523473,-30.0,-6.422474662207833,35.628123158982945,3.8048831272276957,-9.917099419967519,-6.395890540009848,0.156543187582264,18.113267879523473,-46.93485996483002,-6.422474662207833,50.71729724413418,2.3799999999999932
0.0,0.0,0.0,0.0,0.0,0.0,0.0,0.0,0.0,0.0,0.0,0.0,0,0.0,-1.5707963267948966,nan,0.002282356832633533,-0.29846127065372674,-0.1547381131194205,0.1278670972162399,-1.5707975559797829,0.0030376405878450234,-0.34882373173669323,1.5795074926445751,-0.14809573408120721,0.525511820161671,-0.009519755654600198,0.4924467405275412,-0.18321641609230777,0.05080422363516144,0.0007552837552114904,-0.05036246108296649,0.0066423790382132974,0.004135784339782545,-8.670579749650532e-05,-0.0025450476987624385,-0.0032588228581644403,-11.157438758833376,-0.08539371563420714,-0.009833050280270907,-0.0015471458145714934,-1.5707983890730837,1.578446256363552,0.9696014490136599,-0.874541517576904,-0.807861699515658,0,zero,0,0.0015471458145714934,0.12941424303081117,1.5620916703230159,1.487498028272027,1.2204537075912605,-0.3057664743869088,0.14898000555361363,1.5631533980916155,1.4647457985853338,1.367596542612479,-0.3107901120233795,0.01885566974570299,0.004516012358417702,-0.0041593159552228524,0.0030766761162227567,0.009822356434493987,-2.568028509165111,8.075054799649985,16.66479182625736,1.0,-1.6389458179473877,2.062278187331401e-06,8.33093301011445e-07,0.0,0.0,0.0,1,0.08999925917530145,4.0209379037795925,-9.0,-9.0,0.08999925917530145,1.1057004314034,-3.652454589898068,1.795175905752217,0.004658310234266631,-0.0014670681646306804,-0.0012516213985043732,-0.04955624944676257,0.06338447113044707,0.3230978072122623,0.0,0.0,0.0,0.0,0.0,0.1687591584010903,26.806252691863953,-30.0,-30.0,50.185691815831404,2.9152374723761927,-5.347545410101932,-10.795175905752217,0.1687591584010903,26.806252691863953,-77.67161261486812,-58.84697321239969,101.06655888813388,2.389999999999993
0.0,0.0,0.0,0.0,0.0,0.0,0.0,0.0,0.0,0.0,0.0,0.0,0,0.0,-1.5707963267948966,nan,0.002303711376144699,-0.3079567268375003,-0.15340075018764546,0.12789199984425048,-1.570797554727044,0.002977461105421544,-0.34882880597113425,1.579334860637759,-0.14810495429456635,0.958578549250721,-0.008153402593464535,0.9490381949332549,-0.13465831451341947,0.04121924605745342,0.000673749729276845,-0.04087207913363394,0.005295795893079103,0.0055469895917690925,-0.00011196172313146188,0.004622042359287273,-0.0030648462494393108,-9.92918726977134,-0.0743257516664893,-0.02231199798163917,0.10639502434883763,-1.5707987060724748,1.5782791667363476,0.969609683746586,-0.8745415175046235,-0.8252462009057359,0,zero,0,-0.10639502434883763,0.02149697549541285,1.5622643024693377,1.4875393743985112,1.2204156271809508,-0.3057383060317857,0.25375950283588244,1.563320322051926,1.4509999609252346,1.4246102043860163,-0.1595801177383175,0.01571387427894873,0.003763539105182222,-0.003466276663107768,0.002564029935790868,0.022294911334633478,-0.520414351963159,3.8359313249290325,13.244982425739206,1.0,-1.2343971729278564,2.3792775785125286e-06,1.1513454305500659e-06,0.0,0.0,0.0,1,0.012315460232892426,2.5702249738286977,-9.0,-9.0,0.012315460232892426,2.1163963505460406,-6.376839134566267,-1.2634130156578387,0.004658349796852584,-0.0014670681645094278,-0.0012785552337823615,-0.019862990673136023,0.03803566168043798,0.282822431263263,0.0,0.0,0.0,0.0,0.0,0.023092931244876103,17.134833158857987,-30.0,-30.0,45.755907166893465,0.45382862328265716,-2.623160865433733,-7.7365869843421615,0.023092931244876103,17.134833158857987,-74.19852224115343,-83.25958992144652,112.83254431822297,2.399999999999993
0.0,0.0,0.0,0.0,0.0,0.0,0.0,0.0,0.0,0.0,0.0,0.0,0,0.0,-1.5707963267948966,nan,0.0022930599026994847,-0.3179876589579712,-0.1540406500829584,0.1279125587417702,-1.5707975536928114,0.0029277773914760615,-0.3488329869833778,1.5791923405910595,-0.1481125661784489,1.0046743225122055,-0.003903224050026818,1.0026751108227372,0.0632288011430393,0.031416226795469814,0.0006347174887765769,-0.03084532802540657,0.005928083904509496,0.009882616417114281,-0.00010048479608382426,0.009748608414885951,-0.0016188403339389337,-4.817627602202239,-0.034750459224769915,-0.030362381627427725,0.17747266474958412,-1.5707988201924008,1.5780093323377764,0.3739050064587057,-0.8745415175041459,-0.8252663028635042,0,zero,0,-0.17747266474958412,-0.04956010600781369,1.5624068226312575,1.4875735085778448,1.2203841890834761,-0.30571505104354224,0.31244810055487177,1.5635899929440393,1.4584355642112223,1.4299057452044555,-0.07577133321874682,0.012834527793692097,0.003073923488927126,-0.0028311302091096543,0.0020942075067287625,0.030350139386822572,1.5416936830998957,-1.7688910120962336,4.590555604023337,1.0,-0.8958184123039246,2.4933975044660883e-06,1.2664995896471964e-06,0.0,0.0,0.0,1,-0.08065440433000004,-0.11673895146934776,-9.0,-9.0,-0.08065440433000004,1.6002948898538203,-7.751824912572922,-3.6837408543851025,0.0017963726436279093,-0.0014670681645086265,-0.0012785863777770698,0.022952281100850375,-0.009480858521546794,0.13440547151125196,0.0,0.0,0.0,0.0,0.0,-0.15123646039752492,-0.7782596764623184,-30.0,-30.0,42.43381388222087,-1.717033841323168,-1.2481750874270778,-5.3162591456148975,-0.15123646039752492,-0.7782596764623184,-43.97517649459072,-71.97559081761389,84.35004672118416,2.4099999999999926
0.0,0.0,0.0,0.0,0.0,0.0,0.0,0.0,0.0,0.0,0.0,0.0,0,0.0,-1.5707963267948966,nan,0.002243533942577701,-0.32508782410071874,-0.15792951913610506,0.12792915794460646,-1.5707975528577707,0.0028876620572332113,-0.34883635735649665,1.579077270259829,-0.148118711954616,0.808950706827721,0.0009410625878933376,0.7096794769628656,0.3882723276979555,0.02570330076821334,0.0006441281146555102,-0.023748533255777915,0.00981080718148905,0.011311373534167437,-6.060884290621301e-05,0.011210427643811104,0.0015065888093640373,2.6530687689977754,0.018345235795612914,-0.03053811801076141,0.18219187083132637,-1.5707986348349088,1.5776996138936805,-0.9057800234693705,0.7696466202880108,-0.8252664633845118,0,zero,0,-0.1821918708313266,-0.05426271288671991,1.5625218930555476,1.4876010684293477,1.220358806041761,-0.30569627502386904,0.26285289392787664,1.5638996837374022,1.4828871880393566,1.3797581955308353,-0.09674805296568602,0.01022519259191822,0.0024489767128440024,-0.002255544738870072,0.0016684427684411456,0.030535912837311795,2.912130228755255,-6.978099050481111,-6.719101014249906,1.0,-0.6470296382904053,2.3080400124442235e-06,1.081977138106538e-06,0.0,0.0,0.0,1,-0.13650259120206548,-2.984256700095516,0.250707857654438,-9.0,-0.13650259120206548,-0.030156410814598227,-5.724187641541483,-5.325718592632588,-0.004351689405594313,0.001291104003579621,-0.0012785866264725188,0.0467899911095111,-0.04627055978382477,-0.09148394907501531,0.0,0.0,0.0,0.0,0.0,-0.2559583559011166,-19.89504466730344,0.8356928588481267,-30.0,36.00800882509729,-2.954100289280918,5.974895499195921,-3.6742814073674124,-0.2559583559011166,-19.89504466730344,0.8356928588481267,-32.031329095475996,37.717141238049464,2.4199999999999924
0.0,0.0,0.0,0.0,0.0,0.0,0.0,0.0,0.0,0.0,0.0,0.0,0,0.0,-1.5707963267948966,nan,0.0021629801269817707,-0.3254973703011185,-0.16307550958511968,0.12794219244463134,-1.5707975522020523,0.0028561610316070528,-0.3488390005767622,1.5789869114491157,-0.148123537891418,0.5157475036593056,0.004905278996977184,0.04069029801342383,0.5141164512212637,0.0277285712077027,0.0006931809046252821,-0.023341630275643677,0.014951971693701688,0.008907491004287737,-7.690424139632029e-06,0.007731203756149385,0.004424005575238929,9.374640012277272,0.062365964369765214,-0.020687317899782575,0.11246265999141736,-1.5707982137844356,1.5774439881491287,-0.9688957149641068,0.8745341422266127,0.3486511878603222,0,zero,0,-0.11246265999141736,0.015479532453213984,1.5626122519393553,1.4876227097627754,1.2203388740450625,-0.3056815311816482,0.11308308015932791,1.5641553912979225,1.5142900005610807,1.2922423314681768,-0.22259031533230564,0.007893496450105184,0.0018905256615413977,-0.0017412028408537118,0.0012879803437935262,0.020689753878087108,3.1192328707121497,-9.38589276250924,-15.641507349172533,1.0,-0.5986552238464355,1.886989538846251e-06,6.615823835431911e-07,0.0,0.0,0.0,1,-0.14294846229930644,-4.5,9.0,7.580531078388429,-0.14294846229930644,-1.8933311604958647,-0.5506421229109638,-3.8840121961092327,-0.004654919636873189,0.0014670557922716809,0.0005401658323467648,0.05393575935796169,-0.06764689433420554,-0.28263232053745424,0.0,0.0,0.0,0.0,0.0,-0.2680451196311765,-30.0,30.0,25.26843692796143,49.38183626566071,-2.6066688395041355,9.550642122910963,11.464543274497661,-0.2680451196311765,-36.09189704582938,45.966830813484485,25.26843692796143,63.67213142632165,2.429999999999992
0.0,0.0,0.0,0.0,0.0,0.0,0.0,0.0,0.0,0.0,0.0,0.0,0,0.0,-1.5707963267948966,nan,0.002082561134877515,-0.31894813038682485,-0.16522734222415908,0.12795206828422545,-1.5707975517052344,0.0028322933708900488,-0.3488410012949982,1.5789184493588875,-0.14812719434056484,0.689468003762397,0.005655133138725158,-0.6551240632529653,0.21481761898925478,0.034446493104512456,0.0007497322360125337,-0.02989287090817333,0.017100147883594236,0.004443765144613057,3.251638796119367e-05,0.0007852522777171793,0.004373713548614249,11.391649194354663,0.07445531425813909,-0.004411064446230797,0.0024109751498173626,-1.5707977871623016,1.5773289149307899,-0.9695636585159764,0.8745415174919408,0.8246191521178423,0,zero,0,-0.0024109751498171406,0.12554109313440787,1.5626807140849768,1.4876391067351387,1.2203237721845372,-0.3056703602261138,0.10295526202025447,1.564270514468099,1.540267941828516,1.2059401256473607,-0.3929662647200175,0.005847132619197501,0.0014004129010384671,-0.00128980154634255,0.0009540755391078926,0.004412158128947813,2.0995207223698404,-7.5911843703738136,-16.883556157645767,1.0,-0.8367124795913696,1.4603674047819482e-06,2.3545706717698067e-07,0.0,0.0,0.0,1,-0.10618897150031391,-4.5,9.0,9.0,-0.10618897150031391,-3.1863447002494096,3.9062456505770973,-0.7259873837607238,-0.004658128675274226,0.001467068164488152,0.0012775837461115086,0.04186033455466409,-0.060997740120795556,-0.3372824441708839,0.0,0.0,0.0,0.0,0.0,-0.19911676636098613,-30.0,30.0,30.0,51.96190573378392,-1.3136552997505904,5.093754349422903,9.725987383760724,-0.19911676636098613,-43.50328825926001,70.34175816542168,74.7791899365851,111.50096827485156,2.439999999999992
0.0,0.0,0.0,0.0,0.0,0.0,0.0,0.0,0.0,0.0,0.0,0.0,0,0.0,-1.5707963267948966,nan,0.0020312198741809905,-0.30875605031864284,-0.16311032973888176,0.12795920265072325,-1.5707975513463295,0.002815051065460683,-0.34884244557019284,1.5788689919293006,-0.14812983577376312,1.0411629748116864,0.003409895526715898,-1.019352434337667,-0.21196539184756003,0.04280126954938217,0.0007838311912796926,-0.04008639525155,0.014980493965118635,0.006438438674134213,4.4331766776326454e-05,-0.006261099962411143,0.0015000515043613692,8.686693637717388,0.057193698887948605,0.011654637626756115,-0.09850836186827938,-1.5707975414732827,1.5773786211327634,-0.9695979053383895,0.8745415175039307,0.8252653953667496,0,zero,0,0.09850836186827916,0.22646756451900263,1.5627301715545858,1.4876509520075147,1.2203128625088149,-0.30566229026002045,0.24206898696181273,1.5642208204850554,1.5499278043523397,1.158815964051123,-0.5313499008118395,0.004093859824628839,0.0009804966787704142,-0.000903052329440856,0.0006679943441664176,-0.011651357246578573,0.10465120512802006,-2.4472403762182355,-11.029471090580058,1.0,-1.2971755266189575,1.2146783863187238e-06,-9.873046824537823e-09,0.0,0.0,0.0,1,-0.04759412966711422,-4.5,9.0,9.0,-0.04759412966711422,-3.8695201333174363,6.510237797955945,2.195060798398589,-0.004658293209190198,0.0014670681645082655,0.0012785849717909241,0.013880950703154473,-0.030156687937494497,-0.24897893811570104,0.0,0.0,0.0,0.0,0.0,-0.08924457091152113,-30.0,30.0,30.0,51.96160086634588,-0.6304798666825637,2.489762202044055,6.804939201601411,-0.08924457091152113,-36.17303777484791,60.26541273483455,87.7626514130245,112.4397597898449,2.4499999999999917
0.0,0.0,0.0,0.0,0.0,0.0,0.0,0.0,0.0,0.0,0.0,0.0,0,0.0,-1.5707963267948966,nan,0.0020224906171618,-0.29888843362898815,-0.1590598190497761,0.12796402397085438,-1.5707975511037844,0.002803398843167928,-0.3488434210927185,1.5788355691859552,-0.14813162081920275,1.0668187358415038,-0.0002922965273564459,-0.9868592212180338,-0.4052295734545297,0.051142312293497305,0.0007809082260061282,-0.04995498746373034,0.010928198230573338,0.010867712445258053,2.7557094833466594e-05,-0.010734129961723099,-0.0016984900247512674,2.68345677488074,0.018155416914600146,0.02377034001710637,-0.1514381323926257,-1.5707975617240222,1.5775668183552414,-0.5538748636205646,0.8745415175040014,0.8252664543497898,0,zero,0,0.1514381323926255,0.2794021563634801,1.5627635943249811,1.4876589569018617,1.2203054898795715,-0.30565683667280774,0.2852196280116922,1.5640326950013923,1.536803360273195,1.1735329506383583,-0.5826871288374121,0.002641502266292989,0.0006326509235815404,-0.0005826811070687923,0.0004310134322067235,-0.023761307376492423,-2.240825874155423,4.1150074596335635,-0.8093366068057515,1.0,-1.7761800289154053,1.234929125626394e-06,1.06202380223408e-08,0.0,0.0,0.0,1,0.020832574954077494,-2.2453279802882156,6.462909425721036,9.0,0.020832574954077494,-3.5017457789473356,7.07340778085685,4.3476537413193395,-0.0026610118501074575,0.001467068164508384,0.0012785866124750097,-0.03259442457303055,0.02428514727986535,-0.0665680581189749,0.0,0.0,0.0,0.0,0.0,0.03906351950886461,-14.968853201921439,21.54303141907012,30.0,39.85185434659562,1.25641779865912,-0.6104983551358139,4.6523462586806605,0.03906351950886461,-14.968853201921439,21.54303141907012,64.12608500266288,69.28437827267426,2.4599999999999915
0.0,0.0,0.0,0.0,0.0,0.0,0.0,0.0,0.0,0.0,0.0,0.0,0,0.0,-1.5707963267948966,nan,0.0020607457248458462,-0.2933231920710582,-0.15585683328565242,0.12796697200519302,-1.5707975509554781,0.0027962739690302824,-0.34884401738441245,1.5788151325851383,-0.1481327122978738,0.6422361036943586,-0.0045379981821691995,-0.5565837849623889,-0.32040772427947284,0.05606037005147067,0.0007355282441844362,-0.05552082531335423,0.00772412098777861,0.011327480717291605,-1.1860932195971062e-05,-0.010847446495880396,-0.0032626037512871048,-4.847207846320458,-0.034106296437707226,0.026284512871944568,-0.13339504374158406,-1.570797831580005,1.5778255092650895,0.9119860620542637,-0.8763084124836326,0.8252664674458351,0,zero,0,0.13339504374158384,0.2613620157467773,1.5627840309423393,1.4876638515578353,1.2203009818270973,-0.3056535020337644,0.22118227703684387,1.5637741351676102,1.5048744245680248,1.245372960809834,-0.5247329657344417,0.0014979496185716329,0.0003587652457318942,-0.0003304282389685379,0.00024442015992641187,-0.026277460156615213,-3.5789305012789394,8.674561423194591,9.942958755788096,1.0,-1.9995275735855103,1.5047851085192576e-06,2.806245271713692e-07,0.0,0.0,0.0,1,0.09931400378177428,1.716225447920265,-9.0,4.49674018127164,0.09931400378177428,-1.7439176547593738,2.408518144362412,5.0812939053316395,0.004381505422354262,-0.0014700321808789787,0.0012785866327647331,-0.05827795421443817,0.06001292661295636,0.15986106649221907,0.0,0.0,0.0,0.0,0.0,0.18622539617808792,11.4415029861351,-30.0,14.989133937572134,35.43468366838339,3.4601431026796385,-11.408518144362413,-0.5845537240599992,0.18622539617808792,11.4415029861351,-30.991629258610256,14.989133937572134,36.27806349271615,2.4699999999999913
0.0,0.0,0.0,0.0,0.0,0.0,0.0,0.0,0.0,0.0,0.0,0.0,0,0.0,-1.5707963267948966,nan,0.0021395564620840892,-0.29577784603859386,-0.15419078855983684,0.12796849794259857,-1.5707975508787135,0.0027925860408651395,-0.34884432597264237,1.578804554359097,-0.14813327725968725,0.2967862045582914,-0.00824986654033859,0.24543453793057224,-0.16666096876290226,0.0534150838562758,0.0006530295787810503,-0.053066479934048505,0.006057511300149587,0.006477849094279643,-6.279525813660143e-05,-0.005585515035997739,-0.0032803364806766894,-10.455861286852524,-0.07570775192246536,0.015521171686304916,-0.0477407841751476,-1.5707982133316556,1.5780331622732526,0.969533313224056,-0.8745415447440228,-0.6801199212383231,0,zero,0,0.0477407841751476,0.1757092821177464,1.5627946091769425,1.4876663850895975,1.220298648405874,-0.30565177598519677,0.13965805584352295,1.563566520709928,1.47122481856669,1.336027027902136,-0.3820742450896414,0.000671157030315411,0.00016074493689273713,-0.0001480485277001122,0.00010951256747997477,-0.015527007020288948,-2.9802297908530107,8.731353657250981,16.207259237142473,1.0,-1.7826697826385498,1.8865367588105642e-06,6.624529422794012e-07,0.0,0.0,0.0,1,0.13728839502253057,3.9598471398862554,-9.0,-9.0,0.13728839502253057,0.5485451615138788,-2.7064069897472436,2.974632519388757,0.00465798288569846,-0.0014670682102042914,-0.0010537108610067175,-0.05480047787844877,0.06642285677091789,0.304192878496981,0.0,0.0,0.0,0.0,0.0,0.2574318301566296,26.398980932575036,-30.0,-30.0,49.96971548273652,3.411301978372377,-6.293593010252756,-11.974632519388758,0.2574318301566296,26.398980932575036,-70.97933429302728,-41.319194448084474,86.26884832861495,2.479999999999991
0.0,0.0,0.0,0.0,0.0,0.0,0.0,0.0,0.0,0.0,0.0,0.0,0,0.0,-1.5707963267948966,nan,0.002224702023273893,-0.3046709410906934,-0.1531197791422794,0.12796906449466716,-1.5707975508502117,0.002791216780409055,-0.3488444405353765,1.5788006268612733,-0.14813348701938342,0.8957683703073835,-0.008651482164588825,0.8892980489365432,-0.10712191772536128,0.044457643901744524,0.000566514757135162,-0.04417349944468307,0.0049862921228959745,0.0036388097842785707,-9.936419019236989e-05,0.0022010813124062265,-0.0028959116802908472,-10.995565230353291,-0.08034891090515722,-0.00034760611986871964,0.06419926920540675,-1.5707985602226604,1.5781008148611861,0.9696075212668532,-0.8745415175416388,-0.8251483796534995,0,zero,0,-0.06419926920540675,0.06376979528926041,1.5627985366779447,1.4876673257426372,1.220297782050141,-0.30565113513559067,0.2055653345782106,1.5634987449244286,1.4521949833982017,1.4042204302886732,-0.22097062449596605,0.0001691451248565446,4.0510970149566635e-05,-3.731121864415949e-05,2.7599378480854104e-05,0.00033158364253041764,-1.0841371672037627,5.188461071849467,15.100182701471951,1.0,-1.3450435400009155,2.2334277636204547e-06,1.00937244873478e-06,0.0,0.0,0.0,1,0.07547223131224032,3.129827779583071,-9.0,-9.0,0.07547223131224032,1.9593353113657144,-5.881002889155693,-0.2242684173086537,0.004658339407530784,-0.001467068164571522,-0.001278403679162801,-0.028404608884436633,0.04648679109768965,0.3105587162631058,0.0,0.0,0.0,0.0,0.0,0.14151927866536718,20.865518530553807,-30.0,-30.0,47.27991001741774,1.1704924682173568,-3.1189971108443073,-8.775731582691346,0.14151927866536718,20.865518530553807,-77.40131234822168,-78.22860051046105,112.00922721949027,2.489999999999991
0.0,0.0,0.0,0.0,0.0,0.0,0.0,0.0,0.0,0.0,0.0,0.0,0,0.0,-1.5707963267948966,nan,0.002281074030591845,-0.3156617896698481,-0.1532908824732322,0.12796914599017262,-1.5707975508461123,0.0027910198194953002,-0.3488444570141578,1.578800061911574,-0.14813351719219817,1.0992308962733903,-0.005656896823170695,1.0990832100373382,0.0171073158138052,0.03358493521555092,0.0005099457889034551,-0.03318266734430969,0.0051573652810340265,0.008964992648919272,-0.0001037717750437101,0.008779071012876338,-0.0018133495980519792,-7.071274813508014,-0.051123347213393816,-0.012972239929604123,0.15354875961156456,-1.5707987448257588,1.5780246610367292,0.7264140132429745,-0.8745415175076254,-0.8252660596607198,0,zero,0,-0.15354875961156456,-0.02557961362139194,1.562799101628101,1.4876674610505802,1.220297657429471,-0.305651042952779,0.2858135132304972,1.563574717523762,1.4543881152518139,1.4248358452454573,-0.10881258727579382,0.0,0.0,-0.0,0.0,0.012957061228619171,1.0641342904501598,-0.16223173476471198,7.973362171235693,1.0,-0.9452773332595825,2.418030862205711e-06,1.1939796467075325e-06,0.0,0.0,0.0,1,-0.026450017847664264,0.5919628602500878,-9.0,-9.0,-0.026450017847664264,1.8268901529375308,-7.52807995962543,-2.9284697361662895,0.0034899512945723455,-0.0014670681645144634,-0.0012785860009826143,0.015247320936907954,0.01206738532375683,0.19422542779898339,0.0,0.0,0.0,0.0,0.0,-0.04959688326957484,3.9464190683339186,-30.0,-30.0,42.60958440672403,-1.234927292687443,-1.4719200403745702,-6.0715302638337105,-0.04959688326957484,3.9464190683339186,-53.614893883669254,-78.86321570769952,95.44391191286115,2.4999999999999907
0.0,0.0,0.0,0.0,0.0,0.0,0.0,0.0,0.0,0.0,0.0,0.0,0,0.0,-1.5707963267948966,nan,0.002294179643872013,-0.32489848379380715,-0.15626939973260265,0.12796906153745513,-1.5707975508417895,0.00279082119585625,-0.3488444440045347,1.5787994928733748,-0.14813348819846409,0.9705084927818538,-0.0013304236919218192,0.9236707133582156,0.2978546253104536,0.025295231165898293,0.0004966415519842369,-0.023945960210727535,0.008135911534138562,0.012014601448431002,-7.79127781365827e-05,0.011989299107039796,0.0007754253578379873,-0.26780030946930067,-0.00187062302078898,-0.018416326680244052,0.18514365250838494,-1.5707986552724622,1.5778595007824252,-0.7497170372133743,0.08894178678804154,-0.8252664600461447,0,zero,0,-0.18514365250838516,-0.057174590970929806,1.5627996706669107,1.4876673320289315,1.2202977723519903,-0.30565114150459205,0.2735363541924713,1.563739791426821,1.475373991178032,1.3897724459031828,-0.09129521778587082,0.00017036926113564847,-3.8628864317753026e-05,3.440760867664761e-05,-2.9506246824821177e-05,0.018409779869200376,2.678415848538722,-5.636781646484252,-2.690558955050085,1.0,-0.6460447907447815,2.3284775654275336e-06,1.1044306726937236e-06,0.0,0.0,0.0,1,-0.09932622317638945,-2.307377592379266,-3.552672297923649,-9.0,-0.09932622317638945,0.43067532232608885,-6.719493182536961,-4.831910260690285,-0.0036019073102745713,0.0001492023663595035,-0.0012785866213003813,0.04223118194213586,-0.03646918259384247,-0.015729382297182414,0.0,0.0,0.0,0.0,0.0,-0.18624830897504116,-15.38251728252844,-11.84224099307883,-30.0,35.733670370087076,-2.7380529147053547,3.1668208846133115,-4.168089739309715,-0.18624830897504116,-15.38251728252844,-11.84224099307883,-47.628834082648055,51.43346220302942,2.5099999999999905
0.0,0.0,0.0,0.0,0.0,0.0,0.0,0.0,0.0,0.0,0.0,0.0,0,0.0,-1.5707963267948966,nan,0.002265917993288986,-0.328638571974911,-0.1613096101188184,0.12796847442702242,-1.5707975508117378,0.002789440376168732,-0.34884435355914784,1.5787955369525268,-0.14813328663566327,0.6276576403814119,0.002688083089550904,0.37401786264906756,0.5040411949016554,0.024128058057954156,0.0005235223828797459,-0.02020578158423686,0.013176323483155117,0.011160448811869995,-3.3961190824731554e-05,0.010467791721885236,0.003870374760552145,6.874850507585644,0.047459830518020184,-0.01382875917510104,0.14366078037763486,-1.5707982979792776,1.5776935374781833,-0.9677666133502939,0.8744589031472461,-0.4629048200534878,0,zero,0,-0.14366078037763508,-0.01569230595061244,1.5628036265920044,1.4876664350778461,1.2202985712867374,-0.30565182663113105,0.1554272047874015,1.5639057968537011,1.5062708201643087,1.3109049160187607,-0.18074879080495335,0.0006760143247300331,-0.00015327686140554492,0.00013652718917762666,-0.00011707889903166038,0.013828801579578338,3.1772533136529044,-8.885074728703923,-12.582835736755674,1.0,-0.5100371241569519,1.9711843810554797e-06,7.471675398385003e-07,0.0,0.0,0.0,1,-0.12139582342160422,-4.5,9.0,1.4771922531721144,-0.12139582342160422,-1.519066135679838,-1.7110174098966018,-4.49856985485391,-0.0046494950311153265,0.0014669295765851109,-0.0007171791639548225,0.05406168528837342,-0.06297437259358037,-0.216851106209796,0.0,0.0,0.0,0.0,0.0,-0.22763139587775028,-30.0,30.0,4.923974177240382,42.71179389525239,-2.980933864320162,10.711017409896602,5.975762108026025,-0.22763139587775028,-32.623652580403025,34.54453621836144,4.923974177240382,47.76949892953706,2.5199999999999902
0.0,0.0,0.0,0.0,0.0,0.0,0.0,0.0,0.0,0.0,0.0,0.0,0,0.0,-1.5707963267948966,nan,0.0022156272919722528,-0.32465206069603514,-0.1646188834943352,0.1279668931182214,-1.5707975507307963,0.002785721314151244,-0.3488441099276205,1.5787848821726085,-0.148132743751133,0.5181445970880757,0.004657163929924551,-0.3986267647348496,0.3309816260047088,0.029280933332972246,0.0005700940221789914,-0.024192049231585355,0.016486139743202205,0.006437222790434552,8.39211259184955e-06,0.00431338186823621,0.0047783369162196325,10.701877659511574,0.07310826850114968,-0.0012355482032377664,0.04810801735006742,-1.5707978700010479,1.577623869494437,-0.969534505945521,0.874541517449834,0.8030432966496955,0,zero,0,-0.0481080173500672,0.07985887576815376,1.5628142813833577,1.4876640192518527,1.2203007231179361,-0.3056536719341008,0.05541723832825414,1.563975521611829,1.5341157581786202,1.2237012959460964,-0.33566023588571153,0.001508790572309146,-0.0003420973121156519,0.0003047138623539273,-0.0002613073904104738,0.0012363721309093644,2.3664125726485037,-8.062768314905163,-16.398483112630608,1.0,-0.6312333345413208,1.543206151310983e-06,3.1927025156974764e-07,0.0,0.0,0.0,1,-0.09325515969376433,-4.5,9.0,9.0,-0.09325515969376433,-2.975552106968556,3.1774671959023166,-1.870229901628498,-0.004657988615956611,0.0014670681644175167,0.0012441562393846017,0.04534752916744769,-0.06294182011128086,-0.3179477782435425,0.0,0.0,0.0,0.0,0.0,-0.1748643534478986,-30.0,30.0,30.0,51.961818458769386,-1.5244478930314438,5.822532804097683,10.870229901628498,-0.1748643534478986,-42.31744628912523,65.3556706233566,57.85225931030951,97.00022900958056,2.52999999999999
0.0,0.0,0.0,0.0,0.0,0.0,0.0,0.0,0.0,0.0,0.0,0.0,0,0.0,-1.5707963267948966,nan,0.002170709355148847,-0.3150404915064102,-0.16370822876980912,0.12796383810913237,-1.5707975505744238,0.0027785362889076095,-0.3488436391274965,1.5787642976735534,-0.14813169492452757,0.9654119271834973,0.003773291157977126,-0.9611098389500916,-0.09096058979206623,0.03722432872877031,0.0006078269337587627,-0.03380314762108627,0.015576533845281543,0.00436567811487647,3.069568833593303e-05,-0.003525571165530518,0.0025745972761208186,9.696842955412937,0.06686783854538812,0.012404540598089396,-0.05649272863626753,-1.5707975795443774,1.5776899876859936,-0.9695941758484302,0.874541517503875,0.8252407240019719,0,zero,0,0.05649272863626731,0.1844565667453999,1.5628348659045024,1.4876593519975074,1.2203048803476126,-0.30565723696665204,0.19492459088031056,1.5639094233968576,1.547507960367905,1.1671770313686274,-0.4833930442623261,0.0026606193337267024,-0.0006032584901679427,0.0005373360679160453,-0.00046079257633996275,-0.012401880103140103,0.5421637310168979,-3.654135921589088,-12.80904569858549,1.0,-1.0049381256103516,1.2527494810399276e-06,2.8969953547175464e-08,0.0,0.0,0.0,1,-0.0345082705214806,-4.5,9.0,9.0,-0.0345082705214806,-3.7681810434115035,6.130983893239728,1.1882089245230296,-0.004658275291393908,0.001467068164508172,0.0012785467484067673,0.020120401046408047,-0.03747816465718492,-0.2754906463490938,0.0,0.0,0.0,0.0,0.0,-0.06470705141848979,-30.0,30.0,30.0,51.96156451650107,-0.7318189565884965,2.869016106760272,7.81179107547697,-0.06470705141848979,-38.07845081908358,63.22888529535867,83.06430152553529,111.11949751237421,2.53999999999999
0.0,0.0,0.0,0.0,0.0,0.0,0.0,0.0,0.0,0.0,0.0,0.0,0,0.0,-1.5707963267948966,nan,0.00215020348310243,-0.3038693964239066,-0.15986656003867936,0.12795884183869255,-1.5707975503186848,0.0027667856874750286,-0.34884286883404614,1.5787306330521698,-0.14812997963340538,1.1811920883968348,0.0008755270613836075,-1.1170324789053276,-0.3839953440007565,0.04648376828366858,0.0006165822043725988,-0.04497347241013955,0.011736580405273978,0.009816175453115106,2.6254172484984164e-05,-0.00977995459386121,-0.0008420803921121173,4.880778032404776,0.03454787033297742,0.02310978109759224,-0.12704666031579048,-1.5707975399042966,1.577876089779192,-0.8260274207888239,0.8745415175040402,0.8252662671511787,0,zero,0,0.12704666031579048,0.25500550215448303,1.5628685305620114,1.4876517190038643,1.2203116792287845,-0.30566306734759696,0.26578639053751685,1.5637233818644138,1.538905942387926,1.1684710419331719,-0.5612549833666558,0.004123487887164145,-0.0009349436221498795,0.0008327755644339834,-0.000714146733787574,-0.023100874854844456,-1.8233988002676236,2.8045159840456755,-3.8997831193383274,1.0,-1.504073977470398,1.2131094000444875e-06,-1.041438846272058e-08,0.0,0.0,0.0,1,0.035530962602438314,-2.9589482192438656,9.0,9.0,0.035530962602438314,-3.669500577380737,7.62870983630052,3.6188191144519872,-0.003968529535470236,0.0014670681645084492,0.0012785863224479077,-0.025722336590944233,0.015107113747706204,-0.12205693617954218,0.0,0.0,0.0,0.0,0.0,0.06662471892450463,-19.726321461625773,30.0,30.0,46.78816300369752,0.7105523581368716,1.3712901636994799,5.381180885548012,0.06662471892450463,-19.726321461625773,30.684864186017524,71.10090761827314,79.912653262904,2.5499999999999896
0.0,0.0,0.0,0.0,0.0,0.0,0.0,0.0,0.0,0.0,0.0,0.0,0,0.0,-1.5707963267948966,nan,0.00216420479192421,-0.29538371866967683,-0.15601673161002494,0.12795144858882113,-1.5707975499402558,0.002749397791753385,-0.3488417282375565,1.5786808177026523,-0.14812744141853992,0.9316114965604002,-0.003138920454342402,-0.8484537157740113,-0.3847290213788962,0.054040190021242746,0.0005851929998291748,-0.05345800956787966,0.007889290191485016,0.012549042265335564,-3.417306472825116e-06,-0.012154815232949333,-0.0031207237545251704,-2.449759974274738,-0.017989574136550043,0.025682482247289775,-0.133437192384535,-1.570797769207541,1.5781267590800778,0.7748530152323341,-0.8743592826735896,0.8252664615305378,0,zero,0,0.13343719238453478,0.26138864097335635,1.56291834596498,1.487640424052948,1.2203217398986494,-0.3056716948756256,0.229845823340718,1.5634728503307498,1.5092290754834214,1.231569289500397,-0.534224134787018,0.005889449459130639,-0.0013353508875165166,0.0011894274293372494,-0.0010199935613094994,-0.02567253445493154,-3.5225534962697567,8.214123181793754,7.141395709518604,1.0,-1.8360302448272705,1.4424126444367857e-06,2.1926728521748373e-07,0.0,0.0,0.0,0,0.11762182903686438,1.0116866759578882,-6.1427506168942285,8.889771748917259,0.11762182903686438,-2.1606546201636863,3.957678768118597,5.261372304712254,0.0037226694891813105,-0.0014667624604190862,0.001278586623600154,-0.05595959163543997,0.0552962427635272,0.10195506629067005,0.0,0.0,0.0,0.0,0.0,0.22055471411375283,6.7445778397192555,-20.47583538964743,29.632572496390864,36.64542484779987,3.1723412961215747,-10.100429385012825,3.6283994442050043,0.22055471411375283,6.7445778397192555,-20.47583538964743,29.632572496390864,36.64542484779987,2.5599999999999894
0.0,0.0,0.0,0.0,0.0,0.0,0.0,0.0,0.0,0.0,0.0,0.0,0,0.0,-1.5707963267948966,nan,0.002216695261450155,-0.29450077992804774,-0.15382812548543992,0.12794121438654882,-1.5707975494164115,0.002725328569405042,-0.34884014787123896,1.5786118601571024,-0.14812392784898004,0.2357389116412052,-0.007655969187428738,-0.08813583753115584,-0.21850925550251366,0.05464031009230524,0.0005086333079548874,-0.05433936794319122,0.005704197636459879,0.009366620054414333,-5.3223798998393627e-05,-0.008675427912696744,-0.0035309614841540216,-9.163959708461217,-0.06904931270945705,0.014636979714528178,-0.0657507830653501,-1.5707981562436228,1.578326552668881,0.969402765835086,-0.8745415360109781,-0.4007657104432399,0,zero,0,0.06575078306534987,0.19369199745189913,1.5629873035845108,1.4876247888702232,1.2203356665117735,-0.30568363764352147,0.14772200798539967,1.5632731389697558,1.4733850595713553,1.325056035947312,-0.40889499494566295,0.007950623224463075,-0.0018026934185905025,0.0016057000589148587,-0.0013769681790506767,-0.014638585904604266,-3.3623736041352057,9.47908764853893,15.280933887139547,1.0,-1.8596268892288208,1.8294487262870973e-06,6.0682721159111e-07,0.0,0.0,0.0,1,0.17494217082744637,3.9005439272016154,-9.0,-8.07364899402175,0.17494217082744637,0.1814820114446452,-1.3402554406370224,3.7633584414821772,0.004657355689608031,-0.0014670681955543615,-0.0006209069439463437,-0.05953158352423514,0.0700154438064732,0.2785236092684766,0.0,0.0,0.0,0.0,0.0,0.3280370726185006,26.003626181344103,-30.0,-26.912163313405834,47.964160756835135,3.71906191575697,-7.659744559362977,-11.837007435503928,0.3280370726185006,26.003626181344103,-66.43491803310476,-26.912163313405834,76.2506331198166,2.569999999999989
0.0,0.0,0.0,0.0,0.0,0.0,0.0,0.0,0.0,0.0,0.0,0.0,0,0.0,-1.5707963267948966,nan,0.0022769997548409576,-0.3008340276852026,-0.1525505070781735,0.12792770690614552,-1.570797548725024,0.002693561468365711,-0.3488380594127816,1.5785208474260428,-0.14811929048688552,0.6462618887472447,-0.009207159443013401,0.633533621561222,-0.12729810451719004,0.048209918753742906,0.00041656171352475336,-0.048004031727579,0.004431216591287979,0.003557409969052556,-9.669246127079326e-05,-0.0015573048838726927,-0.003196970089712158,-11.06576050201308,-0.08382325046903816,-0.004369927216083864,0.04160657461892403,-1.5707985496613879,1.5783678771079217,0.9696077912663679,-0.8745415175040532,-0.8247538811215527,0,zero,0,-0.04160657461892381,0.08632113228722149,1.5630783164131967,1.4876041529750679,1.2203540473732806,-0.3056994001523774,0.1989503376017063,1.563231730609569,1.4491552844624431,1.4058632152947161,-0.2449602330267674,0.01029919430632607,-0.0023351993005620774,0.0020800151683153315,-0.001783717128744788,0.00435587253912891,-1.6563290951608778,6.721842796446161,16.131591679791665,1.0,-1.5323102474212646,2.2228664913193086e-06,1.0009363640151037e-06,0.0,0.0,0.0,1,0.13459792451864458,3.724838149155311,-9.0,-9.0,0.13459792451864458,1.9212921206805937,-5.077662903955103,0.5911321129008604,0.004658340704704488,-0.001467068164508471,-0.0012777924819683318,-0.03693149931360268,0.05600105351640153,0.3235128404523305,0.0,0.0,0.0,0.0,0.0,0.2523868826526244,24.832254327702074,-30.0,-30.0,49.15998936263324,1.8035460284747171,-3.922337096044897,-9.59113211290086,0.2523868826526244,24.832254327702074,-82.41160785150201,-72.60744852401552,112.60647958253347,2.579999999999989
0.0,0.0,0.0,0.0,0.0,0.0,0.0,0.0,0.0,0.0,0.0,0.0,0,0.0,-1.5707963267948966,nan,0.002304069734968117,-0.31026616591161515,-0.1523631918058688,0.12791050537124926,-1.5707975478445575,0.00265310721461935,-0.3488353954624516,1.5784049443389347,-0.1481133848521646,0.9436787646918524,-0.006752423387352017,0.9434802176742529,-0.01814096375837848,0.038804228564050476,0.0003490374796512332,-0.03856922955083647,0.004249806953704194,0.005705198911393493,-0.00010928437619785934,0.005242386450994271,-0.00224827396954113,-8.131553022978006,-0.06042182720972722,-0.021724375681097304,0.13795807285515904,-1.5707988175570728,1.578224434676788,0.9363709317914355,-0.8745415175040622,-0.8252655223158104,0,zero,0,-0.13795807285515904,-0.01004756748390978,1.5631942196246031,1.4875778735312435,1.2203774550720394,-0.30571947342581157,0.2977965131168119,1.5633749911758323,1.4457970069964332,1.4441305983887929,-0.11369962915535461,0.012927413776211958,-0.002931111571489074,0.002610807791546694,-0.002238898373714261,0.021708438738327132,0.5436920798416036,1.7102942421600351,10.385763826395664,1.0,-1.174270749092102,2.4907621760661414e-06,1.2697125155725075e-06,0.0,0.0,0.0,1,0.03121509350210764,1.4032626876639678,-9.0,-9.0,0.03121509350210764,2.1509567931787537,-7.122314795870059,-2.304619558042294,0.004498659009916944,-0.001467068164508486,-0.0012785851684733033,0.006959705729436711,0.02439278429938788,0.23589677740673606,0.0,0.0,0.0,0.0,0.0,0.05853195856386206,9.355084584426452,-30.0,-30.0,43.44561006099404,-0.7476941055147859,-1.877685204129941,-6.695380441957706,0.05853195856386206,9.355084584426452,-65.83283703328891,-83.13290434363361,106.45451258650927,2.5899999999999888
0.0,0.0,0.0,0.0,0.0,0.0,0.0,0.0,0.0,0.0,0.0,0.0,0,0.0,-1.5707963267948966,nan,0.0022776340058475925,-0.3189393408643321,-0.1549374810904773,0.1278892004569916,-1.5707975467540631,0.0026030036129295903,-0.3488320893005337,1.5782613928846916,-0.14810607038693635,0.9052434071672588,-0.00236678725692354,0.8676481114634871,0.2581603749836764,0.030665134055661646,0.0003253696070819978,-0.0298927484362016,0.006831410703540958,0.009265929104437557,-8.847823638056997e-05,0.00926285088098773,0.00022182724524912132,-1.9166257091397512,-0.013679827371874415,-0.032973872228771496,0.18395725086780312,-1.5707988327024405,1.577939406328136,-0.45591708734687497,-0.8745415175040624,-0.8252664549505861,0,zero,0,-0.18395725086780335,-0.05606805041081131,1.5633377712327527,1.4875453251973665,1.220406446613854,-0.30574433512418325,0.31588024299024825,1.5636599033175418,1.4629265346475568,1.4268074695419617,-0.06789405232301945,0.015827598653940813,-0.0035886882222969205,0.003196526281476481,-0.0027411812988702698,0.03296615087961514,2.417544372647314,-4.055258730661957,0.27896017182154154,1.0,-0.8730615377426147,2.5059075436928424e-06,1.285948377116597e-06,0.0,0.0,0.0,1,-0.05402730458853132,-1.513995872770508,-8.398788528119994,-9.0,-0.05402730458853132,0.9912410449462601,-7.931227616296542,-4.426648287714259,-0.0021903878507251087,-0.0014670681645084865,-0.0012785866134058244,0.03712339545746547,-0.024904880542989623,0.056500826048127256,0.0,0.0,0.0,0.0,0.0,-0.10130752782398522,-10.093305818470053,-27.995961760399982,-30.0,42.25705811400189,-2.5052369177167684,-0.46756091182345205,-4.573351712285741,-0.10130752782398522,-10.093305818470053,-27.995961760399982,-59.509602624293414,66.5360937007234,2.5999999999999885
0.0,0.0,0.0,0.0,0.0,0.0,0.0,0.0,0.0,0.0,0.0,0.0,0,0.0,-1.5707963267948966,nan,0.002198529822208448,-0.3237199282129086,-0.1603871130717666,0.127863394192131,-1.5707975454331737,0.0025423153502447155,-0.3488280746267879,1.578087511552199,-0.14809721041983917,0.72586424356594,0.00184159209542698,0.47846020223223373,0.5458491948386462,0.027956732856754523,0.0003437855280362676,-0.025108146413879262,0.01228990265192742,0.010083898796823204,-4.662568826885815e-05,0.00934842298682205,0.003780188970041445,5.448845649546906,0.03705611818353153,-0.034812725958434966,0.15876469412694671,-1.5707985412382304,1.577589894120044,-0.9658954167636522,0.8743812487369964,-0.8252664659198414,0,zero,0,-0.15876469412694671,-0.030901299934815718,1.5635116527516078,1.48750589997738,1.2204415635546506,-0.30577444965880884,0.22130806703450207,1.5640094474512953,1.4937835446831305,1.3571686501425195,-0.13186841840880767,0.01899213190766042,-0.0043062021967786345,0.0038356323098317304,-0.003289246710712732,0.034813783748590614,3.356895596758783,-8.512340660296502,-10.604416713911482,1.0,-0.6285276412963867,2.214443333592442e-06,9.95805056636101e-07,0.0,0.0,0.0,0,-0.08999175063407638,-4.306405826829776,5.898931030193467,-3.257095064996771,-0.08999175063407638,-1.016011333022893,-4.058215668139948,-4.9409798240190534,-0.0046405051371555504,0.0014667993091125773,-0.0012785866304005089,0.05533607532094317,-0.05840118168029368,-0.17195960883244496,0.0,0.0,0.0,0.0,0.0,-0.16874507900633112,-28.709372178865173,19.663103433978225,-10.856983549989238,36.45227365016275,-3.290394493806883,9.957146698333416,1.6838847590222823,-0.16874507900633112,-28.709372178865173,19.663103433978225,-10.856983549989238,36.45227365016275,2.6099999999999883
0.0,0.0,0.0,0.0,0.0,0.0,0.0,0.0,0.0,0.0,0.0,0.0,0,0.0,-1.5707963267948966,nan,0.0020847328586284185,-0.3215999409217436,-0.16525299342100475,0.12783269986117984,-1.5707975438620994,0.002470133801526363,-0.34882328528449236,1.5778806946708261,-0.14808667213021243,0.5315567039096095,0.004161541486167675,-0.2115197948869496,0.4876418638864899,0.03218604664817195,0.00038540094289794434,-0.027223344362748758,0.01716632129079232,0.007507245683398584,-3.3342809840580345e-06,0.0048136304623394785,0.005760875663084078,10.5102019743886,0.06820536568328744,-0.02673939344651616,0.07031060446598891,-1.5707980926464638,1.5772814223932343,-0.9695267938102998,0.8745415398795362,0.709645895033383,0,zero,0,-0.07031060446598891,0.05752209539519093,1.5637184698545532,1.4874590070710245,1.2204833321336674,-0.3058102683061777,0.06339008817736512,1.5643180045966683,1.5262269285906436,1.2640593414085763,-0.2809884328795048,0.022413462453846292,-0.005081941391594829,0.0045266008671989875,-0.0038817868373303113,0.026742053275292575,3.0047149292866253,-9.274289816356193,-16.779998165029408,1.0,-0.7369376420974731,1.7658515671925556e-06,5.487843646179158e-07,0.0,0.0,0.0,1,-0.073005979893411,-4.5,9.0,9.0,-0.073005979893411,-2.6681165585393942,1.281378989943527,-2.723972818473075,-0.004657951564115914,0.0014670682020439774,0.0010994554985303585,0.0537991174920721,-0.06912607430798658,-0.3161948397248235,0.0,0.0,0.0,0.0,0.0,-0.13689476822315957,-30.0,30.0,30.0,51.96170455419613,-1.8318834414606058,7.718621010056473,11.723972818473076,-0.13689476822315957,-42.30409899019051,59.85575497822754,46.003936626616564,86.53744346067064,2.619999999999988
0.0,0.0,0.0,0.0,0.0,0.0,0.0,0.0,0.0,0.0,0.0,0.0,0,0.0,-1.5707963267948966,nan,0.0019690554991370636,-0.3136077572064986,-0.16601830755925082,0.12779674190653512,-1.570797542021624,0.002385576837782529,-0.3488176549715335,1.5776384117509434,-0.14807432651216804,0.802438523646228,0.0031120395747521058,-0.7986553402286156,0.07776597562904608,0.03952084065993313,0.0004165213386454654,-0.035209897765034914,0.01794398104708278,0.004836627839029058,1.8491348983845006e-05,-0.002111544772662892,0.004351322281367316,10.625586252082693,0.06678089702996437,-0.015281423882797211,-0.039403475221566175,-1.5707977181989718,1.5770783381841107,-0.9695978044611764,0.8745415175038559,0.825162643834546,0,zero,0,0.039403475221566175,0.1672002171281015,1.5639607530338813,1.48740407272431,1.220532263406643,-0.3058522293221679,0.15521303384110047,1.5645211206720766,1.548242136599941,1.187884883122847,-0.44486176283242224,0.02608410515730167,-0.00591420865627371,0.005267920263024304,-0.004517505328400417,0.01528312962685665,1.533419161971368,-6.041931984125156,-15.134308927386623,1.0,-1.0767347812652588,1.3914040755125257e-06,1.761773478214934e-07,0.0,0.0,0.0,1,-0.019550462884468767,-4.5,9.0,9.0,-0.019550462884468767,-3.617524351599779,5.044941738603654,0.4387083266952403,-0.004658292724540186,0.00146706816450814,0.0012784257786808753,0.03440659604382959,-0.052264688529044506,-0.3136963785901944,0.0,0.0,0.0,0.0,0.0,-0.03665940912144903,-30.0,30.0,30.0,51.961537158866626,-0.882475648400221,3.9550582613963456,8.56129167330476,-0.03665940912144903,-43.88021766451515,71.0079987285861,82.73054559813725,117.52426942807115,2.629999999999988
0.0,0.0,0.0,0.0,0.0,0.0,0.0,0.0,0.0,0.0,0.0,0.0,0,0.0,-1.5707963267948966,nan,0.001875590694924065,-0.30347779858961055,-0.16304464147122644,0.1277551558306067,-1.5707975398930982,0.0022877886361076637,-0.3488111169408966,1.5773582068244385,-0.14806004833857578,1.0547115240006917,-0.0004323397461866675,-1.0123420586251153,-0.2959387914432121,0.04774743648859955,0.0004121979411835987,-0.04533331835128607,0.014984593132650659,0.008194760898795863,9.428613471488038e-06,-0.008142232772839,0.0009263167722696839,6.5458497100666415,0.04048429459849215,-0.0058351303166572915,-0.12394086575285979,-1.5707975655351663,1.5769803135723321,-0.9696053094242032,0.8745415175040538,0.8252660322177516,0,zero,0,0.12394086575285979,0.2516960215834665,1.564240958260273,1.4873405400799864,1.220588853379004,-0.3059007580562624,0.26195481406701676,1.5646191724747236,1.5503855755435783,1.1618605849744001,-0.5532800125633544,0.029996640831157516,-0.006801321793211072,0.006058092125613237,-0.005195117255189203,0.005840754351306642,-0.7441173776516,-0.04787290989342741,-7.337965188286118,1.0,-1.5658867359161377,1.23874026947135e-06,2.5642068024467335e-08,0.0,0.0,0.0,1,0.04378704215880991,-4.5,9.0,9.0,0.04378704215880991,-4.0657060124214786,7.099117327188227,3.0819379184551727,-0.004658328781051974,0.0014670681645084721,0.0012785859584651808,-0.00900888232124155,-0.014806497463761007,-0.18447686882549202,0.0,0.0,0.0,0.0,0.0,0.08210583566249749,-30.0,30.0,30.0,51.96158909587206,-0.43429398757852145,1.9008826728117727,5.918062081544827,0.08210583566249749,-30.53790951086585,48.814664835731726,81.09080702103478,99.45431687468175,2.6399999999999877
0.0,0.0,0.0,0.0,0.0,0.0,0.0,0.0,0.0,0.0,0.0,0.0,0,0.0,-1.5707963267948966,nan,0.0018133517391856317,-0.2951355898375675,-0.15913444285170852,0.12770758809795146,-1.5707975374584355,0.0021759394915669295,-0.3488036036928163,1.5770376977852323,-0.14804371612498018,0.9199554657796241,-0.0049610188802300895,-0.8334695503962763,-0.38938664059223194,0.05480320611398865,0.0003625877523812978,-0.05366801385524883,0.01109072672672834,0.011141664994722276,-2.6740389525049075e-05,-0.010965211708862624,-0.0019748711314943566,-0.33351319149481773,-0.002072375621680462,-0.0024070321176656506,-0.14987629612151387,-1.5707976849189713,1.5769442276768515,0.09672077995078127,-0.5369121052738072,0.8252664576116193,0,zero,0,0.14987629612151387,0.27758388421946556,1.564561467642283,1.4872678690280154,1.220653583139055,-0.3059562670657645,0.2604927759719218,1.5646553590277794,1.529199220771049,1.2000381987994453,-0.5622241838784192,0.034143716236872526,-0.007741613557670311,0.006895631402130852,-0.0059133491105515705,0.0024162228647778496,-2.9260073134049227,6.1990454110655975,3.6065577270121354,1.0,-1.961424708366394,1.358124074535283e-06,1.4746053578207352e-07,0.0,0.0,0.0,1,0.11304064166565438,-0.8433444965032112,0.7394069556235642,9.0,0.11304064166565438,-3.1777002841892577,5.697654178640822,4.92813841239051,0.00046468102906540486,-0.0009006852631016144,0.0012785866175285673,-0.04444930341436548,0.039660087932588545,0.033129027482370864,0.0,0.0,0.0,0.0,0.0,0.2119644509012833,-5.622296643354741,2.464689852078547,30.0,30.62237490041004,2.3343557876860466,-4.958247223017258,4.07186158760949,0.2119644509012833,-5.622296643354741,2.464689852078547,46.514288043604246,46.91810777029108,2.6499999999999875
0.0,0.0,0.0,0.0,0.0,0.0,0.0,0.0,0.0,0.0,0.0,0.0,0,0.0,-1.5707963267948966,nan,0.0017798987183239672,-0.2927576938387805,-0.1564236107236366,0.12765369603739773,-1.5707975347001077,0.0020492256307838726,-0.3487950466607291,1.5766745757297924,-0.1480252120934699,0.3587630876068479,-0.009326083992139238,-0.23693389666997744,-0.26923280965616136,0.056663838096518954,0.00026932691245990545,-0.056037352821948605,0.008398398630166726,0.009402191199910448,-7.985947769504037e-05,-0.00887399451789566,-0.0031059689502397694,-7.523055038003843,-0.0458029168316466,-0.010473102782185746,-0.10193034015710367,-1.570798012114526,1.5768796049011171,0.9663072042562416,-0.8745213501260249,0.34550048974394876,0,zero,0,0.10193034015710367,0.22958403619450163,1.5649245900858217,1.4871855360560422,1.2207269189911665,-0.3060191562300144,0.17149408223719578,1.5647200870286315,1.494058112249546,1.2843189132404538,-0.46513862199313455,0.03851804408423311,-0.008733431657782408,0.007779066358601718,-0.006670938808931164,0.010475272345905059,-3.6384045501144,9.300753054204838,13.18554297286832,1.0,-1.9975348711013794,1.6853196296295891e-06,4.774144182206896e-07,0.0,0.0,0.0,1,0.1770543701196706,2.824577791778267,-9.0,-2.413629670156584,0.1770543701196706,-1.009392209372126,0.7215732286272845,4.418468665972962,0.004642483510736802,-0.0014670343331606452,0.000535284450811974,-0.06120894537252804,0.0663663888971931,0.23010539284897982,0.0,0.0,0.0,0.0,0.0,0.33199769383024674,18.830518611855116,-30.0,-8.04543223385528,36.323926460250526,3.833970001150393,-9.721573228627285,-6.832098336129546,0.33199769383024674,18.830518611855116,-48.734287266127446,-8.04543223385528,52.862636983290194,2.6599999999999873
0.0,0.0,0.0,0.0,0.0,0.0,0.0,0.0,0.0,0.0,0.0,0.0,0,0.0,-1.5707963267948966,nan,0.001748154018263812,-0.2977864661949873,-0.15461586884378242,0.12759314774418073,-1.5707975316011409,0.001906869027117391,-0.3487853758930929,1.5762666042976505,-0.14800442213651618,0.5347087177162714,-0.01106119036063263,0.5038443123842995,-0.1786951922900487,0.05142591961659594,0.00015871500885357914,-0.05099890969810561,0.006611446707266239,0.004139340973528725,-0.00012675657655131706,-0.0025525166068255875,-0.003256184183567372,-11.156142930046817,-0.06556351031840063,-0.029582811519954465,-0.0008957840617112023,-1.5707984001915902,1.5766697428640415,0.9696032273569046,-0.8745415175085125,-0.8116789929070977,0,zero,0,0.0008957840617114243,0.12848893180589194,1.5653325619536393,1.4870930340998658,1.2208093125889632,-0.30608981286460424,0.1537024103060677,1.5649299179370717,1.4631593845123905,1.3726351771777905,-0.30668652969001253,0.04311240303135339,-0.009775138754545937,0.00870693857990991,-0.0074666356863603706,0.02957178328647151,-2.523085932298323,7.993875834993889,16.627125487161372,1.0,-1.6766910552978516,2.0733966934471937e-06,8.685904493432872e-07,0.0,0.0,0.0,1,0.17541461384336138,4.020031988113097,-9.0,-9.0,0.17541461384336138,1.1677129084964015,-3.775769533368253,1.7036043819837807,0.00465831877806011,-0.0014670681645159516,-0.0012575355371446375,-0.04898129348129794,0.06297721467001234,0.323212321656522,0.0,0.0,0.0,0.0,0.0,0.3289229586412177,26.800213254087314,-30.0,-30.0,50.18326036416206,2.852319079616695,-5.224230466631747,-10.70360438198378,0.3289229586412177,26.800213254087314,-78.26950777971918,-59.966115527522916,102.17832686199664,2.669999999999987
0.0,0.0,0.0,0.0,0.0,0.0,0.0,0.0,0.0,0.0,0.0,0.0,0,0.0,-1.5707963267948966,nan,0.00167641698309697,-0.3072805523364253,-0.15333938550463,0.12752562198207062,-1.5707975281451094,0.0017481172173311845,-0.3487745197330179,1.5758116190119176,-0.14798123578079894,0.958760935034287,-0.008701477461936459,0.9504942301513053,-0.12532969834351815,0.0418385496844246,7.170023423421455e-05,-0.04149396739659256,0.005358149723831057,0.005516631120036742,-0.0001422624462216286,0.004626761636130752,-0.0030010093424349023,-9.793673292664156,-0.053478838330404295,-0.05050142316051587,0.10619529288610918,-1.570798710861773,1.5762542674197375,0.969609788769802,-0.8745415175041037,-0.825250121575523,0,zero,0,-0.10619529288610918,0.021330329095961442,1.5657875477248084,1.486989872393911,1.2209012010685134,-0.30616861183559474,0.25821982281025213,1.5653452266699677,1.4499828001055812,1.4284040427031048,-0.15700317160744254,0.04791963768467527,-0.010865112461827078,0.009677802969799015,-0.008299200500460333,0.05048438276349895,-0.45996092772884983,3.6906193586932883,13.024477736387642,1.0,-1.26777982711792,2.384066876359725e-06,1.1827166632727426e-06,0.0,0.0,0.0,1,0.09180514701528224,2.4989438592061024,-9.0,-9.0,0.09180514701528224,2.129725170296556,-6.441470058702566,-1.3433283252210444,0.004658350301421469,-0.0014670681645085556,-0.001278561308082214,-0.018946049295358827,0.0371131670136712,0.27921251948853504,0.0,0.0,0.0,0.0,0.0,0.17214540974176307,16.659625728040684,-30.0,-30.0,45.580398895144505,0.36921868890954634,-2.558529941297434,-7.656671674778956,0.17214540974176307,16.659625728040684,-73.73228413784577,-83.29462171747468,112.48118284709544,2.679999999999987
0.0,0.0,0.0,0.0,0.0,0.0,0.0,0.0,0.0,0.0,0.0,0.0,0,0.0,-1.5707963267948966,nan,0.0015403159632776558,-0.3172138279453132,-0.15410381139179946,0.1274508080855028,-1.5707975243161316,0.0015722431196878053,-0.3487624044975795,1.5753075266197982,-0.1479555461510365,0.9976806276270229,-0.003977307782406501,0.9945390844326274,0.07901155169318941,0.032142104275985045,3.192715641014954e-05,-0.03154857655226628,0.006148265240762951,0.009809332801634943,-0.00012114260778236673,0.009697604694135026,-0.001471325143569983,-4.5934802863142465,-0.022313037150317856,-0.06649350675069478,0.1753474386267848,-1.570798814324597,1.5756540316448284,0.32719905213405476,-0.874541517504069,-0.8252663267501963,0,zero,0,-0.17534743862678503,-0.047896630541282015,1.5662916406542085,1.4868755763216999,1.2210030071815166,-0.30625591567373067,0.31361426889562166,1.565945303090558,1.457977856376882,1.4321143315306093,-0.07614568074535913,0.052932658598968285,-0.012001745346359578,0.010690227750872111,-0.00916740543044092,0.06648163470911633,1.592406709135572,-1.931794793551507,4.254146397265798,1.0,-0.9239757657051086,2.4875297004456343e-06,1.2900084653821864e-06,0.0,0.0,0.0,1,0.0011205339619840638,-0.21083373730145008,-9.0,-9.0,0.0011205339619840638,1.5666352202534408,-7.7825722960931865,-3.7409315134641687,0.001571980626420181,-0.0014670681645084975,-0.0012785864147847592,0.023772339327047736,-0.010570250576762676,0.12834298438777691,0.0,0.0,0.0,0.0,0.0,0.002101132499501338,-1.4055582486763338,-30.0,-30.0,42.449683136687604,-1.777468957554891,-1.2174277039068135,-5.259068486535831,0.002101132499501338,-1.4055582486763338,-42.89674715154672,-71.0459480391394,83.00381465552657,2.6899999999999866
0.0,0.0,0.0,0.0,0.0,0.0,0.0,0.0,0.0,0.0,0.0,0.0,0,0.0,-1.5707963267948966,nan,0.0013413019685549561,-0.32412646950696067,-0.15809695042545488,0.1273684058617086,-1.570797520098867,0.001378544853411256,-0.3487489541585791,1.5747523044331073,-0.1479272499338368,0.8008914954599595,0.0005315728446150282,0.6926091900647857,0.4021435250855132,0.026640025254133573,3.7242884856299825e-05,-0.024622484651618426,0.010169700491618083,0.011192559954873072,-7.708149432723171e-05,0.011062884384969524,0.0016970697898018444,2.9204667435810614,0.012122819353302864,-0.0741705393220597,0.1775401093901674,-1.5707986168217323,1.5749366144045063,-0.9167070364164439,0.7966159522008248,-0.825266464295791,0,zero,0,-0.17754010939016762,-0.05017170352845879,1.5668468634320072,1.4867496872663224,1.2211151394284931,-0.3063520746886568,0.2601600505490525,1.566662698255714,1.4827882675706163,1.380492640490862,-0.1007642898035073,0.05814444227732979,-0.013183444927744805,0.011742794464591803,-0.01007003407710077,0.0741687039922238,2.9353597694786933,-7.1048962237224025,-7.09002835601461,1.0,-0.6734120845794678,2.290026835716219e-06,1.0967228654124028e-06,0.0,0.0,0.0,1,-0.04445535334910765,-3.0790956564739322,0.6517343664893628,-9.0,-0.04445535334910765,-0.08954809117964314,-5.62200271387961,-5.3627759628175395,-0.004404186662372442,0.001336345821692811,-0.001278586627884365,0.04725496610984893,-0.0472130243687121,-0.09853252157883656,0.0,0.0,0.0,0.0,0.0,-0.08335899746691852,-20.527304376492882,2.172447888297876,-30.0,36.41561071182265,-2.989547565294289,6.2737370803689725,-3.6372240371824605,-0.08335899746691852,-20.527304376492882,2.172447888297876,-30.415685741330826,36.75881720935003,2.6999999999999864
0.0,0.0,0.0,0.0,0.0,0.0,0.0,0.0,0.0,0.0,0.0,0.0,0,0.0,-1.5707963267948966,nan,0.0011025191866758757,-0.32423730555348185,-0.1631912365179294,0.12727812549284723,-1.570797515478508,0.001166345559479663,-0.34873409002642825,1.5741439996687858,-0.1478962473415798,0.5126898801281986,0.002658348794748748,0.012570017867202798,0.5125288684731527,0.02887963325986853,6.382637280378731e-05,-0.024496784472946398,0.01529498917634961,0.008720990521304614,-3.3605859146027095e-05,0.007445878042424525,0.004540203354064253,9.590753185128337,0.03268343454421918,-0.07173131602683427,0.10529920587785746,-1.5707981877779713,1.5741993045804443,-0.9689928452619567,0.8745376547328514,0.42331596249080594,0,zero,0,-0.10529920587785746,0.021978919614989767,1.5674551688431457,1.4866117624609085,1.2212379921919718,-0.30645742708313384,0.10804820248179402,1.5674000908433832,1.5142096653267314,1.2922423891568744,-0.22983404687173986,0.0635480311711848,-0.0144086336784517,0.012834097971280186,-0.011005881462827247,0.07173381129389478,3.1081999531938127,-9.419632269042706,-15.902241188153942,1.0,-0.6347635984420776,1.8609830747529088e-06,6.722994632113455e-07,0.0,0.0,0.0,1,-0.036444102009943906,-4.5,9.0,8.157860791147062,-0.036444102009943906,-1.9453269815587142,-0.4296383669122387,-3.819795924954255,-0.0046553862853719015,0.0014670616846003779,0.0006558440848224642,0.05385850962260792,-0.06801373120658777,-0.28837431820529635,0.0,0.0,0.0,0.0,0.0,-0.06833696232879037,-30.0,30.0,27.192869303823542,50.393023434948304,-2.554673018441286,9.429638366912238,11.977656716101317,-0.06833696232879037,-36.60528925055886,47.11151050856921,27.192869303823542,65.56598534630099,2.709999999999986
0.0,0.0,0.0,0.0,0.0,0.0,0.0,0.0,0.0,0.0,0.0,0.0,0,0.0,-1.5707963267948966,nan,0.000866054004462922,-0.3174758114464521,-0.1651395444249224,0.1271796874381319,-1.5707975104407792,0.000934993222726781,-0.3487177304387486,1.5734807287894144,-0.1478624420763559,0.7030337008479235,0.0005112845460071677,-0.6745134519350104,0.19821131722168872,0.03570098766840875,6.893921826385898e-05,-0.031241918992296502,0.017277102348566498,0.00436554920991934,-1.8961782320185328e-05,0.00046633698678797547,0.004340528789190567,11.4279561111567,0.031249356833870378,-0.06317913980354077,-0.005863897083681957,-1.5707977588097988,1.573527514323091,-0.9695674772416272,0.8745415174906951,0.8248453634841036,0,zero,0,0.005863897083681735,0.13304358452181386,1.5681184404268207,1.4864613748390993,1.2213719458696792,-0.30657229906725436,0.10982835476996991,1.5680719268075587,1.539921932313935,1.2062202839978369,-0.401306987988276,0.06913653368028608,-0.015675749023816812,0.01396274645011887,-0.011973754031596473,0.06318004689161104,2.063422375128342,-7.524219710881851,-16.888796170494487,1.0,-0.8899097442626953,1.4320149022140072e-06,2.4836901957314694e-07,0.0,0.0,0.0,1,0.009092931317163969,-4.5,9.0,9.0,0.009092931317163969,-3.215620401654063,3.9824370313909028,-0.6142113114249612,-0.004658147021790519,0.0014670681644860623,0.0012779342157361576,0.04137772423782013,-0.060671885232729275,-0.33836759802346955,0.0,0.0,0.0,0.0,0.0,0.017050311864173953,-30.0,30.0,30.0,51.96152702445469,-1.2843795983459372,5.017562968609097,9.614211311424961,0.017050311864173953,-43.74042459770662,70.76837933497873,76.2716421330589,112.86607967885499,2.719999999999986
0.0,0.0,0.0,0.0,0.0,0.0,0.0,0.0,0.0,0.0,0.0,0.0,0,0.0,-1.5707963267948966,nan,0.000658344222615258,-0.3072774885730777,-0.16283676856923046,0.12707282233596406,-1.5707975049719296,0.0006838604952417253,-0.34869979045518873,1.572760676843732,-0.14782574129396048,1.042962979080525,-0.004342294563739162,-1.0180382889814543,-0.2266075073296514,0.04405835544084468,2.551627262646736e-05,-0.041422301882111046,0.015011027275269984,0.00661048306999107,-4.15163395726944e-05,-0.006464589035461363,0.0013805257747611134,8.556216105696944,0.018377893906281712,-0.05509401241844388,-0.10610636386158667,-1.5707975135026206,1.5729425390635194,-0.9695985804574752,0.8745415175039013,0.8252657437698476,0,zero,0,0.10610636386158667,0.23317918619755051,1.5688384931359682,1.4862981128855175,1.2215173670077284,-0.3066970049726587,0.24774277617673846,1.5686569105432664,1.5491039208036557,1.1602145741824605,-0.5383731760802886,0.07490312415271416,-0.016983243342044277,0.015127361399148977,-0.012972469648973311,0.05509714962270297,0.05014259023656886,-2.310931177745335,-10.817024429173303,1.0,-1.3636140823364258,1.1867077240879098e-06,8.530690820407472e-09,0.0,0.0,0.0,1,0.06353359777328757,-4.5,9.0,9.0,0.06353359777328757,-3.8836614029715983,6.549925393204471,2.2922061302746997,-0.004658296452702416,0.0014670681645082163,0.0012785855115723904,0.013092678405502293,-0.02931006859622987,-0.24563309779992704,0.0,0.0,0.0,0.0,0.0,0.1191329416337663,-30.0,30.0,30.0,51.961660795800036,-0.6163385970284017,2.4500746067955292,6.7077938697253,0.1191329416337663,-36.06136840761977,59.8746422009713,88.01717821986011,112.39409648450763,2.7299999999999858
0.0,0.0,0.0,0.0,0.0,0.0,0.0,0.0,0.0,0.0,0.0,0.0,0,0.0,-1.5707963267948966,nan,0.00048078196481930556,-0.29759157275834447,-0.1587299688097305,0.12695727090606201,-1.5707974990587308,0.00041234452106262776,-0.34868018155987374,1.571982096807148,-0.14778605556796995,1.0487503674506347,-0.009395371638314515,-0.9666306919418222,-0.4067114033509428,0.05224767813025363,-6.84374437566778e-05,-0.05108860880152927,0.010943913241760556,0.010883172300079394,-9.015380893893046e-05,-0.010734931064057728,-0.0017878944750397367,2.435767719658331,0.003931555582378324,-0.05114472918110118,-0.1569887753382997,-1.5707975343430167,1.5724158232812164,-0.5273916606890788,0.8629428582180056,0.825266459265521,0,zero,0,0.15698877533829947,0.2839460462443615,1.5696170739967465,1.48612158048624,1.2216746084338062,-0.3068318473667507,0.28784294590634496,1.5691836970440614,1.5354259168187256,1.1763699886119472,-0.5867781771052737,0.08084104288487716,-0.018329583964205805,0.016326577635271105,-0.01400085760211136,0.05115363186713535,-2.291972867277787,4.250808261597353,-0.4769354977049134,1.0,-1.8418554067611694,1.2075481201634375e-06,3.528428571542008e-08,0.0,0.0,0.0,1,0.11640094650083352,-2.1867132492965844,6.174145571848486,9.0,0.11640094650083352,-3.4905705051709632,7.0086346872208285,4.417542645691933,-0.0025337771235325367,0.0014476110850571663,0.0012785866200909599,-0.033432466381016004,0.025252861053274775,-0.06052861247503656,0.0,0.0,0.0,0.0,0.0,0.2182654162775802,-14.578088328643895,20.580485239494955,30.0,39.193426385080905,1.3038572558743788,-0.8344891153723424,4.582457354308067,0.2182654162775802,-14.578088328643895,20.580485239494955,63.23269519420071,68.07715044951169,2.7399999999999856
0.0,0.0,0.0,0.0,0.0,0.0,0.0,0.0,0.0,0.0,0.0,0.0,0,0.0,-1.5707963267948966,nan,0.0003151279020780948,-0.29235264041204245,-0.15557314784579201,0.12683278385159102,-1.5707974926884705,0.00011986676217552409,-0.3486588113728215,1.5711433089222608,-0.14774329885390394,0.6077535297131009,-0.012682369614589292,-0.5217562159249789,-0.31140642498724835,0.05684830296862876,-0.00019526113990257072,-0.056306170960779056,0.007829848991888072,0.011107052792438435,-0.000144396105836404,-0.010616206039085606,-0.0032621987729621934,-5.10654073013744,-0.00555729978040382,-0.056769429499555525,-0.1362577043363169,-1.5707978022664948,1.57187804128995,0.9179937166794414,-0.8761019018038728,0.8252664682032139,0,zero,0,0.1362577043363169,0.2630904881879079,1.5704558627680196,1.4859313967792687,1.2218440093903633,-0.30697711716691356,0.2209220658459008,1.5697216092204402,1.50314983410139,1.2491688096332378,-0.5255243677952836,0.08694359612151109,-0.01971325317424073,0.017559043294245392,-0.015057758599752976,0.05677629270995159,-3.601292560912185,8.739069433728599,10.244320627057245,1.0,-2.0477194786071777,1.4754715982334687e-06,3.0957802454878447e-07,0.0,0.0,0.0,1,0.1715045089734513,1.7674860431317319,-9.0,4.008869071106105,0.1715045089734513,-1.7126706084005905,2.325469736843458,5.053625169807982,0.0044103683320094325,-0.0014696857533648556,0.0012785866339381415,-0.05871767605604809,0.06055923821410805,0.16603983497678976,0.0,0.0,0.0,0.0,0.0,0.32159105376608155,11.78324028754488,-30.0,13.362896903687018,34.892910256074245,3.4801566515323223,-11.325469736843457,-1.0447560987018774,0.32159105376608155,11.78324028754488,-31.993503273955984,13.362896903687018,36.62102453344367,2.7499999999999853
0.0,0.0,0.0,0.0,0.0,0.0,0.0,0.0,0.0,0.0,0.0,0.0,0,0.0,-1.5707963267948966,nan,0.00012131759875519567,-0.29509596208534805,-0.15393984042124248,0.1266991217612894,-1.5707974858489482,-0.000194127174176293,-0.34863558337157713,1.5702427000393724,-0.14769738845348854,0.3191875705542199,-0.012018363302891796,0.27665496745499785,-0.15873970241341295,0.053903235148248005,-0.0003154447729314887,-0.05353962128622908,0.0062424519677539425,0.006142922847720088,-0.00017607486066553257,-0.005223858624191405,-0.003227351829432944,-10.593510536744239,-0.00442871378327613,-0.07497740361221018,-0.048695224053436625,-1.57079817848972,1.5712107617884958,0.9695390544061306,-0.8745415405498493,-0.6965034345478427,0,zero,0,0.048695224053436625,0.17539434581472602,1.5713564726008409,1.4857271960050011,1.2220258956678027,-0.3071330937547261,0.14005959093171705,1.570388926571767,1.4694427295764187,1.3400033401833369,-0.38083446148533184,0.0932041560556796,-0.021132748208955963,0.018823419830691468,-0.016142024772229258,0.07497157689871224,-2.9768436438093606,8.721920594823725,16.33858841348344,1.0,-1.8115289211273193,1.8516948232516484e-06,6.926407718488292e-07,0.0,0.0,0.0,1,0.18910838659776164,3.9546381760892273,-9.0,-9.0,0.18910838659776164,0.573411272030496,-2.7595275053766697,2.8970168019207363,0.0046580104683792015,-0.0014670682031684467,-0.0010790938638810584,-0.05480804427257473,0.0664421679571911,0.3073932533548903,0.0,0.0,0.0,0.0,0.0,0.35460038739501526,26.364254507261517,-30.0,-30.0,49.95197350614288,3.3812269040587313,-6.24047249462333,-11.897016801920737,0.35460038739501526,26.364254507261517,-71.47818483908155,-42.93043646288885,87.44914487828022,2.759999999999985
0.0,0.0,0.0,0.0,0.0,0.0,0.0,0.0,0.0,0.0,0.0,0.0,0,0.0,-1.5707963267948966,nan,-0.00014219897157493724,-0.30413876178998234,-0.15286265824135523,0.1265560550116045,-1.5707974785284742,-0.0005301677068494886,-0.3486103966242398,1.5692787229570013,-0.14764824497902668,0.9126362999470661,-0.007252396234306267,0.9067986451971599,-0.10280387054253937,0.04477797371745892,-0.00038796873527455135,-0.04447163483425748,0.005214413262328549,0.003819898270652534,-0.0001654397396814081,0.0025582241276662157,-0.002831914865121266,-11.001442450653641,0.0050849251360812866,-0.09766463987606158,0.06380743335604366,-1.5707985165321636,1.5703314412033627,0.9696075343461595,-0.8745415175398595,-0.8251613284849288,0,zero,0,-0.06380743335604366,0.06274862165556083,1.5723204506979354,1.485508627356703,1.222220579737667,-0.3073000450901782,0.20831411903414251,1.5712681261958799,1.4505071497924942,1.4078271553778794,-0.21944356866669767,0.09961616082877403,-0.022586581258026005,0.02011838201808847,-0.017252519671460048,0.09764894662058926,-1.0733417788182265,5.137808771651197,15.065910618155687,1.0,-1.3632128238677979,2.189737267066505e-06,1.0380036892243538e-06,0.0,0.0,0.0,1,0.12620602843287984,3.08490211724381,-9.0,-9.0,0.12620602843287984,1.95941963830776,-5.90900172842496,-0.2965271804487101,0.004658339470368424,-0.0014670681645685372,-0.00127842374080765,-0.028238507065195494,0.046183120708874585,0.3104694071994076,0.0,0.0,0.0,0.0,0.0,0.23665109400502501,20.566014114958733,-30.0,-30.0,47.14888058392241,1.1254824789360498,-3.0909982715750397,-8.70347281955129,0.23665109400502501,20.566014114958733,-77.31383451865864,-79.07487377977617,112.48680638894075,2.769999999999985
0.0,0.0,0.0,0.0,0.0,0.0,0.0,0.0,0.0,0.0,0.0,0.0,0,0.0,-1.5707963267948966,nan,-0.0004907364285717189,-0.3151498964741229,-0.1530291297528642,0.12640336366881555,-1.570797470715861,-0.0008887614508157938,-0.348583145534973,1.5682498957624054,-0.14759579231789552,1.104056110009071,-0.0010056286969523597,1.1038385773407378,0.021892417264013364,0.03387420437981383,-0.00039802502224407495,-0.0334332490608501,0.0054333374349686825,0.009214709284279787,-0.00011679064531712507,0.009048392005080001,-0.0017389161168276102,-6.980868174131965,0.010847465873461037,-0.11673711381833347,0.1526034598786037,-1.5707986891422856,1.5692413515595942,0.7104739778906027,-0.8745415175075473,-0.825266082248663,0,zero,0,-0.1526034598786037,-0.026200096209787915,1.5733492789731842,1.485275354830979,1.2224283608858288,-0.3074782278258871,0.2879173650979197,1.5723580403604225,1.452767284920583,1.427843017036426,-0.10837154536602057,0.10617311453051355,-0.024073279463992958,0.021442617948775042,-0.01838811827095394,0.11672240942573826,1.066667359789304,-0.225434382413084,7.822109578017644,1.0,-0.9588947296142578,2.362347388817909e-06,1.218426424642871e-06,0.0,0.0,0.0,1,0.04111004843030054,0.5404219586212045,-9.0,-9.0,0.04111004843030054,1.8038971067219332,-7.541450420409062,-2.982017062217655,0.0034133696950996335,-0.0014670681645143325,-0.0012785860359781503,0.01532147191458296,0.011647650946994048,0.1917111136350289,0.0,0.0,0.0,0.0,0.0,0.07708615869173174,3.6028130574746964,-30.0,-30.0,42.57917571070361,-1.2634751481007287,-1.4585495795909376,-6.017982937782345,0.07708615869173174,3.6028130574746964,-53.14322679463989,-78.90434965082173,95.20023714344747,2.7799999999999847
0.0,0.0,0.0,0.0,0.0,0.0,0.0,0.0,0.0,0.0,0.0,0.0,0,0.0,-1.5707963267948966,nan,-0.0009080162825876906,-0.3243067016311027,-0.1560020819609217,0.12624083739116698,-1.5707974624004177,-0.0012703913858163906,-0.34855371960302034,1.5671548011720906,-0.14753995759716684,0.9672727784652115,0.0035649919015374987,0.9186231088932462,0.30287869287861646,0.025683783696986515,-0.00036237510322869996,-0.02424701797191764,0.008462124363754847,0.012165380256489685,-5.399824695251186e-05,0.012134937974978714,0.0008583946165573427,-0.1178693485893314,0.00035201043060861803,-0.1284102399771028,0.18291097796328226,-1.57079858602812,1.567998591717457,-0.7616592914625147,0.14299678740439448,-0.8252664602388948,0,zero,0,-0.18291097796328248,-0.05667014057211528,1.574444374711107,1.4850270570782436,1.2226495253456777,-0.3076678874213128,0.27397205608308667,1.5736007197012907,1.473679353410042,1.392217523887396,-0.09277745196027846,0.11286858719894499,-0.025591384922266522,0.022794829033949342,-0.019547706965808265,0.12840393673738054,2.6631764368972437,-5.683124537693544,-2.9020782312293543,1.0,-0.6583686470985413,2.2592332236115453e-06,1.1236277019932572e-06,0.0,0.0,0.0,1,-0.0036326397768614662,-2.3515608245673185,-3.3630217757673213,-9.0,-0.0036326397768614662,0.3956275405986348,-6.67075689179744,-4.8675557107723115,-0.00365928214737447,0.00023988116084723302,-0.0012785866215990094,0.042063697755944,-0.03682505097703252,-0.019622609766130603,0.0,0.0,0.0,0.0,0.0,-0.006811625308197011,-15.677072163782125,-11.210072585891071,-30.0,35.65720636011209,-2.7471883651659534,3.307735116030119,-4.1324442892276885,-0.006811625308197011,-15.677072163782125,-11.210072585891071,-47.05602781545805,50.84983892970341,2.7899999999999845
0.0,0.0,0.0,0.0,0.0,0.0,0.0,0.0,0.0,0.0,0.0,0.0,0,0.0,-1.5707963267948966,nan,-0.0013463915335599117,-0.3278798820313439,-0.1609757792041516,0.12606827533099385,-1.5707974535719529,-0.0016755170236420844,-0.34852200319616694,1.5659920858723313,-0.14748067114837163,0.6190905537218763,0.003324961314652721,0.3604896807094582,0.5032983692025123,0.024664213573690835,-0.00032912549008217275,-0.020642121164823057,0.01349510805577997,0.011184393985510462,-1.3807984020456439e-05,0.010474684221994674,0.003920646453353799,7.02099417291908,-0.028770170555217214,-0.1302346531554771,0.1398697055575342,-1.5707982171909876,1.5666925180529128,-0.9678133434449255,0.8744577470791642,-0.4265440644969414,0,zero,0,-0.1398697055575342,-0.013801430226540568,1.5756070912263458,1.484763427253193,1.2228843464313097,-0.30786925825697437,0.1542865590823235,1.5749068355704718,1.504309884467673,1.3131350190593953,-0.184270698168192,0.11969621482044285,-0.027139454681123963,0.024173730003669007,-0.020730183572709088,0.13023435155848087,3.1443512279670585,-8.888634934833453,-12.765336829438036,1.0,-0.5250914692878723,1.8903960912197704e-06,7.636190346715921e-07,0.0,0.0,0.0,1,0.005267939071052113,-4.5,9.0,1.7585348335045083,0.005267939071052113,-1.5458954061304995,-1.6536300726477327,-4.478500067122232,-0.004649719539111155,0.0014669276372481614,-0.0006608453883251013,0.053599753580184706,-0.06306045503997922,-0.22063310760114277,0.0,0.0,0.0,0.0,0.0,0.00987800313341855,-30.0,30.0,5.861782778348362,42.82943607982117,-2.9541045938695003,10.653630072647733,6.23703490062674,0.00987800313341855,-32.828808102643926,35.090658191529386,5.861782778348362,48.40914715909024,2.7999999999999843
0.0,0.0,0.0,0.0,0.0,0.0,0.0,0.0,0.0,0.0,0.0,0.0,0,0.0,-1.5707963267948966,nan,-0.0017425707642549325,-0.32374851268703664,-0.16412847746859402,0.12588548603685235,-1.570797444220765,-0.0021045745740361343,-0.34848787533952086,1.5647604598596836,-0.14741786647240618,0.5208447748791358,-0.0032878319699029043,-0.4097241487661163,0.32155029404078717,0.02985651739696613,-0.0003620038097812018,-0.02473936265248422,0.01671061099618784,0.006369203851057661,-3.1069213605133524e-05,0.004244116898995714,0.004749027705536441,10.7681251300173,-0.05788546019203969,-0.12465267445925123,0.04331075170493248,-1.570797780649858,1.5654169948783632,-0.9695336803790809,0.8745415175726459,0.8060374810284603,0,zero,0,-0.04331075170493248,0.08257473433191986,1.5768387185231474,1.484484172865277,1.223133084670716,-0.3080825637486656,0.05732772649196304,1.5761824077940776,1.5317688636657103,1.226157882219325,-0.34034780970560147,0.1266496993297095,-0.028716060741710174,0.025578048906851215,-0.021934457329931257,0.12465263906806641,2.3248776269526426,-8.024118198962809,-16.467521291009113,1.0,-0.6515613198280334,1.4538549617526542e-06,3.364290930285563e-07,0.0,0.0,0.0,1,0.04918285822285732,-4.5,9.0,9.0,0.04918285822285732,-2.990294315691819,3.213550061217343,-1.8225192792808724,-0.004657984649641791,0.0014670681646235372,0.0012487951339401628,0.044731313018628024,-0.0627309521762198,-0.31972141459780523,0.0,0.0,0.0,0.0,0.0,0.09222362314430399,-30.0,30.0,30.0,51.96160606829494,-1.509705684308181,5.786449938782657,10.822519279280872,0.09222362314430399,-42.40740824944161,65.58230035856872,58.711882551412494,97.70629484676947,2.809999999999984
0.0,0.0,0.0,0.0,0.0,0.0,0.0,0.0,0.0,0.0,0.0,0.0,0,0.0,-1.5707963267948966,nan,-0.0020705109151639566,-0.31408928603181363,-0.16303588208675346,0.1256922873556472,-1.5707974343376379,-0.0025579771092159804,-0.34845120952041375,1.5634586957815046,-0.14735148020459565,0.9677940018430409,-0.012546238427082199,-0.9622560836115901,-0.10262091140300356,0.03777538711287798,-0.0004874661940520238,-0.03436192348860012,0.015684401882157806,0.004354328529787731,-0.00010417002981392862,-0.003579294358998019,0.0024774941860389726,9.679758298916544,-0.063754464868644,-0.11815824163231609,-0.061439123299762866,-1.570797482189752,1.5642078970092688,-0.9695937091537374,0.8745415175043159,0.8252440320324277,0,zero,0,0.061439123299762866,0.18713141065541006,1.5781404839548483,1.484189015629168,1.223395987938971,-0.30830801646167116,0.19704092968206838,1.5773915149681874,1.5447182099754089,1.1701923256468396,-0.4881138950250003,0.13372280860977484,-0.030319790058037616,0.02700652711127263,-0.02315944889733832,0.11815999913044666,0.4965077930619785,-3.5894574915441937,-12.772917955960672,1.0,-1.0300171375274658,1.1553948553455484e-06,4.785211427105196e-08,0.0,0.0,0.0,1,0.09408228254149056,-4.5,9.0,9.0,0.09408228254149056,-3.7751405486949716,6.149787509241832,1.2316982056062622,-0.004658273049226608,0.0014670681645089117,0.0012785518735435426,0.01943022632148146,-0.037066986616556406,-0.27514985824061877,0.0,0.0,0.0,0.0,0.0,0.17641530572190242,-30.0,30.0,30.0,51.96182370125295,-0.7248594513050284,2.8502124907581683,7.768301794393738,0.17641530572190242,-38.058543595525144,63.12334516827467,83.38889143395593,111.29576713779286,2.819999999999984
0.0,0.0,0.0,0.0,0.0,0.0,0.0,0.0,0.0,0.0,0.0,0.0,0,0.0,-1.5707963267948966,nan,-0.0023481904949038557,-0.3029643600528976,-0.15906290439166282,0.12548850633475772,-1.5707974239138387,-0.0030361147270231733,-0.34841187351015107,1.5620856282764652,-0.14728145207991544,1.1754297245148266,-0.020045803806729382,-1.108558996865333,-0.390294957041043,0.046954790360200185,-0.0006879242321193176,-0.04544751345725345,0.011781452311747376,0.009807407876884066,-0.00020272657625646634,-0.009759316702560243,-0.0009486246349192165,4.801074257199085,-0.03719973883137475,-0.11436874724692928,-0.1314284604375724,-1.5707974338319852,1.5630496368674747,-0.8190686359667606,0.8745415175040935,0.8252662877566235,0,zero,0,0.13142846043757217,0.2569169667723301,1.579513552883356,1.4838776913152354,1.2236732915914212,-0.3085458182249821,0.2668183343892334,1.5785498275737146,1.5356573562133726,1.172181394654452,-0.5651750169780497,0.14090937649199672,-0.03194924453698636,0.028457919303569425,-0.02440409035638261,0.1143771227629551,-1.868662515003519,2.874501706711861,-3.7953791855893226,1.0,-1.5295342206954956,1.1070370886656633e-06,9.918146304244146e-09,0.0,0.0,0.0,1,0.12855705287762703,-2.9417703290712804,9.0,9.0,0.12855705287762703,-3.667287778859483,7.637562916103218,3.6507741482241305,-0.003935097058045979,0.0014670681645085385,0.0012785863543719558,-0.026423376302078617,0.015581849164891779,-0.12027314689802106,0.0,0.0,0.0,0.0,0.0,0.24105954036682362,-19.611802193808536,30.0,30.0,46.74057011837869,0.7255174497882027,1.3624370838967819,5.34922585177587,0.24105954036682362,-19.611802193808536,30.381166184962712,70.88716821217352,79.57818024364707,2.8299999999999836
0.0,0.0,0.0,0.0,0.0,0.0,0.0,0.0,0.0,0.0,0.0,0.0,0,0.0,-1.5707963267948966,nan,-0.0026249102669311775,-0.2945791589667738,-0.1551519060145267,0.12527397912416705,-1.570797412941114,-0.003539354712717843,-0.3483697292032765,1.5606401533150698,-0.14720772489837905,0.9185997934767723,-0.022652021366734772,-0.8343056779249292,-0.3837271195599734,0.054381721824696964,-0.0009144444457866653,-0.053790570236502744,0.007944181116147642,0.012464109708121672,-0.0002856589436934726,-0.01204692733538263,-0.003184960213250954,-2.5473638395799303,0.022658464356151084,-0.1182231915789959,-0.13685748273194753,-1.5707976539007393,1.5618897246327068,0.780924447681181,-0.8743113953535601,0.8252664618071327,0,zero,0,0.13685748273194775,0.26213146185611436,1.5809590293386333,1.483549949600015,1.223965218596874,-0.30879616024551204,0.2295719861799171,1.5797098757943542,1.5055689853439576,1.2358782164900477,-0.5369955883782729,0.14820330275606058,-0.03360304103830406,0.02993099348923729,-0.025667325210105185,0.1182333049698035,-3.559751733874949,8.2628791862958,7.250592053962376,1.0,-1.8560010194778442,1.3271058429964455e-06,2.4095962558590145e-07,0.0,0.0,0.0,0,0.16392125290983586,1.031435672347604,-6.243695148367144,8.708461738148218,0.16392125290983586,-2.1503151127300457,3.9324139265282048,5.2552391818087285,0.003751838810186238,-0.0014666821280834648,0.0012785866240286829,-0.05656433825056789,0.0556703062546107,0.10416631956905108,0.0,0.0,0.0,0.0,0.0,0.3073715599284378,6.876237815650693,-20.812317161223813,29.028205793827397,36.37535430757209,3.1817507850776496,-10.176109074895349,3.4532225563394894,0.3073715599284378,6.876237815650693,-20.812317161223813,29.028205793827397,36.37535430757209,2.8399999999999834
0.0,0.0,0.0,0.0,0.0,0.0,0.0,0.0,0.0,0.0,0.0,0.0,0,0.0,-1.5707963267948966,nan,-0.002990729472680603,-0.2937785182444811,-0.1529345709918945,0.1250485508785899,-1.5707974014116852,-0.004068041699449583,-0.3483246324749487,1.55912122754017,-0.14713024449059564,0.22751594259717547,-0.016286778098231453,-0.075554399396488,-0.21398546148487796,0.05486464604288311,-0.0010773122267689799,-0.054546114230467624,0.005804326501298862,0.00923227789421005,-0.00029848952489992776,-0.008519901656705402,-0.003543604786021306,-9.198185888726144,0.09356730373225607,-0.13448616054223123,-0.06850583549628708,-1.5707980303656732,1.5606199479395293,0.969409986224998,-0.8745415412501977,-0.43313367199050157,0,zero,0,0.0685058354962873,0.19355438637487676,1.5824779566781821,1.4832055539166809,1.2242719796707853,-0.30905922322231283,0.14728266705198365,1.5809797415963076,1.4694228236566296,1.3296191935170283,-0.41104912589373677,0.15559855312997956,-0.035279811374605966,0.0314245309926314,-0.02694810838313584,0.1344855839524844,-3.388469432453696,9.488814753646885,15.299007087665858,1.0,-1.8727723360061646,1.7035707768897623e-06,6.289539880022232e-07,0.0,0.0,0.0,1,0.18237060601573932,3.90446302592454,-9.0,-8.280767355665022,0.18237060601573932,0.19202815855186256,-1.370469289807117,3.7061368625111397,0.004657390378929356,-0.001467068204343301,-0.0006710546775532322,-0.05995853957894892,0.07013251088596416,0.27934963168970106,0.0,0.0,0.0,0.0,0.0,0.3419662591707094,26.0297535061636,-30.0,-27.60255785221674,48.36906251416312,3.7124348673726777,-7.629530710192883,-11.98690421817616,0.3419662591707094,26.0297535061636,-66.60861118866097,-27.60255785221674,76.6568541813531,2.849999999999983
0.0,0.0,0.0,0.0,0.0,0.0,0.0,0.0,0.0,0.0,0.0,0.0,0,0.0,-1.5707963267948966,nan,-0.0034981026586235,-0.30008839246401325,-0.15163289141828767,0.12481207565959584,-1.570797389318242,-0.004622497827444394,-0.348276433056963,1.5575278676074826,-0.14704895968350573,0.6474309273557616,-0.004708294205191428,0.6358073637517891,-0.1220394766516919,0.04841863226932975,-0.0011243951688208942,-0.04818804059294973,0.004583931734781943,0.003489130226377793,-0.00022997461645905728,-0.0014386723975679874,-0.0031703884848522327,-10.986948736366495,0.12800754804272785,-0.15780078494189706,0.03852424223395379,-1.570798409978914,1.5591427842107641,0.9696078149432388,-0.8745415175041202,-0.8248286645986533,0,zero,0,-0.038524242233953565,0.08628783342564184,1.5840713182465258,1.4828442813055163,1.2245937734084498,-0.30933517746079076,0.19931708751937952,1.5824568363015048,1.4449593398946463,1.4103328741342114,-0.2477688514283115,0.1630891592900945,-0.0369782023113749,0.03293732645696644,-0.02824540622169312,0.15778833709910448,-1.6792432753662694,6.702297015026536,16.01074813689163,1.0,-1.5437297821044922,2.083184017287465e-06,1.0206606719798117e-06,0.0,0.0,0.0,1,0.13676359053228507,3.71146553670691,-9.0,-9.0,0.13676359053228507,1.9241836230298297,-5.096704985190687,0.5213134741993982,0.004658340818456597,-0.0014670681645085834,-0.0012779083441267307,-0.03727888069826493,0.05589970612234095,0.3217233185560785,0.0,0.0,0.0,0.0,0.0,0.25644776023304905,24.743103578046068,-30.0,-30.0,49.11503782068833,1.7872819136770803,-3.903295014809313,-9.521313474199399,0.25644776023304905,24.743103578046068,-82.2726504056284,-72.87886097472357,112.66057128324654,2.859999999999983
0.0,0.0,0.0,0.0,0.0,0.0,0.0,0.0,0.0,0.0,0.0,0.0,0,0.0,-1.5707963267948966,nan,-0.0041336782228831035,-0.3093762938471228,-0.1514427561516641,0.12456441633773818,-1.570797376653945,-0.005203022901961969,-0.3482249744328874,1.555859149526106,-0.14696382226629182,0.9340112443038897,0.0055050489742028245,0.9339360007185105,-0.010499784940964929,0.03912063816001697,-0.001069344679078866,-0.03884868058576463,0.004478933885372294,0.005692929967869054,-0.00011641005229965371,0.005257819347736774,-0.0021797330169885474,-7.955666834512368,0.10626348806740644,-0.17916642018395648,0.13348543259574597,-1.5707986601374182,1.5574380570395956,0.9330999731307208,-0.8745415175040652,-0.8252656220406583,0,zero,0,-0.1334854325957462,-0.008921016258007786,1.5857400380346927,1.4824659222643854,1.224930786418188,-0.30962418298692207,0.2969081636797294,1.5841614003365778,1.4413485847822773,1.4483246639543896,-0.11842662651610822,0.17066921886107417,-0.038696875566961324,0.034468187844316635,-0.029558196493584342,0.17915204265021115,0.5163107569925769,1.6793961878936716,10.152083408449881,1.0,-1.187124252319336,2.3333425218652337e-06,1.2834834732800005e-06,0.0,0.0,0.0,1,0.05859003184937963,1.3890098244350861,-9.0,-9.0,0.05859003184937963,2.1463064552446376,-7.132267531131548,-2.3606061399393825,0.004482944161078207,-0.001467068164508491,-0.0012785853229771665,0.006558200294828484,0.02419247053169769,0.23180853216609706,0.0,0.0,0.0,0.0,0.0,0.10986317616609718,9.260065496233908,-30.0,-30.0,43.42534839137182,-0.7572966308095515,-1.8677324688684518,-6.6393938600606175,0.10986317616609718,9.260065496233908,-65.43195329725316,-82.6972622655846,105.858105884381,2.869999999999983
0.0,0.0,0.0,0.0,0.0,0.0,0.0,0.0,0.0,0.0,0.0,0.0,0,0.0,-1.5707963267948966,nan,-0.004846081214441631,-0.3178026526632308,-0.15401325841503638,0.1243054444946794,-1.5707973634124144,-0.005809894550099965,-0.34817009375272556,1.5541142079990362,-0.14687478695647518,0.8889077587732934,0.010553134342053145,0.8481239496269888,0.26595375731889026,0.03121006551154001,-0.0009638133356583345,-0.03036744108949474,0.007138471458561196,0.009148766834276807,-7.2396592359151276e-06,0.009143190185343,0.00031930457238325653,-1.6765436458164142,0.025574439213180443,-0.19441720602769633,0.17731764246598458,-1.570798656458039,1.5555508733672634,-0.46203824527446374,-0.8745415175040636,-0.8252664560745895,0,zero,0,-0.1773176424659848,-0.053012197971304964,1.5874849813396992,1.482070280599205,1.2252831934545358,-0.3099263896614691,0.3127216105807393,1.5860484821816676,1.4581564906239395,1.4307311645439134,-0.07538001041280598,0.1783328954159149,-0.040434507812583266,0.036015936435615674,-0.03088546838820554,0.1944102481427764,2.3815910783031575,-4.075721553690428,-0.017391803063671496,1.0,-0.8886740207672119,2.3296631423974645e-06,1.2930456243509525e-06,0.0,0.0,0.0,1,0.015357654940962666,-1.5255893941170562,-8.24156565352231,-9.0,0.015357654940962666,0.9828403336929368,-7.8905253543996565,-4.4650968386024,-0.0022197960706165447,-0.0014670681645084884,-0.0012785866151472445,0.036604823869351905,-0.02507294530406068,0.051005113637339033,0.0,0.0,0.0,0.0,0.0,0.028797402851983248,-10.170595960780375,-27.471885511741036,-30.0,41.93025572373796,-2.508429727809993,-0.3510402991226531,-4.5349031613976,0.028797402851983248,-10.170595960780375,-27.471885511741036,-58.44776209465934,65.37803330578213,2.8799999999999826
0.0,0.0,0.0,0.0,0.0,0.0,0.0,0.0,0.0,0.0,0.0,0.0,0,0.0,-1.5707963267948966,nan,-0.0055564422895407525,-0.32225556453839577,-0.15936521172471718,0.12403504032531565,-1.5707973495877314,-0.006443368376524128,-0.34811162176745636,1.5522922357636866,-0.14678181136619545,0.7071474154009192,0.007688724867495854,0.45113838604341483,0.5444928899960538,0.028769155321265047,-0.0008869260869833759,-0.02585605722906059,0.012583400358521735,0.009863582384422956,4.634969275713161e-05,0.009086966495878292,0.003836032985137846,5.661340044057822,-0.0975616993152954,-0.20054136634509298,0.1497853309232171,-1.5707983509485461,1.5535580713881851,-0.9659694962988655,0.8743819007883976,-0.8252664656277664,0,zero,0,-0.14978533092321733,-0.02575029059790168,1.589306955424034,1.4816571732744148,1.2256511575514328,-0.31024193729419614,0.2160815636507596,1.5880413156604551,1.488592993885245,1.3611424585840544,-0.14206452489084148,0.18607441847594075,-0.04218979067232634,0.03757940683065678,-0.0322262225165415,0.2005417579707778,3.310828313706867,-8.485256619129727,-10.836608951081406,1.0,-0.6510604023933411,2.0241536495824164e-06,1.0013608147119157e-06,0.0,0.0,0.0,0,0.027890396511201336,-4.31755961130463,6.041150391514856,-2.815880151600787,0.027890396511201336,-1.0257248900382456,-3.9695962922297277,-4.898858683182819,-0.004640861041591734,0.0014668004029472703,-0.0012785866299479965,0.05466107788954537,-0.058305149444000046,-0.17691709286420113,0.0,0.0,0.0,0.0,0.0,0.05229776206863179,-28.78373074203087,20.137167971716188,-9.386267172002624,36.360877819862615,-3.2918347212663845,10.010746683744584,2.0829785315820324,0.05229776206863179,-28.78373074203087,20.137167971716188,-9.386267172002624,36.360877819862615,2.8899999999999824
0.0,0.0,0.0,0.0,0.0,0.0,0.0,0.0,0.0,0.0,0.0,0.0,0,0.0,-1.5707963267948966,nan,-0.006154538748798364,-0.319852845822889,-0.16398084968308277,0.12375309253990285,-1.5707973351744318,-0.007103678118233574,-0.34804938278373565,1.5503924829324005,-0.1466848559686753,0.5262152791904959,-0.006221328245183469,-0.23404797317860826,0.47125933558857247,0.033092249254105206,-0.0009491393694352106,-0.028196536960846674,0.01729599371440746,0.007247242026834082,-1.0557041733916792e-05,0.0044897115783082,0.0056890153355378895,10.587714434722873,-0.20364960921249947,-0.19779742076270493,0.05996735616147908,-1.570797894951472,1.551559891337873,-0.969527705387299,0.8745415371897272,0.7185882395361675,0,zero,0,-0.0599673561614793,0.06378573637842377,1.59120671017514,1.4812264302634497,1.2260348301554105,-0.3105709557580852,0.060816468578033495,1.590039563083357,1.5205215230346392,1.2687209180780923,-0.2923755112751997,0.19388808351080355,-0.043961430723143756,0.03915744694809266,-0.033579470911165754,0.19779820172740561,2.949835614920319,-9.178464274998266,-16.81830149264319,1.0,-0.7704070210456848,1.5681565752601045e-06,5.597770402765434e-07,0.0,0.0,0.0,1,0.07944324237963656,-4.5,9.0,9.0,0.07944324237963656,-2.6748632876813034,1.3560256091017424,-2.643147207732314,-0.004657955943656053,0.0014670681975317466,0.001113309886898062,0.05298437458853339,-0.0685671224110942,-0.3176995365963368,0.0,0.0,0.0,0.0,0.0,0.14896538979868096,-30.0,30.0,30.0,51.961737756616245,-1.8251367123186966,7.643974390898258,11.643147207732314,0.14896538979868096,-42.343633988792384,59.96103814779573,47.243506397361784,87.29421815070658,2.899999999999982
0.0,0.0,0.0,0.0,0.0,0.0,0.0,0.0,0.0,0.0,0.0,0.0,0,0.0,-1.5707963267948966,nan,-0.006605548202790275,-0.3117306252054494,-0.16445439385120375,0.12345949826618186,-1.5707973201675052,-0.007791035798478096,-0.3479831946390074,1.5484142563329717,-0.14658388406487607,0.8079949777215599,-0.023634822625261034,-0.8056032472711305,0.05745160719202169,0.04043524813077948,-0.001185487595687821,-0.03625256943355798,0.017870509786327676,0.004799435704970224,-0.00016431269773247098,-0.002373346716810547,0.004168310183433031,10.568480364579113,-0.22387734999448095,-0.19219261277290256,-0.04970958033994277,-1.5707975143624737,1.5496130987326906,-0.969597843413833,0.8745415175040323,0.8251682069833738,0,zero,0,0.04970958033994277,0.17316907860612485,1.5931849387648984,1.4807778943992105,1.2264343512587812,-0.3109135651035519,0.16037805724111287,1.5919863632628894,1.5419429404256848,1.1938190153992618,-0.4555329333518944,0.2017682519384827,-0.0457481494948563,0.040748918025435524,-0.034944237026240554,0.19219230962456696,1.4714204248770497,-5.898089494585012,-14.99752045041283,1.0,-1.1211230754852295,1.187567577165538e-06,1.941949685502209e-07,0.0,0.0,0.0,1,0.1269155925821287,-4.5,9.0,9.0,0.1269155925821287,-3.620765998905163,5.088096682301651,0.509978884696769,-0.004658292911682603,0.001467068164508436,0.0012784343976760823,0.03347522202031726,-0.051345721222242686,-0.3116576520360537,0.0,0.0,0.0,0.0,0.0,0.2379816099421127,-30.0,30.0,30.0,51.96206919712369,-0.879234001094837,3.911903317698349,8.49002111530323,0.2379816099421127,-43.790782031541326,70.53527501145048,83.03181761176286,117.41889534071863,2.909999999999982
0.0,0.0,0.0,0.0,0.0,0.0,0.0,0.0,0.0,0.0,0.0,0.0,0,0.0,-1.5707963267948966,nan,-0.006964026357381146,-0.3016213608670498,-0.1612904097698193,0.12315416295149961,-1.5707973045623855,-0.008505631879968523,-0.3479128686971899,1.5463569188491624,-0.1464788617503399,1.0500683368203667,-0.035611792689955575,-1.0038938396582098,-0.3058961766848278,0.04862779245975018,-0.0015416055225873767,-0.04629150783014008,0.014811548019479398,0.008300391256308055,-0.00034634076710161345,-0.00826023708865306,0.0007382589790033648,6.391222646654539,-0.14753461463979,-0.18835597536018361,-0.13307972384415145,-1.5707973537259101,1.547715671647234,-0.9696053036757333,0.8745415175040613,0.8252660290628725,0,zero,0,0.13307972384415123,0.25623388679565107,1.5952422783091122,1.4803114212245354,1.2268498495328268,-0.31126987567266157,0.2647688801966688,1.5938837991652905,1.5434488741860264,1.1693343454973308,-0.5618818133055128,0.20970935112528574,-0.047548683470152425,0.04235269461905715,-0.03631955573751698,0.18836034342415178,-0.8080554225092125,0.10794149161864453,-7.093039222937149,1.0,-1.6156752109527588,1.026931013559107e-06,4.916352480677233e-08,0.0,0.0,0.0,1,0.1492957202061764,-4.5,9.0,9.0,0.1492957202061764,-4.066782994711191,7.120601694791215,3.1333532190877573,-0.004658328753434279,0.0014670681645084845,0.0012785859535773215,-0.009990877010032385,-0.013754331882170245,-0.18012496106301243,0.0,0.0,0.0,0.0,0.0,0.27994697207233527,-30.0,30.0,30.0,51.962278340226504,-0.43321700528880935,1.8793983052087846,5.866646780912243,0.27994697207233527,-30.295396372695564,47.92967401816304,80.47600657983814,98.44557226311112,2.9199999999999817
0.0,0.0,0.0,0.0,0.0,0.0,0.0,0.0,0.0,0.0,0.0,0.0,0,0.0,-1.5707963267948966,nan,-0.0073287425612455085,-0.29341376680348874,-0.15733423882052017,0.1228370002649366,-1.5707972883549546,-0.009247635417532643,-0.3478382098650769,1.544219888761215,-0.1463697578822189,0.9004826835546828,-0.03772873336997575,-0.8132935231448091,-0.38470670811781293,0.05555107554858262,-0.0019188928562871342,-0.05442444306158817,0.010964480938301269,0.011114349322659386,-0.00048156641762777536,-0.01090947305529371,-0.002068877064335348,-0.5510350422816219,0.013740302799388648,-0.18995125550986486,-0.15707169421312672,-1.57079746399011,1.545827998565334,0.1146485324715305,-0.5843807609327392,0.8252664569146466,0,zero,0,0.15707169421312672,0.2799086944780633,1.597379310526989,1.4798268788426716,1.2272814424609875,-0.31163998821334493,0.2605147431474397,1.595771567112592,1.5216974315853435,1.2088575705004514,-0.568102001605767,0.21770587438584735,-0.049361784084588065,0.043967664604188716,-0.03770447334233475,0.18996043173057103,-2.9742695787729505,6.310567826145183,3.8875045379563566,1.0,-2.0064523220062256,1.1371952135519336e-06,1.7563515530838458e-07,0.0,0.0,0.0,1,0.16002618559477708,-0.8000704419084718,0.4386351841059525,9.0,0.16002618559477708,-3.165027298865766,5.620631986692055,4.961784548010916,0.0005508123288172363,-0.0009803152773838252,0.0012785866164487464,-0.045267929664174256,0.04050742669906946,0.03845698775695971,0.0,0.0,0.0,0.0,0.0,0.30006785223097143,-5.333802946056479,1.462117280353175,30.0,30.507003811007245,2.3649568569572943,-5.181996802586102,4.038215451989084,0.30006785223097143,-5.333802946056479,1.462117280353175,45.25684565500492,45.59451019767345,2.9299999999999815
0.0,0.0,0.0,0.0,0.0,0.0,0.0,0.0,0.0,0.0,0.0,0.0,0,0.0,-1.5707963267948966,nan,-0.007846360011770644,-0.29125926959654896,-0.15467115340002424,0.12250793199942955,-1.570797271541535,-0.010017194210394305,-0.3477590166295175,1.5420026390863768,-0.14625654404649574,0.3297302854218451,-0.025194134233652663,-0.20753039713803934,-0.2549871584772767,0.05716414598749677,-0.002170834198623661,-0.05649974703296856,0.008414609353528502,0.00918459712741285,-0.00048814122043768166,-0.008641224061788175,-0.0030737256311784006,-7.711988734168241,0.2076915644826406,-0.20182905771824725,-0.10697578472516556,-1.570797780363404,1.543867131664474,0.9664747178787347,-0.8745243933326626,0.29041384002050585,0,zero,0,0.10697578472516556,0.22948371672459533,1.5995965624006239,1.4793241477677466,1.2277292364720496,-0.3120239939936141,0.17003935347121996,1.59773254822099,1.4862471340370762,1.2937584128232857,-0.468555547718544,0.22575238098313036,-0.05118621772658683,0.045592729174920986,-0.03909804755962239,0.20183265017120153,-3.6583092390880965,9.329471176576755,13.385946795273405,1.0,-2.027517318725586,1.453568507336911e-06,5.088218690829649e-07,0.0,0.0,0.0,1,0.167987575064832,2.836338711150708,-9.0,-2.883997595121311,0.167987575064832,-0.992115393872814,0.6307649380091593,4.368486288450476,0.004643288305761431,-0.00146703943822597,0.000449938617970644,-0.06159224377686259,0.06666952111880224,0.23449932778547153,0.0,0.0,0.0,0.0,0.0,0.31499639052096756,18.90892474100472,-30.0,-9.613325317071036,36.74319911546708,3.828454105023522,-9.63076493800916,-7.252483883571786,0.31499639052096756,18.90892474100472,-49.422310430618666,-9.613325317071036,53.78315209746728,2.9399999999999813
0.0,0.0,0.0,0.0,0.0,0.0,0.0,0.0,0.0,0.0,0.0,0.0,0,0.0,-1.5707963267948966,nan,-0.008620070828325544,-0.29643906967814754,-0.15290388660253829,0.1221668879738933,-1.570797254118886,-0.01081443495426919,-0.3476750811154029,1.5397046969194124,-0.14613919452538712,0.5516311548303469,-0.0023529927319984253,0.5263735595713193,-0.16499172763773384,0.05172721876163905,-0.002194364125943645,-0.05123601143725537,0.006764692077151163,0.0038794082106934904,-0.00034051143309149446,-0.002247680845154622,-0.003143531588429652,-11.197913977138414,0.32554943510837364,-0.22324489667137534,-0.004859394736591804,-1.5707981534923627,1.5417289412466675,0.9696029513618328,-0.874541517485623,-0.8144429515622559,0,zero,0,0.004859394736591582,0.1270262827104851,1.6018945068344839,1.4788031207752386,1.2281933270733345,-0.3124219749157783,0.15560998023135897,1.5998707297059227,1.4552491521659512,1.381963943270361,-0.3092316095954236,0.23384349612842525,-0.05302076573743991,0.047226802844204226,-0.040499347529897166,0.22323639756881236,-2.52929134759559,7.961761722774606,16.635115545025926,1.0,-1.6949175596237183,1.826697466178473e-06,8.993734770257333e-07,0.0,0.0,0.0,1,0.14258842800402446,3.9798912830269453,-9.0,-9.0,0.14258842800402446,1.1678655410779215,-3.83298006036769,1.6138711177772898,0.004658317452081617,-0.001467068164477554,-0.0012618177426254166,-0.04909118685412202,0.06282007092643768,0.32411903331513103,0.0,0.0,0.0,0.0,0.0,0.2673700131333667,26.53260855351297,-30.0,-30.0,50.0404916380512,2.8120257419490238,-5.1670199396323095,-10.61387111777729,0.2673700131333667,26.53260855351297,-78.33266176130667,-61.241066529846755,102.9102761229522,2.949999999999981
0.0,0.0,0.0,0.0,0.0,0.0,0.0,0.0,0.0,0.0,0.0,0.0,0,0.0,-1.5707963267948966,nan,-0.009620078007921924,-0.30592646720855443,-0.15164717331717328,0.12181380593534286,-1.5707972360842006,-0.01163946339348426,-0.3475861891644327,1.5373256427731241,-0.1460176862649356,0.964492759119053,0.017497874038130933,0.957628948137712,-0.11352050249134882,0.04208683256373445,-0.002019385385562336,-0.04165972195587825,0.005629487052237675,0.00564856524321146,-0.00011016015787729087,0.004877107181483514,-0.0028474514195601167,-9.6893931539408,0.30464262626190736,-0.24585998807462972,0.10179355569660675,-1.5707984434914934,1.5393634988858813,0.9696096873871451,-0.8745415175038783,-0.8252530197451031,0,zero,0,-0.10179355569660675,0.020020250238736104,1.6042735633148901,1.4782637027524492,1.2286737989838883,-0.31283400363065994,0.26080719285461695,1.6022360344479543,1.4419824377628698,1.4372614980439538,-0.16054781931834206,0.24197391098135004,-0.05486422441130605,0.04886881344384816,-0.04190745381526506,0.24584560711478376,-0.47312549668111503,3.6381536561400716,12.859209183091798,1.0,-1.28212571144104,2.1166965966656903e-06,1.2074072928136559e-06,0.0,0.0,0.0,1,0.0801702176499644,2.4424884932729283,-9.0,-9.0,0.0801702176499644,2.106816515782152,-6.471507941213529,-1.4217614104331289,0.004658349814343125,-0.0014670681645081777,-0.0012785657982208912,-0.019107848060013553,0.036769545281775805,0.2766424451539906,0.0,0.0,0.0,0.0,0.0,0.15032855362828504,16.283256621819522,-30.0,-30.0,45.44410902290928,0.3356719774907764,-2.5284920587864708,-7.578238589566871,0.15032855362828504,16.283256621819522,-73.2767221659264,-83.65441599965904,112.3953129472597,2.959999999999981
0.0,0.0,0.0,0.0,0.0,0.0,0.0,0.0,0.0,0.0,0.0,0.0,0,0.0,-1.5707963267948966,nan,-0.010739632508440733,-0.31571246818602916,-0.15241721682086878,0.12144863146101881,-1.5707972174351028,-0.012492364473354538,-0.34749212043458305,1.5348651099188693,-0.1458919988427819,0.9924173283445562,0.026665342064853027,0.9880069707324357,0.08957309258492141,0.03248994976975796,-0.0017527319649138055,-0.03177965224855389,0.006525217978086889,0.009906801479862105,0.00010414451822997133,0.00982073637103445,-0.0012988481864181518,-4.386073789120569,0.14919523971977108,-0.2636608738432569,0.16928165505440296,-1.5707985229707393,1.5367945148277264,0.3111041985669458,-0.8745415175040329,-0.8252663450866561,0,zero,0,-0.16928165505440296,-0.04783302359338393,1.6067340985695018,1.4777058105489738,1.2291707262676683,-0.31326014365181043,0.3144319243415677,1.604804884072592,1.449745184583831,1.4404634363373279,-0.08209503546369648,0.2501383826498509,-0.05671540499521166,0.05051770212452209,-0.04332145839942087,0.26365061030793824,1.5620149422297984,-1.979477841399723,3.971147578579849,1.0,-0.9379830360412598,2.1961758429611677e-06,1.30553563648661e-06,0.0,0.0,0.0,1,0.038528237120570547,-0.2552887594353131,-9.0,-9.0,0.038528237120570547,1.53124995635069,-7.796988665927089,-3.7972109303329917,0.001494655225177273,-0.0014670681645084368,-0.0012785864431934652,0.02336161623518291,-0.010905157043032352,0.1233137036407087,0.0,0.0,0.0,0.0,0.0,0.07224495991106422,-1.7019250629020872,-30.0,-30.0,42.460590766662285,-1.786538715786003,-1.2030113340729107,-5.202789069667008,0.07224495991106422,-1.7019250629020872,-42.21851141323361,-70.51615571452444,82.20603804440621,2.9699999999999807
0.0,0.0,0.0,0.0,0.0,0.0,0.0,0.0,0.0,0.0,0.0,0.0,0,0.0,-1.5707963267948966,nan,-0.011840122641847715,-0.3223771714094095,-0.1563385466048415,0.12107131786050562,-1.5707971981696447,-0.013373202493061289,-0.34739264852015783,1.5323227837270772,-0.14576211443611897,0.788762630734797,0.021965211370023226,0.6764175137805584,0.40512141906356436,0.027202671676292357,-0.0015330798512135733,-0.025015477110748308,0.010576432168722533,0.01119010418333911,0.00021548304150417275,0.011037073343532357,0.0018316688298639118,3.155277769782872,-0.11584517138450989,-0.2736040259539218,0.16914758576604005,-1.570798304655438,1.5340876403884773,-0.9181280171013759,0.8083097246885633,-0.8252664644587525,0,zero,0,-0.16914758576603983,-0.04807626790553421,1.609276427226799,1.4771293728271733,1.229684172466734,-0.31370044946972614,0.25850883383731743,1.6075117425061396,1.4741426334559848,1.3885205668945606,-0.1097745260248072,0.25833173419020106,-0.058573133689050635,0.05217242335575475,-0.044740464687648036,0.273601614550958,2.886804516830345,-7.120982286572888,-7.391581508930111,1.0,-0.6396596431732178,1.9778605411246986e-06,1.106485793211931e-06,0.0,0.0,0.0,0,0.05299238634494603,-3.1079256397516484,0.8588981515662034,-8.765103163742342,0.05299238634494603,-0.1251988413086274,-5.56874126685307,-5.363793477410677,-0.004411013559005123,0.0013559624562337626,-0.0012785866281368415,0.046569769126821495,-0.0473874234094938,-0.10444416223157196,0.0,0.0,0.0,0.0,0.0,0.0993669348302007,-20.71950426501099,2.8629938385540115,-29.21701054580781,35.93241113158132,-2.982726798443021,6.427639418419273,-3.4013096863316656,0.0993669348302007,-20.71950426501099,2.8629938385540115,-29.21701054580781,35.93241113158132,2.9799999999999804
0.0,0.0,0.0,0.0,0.0,0.0,0.0,0.0,0.0,0.0,0.0,0.0,0,0.0,-1.5707963267948966,nan,-0.012723688854373742,-0.3222346631980631,-0.1611865473119659,0.1206818260778546,-1.5707971782863015,-0.014282021259297674,-0.3472875410922529,1.5296984010077688,-0.1456280177898218,0.49823017320352375,-0.0025252553710358727,-0.003740078344149911,0.49820973534215884,0.029532066157938398,-0.001558332404923932,-0.025052877894189807,0.015558529522144121,0.008611754426023905,0.00012659626461299762,0.007320159214346887,0.004534485280220976,9.714864766841334,-0.3835235265899643,-0.2745699866919969,0.09503870165517792,-1.5707978627418915,1.5313339413479015,-0.9689824439113831,0.8745389880028519,0.47437515954918835,0,zero,0,-0.09503870165517814,0.02564312442267669,1.6119008124755663,1.4765343299126452,1.2302141907344335,-0.31415496666606413,0.10530383881041512,1.6102655015379774,1.5049968340851658,1.300470865219684,-0.24107891195010328,0.2665488546070021,-0.060436251645584575,0.05383194492593442,-0.046163587506818836,0.27456951972106397,3.047445743579287,-9.373494726018812,-16.048481254006187,1.0,-0.6559095978736877,1.5359469949238758e-06,6.844555899832017e-07,0.0,0.0,0.0,1,0.11161963292865165,-4.5,9.0,8.57665187609734,0.11161963292865165,-1.9692435882381178,-0.3671900419800801,-3.7280585511581266,-0.004655336313584136,0.001467063921198565,0.0007349501789311927,0.05295372496880735,-0.06779346884001164,-0.29203759002683355,0.0,0.0,0.0,0.0,0.0,0.2092998929845334,-30.0,30.0,28.588839586991135,51.16019502871265,-2.530756411761882,9.36719004198008,12.304710427255467,0.2092998929845334,-36.72070950529795,47.584046802248565,28.588839586991135,66.55837717392887,2.9899999999999802
0.0,0.0,0.0,0.0,0.0,0.0,0.0,0.0,0.0,0.0,0.0,0.0,0,0.0,-1.5707963267948966,nan,-0.013315715760739533,-0.315418247592467,-0.16278347206481608,0.12028012459370441,-1.5707971577839674,-0.015218844240960398,-0.34717656005942266,1.5269917493510747,-0.14548969618475327,0.6934898489945885,-0.034479607529693326,-0.6705434572765845,0.17352463579186905,0.03621169690791721,-0.0019031284802208653,-0.03175831246695565,0.01729377588006281,0.00419495740490693,-0.00014520953655856503,0.0004090923820479972,0.0041724363676904925,11.344394913818423,-0.4788374453775035,-0.2704496319824447,-0.016223822363886642,-1.5707974236639386,1.528608808213461,-0.9695653403022807,0.874541517493256,0.8249566799550855,0,zero,0,0.01622382236388642,0.13650394695759083,1.614607466724376,1.4759206336446953,1.2307608239685934,-0.31462373202785815,0.112895872711069,1.6129906400728906,1.530065816453663,1.2152847552505304,-0.41245856438520523,0.274784698853183,-0.062303614970442595,0.055495247942308874,-0.047589953105394225,0.27044670912556223,1.997078006742557,-7.418602774182669,-16.776020932290034,1.0,-0.9121929407119751,1.096869041816717e-06,2.658799713728399e-07,0.0,0.0,0.0,1,0.16689795082293532,-4.5,9.0,9.0,0.16689795082293532,-3.2280186199375214,4.0214726355863935,-0.4939025396986619,-0.0046581367551738195,0.0014670681644903584,0.0012781066785192928,0.040376579149331085,-0.060027690405803316,-0.33717592940061686,0.0,0.0,0.0,0.0,0.0,0.3129532173690893,-30.0,30.0,30.0,51.96246664387923,-1.2719813800624786,4.9785273644136065,9.493902539698661,0.3129532173690893,-43.74885774235337,70.73965614729168,76.96009249345175,113.31820366523044,2.99999999999998
0.0,0.0,0.0,0.0,0.0,0.0,0.0,0.0,0.0,0.0,0.0,0.0,0,0.0,-1.5707963267948966,nan,-0.01371452613769233,-0.3054318060768264,-0.16022400142268425,0.11986618932740445,-1.5707971366619573,-0.01618367472518581,-0.3470594617482896,1.524202666467751,-0.14534713940623362,1.0176727699723376,-0.05660201072726148,-0.9869343204507552,-0.24169138636121745,0.04427504302545098,-0.00246914858749348,-0.041627655671463204,0.014876862016450637,0.006420641346047856,-0.00047331538301395235,-0.006295691244420823,0.0011682806159928165,8.294081998535978,-0.37237325955106626,-0.2667729231029929,-0.11460836322110102,-1.570797165530805,1.5259282905465872,-0.969597791442053,0.8745415175039252,0.8252658968678945,0,zero,0,0.1146083632211008,0.23447455254850524,1.617396552261071,1.4752882472268083,1.2313241049447075,-0.31510677366173445,0.2480460383625976,1.6156711285924312,1.5385681141343632,1.1705218088010583,-0.5471037548670188,0.2830342878300005,-0.06417409472212143,0.057161326830985404,-0.049018699153423946,0.26677307196724576,-0.01820481994363654,-2.1796329977461695,-10.500274779281254,1.0,-1.3745685815811157,8.387359082817625e-07,2.88688477567689e-08,0.0,0.0,0.0,1,0.18323728182572746,-4.5,9.0,9.0,0.18323728182572746,-3.8891534368990754,6.570058631302277,2.390771782695074,-0.004658292661991687,0.0014670681645082562,0.0012785857487674348,0.012045771471565605,-0.028438874618325925,-0.2402393530888808,0.0,0.0,0.0,0.0,0.0,0.3435913778843568,-30.0,30.0,30.0,51.962660199752634,-0.6108465631009246,2.4299413686977234,6.609228217304926,0.3435913778843568,-35.891472609078505,59.36284982121227,87.39323410437044,111.57885627304255,3.00999999999998
0.0,0.0,0.0,0.0,0.0,0.0,0.0,0.0,0.0,0.0,0.0,0.0,0,0.0,-1.5707963267948966,nan,-0.014088512939218664,-0.2961645050309336,-0.15605075420954184,0.11944000353912987,-1.5707971149199964,-0.01717649597504138,-0.3469359971038049,1.521331039529702,-0.14520033971268315,1.0010243745193357,-0.0618834448329237,-0.914383640140809,-0.40264475195919414,0.05200972544908118,-0.003087983035822717,-0.050771492072871294,0.010850414496858696,0.010474653024449034,-0.0007268135126458899,-0.010274833177474553,-0.0019020781465289016,2.0541611339619568,-0.09771948951245454,-0.2666325908862976,-0.16215607129861276,-1.5707971718501264,1.5232663754791425,-0.5103183740460108,0.8391289420789945,0.8252664611945894,0,zero,0,0.16215607129861276,0.2815960748377426,1.6202681819122489,1.4746371450771203,1.2319040564491242,-0.3156041111081278,0.2838825531290645,1.6183330934983673,1.5242719544348171,1.1878551120124996,-0.591614320335886,0.29129270838703925,-0.06604657691198543,0.058829189336930814,-0.05044897474254648,0.26664043770086215,-2.3466159233749915,4.350735305539531,-0.05236486183483624,1.0,-1.8237329721450806,8.450552297922798e-07,5.69301299435665e-08,0.0,0.0,0.0,1,0.17134328600947685,-2.1445093881729167,5.959739302217206,9.0,0.17134328600947685,-3.48018637741788,6.956114304834623,4.4864044607865186,-0.0024517509817782337,0.001407662566272687,0.0012785866230796683,-0.03433951224128404,0.02600408463768919,-0.052701599856428596,0.0,0.0,0.0,0.0,0.0,0.3212887418141325,-14.296729254486111,19.865797674057355,30.0,38.718853431607165,1.3356769892449631,-0.996375002617417,4.5135955392134814,0.3212887418141325,-14.296729254486111,19.865797674057355,61.47656051593736,66.17036424206826,3.0199999999999796
0.0,0.0,0.0,0.0,0.0,0.0,0.0,0.0,0.0,0.0,0.0,0.0,0,0.0,-1.5707963267948966,nan,-0.014654754750854412,-0.2914534425586181,-0.1529376286374238,0.11900155773200582,-1.5707970925582202,-0.01819727138919857,-0.34680591190881355,1.5183768045104957,-0.14504929180441578,0.5474107936263622,-0.045453360252144075,-0.45809772773241497,-0.29620776638506763,0.05602384443509979,-0.003542516638344158,-0.05535246935019544,0.00788833683300802,0.010432494130911827,-0.0007861733086319089,-0.00988637590739222,-0.003237041355626944,-5.457353292680974,0.2743506798150994,-0.27493092898831584,-0.13755494186193018,-1.570797425487921,1.5205610016896105,0.9205982653191458,-0.8758930775998391,0.8252664680652124,0,zero,0,0.1375549418619304,0.2565564995939358,1.6232224197027445,1.4739673126788888,1.2325006914122363,-0.31611575545549736,0.2129054240661691,1.621038600431589,1.4916108398413834,1.2612021429828728,-0.5263272754946973,0.29955511332221124,-0.06791996250426649,0.06049785652397137,-0.05187994038598904,0.2749392762318905,-3.6291046631854096,8.76091677254025,10.596056992731889,1.0,-1.9901121854782104,1.0986930245593385e-06,3.3292970069709327e-07,0.0,0.0,0.0,1,0.15593394764820726,1.7826263205677308,-9.0,3.2674082208237016,0.15593394764820726,-1.6955375304905353,2.261910365084402,4.985923233688167,0.004422881510074836,-0.0014693354448482388,0.0012785866337243356,-0.05922192484147691,0.0608212058939562,0.1734678767291264,0.0,0.0,0.0,0.0,0.0,0.29239442649204433,11.88417547045154,-30.0,10.891360736079006,34.057904512704965,3.478163851058266,-11.261910365084402,-1.7185150128644655,0.29239442649204433,11.88417547045154,-32.48211400499564,10.891360736079006,36.26332293144222,3.0299999999999794
0.0,0.0,0.0,0.0,0.0,0.0,0.0,0.0,0.0,0.0,0.0,0.0,0,0.0,-1.5707963267948966,nan,-0.015653710102846052,-0.2945630025189051,-0.15127729729161538,0.1185508495542249,-1.5707970695771736,-0.019245944663924153,-0.34666894702255374,1.5153399455258834,-0.14489399279259288,0.3578759251113247,-0.004971792273394254,0.32465248465468055,-0.15050323339855232,0.05261824947759433,-0.0035922345610781004,-0.05210594450364864,0.006383304499022496,0.005458371635294526,-0.0005562762769570988,-0.004418746708996314,-0.003155797068003079,-10.722697849047613,0.569752529435184,-0.29383895627051787,-0.04763242853432925,-1.5707977857203268,1.5177076578926203,0.9695356935650377,-0.874541536102609,-0.7131342844221742,0,zero,0,0.04763242853432903,0.16618327808855415,1.6262592815151133,1.4732787464309647,1.2331140130416696,-0.3166417094545423,0.13531366336019346,1.6238920100240182,1.4577289657639747,1.3518098043128686,-0.3796789759986722,0.3078167213817567,-0.06979316741606416,0.06216636277479292,-0.053310768018567614,0.2938369248140439,-2.9904911448121765,8.674690250989652,16.422023124196535,1.0,-1.7340508699417114,1.458925430242175e-06,7.161431532232143e-07,0.0,0.0,0.0,1,0.13056889075168873,3.9125303937196767,-9.0,-9.0,0.13056889075168873,0.5735612621479237,-2.799616425057807,2.7625744653566966,0.004657994321703189,-0.0014670681957080752,-0.001104860065683306,-0.0550311706906947,0.06619377211293742,0.31006920159969625,0.0,0.0,0.0,0.0,0.0,0.24483197215767621,26.08353595813118,-30.0,-30.0,49.803722659794346,3.338969131571753,-6.200383574942193,-11.762574465356696,0.24483197215767621,26.08353595813118,-71.38554408040196,-45.211019249208775,88.43270297792016,3.039999999999979
0.0,0.0,0.0,0.0,0.0,0.0,0.0,0.0,0.0,0.0,0.0,0.0,0,0.0,-1.5707963267948966,nan,-0.017073503891013198,-0.3036871768686239,-0.15008836311424192,0.11808788370116696,-1.5707970459778036,-0.020322439957743937,-0.34652483863766853,1.5122204941743178,-0.14473444216832387,0.9331588782419733,0.03432984943473605,0.9268282734604005,-0.1029383553104446,0.04329301699927959,-0.00324893606673074,-0.04283766176904463,0.00535392094591805,0.004265315972113884,-0.00014173433520906246,0.003227312052174948,-0.0027851909518162264,-10.910394582441477,0.613331004367482,-0.31634957775113676,0.06496167432612832,-1.570798101620216,1.5146376767727148,0.969607118258826,-0.8745415175356149,-0.8251711039498362,0,zero,0,-0.06496167432612854,0.05312620937503887,1.6293787357491152,1.472571453498264,1.2337440149554701,-0.31718196763241807,0.21236760093781565,1.6269619135046096,1.438617590877324,1.4189700108137842,-0.21903604275656827,0.31607281726024317,-0.07166512251734551,0.06383375579094074,-0.054740640996686886,0.3163383949372393,-1.0964140069742574,5.064478603434711,14.895684740468027,1.0,-1.2938077449798584,1.7748253196003816e-06,1.055642412595148e-06,0.0,0.0,0.0,1,0.08141167422456794,3.025194404947097,-9.0,-9.0,0.08141167422456794,1.935431601819483,-5.929930518201598,-0.4113756470293286,0.004658337471336878,-0.0014670681645614168,-0.0012784388859507674,-0.0285387259293587,0.045701268798915715,0.30805392485729904,0.0,0.0,0.0,0.0,0.0,0.15265643019795225,20.167962699647315,-30.0,-30.0,46.97627085497577,1.089762803127614,-3.0700694817984022,-8.58862435297067,0.15265643019795225,20.167962699647315,-76.63035122340378,-80.10286739056187,112.67408804269155,3.049999999999979
0.0,0.0,0.0,0.0,0.0,0.0,0.0,0.0,0.0,0.0,0.0,0.0,0,0.0,-1.5707963267948966,nan,-0.018719372202756143,-0.31454526769811586,-0.150140042541491,0.117612671817517,-1.5707970217614573,-0.021426662059137486,-0.3463733185552751,1.5090185288774758,-0.14457064177190898,1.1025032634994703,0.05416462103493974,1.1009610911885404,0.0215479823663961,0.03242487416574813,-0.0027072898563813425,-0.03182805085715923,0.005569400769582011,0.009631288553603585,0.00026613688559753686,0.009474513195732108,-0.0017101140502311608,-6.735146077120219,0.40080380767056,-0.3353737240049806,0.15200641494217182,-1.5707982458362282,1.5113564384197897,0.704918767844316,-0.8745415175071957,-0.825266079104326,0,zero,0,-0.15200641494217182,-0.03439374312465482,1.6325807039811966,1.4718454516622381,1.2343906813152943,-0.31773651640695205,0.29218948391916066,1.6302430185386778,1.4405149018455436,1.4382647009219232,-0.1107993024570759,0.3243187516005659,-0.07353477363094524,0.06549909659281963,-0.05616875409834031,0.3353623134465756,1.020986362292065,-0.2939933284912615,7.474054201250188,1.0,-0.9085599780082703,1.9190413316216848e-06,1.2240747708780475e-06,0.0,0.0,0.0,1,0.04755236897712766,0.5032779734289133,-9.0,-9.0,0.04755236897712766,1.7696509516886583,-7.551380955832487,-3.068987273421062,0.003386680490129444,-0.0014670681645137427,-0.001278586031106624,0.014694242924334504,0.011169641712249446,0.1856316632118274,0.0,0.0,0.0,0.0,0.0,0.0891662647236596,3.3551864895260888,-30.0,-30.0,42.55896177072771,-1.2663729782597448,-1.448619044167513,-5.931012726578938,0.0891662647236596,3.3551864895260888,-52.17064168313494,-78.65217220417416,94.4415442115777,3.0599999999999787
0.0,0.0,0.0,0.0,0.0,0.0,0.0,0.0,0.0,0.0,0.0,0.0,0,0.0,-1.5707963267948966,nan,-0.020360806158933025,-0.32338148064242334,-0.1529909334118407,0.11712523239938433,-1.5707969969298787,-0.02255849655763538,-0.34621411447760403,1.505734174220771,-0.14440259576221812,0.9502168115342782,0.05095994576789879,0.8995417021978536,0.3018936880040568,0.024493234872591075,-0.0021976903987023545,-0.022832633835180693,0.00858833764962258,0.012333163650097087,0.0005162438709077817,0.01229153223724705,0.0008710069727291738,0.21309879417866906,-0.01339191096110473,-0.34752870280682635,0.1793450269903174,-1.5707981151733779,1.5079196212313206,-0.760768278933029,0.2211269989346738,-0.8252664593113171,0,zero,0,-0.17934502699031718,-0.0622197945909333,1.6358650616239756,1.4711007691713465,1.2350539869595967,-0.31830533420085955,0.27567320118705674,1.6336797761905038,1.4608208350797134,1.4021337735362431,-0.09928568610309718,0.33254994099394847,-0.07540108153256571,0.06716145951969399,-0.05759431352311013,0.34752276542108035,2.59224178987714,-5.7155648053079675,-3.336842352305209,1.0,-0.6244168877601624,1.7883784813044201e-06,1.1182434991319212e-06,0.0,0.0,0.0,1,0.06917448680125092,-2.36234060549682,-3.065791025202579,-9.0,0.06917448680125092,0.3672741649456531,-6.589443326402105,-4.924519640879075,-0.0036550014062625576,0.00037094680350479187,-0.0012785866201619118,0.04106017847690689,-0.037117016124766145,-0.027727637142806433,0.0,0.0,0.0,0.0,0.0,0.12971026964419824,-15.7489373699788,-10.21930341734193,-30.0,35.390394394146874,-2.729614770442473,3.5236523011995255,-4.075480359120925,0.12971026964419824,-15.7489373699788,-10.21930341734193,-45.81859589153573,49.51589386091214,3.0699999999999785
0.0,0.0,0.0,0.0,0.0,0.0,0.0,0.0,0.0,0.0,0.0,0.0,0,0.0,-1.5707963267948966,nan,-0.021708557174962707,-0.326508757707444,-0.15773252040860772,0.11662559069642153,-1.5707969714852044,-0.023717810018698354,-0.3460469503176823,1.5023676002938777,-0.1442303105861992,0.591903635967897,0.018843755496670764,0.32944412249423793,0.4913872172785938,0.02383459119752583,-0.002009252843735647,-0.019538192610238314,0.013502209822408517,0.011073621565335909,0.00046895761711216203,0.010372291232355519,0.003849772450006077,7.312308998360113,-0.4861072226239551,-0.3509861254352534,0.1329724760339419,-1.570797728111755,1.5044100192661076,-0.9677187859871692,0.8744608272180227,-0.3585139914212425,0,zero,0,-0.1329724760339417,-0.016346885337520156,1.6392316385857233,1.4703374445915265,1.2357338975368186,-0.3188883915559595,0.15307045650279413,1.6371894033966101,1.4906245423567397,1.3231141220907168,-0.19487418289186667,0.3407618679799411,-0.0772630219507767,0.06881993222968755,-0.05901653689216722,0.35098258295423224,3.0563996178458854,-8.855028547301984,-13.127077989258442,1.0,-0.5000779628753662,1.4013168585513824e-06,7.566265507463754e-07,0.0,0.0,0.0,1,0.13968938241532797,-4.5,9.0,2.3040137578515885,0.13968938241532797,-1.5625813058288285,-1.5616391228399722,-4.431387286858677,-0.004649265251451374,0.0014669328042683325,-0.0005554462893773357,0.05228171568905318,-0.06292793338354784,-0.22817129781391077,0.0,0.0,0.0,0.0,0.0,0.2619339629014213,-30.0,30.0,7.680045859505295,43.11672197425293,-2.9374186941711713,10.561639122839972,6.735401044710265,0.2619339629014213,-32.76966753994895,35.829007263559404,7.680045859505295,49.159135325756104,3.0799999999999783
0.0,0.0,0.0,0.0,0.0,0.0,0.0,0.0,0.0,0.0,0.0,0.0,0,0.0,-1.5707963267948966,nan,-0.022542873215919843,-0.3220219315997613,-0.16050476989060145,0.11611377861393946,-1.5707969454299626,-0.024904450162759217,-0.3458715465254982,1.4989190220312512,-0.14405379494850976,0.5235237376401103,-0.0352324103103728,-0.4311422315498581,0.2948765119683172,0.029069154688898403,-0.002361576946839375,-0.023849614925736895,0.01645097494209169,0.0060617173790923845,7.761830069089298e-05,0.0040334405598263096,0.004524350807987432,10.87629101933883,-0.761306222997653,-0.34849896276236925,0.034327162220927354,-1.5707972799232222,1.5009096302159168,-0.96952743408671,0.874541517734609,0.8108670426969916,0,zero,0,-0.034327162220927576,0.08178661639301232,1.6426802199298483,1.4695555266566656,1.2364303696385774,-0.3194856512473906,0.05839998533727635,1.6406897919569763,1.5171858793331878,1.2368558608350235,-0.35321642273324244,0.34895008104642294,-0.07911958556701577,0.07047361569978372,-0.06043465324827135,0.34849353425242346,2.2350704162696693,-7.929744804163257,-16.597577551529497,1.0,-0.6246747374534607,9.531283255981293e-07,3.34493259757096e-07,0.0,0.0,0.0,1,0.20726019185947628,-4.5,9.0,9.0,0.20726019185947628,-2.998235898226031,3.270873514009692,-1.7247533110650528,-0.0046579546402315255,0.0014670681648952348,0.0012562775814102612,0.04335346204704629,-0.062162321717243466,-0.3231252135056247,0.0,0.0,0.0,0.0,0.0,0.3886371495583654,-30.0,30.0,30.0,51.96297757859933,-1.501764101773969,5.729126485990308,10.724753311065053,0.3886371495583654,-42.24424961902581,65.79451066276192,60.30782559920313,98.74552712181332,3.089999999999978
0.0,0.0,0.0,0.0,0.0,0.0,0.0,0.0,0.0,0.0,0.0,0.0,0,0.0,-1.5707963267948966,nan,-0.022944833951039297,-0.3122334336264462,-0.15902568181516127,0.11558983461502592,-1.5707969187670652,-0.02611824604882525,-0.3456876204300596,1.4953886985526414,-0.14387305978126178,0.9725872585214125,-0.08118351509465785,-0.96045718778765,-0.12983529081921907,0.036862652014412245,-0.0031734120977859534,-0.033454186803613395,0.015152622033899499,0.004312020528555271,-0.0004886131121055398,-0.003707525658547855,0.002146865565555961,9.60980607790983,-0.7061275612543232,-0.34531196921394625,-0.07066987272166925,-1.570796967439126,1.4974459142686871,-0.9695921234086148,0.8745415175050055,0.825249280298623,0,zero,0,0.07066987272166925,0.18625970733669517,1.6462105465343797,1.4687550741190731,1.2371433509328542,-0.32009706839782714,0.19853069373954144,1.644153460952093,1.5292542645298215,1.182035899627664,-0.5009650355061597,0.35711019462960003,-0.08096977801558797,0.0721216242258253,-0.061847903055770925,0.3453087576056119,0.40999387885318433,-3.46668560104729,-12.692406151768255,1.0,-0.9925696849822998,6.406442292217207e-07,4.867206104819388e-08,0.0,0.0,0.0,1,0.2189027010407234,-4.5,9.0,9.0,0.2189027010407234,-3.778251782734964,6.179525170687426,1.319263453381446,-0.0046582654307430115,0.0014670681645100685,0.0012785600046905927,0.018092323902945597,-0.03625761459114794,-0.2743081591245976,0.0,0.0,0.0,0.0,0.0,0.4104682187150261,-30.0,30.0,30.0,51.96314544134694,-0.721748217265036,2.820474829312574,7.680736546618554,0.4104682187150261,-37.7884005944714,62.831078632893316,83.8982612121955,111.42169618278763,3.099999999999978
0.0,0.0,0.0,0.0,0.0,0.0,0.0,0.0,0.0,0.0,0.0,0.0,0,0.0,-1.5707963267948966,nan,-0.023175396051300597,-0.30118616551995486,-0.15481639928241892,0.11505380362266426,-1.5707968914998074,-0.02735900826302533,-0.345494886596721,1.4917769325036194,-0.14368811821387437,1.1620530915697598,-0.10102001139387813,-1.085453427315275,-0.402434096535495,0.04587596335922854,-0.004183612211724735,-0.044308721076766144,0.011128281068544549,0.009821878916081841,-0.0009974434590917219,-0.009690888215678782,-0.001249438905791815,4.606679083306824,-0.35445606150823006,-0.34422785394292643,-0.13935903579831543,-1.5707969014795966,1.4940047192368648,-0.8029927369960305,0.8745415175041829,0.8252663214572292,0,zero,0,0.1393590357983152,0.2544128394209797,1.64982231575145,1.4679361555999504,1.237872780297183,-0.3207225905916947,0.26604502075763037,1.6475946698617907,1.519390218748773,1.1851909893585018,-0.5763631565288877,0.36523788911400634,-0.08281261988366592,0.07376308542251464,-0.0632555382006031,0.34423371044384077,-1.9433748621463398,2.9810383542761416,-3.5826322851030117,1.0,-1.4732416868209839,5.746846998277988e-07,9.979789439285014e-09,0.0,0.0,0.0,1,0.18538634423400457,-2.8850143075981505,8.959361424824987,9.0,0.18538634423400457,-3.651283446019018,7.639849665766806,3.7147055521573593,-0.00385786272142595,0.0014670681645086885,0.001278586406584357,-0.027616748830983664,0.016344285928240915,-0.11660542640014405,0.0,0.0,0.0,0.0,0.0,0.3476211217588685,-19.233428717321004,29.86453808274996,30.0,46.496626281533416,0.7662691384208675,1.319511759058181,5.285294447842641,0.3476211217588685,-19.233428717321004,29.86453808274996,70.32707109227634,78.78980380723559,3.1099999999999777
0.0,0.0,0.0,0.0,0.0,0.0,0.0,0.0,0.0,0.0,0.0,0.0,0,0.0,-1.5707963267948966,nan,-0.023566161568702514,-0.29299255889365183,-0.15085218365057973,0.1145057369218474,-1.5707968636318648,-0.028626529112501273,-0.3452930571991252,1.4880840693960913,-0.14349898554302654,0.888191727882952,-0.08767553320740244,-0.7991777228707198,-0.3775082960991355,0.05305675230437758,-0.005060367543798759,-0.05230049830547334,0.007353198107553194,0.01229687763436018,-0.0012472583593485086,-0.011767616324923236,-0.003343763174757307,-2.7570450036264726,0.2217158691879434,-0.34973702320273775,-0.14262478575082937,-1.5707971047233409,1.4905406314062928,0.7935052110770758,-0.874268771963082,0.8252664621834239,0,zero,0,0.14262478575082937,0.2571305226726768,1.6535151820667788,1.4670988494398627,1.2386185879518385,-0.3213621579893863,0.22584452226188007,1.6510588895583207,1.4886794960355747,1.249641197785073,-0.5458894227653707,0.37332891083250386,-0.08464714671128996,0.07539714022341362,-0.06465682199029386,0.34974844646574954,-3.6127753288147586,8.312837256632264,7.466007324523964,1.0,-1.774804711341858,7.779284443287793e-07,2.4109147611639514e-07,0.0,0.0,0.0,0,0.14055237485287925,1.0804503429094479,-6.357287832880774,8.315928504917824,0.14055237485287925,-2.117656588012497,3.893063497164561,5.238372714796283,0.0038122812723356096,-0.0014666106261387519,0.0012785866246116714,-0.05744900325990414,0.056100063880407815,0.10855757994204876,0.0,0.0,0.0,0.0,0.0,0.26355217486007737,7.203002286062986,-21.190959442935913,27.719761683059417,35.62856510666218,3.198106930921945,-10.250351330045333,3.077555790121542,0.26355217486007737,7.203002286062986,-21.190959442935913,27.719761683059417,35.62856510666218,3.1199999999999775
0.0,0.0,0.0,0.0,0.0,0.0,0.0,0.0,0.0,0.0,0.0,0.0,0,0.0,-1.5707963267948966,nan,-0.024564671995405497,-0.29230349621026885,-0.14865871083659038,0.11394569206169614,-1.5707968351672859,-0.02992058282503848,-0.34508184240507583,1.4843104969488208,-0.14330567920270196,0.20775828170051056,-0.029554328583422315,-0.0477847889333638,-0.20001664736647717,0.05331880114506783,-0.005355910829632982,-0.05277834619480698,0.005353031633888422,0.008950496080904058,-0.0010267172606454955,-0.00814921964378975,-0.003556325485419294,-9.24269428165481,0.7766658580132721,-0.3656076510415077,-0.07279266970935483,-1.5707974651136822,1.4869588949588701,0.9694213564617434,-0.8745415453040241,-0.48778023274193805,0,zero,0,0.07279266970935483,0.18673836177105096,1.6572887577591566,1.4662432435492112,1.2393806955930267,-0.32201570344147806,0.14284287604743054,1.654640752201217,1.4521280587762695,1.343465583335842,-0.4187843605906706,0.3813790720662818,-0.08647240899136789,0.07702294288094357,-0.06605102915395783,0.3656121945480771,-3.42227305458988,9.470878373091477,15.323873684538595,1.0,-1.778849482536316,1.138318785898207e-06,6.299463963799212e-07,0.0,0.0,0.0,1,0.09969042733414184,3.9157617864749366,-9.0,-8.710076192856093,0.09969042733414184,0.22228415278787478,-1.411463921495935,3.582723138964041,0.00465744500559091,-0.0014670682111437095,-0.0007557186798597822,-0.06051765721325607,0.07009552500365565,0.28082606103222973,0.0,0.0,0.0,0.0,0.0,0.1869312344536693,26.10507857649958,-30.0,-29.03358730952031,49.2387983487734,3.6934776336870616,-7.588536078504065,-12.292799331820135,0.1869312344536693,26.10507857649958,-66.55600374167612,-29.03358730952031,77.1632094776596,3.1299999999999772
0.0,0.0,0.0,0.0,0.0,0.0,0.0,0.0,0.0,0.0,0.0,0.0,0,0.0,-1.5707963267948966,nan,-0.026217754187451127,-0.29844785299499116,-0.1473770648387513,0.11337373275757545,-1.5707968061104918,-0.031240925754823803,-0.34486095077563605,1.4804566444279506,-0.1431082187343149,0.6465490008724445,0.03327392622603058,0.6365248414162084,-0.10841855294520253,0.04687889658742329,-0.0050231715673726765,-0.046413097780644896,0.004268846104436397,0.0033406280669083938,-0.00046183460568315245,-0.001187212925052819,-0.003088208242492259,-10.77421289863181,0.9464149449429051,-0.38732970126029515,0.03352366241261984,-1.5707978222728307,1.483177465873595,0.9696078173566179,-0.8745415175042718,-0.8249442018172517,0,zero,0,-0.033523662412619615,0.07985007034495561,1.661142613559926,1.4653694352587028,1.2401590165260705,-0.3226831526029453,0.1986429061246717,1.658422175920399,1.427356739890821,1.4237114697519717,-0.2569934633181988,0.38938425104485747,-0.08828747216967514,0.07863966096638535,-0.06743744584229845,0.3873239153387377,-1.7105348373863467,6.641255576173529,15.746420413009131,1.0,-1.462127923965454,1.4954779343767655e-06,1.016162339162463e-06,0.0,0.0,0.0,1,0.05385537140916597,3.6954845162765113,-9.0,-9.0,0.05385537140916597,1.9386001081808903,-5.121725175794029,0.3727417768353364,0.004658340830051329,-0.0014670681645088377,-0.0012780873461207703,-0.03774044927260885,0.05552854262929,0.31775662714430586,0.0,0.0,0.0,0.0,0.0,0.10098513296299638,24.63656344184341,-30.0,-30.0,49.06088519606077,1.756884408095621,-3.8782748242059712,-9.372741776835337,0.10098513296299638,24.63656344184341,-81.67657532084836,-73.41561955487991,112.55170637085044,3.139999999999977
0.0,0.0,0.0,0.0,0.0,0.0,0.0,0.0,0.0,0.0,0.0,0.0,0,0.0,-1.5707963267948966,nan,-0.028230644252816087,-0.3072771984599999,-0.14722965818342287,0.11278992879320793,-1.57079677646627,-0.032587296594726284,-0.3446300896767074,1.4765229819875185,-0.14290662575691476,0.9084851513185305,0.06665192254624794,0.9060206563937412,0.0054186322071714255,0.03785376482248622,-0.004356652341910197,-0.037352891216707484,0.004323032426508111,0.0056166316369229115,0.00013621532798612293,0.005239389319576203,-0.002019107695794305,-7.537485768724428,0.6924612989830634,-0.40705779296440364,0.12542162771296428,-1.5707980412904734,1.4791827031618008,0.9285571840444709,-0.8745415175040722,-0.8252657803952423,0,zero,0,-0.1254216277129645,-0.012631698919756573,1.665076279312468,1.4644775311698228,1.2409534557986013,-0.3233644240473782,0.29466260032400576,1.6624168405010087,1.4233755508222334,1.4610092993964858,-0.13177886006918432,0.39734039194607584,-0.09009141664485477,0.08024647536987936,-0.0688153696276079,0.4070488105231169,0.4746689297666676,1.607744950553065,9.65164040764153,1.0,-1.129374623298645,1.7144955766212888e-06,1.264824203595083e-06,0.0,0.0,0.0,1,0.022041329252754885,1.380697260887513,-9.0,-9.0,0.022041329252754885,2.1491484684024926,-7.145096122370676,-2.479331241303485,0.0044611189865035195,-0.0014670681645085027,-0.001278585568316172,0.005956376835324223,0.02371204961535901,0.2230377520984288,0.0,0.0,0.0,0.0,0.0,0.04133007547863282,9.204648405916753,-30.0,-30.0,43.413445618283795,-0.7684512075149796,-1.854903877629324,-6.520668758696515,0.04133007547863282,9.204648405916753,-64.43843046955183,-81.74380848385815,104.49444390625096,3.149999999999977
0.0,0.0,0.0,0.0,0.0,0.0,0.0,0.0,0.0,0.0,0.0,0.0,0,0.0,-1.5707963267948966,nan,-0.030264658410029743,-0.3150125271009172,-0.14981632153042723,0.11219435592279203,-1.5707967462397716,-0.03395941659547785,-0.3443889657023353,1.472510020009979,-0.14270092393745323,0.8476980796321754,0.0661894156462093,0.7976452615289398,0.2792365166465888,0.03045086642212209,-0.003694758185448104,-0.029376438601418087,0.007115397592973999,0.008826032493170462,0.0005311329464331794,0.008794995177025464,0.0005145942088800141,-1.1404248081890955,0.10957828888015703,-0.4211157201515458,0.164461179732178,-1.5707980066680471,1.475018434761665,-0.4675582783113146,-0.8745415175040667,-0.8252664578215407,0,zero,0,-0.16446117973217778,-0.052266823809385965,1.6690892446316825,1.4635676470053058,1.2417639103337452,-0.32405942938119786,0.3060156632091681,1.6665810448124925,1.4396761282636115,1.4428271702364357,-0.09462086263067873,0.4052435048961095,-0.09188333776841741,0.08184258030042546,-0.07018410950376705,0.421110442778645,2.323849123163318,-4.118354747698319,-0.6488287649856104,1.0,-0.8531731367111206,1.6798731508060882e-06,1.2604282755290797e-06,0.0,0.0,0.0,1,0.04604833450239485,-1.5223538903403269,-7.901645190373001,-9.0,0.04604833450239485,0.9835918916657969,-7.798290029782733,-4.546488628833411,-0.0022463162727214513,-0.0014670681645084936,-0.001278586617853799,0.03577974338543785,-0.025430505150589283,0.039285147289849526,0.0,0.0,0.0,0.0,0.0,0.086346023818479,-10.149025935602179,-26.33881730124334,-30.0,41.191546218922525,-2.5059457820061235,-0.10335516059026784,-4.453511371166589,0.086346023818479,-10.149025935602179,-26.33881730124334,-56.16418966587227,62.85825069734047,3.1599999999999766
0.0,0.0,0.0,0.0,0.0,0.0,0.0,0.0,0.0,0.0,0.0,0.0,0,0.0,-1.5707963267948966,nan,-0.0319799638383763,-0.3185966288983767,-0.15496893039790607,0.1115870957731171,-1.5707967154365075,-0.03535698979213311,-0.3441372851089518,1.4684183084467262,-0.14249113896111315,0.6600715723100314,0.031773223169129575,0.3835782390842979,0.5362393843818924,0.0286255952444528,-0.0033770259537568084,-0.025540656210575108,0.012477791436792923,0.009288185955375025,0.0005649102935964814,0.008405641376386067,0.003911069898813003,6.11546148857676,-0.613796432120535,-0.4268863806801446,0.13163276141750613,-1.5707976839808064,1.4707567469438485,-0.9659815480899198,0.874421460778567,-0.7934021104257302,0,zero,0,-0.13163276141750613,-0.020045665644389032,1.6731809595634735,1.4626399074596068,1.242590269063313,-0.32476807335787217,0.20488607012013904,1.6708427491249438,1.4694327324130618,1.3733350608815427,-0.16718478921015809,0.41308966596945895,-0.0936623458447413,0.08342718328588306,-0.0715429858862456,0.42688341532654533,3.2367436982421456,-8.429732866015092,-11.339176532717236,1.0,-0.6367969512939453,1.3571859098782113e-06,9.685442989848525e-07,0.0,0.0,0.0,0,0.12889349247891352,-4.3105046367775,6.326680571821336,-1.8685419263747804,0.12889349247891352,-1.022575101381127,-3.7823664428473633,-4.807468872291396,-0.004640918942682606,0.0014668667659512033,-0.001229219134441868,0.053568405128474245,-0.05810850793378037,-0.18765663333645705,0.0,0.0,0.0,0.0,0.0,0.24169040404821585,-28.73669757851667,21.088935239404453,-6.228473087915935,36.185539494516625,-3.2879295353963727,10.109047014668699,2.938926945916615,0.24169040404821585,-28.73669757851667,21.088935239404453,-6.228473087915935,36.185539494516625,3.1699999999999764
0.0,0.0,0.0,0.0,0.0,0.0,0.0,0.0,0.0,0.0,0.0,0.0,0,0.0,-1.5707963267948966,nan,-0.03302607274313457,-0.31545683872974395,-0.1590734962855958,0.11096823574567671,-1.570796684062341,-0.03677970323817834,-0.34387475425974356,1.4642484361586092,-0.14227729850168397,0.5202795935895436,-0.03766045412869623,-0.2877259319424508,0.4318406347118914,0.033223183546430356,-0.0037536304950437707,-0.028417915529999616,0.016796197783911837,0.006598842618716468,0.00012531537464890346,0.003679076502833903,0.005476624512394553,10.721293852613387,-1.1223592866075447,-0.4255037777286741,0.03865893596873082,-1.5707972252428808,1.466486956718866,-0.9695279027762983,0.8745415284218527,0.7402848911041655,0,zero,0,-0.03865893596873082,0.07230929977694611,1.6773508352442312,1.4616944460493726,1.2434324130609884,-0.3254902539921316,0.05527729045477398,1.6751125406342833,1.5005475152466254,1.282311692994813,-0.32006720290982515,0.42087501718895226,-0.09542756613107223,0.08499950517297103,-0.07289133061210191,0.4254976650965015,2.8638962803337287,-8.984499712888791,-16.90048465887269,1.0,-0.7741170525550842,8.984479844542648e-07,5.411805394928138e-07,0.0,0.0,0.0,1,0.22434099602498428,-4.5,9.0,9.0,0.22434099602498428,-2.671349683073473,1.511407461580423,-2.4689792077234434,-0.004657956891983014,0.001467068182823389,0.0011469245432119842,0.05170331817984544,-0.0674322225885832,-0.3209416966227483,0.0,0.0,0.0,0.0,0.0,0.42066565915054244,-30.0,30.0,30.0,51.96322699368072,-1.828650316926527,7.488592538419577,11.468979207723443,0.42066565915054244,-42.23959237803612,60.125064862062196,49.967139139457636,88.85999404855112,3.179999999999976
0.0,0.0,0.0,0.0,0.0,0.0,0.0,0.0,0.0,0.0,0.0,0.0,0,0.0,-1.5707963267948966,nan,-0.03345066529454054,-0.3069565446811597,-0.15898527174637744,0.11033786891878594,-1.5707966521234893,-0.038227227247639585,-0.3436010800783239,1.4600010302564566,-0.14205943219197975,0.82909872871306,-0.1022931458055272,-0.8226619867164608,0.012964177048585546,0.04064629827163881,-0.004776561953099043,-0.036644535397164224,0.016925839554397692,0.004840994959874702,-0.0005973534764782866,-0.0030263393095741817,0.00373090758515909,10.403922106369393,-1.1336968883116822,-0.42203608752632726,-0.07109433981681779,-1.5707968418932907,1.4622533726654188,-0.9695979002882282,0.874541517504343,0.8251839190945873,0,zero,0,0.07109433981681779,0.18143220873560395,1.6815982445603157,1.460731404963913,1.2442902156755165,-0.3262258626741852,0.17025225020815937,1.6793460530366071,1.5210450974073348,1.2099596221342817,-0.4816749706974514,0.42859576652574494,-0.09717813883752356,0.08655878012726771,-0.07422848693998313,0.4220290388124072,1.3752725506581844,-5.6119074590675915,-14.702143537066707,1.0,-1.1372638940811157,5.150983941604181e-07,1.8976980165064106e-07,0.0,0.0,0.0,1,0.25735103753634836,-4.5,9.0,9.0,0.25735103753634836,-3.617952070399561,5.177590858746339,0.6633834924276016,-0.0046582931849274275,0.001467068164508957,0.001278458740474636,0.032028254732256484,-0.04951012367832035,-0.30725092912806623,0.0,0.0,0.0,0.0,0.0,0.48256335559037755,-30.0,30.0,30.0,51.963764946279234,-0.8820479296004389,3.8224091412536607,8.336616507572398,0.48256335559037755,-43.45748815541344,69.50323678933198,83.7389373617742,117.18231820049965,3.189999999999976
0.0,0.0,0.0,0.0,0.0,0.0,0.0,0.0,0.0,0.0,0.0,0.0,0,0.0,-1.5707963267948966,nan,-0.03360677700934018,-0.2968030298251718,-0.15551923527112788,0.10969609394969448,-1.570796619626512,-0.03969921564554079,-0.3433159705108494,1.4556767554415937,-0.14183757159428734,1.0470989996557745,-0.1315876683101569,-0.9868405288513349,-0.3244175877557154,0.04886470485668984,-0.006092438636200612,-0.04651294068567757,0.013681663676840539,0.008681295927635757,-0.0012732332990191449,-0.008581308486291933,0.0003239145142596572,6.031485188802446,-0.6829082678177797,-0.4199500743890681,-0.1520419669745834,-1.5707966735041468,1.4580515729168615,-0.9696051827369335,0.8745415175040763,0.8252660475886696,0,zero,0,0.1520419669745836,0.26173806092427787,1.685922522807541,1.4597509349156732,1.2451635426638925,-0.32697478428393634,0.2699642141425433,1.6835478058097613,1.5215824590792006,1.18847934816536,-0.5835655135600524,0.436248187899321,-0.0989132191270764,0.08810425563321113,-0.07555380955012521,0.41995063035415514,-0.9028262204970333,0.40685510823449644,-6.565994299908347,1.0,-1.6339645385742188,3.4670925019852916e-07,5.387763479802743e-08,0.0,0.0,0.0,1,0.22099346551066762,-4.451189349792354,9.0,9.0,0.22099346551066762,-4.050049306958345,7.16516720713446,3.2439847659569927,-0.004658328172401269,0.0014670681645085097,0.0012785859822793681,-0.011469992055435679,-0.011715632494707544,-0.17075478075307232,0.0,0.0,0.0,0.0,0.0,0.414388647122947,-29.67459566528236,30.0,30.0,51.775991983243145,-0.40114004283400817,1.83483279286554,5.756015234043007,0.414388647122947,-29.67459566528236,46.07494106804859,79.22714888010373,96.33584306966505,3.1999999999999758
0.0,0.0,0.0,0.0,0.0,0.0,0.0,0.0,0.0,0.0,0.0,0.0,0,0.0,-1.5707963267948966,nan,-0.033928557058271115,-0.28877898633855237,-0.15161179933067284,0.10904301497670188,-1.570796586578313,-0.041195306027034376,-0.3430191349957211,1.4512763133463653,-0.14161175017083905,0.8639619971021585,-0.11743103325626489,-0.7727207971491179,-0.36816145170067427,0.05563092979742366,-0.0072667489687632605,-0.05424014865716875,0.010000049159833796,0.01119984935204008,-0.0016288129459638683,-0.010853135524588997,-0.0022345118438615256,-1.0085463298892288,0.11846897747952334,-0.42249277418492176,-0.17189806132050367,-1.5707967762123496,1.4538471337317587,0.15350324965185347,-0.6768778634132788,0.8252664562628874,0,zero,0,0.1718980613205039,0.2809410762972053,1.6903229683506564,1.458753194990703,1.2460522523245505,-0.32773689730519884,0.25980438992114846,1.6877523280491458,1.4990671801739994,1.2305059471503574,-0.5839102913663546,0.44382862117749144,-0.10063197711557925,0.08963519249409858,-0.0768666645443527,0.4225025600084364,-3.031494423326488,6.509869758351293,4.493855449055884,1.0,-2.0105514526367188,4.494174530300654e-07,1.8963403647376254e-07,0.0,0.0,0.0,1,0.15446821869057942,-0.7007032608568259,-0.16985665725904123,9.0,0.15446821869057942,-3.1186209823484776,5.465421561730489,5.0341420554342236,0.0007374842102121701,-0.001135481786511676,0.001278586615438975,-0.0463224446293071,0.04205682876348703,0.04994873446294913,0.0,0.0,0.0,0.0,0.0,0.28964601292064396,-4.671355072378839,-0.5661888575301375,30.0,30.368174506338566,2.417917721491652,-5.63527821898953,3.9658579445657764,0.28964601292064396,-4.671355072378839,-0.5661888575301375,42.6503074585478,42.91007747786165,3.2099999999999755
0.0,0.0,0.0,0.0,0.0,0.0,0.0,0.0,0.0,0.0,0.0,0.0,0,0.0,-1.5707963267948966,nan,-0.03495994030756557,-0.2869537180425378,-0.14922130023274677,0.10837874152127114,-1.5707965529861299,-0.0427151200255244,-0.34271028493998207,1.4468004418746558,-0.14138200325429914,0.2684574242885678,-0.04884307491955647,-0.1516418240275541,-0.2160752181386172,0.056836538791197676,-0.007755179717958825,-0.05575656689744429,0.007839296978447624,0.008848922835014034,-0.0014090020279668358,-0.008231799853548043,-0.002924999110486118,-8.06382244449985,0.9823566735686824,-0.4337948095260408,-0.11721743499897563,-1.5707970851885416,1.4495666118919306,0.9667022112432316,-0.8745309743999409,0.15792228822305376,0,zero,0,0.11721743499897563,0.22559617652024677,1.694798843282832,1.4577383524991308,1.2469561956305517,-0.32851207393991266,0.1658565449438398,1.6920330009387856,1.4634173970624917,1.3163763825530248,-0.47900901649135486,0.4513334721763954,-0.10233359787174837,0.09115086483208704,-0.07816642944607904,0.43380352719855353,-3.655014683593121,9.359081058183754,13.827504734361893,1.0,-2.0043954849243164,7.583936447730366e-07,5.322024119180924e-07,0.0,0.0,0.0,1,0.09382479777360726,2.8610529624592105,-9.0,-3.8628580917688957,0.09382479777360726,-0.9432360347674387,0.4474440321317035,4.265866393166651,0.004644381264800572,-0.0014670504781527191,0.0002446692489064067,-0.06170624728772128,0.06708827727986064,0.2441001347642322,0.0,0.0,0.0,0.0,0.0,0.175932491606239,19.073686416394736,-30.0,-12.876193639229653,37.810485693620784,3.8042889972266494,-9.447444032131703,-8.128724484935546,0.175932491606239,19.073686416394736,-50.76711581763555,-12.876193639229653,55.739867929774675,3.2199999999999753
0.0,0.0,0.0,0.0,0.0,0.0,0.0,0.0,0.0,0.0,0.0,0.0,0,0.0,-1.5707963267948966,nan,-0.03692496820577432,-0.2922561833887803,-0.1477057330608604,0.1077033883901446,-1.5707965188575346,-0.04425826359007197,-0.34238913420151024,1.4422499145424084,-0.14114836801825534,0.5783285722440114,0.042188433366117245,0.5623616084714345,-0.12819319358425563,0.051089030277418075,-0.007333295384297653,-0.05013295081272995,0.006557365042605068,0.003358925423713366,-0.0006569157987332645,-0.0017357171628370957,-0.0027996656168327305,-11.21321340830473,1.4166527299422222,-0.45286535645119963,-0.012787273093021634,-1.5707974430631424,1.4451213032146486,0.9696017773163736,-0.8745415174683481,-0.8186934737311834,0,zero,0,0.012787273093021412,0.12049066148316623,1.6993493740851406,1.4567065828256323,1.2478752163627729,-0.3293001802223597,0.1585256167507018,1.6964783721385086,1.4326567023223045,1.4041030586658922,-0.3176128772357789,0.4587592126604995,-0.10401728141716748,0.0926505600881929,-0.07945249320030634,0.4528645977086147,-2.49819733949325,7.873952805541153,16.678102588057182,1.0,-1.660750389099121,1.1162682458376594e-06,9.242056080438488e-07,0.0,0.0,0.0,1,0.04476297515377878,3.89412944274971,-9.0,-9.0,0.04476297515377878,1.1741106097307523,-3.948474480437587,1.4278148362292828,0.004658311811549641,-0.0014670681644485747,-0.0012684030832903306,-0.04864282769042001,0.062339319781753874,0.326504608109805,0.0,0.0,0.0,0.0,0.0,0.08393582440236036,25.960862951664737,-30.0,-30.0,49.73905357380392,2.720018833018958,-5.0515255195624125,-10.427814836229283,0.08393582440236036,25.960862951664737,-78.42170821379777,-63.89929478118088,104.43685960004746,3.229999999999975
0.0,0.0,0.0,0.0,0.0,0.0,0.0,0.0,0.0,0.0,0.0,0.0,0,0.0,-1.5707963267948966,nan,-0.0395166359538115,-0.301495146541075,-0.1466323219272902,0.10701707557745666,-1.570796484200423,-0.04582432727236304,-0.3420553995760962,1.4376255398181461,-0.14091088344770672,0.9663704241220862,0.10256040657461163,0.957269777770875,-0.08359265630215884,0.04144461309157965,-0.0063076913185515365,-0.0405602530350212,0.005721438479583479,0.005754524916413094,0.0002453579231792534,0.005215423054387429,-0.002419445983467371,-9.403036951511847,1.2323968805037342,-0.47250624487513704,0.0929472704424168,-1.5707977051456334,1.44047338322282,0.969609341431293,-0.8745415175036442,-0.8252577559637192,0,zero,0,-0.09294727044241657,0.014069805135039637,1.703973752286041,1.4556580692799033,1.2488091512430957,-0.33010107613337997,0.2656605455979903,1.7011262347142737,1.4196350351446565,1.4582669466056986,-0.17073611729791585,0.46610238034259804,-0.10568224272628793,0.09413357902229208,-0.08072425617362544,0.4724990899003624,-0.4577629306248892,3.5170903725262184,12.542781318249858,1.0,-1.2572021484375,1.3783507366582626e-06,1.220945210711477e-06,0.0,0.0,0.0,1,0.013687595093675738,2.326748701924569,-9.0,-9.0,0.013687595093675738,2.061821245673671,-6.532131350006919,-1.5847606531998053,0.004658348152248159,-0.0014670681645077848,-0.0012785731360518237,-0.018786274078080888,0.035964239564117095,0.2718261524353108,0.0,0.0,0.0,0.0,0.0,0.025665844915949254,15.51165801283046,-30.0,-30.0,45.17313574507091,0.2649274562508981,-2.467868649993081,-7.4152393468001945,0.025665844915949254,15.51165801283046,-72.3708842085929,-84.41025257924665,112.26418758744205,3.239999999999975
0.0,0.0,0.0,0.0,0.0,0.0,0.0,0.0,0.0,0.0,0.0,0.0,0,0.0,-1.5707963267948966,nan,-0.042251870756274575,-0.3107227478068399,-0.14752365628038872,0.10631992816684765,-1.570796449023014,-0.047412886523488317,-0.3417088012884743,1.4329281604634951,-0.1406695903095414,0.970891378796177,0.11466755513377946,0.9574199553386786,0.11326274912638323,0.032151979946013653,-0.005161015767213742,-0.030986053481634412,0.006854065970847312,0.009922851206395904,0.0009263827272583021,0.009842328634564121,-0.0008563633318570251,-3.9156066596504218,0.5324370447904703,-0.4876511201910088,0.15689377929999182,-1.570797750868667,1.4356487137124723,0.27887059001123626,-0.8745415175039918,-0.8252663791015041,0,zero,0,-0.15689377929999182,-0.05057385113314439,1.7086711351208619,1.4545930029471312,1.2497578300675944,-0.33091461571458736,0.3158994789393436,1.7059508279991271,1.427334431319988,1.4603278310314856,-0.09702933253023,0.4733595788838137,-0.10732771172642881,0.09559923571312008,-0.08198113015421603,0.48764455606825813,1.5402996017647526,-2.0851159340307035,3.4068239480569766,1.0,-0.9272197484970093,1.4240737704618311e-06,1.301845653056688e-06,0.0,0.0,0.0,1,0.03432604049771558,-0.3389659326485131,-9.0,-9.0,0.03432604049771558,1.4613467666537816,-7.82607124771344,-3.914334348986492,0.0013397935046475103,-0.001467068164508368,-0.0012785864958927227,0.02314598994732931,-0.011650788881328165,0.11332845242959096,0.0,0.0,0.0,0.0,0.0,0.06436534876751468,-2.2597728843234206,-30.0,-30.0,42.48659454918511,-1.8003126993022947,-1.1739287522865602,-5.0856656510135085,0.06436534876751468,-2.2597728843234206,-40.93009102764291,-69.41944890762595,80.61912275977996,3.2499999999999747
0.0,0.0,0.0,0.0,0.0,0.0,0.0,0.0,0.0,0.0,0.0,0.0,0,0.0,-1.5707963267948966,nan,-0.044652427133802415,-0.3166521469578305,-0.15137388468745122,0.10561207623357904,-1.5707964133338401,-0.04902350200077305,-0.34134906348637806,1.4281586528737027,-0.140424531122991,0.7546431654428428,0.07899409002431051,0.628913695308686,0.4095287593612912,0.02736662794335951,-0.004371074866970637,-0.024696916528547552,0.010949353564460224,0.011008975134272264,0.001142194201511024,0.010735310148303874,0.0021554679150438457,3.595884713016398,-0.5070245164572302,-0.49564667883419206,0.15192756001043417,-1.570797507775241,1.430708862033568,-0.9200834530728484,0.8265689437597187,-0.8252664645016861,0,zero,0,-0.15192756001043417,-0.046315483776854904,1.7134406461912846,1.4535115825384655,1.2507210758397258,-0.33174064718258534,0.25508109418532215,1.7108906675590831,1.451292611213249,1.4076737778812627,-0.13069143005435346,0.4805274778935958,-0.10895293329777651,0.09704685755827173,-0.08322253835184638,0.49564204735682,2.8288334269182056,-7.157225818527437,-7.959847254349352,1.0,-0.6414320468902588,1.180980344628324e-06,1.0944414006175407e-06,0.0,0.0,0.0,0,0.12010424517110699,-3.150286766887897,1.2364454435744157,-8.012024762296143,0.12010424517110699,-0.19112555458387165,-5.472958850739884,-5.326189949034668,-0.004420408168932357,0.0013865928133659543,-0.0012785866282033584,0.045791317874039936,-0.04777467352705294,-0.11588476431065102,0.0,0.0,0.0,0.0,0.0,0.22520953529178134,-21.001911779252648,4.121484811914719,-26.70674920765381,34.22525541195652,-2.9591612123040254,6.7094042943143,-2.685834813261475,0.22520953529178134,-21.001911779252648,4.121484811914719,-26.70674920765381,34.22525541195652,3.2599999999999745
0.0,0.0,0.0,0.0,0.0,0.0,0.0,0.0,0.0,0.0,0.0,0.0,0,0.0,-1.5707963267948966,nan,-0.04614762234746004,-0.31588532263776564,-0.15578550704713218,0.10489365474664569,-1.5707963771417464,-0.05065571988485965,-0.3409759147366639,1.4233179264181581,-0.14017575013005829,0.46790079157824843,-0.013702267042897676,-0.039367557035069334,0.4660403352613668,0.029891892986061284,-0.0045080975373996135,-0.025090592098898246,0.015609756917073891,0.008269642698246609,0.0006689304254333768,0.006882242288000169,0.004535886190355217,9.84426452649353,-1.4380631666528076,-0.4961280907143201,0.07437809328451817,-1.5707970576658619,1.42573619881095,-0.9689518591491142,0.8745407351375187,0.5375926738902934,0,zero,0,-0.07437809328451817,0.03051556146212775,1.718281376124827,1.4524140142414896,1.251698704903516,-0.33257901304318316,0.09986702820913876,1.71586332565229,1.4814164673162218,1.320002609070763,-0.26578821467696606,0.48760281292972246,-0.11055716727338537,0.0984757852742016,-0.08444791539787372,0.4961198508167921,2.966845334055431,-9.28507661705357,-16.2669789537368,1.0,-0.6661689281463623,7.308709655262646e-07,6.805241152818553e-07,0.0,0.0,0.0,1,0.23466463477107047,-4.5,9.0,9.0,0.23466463477107047,-2.0119746520178716,-0.25401221635353977,-3.5475660918202254,-0.0046551893735076386,0.0014670668520664512,0.0008328931730810851,0.05176813706238058,-0.06736647977625058,-0.29789824420574884,0.0,0.0,0.0,0.0,0.0,0.4400236916764869,-30.0,30.0,30.0,51.963387311156275,-2.4880253479821284,9.254012216353539,12.547566091820226,0.4400236916764869,-36.81077222466779,48.33718008439353,31.338138680967266,68.36511162226122,3.2699999999999743
0.0,0.0,0.0,0.0,0.0,0.0,0.0,0.0,0.0,0.0,0.0,0.0,0,0.0,-1.5707963267948966,nan,-0.04668508492567,-0.3088811661900069,-0.15676550832753927,0.10416480347089108,-1.5707963404558813,-0.05230907220722693,-0.34058908852255965,1.4184069227809142,-0.13992329326590625,0.6822992189680696,-0.1115889744157314,-0.6617330233654517,0.12324581445591343,0.03634118572326185,-0.0056239872815569275,-0.03170792233255276,0.016842215061633026,0.0038543092685182747,-0.0002974464337480434,0.00017629601290548857,0.0038387687182572065,11.091774285453361,-1.6763536318956116,-0.4927493509962744,-0.03696317210320066,-1.5707966127109134,1.4207931672888083,-0.9695603767307881,0.8745415174998304,0.8250497362873982,0,zero,0,0.03696317210320066,0.14112797557409174,1.723192383234326,1.451300511570692,1.2526905270767503,-0.3334295502056115,0.11774923516194272,1.7208062641087403,1.505611225722532,1.2363458430297403,-0.43659149303561806,0.4945823854982987,-0.11213968843917696,0.09988537289622354,-0.08565670734524379,0.4927373346252092,1.9059884992759537,-7.230034953128022,-16.541783767157895,1.0,-0.9197765588760376,2.859160170842756e-07,2.722550318523531e-07,0.0,0.0,0.0,1,0.2966254795560572,-4.5,9.0,9.0,0.2966254795560572,-3.2500344872370728,4.0923577636391455,-0.2929782589451021,-0.004658112908410898,0.0014670681645013873,0.00127825085084094,0.03900701957415388,-0.058861887777695486,-0.33431623435899527,0.0,0.0,0.0,0.0,0.0,0.5562075371386784,-30.0,30.0,30.0,51.964501025453615,-1.2499655127629272,4.9076422363608545,9.292978258945102,0.5562075371386784,-43.60088866407908,70.45753808653397,78.0906963638201,113.85854553314617,3.279999999999974
0.0,0.0,0.0,0.0,0.0,0.0,0.0,0.0,0.0,0.0,0.0,0.0,0,0.0,-1.5707963267948966,nan,-0.046721443322252254,-0.2991850776095498,-0.15379088010351075,0.10342566686911892,-1.5707963032856902,-0.053983077188300754,-0.3401883237410739,1.4134266153012096,-0.1396672081292008,0.9822189541087633,-0.16376465844915727,-0.92953237989713,-0.2718543087323083,0.04397130461749792,-0.0072616338660485,-0.04100324613152406,0.014123671974309943,0.006248375167613483,-0.001287782787233082,-0.006068611125411863,0.0007454976436464256,7.770991939350261,-1.213484147681394,-0.4897762720717296,-0.13210931626676992,-1.5707963415087016,1.4158895001021141,-0.9695960019782702,0.8745415175040034,0.8252660053560332,0,zero,0,0.13210931626676992,0.2355349831358886,1.7281726941774216,1.4501712952179375,1.2536963457841614,-0.3342920900967385,0.2482730943011646,1.7257098182579085,1.513181928454672,1.1937039492675787,-0.5668088336989636,0.5014630630537575,-0.1136997865339407,0.10127498777851103,-0.0868483716684912,0.48976997117908494,-0.111246792482319,-1.9619584137462567,-9.938373241905182,1.0,-1.3598734140396118,1.4713805285282433e-08,3.8223011422644504e-08,0.0,0.0,0.0,1,0.2680059036849612,-4.5,9.0,9.0,0.2680059036849612,-3.8990533994316503,6.606758500317141,2.548288406086356,-0.004658284064771188,0.0014670681645083876,0.0012785859168482783,0.010613213021579526,-0.026971849856253782,-0.23054522495339702,0.0,0.0,0.0,0.0,0.0,0.5025424783141968,-30.0,30.0,30.0,51.96395432357424,-0.6009466005683497,2.3932414996828593,6.451711593913644,0.5025424783141968,-35.413845791975696,58.23413902033059,86.23048617440944,109.91498858679171,3.289999999999974
0.0,0.0,0.0,0.0,0.0,0.0,0.0,0.0,0.0,0.0,0.0,0.0,0,0.0,-1.5707963267948966,nan,-0.04682735899034456,-0.2905409200123899,-0.14956925843599478,0.10267639400421014,-1.570796265640913,-0.05567723958628144,-0.3397733651996018,1.4083780083139867,-0.1394075439524004,0.9270347994081529,-0.15882467298883804,-0.8229199055687808,-0.39619574907155675,0.05104326093540903,-0.00884988059593688,-0.04923244518721187,0.010161714483594375,0.009938859790093364,-0.0019139655162895503,-0.009515032958516995,-0.0021405180980137717,1.3940853843401588,-0.22469300527483205,-0.4896935468469739,-0.17396681809082826,-1.570796333124345,1.4110020260403782,-0.4729032338174821,0.7645356557292862,0.8252664621111252,0,zero,0,0.17396681809082803,0.2766432120950384,1.733221304616039,1.4490265929029391,1.2547159581906182,-0.33516645877528556,0.27705463923197665,1.7305973040014975,1.4980800234676948,1.2128708861758435,-0.6046013092283081,0.50824177899886,-0.11523676624933352,0.10264401059409707,-0.08802237726373936,0.48969994070112427,-2.412673748291792,4.494230940110976,0.6694797781786663,1.0,-1.7614420652389526,6.329448520858705e-09,6.748343217566344e-08,0.0,0.0,0.0,1,0.1850743321047664,-2.0477446366965024,5.543780328362518,9.0,0.1850743321047664,-3.455585631769746,6.853347434682288,4.594126252379633,-0.0022719953400964104,0.001282530215778859,0.0012785866244996588,-0.03549122168636114,0.027137302067105375,-0.039300039213449316,0.0,0.0,0.0,0.0,0.0,0.34703606245034013,-13.651630911310017,18.479267761208394,30.0,37.78850086412151,1.4078409950732436,-1.3095671063197694,4.405873747620367,0.34703606245034013,-13.651630911310017,18.479267761208394,58.487496517745655,62.8391442213452,3.2999999999999736
0.0,0.0,0.0,0.0,0.0,0.0,0.0,0.0,0.0,0.0,0.0,0.0,0,0.0,-1.5707963267948966,nan,-0.04763984709193109,-0.286588328767957,-0.14663971453160465,0.10191713844123318,-1.5707962275315737,-0.057391051056785804,-0.33934396411077095,1.4032621364904154,-0.1391443515719838,0.4509399420907933,-0.09013233689178363,-0.3523190155602096,-0.26663515239735147,0.054170319410952496,-0.009751203964854717,-0.05275563534281397,0.00749536295962086,0.009435568752650296,-0.00187354330426805,-0.008676791835950895,-0.0031989180371805297,-5.981183570167382,0.9941994176850224,-0.4968947017617141,-0.14286809695050984,-1.5707965751939295,1.4060760259041467,0.9264024660202301,-0.8753985637997699,0.79812604032609,0,zero,0,0.14286809695050984,0.2447852353917428,1.7383371798758733,1.4478666392237285,1.255749155334314,-0.33605247704604324,0.19976681023313683,1.735523458183219,1.4650696495036537,1.286757163852657,-0.5326266902226284,0.5149155326846946,-0.11674994722987991,0.1039918353348741,-0.08917820444870032,0.4969074768977263,-3.643958092946979,8.75335963817232,11.172650024434233,1.0,-1.8678768873214722,2.4839903289830545e-07,3.47662355792977e-07,0.0,0.0,0.0,1,0.09609647147545039,1.8270797513680317,-9.0,2.04440325192236,0.09609647147545039,-1.653364702676045,2.138380017301664,4.86980154100987,0.004450766954713046,-0.0014685058839429288,0.0012365379264478139,-0.059594555525335796,0.06097851762606768,0.18571485839107177,0.0,0.0,0.0,0.0,0.0,0.18019214602559608,12.18053167578688,-30.0,6.814677506407866,33.08833103422834,3.4804444540440764,-11.138380017301664,-2.82539828908751,0.18019214602559608,12.18053167578688,-33.34363287512901,6.814677506407866,36.14741351662747,3.3099999999999734
0.0,0.0,0.0,0.0,0.0,0.0,0.0,0.0,0.0,0.0,0.0,0.0,0,0.0,-1.5707963267948966,nan,-0.04973461240441744,-0.29011659408505075,-0.14508414043126616,0.10114805814955807,-1.5707961889679765,-0.059123990523371084,-0.3388998785845506,1.3980800641784128,-0.13887768339860787,0.4191869231464586,0.03618258459010745,0.39723508433140986,-0.1288905926962569,0.05006485171173548,-0.009389378118953642,-0.04878328449949987,0.006206457032658291,0.004442237316922202,-0.0010060310815527274,-0.0031307529285505425,-0.0029865967158587414,-10.816197508342075,1.854138283647846,-0.5127476628852374,-0.04902453719026156,-1.5707969209494883,1.4010209148705048,0.9695335421350193,-0.8745415269123851,-0.7397083217909277,0,zero,0,0.04902453719026134,0.15017259533981964,1.7435192556058723,1.446691675507128,1.2567957222599555,-0.3369499605740872,0.1291920604574883,1.7405787084103417,1.4312268476984062,1.376525835408638,-0.382857266895548,0.5214813894106775,-0.11823866407297202,0.1053178693115941,-0.0903153449626749,0.5127545642981458,-2.979564507396358,8.55032672366839,16.544728834623662,1.0,-1.5869501829147339,5.94154591748719e-07,7.319815118478346e-07,0.0,0.0,0.0,1,0.029264442543231156,3.8536489799997913,-9.0,-9.0,0.029264442543231156,0.587926179209821,-2.877401306931669,2.5377799351208865,0.004657983985468148,-0.0014670681802912142,-0.001146031263470412,-0.0548909854832931,0.06546755863692659,0.3142324691957353,0.0,0.0,0.0,0.0,0.0,0.05487425940977153,25.69099319999861,-30.0,-30.0,49.59869093823667,3.26572280078997,-6.122598693068332,-11.537779935120886,0.05487425940977153,25.69099319999861,-71.12596101769185,-48.833311834769404,90.02013562658507,3.319999999999973
0.0,0.0,0.0,0.0,0.0,0.0,0.0,0.0,0.0,0.0,0.0,0.0,0,0.0,-1.5707963267948966,nan,-0.0528930671155865,-0.2991232116071068,-0.14387240226730338,0.10036931540497318,-1.5707961499606984,-0.06087552455897141,-0.3384408741166721,1.3928328847431637,-0.13860759338718737,0.9615826885237782,0.1406920675568732,0.9465621989934558,-0.09416481525422737,0.04046376681174996,-0.00798245744338491,-0.03931766250956531,0.0052648088801160176,0.004967702998798276,0.00026678754658745855,0.00421578459522691,-0.002614203078550462,-10.623501898740248,1.8784601942166128,-0.5313385002583288,0.06361796502758854,-1.5707972098432448,1.3957819568298775,0.9696065131346062,-0.8745415175229061,-0.8251884003230231,0,zero,0,-0.06361796502758832,0.03675135037738464,1.7487664384377188,1.4455019496592212,1.2578554381519513,-0.337858719998994,0.21939586890108484,1.745817685771075,1.412163649044821,1.442161995858021,-0.2236418094854624,0.5279364804245525,-0.11970226632886954,0.10662153315386856,-0.09143330196655271,0.531336910681509,-1.1004820845445016,4.903142788086851,14.590959486295977,1.0,-1.1672461032867432,8.830483482213936e-07,1.0598825461727301e-06,0.0,0.0,0.0,1,-0.0023858332223596172,2.9368060776894596,-9.0,-9.0,-0.0023858332223596172,1.9082475217111339,-5.970505114710926,-0.610780059116366,0.004658334564104892,-0.0014670681645400972,-0.001278465683248882,-0.028514018987474517,0.04462751881147117,0.30369097434436215,0.0,0.0,0.0,0.0,0.0,-0.004473716899230484,19.578707184596396,-30.0,-30.0,46.72607189818452,1.0285585559783257,-3.0294948852890737,-8.389219940883635,-0.004473716899230484,19.578707184596396,-75.37141465290038,-81.58527374897665,112.78445298226708,3.329999999999973
0.0,0.0,0.0,0.0,0.0,0.0,0.0,0.0,0.0,0.0,0.0,0.0,0,0.0,-1.5707963267948966,nan,-0.05644707364555371,-0.3094435337579994,-0.14387514761799758,0.09958107669179572,-1.5707961105205808,-0.0626451077782532,-0.3379667240723932,1.3875217199076428,-0.1383341370068917,1.0944454482533594,0.17844233106854152,1.079447219517149,0.027620173098985568,0.029710112948516793,-0.006198034132699495,-0.02852319031439382,0.005541010611105873,0.010201349553172367,0.0013650579119884616,0.009989158218455203,-0.0015559137796152585,-6.229914736367957,1.1364075030510499,-0.546624108445097,0.14752909370247824,-1.5707973166484024,1.3903685206734628,0.695241154759062,-0.874541517506007,-0.8252660899436404,0,zero,0,-0.14752909370247824,-0.04794801701068252,1.7540776066453152,1.4442977160158257,1.2589280764675999,-0.33877856104905707,0.29840516361275987,1.751231071608561,1.4138060977193845,1.45990852684207,-0.12034170818310445,0.5342780029223918,-0.12114011850069982,0.10790226081016849,-0.09253159004281208,0.5466189586279646,0.9803243197860747,-0.4402521580626557,6.872784890745757,1.0,-0.8179872632026672,9.898535058283642e-07,1.2061278216179971e-06,0.0,0.0,0.0,1,0.01844353084822027,0.4535884977180745,-9.0,-9.0,0.01844353084822027,1.724635065697445,-7.570601252370063,-3.2134186654928025,0.003340185794680947,-0.0014670681645117484,-0.0012785860478999908,0.014187536077551653,0.010149620676233376,0.175096651256514,0.0,0.0,0.0,0.0,0.0,0.03458378182677718,3.023923318120497,-30.0,-30.0,42.53404881117995,-1.2710465679793703,-1.4293987476299366,-5.786581334507197,0.03458378182677718,3.023923318120497,-50.474053760653646,-77.95721429139228,92.91987231684753,3.3399999999999728
0.0,0.0,0.0,0.0,0.0,0.0,0.0,0.0,0.0,0.0,0.0,0.0,0,0.0,-1.5707963267948966,nan,-0.059728752263116316,-0.3174695589770937,-0.14661289730715318,0.09878351260498763,-1.5707960706587245,-0.06443218324085474,-0.33747721016465493,1.382147719093134,-0.13805737121104927,0.9156175447244866,0.1494603154961069,0.8515539126832616,0.3014515484998037,0.02226264574992343,-0.0047034309777384264,-0.020007651187561204,0.00855552609610391,0.01249859961885891,0.0019030724955476988,0.012314669372275398,0.0009706831412835838,0.7804468592484666,-0.14680300226772447,-0.5556460293964155,0.1696452458896065,-1.5707971533449971,1.3848332788436033,-0.7594082468783339,0.3451474283345577,-0.8252664582144448,0,zero,0,-0.1696452458896065,-0.07086173328461864,1.7594516108042666,1.4430792351929622,1.2600134050702791,-0.3397092846555026,0.27688700426362933,1.7567662840453961,1.4334688032653207,1.422637565706752,-0.11583381899271047,0.5405032200485943,-0.12255160004445766,0.10915949954782432,-0.09360973519552003,0.5556398740395776,2.511770633800357,-5.798551911201525,-4.080915787043816,1.0,-0.5624587535858154,8.265501003634768e-07,1.0826862726354136e-06,0.0,0.0,0.0,1,0.10760784418689713,-2.3670251601171786,-2.5615030316203224,-9.0,0.10760784418689713,0.33211834254397155,-6.452472563047964,-5.018913183411025,-0.00364846732852808,0.0005789945863482139,-0.0012785866184625257,0.03995533990174585,-0.037799934952321354,-0.041621044199205676,0.0,0.0,0.0,0.0,0.0,0.20177731893286543,-15.780167734114524,-8.538343438734408,-30.0,34.95651178937916,-2.6991435026611503,3.8909695314276416,-3.9810868165889746,0.20177731893286543,-15.780167734114524,-8.538343438734408,-43.4587041666768,47.01719562381125,3.3499999999999726
0.0,0.0,0.0,0.0,0.0,0.0,0.0,0.0,0.0,0.0,0.0,0.0,0,0.0,-1.5707963267948966,nan,-0.06198642655854602,-0.3196400189379681,-0.1509930699355515,0.09797679775226564,-1.5707960303864823,-0.06623618286544483,-0.336972122925682,1.376712058759754,-0.13777735440695316,0.5392748749228451,0.045367467083961416,0.26755471998473057,0.4660189432494438,0.022206246739190073,-0.004249756306898812,-0.017332103987713898,0.013215715528598349,0.01077121117950653,0.0015683889126399146,0.009975821677056636,0.0037472827968811732,7.709307060168708,-1.4949584208500615,-0.5572070088362122,0.11750770506730213,-1.5707967518317894,1.3792517474952002,-0.9675841520384936,0.8744715138505732,-0.23152256224402296,0,zero,0,-0.11750770506730213,-0.019530907315036483,1.764887274451363,1.4418467739373286,1.2611111863626348,-0.34065068706670537,0.1488664900500486,1.7623477919611168,1.4622919070442069,1.3434406540094568,-0.2183451754258318,0.5466094608958872,-0.12393610536900558,0.11039270995302608,-0.0946672748503324,0.5571960935304765,2.9508667455065716,-8.826431809259237,-13.728483518870819,1.0,-0.45191240310668945,4.250368927927184e-07,7.214453070503168e-07,0.0,0.0,0.0,1,0.23692666469051285,-4.5,9.0,3.3058565559570647,0.23692666469051285,-1.582046941493455,-1.4059032856083584,-4.338507603381463,-0.004648618422074589,0.0014669507313971044,-0.0003586982689177027,0.05070338715425762,-0.06289514149201629,-0.24084285761353358,0.0,0.0,0.0,0.0,0.0,0.4442652628736412,-30.0,30.0,11.019521853190216,43.836368844792936,-2.917953058506545,10.405903285608359,7.644364159338528,0.4442652628736412,-32.58638006818779,37.07043585642136,11.019521853190216,50.57387283993752,3.3599999999999723
0.0,0.0,0.0,0.0,0.0,0.0,0.0,0.0,0.0,0.0,0.0,0.0,0,0.0,-1.5707963267948966,nan,-0.06280127902769723,-0.3144785054470455,-0.1531277974853415,0.0971611106562218,-1.5707959897154478,-0.06805652785450343,-0.3364512621710909,1.3712159417469703,-0.13749414642556065,0.5328516234353209,-0.10054925199073847,-0.46406527363315186,0.24179355311824968,0.027474182858544086,-0.005255248826806197,-0.021972756724045417,0.015633651059780845,0.005438749831615959,0.00037460126139878674,0.003550495332310482,0.004102883927325088,10.886215822996428,-2.1738853768579296,-0.554240467321985,0.015489293634210366,-1.5707962984824833,1.3736935449157472,-0.9695186197419923,0.8745415178687611,0.8166833775605412,0,zero,0,-0.015489293634210366,0.08167181702201143,1.7703833947440637,1.4406006049767686,1.2622211774197685,-0.3416025599624047,0.06113624338272096,1.7679058875965248,1.4877794446330943,1.2581278343920155,-0.38018887677063395,0.5525941205053259,-0.12529304383607373,0.11160136593082333,-0.09570375785449378,0.554224098999069,2.1279993943924764,-7.796290455278099,-16.769439212043302,1.0,-0.5722615718841553,-2.831241330270018e-08,3.0876703549509443e-07,0.0,0.0,0.0,1,0.3225648152397286,-4.5,9.0,9.0,0.3225648152397286,-3.0072237895684593,3.368081208645589,-1.541552034210392,-0.004657912292984367,0.0014670681651202788,0.001265288838139538,0.04170804732209914,-0.06137964936868567,-0.32810542229039863,0.0,0.0,0.0,0.0,0.0,0.6048468315014599,-30.0,30.0,30.0,51.96504440188209,-1.4927762104315407,5.631918791354411,10.541552034210392,0.6048468315014599,-41.90898764117887,66.13592794326286,63.188185305789524,100.61529114380832,3.369999999999972
0.0,0.0,0.0,0.0,0.0,0.0,0.0,0.0,0.0,0.0,0.0,0.0,0,0.0,-1.5707963267948966,nan,-0.06255977822330967,-0.30451271745427744,-0.15103713506874483,0.09633663365643108,-1.5707959486574545,-0.06989262912968185,-0.3359144374555748,1.365660596614123,-0.13720780849108402,0.9822289230192753,-0.20776020795659766,-0.9428963277251956,-0.18043244821200344,0.03508687781844601,-0.007332850906372174,-0.03140172000129737,0.013829326577660811,0.004350687500434647,-0.001133328020724634,-0.0039120547505689315,0.0015296656341925556,9.309338489326295,-1.9124640303648959,-0.5507721072953472,-0.08945736864204035,-1.5707959744549207,1.3681777682139993,-0.9695898889995144,0.8745415175058252,0.8252556944631502,0,zero,0,0.08945736864204035,0.1857940022984712,1.7759387431199802,1.4393410068707448,1.2633431301224265,-0.3425646905679201,0.20262711780025094,1.7734215071137154,1.4988014610438203,1.2049866852669142,-0.5272546798047022,0.5584546598662925,-0.12662183976025976,0.11278495470512505,-0.09671874447683748,0.5507594963718299,0.3074896263815604,-3.285105360501925,-12.48136853238606,1.0,-0.9230943918228149,-3.5233997586203714e-07,2.5797466385313328e-08,0.0,0.0,0.0,1,0.29872212515784624,-4.5,9.0,9.0,0.29872212515784624,-3.7816739275929683,6.230058980733094,1.4820145074540259,-0.004658254695846947,0.0014670681645114435,0.001278569942165758,0.016505055456490253,-0.03506320703590951,-0.2715445940355691,0.0,0.0,0.0,0.0,0.0,0.5601389933580466,-30.0,30.0,30.0,51.9645432549145,-0.7183260724070317,2.7699410192669056,7.517985492545974,0.5601389933580466,-37.269811258721724,62.284853976871986,84.75711552226784,111.59087889934348,3.379999999999972
0.0,0.0,0.0,0.0,0.0,0.0,0.0,0.0,0.0,0.0,0.0,0.0,0,0.0,-1.5707963267948966,nan,-0.062019134866712886,-0.2936972935559133,-0.14653393967583042,0.09550355281156975,-1.57079590722456,-0.07174388777757978,-0.3353614685192546,1.3600472769809488,-0.1369184031904604,1.1348797468849892,-0.23919020044947253,-1.026245496204392,-0.4213790092290781,0.04385125809432167,-0.009724752910866899,-0.041664174963341294,0.00961553648537003,0.009883091600290002,-0.0023460012023838513,-0.0094329778740955,-0.0017862548432295584,4.146618705442894,-0.8756115624648533,-0.5488771755967037,-0.15525413697083623,-1.5707958913689044,1.3626914330925735,-0.7707866548528811,0.8745415175043303,0.8252663656280981,0,zero,0,0.15525413697083623,0.250757689782406,1.781552065956359,1.4380682638608095,1.2644767912901886,-0.3435368617683676,0.26604142832434635,1.7789077876015267,1.488024871832678,1.2097727682192718,-0.5990419626110751,0.5641886059164974,-0.12792193240902885,0.11394297681869973,-0.0977118064077855,0.5488788025496206,-2.0224192136402896,3.1159652250963727,-3.1445136103876656,1.0,-1.3722788095474243,-4.3542599215129485e-07,-1.585565545525469e-08,0.0,0.0,0.0,1,0.1997908153130212,-2.7779720028983816,8.676350049885674,9.0,0.1997908153130212,-3.6204732227883794,7.582041388850392,3.833114095290941,-0.003703133247572873,0.0014670681645089357,0.0012785864750183536,-0.028942793040978236,0.01737870472377907,-0.1088686313216492,0.0,0.0,0.0,0.0,0.0,0.37463119316148735,-18.519813352655877,28.92116683295225,30.0,45.602167998106815,0.8425012198899977,1.0943086610352815,5.1668859047090585,0.37463119316148735,-18.519813352655877,28.92116683295225,69.23680669991813,77.28708254378209,3.3899999999999717
0.0,0.0,0.0,0.0,0.0,0.0,0.0,0.0,0.0,0.0,0.0,0.0,0,0.0,-1.5707963267948966,nan,-0.062027069082648746,-0.285950805823524,-0.14264125077032228,0.09466205780152781,-1.570795865429044,-0.07360969550572727,-0.33479218572379327,1.3543772608680953,-0.13662599444270002,0.8241722023237202,-0.18578735122116233,-0.7177204936927972,-0.36002801577477705,0.05055512767371894,-0.011582626423078522,-0.048841379900269266,0.006015256327622259,0.011952622066492441,-0.0027976316622057486,-0.011053891112836493,-0.003584678871611839,-3.141042526558909,0.6812963399269757,-0.5526911301628787,-0.15406388582421715,-1.5707960803309151,1.357194948047819,0.8149734117650623,-0.874257122697757,0.8252664627460574,0,zero,0,0.15406388582421737,0.24872594362574496,1.7872220852295664,1.436782665721076,1.265621902814657,-0.3445188522228754,0.22063461867902576,1.784404405038786,1.4567999955240967,1.2748163574396116,-0.5640330070049494,0.5697935515419789,-0.12919277600271398,0.11507494613317543,-0.09868252675934867,0.5527055937424875,-3.644870577769914,8.315933818830342,7.885142786125527,1.0,-1.6280453205108643,-2.464639816679437e-07,2.1490187140926764e-07,0.0,0.0,0.0,0,0.08159893388764854,1.1649673100532891,-6.531424549871615,7.600143513777603,0.08159893388764854,-2.058747211103951,3.7642797840515936,5.208912942654626,0.003915422144369031,-0.001466591084166237,0.0012785866254833604,-0.058088394242962776,0.05631811363949665,0.11714169767299862,0.0,0.0,0.0,0.0,0.0,0.15300756401209176,7.766448733688595,-21.771415166238718,25.33381171259201,34.29486363112487,3.22371452115724,-10.295704333923208,2.3912305711229767,0.15300756401209176,7.766448733688595,-21.771415166238718,25.33381171259201,34.29486363112487,3.3999999999999715
0.0,0.0,0.0,0.0,0.0,0.0,0.0,0.0,0.0,0.0,0.0,0.0,0,0.0,-1.5707963267948966,nan,-0.06360983686804168,-0.28553408100553646,-0.140669364919089,0.09381234182952447,-1.5707958232833965,-0.0754894351085287,-0.3342064304773935,1.3486518500376488,-0.13633064746810597,0.1711007349764131,-0.029697181740848816,0.016903042841220906,-0.16765388766392386,0.050288636157539916,-0.01187959824048701,-0.04867234947185706,0.004338717450983021,0.00830494797428026,-0.002059424046697348,-0.00724375319362347,-0.003501281639807957,-9.291561162813654,2.069846948556327,-0.5650752695881291,-0.08081263795915672,-1.5707964282703823,1.3516050776419937,0.969433560365162,-0.8745415406332702,-0.5420676548865093,0,zero,0,0.0808126379591565,0.17462497978868097,1.7929474991745697,1.4354845076086897,1.2667782017926434,-0.34551043647879953,0.13549662458472062,1.7899944759753121,1.4201617177988695,1.367906365414959,-0.43433003770881856,0.5752671555771021,-0.13043383971451541,0.1161803898290396,-0.09963050006512647,0.5650894077605555,-3.4191088204443365,9.35493399243166,15.45514017058682,1.0,-1.6026352643966675,1.0147548579197974e-07,6.049869858415491e-07,0.0,0.0,0.0,1,-0.010275232465012987,3.9161665390612646,-9.0,-9.0,-0.010275232465012987,0.26985721408370683,-1.5168983676916648,3.4328119917368016,0.004657503637483685,-0.0014670682033083875,-0.0008398262681592677,-0.060540044243932487,0.06943715885433993,0.2846555879415385,0.0,0.0,0.0,0.0,0.0,-0.0192672650759666,26.107776927075097,-30.0,-30.0,49.815824667483106,3.6463093249775578,-7.483101632308335,-12.432811991736802,-0.0192672650759666,26.107776927075097,-66.13761886516872,-31.514740627452937,77.7751881596655,3.4099999999999713
0.0,0.0,0.0,0.0,0.0,0.0,0.0,0.0,0.0,0.0,0.0,0.0,0,0.0,-1.5707963267948966,nan,-0.06670899238273273,-0.2915359957986106,-0.1395771042056052,0.09295460152422086,-1.5707957808003112,-0.07738248094289508,-0.33360405564781187,1.3428723693336517,-0.13603242875735846,0.6760313948553084,0.12061096803246546,0.6604289622655801,-0.07940420027362782,0.0435454904847023,-0.010673488560162356,-0.042068059849201256,0.0035446754482467424,0.0029452572025681135,-0.0005678711786749821,-0.00042555586320285055,-0.0028584899022041886,-10.484543250674786,2.3989904579861236,-0.582234680798982,0.026118336381059537,-1.570796762902073,1.3458537004276565,0.9696076130233877,-0.8745415175047279,-0.8250251239740872,0,zero,0,-0.026118336381059315,0.0668362651431611,1.798726982944422,1.4341740899143,1.2679454206593601,-0.34651138508594015,0.19696242162091332,1.7957459609801472,1.3954685679361447,1.4466481538674771,-0.2733504340863118,0.5806071428045612,-0.13164460767050143,0.1172588484056394,-0.1005553322803073,0.5822403410429258,-1.7038888872311848,6.477470044903994,15.529081232798584,1.0,-1.293420672416687,4.3610717614939176e-07,9.821017616928884e-07,0.0,0.0,0.0,1,-0.052342278249389994,3.6412350366987445,-9.0,-9.0,-0.052342278249389994,1.9495119938090457,-5.182345920758643,0.20907191665804797,0.004658339848361813,-0.0014670681645096027,-0.0012782127189453134,-0.03760917395884887,0.0544583554225417,0.314859508624781,0.0,0.0,0.0,0.0,0.0,-0.09814790596172884,24.274900244658298,-30.0,-30.0,48.88026610913197,1.6917230428896988,-3.8176540792413567,-9.209071916658049,-0.09814790596172884,24.274900244658298,-80.29349809748186,-74.56526970058674,112.23326466405189,3.419999999999971
0.0,0.0,0.0,0.0,0.0,0.0,0.0,0.0,0.0,0.0,0.0,0.0,0,0.0,-1.5707963267948966,nan,-0.07048187673625063,-0.2998492593605061,-0.13955861200229325,0.092089036841839,-1.570795737992675,-0.07928819941324859,-0.33298492596254836,1.3370401660226225,-0.13573140604046133,0.9129829190529878,0.18671658831643928,0.8932393247158998,0.028253051358517745,0.03449885832498503,-0.008806322676997963,-0.03313566660204226,0.00382720596183192,0.00597792786437178,0.0008646661117648509,0.00566120525142276,-0.0017142721977741375,-7.062119760901215,1.6599696821795635,-0.5973768630859329,0.11583022303383106,-1.5707969477514694,1.339933160129641,0.9168033099510333,-0.8745415175040949,-0.8252658869360554,0,zero,0,-0.11583022303383128,-0.023741186191991837,1.8045591892697443,1.4328517181125309,1.269123287321606,-0.3475214647107572,0.2922453301776696,1.8016665059933354,1.391449382749087,1.4823173273482704,-0.15198856896766358,0.5858113039553771,-0.1328245789496075,0.11830987568118127,-0.1014566407816681,0.5973761072621249,0.46224819553892216,1.4499016112965368,9.166735962663719,1.0,-0.988394558429718,6.2095657282768e-07,1.2097587944737143e-06,0.0,0.0,0.0,1,-0.03938184783434866,1.332880559776746,-9.0,-9.0,-0.03938184783434866,2.1314137976139,-7.175436630107053,-2.606741762853568,0.004404649194675712,-0.001467068164508541,-0.0012785857333800208,0.005834620273553026,0.02262504658286605,0.21466584892830678,0.0,0.0,0.0,0.0,0.0,-0.07384558003815611,8.88587039851164,-30.0,-30.0,43.34702003493246,-0.7985332378371541,-1.8245633698929469,-6.393258237146432,-0.07384558003815611,8.88587039851164,-62.553196970021794,-81.12985703952768,102.82956919258866,3.429999999999971
0.0,0.0,0.0,0.0,0.0,0.0,0.0,0.0,0.0,0.0,0.0,0.0,0,0.0,-1.5707963267948966,nan,-0.07407711911010884,-0.3068036322340558,-0.14213844874603315,0.09121585096827367,-1.5707956948735613,-0.08120594946554714,-0.3323489183953868,1.3311566091340776,-0.13542764825554338,0.8291138228815698,0.16774923215596566,0.7590380440711253,0.2883594528657857,0.02735720582450017,-0.0071288303554383065,-0.025545286161331004,0.006710800490489777,0.009013244881973555,0.001691778039607057,0.008818782248203663,0.0007781709490168078,-0.6412207406780692,0.15483761069264135,-0.6072589536235323,0.1506279587996464,-1.5707968822755909,1.3338860791838785,-0.4842558374045097,-0.8745415175040799,-0.825266458780963,0,zero,0,-0.1506279587996464,-0.05941210783137274,1.8104427491182105,1.4315177026124528,1.2703115252909571,-0.3485404382505862,0.2993530942845534,1.8077135686084096,1.4074380490036145,1.4628842141751641,-0.12063529041608376,0.5908774957088987,-0.1339732675836369,0.11933303879273133,-0.10233405436757469,0.6072547882753263,2.2775574998161874,-4.2088503345778365,-1.2716434260919947,1.0,-0.7402189373970032,5.554806943308677e-07,1.1874020295898902e-06,0.0,0.0,0.0,1,0.04558839603654616,-1.5463657356110154,-7.313185430933777,-9.0,0.04558839603654616,0.9576609140643253,-7.642284834753243,-4.632969920950188,-0.002326537285685312,-0.001467068164508516,-0.0012785866193402334,0.03519962634350574,-0.026183067006302622,0.02769788161853962,0.0,0.0,0.0,0.0,0.0,0.08548358529260483,-10.309104904073436,-24.37728476977926,-30.0,40.00671148836726,-2.5040266496753407,0.32909940381946523,-4.367030079049812,0.08548358529260483,-10.309104904073436,-24.37728476977926,-54.06986970128639,60.2003967896188,3.4399999999999706
0.0,0.0,0.0,0.0,0.0,0.0,0.0,0.0,0.0,0.0,0.0,0.0,0,0.0,-1.5707963267948966,nan,-0.07670842997773711,-0.3094081909008249,-0.14696368507909788,0.09033525022120714,-1.5707956514562196,-0.08313508308995188,-0.3316959225384927,1.3252230888010523,-0.1351212255175158,0.6118712215610678,0.07021772432235368,0.3257554523663164,0.5131659071092309,0.026043976275621716,-0.00642665311221477,-0.02228773163766784,0.011842459561582086,0.009088127108954503,0.0015931504984910225,0.008036667220156498,0.003932925861255661,6.412066355955403,-1.5896110165385093,-0.6096644040697893,0.11282772325825685,-1.570796549249044,1.3277801328294632,-0.9659904766597526,0.8745850069940709,-0.7272601262338602,0,zero,0,-0.11282772325825707,-0.02249247303704971,1.816376272354029,1.4301723586080544,1.271509853816954,-0.3495680649478546,0.19393011498570883,1.8138194878567448,1.4364777793297887,1.393397247614664,-0.1988827728516166,0.5958036406928029,-0.13509020255726048,0.1203279181962151,-0.10318721325798158,0.609654128331716,3.14855135598332,-8.355807161386078,-11.813425071543497,1.0,-0.5445820093154907,2.2245414754706871e-07,8.977928245279543e-07,0.0,0.0,0.0,0,0.18766913988790593,-4.306073210652221,6.779440064756842,-0.9671826277851108,0.18766913988790593,-1.0395932937309904,-3.4718144575756646,-4.726587598694616,-0.004640961838707846,0.0014671411193596915,-0.001126745254564019,0.052341213530961425,-0.057882855979627966,-0.19794296355830562,0.0,0.0,0.0,0.0,0.0,0.35190163114177,-28.707154737681474,22.598133549189473,-3.223942092617036,36.678249827585,-3.26647991692123,10.251254522332506,3.759404970909505,0.35190163114177,-28.707154737681474,22.598133549189473,-3.223942092617036,36.678249827585,3.4499999999999704
0.0,0.0,0.0,0.0,0.0,0.0,0.0,0.0,0.0,0.0,0.0,0.0,0,0.0,-1.5707963267948966,nan,-0.077697013195522,-0.3054247273225639,-0.15039430399068357,0.08944744395222859,-1.5707956077540646,-0.08507494583171392,-0.3310258409592934,1.31924101560062,-0.13481220908657218,0.508608941128034,-0.09512795239771527,-0.33133819990616153,0.37396353425293016,0.030865070727695648,-0.007377932636191922,-0.025601113636729456,0.015582094904111388,0.006011159023856094,0.00042715796337038526,0.00314329355208557,0.005106003772994404,10.628213350375937,-2.703617840135607,-0.6064341806831238,0.01681163964621213,-1.5707960957423248,1.3216943173475124,-0.9695255295689372,0.87454151543798,0.7622994880009822,0,zero,0,-0.01681163964621213,0.07263580430601646,1.8223583483974268,1.428816005928712,1.2727179880202906,-0.3506041005042969,0.049360314124734704,1.8199051870820075,1.4664977579915948,1.304330347835162,-0.35394578846991426,0.6005877274830944,-0.13617492780801674,0.12129410766641775,-0.10401576909443211,0.6064157473598408,2.741839571944917,-8.713661607066786,-16.938521289257626,1.0,-0.6855245232582092,-2.3105257174194094e-07,4.879882604669206e-07,0.0,0.0,0.0,1,0.3137970769172617,-4.5,9.0,9.0,0.3137970769172617,-2.678992156940705,1.766873847732614,-2.3077753924735447,-0.004657945490250736,0.0014670681610425746,0.0011810317927226656,0.049923752815102876,-0.06583941342039755,-0.32337774387024804,0.0,0.0,0.0,0.0,0.0,0.5884062946132791,-30.0,30.0,30.0,51.964855642708564,-1.821007843059295,7.233126152267386,11.307775392473545,0.5884062946132791,-41.882011833983945,60.29322473499983,52.4371492912946,90.21849429009679,3.45999999999997
0.0,0.0,0.0,0.0,0.0,0.0,0.0,0.0,0.0,0.0,0.0,0.0,0,0.0,-1.5707963267948966,nan,-0.07732040210894763,-0.29644745264053474,-0.14961737697810354,0.08855264444894595,-1.5707955637806692,-0.08702487730983069,-0.3303385895413985,1.313211819894416,-0.13450067133653984,0.8622869197135157,-0.2326542564691142,-0.8290023264134305,-0.04653892625476885,0.0383575388784438,-0.009704475200883064,-0.03389113690086376,0.015116705641563699,0.004781887643396621,-0.0012640192346627336,-0.0034250911306304595,0.0030882771176415635,10.035104181348853,-2.6173074194150105,-0.6017292001130465,-0.09307596230619297,-1.5707957131731503,1.315661812966738,-0.9695973744028022,0.8745415175038227,0.8252027068164285,0,zero,0,0.09307596230619275,0.18162860675513892,1.8283875468841322,1.4274489688896637,1.2739356390260037,-0.3516482971951714,0.17631475506427757,1.8259374897494511,1.485639507664221,1.2354641683892402,-0.5135578312491744,0.6052278106041048,-0.13722700222631157,0.12223121429698372,-0.10481938494005821,0.6017108860810637,1.2329667651839402,-5.226240688000192,-14.364080892127268,1.0,-1.03961181640625,-6.136217463037497e-07,1.4939248105250158e-07,0.0,0.0,0.0,1,0.3271406407200948,-4.5,9.0,9.0,0.3271406407200948,-3.6203055429164177,5.32467630527694,0.8058580645179784,-0.004658290658386791,0.0014670681645080844,0.0012784878483215604,0.02988943483441741,-0.04701673252563646,-0.3020021278491011,0.0,0.0,0.0,0.0,0.0,0.6134270405402115,-30.0,30.0,30.0,51.965144979438534,-0.8796944570835823,3.67532369472306,8.19414193548202,0.6134270405402115,-42.59698236902851,67.94890661061751,84.10745193320051,116.21530269269812,3.46999999999997
0.0,0.0,0.0,0.0,0.0,0.0,0.0,0.0,0.0,0.0,0.0,0.0,0,0.0,-1.5707963267948966,nan,-0.07646090034414608,-0.2861282162255073,-0.14578854088794468,0.08765106683710555,-1.5707955195497556,-0.08898421174298893,-0.32963409780884756,1.307136951169151,-0.1341866857230672,1.0618066052422126,-0.28188361979597787,-0.9614744682476473,-0.35148504766862043,0.046735405251295346,-0.012523311398842843,-0.043505881583340233,0.011601855164877495,0.009097721330758316,-0.0027170946819267006,-0.008677865069112278,-0.0002838798053075627,5.565753061680294,-1.4872786118184833,-0.598039506448026,-0.17173557359882197,-1.5707955387062609,1.3096765721800392,-0.9696042542856859,0.874541517504049,0.8252661028141465,0,zero,0,0.17173557359882174,0.2593866404359275,1.834462418324859,1.426071576142478,1.27516251409666,-0.3527004039834753,0.2706742759881434,1.8319225965007773,1.4847835206975089,1.2178993286201454,-0.6106382805011686,0.6097220105284936,-0.1382459996554185,0.12313885850041706,-0.1055977352795806,0.5980342557760554,-1.0339908300819927,0.7850690549882984,-6.009964899493499,1.0,-1.5223052501678467,-7.880886356836925e-07,1.915650527095636e-08,0.0,0.0,0.0,1,0.23831023742671867,-4.255894690663065,9.0,9.0,0.23831023742671867,-3.991794980708239,7.238771055544657,3.3466578483872533,-0.004658323711791239,0.001467068164508464,0.001278586067840286,-0.013564209624305712,-0.009093474503799895,-0.16077002658927275,0.0,0.0,0.0,0.0,0.0,0.44685962390159134,-28.3726312710871,30.0,30.0,51.0412175478656,-0.2640997099548259,1.7612289444553433,5.653342151612747,0.44685962390159134,-28.3726312710871,43.46171035448136,77.6358800572876,93.38873608725477,3.47999999999997
0.0,0.0,0.0,0.0,0.0,0.0,0.0,0.0,0.0,0.0,0.0,0.0,0,0.0,-1.5707963267948966,nan,-0.0760982676632285,-0.27810562343797485,-0.14196129096078938,0.08674292898270597,-1.5707954750751827,-0.09095227848227384,-0.32891230923299997,1.3010178773771393,-0.13387032675165408,0.8429724623485657,-0.23306994202025033,-0.7300804211684886,-0.35108909557421963,0.05354833947677773,-0.014854010819045346,-0.05080668579502512,0.008090964209135298,0.011433988645307506,-0.0033592505874121895,-0.010633625912939246,-0.002525377551111676,-1.4105699683741464,0.38594699546767275,-0.5984078645102,-0.18760405390018597,-1.570795639715584,1.3037083080933858,0.23447562548179546,-0.7603220638758019,0.8252664572045606,0,zero,0,0.18760405390018597,0.27434698288289194,1.8405814947647885,1.424684160525527,1.2763983167655462,-0.3537601666341612,0.2542590350539069,1.8378909327657535,1.4613133109925673,1.2628868400824738,-0.6049894704913723,0.6140685136772492,-0.1392315088914789,0.12401667400808146,-0.1063505060193089,0.5984196752323937,-3.094080717812014,6.727697043263203,5.096031904114117,1.0,-1.8807493448257446,-6.870793125557384e-07,1.6464040131225488e-07,0.0,0.0,0.0,1,0.10824389401815813,-0.5073473236222139,-0.9698727353771788,9.0,0.10824389401815813,-2.998677849774919,5.268640792925566,5.101431728515416,0.001126504304401601,-0.0012754617961066616,0.0012785866168979105,-0.04757168236395924,0.043827745787636374,0.061491376160923594,0.0,0.0,0.0,0.0,0.0,0.20296998690822826,-3.3823154908147597,-3.2329091179239295,30.0,30.36334889730951,2.491330526152705,-6.238513528302745,3.898568271484584,0.20296998690822826,-3.3823154908147597,-3.2329091179239295,39.756937687493476,40.031825471079706,3.4899999999999696
0.0,0.0,0.0,0.0,0.0,0.0,0.0,0.0,0.0,0.0,0.0,0.0,0,0.0,-1.5707963267948966,nan,-0.07739958451470844,-0.27631814107990127,-0.1399670093308719,0.08582845139411632,-1.5707954303709382,-0.09292840255010267,-0.3281731815214152,1.294856084276813,-0.13355166994551668,0.20885714721118132,-0.06748072163488827,-0.1048354646488836,-0.16756248237800864,0.054509136740520145,-0.015528818035394229,-0.051855040441513955,0.006415339385355212,0.008686878158288959,-0.0026846204050246444,-0.007774227566026047,-0.0027957201522190653,-8.189474718030922,2.2938792708955376,-0.6064251187964685,-0.12855523453488504,-1.5707959519217067,1.297689898250699,0.967094631168223,-0.8745370437186395,0.018557751021697155,0,zero,0,0.12855523453488527,0.21438368592900137,1.846743290443055,1.4232870589144566,1.2776427469698566,-0.3548273278283527,0.1575667542670245,1.8439095656744866,1.4256200071166063,1.3495283054712728,-0.4949925014122585,0.6182655724196862,-0.14018313368350135,0.12486430787019989,-0.10707739448714122,0.6064433516574889,-3.62356688531718,9.347735930642436,14.228835871447464,1.0,-1.8578232526779175,-3.7487318982343254e-07,5.215507687950094e-07,0.0,0.0,0.0,1,-0.0044627335656100605,2.9364606894041687,-9.0,-4.877732100144779,-0.0044627335656100605,-0.8215618814143466,0.2099829752738103,4.155091499679442,0.004646266589698319,-0.0014670606596067324,2.875155277295376e-05,-0.061477086166274675,0.06729144405106399,0.25306960617000307,0.0,0.0,0.0,0.0,0.0,-0.008368148444796664,19.576404596027793,-30.0,-16.259107000482597,39.33947441675382,3.7580225708185155,-9.20998297527381,-9.032823599824221,-0.008368148444796664,19.576404596027793,-52.30405801798872,-16.259107000482597,58.16621641928895,3.4999999999999694
0.0,0.0,0.0,0.0,0.0,0.0,0.0,0.0,0.0,0.0,0.0,0.0,0,0.0,-1.5707963267948966,nan,-0.0806666898208292,-0.28131413942721123,-0.13888479898779055,0.0849078571241928,-1.5707953854511263,-0.09491190518480042,-0.32741668688811,1.288653074773247,-0.1332307918132865,0.5942931771894319,0.12836026714230092,0.5752492980615198,-0.07613322108511733,0.048583318539182636,-0.01424521536397122,-0.04610254746089876,0.005654007174504039,0.0028780282179194272,-0.0009323616513183461,-0.001345441782335817,-0.0023671786127448056,-10.909010201499518,3.128069304464941,-0.6209338363887008,-0.022235670361489213,-1.570796303536742,1.2915440686931794,0.9696000807164008,-0.8745415174818382,-0.8215931331316995,0,zero,0,0.022235670361489213,0.10714352748568201,1.8529463024522257,1.421880612072659,1.278895501183882,-0.35590162727756025,0.16130448739886794,1.8500555806593824,1.3955029081601733,1.4362128345298792,-0.3321055194500696,0.622311505073448,-0.14110049273336245,0.12568142045585504,-0.10777810943256469,0.6209459863679527,-2.4201616904923977,7.724314764880297,16.652778216075422,1.0,-1.5251243114471436,-2.3258154513428053e-08,9.180856155310835e-07,0.0,0.0,0.0,1,-0.06618378434372371,3.810588780323025,-9.0,-9.0,-0.06618378434372371,1.2293753107126977,-4.098651368695813,1.232741518788645,0.0046583036604799155,-0.0014670681644712046,-0.0012728955301487916,-0.04751398100429746,0.06145396193096599,0.3276749564862183,0.0,0.0,0.0,0.0,0.0,-0.12410235204148456,25.403925202153502,-30.0,-30.0,49.450731208652435,2.5812134696103275,-4.901348631304187,-10.232741518788645,-0.12410235204148456,25.403925202153502,-78.2520586450216,-66.47669611341962,105.77292009493844,3.509999999999969
0.0,0.0,0.0,0.0,0.0,0.0,0.0,0.0,0.0,0.0,0.0,0.0,0,0.0,-1.5707963267948966,nan,-0.08507503973628018,-0.2897834477356684,-0.1381894871274726,0.08398137167239672,-1.5707953403299626,-0.09690210439021642,-0.3266428123046083,1.282410368258673,-0.13290776981654223,0.9561510475503506,0.2418150710034983,0.9243182891958857,-0.037228986357368266,0.03906902548704013,-0.011827064653936237,-0.0368593645689399,0.005281717310930356,0.005650253781066603,0.00098877602122463,0.005255858484905278,-0.0018230856691219509,-8.819157896955991,2.5890873864775483,-0.63552124094545,0.08187450949566077,-1.5707965425304502,1.2852422745805716,0.9696086907773542,-0.8745415175037451,-0.825261238139211,0,zero,0,-0.08187450949566077,0.0021068621767357243,1.859189011397787,1.4204651645017423,1.2801562725521987,-0.3569828018378971,0.271059617136036,1.8563574419818045,1.3832350967103666,1.4886441238407138,-0.18783187463404033,0.6262046959045054,-0.14198321969580607,0.126467685452989,-0.108452371026655,0.635525039689512,-0.3904956715799063,3.339665474272402,12.140518742229306,1.0,-1.1554861068725586,2.1573555386567023e-07,1.2022004876044434e-06,0.0,0.0,0.0,1,-0.06838959442770834,2.1850855717610256,-9.0,-9.0,-0.06838959442770834,2.035308889818313,-6.611082834508014,-1.7545572221961843,0.00465834502627521,-0.0014670681645079541,-0.0012785785309917764,-0.01767086025515452,0.0347634734191516,0.2654197869385405,0.0,0.0,0.0,0.0,0.0,-0.12823850445848178,14.567237145073504,-30.0,-30.0,44.85778464385903,0.14977668194271265,-2.3889171654919856,-7.245442777803816,-0.12823850445848178,14.567237145073504,-71.0223082942497,-84.91547156081613,111.65583920688634,3.519999999999969
0.0,0.0,0.0,0.0,0.0,0.0,0.0,0.0,0.0,0.0,0.0,0.0,0,0.0,-1.5707963267948966,nan,-0.08954826254041429,-0.2979196075799748,-0.13935168887860605,0.08304922288691197,-1.570795295021757,-0.09889831548974891,-0.3258515597312413,1.2761294999530048,-0.1325826823371724,0.9383299457820475,0.24770117046016144,0.8927412417673419,0.1487289230503286,0.030223118480626265,-0.009350052949334622,-0.02793195215126648,0.006769006541433642,0.009719090529208071,0.002306443016151726,0.009438808348148864,-0.00022346877880871988,-3.269782260907231,0.9828232771287455,-0.6458353117308792,0.14134429674886517,-1.5707965596680342,1.278812397677634,0.21502833223566756,-0.8745415175040051,-0.825266408749331,0,zero,0,-0.14134429674886517,-0.058295073861953206,1.8654698820576265,1.4190410642920037,1.281424751022856,-0.35807058562429533,0.3173050243555127,1.8627873202617033,1.3913609984869404,1.489097575978823,-0.11978274691803813,0.6299435951271565,-0.14283096317844374,0.12722278986840332,-0.10909991086207659,0.6458332616027905,1.5648069854675197,-2.230458544739379,2.7486431412193584,1.0,-0.8591989874839783,2.3287313766218176e-07,1.2646462774767997e-06,0.0,0.0,0.0,1,0.002120526031212458,-0.4584355000684787,-9.0,-9.0,0.002120526031212458,1.3851414891253802,-7.863991515435482,-4.0357631021478,0.0010330725905264028,-0.0014670681645083904,-0.0012785865418261473,0.023659561626313642,-0.012687607832308982,0.10157510177651531,0.0,0.0,0.0,0.0,0.0,0.003976234823199809,-3.0562366671231915,-30.0,-30.0,42.536344440676984,-1.843576989193859,-1.1360084845645178,-4.9642368978522,0.003976234823199809,-3.0562366671231915,-39.20255373692886,-67.94804440455272,78.50552564167553,3.5299999999999687
0.0,0.0,0.0,0.0,0.0,0.0,0.0,0.0,0.0,0.0,0.0,0.0,0,0.0,-1.5707963267948966,nan,-0.09311938080242461,-0.302650856114046,-0.14317753201963726,0.08211164086676281,-1.5707952495409085,-0.10089985168411739,-0.325042946328191,1.2698120202443555,-0.13225560864456876,0.7099322247688054,0.15695820676418504,0.5539861937121526,0.4152916833634862,0.02610038010279052,-0.007780470881692772,-0.022392090214144955,0.010921923375068504,0.010623350909436103,0.002579451395227427,0.009968137752136896,0.002615003785675911,4.010154462881829,-1.233787297790227,-0.6494961629457133,0.13056146737334018,-1.5707963015474118,1.2723131648780783,-0.9261005727957503,0.8443818956922642,-0.8252664649060923,0,zero,0,-0.13056146737334018,-0.04844982650657759,1.8717873640415164,1.4176086629728994,1.2827006234805665,-0.35916471012472145,0.250828534677279,1.869286529685653,1.4152806252338592,1.4354800942297703,-0.1602634451871795,0.6335267189040281,-0.14364338674175475,0.1279464340277592,-0.1097204719530828,0.6494867854038691,2.8062418042451793,-7.206524343193063,-8.595944785151808,1.0,-0.5969467163085938,-2.5247484991552938e-08,1.0520065032437742e-06,0.0,0.0,0.0,0,0.14137393870524292,-3.2229680407970207,1.7166607285786861,-7.12225634859179,0.14137393870524292,-0.27701647596807716,-5.35157186343212,-5.27038629604078,-0.004449316552283593,0.0014164745447338832,-0.0012785866288299059,0.04559223483859802,-0.04829643939041299,-0.12882496469000862,0.0,0.0,0.0,0.0,0.0,0.26509270336629087,-21.48645360531347,5.722202428595621,-23.740854495305967,32.528598732127726,-2.9459515648289436,7.068232592010807,-1.8518700525510106,0.26509270336629087,-21.48645360531347,5.722202428595621,-23.740854495305967,32.528598732127726,3.5399999999999685
0.0,0.0,0.0,0.0,0.0,0.0,0.0,0.0,0.0,0.0,0.0,0.0,0,0.0,-1.5707963267948966,nan,-0.09474096487122045,-0.3009550746701587,-0.1470929993587265,0.08116885786393424,-1.5707952039018922,-0.10290602461220459,-0.3242170046458107,1.263459494029556,-0.13192662886264697,0.4349696674993375,-0.038458885929136544,-0.0869839761507063,0.4244447121011019,0.02894485067832151,-0.008165059740984137,-0.023261929975652018,0.015166370496079523,0.007722209031852973,0.0014606564994444193,0.006054815678116207,0.004564887953312828,9.792825328095965,-3.0826956585628587,-0.6467359232746339,0.04873788973253079,-1.570795854141568,1.2658207870098377,-0.9689750265007626,0.874541914703656,0.5796075500979881,0,zero,0,-0.04873788973253079,0.032430968131403226,1.8781398924505965,1.4161683153635167,1.2839835738798928,-0.3602649043143926,0.09291506942439669,1.8757787943602802,1.4449555744214955,1.3482245365352852,-0.29966764550687175,0.6369526493460732,-0.14442016889908565,0.1286383315755771,-0.11031380873551544,0.6467153313725073,2.9100479977877978,-9.18607404382998,-16.542596540457502,1.0,-0.6308928728103638,-4.726533284760137e-07,6.502396758811813e-07,0.0,0.0,0.0,1,0.2941342530908692,-4.5,9.0,9.0,0.2941342530908692,-2.0716404337479046,-0.11021811754156777,-3.402648431953963,-0.00465530067770525,0.0014670688308220544,0.000897986886706314,0.05097694792481251,-0.06688018733997728,-0.3046773059029145,0.0,0.0,0.0,0.0,0.0,0.5515361955576021,-30.0,30.0,30.0,51.96445123519549,-2.4283595662520954,9.110218117541567,12.402648431953963,0.5515361955576021,-37.01602199189112,49.22470156945307,34.44966844439699,70.57153092295628,3.5499999999999683
0.0,0.0,0.0,0.0,0.0,0.0,0.0,0.0,0.0,0.0,0.0,0.0,0,0.0,-1.5707963267948966,nan,-0.09448156570522279,-0.2935244983887305,-0.14734934235970149,0.08022110818548844,-1.5707951581192503,-0.10491614491426299,-0.32337378279379525,1.257073500054678,-0.13159582393669783,0.6992045457709791,-0.22695194680560637,-0.6587354429412717,0.05871479269241309,0.035327518529725384,-0.010434579209040201,-0.029849284405064735,0.015753518423003654,0.0034886680488716705,-0.0005382892700196516,-0.000354398590140189,0.003428622326285942,10.707748689881367,-3.446582154967725,-0.6409812087272033,-0.06403450872381766,-1.5707954081207434,1.2593877326922147,-0.9695584192485991,0.8745415175064696,0.8250797892578648,0,zero,0,0.06403450872381766,0.1442556169093061,1.884525888536858,1.414720379423045,1.2852732833784377,-0.3613708947699922,0.12358936610217588,1.8822116082607838,1.4684783300192223,1.2661631792774384,-0.47097865995699595,0.6402200345125747,-0.14516100311665106,0.12929820947523737,-0.11087968706680543,0.6409557511731782,1.8338962943386505,-7.041075292658404,-16.4559497316352,1.0,-0.8812030553817749,-9.186741531941323e-07,2.500014932849126e-07,0.0,0.0,0.0,1,0.35597698407490586,-4.5,9.0,9.0,0.35597698407490586,-3.281916914305387,4.182711340362776,-0.15987524812150677,-0.004658103503970215,0.0014670681645125245,0.0012782974119552337,0.037932289524126944,-0.0576671314868198,-0.33389005525048393,0.0,0.0,0.0,0.0,0.0,0.6674985638006861,-30.0,30.0,30.0,51.965811398771365,-1.2180830856946132,4.817288659637224,9.159875248121507,0.6674985638006861,-43.470469132667546,70.08705112387472,79.55722917405214,114.59351940681532,3.559999999999968
0.0,0.0,0.0,0.0,0.0,0.0,0.0,0.0,0.0,0.0,0.0,0.0,0,0.0,-1.5707963267948966,nan,-0.09336051528516202,-0.2838314944545204,-0.14384016348112963,0.07926862809568669,-1.5707951122075785,-0.10692952279676142,-0.32251334458881686,1.2506556302555496,-0.13126327560006543,0.9895950674142721,-0.31344283025591946,-0.8832565729231745,-0.31766305419394514,0.04287868472137261,-0.013569007511599396,-0.03868185013429648,0.012576887881064203,0.006586412155647578,-0.0024441525176077342,-0.00611382212942628,0.0001676977175499167,7.280819456296838,-2.3948160660736955,-0.6355532011104246,-0.1580487032124238,-1.5707951239732239,1.253019448131497,-0.9695948856304036,0.8745415175041004,0.8252660179830457,0,zero,0,0.1580487032124238,0.23731733130811072,1.890943760362627,1.4132652161012473,1.2865694304700313,-0.36248240578388585,0.2518848481092512,1.8885796600429081,1.475315718525165,1.2254902112754325,-0.5988284484167516,0.6433275884111411,-0.14586559781353275,0.12992580800897954,-0.11141788422597215,0.6355379690096881,-0.1834279746297724,-1.7712533533324761,-9.619242522656041,1.0,-1.3105762004852295,-1.2028216724857543e-06,1.1765645346883957e-08,0.0,0.0,0.0,1,0.2925391469233712,-4.5,9.0,9.0,0.2925391469233712,-3.914093414397246,6.653936518517609,2.646148425389597,-0.004658278701438968,0.0014670681645085502,0.0012785859364113285,0.009490755490899217,-0.02564535023541053,-0.22515124215790394,0.0,0.0,0.0,0.0,0.0,0.5485451845553557,-30.0,30.0,30.0,51.96441957550858,-0.5859065856027539,2.346063481482391,6.3538515746104025,0.5485451845553557,-34.96062457493536,57.06346645217379,85.91226383604838,108.90226101170822,3.569999999999968
0.0,0.0,0.0,0.0,0.0,0.0,0.0,0.0,0.0,0.0,0.0,0.0,0,0.0,-1.5707963267948966,nan,-0.0925214812052732,-0.27540010330490644,-0.13949334748779693,0.07831165571810583,-1.5707950661815184,-0.1089454685981309,-0.32163576968028534,1.2442074890982773,-0.13092906634065712,0.9017320152216268,-0.2854979881258296,-0.7553816241082423,-0.40126067339243954,0.04980794232472714,-0.016423987392857692,-0.0462356663753789,0.008564281147139807,0.010085361200210153,-0.0035265134162578097,-0.009095660658049072,-0.0025587439999492662,0.9922045145916032,-0.333338596214636,-0.6325801007634843,-0.19685763526819988,-1.5707951037553947,1.2466949449953886,-0.4361235103257307,0.6832576437579506,0.8252664615856632,0,zero,0,0.19685763526819988,0.2751692909863057,1.8973919034600464,1.4118031891889316,1.2878716911179213,-0.3635991594783375,0.2765535540153787,1.8949041285199204,1.4596162304836269,1.2460760829666984,-0.6327510114797782,0.646274090997709,-0.14653367636168008,0.13052088077790253,-0.11192818891362366,0.6325854539870677,-2.459311746329787,4.589416339140199,1.083401427325625,1.0,-1.6924190521240234,-1.22303950167435e-06,3.757387645464405e-08,0.0,0.0,0.0,1,0.15936819303374025,-1.9603145924569727,5.178423330610358,9.0,0.15936819303374025,-3.43635284996392,6.770556686633986,4.659147389887371,-0.002095292466426604,0.0011461840487289544,0.0012785866236855598,-0.03632768299904558,0.02796184550007711,-0.03157330625149643,0.0,0.0,0.0,0.0,0.0,0.2988340390657046,-13.068763949713151,17.26141110203453,30.0,36.997813532554424,1.4760382575069473,-1.592133356023628,4.340852610112629,0.2988340390657046,-13.068763949713151,17.26141110203453,56.905431004433225,60.885682093493685,3.5799999999999677
0.0,0.0,0.0,0.0,0.0,0.0,0.0,0.0,0.0,0.0,0.0,0.0,0,0.0,-1.5707963267948966,nan,-0.09317431071555488,-0.2716344182448465,-0.13682075480571562,0.07735043093776461,-1.5707950200557474,-0.11096329335464747,-0.3207411536539314,1.237730692919761,-0.13059327936727824,0.3945492407643634,-0.13649952462349013,-0.28710690337059863,-0.23368057087024274,0.052599437413418694,-0.017788982639092593,-0.04910673540908489,0.00622747543843738,0.009199546856418666,-0.003255244373156857,-0.007963724932733424,-0.0032579336442342156,-6.084373489841116,2.0869569522704636,-0.6361985254982511,-0.16186546309156413,-1.5707953445194514,1.24036386236537,0.9319293258797975,-0.8750560434581562,0.7570489664413624,0,zero,0,0.1618654630915639,0.23921589402932852,1.9038687014905609,1.4103346651684217,1.28917973888796,-0.36472087591972485,0.19540971811646998,1.9012354129917928,1.4263798528702316,1.320086730582861,-0.5569845842529033,0.6490583881765449,-0.14716497708591061,0.13108319470196542,-0.11241040125195723,0.6362190812494133,-3.652584412871062,8.71539081625179,11.495144281106262,1.0,-1.7727174758911133,-9.822754449828608e-07,3.2446370390459833e-07,0.0,0.0,0.0,1,0.02149888975998393,1.8736076043326764,-9.0,1.377941056889566,0.02149888975998393,-1.6147275698675203,2.0334730314614595,4.810185417364606,0.004477319955302484,-0.0014679312963689598,0.001172897151432865,-0.059819598998268636,0.060878584318433196,0.1926086661419973,0.0,0.0,0.0,0.0,0.0,0.04031293785858603,12.490717362217843,-30.0,4.593136856298553,32.81945385798578,3.4883351742001967,-11.03347303146146,-3.43224436047504,0.04031293785858603,12.490717362217843,-33.838615754544215,4.593136856298553,36.361634557870815,3.5899999999999674
0.0,0.0,0.0,0.0,0.0,0.0,0.0,0.0,0.0,0.0,0.0,0.0,0,0.0,-1.5707963267948966,nan,-0.09628926897811234,-0.2749511693076419,-0.13566181706006744,0.07638519530323662,-1.570794973844962,-0.11298230936568374,-0.3198296081129578,1.2312268692682182,-0.1302559985758027,0.4444626164083325,0.10959422515211953,0.42282966037689995,-0.08216569541726337,0.04818666558777844,-0.016693040387571398,-0.04487843880531589,0.005405818484264746,0.003951629290363814,-0.0014369914409633582,-0.002485885825457286,-0.0027149219712267643,-10.510326012396504,3.6806780410412463,-0.6473492428740409,-0.06548764785540317,-1.5707956891545598,1.2339435336621956,0.9695378049424559,-0.8745415217150239,-0.7554974578525302,0,zero,0,0.06548764785540317,0.14187284315864002,1.910372526904399,1.408860013064029,1.2904932450817939,-0.36584727323275573,0.12607488291750452,1.9076560037658186,1.3925505517192005,1.4090221829665077,-0.40550063323242314,0.6516793918002396,-0.14775925326390862,0.13161253001998593,-0.11286433278475827,0.6473697423734416,-2.9755580032478677,8.448935286888062,16.609548471022897,1.0,-1.4837003946304321,-6.376403369756645e-07,7.153095977763257e-07,0.0,0.0,0.0,1,-0.06986901623676814,3.8307829889825338,-9.0,-9.0,-0.06986901623676814,0.6114964741860296,-2.9442161930355337,2.417528429154539,0.004658004465511292,-0.0014670681715724936,-0.0011704933967420434,-0.054831720451164065,0.06481952865771476,0.31649047239507994,0.0,0.0,0.0,0.0,0.0,-0.13101259373104845,25.53855325988356,-30.0,-30.0,49.52004510203545,3.2192865147965044,-6.055783806964467,-11.417528429154538,-0.13101259373104845,25.53855325988356,-70.61159768864853,-50.75154269961563,90.63085391544145,3.5999999999999672
0.0,0.0,0.0,0.0,0.0,0.0,0.0,0.0,0.0,0.0,0.0,0.0,0,0.0,-1.5707963267948966,nan,-0.10129501709092255,-0.2832778638514876,-0.13480241461468748,0.07541619192877769,-1.5707949275638748,-0.11500183075753724,-0.31890126073654934,1.2246976562436993,-0.12991730851517064,0.9738813704052854,0.29862267209567056,0.925504192025417,-0.05207123847479067,0.03848074074294123,-0.013706813666614692,-0.03562339688506172,0.004885106099516839,0.005098310480188934,0.0010309987727435497,0.0045047977646591394,-0.0021532785194971022,-10.086794963343571,3.6067839063009006,-0.6607512059225292,0.047327939161627475,-1.570795962719721,1.227387352009309,0.9696064511792283,-0.8745415175137279,-0.8252007304843844,0,zero,0,-0.0473279391616277,0.028088252767150212,1.916901741600057,1.407379604292524,1.2918118788700519,-0.36697806771468366,0.2204453659122369,1.9142123488164529,1.3734690281794133,1.4736706157852195,-0.2471181530061695,0.6541360796697139,-0.14831627312622658,0.1321086802896419,-0.11328980647740132,0.6607630028954738,-1.1087017907902137,4.813465973687002,14.417013608678317,1.0,-1.0799797773361206,-3.640751753408722e-07,1.0351558463739252e-06,0.0,0.0,0.0,1,-0.08771106090602365,2.899801426995309,-9.0,-9.0,-0.08771106090602365,1.9072374781871662,-6.005788648283495,-0.7179977509465827,0.0046583342664492195,-0.0014670681645247005,-0.0012784847863872237,-0.028579919884959396,0.04398099271113761,0.30118925546932684,0.0,0.0,0.0,0.0,0.0,-0.16446851848119942,19.33200951330206,-30.0,-30.0,46.62353098721688,0.9925639488081428,-2.9942113517165048,-8.282002249053416,-0.16446851848119942,19.33200951330206,-74.31689501333224,-82.28753640543334,112.55217978259745,3.609999999999967
0.0,0.0,0.0,0.0,0.0,0.0,0.0,0.0,0.0,0.0,0.0,0.0,0,0.0,-1.5707963267948966,nan,-0.10684271036981721,-0.2926123789206787,-0.1350215509798769,0.07444366539644309,-1.570794881227197,-0.11702117404504482,-0.31795625531557326,1.218144701838607,-0.12957729435322263,1.0882575268817856,0.35283499913870836,1.027952049016717,0.05591505271374253,0.027848754437577453,-0.010178463675227609,-0.02534387639489455,0.005444256626654265,0.010350543783692757,0.003034195671266079,0.009838798646930796,-0.0010608743713388866,-5.697240298517099,2.0802317564225863,-0.6709402947031586,0.12927981200916716,-1.5707960452418834,1.2207072660072402,0.690472699079927,-0.8745415175050931,-0.8252661201682427,0,zero,0,-0.12927981200916694,-0.05483614661272407,1.9234546975837823,1.405893812513607,1.2931353074255338,-0.368112973949524,0.2984618866405769,1.9208924922003818,1.3748958745838737,1.4907727918139904,-0.1466372744036532,0.6564274955342165,-0.14883581985628458,0.1325714523874706,-0.1136866567168497,0.670942915711114,0.9495049206860161,-0.48620262277304405,6.528439614767476,1.0,-0.7551793456077576,-2.8155301290411217e-07,1.1640146864166923e-06,0.0,0.0,0.0,1,-0.030977564301931725,0.44286523708214515,-9.0,-9.0,-0.030977564301931725,1.7142112413639243,-7.58772713073129,-3.2910540079629347,0.0033172764375276986,-0.0014670681645102155,-0.0012785860947270146,0.013786266016504685,0.00977605355291336,0.1690756795022318,0.0,0.0,0.0,0.0,0.0,-0.058086563476339254,2.9524349138809676,-30.0,-30.0,42.52905178780218,-1.2713460042817792,-1.41227286926871,-5.708945992037066,-0.058086563476339254,2.9524349138809676,-49.43013972918716,-77.43759416088807,91.91648355459935,3.619999999999967
0.0,0.0,0.0,0.0,0.0,0.0,0.0,0.0,0.0,0.0,0.0,0.0,0,0.0,-1.5707963267948966,nan,-0.11166641021895263,-0.29952938313295435,-0.13772643416927108,0.07346786165821251,-1.5707948348496323,-0.11903965869017526,-0.3169947517653507,1.211569663278214,-0.12923604184236676,0.8900508952237685,0.28052152040049794,0.787850776249821,0.3046135700250058,0.02077235317311538,-0.007373248471222629,-0.01746536863239634,0.008490392326904322,0.012484664944636794,0.003886062706999323,0.011790669500194435,0.0013211692375682512,1.1071528929661567,-0.4127184837458966,-0.675216769393358,0.14793732136956006,-1.5707958678218212,1.2139544352843399,-0.7568389660308121,0.3944577704322743,-0.825266458543628,0,zero,0,-0.14793732136956006,-0.07446945971134777,1.9300297376290554,1.4044030134803795,1.2944631960564,-0.36925170492226944,0.27409089033357653,1.927645316697991,1.3941234204026263,1.453358168808519,-0.14616685940170235,0.6585527490913226,-0.1493176915903699,0.13300066650886858,-0.11405472931165524,0.6752091401743597,2.460637026439323,-5.790104171456554,-4.511045821607906,1.0,-0.519858717918396,-4.5897307554554345e-07,1.0329721886748189e-06,0.0,0.0,0.0,1,0.09993556588287014,-2.3457229051193154,-2.3359485153480395,-9.0,0.09993556588287014,0.3302775619715346,-6.395389795067551,-5.069422302178875,-0.0036361235894805666,0.0006617140817920041,-0.0012785866189725299,0.03922583553258174,-0.03782363973003884,-0.049643910816690784,0.0,0.0,0.0,0.0,0.0,0.1873908979615041,-15.638152700795438,-7.7864950511601325,-30.0,34.71622733569671,-2.6760004670908497,4.059441279719511,-3.930577697821125,0.1873908979615041,-15.638152700795438,-7.7864950511601325,-41.9766118739443,45.46704724126625,3.6299999999999666
0.0,0.0,0.0,0.0,0.0,0.0,0.0,0.0,0.0,0.0,0.0,0.0,0,0.0,-1.5707963267948966,nan,-0.11442610878184471,-0.3007106049289303,-0.14170113751674998,0.0724890279381123,-1.5707947884458637,-0.12105660765679212,-0.3160169261154228,1.2049742063611821,-0.12889363728508418,0.48837059184378523,0.07427495962752245,0.2159047445903839,0.43171079047614747,0.021030431421605867,-0.006630498874947405,-0.0153063211864925,0.012807500231665797,0.010476127503960537,0.0030804228806077787,0.009283380799079779,0.003752210454537882,7.6614143648504225,-2.91522774366509,-0.6727251977398189,0.09197603562710821,-1.5707954706211615,1.2072002542463494,-0.9675227974957911,0.8744766556595359,-0.14274697310336915,0,zero,0,-0.09197603562710821,-0.019487007688995917,1.9366251959360756,1.402907584889817,1.2957952083393574,-0.3703939721331063,0.14305104908371225,1.9343993922309746,1.4223900941955032,1.3745951568731725,-0.25262450077469806,0.6605110159869354,-0.14976170141763767,0.13339615616809197,-0.1143938814919586,0.6727036484801281,2.89552797763166,-8.760865830731126,-14.062645440186012,1.0,-0.4172188937664032,-8.561737350198939e-07,6.821752975838535e-07,0.0,0.0,0.0,1,0.2631695375013513,-4.5,9.0,3.9248823160965958,0.2631695375013513,-1.579480916861151,-1.338348803426942,-4.276229488235703,-0.004648323653028523,0.0014669593569272665,-0.00022115810938310506,0.04983811740963326,-0.06252546143962896,-0.24801112100835876,0.0,0.0,0.0,0.0,0.0,0.49347372492284136,-30.0,30.0,13.08294105365532,44.400527732568776,-2.9205190831388492,10.338348803426943,8.2011118043323,0.49347372492284136,-32.30693742267109,37.40336132723765,13.08294105365532,51.12882266529215,3.6399999999999664
0.0,0.0,0.0,0.0,0.0,0.0,0.0,0.0,0.0,0.0,0.0,0.0,0,0.0,-1.5707963267948966,nan,-0.11454534019718325,-0.29506745029412584,-0.1431526929222599,0.07150741263433535,-1.57079474203054,-0.12307134796077274,-0.3150229704762832,1.19836000480008,-0.1285501674992745,0.5331990311852054,-0.18955088886420807,-0.46491989956648494,0.17950251913196047,0.026156248638790167,-0.008526007763589485,-0.01995552018215735,0.014602525422985402,0.004874517628881086,0.000788547025296597,0.003083996222969957,0.0036916233556357585,10.45248384010201,-4.05755673754902,-0.6664169595910039,-0.012151493971775285,-1.5707950221065952,1.2005078715920405,-0.9695158427242739,0.8745415178798719,0.819138049328065,0,zero,0,0.012151493971775285,0.08365890660611086,1.9432393987912422,1.4014079062332376,1.2971310062528516,-0.37153948571163026,0.06449085363902886,1.9410915208027903,1.4473977357617487,1.2901787920864738,-0.41616077123054684,0.6623015378152861,-0.1501676773801105,0.13375776819825644,-0.1147039819094892,0.6663861269643951,2.0859757581422125,-7.695900980073138,-16.822339093612054,1.0,-0.5311740636825562,-1.304688301395629e-06,2.800760552368331e-07,0.0,0.0,0.0,1,0.35704686049937406,-4.5,9.0,9.0,0.35704686049937406,-3.004939747089827,3.410494657545931,-1.4257050662599637,-0.004657898951203503,0.0014670681651389175,0.0012690918649600686,0.04101620671912756,-0.06072625723028553,-0.3302221126635525,0.0,0.0,0.0,0.0,0.0,0.6695047074805439,-30.0,30.0,30.0,51.965837206316024,-1.4950602529101729,5.5895053424540695,10.425705066259964,0.6695047074805439,-41.643549132314845,65.96139912599777,64.9129664214373,101.48513588293946,3.649999999999966
0.0,0.0,0.0,0.0,0.0,0.0,0.0,0.0,0.0,0.0,0.0,0.0,0,0.0,-1.5707963267948966,nan,-0.1128910334071977,-0.2851985481191427,-0.14045472706795664,0.07052326522136854,-1.5707946956182726,-0.1250832112146671,-0.31401309298309016,1.1917287395619016,-0.12820571978344183,0.9872292982449367,-0.366617004387991,-0.8859024681790117,-0.2353518138470595,0.03360007998296265,-0.012192177807469395,-0.028814544863947467,0.012249007284514807,0.004385273142302294,-0.0019150259737118341,-0.0038432169280499667,0.0008904940744087295,8.713700015910856,-3.4490932762027784,-0.6596586744339484,-0.11671918475567167,-1.5707946881486388,1.1938922226712367,-0.9695892878563079,0.8745415175060123,0.8252584869554309,0,zero,0,0.11671918475567189,0.18724244997703998,1.949870665226638,1.3999043586467759,1.2984702503102523,-0.3726879545310621,0.20729048796492766,1.9477068691346677,1.458099444450235,1.2379911574296685,-0.5622144057189634,0.6639236221189339,-0.1505354624726788,0.13408536275133728,-0.11498491063756529,0.6596341815439547,0.2822458072904929,-3.200749148237093,-12.289994461477253,1.0,-0.8684217929840088,-1.6386462577955285e-06,-7.469633800383235e-09,0.0,0.0,0.0,1,0.3112725364431931,-4.5,9.0,9.0,0.3112725364431931,-3.780291686156617,6.252249799801359,1.5837222228200614,-0.004658251807741165,0.0014670681645117575,0.0012785742685784294,0.01606646934376419,-0.034443368731961875,-0.268680531867436,0.0,0.0,0.0,0.0,0.0,0.5836724853613221,-30.0,30.0,30.0,51.96480225662528,-0.7197083138433831,2.7477502001986407,7.416277777179939,0.5836724853613221,-37.05113291095826,61.768386485034156,85.14006426481514,111.52260414614189,3.659999999999966
0.0,0.0,0.0,0.0,0.0,0.0,0.0,0.0,0.0,0.0,0.0,0.0,0,0.0,-1.5707963267948966,nan,-0.11087215004754944,-0.2748234523702183,-0.13571532527425265,0.06953683615211315,-1.570794649223618,-0.12709153416608734,-0.31298751771642,1.1850820982085828,-0.12786038188172932,1.1087818604527442,-0.40272063110685097,-0.9349520482254237,-0.43940638919914843,0.04220502861785049,-0.016219384118537905,-0.0381640653462017,0.007854943392523323,0.009907370851982454,-0.00395448920643735,-0.008779619374024304,-0.0023315865761620643,3.6318935289634893,-1.465196642513214,-0.6541586978735738,-0.18000519482358968,-1.5707945889433967,1.1873412638715006,-0.7624969230581782,0.874541517504381,0.8252663870489203,0,zero,0,0.18000519482358968,0.24954203097570282,1.9565173076795137,1.3983973247618526,1.2998125996930443,-0.373839086322464,0.2679784373534188,1.954257689542199,1.4471938312621266,1.243219030552908,-0.6311781737102976,0.6653766423887655,-0.15086491464310045,0.1343788132981692,-0.1152365591710938,0.6541555262754405,-2.0258314018201617,3.1258666119305927,-2.816272475676508,1.0,-1.295282244682312,-1.7378515000388006e-06,-6.028022125903476e-08,0.0,0.0,0.0,1,0.1749174613748283,-2.7510057891132287,8.559133571733234,9.0,0.1749174613748283,-3.6118639321045314,7.559023781617751,3.9066178511829848,-0.0036633064274934754,0.001467068164509021,0.001278586508205667,-0.02907360725935574,0.017574182118005106,-0.10297442161288767,0.0,0.0,0.0,0.0,0.0,0.32799073949902174,-18.340038594088192,28.530445239110783,30.0,45.28190476448336,0.8608581429913027,1.0001097901154834,5.093382148817016,0.32799073949902174,-18.340038594088192,28.530445239110783,68.36242229524628,76.3142953919731,3.6699999999999657
0.0,0.0,0.0,0.0,0.0,0.0,0.0,0.0,0.0,0.0,0.0,0.0,0,0.0,-1.5707963267948966,nan,-0.10995909520499046,-0.2675175210860661,-0.1320162752320534,0.06854837676001302,-1.5707946028610678,-0.12909565922901414,-0.31194648460017066,1.1784217742375205,-0.12751424194879837,0.7681203932717606,-0.29171799054857755,-0.6264898167902877,-0.33529101092683034,0.048584042496139915,-0.01913656402402368,-0.04442896351410458,0.004502033283255019,0.011638843077386211,-0.004573019032411221,-0.010011958365879939,-0.003782969044165233,-3.315906072254538,1.362904309350451,-0.6539446046921791,-0.17511948669382793,-1.5707947718884585,1.1808183737280817,0.816895759744791,-0.8742861431961589,0.8252664630854379,0,zero,0,0.17511948669382793,0.24366786345384117,1.96317763265177,1.396887188555647,1.3011577123840141,-0.3749925877889547,0.21878478172039062,1.9607807234308903,1.4160431883794091,1.3078406891428984,-0.5928214679472525,0.6666600380639949,-0.1511559067920008,0.13463800662844627,-0.1154588304265703,0.6539638398703718,-3.6336277925812706,8.245053885856805,8.196496265424235,1.0,-1.5188583135604858,-1.5549064382724964e-06,1.6902739075064233e-07,0.0,0.0,0.0,0,0.0166281052113531,1.1615902267681086,-6.465054815689808,7.098499217209867,0.0166281052113531,-2.051085128063496,3.7518026109111924,5.181548548026743,0.003924657787815007,-0.001466639766874229,0.001278586626009163,-0.05792770685646824,0.0559227072434621,0.12346913957959674,0.0,0.0,0.0,0.0,0.0,0.03117964599916201,7.743934845120725,-21.550182718966028,23.661664057366224,32.9280157349373,3.2126753548316045,-10.216857426601,1.916950669183124,0.03117964599916201,7.743934845120725,-21.550182718966028,23.661664057366224,32.9280157349373,3.6799999999999655
0.0,0.0,0.0,0.0,0.0,0.0,0.0,0.0,0.0,0.0,0.0,0.0,0,0.0,-1.5707963267948966,nan,-0.11183242814430173,-0.2670690326446045,-0.1304689179455027,0.06755813916117392,-1.5707945565450425,-0.13109493500721503,-0.3108902492767602,1.171749466422087,-0.12716738851456505,0.13514537989199155,-0.012594283888961444,0.06077468819489229,-0.1200503852317375,0.047981697493413515,-0.019262506862913295,-0.04382121663215566,0.003301529430937644,0.007742425240267382,-0.0031271066345072533,-0.00625839769063051,-0.003316445543569327,-8.998196847612839,3.7678109057631284,-0.6615558587101488,-0.09888323755579087,-1.570795123333948,1.1742449934112746,0.9694186447614132,-0.8745415365219635,-0.5664697423137849,0,zero,0,0.09888323755579087,0.16644137671696502,1.9698499413694421,1.3953743352015677,1.30250524530044,-0.37614816471992635,0.13025348022437552,1.9673544112737777,1.379469946424319,1.400073593814097,-0.4609255746004076,0.667773314532164,-0.1514083267728729,0.13486284285072223,-0.11565163874207923,0.6615827702849458,-3.418565946985198,9.269760118497938,15.606393241786934,1.0,-1.4749621152877808,-1.2034609486732961e-06,5.667889055871456e-07,0.0,0.0,0.0,1,-0.10140229550655352,3.877523001681461,-9.0,-9.0,-0.10140229550655352,0.26255811691221614,-1.516173863689048,3.3535161816895913,0.004657431977618011,-0.0014670681964115543,-0.000877632460494495,-0.06047479139279503,0.06884116918622427,0.2882053465028618,0.0,0.0,0.0,0.0,0.0,-0.19014118789903156,25.850153344543074,-30.0,-30.0,49.68165236390318,3.6149648847692446,-7.483826136310952,-12.353516181689592,-0.19014118789903156,25.850153344543074,-65.27833847830843,-33.237239700083286,77.6803846474586,3.6899999999999653
0.0,0.0,0.0,0.0,0.0,0.0,0.0,0.0,0.0,0.0,0.0,0.0,0,0.0,-1.5707963267948966,nan,-0.1162503461220261,-0.2724912155374362,-0.12978298637570002,0.06656637615649585,-1.5707945102898768,-0.13308871680898257,-0.3098190829598226,1.165066878152151,-0.1268199104487859,0.6939349460430705,0.24241361759568258,0.6493349209769295,-0.03384535040235337,0.04105703633536237,-0.01683837068695647,-0.03732786742238636,0.0029630759269141105,0.0024818055494696583,-0.00046781898747075626,0.00015635761140642135,-0.0024322944882755266,-9.940536400063804,4.240752301565341,-0.673551130975968,0.009305470824569007,-1.5707954536572788,1.1675584563156813,0.9696071968444082,-0.8745415175046457,-0.8250457879934177,0,zero,0,-0.009305470824569007,0.05726090533192707,1.9765325304421815,1.3938591509197233,1.3038548544272799,-0.3773055221052595,0.19495143358880299,1.9740412042178719,1.354645180328255,1.4782041817945568,-0.2994310634618565,0.6687160431291433,-0.15162207739207753,0.1350532353924104,-0.11581490987729383,0.6735710855099937,-1.7269302248819312,6.437537490379882,15.517928951807068,1.0,-1.1741374731063843,-8.731376177628647e-07,9.433674019732052e-07,0.0,0.0,0.0,1,-0.1404976708960611,3.615672497565734,-9.0,-9.0,-0.1404976708960611,1.9319322503211238,-5.180077010235149,0.13483591202735518,0.004658337848889966,-0.001467068164509465,-0.0012782447337428816,-0.037883324096417745,0.05411216477480174,0.3152183261727646,0.0,0.0,0.0,0.0,0.0,-0.2634495985300227,24.104483317104894,-30.0,-30.0,48.796470381325264,1.6837402472446101,-3.8199229897648506,-9.134835912027356,-0.2634495985300227,24.104483317104894,-79.29601376427736,-75.58075065811067,112.16685424234521,3.699999999999965
0.0,0.0,0.0,0.0,0.0,0.0,0.0,0.0,0.0,0.0,0.0,0.0,0,0.0,-1.5707963267948966,nan,-0.12166132668005789,-0.2798825083175246,-0.1300076637459512,0.0655733411337911,-1.5707944641098095,-0.13507636715240257,-0.30873327226463043,1.1583757167745927,-0.1264718969255114,0.9160155454380368,0.3423330214611789,0.8477103475280523,0.057269089352571245,0.03201299014798197,-0.01341504047234468,-0.02885076394710584,0.003535766820439823,0.006197620773384664,0.001966859706438697,0.005745471911110661,-0.0012375454191727326,-6.5488325900045865,2.8466509262848128,-0.6835291614983608,0.09851350875030307,-1.570795624160827,1.160753568546408,0.9225175256000877,-0.8745415175040909,-0.825265900862507,0,zero,0,-0.09851350875030285,-0.03294016761651175,1.9832236925227404,1.3923420228273957,1.3052061949503604,-0.37846436424953966,0.2917309827841091,1.9808462193270349,1.350252962474488,1.5138492217428703,-0.17897022321563583,0.6694878611391295,-0.1517970764088427,0.13520911099978328,-0.11594858101347584,0.6835379567353214,0.41654505429484556,1.472105224458473,9.02942062921042,1.0,-0.8926946520805359,-7.026340695936995e-07,1.1600510174680778e-06,0.0,0.0,0.0,1,-0.10471048715554129,1.3491558180728624,-9.0,-9.0,-0.10471048715554129,2.132634590418707,-7.174076356233009,-2.66185135503677,0.00443210231911759,-0.0014670681645085344,-0.001278585754956294,-0.005285499173335807,0.022695063500171857,0.2124676295539626,0.0,0.0,0.0,0.0,0.0,-0.19634443494382392,8.99437212048575,-30.0,-30.0,43.369773817474595,-0.7834787723458447,-1.8259236437669912,-6.33814864496323,-0.19634443494382392,8.99437212048575,-61.86663866673212,-81.35756718062778,102.60346971934848,3.709999999999965
0.0,0.0,0.0,0.0,0.0,0.0,0.0,0.0,0.0,0.0,0.0,0.0,0,0.0,-1.5707963267948966,nan,-0.12657737423841048,-0.2857968569888415,-0.13257803783976585,0.06457928796991697,-1.570794418018975,-0.13705725626038243,-0.30763311901653395,1.1516776929338204,-0.12612343738739623,0.81448132008741,0.29351584503727324,0.7014501919413385,0.2918833631929796,0.02506615514067174,-0.010479882021971948,-0.021836262027692455,0.006454600452369619,0.009165244079751174,0.0032622383242272186,0.008491620045966552,0.0011188785243698898,-0.3891678341872078,0.17237753515533105,-0.6884187616438213,0.131409203546885,-1.5707955503078643,1.1538727007552656,-0.45819448312083555,-0.874541517504078,-0.825266458524817,0,zero,0,-0.1314092035468848,-0.06682991557696827,1.9899217169664547,1.3908233387895093,1.306558921389565,-0.3796243948862727,0.2984843129055262,1.9877271127932437,1.3656800428950444,1.4949845692249502,-0.14951212082731302,0.6700884717946486,-0.15193325653526454,0.13533040973797333,-0.11605260075347609,0.6884151885438238,2.215618127953591,-4.130145575538576,-1.48889395017572,1.0,-0.6676726341247559,-7.764870320059458e-07,1.1322888893161576e-06,0.0,0.0,0.0,1,0.009291908228867819,-1.4913099883232959,-7.252045585663092,-9.0,0.009291908228867819,0.9716063483098627,-7.62425734077641,-4.669490938740676,-0.0022013292700599372,-0.0014670681645085127,-0.0012785866189433859,0.03429266853926685,-0.025724505058384833,0.02378028985825058,0.0,0.0,0.0,0.0,0.0,0.017423416892682952,-9.942066588821973,-24.17348528554364,-30.0,39.78947577541606,-2.4629163366331586,0.3722117551133177,-4.330509061259324,0.017423416892682952,-9.942066588821973,-24.17348528554364,-53.62672050197636,59.65758572285266,3.7199999999999647
0.0,0.0,0.0,0.0,0.0,0.0,0.0,0.0,0.0,0.0,0.0,0.0,0,0.0,-1.5707963267948966,nan,-0.1297033027677166,-0.28748763130295146,-0.13707046927214575,0.06358447093289721,-1.570794372031394,-0.13903076254467836,-0.3065189400377304,1.1449745199122883,-0.12577462150988244,0.5712575209288157,0.11524222450101929,0.28049532929135257,0.4841247309893687,0.02401641927343752,-0.009327459776961755,-0.01903130873477893,0.011295847762263306,0.0089933348122476,0.00293790729383768,0.007517743366032101,0.003966397163734397,6.251580199993446,-2.820393388404214,-0.6861722759070465,0.09103399063159356,-1.570795225108936,1.1469815920605346,-0.9652863264303568,0.8745486201427144,-0.7010151931232883,0,zero,0,-0.09103399063159356,-0.027449519698696356,1.9966248904907267,1.3893034872691032,1.3079126877320226,-0.38078531729210097,0.19193064671819376,1.9946181326108166,1.3941008487593556,1.4264933652816345,-0.22995775248021938,0.6705176442765532,-0.15203056543630633,0.13541708499097221,-0.1161269291217339,0.6861527929782691,3.091031547807793,-8.248726919717969,-12.01604082057737,1.0,-0.4821510314941406,-1.1016859602364093e-06,8.530775419401948e-07,0.0,0.0,0.0,0,0.17791113981699497,-4.224602693557364,6.695031552363739,-0.691523385738568,0.17791113981699497,-0.9978651329946214,-3.4771400369602783,-4.7076222575384135,-0.0046375788505497815,0.001467080079385987,-0.0010860839385204415,0.05140265542111966,-0.05717367103077424,-0.2020833698932221,0.0,0.0,0.0,0.0,0.0,0.3336042374217044,-28.164017957049097,22.316771841212464,-2.305077952461893,36.0093722390695,-3.226737560562743,10.172171589324018,4.016098871799845,0.3336042374217044,-28.164017957049097,22.316771841212464,-2.305077952461893,36.0093722390695,3.7299999999999645
0.0,0.0,0.0,0.0,0.0,0.0,0.0,0.0,0.0,0.0,0.0,0.0,0,0.0,-1.5707963267948966,nan,-0.13004142347488634,-0.2830663241689426,-0.13991948575881716,0.06258914458405473,-1.5707943261609598,-0.14099627307818566,-0.30539106691273654,1.1382679129710107,-0.12542553916525406,0.4870620222657958,-0.16273898263375608,-0.3293434009014995,0.31980988312997893,0.0287832825832035,-0.010954849603299316,-0.022324742743793924,0.014493946593563095,0.00560325187725062,0.0008721347351819987,0.0028112306884674337,0.004767892052031018,10.097080330182166,-4.638516329968937,-0.6787958372699385,-0.00691758459299785,-1.570794780669677,1.1401555999310236,-0.969510043204592,0.874541517184583,0.7692519766804483,0,zero,0,0.006917584592997628,0.06950672917705258,2.0033314978345094,1.387782857177803,1.3092671475652966,-0.3819468344010192,0.04651871416647294,2.0014438665185414,1.4237069954030794,1.3384275325845272,-0.38636903453426236,0.670775213714024,-0.15208896572979905,0.1354691034616311,-0.11617153756427737,0.6787625689284389,2.71266039578205,-8.623569066534477,-17.022475220655817,1.0,-0.6124830842018127,-1.5461252198534225e-06,4.5450871688501593e-07,0.0,0.0,0.0,1,0.31759851546742274,-4.5,9.0,9.0,0.31759851546742274,-2.6420501667894656,1.7517425153102664,-2.2614256415426333,-0.004657871088248146,0.0014670681639725506,0.0011918032943414405,0.04937950844443782,-0.06518819554350727,-0.3254769396769059,0.0,0.0,0.0,0.0,0.0,0.5955344374037553,-30.0,30.0,30.0,51.96493684462759,-1.8579498332105344,7.248257484689733,11.261425641542633,0.5955344374037553,-41.38945117402372,59.70855902614527,53.360064733043586,90.14349593313042,3.7399999999999642
0.0,0.0,0.0,0.0,0.0,0.0,0.0,0.0,0.0,0.0,0.0,0.0,0,0.0,-1.5707963267948966,nan,-0.12820286557602784,-0.2741839219691043,-0.13857180029307145,0.061593563680133245,-1.570794280421432,-0.14295318405476415,-0.3042498457329574,1.1315595886900818,-0.12507628038656973,0.8679189099171163,-0.3795468875436997,-0.7741181020059162,-0.09984266870613767,0.03610624218254733,-0.014750318478736313,-0.030065923763853086,0.013495519906501718,0.004565232118936158,-0.0019454462145576546,-0.0032808268745206717,0.002508537092700153,9.400186856743176,-4.39524218333677,-0.6700707613542409,-0.11742211692756666,-1.5707943900091694,1.1334247090824738,-0.9695954769501284,0.8745415175040266,0.8252094743349591,0,zero,0,0.11742211692756666,0.17901568060769968,2.0100398224177893,1.3862618377262916,1.3106219542105733,-0.38310864891859037,0.17719881993315686,2.0081743989474035,1.4427476796713063,1.2701555783197018,-0.546104857656711,0.6708610811845688,-0.15210843498644117,0.1354864451716606,-0.1161864089487233,0.6700387150594331,1.235314741059069,-5.19246724790331,-14.334132320837108,1.0,-0.9451603889465332,-1.9367857273522304e-06,1.0958773710711966e-07,0.0,0.0,0.0,1,0.3237691341172302,-4.5,9.0,9.0,0.3237691341172302,-3.598930579768508,5.31409910627354,0.8481184807838706,-0.004658281542349249,0.0014670681645084264,0.0012784983332486371,0.029831763588093193,-0.04669360436830603,-0.3018011555848836,0.0,0.0,0.0,0.0,0.0,0.6071050705367151,-30.0,30.0,30.0,51.96507073570353,-0.901069420231492,3.68590089372646,8.15188151921613,0.6071050705367151,-42.36836715253786,67.42521250455493,84.48471984124589,116.10027682859813,3.749999999999964
0.0,0.0,0.0,0.0,0.0,0.0,0.0,0.0,0.0,0.0,0.0,0.0,0,0.0,-1.5707963267948966,nan,-0.12570750499906524,-0.26425843480012867,-0.13444187445964145,0.060597983075430406,-1.5707942348264252,-0.14490090123590577,-0.3030956368208004,1.124851264309189,-0.12472693533147691,1.053418498245744,-0.4443077758104208,-0.8771278256818615,-0.3780580778337178,0.04439701298694285,-0.01919339623684052,-0.0388372020206717,0.00971493912816454,0.009117065119985909,-0.004251491339317688,-0.00802054133407058,-0.0008465308631324144,5.093445650082331,-2.422905497742487,-0.6621601679519463,-0.19536577081046924,-1.5707941962489886,1.1267829544509143,-0.9696034892219878,0.8745415175040606,0.8252661311561535,0,zero,0,0.19536577081046946,0.25596375388589987,2.0167481470010697,1.38474081827478,1.31197676085585,-0.38427046343616156,0.27110380989833693,2.0148159095448297,1.4420837454606703,1.2524158148347848,-0.6424522300476629,0.6707752137140254,-0.15208896572979932,0.13546910346163135,-0.11617153756427759,0.6621475091772009,-1.0043879948640142,0.7304217203501175,-5.914328249906896,1.0,-1.404526948928833,-2.1305459076970124e-06,-3.857743635649058e-08,0.0,0.0,0.0,1,0.21392609233825863,-4.260546594912644,9.0,9.0,0.21392609233825863,-3.982743714530708,7.233338247691185,3.3777669741770215,-0.004658320036153111,0.0014670681645084834,0.001278586111750602,-0.013186391575657144,-0.009331864632600701,-0.15912850183232868,0.0,0.0,0.0,0.0,0.0,0.40113649416512026,-28.403643966084296,30.0,30.0,51.058083601316525,-0.2778028803819361,1.7666617523088153,5.622233025822979,0.40113649416512026,-28.403643966084296,43.37962974426694,77.45258282168423,93.20741796412221,3.759999999999964
0.0,0.0,0.0,0.0,0.0,0.0,0.0,0.0,0.0,0.0,0.0,0.0,0,0.0,-1.5707963267948966,nan,-0.12414036543169135,-0.25659718621731475,-0.13070291414835944,0.05960265762392147,-1.570794189389401,-0.14683884038356132,-0.3019288144338096,1.118144657068132,-0.12437759424591582,0.8121124731644203,-0.3505078715029447,-0.6494426195823133,-0.33896192257209246,0.05108998878222062,-0.022698474951869968,-0.045331628216494835,0.006325319902443616,0.011309270034707587,-0.005161910724603182,-0.009659548748332893,-0.002819110563234804,-1.5046801095867273,0.7279241478268763,-0.6580346505787075,-0.20945233891634896,-1.5707942878362318,1.1202020464807663,0.210581808644763,-0.7449048533736833,0.8252664580390021,0,zero,0,0.20945233891634896,0.26905499654027043,2.0234547543448524,1.3832201881834798,1.313331220689124,-0.3854319805450798,0.2533075753426054,2.021396872141319,1.418969575327802,1.2964424143086868,-0.6356263897244929,0.6705176442765554,-0.1520305654363068,0.13541708499097263,-0.11612692912173427,0.6580487854269165,-3.059643721000303,6.61543997138777,5.2273011885746055,1.0,-1.7388728857040405,-2.0389586650182423e-06,9.844683068749305e-08,0.0,0.0,0.0,1,0.05834756529107025,-0.550172584000178,-0.7699459339426096,9.0,0.05834756529107025,-3.0082661505219908,5.324341352015329,5.122101030589215,0.0010117099096315985,-0.0012495989888408202,0.0012785866181907121,-0.047010743364444274,0.04310081075017364,0.06386791567555351,0.0,0.0,0.0,0.0,0.0,0.1094085229534413,-3.6678172266678537,-2.5664864464753654,30.0,30.332354114263506,2.458093566521813,-6.094287285957939,3.8778989694107846,0.1094085229534413,-3.6678172266678537,-2.5664864464753654,39.221402641110565,39.47619702110619,3.7699999999999636
0.0,0.0,0.0,0.0,0.0,0.0,0.0,0.0,0.0,0.0,0.0,0.0,0,0.0,-1.5707963267948966,nan,-0.12532122995507067,-0.25474527184520956,-0.12911722066686201,0.05860784208139358,-1.5707941441236575,-0.14876642767848408,-0.30074976644933327,1.1114414835473332,-0.12402834742771426,0.15934693044792939,-0.07467227715434455,-0.06728663876288676,-0.12364466632958648,0.051884366151230085,-0.023445197723413413,-0.0460044946041237,0.005088873239147751,0.00836819580650688,-0.003932129587924674,-0.0068761068523427935,-0.0026989280307135217,-7.816847612862705,3.8453857309930903,-0.6612992878985403,-0.1482241579842789,-1.5707946090611467,1.113616833094478,0.966709141565307,-0.8745358450840617,-0.01332750588467313,0,zero,0,0.1482241579842789,0.20683200006567226,2.0301579278691246,1.3817003366630738,1.3146849870315815,-0.3865929029509081,0.15330825357384212,2.0279823996018425,1.3834719755393114,1.382067798826223,-0.5242704452770255,0.6700884717946518,-0.1519332565352653,0.135330409737974,-0.11605260075347666,0.6613293233633291,-3.6167202705348935,9.262327930902414,14.357097811571666,1.0,-1.7024223804473877,-1.7177337499063583e-06,4.6493748939724355e-07,0.0,0.0,0.0,1,-0.07475356568278173,2.8802654344091136,-9.0,-5.104592448750959,-0.07475356568278173,-0.8507907236192694,0.2727158676484052,4.1334182545709925,0.004644414560532837,-0.0014670586488632802,-2.0648325776492062e-05,-0.0612652009932355,0.06664669481903712,0.2556611412638873,0.0,0.0,0.0,0.0,0.0,-0.14017169638623989,19.201769562727424,-30.0,-17.0153081625032,39.474654074602114,3.731056158028383,-9.272715867648404,-9.238010703321951,-0.14017169638623989,19.201769562727424,-51.135045472052084,-17.0153081625032,57.21049894676969,3.7799999999999634
0.0,0.0,0.0,0.0,0.0,0.0,0.0,0.0,0.0,0.0,0.0,0.0,0,0.0,-1.5707963267948966,nan,-0.12961613875303782,-0.25910114934047246,-0.12851600850020373,0.057613791007570914,-1.5707940990423188,-0.15068310012345693,-0.2995588940302746,1.1047434590083598,-0.12367928519008159,0.6040366077435849,0.23782363529943062,0.554674991432158,-0.02521499290256135,0.04586981424800652,-0.021066961370419107,-0.04045774468980212,0.004836723310122137,0.002389339862272331,-0.0010340985897213696,-0.0008846721923631146,-0.0019639094165055772,-10.241980376157441,5.1234825417359655,-0.6709400646265987,-0.040408898521095526,-1.5707949694369443,1.1069511852288574,0.9695982085639412,-0.8745415174769752,-0.8220961687948156,0,zero,0,0.040408898521095526,0.09802268952866644,2.036855952312839,1.3801816526251873,1.3160377134707861,-0.38775293358764107,0.1570443914183437,2.0346483865963894,1.353209330198365,1.4683090587589471,-0.3604765929862575,0.6694878611391344,-0.15179707640884385,0.1352091109997843,-0.1159485810134767,0.6709677633332763,-2.4487062489011997,7.710919704194927,16.714208253915444,1.0,-1.38069486618042,-1.3573579522585533e-06,8.703946257071493e-07,0.0,0.0,0.0,1,-0.14159689592533567,3.789614430558579,-9.0,-9.0,-0.14159689592533567,1.1977111233695834,-4.059477611750656,1.1903405212165605,0.004658294665993602,-0.0014670681644630469,-0.0012736748840908643,-0.04784652276514302,0.06125422966432505,0.329141311040306,0.0,0.0,0.0,0.0,0.0,-0.2655107742833971,25.26409620372386,-30.0,-30.0,49.379601587723194,2.5919033071889954,-4.940522388249344,-10.19034052121656,-0.2655107742833971,25.26409620372386,-77.26599562223873,-67.2782141582535,105.52126436307478,3.789999999999963
0.0,0.0,0.0,0.0,0.0,0.0,0.0,0.0,0.0,0.0,0.0,0.0,0,0.0,-1.5707963267948966,nan,-0.13559600161416113,-0.26652760259167435,-0.12816310975969955,0.05662075866824523,-1.5707940541583314,-0.15258830593081776,-0.29835661127250473,1.0980522967344346,-0.12333049782500508,0.9542427999293981,0.4074657053762476,0.8628736008971738,-0.0004111375427662267,0.036402999020761946,-0.01699230431665663,-0.031829008680830384,0.004832611934694475,0.005689389523817901,0.0020234576925558106,0.005153587963092031,-0.0013096958527988554,-8.167209646762519,4.155005804512823,-0.6806430061191444,0.06394843279901163,-1.570795204919999,1.1001775636035172,0.9696084248950821,-0.8745415175036948,-0.8252619002443176,0,zero,0,-0.06394843279901163,-0.007327674130766404,2.043547114393398,1.3786645245328597,1.3173890539938666,-0.3889117757319212,0.269876656701576,2.041422221747222,1.3404842098348047,1.5210907219301988,-0.21606274127359315,0.6687160431291496,-0.15162207739207892,0.13505323539241162,-0.1158149098772949,0.6806592768822814,-0.4459771321898946,3.4058525469743817,12.123245160385869,1.0,-1.0402709245681763,-1.1218748978691906e-06,1.1507616672901122e-06,0.0,0.0,0.0,1,-0.13481468157639692,2.219716354805346,-9.0,-9.0,-0.13481468157639692,2.024657281848951,-6.590871560190704,-1.7923610039796776,0.004658343748882204,-0.0014670681645078698,-0.0012785795567922568,-0.018451824983303344,0.03510725423185213,0.26538529111530507,0.0,0.0,0.0,0.0,0.0,-0.2527933275387154,14.79810903203564,-30.0,-30.0,44.93381728042325,0.1950590729563948,-2.4091284398092956,-7.207638996020322,-0.2527933275387154,14.79810903203564,-70.58508127754502,-85.42419632001584,111.7971151294554,3.799999999999963
0.0,0.0,0.0,0.0,0.0,0.0,0.0,0.0,0.0,0.0,0.0,0.0,0,0.0,-1.5707963267948966,nan,-0.14149708388161136,-0.27347329616064736,-0.12942273457540907,0.05562899893740836,-1.5707940094844497,-0.1544815048937163,-0.29714334483455007,1.091369707370954,-0.12298207556655741,0.9231336434680247,0.4007883304551707,0.8158960006927674,0.16080470741571817,0.027755152345336122,-0.012984421012104924,-0.02367004867390271,0.006440659008851657,0.009728208967300409,0.004013790059081545,0.008859351963143323,0.00019854940501244905,-2.903782516576472,1.5024322852389864,-0.6860760670145338,0.12241443530056895,-1.570795217668935,1.0933244953110592,0.2595591779477793,-0.8745415175039972,-0.8252664152994235,0,zero,0,-0.12241443530056895,-0.06678543636316059,2.0502297034661376,1.3771493402510153,1.3187386631207068,-0.3900691331172545,0.31736078555395403,2.0482753717538364,1.3479671511657054,1.5225975920522483,-0.14860695030169432,0.6677733145321709,-0.15140832677287447,0.13486284285072364,-0.11565163874208044,0.6860784746248076,1.4960818833626333,-2.101674742472888,2.6638475410563385,1.0,-0.7753857374191284,-1.109125961740176e-06,1.2081844853462087e-06,0.0,0.0,0.0,1,-0.04998929375934732,-0.37603655254048324,-9.0,-9.0,-0.04998929375934732,1.409840593689208,-7.854827338788901,-4.063160070672375,0.0012470146123048336,-0.0014670681645083772,-0.0012785865519742159,0.022638517929876745,-0.011894438988352069,0.10018463619230278,0.0,0.0,0.0,0.0,0.0,-0.09373578428529405,-2.506910350269888,-30.0,-30.0,42.500510419306096,-1.7858771462296912,-1.1451726612110988,-4.936839929327625,-0.09373578428529405,-2.506910350269888,-39.41460530064285,-68.06185251145702,78.69066186148352,3.8099999999999627
0.0,0.0,0.0,0.0,0.0,0.0,0.0,0.0,0.0,0.0,0.0,0.0,0,0.0,-1.5707963267948966,nan,-0.14581297514176073,-0.2771304827235623,-0.13304433241960142,0.054638765199381156,-1.5707939650332334,-0.15636216874057163,-0.29591953355019085,1.0846973982660024,-0.12263410855411641,0.6746252121776362,0.24352274132940221,0.4880997847274138,0.39695648566333563,0.023930872894241416,-0.010549193598810902,-0.018789050826628573,0.010410223865485013,0.010475060867310267,0.00429174908762049,0.009144049309068349,0.002773833480238178,3.894769331334632,-2.0491821594575788,-0.6849359266872507,0.10975141660479659,-1.5707949692039214,1.0864506877309927,-0.9173636994957176,0.836934888562411,-0.8252664654063073,0,zero,0,-0.10975141660479659,-0.055112651405415214,2.0569020121838095,1.3756364868969357,1.3200861960371326,-0.3912247100482261,0.251075022612938,2.055149132753008,1.3712279641183525,1.4704195075767021,-0.19018726387899662,0.666660038064004,-0.15115590679200286,0.1346380066284481,-0.11545883042657187,0.6849206172160621,2.7470743878268546,-7.062783760510565,-8.716663392776704,1.0,-0.532075047492981,-1.357590975192835e-06,1.0041706879349022e-06,0.0,0.0,0.0,0,0.1031381107204978,-3.1101766927876153,1.484106125040903,-7.045669240208537,0.1031381107204978,-0.21510944736939483,-5.415216505072487,-5.276594664102167,-0.004407341505370828,0.001403981979358307,-0.0012785866296048897,0.04460662224275211,-0.04730661295113758,-0.13106119447496606,0.0,0.0,0.0,0.0,0.0,0.19339604485373674,-20.73451128525077,4.94702041680301,-23.485564134028458,31.717536063921898,-2.8950672454182205,6.89932263011339,-1.7690745761063695,0.19339604485373674,-20.73451128525077,4.94702041680301,-23.485564134028458,31.717536063921898,3.8199999999999625
0.0,0.0,0.0,0.0,0.0,0.0,0.0,0.0,0.0,0.0,0.0,0.0,0,0.0,-1.5707963267948966,nan,-0.14701741749599154,-0.2748545714099634,-0.13647780113053726,0.053650310250942246,-1.5707939208170352,-0.15822978147223873,-0.2946856280246386,1.0780370728108661,-0.12228668679550661,0.3977524827645039,-0.06631703774362951,-0.10420057880466405,0.37808904695456336,0.026839814426709657,-0.011212363976247197,-0.019831056614675213,0.014191114335030647,0.007343755883632663,0.0024147785977474932,0.0053918194574836195,0.004362095567516953,9.213318412730423,-4.9280153950636665,-0.6774931929818947,0.025958061907893626,-1.5707945377578059,1.0796315297974552,-0.968866696335059,0.8745414996955593,0.5848269069388776,0,zero,0,-0.025958061907893626,0.027692248343048398,2.063562337156066,1.3741263506907302,1.3214313087281024,-0.39237821151471686,0.09195339832172794,2.0619680539001366,1.4005160193140667,1.3843546712820187,-0.3307574231501307,0.6653766423887749,-0.1508649146431026,0.13437881329817108,-0.11523655917109542,0.6774585916318341,2.886707878650958,-9.088785798350896,-16.65055249527432,1.0,-0.5612977743148804,-1.7890370909157127e-06,6.169407704703644e-07,0.0,0.0,0.0,1,0.2651883948605878,-4.5,9.0,9.0,0.2651883948605878,-2.018226563430555,-0.1826674669035583,-3.3967071497159234,-0.004654780221057737,0.001467068134634218,0.0009060732444484919,0.050496528979605465,-0.06614294376118063,-0.3068455702998586,0.0,0.0,0.0,0.0,0.0,0.49725931907104415,-30.0,30.0,30.0,51.96390349877887,-2.481773436569445,9.182667466903558,12.396707149715922,0.49725931907104415,-36.30802403652837,48.23510847299224,34.924165009066556,69.74842555391027,3.8299999999999623
0.0,0.0,0.0,0.0,0.0,0.0,0.0,0.0,0.0,0.0,0.0,0.0,0,0.0,-1.5707963267948966,nan,-0.14536425269637915,-0.2674319188177728,-0.13616506380474921,0.052663886203464294,-1.5707938768479932,-0.16008383968141904,-0.2934420902149894,1.0713904297805508,-0.12193990013006653,0.7105155317567473,-0.35072230087926926,-0.6179114782541406,0.0034049339652036936,0.03309910178077727,-0.01471958698503989,-0.02601017139721662,0.014225163674682684,0.003059755151269432,-0.000727009552146907,-0.0005239362441609233,0.0029255853275646435,9.978913240949609,-5.423984663420389,-0.6670725024757667,-0.08821922075019972,-1.5707940915221799,1.0729191258594586,-0.9695530028911516,0.874541517503958,0.825086358083635,0,zero,0,0.08821922075019994,0.14088310695366424,2.070208979608942,1.372619316805807,1.3227736581108942,-0.3935293433061187,0.12253924614046667,2.068680054128809,1.424047493417979,1.302818897068089,-0.5029390293198436,0.6639236221189451,-0.15053546247268135,0.13408536275133956,-0.11498491063756723,0.6670319020294709,1.8506579597075985,-7.02205331346271,-16.529140387640325,1.0,-0.7933025360107422,-2.2352727166996544e-06,2.1467418687137751e-07,0.0,0.0,0.0,1,0.3280191047780699,-4.5,9.0,9.0,0.3280191047780699,-3.25127016381088,4.137325649503289,-0.15213899568125877,-0.004658077481862517,0.0014670681645083115,0.001278307589047305,0.0380690442477411,-0.057418238417166985,-0.3354136350992906,0.0,0.0,0.0,0.0,0.0,0.6150742636003561,-30.0,30.0,30.0,51.96516445032906,-1.2487298361891201,4.862674350496711,9.152138995681259,0.6150742636003561,-43.13537426783529,69.37546184676009,80.00678582635292,114.34631307694683,3.839999999999962
0.0,0.0,0.0,0.0,0.0,0.0,0.0,0.0,0.0,0.0,0.0,0.0,0,0.0,-1.5707963267948966,nan,-0.14250967466838227,-0.258105572740348,-0.1322530632818023,0.051679744385042525,-1.5707938331380287,-0.1619238528538931,-0.2921893929956557,1.064759162674293,-0.12159383819164576,0.9996945053960585,-0.46945912004709434,-0.8073648858091087,-0.35659385845261404,0.04064770838974211,-0.019414178185510833,-0.034083820255307706,0.010659225090156543,0.006777613360242776,-0.0036080147376184937,-0.005721596844230219,-0.00042614793929329764,6.726851425638898,-3.7140738862383653,-0.6568784580414302,-0.18279121128331965,-1.5707937895034225,1.0663191218797865,-0.9695937763172908,0.874541517504061,0.8252660328275296,0,zero,0,0.18279121128331965,0.23447095566836218,2.0768402460443376,1.3711157692193454,1.3241129021682951,-0.39467781212555053,0.25206319796024945,2.0752796897395394,1.4312688390722152,1.26173645029232,-0.6313721442685222,0.6623015378152984,-0.15016767738011333,0.13375776819825896,-0.11470398190949135,0.6568529562685069,-0.1316532198807187,-1.8546701886780936,-9.670392043035815,1.0,-1.2064284086227417,-2.537291473814207e-06,-4.363460615053327e-08,0.0,0.0,0.0,1,0.25776023645868523,-4.5,9.0,9.0,0.25776023645868523,-3.8992203015309244,6.630518401745406,2.6526898293406735,-0.004658273371904207,0.001467068164508484,0.0012785859594099107,0.01018613774080613,-0.026060039696666818,-0.22618357171422593,0.0,0.0,0.0,0.0,0.0,0.48333065152575516,-30.0,30.0,30.0,51.96377207746474,-0.6007796984690756,2.369481598254594,6.347310170659327,0.48333065152575516,-35.032030104056545,56.94683561977366,86.22600755763318,109.11160895232351,3.849999999999962
0.0,0.0,0.0,0.0,0.0,0.0,0.0,0.0,0.0,0.0,0.0,0.0,0,0.0,-1.5707963267948966,nan,-0.1401958552126834,-0.2500552036461398,-0.12784546020088539,0.05069813524262745,-1.5707937896988329,-0.16374934365119545,-0.290928019709524,1.0581449590560785,-0.12124859037154315,0.8929002392078654,-0.41393102530012105,-0.6788995808076459,-0.40623552608143043,0.04763268417924442,-0.023553488438512044,-0.040872816063384165,0.006596869829342239,0.010238208432976749,-0.005155758237966705,-0.008325659657633183,-0.002987048739805556,0.8607602702197128,-0.48259750598070794,-0.6490213610549181,-0.2212983817849874,-1.5707937547982513,1.0598113711790842,-0.4642007648841534,0.7316370629378467,0.8252664618930492,0,zero,0,0.22129838178498762,0.27199651702761507,2.0834544488995044,1.369616090562766,1.3254487000817892,-0.3958233257040746,0.2774849635737258,2.0817873502925193,1.4161924562787913,1.2809667770908015,-0.665725394009335,0.660511015986949,-0.14976170141764075,0.13339615616809472,-0.11439388149196096,0.6490253098925459,-2.395036215028143,4.428779798414611,1.0469238442482478,1.0,-1.5765955448150635,-2.5719966449955223e-06,-3.490058153587938e-08,0.0,0.0,0.0,1,0.11463273750056945,-2.022467352447664,5.402638795453191,9.0,0.11463273750056945,-3.4483972563450607,6.824783608047665,4.664038641397817,-0.002230185583998427,0.0012273418946123628,0.0012785866241617934,-0.03533436193593387,0.02694285681385642,-0.03234048934161754,0.0,0.0,0.0,0.0,0.0,0.2149498171771413,-13.48311568298443,18.00879598484397,30.0,37.49876457656142,1.4259299038973965,-1.4221448125944738,4.335961358602183,0.2149498171771413,-13.48311568298443,18.00879598484397,57.14174974480205,61.41121158767316,3.8599999999999617
0.0,0.0,0.0,0.0,0.0,0.0,0.0,0.0,0.0,0.0,0.0,0.0,0,0.0,-1.5707963267948966,nan,-0.14019281199085387,-0.24630274450787282,-0.1254917683183703,0.0497193082441576,-1.5707937465418627,-0.16555984817437844,-0.2896584637055856,1.0515494998951533,-0.12090424578138417,0.36730423274443497,-0.18135477450125226,-0.248290313432864,-0.20093472923561062,0.05044056180213027,-0.025367036183524566,-0.043355719197712805,0.004587522536986133,0.009181822206652765,-0.0046379952794237435,-0.007192977798493004,-0.0033250457460028537,-5.680401390528861,3.233144735261805,-0.6478374705764156,-0.18541191588530936,-1.5707940018815636,1.0533454937898006,0.9255237065032398,-0.8752021993021204,0.7611305389723008,0,zero,0,0.18541191588530914,0.23513122412946696,2.0900499072065246,1.3681206619722033,1.3267807123647468,-0.3969655929149115,0.19562920084187294,2.0882534837185407,1.3834644800434548,1.3533711293642443,-0.5901625754365618,0.6585527490913373,-0.14931769159037325,0.13300066650887155,-0.1140547293116578,0.6478667351635579,-3.61563425305432,8.567608048326358,11.488039435867304,1.0,-1.6508694887161255,-2.324913332962808e-06,2.5533970093860603e-07,0.0,0.0,0.0,1,-0.032430832890687315,1.7909800981510788,-9.0,1.4357252989945606,-0.032430832890687315,-1.656543406657011,2.1003227075653434,4.8221186372577565,0.0044465450814313795,-0.0014681764769366573,0.001179220738158579,-0.0591279473742992,0.059816227131160235,0.19233687412266234,0.0,0.0,0.0,0.0,0.0,-0.06081161239581345,11.939867321007192,-30.0,4.785750996648535,32.641500307084236,3.44752350480809,-11.100322707565343,-3.386393338263196,-0.06081161239581345,11.939867321007192,-32.4010467607282,4.785750996648535,34.86108680876538,3.8699999999999615
0.0,0.0,0.0,0.0,0.0,0.0,0.0,0.0,0.0,0.0,0.0,0.0,0,0.0,-1.5707963267948966,nan,-0.14390084031621034,-0.24903291512161127,-0.12487816546772632,0.048743511780692694,-1.5707937036783348,-0.1673549162085668,-0.2883812278638141,1.0449744589065408,-0.12056089321595018,0.44487929589839464,0.19129602911681087,0.4007406455509982,-0.027025028520999417,0.04601110986836303,-0.023454075892356457,-0.03934831274220282,0.004317272251776139,0.0036752721857198738,-0.001813480344048747,-0.0021199621435916555,-0.0023926293466839466,-9.732544176716441,5.623732240891433,-0.6544024211905204,-0.0879551627635915,-1.5707943627038963,1.0468365400826425,0.9695206879398649,-0.8745415241019064,-0.7545618194403875,0,zero,0,0.0879551627635915,0.13669867454428442,2.096624947251798,1.3666298629389761,1.3281086009956127,-0.39810432388765693,0.12139141715912923,2.0947628403373018,1.349725655234265,1.4413087667939872,-0.43850703348537096,0.656427495534232,-0.14883581985628808,0.13257145238747373,-0.1136866567168524,0.6544380460652549,-2.985212631923061,8.387371620144192,16.642653923504028,1.0,-1.3680384159088135,-1.964091000061785e-06,6.590255612337614e-07,0.0,0.0,0.0,1,-0.12795791932252318,3.786785727372714,-9.0,-9.0,-0.12795791932252318,0.5613475984927351,-2.901659936923032,2.431932919656873,0.0046579222293425745,-0.0014670681755765567,-0.0011690438106821985,-0.05483954388797295,0.06426656847641626,0.31697738783008894,0.0,0.0,0.0,0.0,0.0,-0.23993609473565192,25.245238182484762,-30.0,-30.0,49.36982499685353,3.225438128879979,-6.098340063076968,-11.431932919656873,-0.23993609473565192,25.245238182484762,-69.20916035343633,-50.69658280789411,89.42835683073503,3.8799999999999613
0.0,0.0,0.0,0.0,0.0,0.0,0.0,0.0,0.0,0.0,0.0,0.0,0,0.0,-1.5707963267948966,nan,-0.15037873012530606,-0.2563233216673955,-0.12452044352870054,0.047770993068545264,-1.57079366111922,-0.16913411144803445,-0.28709682410807263,1.0384215018915544,-0.12021862111596049,0.9777798375060205,0.469869456962807,0.8574810301525709,-0.0015449839036091317,0.03629433092230881,-0.018755381322728387,-0.030773502440677114,0.004301822412740047,0.004970643440725504,0.0019200778371683408,0.00429562934372664,-0.0016025497980896152,-9.293774315265315,5.452347859252743,-0.663339534384994,0.025682377976589343,-1.570794642555979,1.0402364449223132,0.9696057224679037,-0.874541517517978,-0.8252005764113599,0,zero,0,-0.025682377976589343,0.022088615091956143,2.1031779032355233,1.3651440711600589,1.329432029551095,-0.3992392301224973,0.216085977992947,2.1013632583833237,1.3303183289230582,1.505972632298237,-0.2796129779512177,0.654136079669731,-0.14831627312623047,0.13210868028964534,-0.11328980647740428,0.6633658537639894,-1.1540267010952747,4.856160238087282,14.477210569507996,1.0,-0.9834972023963928,-1.6842389176652262e-06,9.814367589733308e-07,0.0,0.0,0.0,1,-0.14456133854769448,2.922603033536553,-9.0,-9.0,-0.14456133854769448,1.8788485747663257,-5.983628450876964,-0.7065668037508928,0.0046583307654608245,-0.0014670681645318304,-0.0012784845476816451,-0.02918800740687862,0.04413334327779739,0.3022715406114154,0.0,0.0,0.0,0.0,0.0,-0.2710694516176533,19.484020223577023,-30.0,-30.0,46.687262960258856,1.0437544587702274,-3.0163715491230363,-8.293433196249108,-0.2710694516176533,19.484020223577023,-73.56300617512316,-82.44835079293308,112.20047659754444,3.889999999999961
0.0,0.0,0.0,0.0,0.0,0.0,0.0,0.0,0.0,0.0,0.0,0.0,0,0.0,-1.5707963267948966,nan,-0.15753547653904498,-0.264459268143028,-0.12499237832295976,0.046801998051417604,-1.5707936188752338,-0.170897011701587,-0.28580577290785136,1.0318922860783113,-0.11987751753081657,1.0891413727643067,0.5393846160186372,0.9426997675853754,0.0813038379403136,0.0256975813744694,-0.013361535162542015,-0.02134650476482336,0.005114860792143183,0.010361712465048186,0.004867334718355168,0.009132254989742825,-0.0005254110297154314,-5.210691033618215,3.1039195623860714,-0.6689855999919845,0.10789146066664257,-1.5707947244810017,1.033557464235987,0.7204410203879441,-0.8745415175055165,-0.8252661233811016,0,zero,0,-0.10789146066664257,-0.06108946261522519,2.1097071179311815,1.3636636623885539,1.330750663339353,-0.4003700246044253,0.29605236238721494,2.1080424088881973,1.3311772900361487,1.524030180041855,-0.17848741137508453,0.6516793918002572,-0.14775925326391265,0.13161253001998952,-0.11286433278476134,0.6689963579799418,0.887335531588606,-0.3592565973404074,6.593191232277146,1.0,-0.683964729309082,-1.6023138948995097e-06,1.1056057678260345e-06,0.0,0.0,0.0,1,-0.08599658081730899,0.5196725217732477,-9.0,-9.0,-0.08599658081730899,1.7255334405880558,-7.577631854926444,-3.2831383858690493,0.0034612549123896517,-0.0014670681645109257,-0.001278586099704702,0.012870009577290653,0.01053248287160653,0.17031943680540387,0.0,0.0,0.0,0.0,0.0,-0.16125366738666602,3.4644834784883187,-30.0,-30.0,42.56792981245346,-1.2058609188148082,-1.4223681450735564,-5.71686161413095,-0.16125366738666602,3.4644834784883187,-49.51125997070293,-77.74898698628662,92.2404384735798,3.899999999999961
0.0,0.0,0.0,0.0,0.0,0.0,0.0,0.0,0.0,0.0,0.0,0.0,0,0.0,-1.5707963267948966,nan,-0.16347459867014988,-0.2702906264579474,-0.1276197295485127,0.04583677130253072,-1.5707935769568369,-0.17264320907806324,-0.28450860276964085,1.0253884594622484,-0.11953767008131011,0.8786398800551591,0.4192924754628652,0.712852845312989,0.29671986750594015,0.018749238716368535,-0.009168610407913363,-0.01421797631169347,0.008082059467202585,0.01249389846075035,0.006029501469540868,0.010821369736378844,0.0016249824014211755,1.0543594013350686,-0.6376495915233356,-0.6685951420325787,0.1262193905425908,-1.5707945560167815,1.0268520665263736,-0.7226845125411704,0.3438627562755795,-0.8252664587565307,0,zero,0,-0.12621939054259101,-0.0803826192400603,2.1162109433450196,1.3621890102841612,1.332064169533187,-0.40149642191745616,0.2733392833184162,2.1147478200474854,1.3497950406183659,1.4881321790752533,-0.17743975723474145,0.6490583881765646,-0.14716497708591506,0.13108319470196939,-0.11241040125196064,0.6685858840470646,2.4045328407193907,-5.632628970122293,-4.460279967955207,1.0,-0.46894189715385437,-1.7707781152509483e-06,9.790599446724002e-07,0.0,0.0,0.0,1,0.04498501704638593,-2.2324416272817156,-2.5780296488520027,-9.0,0.04498501704638593,0.3841115722999002,-6.4613653371446285,-5.064189941346159,-0.0034720334466714457,0.0005768395125846042,-0.0012785866193023804,0.038311496583049456,-0.03676104640465989,-0.048600842067434105,0.0,0.0,0.0,0.0,0.0,0.08435217897315944,-14.882944181878104,-8.59343216284001,-30.0,34.573923976724565,-2.616553199581616,3.8833356882926258,-3.935810058653841,0.08435217897315944,-14.882944181878104,-8.59343216284001,-42.323331526209685,45.679542583368594,3.9099999999999606
0.0,0.0,0.0,0.0,0.0,0.0,0.0,0.0,0.0,0.0,0.0,0.0,0,0.0,-1.5707963267948966,nan,-0.16629662636445938,-0.2708668275865892,-0.13121572239931162,0.04487555592676262,-1.5707935353742242,-0.17437231015182972,-0.28320584971875573,1.018911660146633,-0.11919916592230456,0.44950221497578496,0.10929266205430277,0.1878954179526937,0.3934497009804472,0.019022769655778093,-0.008075683787370336,-0.012339022132166533,0.012016556477007057,0.01037255706685011,0.0047398963312158884,0.008451923694121302,0.0036997714447164487,7.040073014204083,-4.322099641180148,-0.6612083475462536,0.06964507266407183,-1.5707941789286561,1.0201932031303143,-0.9672083981081475,0.8744706545162922,-0.15497968441782234,0,zero,0,-0.0696450726640716,-0.024769516737308983,2.1226877413755347,1.360720486263651,1.3333722173032256,-0.40261813835884364,0.14304647694448203,2.121406492673128,1.3776632248249852,1.410759764471046,-0.2835183309644507,0.6462740909977303,-0.1465336763616849,0.13052088077790683,-0.11192818891362734,0.6611759754332204,2.868204002115597,-8.64084093185841,-14.033582114016749,1.0,-0.36697131395339966,-2.147866240420626e-06,6.435544319671749e-07,0.0,0.0,0.0,1,0.20679894220768255,-4.5,9.0,3.835868355768807,0.20679894220768255,-1.5299899278016433,-1.413773586045076,-4.286277509312223,-0.004646813166542971,0.00146694928983951,-0.00024011026821434497,0.049315928322960806,-0.06164117006148049,-0.2473703183553244,0.0,0.0,0.0,0.0,0.0,0.3877722524051801,-30.0,30.0,12.786227852562691,44.312955103641926,-2.970010072198357,10.413773586045076,8.12214586508103,0.3877722524051801,-31.49915422250376,36.2614079946346,12.786227852562691,49.70638205003269,3.9199999999999604
0.0,0.0,0.0,0.0,0.0,0.0,0.0,0.0,0.0,0.0,0.0,0.0,0,0.0,-1.5707963267948966,nan,-0.16527663200030893,-0.2652943887973929,-0.1321486670065183,0.04391859346278082,-1.5707934941373236,-0.17608393610816572,-0.28189805677243585,1.0124635156830828,-0.11886209170539389,0.5221293092143928,-0.2731620320486461,-0.4264645842876391,0.12700188241173693,0.023853986994580467,-0.010807304107856797,-0.016603667975042924,0.013286575301124426,0.004526561075089795,0.0013364852512274608,0.002786586635045059,0.003307339907714023,9.554918274737751,-5.952529483869092,-0.6497596992461463,-0.035030669944229764,-1.5707937416424171,1.013646651049317,-0.9695079241987968,0.874541517868544,0.8188419049064826,0,zero,0,0.035030669944229764,0.07894926340701058,2.129135884472954,1.3592584593513353,1.3346744779511155,-0.40373489205329516,0.06165389474171403,2.1279526437627734,1.4026137760988642,1.327107549120238,-0.44689576294388306,0.6433275884111624,-0.14586559781353756,0.12992580800898382,-0.11141788422597583,0.6497142669558799,2.0950791810683542,-7.652604409898821,-16.81492845133332,1.0,-0.46137869358062744,-2.5851524796394187e-06,2.4750509375337515e-07,0.0,0.0,0.0,1,0.3001182315324635,-4.5,9.0,9.0,0.3001182315324635,-2.976043452887904,3.363147076814842,-1.4432627229942163,-0.004657860907790606,0.0014670681651199145,0.0012686330479430934,0.04104083831619636,-0.06031573358018827,-0.3300026931919282,0.0,0.0,0.0,0.0,0.0,0.5627568564268957,-30.0,30.0,30.0,51.96457153945807,-1.5239565471120962,5.636852923185158,10.443262722994216,0.5627568564268957,-41.08784235506204,65.01921385345122,64.70547513086846,100.5128059836464,3.92999999999996
0.0,0.0,0.0,0.0,0.0,0.0,0.0,0.0,0.0,0.0,0.0,0.0,0,0.0,-1.5707963267948966,nan,-0.1617745030711045,-0.2559973903948801,-0.129017680356509,0.04296612378517617,-1.5707934532557901,-0.17777772286849816,-0.28058577340503876,1.0060456424120716,-0.11852653354154236,0.992812341109843,-0.5195915689536867,-0.7984715035115719,-0.27954284861577694,0.03115695403005781,-0.016003219797393664,-0.024588383010158643,0.010491146814966656,0.0043219795554814795,-0.002568407844032049,-0.0034592963833480865,0.0003406713326204198,7.923532661925552,-5.0070899260653015,-0.6377645052848735,-0.13980302413551127,-1.5707933990182146,1.0072287892000784,-0.9695882009317955,0.8745415175058123,0.8252581585730612,0,zero,0,0.13980302413551104,0.18276914792068766,2.1355537562987235,1.3578032960295376,1.3359706250427092,-0.40484640306718894,0.2055976769137758,2.1343700608448364,1.413625263399767,1.2747543600749185,-0.5930098439363548,0.6402200345125969,-0.1451610031166561,0.12929820947524187,-0.11087968706680928,0.6377278957176867,0.3272732562024559,-3.2599133205900057,-12.305652722456601,1.0,-0.775703489780426,-2.927776681982408e-06,-5.423757531985984e-08,0.0,0.0,0.0,1,0.2560430070802897,-4.5,9.0,9.0,0.2560430070802897,-3.7661483894828387,6.227712167762207,1.568254787343896,-0.004658246585769204,0.001467068164511422,0.001278573759815109,0.016651259937510324,-0.034693614575687086,-0.2688878785417508,0.0,0.0,0.0,0.0,0.0,0.48011064519086766,-30.0,30.0,30.0,51.96374222697616,-0.7338516105171613,2.772287832237793,7.431745212656104,0.48011064519086766,-36.88617259920719,61.37721468081376,85.03868791882878,111.17356322516962,3.93999999999996
0.0,0.0,0.0,0.0,0.0,0.0,0.0,0.0,0.0,0.0,0.0,0.0,0,0.0,-1.5707963267948966,nan,-0.1578496618047806,-0.24633578754505966,-0.12411290871905054,0.04201838500660093,-1.5707934127390022,-0.17945332119547736,-0.2792695550061611,0.9996596448034486,-0.11819257696371416,1.104095628021491,-0.5600439593303086,-0.8345384450942767,-0.4570815059630279,0.039829655614182585,-0.02160365939069675,-0.03293376746110141,0.005920331755336378,0.00995956170127894,-0.005436276717541565,-0.007855883228295345,-0.0028151133965234262,3.2550956334872168,-2.0858102544171153,-0.6270290124576972,-0.2027906918719573,-1.5707932848434243,1.0009278972194455,-0.7796846738421762,0.8745415175043262,0.8252663845595509,0,zero,0,0.2027906918719573,0.24480907687855824,2.1419397523849852,1.3563553600890659,1.3372603345412541,-0.40595239352278856,0.26706815634726555,2.14067072783949,1.403325239089948,1.2787832234601766,-0.6622686974476154,0.6369526493460971,-0.14442016889909107,0.1286383315755819,-0.11031380873551956,0.6270207918269302,-1.9579359282611448,2.9702108846627286,-2.8537658112057223,1.0,-1.1849998235702515,-3.0419514720492202e-06,-1.2789557768400073e-07,0.0,0.0,0.0,1,0.12393244691902486,-2.7824215058160076,8.691514275595104,9.0,0.12393244691902486,-3.6151739002984917,7.586229871201929,3.895441904143408,-0.0037458824956940443,0.001467068164508929,0.0012785865043488831,-0.028075500302826243,0.016635004041433376,-0.10362250964505192,0.0,0.0,0.0,0.0,0.0,0.23238786221456,-18.54947670544005,28.97171425198368,30.0,45.64534277297918,0.8327523944824842,1.105284404393175,5.104558095856592,0.23238786221456,-18.54947670544005,28.97171425198368,68.38985278616741,76.55500820309807,3.9499999999999598
0.0,0.0,0.0,0.0,0.0,0.0,0.0,0.0,0.0,0.0,0.0,0.0,0,0.0,-1.5707963267948966,nan,-0.15555583344287285,-0.23946323590834412,-0.12060311738929955,0.04107561337989862,-1.5707933725960592,-0.18111039677793217,-0.2779499623325043,0.9933071147969504,-0.11786030688949611,0.7519417301384334,-0.3950903944362566,-0.5552958963058768,-0.31775212555329446,0.046279442817859624,-0.025554563335059316,-0.03848672642416018,0.002742810499803433,0.011599908977092965,-0.0062470638688183686,-0.008923434691764438,-0.003988031418828212,-3.075757685643339,1.9979611272518463,-0.6218034472060594,-0.19718247675324285,-1.5707934683919569,0.9947063017620421,0.8015236867241526,-0.8743996608241414,0.8252664630097071,0,zero,0,0.19718247675324285,0.23825809013314148,2.1482922807940654,1.3549150124796832,1.3385432849405805,-0.4070525877124597,0.2179678084007433,2.146892478087351,1.3727846292179937,1.341725499691927,-0.6242588407493086,0.6335267189040532,-0.14364338674176047,0.1279464340277643,-0.10972047195308714,0.6218274371093939,-3.585190448825741,8.0893816122816,8.171903768230024,1.0,-1.3973106145858765,-2.858402939676097e-06,9.579589743680117e-08,0.0,0.0,0.0,0,-0.028011259435078182,1.0940785369803503,-6.082674202937627,7.1477661446408645,-0.028011259435078182,-2.0788801721552366,3.8999634600329633,5.181440910240256,0.0038508048813999246,-0.001466830195910233,0.0012785866258918331,-0.0570533814857211,0.05479149855067415,0.12285875580579801,0.0,0.0,0.0,0.0,0.0,-0.05252439421541005,7.293856913202335,-20.275580676458755,23.82588714880288,32.124370463517806,3.172958709135587,-9.982637662970589,1.9663252344006086,-0.05252439421541005,7.293856913202335,-20.275580676458755,23.82588714880288,32.124370463517806,3.9599999999999596
0.0,0.0,0.0,0.0,0.0,0.0,0.0,0.0,0.0,0.0,0.0,0.0,0,0.0,-1.5707963267948966,nan,-0.15719145837241646,-0.23871488786586403,-0.11952514677600343,0.040138043200244944,-1.5707933328357753,-0.18274863029579277,-0.2766275609543136,0.9869896311427137,-0.1175298075837177,0.09424740805643887,-0.000260858831699351,0.057405333571058925,-0.07474713075177053,0.045765939255356,-0.02555717192337631,-0.03791267308844959,0.0019953391922857278,0.007622551026012018,-0.004159087206807861,-0.005556420023752853,-0.0031514241653516585,-8.211863067878902,5.407323063377655,-0.6250528031768576,-0.12011771326047649,-1.5707938390037686,0.988480988268733,0.9693836510202628,-0.8745415293931683,-0.5636976965862965,0,zero,0,0.12011771326047649,0.16025575646072143,2.1546097627779557,1.3534826111605789,1.339819157398291,-0.40814671221288595,0.1267528145867722,2.1531182103722686,1.336368132297793,1.4330345463582292,-0.49230155254540875,0.6299435951271828,-0.1428309631784497,0.12722278986840863,-0.10909991086208112,0.6250925909947209,-3.425551245453466,9.227202430624054,15.633934139352645,1.0,-1.3582228422164917,-2.4877911277698672e-06,5.061679932971686e-07,0.0,0.0,0.0,1,-0.1408305474629688,3.838090007023365,-9.0,-9.0,-0.1408305474629688,0.22444924276602587,-1.370706299193319,3.3587800887480848,0.0046572638552387574,-0.0014670681844527983,-0.0008733377256998672,-0.06040977416196827,0.06837818730243855,0.288531756334355,0.0,0.0,0.0,0.0,0.0,-0.2640737811043855,25.5872667134891,-30.0,-30.0,49.545715786827564,3.613640764257339,-7.629293700806681,-12.358780088748084,-0.2640737811043855,25.5872667134891,-63.92814405056802,-33.11525257025667,76.4081507914644,3.9699999999999593
0.0,0.0,0.0,0.0,0.0,0.0,0.0,0.0,0.0,0.0,0.0,0.0,0,0.0,-1.5707963267948966,nan,-0.1623347277024898,-0.2431776694441508,-0.119349140270615,0.03920590670728008,-1.570793293466679,-0.18436771746509897,-0.2753029206972015,0.9807087587417898,-0.11720116262107572,0.6777714209211965,0.35241821607671364,0.5787421835398876,0.015263845725355107,0.03901407712523516,-0.022032989762609173,-0.03212525125305071,0.002147977649539279,0.0020456808345324135,-0.00042252221578602603,0.0001537291251911127,-0.001995658390108005,-9.01338134009321,6.016834652135372,-0.6331748061770686,-0.011411787603228252,-1.5707941867641195,0.982183398796953,0.9696068464856037,-0.8745415175041313,-0.8250426804036496,0,zero,0,0.011411787603228252,0.050617694310508554,2.1608906334377953,1.35205851095084,1.3410876358689485,-0.4092344959992842,0.19224591229445676,2.1594162062345768,1.3111954406045347,1.5115319881396945,-0.330270902367604,0.6262046959045322,-0.14198321969581215,0.12646768545299442,-0.10845237102665962,0.6332089348761953,-1.776832348251773,6.5250228416044145,15.585315870122118,1.0,-1.0800365209579468,-2.1400307770313987e-06,8.93297440462959e-07,0.0,0.0,0.0,1,-0.1820737127352982,3.6580808567215577,-9.0,-9.0,-0.1820737127352982,1.9169152028455334,-5.0921108167205515,0.139715632380094,0.004658336165641652,-0.001467068164508602,-0.0012782399191491785,-0.038546449207532876,0.054532894910030556,0.31639685341573925,0.0,0.0,0.0,0.0,0.0,-0.3414095494755264,24.38720571147705,-30.0,-30.0,48.937228802767045,1.7411656538760243,-3.9078891832794485,-9.139715632380094,-0.3414095494755264,24.38720571147705,-78.80775426805378,-75.73029562694042,111.98478544611368,3.979999999999959
0.0,0.0,0.0,0.0,0.0,0.0,0.0,0.0,0.0,0.0,0.0,0.0,0,0.0,-1.5707963267948966,nan,-0.16873838557109627,-0.24931289322740632,-0.1199088366065279,0.03827943398724298,-1.5707932544970107,-0.18596736906327144,-0.2739766150801683,0.9744660479866569,-0.11687445484876838,0.89184420994259,0.4804006270434008,0.7461529400288741,0.08864041082202456,0.030238130240738705,-0.017228983492175165,-0.02466372185276197,0.0030343817577595245,0.005893241202656693,0.0029158286939843653,0.005067869480695212,-0.0007381963334140693,-5.877673545142089,3.9780364549781164,-0.63920874222535,0.07766538682700608,-1.5707943675208207,0.9758066629035783,0.9425391789945878,-0.8745415175040657,-0.825265895498165,0,zero,0,-0.07766538682700608,-0.03938595283976287,2.1671333423833574,1.3506430633799233,1.3423484072372653,-0.41031567055962115,0.2916574891065979,2.1657931890038102,1.3061848455005471,1.5486894656609416,-0.2090468716550927,0.6223115050734768,-0.14110049273336897,0.12568142045586086,-0.10777810943256967,0.6392267850076128,0.3499646417764522,1.6608698411406084,9.108142633040776,1.0,-0.8284910917282104,-1.959274075868933e-06,1.1130238100065526e-06,0.0,0.0,0.0,1,-0.15597306704389183,1.4566967964904098,-9.0,-9.0,-0.15597306704389183,2.1634160301684866,-7.129210479647363,-2.658483840844988,0.004528293463437162,-0.001467068164508492,-0.0012785857466453105,-0.006314707649292725,0.02384927163317889,0.2139646043392627,0.0,0.0,0.0,0.0,0.0,-0.29246777994354367,9.711311976602733,-30.0,-30.0,43.524649541486404,-0.7067192336780768,-1.8707895203526368,-6.341516159155012,-0.29246777994354367,9.711311976602733,-62.449141810718,-81.7245375223461,103.31113426850823,3.989999999999959
0.0,0.0,0.0,0.0,0.0,0.0,0.0,0.0,0.0,0.0,0.0,0.0,0,0.0,-1.5707963267948966,nan,-0.1743082943910667,-0.25401856143990165,-0.12253779895180511,0.03735885287511209,-1.5707932159347158,-0.18754731093485505,-0.2726492207506201,0.9682630341017356,-0.11654976634914019,0.7812920913399696,0.3989966948386825,0.6033062542043527,0.2953650844905398,0.023626882144060803,-0.01323901654378834,-0.018630659310718445,0.005988032602664922,0.008824415600156942,0.004595729857206084,0.00738754625559674,0.0014743602291490097,-0.2576286472059235,0.17680339517477295,-0.6398843473320559,0.10969187797868174,-1.5707943089639207,0.9693952108278977,-0.39588219182816475,-0.8745415175040641,-0.8252664584452782,0,zero,0,-0.10969187797868152,-0.07233302510356943,2.1733363543925277,1.3492366165381255,1.3436011614512908,-0.4113899700088287,0.30054308354010567,2.1722047059907967,1.3209897104987363,1.5319805123233114,-0.17892449536812455,0.6182655724197155,-0.14018313368350802,0.12486430787020582,-0.10707739448714632,0.6398813138521952,2.160922379143491,-3.9107807940347343,-1.4373999407635742,1.0,-0.6279014945030212,-2.017830976086543e-06,1.0930292049238233e-06,0.0,0.0,0.0,1,-0.05613122038515085,-1.3477654814709437,-7.699616531676138,-9.0,-0.05613122038515085,1.0498127143571239,-7.73305182394121,-4.667161005705197,-0.0019019588591096103,-0.0014670681645084893,-0.0012785866188201563,0.033381027851684786,-0.024231580359483678,0.02493953636463634,0.0,0.0,0.0,0.0,0.0,-0.10525261651068976,-8.985103209806292,-25.66538843892046,-30.0,40.49018796603475,-2.3975781958280677,0.03343529226507247,-4.332838994294803,-0.10525261651068976,-8.985103209806292,-25.66538843892046,-54.063075845538,60.51670423449397,3.9999999999999587
0.0,0.0,0.0,0.0,0.0,0.0,0.0,0.0,0.0,0.0,0.0,0.0,0,0.0,-1.5707963267948966,nan,-0.17734577220456343,-0.2549443058101088,-0.1268105814935899,0.036444388856736065,-1.57079317778745,-0.1891072839779854,-0.27132131691717115,0.9621012364838972,-0.11622717840234698,0.5327230096362583,0.14775047703663724,0.2253648203656089,0.4595370488577999,0.022771650642606424,-0.011761511773421968,-0.016377011107062356,0.010583403091242921,0.00859172729758007,0.004041669802173447,0.006416107213433886,0.004039337989312539,5.752971192932001,-4.0018235121036865,-0.6330244503321114,0.06793249336248541,-1.5707940069055706,0.9630174550546429,-0.963932221211388,0.8744188115782388,-0.7087988238090631,0,zero,0,-0.06793249336248541,-0.03148810450574935,2.179498150070795,1.3478395149270552,1.3448455916556012,-0.4124571312030203,0.19480348796970234,2.1785823123503385,1.3491502292283055,1.4652086766720138,-0.2592952235373605,0.6140685136772799,-0.13923150889148583,0.12401667400808766,-0.10635050601931421,0.6329963311623941,3.090859980063555,-8.128555842866469,-12.045641794763537,1.0,-0.4490290880203247,-2.3198893259746e-06,8.29118120826422e-07,0.0,0.0,0.0,0,0.09787517718571064,-4.0778495024229064,6.133090866994957,-0.7860496982229245,0.09787517718571064,-0.8864438390609205,-3.7724729915861714,-4.719487571721215,-0.004631073247442223,0.0014668623218426218,-0.0010981431297535597,0.05116064558210279,-0.056150399534404705,-0.20225147827824672,0.0,0.0,0.0,0.0,0.0,0.1835274276874379,-27.185663349486042,20.443636223316524,-2.6201656607430817,34.116000706257154,-3.191405663361986,9.905563858581129,3.9334378734982907,0.1835274276874379,-27.185663349486042,20.443636223316524,-2.6201656607430817,34.116000706257154,4.009999999999959
0.0,0.0,0.0,0.0,0.0,0.0,0.0,0.0,0.0,0.0,0.0,0.0,0,0.0,-1.5707963267948966,nan,-0.17664066004389029,-0.25056802177916687,-0.12927223592068876,0.03553626497097406,-1.5707931400625723,-0.19064704411187977,-0.2699934847810116,0.955982158042985,-0.11590677144904238,0.4698124742708675,-0.2244872294567518,-0.3048451894782367,0.2782061380403461,0.027425591115578705,-0.014006384067989486,-0.019425463001844723,0.013365464471646382,0.0052019381997141356,0.0011957486697684403,0.0022411369953877595,0.004539565080522194,9.19496872187318,-6.481964040202168,-0.6203257869846397,-0.03149011985182271,-1.5707935747017532,0.9567540662962967,-0.969488650312874,0.8745415266772611,0.767413749353098,0,zero,0,0.031490119851822485,0.06702638482279699,2.185617226510725,1.3464520993101041,1.3460813943244876,-0.41351689385370627,0.04533852785140929,2.1848453086800332,1.3792565806833625,1.3772152368845005,-0.41660495147550414,0.6097220105285248,-0.13824599965542556,0.12313885850042336,-0.105597735279586,0.6202785600784118,2.7962789655233884,-8.694166925517758,-17.147926479300338,1.0,-0.5673206448554993,-2.7520931435986995e-06,4.346391806464567e-07,0.0,0.0,0.0,1,0.23184956613832305,-4.5,9.0,9.0,0.23184956613832305,-2.5569818719914426,1.4896655552257816,-2.2790396741722585,-0.00465776830918719,0.0014670681798967871,0.0011889553258592036,0.05040597291207757,-0.06540499879484064,-0.3275622984757442,0.0,0.0,0.0,0.0,0.0,0.43474510807861066,-30.0,30.0,30.0,51.963342880428684,-1.9430181280085574,7.510334444774219,11.279039674172259,0.43474510807861066,-40.90277324588844,58.52226627354379,53.44477012330868,89.18758302498412,4.019999999999959
0.0,0.0,0.0,0.0,0.0,0.0,0.0,0.0,0.0,0.0,0.0,0.0,0,0.0,-1.5707963267948966,nan,-0.1731366450227906,-0.24243652110623082,-0.1275579592897434,0.03463470171182759,-1.570793102767146,-0.1921663622256851,-0.2686663069665947,0.9499072845423183,-0.11558862505309103,0.857215637866374,-0.5023333134904995,-0.6804322858519174,-0.13961302349940197,0.03454557518947082,-0.01902971720289448,-0.026229785860363897,0.011969334236652363,0.004481772092939712,-0.0025472147046283443,-0.0030367492177878937,0.0020919207752309738,8.512858074109865,-6.079364453407364,-0.6059473069459222,-0.14307697142885734,-1.570793171936156,0.9506405787999638,-0.9695938003893989,0.874541517504303,0.8252081691199848,0,zero,0,0.1430769714288571,0.17771167314068492,2.191692097951453,1.3450747065629183,1.3473082693951441,-0.41456900064201035,0.17686832886962026,2.1909582872180553,1.3995774552851574,1.3071259467144714,-0.5779602446076723,0.605227810604137,-0.13722700222631887,0.12223121429699024,-0.1048193849400638,0.6059020900037874,1.389827493123005,-5.444382115287228,-14.515313622698038,1.0,-0.8819910883903503,-3.1548587404728323e-06,6.916901007514298e-08,0.0,0.0,0.0,1,0.2481886688787063,-4.5,9.0,9.0,0.2481886688787063,-3.5526464472511825,5.159702734432415,0.8339627204329287,-0.004658273487555177,0.00146706816450889,0.0012784963110770299,0.0320096580854846,-0.0481555207490602,-0.3051017822966237,0.0,0.0,0.0,0.0,0.0,0.46538284057511026,-30.0,30.0,30.0,51.9636082387309,-0.9473535527488175,3.8402972655675853,8.166037279567071,0.46538284057511026,-42.828702846627095,67.75548912599136,85.08038221427884,116.89307983427888,4.0299999999999585
0.0,0.0,0.0,0.0,0.0,0.0,0.0,0.0,0.0,0.0,0.0,0.0,0,0.0,-1.5707963267948966,nan,-0.16891391999837377,-0.23356346036740228,-0.12327912282952533,0.03373991693058276,-1.5707930659079365,-0.19366502410905884,-0.26734036695239854,0.943878083939216,-0.11527281786431334,1.026639666032373,-0.5721386907790588,-0.7547120724632372,-0.3963029271440377,0.04263329089274617,-0.024751104110685068,-0.03377690658499627,0.008006304965211986,0.009024409420546345,-0.005502662006732682,-0.007043447217106688,-0.0012452018025759185,4.578135471787652,-3.3108719110632197,-0.59245690056823,-0.2214188849869616,-1.5707929536284166,0.9446721861155319,-0.9696038442866926,0.8745415175040742,0.8252661284358193,0,zero,0,0.22141888498696183,0.2551588019175446,2.197721296438157,1.3437076695238699,1.3485259204008568,-0.4156131973328847,0.27406936796521597,2.1969263257261313,1.4007001684205902,1.2860072440965897,-0.6762981732350061,0.6005877274831283,-0.13617492780802443,0.12129410766642458,-0.10401576909443798,0.5924367823548942,-0.8166269160451556,0.34410035850918796,-6.122413815660762,1.0,-1.3221932649612427,-3.373166479914147e-06,-1.122795199037796e-07,0.0,0.0,0.0,1,0.157639489667421,-4.453746488856839,9.0,9.0,0.157639489667421,-4.019016463636584,7.1555788640722975,3.368599725036151,-0.004658321742010244,0.0014670681645085062,0.0012785861075359838,-0.010354211917979184,-0.011786747524417373,-0.16302467501226847,0.0,0.0,0.0,0.0,0.0,0.29559251765876804,-29.691643259045595,30.0,30.0,51.784950075856244,-0.4347300252202553,1.8444211359277025,5.631400274963849,0.29559251765876804,-29.691643259045595,45.253344664851184,78.40155007631215,95.26987620482784,4.039999999999958
0.0,0.0,0.0,0.0,0.0,0.0,0.0,0.0,0.0,0.0,0.0,0.0,0,0.0,-1.5707963267948966,nan,-0.16603312776353885,-0.22677292619462996,-0.11971754972049867,0.03285212573794061,-1.5707930294914125,-0.19514283036490093,-0.2660162485024773,0.9378960057254946,-0.11495942758126279,0.7709070847315608,-0.4358598490677018,-0.5466415722851059,-0.3248182825976109,0.04909228918668614,-0.029109702601362086,-0.03924332230784733,0.004758122139235876,0.011014425875584447,-0.006562558703528565,-0.008325174042216395,-0.002990297275906193,-1.3871966095002168,1.015607440894523,-0.5829707286943648,-0.23522607052914002,-1.5707930344090029,0.9388191553246016,0.09032578120259654,-0.6328211528643237,0.8252664580558423,0,zero,0,0.2352260705291398,0.26807819626708085,2.2037033724815553,1.3423513168445276,1.3497340546041936,-0.4166492328893271,0.25851000499445453,2.2027793891486267,1.3792556073416948,1.3261377524453857,-0.6714194368072192,0.595803640692838,-0.13509020255726845,0.12032791819622218,-0.10318721325798766,0.5829865934904168,-2.921896252459008,6.2590838611352,5.056421219140665,1.0,-1.6341427564620972,-3.292385893693961e-06,4.917590334940769e-09,0.0,0.0,0.0,1,0.02475026094829498,-0.8073598550187909,0.1595899977966302,9.0,0.02475026094829498,-3.1371522427829066,5.5572294709448045,5.116615457686932,0.0004339571804706082,-0.0010615754067850704,0.0012785866182168026,-0.04460842515272609,0.04051685859425923,0.0602993532348505,0.0,0.0,0.0,0.0,0.0,0.046409639880545625,-5.382399033458606,0.5319666593221006,30.0,30.48369009383018,2.329792387764116,-5.397639473148175,3.8833845423130677,0.046409639880545625,-5.382399033458606,0.5319666593221006,40.412912843992025,40.77326190376208,4.049999999999958
0.0,0.0,0.0,0.0,0.0,0.0,0.0,0.0,0.0,0.0,0.0,0.0,0,0.0,-1.5707963267948966,nan,-0.16678328733688422,-0.22504391071848556,-0.11860276567032163,0.03197154040615624,-1.5707929935237448,-0.19659959630468035,-0.26469453509952423,0.9319624802679973,-0.1146485309140462,0.11451735503381504,-0.07066063664340483,-0.040730207319134015,-0.08038873829604443,0.04976766286231487,-0.029816308967796135,-0.03965062438103867,0.003954234756275432,0.007971787802034908,-0.004837548152165708,-0.005811365306654007,-0.0025249875066559978,-7.0810605439964895,5.247767407563017,-0.5817280650870158,-0.1732303519159082,-1.5707933726456327,0.9330118122379097,0.9652393524078823,-0.8745274845056682,0.028104189293848336,0,zero,0,0.1732303519159082,0.20520189232206443,2.2096368957173746,1.341005972840129,1.3509323831301905,-0.41767685958659556,0.15481670132677372,2.208587132927819,1.3444111603652833,1.4094363963512562,-0.5609695465693478,0.5908774957089348,-0.13397326758364508,0.11933303879273861,-0.10233405436758093,0.5817690497620468,-3.6023315093846104,9.122683999533852,14.334003057988769,1.0,-1.5851848125457764,-2.9541492638784916e-06,3.791218876614266e-07,0.0,0.0,0.0,1,-0.08988282563500466,2.6910932108656236,-9.0,-4.771945357635019,-0.08988282563500466,-1.0224989265562447,0.5512882804911484,4.17920373440497,0.004637353170637834,-0.0014670446237562355,4.354186456529285e-05,-0.060654544018203374,0.06538249780125724,0.25450317038195963,0.0,0.0,0.0,0.0,0.0,-0.16854083186762547,17.940621405770823,-30.0,-15.906484525450065,38.40456421306706,3.7135921374218683,-9.551288280491148,-8.951149092039989,-0.16854083186762547,17.940621405770823,-48.10143371524586,-15.906484525450065,53.74624152308497,4.059999999999958
0.0,0.0,0.0,0.0,0.0,0.0,0.0,0.0,0.0,0.0,0.0,0.0,0,0.0,-1.5707963267948966,nan,-0.17163685226884162,-0.22878378491074886,-0.11854723658611555,0.0310983702711769,-1.5707929580108069,-0.198035151826855,-0.263375809380119,0.9260789181491,-0.11434020354718122,0.6110329644414573,0.3418009409782763,0.5058599911668515,0.02527982826588948,0.04371701617716833,-0.02639829955801337,-0.03459202446937015,0.004207033038934327,0.0018519957309941417,-0.0009446871757690829,-0.0005009569614224038,-0.0015121165465533373,-9.301816903613744,6.978233692009952,-0.587979020423278,-0.06392679493656961,-1.5707937583091376,0.9271634913668085,0.9695951039286627,-0.8745415174737068,-0.8214619667325702,0,zero,0,0.06392679493656939,0.09502516520774673,2.215520455565841,1.3396719573400508,1.3521206210995418,-0.41869583312642467,0.1476070653205075,2.2144359424235205,1.313632146401383,1.4956598359195656,-0.3962215896707225,0.5858113039554145,-0.13282457894961597,0.11830987568118884,-0.10145664078167459,0.5880214286401564,-2.537609136174277,7.794479175835123,16.885261281608486,1.0,-1.267749547958374,-2.568485759191219e-06,8.002983307164868e-07,0.0,0.0,0.0,1,-0.15437199411343347,3.7837953092889793,-9.0,-9.0,-0.15437199411343347,1.0692902247111282,-3.8835452044828247,1.2586526861189455,0.00465827975022145,-0.001467068164457564,-0.0012726923138408352,-0.04895772469712968,0.06154370050911454,0.3317187193047459,0.0,0.0,0.0,0.0,0.0,-0.28946558056147287,25.22530206192653,-30.0,-30.0,49.35989925473678,2.7145050845778513,-5.116454795517175,-10.258652686118946,-0.28946558056147287,25.22530206192653,-75.8219057062989,-66.88263653906803,104.20483726674941,4.069999999999958
0.0,0.0,0.0,0.0,0.0,0.0,0.0,0.0,0.0,0.0,0.0,0.0,0,0.0,-1.5707963267948966,nan,-0.17866884909662997,-0.23524121503056308,-0.11852913419625336,0.03023282163477581,-1.5707929229581736,-0.1994493412789028,-0.26206065257283084,0.9202467095072211,-0.11403452010250273,0.9594559401732694,0.5617807375740552,0.7772586927102393,0.028758105481629936,0.03422444508349032,-0.02078049218227282,-0.02681943754226776,0.004494614093750626,0.005809764815609425,0.0031099092909079445,0.004839188512730928,-0.0008149146907932715,-7.458950583844749,5.665090510383344,-0.5946352886666245,0.04240024188710301,-1.5707940110609235,0.9212395680954788,0.9696084418423166,-0.8745415175037368,-0.8252611759718814,0,zero,0,-0.04240024188710301,-0.012167420252326977,2.2213526618911645,1.3383495855382816,1.3532984877617877,-0.4197059127512418,0.2633507922599727,2.220360219660378,1.299698006148264,1.5502631889738745,-0.24922536626729716,0.5806071428045986,-0.13164460767050992,0.11725884840564696,-0.10055533228031378,0.5946634309279766,-0.5804498036759684,3.6434008623462804,12.429334822122707,1.0,-0.9454858303070068,-2.315733973023981e-06,1.0881027501241647e-06,0.0,0.0,0.0,1,-0.16378687450305435,2.3649839459449673,-9.0,-9.0,-0.16378687450305435,1.996953223590954,-6.4988784353209565,-1.7353500189907118,0.004658343830302746,-0.0014670681645079402,-0.001278578434675835,-0.020437413992929802,0.0365400091628536,0.27082455898965124,0.0,0.0,0.0,0.0,0.0,-0.30711958466726863,15.766559639633115,-30.0,-30.0,45.262332300814926,0.36803072235401335,-2.5011215646790435,-7.264649981009288,-0.30711958466726863,15.766559639633115,-70.92650322209174,-86.04407282542124,112.6180716093522,4.079999999999957
0.0,0.0,0.0,0.0,0.0,0.0,0.0,0.0,0.0,0.0,0.0,0.0,0,0.0,-1.5707963267948966,nan,-0.18548770847460516,-0.24121548806572282,-0.11978287646216046,0.029375097666691996,-1.5707928883711257,-0.20084202330351847,-0.2607496439398195,0.9144672233773415,-0.11373155410211647,0.9216402241712744,0.5426177353359513,0.7285281668171106,0.15567082662933662,0.025572577732486418,-0.015354314828913307,-0.019534155874096654,0.0060513223600439925,0.009880163045724638,0.005680670307424286,0.00806869946618402,0.0004936553381181272,-2.7371977373999883,2.104812564190004,-0.5966574064936794,0.10280453443731208,-1.5707940405775225,0.9152690274482697,0.3881779896598154,-0.874541517504009,-0.825266409250854,0,zero,0,-0.10280453443731208,-0.07342943677062008,2.227132145661017,1.3370391678438915,1.3544657066285046,-0.4207068613583825,0.3159779786134346,2.2263309186713474,1.3058198020402663,1.5546929388084871,-0.17826955462464988,0.5752671555771399,-0.13043383971452402,0.11618038982904726,-0.09963050006513305,0.5966644079619277,1.3636321365062896,-1.7810557556205342,3.0354692161598544,1.0,-0.7045254111289978,-2.2862173740811897e-06,1.1522063969593432e-06,0.0,0.0,0.0,1,-0.1064807292469478,-0.1522158702400083,-9.0,-9.0,-0.1064807292469478,1.488005302484168,-7.811516596289793,-4.023446904143761,0.001864945131619631,-0.001467068164508397,-0.0012785865426031577,0.020575026214381224,-0.00981687387055047,0.10709789143118681,0.0,0.0,0.0,0.0,0.0,-0.19966384632842266,-1.014772468266722,-30.0,-30.0,42.43901069551319,-1.6402211727241762,-1.1884834037102072,-4.976553095856239,-0.19966384632842266,-1.014772468266722,-41.11642761576675,-69.43907796808774,80.70573584172712,4.089999999999957
0.0,0.0,0.0,0.0,0.0,0.0,0.0,0.0,0.0,0.0,0.0,0.0,0,0.0,-1.5707963267948966,nan,-0.19010346086652546,-0.24419506852028966,-0.1231199589842131,0.02852539830676104,-1.5707928542546452,-0.2022130706695724,-0.25944336022254144,0.9087418070315131,-0.11343137793140656,0.6490484820293687,0.3244705025866379,0.4285864171844872,0.3637258692762546,0.021749060950666643,-0.012109609803046928,-0.015248291702251782,0.009688581052806539,0.010508867639378059,0.005939737581329641,0.008221824091589613,0.0027490771422177887,3.400905531274108,-2.647503222917829,-0.5916206715650527,0.09152289439786276,-1.5707938184235353,0.9093146737413657,-0.8863721249384306,0.8022693388390132,-0.825266465898967,0,zero,0,-0.09152289439786276,-0.06299749609110172,2.2328575596060203,1.3357410097315052,1.3556220056064912,-0.4216984456143067,0.2543268223411736,2.232285209617976,1.3279952224055276,1.5056129170936419,-0.2164558227807332,0.5697935515420175,-0.12919277600272272,0.11507494613318323,-0.09868252675935536,0.5916007158170341,2.662757862122554,-6.78820550739386,-8.435372790726642,1.0,-0.47462040185928345,-2.5083713612872316e-06,9.641688900607903e-07,0.0,0.0,0.0,0,0.015659441342447213,-2.8573007838957305,0.7140875105082838,-7.591912474276117,0.015659441342447213,-0.05557640946841309,-5.6189271354810995,-5.33372899729141,-0.004258446957943008,0.0013458295378944325,-0.001278586630368168,0.043084572006805724,-0.04527985068330262,-0.12492089534330111,0.0,0.0,0.0,0.0,0.0,0.029363287722571185,-19.048671892638204,2.3802917016942793,-25.306374914253723,31.763676785944906,-2.8017243744273173,6.333014645989383,-2.2581834769847067,0.029363287722571185,-19.048671892638204,2.3802917016942793,-25.306374914253723,31.763676785944906,4.099999999999957
0.0,0.0,0.0,0.0,0.0,0.0,0.0,0.0,0.0,0.0,0.0,0.0,0,0.0,-1.5707963267948966,nan,-0.1905875390956376,-0.24188067202224542,-0.1261508012149936,0.02768392016705845,-1.5707928206134234,-0.20356237008844671,-0.258142375092163,0.9030717853193727,-0.11313406280209357,0.35850023320595337,-0.08652211897621775,-0.10134113676657786,0.3328157360093509,0.024540267010283192,-0.012974830992809105,-0.01626170306991756,0.013016738412900047,0.007125539953891307,0.0033770339725258183,0.004797118144525072,0.004044331674130618,8.26161016557671,-6.509525165303547,-0.5793214456965146,0.007662989858487457,-1.5707934103493737,0.903457693017936,-0.9685273286210909,0.8745382404175046,0.5636788891450824,0,zero,0,-0.007662989858487457,0.020020930308571216,2.238527578879228,1.3344554115917717,1.3567671171309594,-0.42268043606881445,0.09557780379479483,2.23814184919484,1.3569388762505123,1.4212109188007553,-0.3557740982962981,0.5641886059165391,-0.1279219324090383,0.11394297681870813,-0.0977118064077927,0.5792747980836805,2.886114451540473,-9.000840900940101,-16.63271940462657,1.0,-0.49208390712738037,-2.9164455228603003e-06,5.897359502959887e-07,0.0,0.0,0.0,1,0.1547509790082809,-4.5,9.0,9.0,0.1547509790082809,-1.8865791861152832,-0.41839937820041645,-3.4993979069069403,-0.004653149777851649,0.0014670626671029717,0.0008733085873016874,0.0502284088103367,-0.06528300181288961,-0.30549844601508663,0.0,0.0,0.0,0.0,0.0,0.29017622165438006,-30.0,30.0,30.0,51.96233445717786,-2.6134208138847166,9.418399378200416,12.49939790690694,0.29017622165438006,-34.863127283791194,45.836111985584324,33.42826919530384,66.58768797303422,4.109999999999957
0.0,0.0,0.0,0.0,0.0,0.0,0.0,0.0,0.0,0.0,0.0,0.0,0,0.0,-1.5707963267948966,nan,-0.1873684017315154,-0.2350278721575697,-0.12543223636605322,0.0268508564340324,-1.5707927874518586,-0.20488982201639927,-0.2568472586052332,0.8974584600086546,-0.11283967871535353,0.7192999933067115,-0.4546589292074771,-0.5557683377745953,-0.04241807622003546,0.03068645143932771,-0.017521420284883876,-0.021819386447663514,0.012592557650699693,0.002581874682162693,-0.0007783260003708659,-0.0005061476666381529,0.0024091699921541757,9.017799483219974,-7.1890135865649905,-0.5632052074293679,-0.10790360289307288,-1.5707929656004591,0.8977597536490319,-0.9695385234555265,0.8745415174921215,0.8250775720297099,0,zero,0,0.10790360289307266,0.13475445932710528,2.2441409017156078,1.3331826685818362,1.3579007782987218,-0.4236526072692622,0.11729116780858564,2.243839241773912,1.3809359628336297,1.339384633800937,-0.5291699154619002,0.5584546598663336,-0.12662183976026906,0.11278495470513335,-0.0967187444768446,0.5631510446635286,1.9266905930284013,-7.1266509990850615,-16.732639338100306,1.0,-0.701775848865509,-3.361194437445647e-06,1.7814860076015293e-07,0.0,0.0,0.0,1,0.21902698409601212,-4.5,9.0,9.0,0.21902698409601212,-3.1767284451946565,3.9894497813830987,-0.24171910974122984,-0.004658007917503648,0.0014670681644884552,0.0012782939768001746,0.03901683674653594,-0.0578720710744222,-0.33857753043193145,0.0,0.0,0.0,0.0,0.0,0.4107012640090233,-30.0,30.0,30.0,51.96314728274509,-1.3232715548053435,5.010550218616901,9.24171910974123,0.4107012640090233,-42.540096110599976,68.36437957499655,79.77787398345939,113.34913332100194,4.119999999999957
0.0,0.0,0.0,0.0,0.0,0.0,0.0,0.0,0.0,0.0,0.0,0.0,0,0.0,-1.5707963267948966,nan,-0.18266140482222978,-0.22654256766107692,-0.12121629421392838,0.02602639677064178,-1.570792754774058,-0.20619534044363363,-0.25555857666515913,0.8919031091257085,-0.11254829442499592,1.016581877183542,-0.6012515336519975,-0.7196622556418703,-0.3924557861767236,0.038352433100108455,-0.02353393562140385,-0.029016009004082216,0.008667999788932457,0.006907780316967496,-0.004519229051032643,-0.0051261075378629915,-0.0010084736992358179,6.143951224730622,-4.953785293974313,-0.5472488334931148,-0.20447438089157743,-1.5707926453281158,0.8922309364762379,-0.9695910979346727,0.8745415175039168,0.8252660512634116,0,zero,0,0.2044743808915772,0.23050077766221921,2.2496962500915245,1.3319230704758125,1.3590227310013798,-0.42461473787477766,0.2507853545359861,2.2493675647866263,1.3892774941533985,1.2962409166712348,-0.6605429046750513,0.5525941205053674,-0.12529304383608314,0.11160136593083173,-0.09570375785450097,0.5472135137266555,0.0011699260739946316,-2.1239889855362266,-10.015104230425862,1.0,-1.1030032634735107,-3.6814667807583135e-06,-1.094459420869498e-07,0.0,0.0,0.0,1,0.17267872793249836,-4.5,9.0,9.0,0.17267872793249836,-3.8631410422315247,6.553696375021993,2.58854969041733,-0.004658260504001448,0.0014670681645082423,0.0012785859879726514,0.012075156744714599,-0.027670074020304428,-0.2323261973900906,0.0,0.0,0.0,0.0,0.0,0.32379285192667984,-30.0,30.0,30.0,51.96253305806943,-0.6368589577684753,2.4463036249780066,6.41145030958267,0.32379285192667984,-35.33709024554187,57.47617237731439,87.15645995890263,110.22056837336252,4.129999999999956
0.0,0.0,0.0,0.0,0.0,0.0,0.0,0.0,0.0,0.0,0.0,0.0,0,0.0,-1.5707963267948966,nan,-0.17869813240329593,-0.21920268080975097,-0.1167433412773842,0.025210727218489826,-1.5707927225838412,-0.20747885267077884,-0.2542768904899862,0.8864069862960045,-0.11225997740070157,0.9041112889073037,-0.5246784646079056,-0.6058200676153008,-0.41846359122498233,0.04559200144168877,-0.028780720267482907,-0.035074209680235224,0.004483363876682633,0.010468123656073854,-0.00649917302190672,-0.007443032179518673,-0.0034559564356082973,0.922320060305656,-0.7518944140202624,-0.533939174174531,-0.24504456300918975,-1.5707925955178912,0.8868498806133606,-0.5294659360128755,0.8432898476370763,0.8252664628411893,0,zero,0,0.24504456300918953,0.2702552902276798,2.2551923703842256,1.3306769015152524,1.3601327220585135,-0.42556661077047697,0.2809503117905607,2.2547484706403793,1.375617382959142,1.3122755579958783,-0.6987385815575694,0.5466094608959303,-0.12393610536901535,0.11039270995303478,-0.09466727485033986,0.5339407958515905,-2.2579294129187337,4.098966102496853,0.6510680336369963,1.0,-1.4751414060592651,-3.7312770055919486e-06,-1.2706594976208407e-07,0.0,0.0,0.0,1,0.06484533185639513,-2.1647182104736733,5.984230927791411,9.0,0.06484533185639513,-3.474824321251383,6.956976071033077,4.622528873628926,-0.002543742679977773,0.0014146426031921575,0.0012785866256307483,-0.0331496867583467,0.024706991030666512,-0.03985533117451663,0.0,0.0,0.0,0.0,0.0,0.12159259676803888,-14.431454736491155,19.94743642597137,30.0,38.80955926752005,1.3101061107777099,-0.9727451432416663,4.377471126371074,0.12159259676803888,-14.431454736491155,19.94743642597137,58.91428512268623,63.8519763363384,4.139999999999956
0.0,0.0,0.0,0.0,0.0,0.0,0.0,0.0,0.0,0.0,0.0,0.0,0,0.0,-1.5707963267948966,nan,-0.17766781830405778,-0.21560028278890725,-0.11467651229351106,0.024404030099965945,-1.570792690884741,-0.20874029907350472,-0.25300275608696826,0.880971320084654,-0.11197479379132594,0.37211877019201856,-0.22917605019640297,-0.23282636178257876,-0.17816453744975147,0.04870054776740058,-0.031072480769446936,-0.03740247329806101,0.0027017185021851187,0.009415931022926123,-0.005850268058974102,-0.0065026882006066974,-0.003485565496779597,-4.949611247158808,4.0786918330784685,-0.5282596355069038,-0.21083271454159513,-1.5707928526616266,0.8815607713958192,0.9101327540009803,-0.8758729389525519,0.7988426067439319,0,zero,0,0.21083271454159513,0.2352367446415613,2.2606280340313223,1.3294444402596186,1.3612305033508694,-0.42650801318167975,0.20168128625907059,2.2600378753740853,1.3439044710102341,1.3819117734655635,-0.6266034542017259,0.5405032200486376,-0.12255160004446747,0.10915949954783306,-0.09360973519552752,0.5282956699116403,-3.5447662882300017,8.344847773470798,11.213687873705602,1.0,-1.5107251405715942,-3.4741332699539385e-06,1.6177688566543225e-07,0.0,0.0,0.0,0,-0.04623429076414146,1.6438184598972156,-8.949212798864268,2.0992993843724337,-0.04623429076414146,-1.7390460430572179,2.2836377217828354,4.8965881167330725,0.004372601471271431,-0.0014693016616970447,0.001237648103923189,-0.0577840295526167,0.058101801519396826,0.1862589434797801,0.0,0.0,0.0,0.0,0.0,-0.08669471360236539,10.958789732648105,-29.83070932954756,6.997664614574779,32.541375470926056,3.3828645029544333,-11.232850520647103,-2.797288732360639,-0.08669471360236539,10.958789732648105,-29.83070932954756,6.997664614574779,32.541375470926056,4.149999999999956
0.0,0.0,0.0,0.0,0.0,0.0,0.0,0.0,0.0,0.0,0.0,0.0,0,0.0,-1.5707963267948966,nan,-0.18142253035731584,-0.2177965307552452,-0.11466640212424448,0.023606483920376453,-1.5707926596800077,-0.20997963285602514,-0.25173672373437106,0.875597313336917,-0.11169280838826748,0.4288173153515851,0.25153782707376393,0.34622803189351403,0.02718752337918795,0.04445545031026832,-0.028557102498709297,-0.03394019297912587,0.002973593735976998,0.003686914728540957,-0.002219331900911496,-0.0020233574816709912,-0.002138674970745865,-8.682845589127563,7.232600734415255,-0.5319502451591305,-0.11350983607084442,-1.5707932418106512,0.87626572049059,0.9694868943499187,-0.8745415354490786,-0.7402257150237062,0,zero,0,0.1135098360708442,0.13711631999122087,2.2660020381902743,1.3282259594367551,1.3623158319535489,-0.42743873678812544,0.11831960884277584,2.2653334523942346,1.3103703688772985,1.4687164417395056,-0.4760100344101824,0.5342780029224368,-0.12114011850071002,0.10790226081017758,-0.09253159004281987,0.5319988329802414,-2.9957043736922837,8.349114086554966,16.65395237113814,1.0,-1.2884198427200317,-3.0849842453939402e-06,5.821306432451934e-07,0.0,0.0,0.0,1,-0.12276322423014327,3.7460267236416476,-9.0,-9.0,-0.12276322423014327,0.477949928846921,-2.777758296604541,2.5607549177511078,0.004657759872916583,-0.0014670681946117594,-0.0011468328616176878,-0.054781259569071344,0.06375860896839874,0.3160771166697266,0.0,0.0,0.0,0.0,0.0,-0.23019543264605902,24.97351149094432,-30.0,-30.0,49.23138497062153,3.2680767947947267,-6.22224170339546,-11.560754917751108,-0.23019543264605902,24.97351149094432,-67.3432215235842,-48.948164978850954,86.91813163026967,4.159999999999956
0.0,0.0,0.0,0.0,0.0,0.0,0.0,0.0,0.0,0.0,0.0,0.0,0,0.0,-1.5707963267948966,nan,-0.1887705630078606,-0.2241635187122543,-0.11491583860505097,0.02281826327008396,-1.5707926289726144,-0.2111968197942558,-0.2504793374709329,0.8702861425187224,-0.11141408458890231,0.9797821425356368,0.6130845712314092,0.7624374220447289,0.05281602801716634,0.03475228901207185,-0.022426256786395204,-0.026315818758678583,0.0035017540161486616,0.004671005666984298,0.0026030687470161677,0.003727414072199054,-0.00107177953594924,-8.390888729401064,7.065951929152282,-0.5386894489624589,0.0016012958727540383,-1.570793546397352,0.8709054967857031,0.9696047277105317,-0.87454151753353,-0.8251911464125246,0,zero,0,-0.0016012958727538162,0.021216967397330144,2.2713132063978705,1.3270217257933596,1.3633884702691974,-0.42835857783818854,0.20783561601374098,2.270694141330799,1.2905510590336202,1.5340089043896552,-0.31542577494682095,0.5279364804245991,-0.11970226632888008,0.10662153315387794,-0.09143330196656076,0.5387285857693631,-1.2096239351744593,4.979583751413333,14.739674233789554,1.0,-0.9140135049819946,-2.7803975446438756e-06,9.17424737512107e-07,0.0,0.0,0.0,1,-0.15207682234138664,2.993651349796142,-9.0,-9.0,-0.15207682234138664,1.846274492863558,-5.917067734171193,-0.5947962175988029,0.004658325986292589,-0.0014670681645579193,-0.0012784699377696549,-0.02995594173318025,0.0447750040591429,0.30646121486756306,0.0,0.0,0.0,0.0,0.0,-0.2851618645066316,19.957675665307615,-30.0,-30.0,46.88699324173582,1.1473768569325842,-3.0829322658288074,-8.405203782401196,-0.2851618645066316,19.957675665307615,-73.13258640589558,-82.09421825836918,111.74178270064927,4.1699999999999555
0.0,0.0,0.0,0.0,0.0,0.0,0.0,0.0,0.0,0.0,0.0,0.0,0,0.0,-1.5707963267948966,nan,-0.19697263993337624,-0.23134941918150687,-0.1157044812929375,0.022039538726643437,-1.5707925987652538,-0.21239183796942832,-0.2492311345933709,0.86503895705717,-0.11113868436008903,1.1016585629136082,0.7007058750343131,0.8434103346814548,0.10640429166998144,0.024048989911800794,-0.015419198036052073,-0.017881715411864035,0.004565796932848476,0.01031522962093181,0.0063954324973344474,0.008093353989302499,-5.148633686793101e-06,-4.809252289939497,4.094589253291689,-0.5417974749864092,0.08614941036488477,-1.5707936476161894,0.8654909718549582,0.7684378871338507,-0.8745415175069587,-0.8252661107026857,0,zero,0,-0.08614941036488499,-0.06410987163824133,2.276560389229718,1.3258319999454526,1.3644481861611932,-0.42926733726309546,0.2914347455423829,2.2761089371994894,1.2907903029467214,1.5539773319879016,-0.21067001464896706,0.5214813894107236,-0.11823866407298249,0.10531786931160343,-0.09031534496268291,0.54181582693722,0.8249329772312994,-0.13058708198392144,7.010558062780196,1.0,-0.6292903423309326,-2.6791787073321416e-06,1.0488509358808074e-06,0.0,0.0,0.0,1,-0.12793446564947036,0.6507032443465263,-9.0,-9.0,-0.12793446564947036,1.7590418373313543,-7.5459330857338625,-3.203083520995265,0.0036918489320279606,-0.0014670681645133452,-0.0012785860800620123,0.011909076616068298,0.011959363851496974,0.17782415106001323,0.0,0.0,0.0,0.0,0.0,-0.2398921163500288,4.338021628976842,-30.0,-30.0,42.64828226178585,-1.1083385929848282,-1.4540669142661375,-5.796916479004735,-0.2398921163500288,4.338021628976842,-50.43391637649978,-78.70536925732469,93.57879594696952,4.179999999999955
0.0,0.0,0.0,0.0,0.0,0.0,0.0,0.0,0.0,0.0,0.0,0.0,0,0.0,-1.5707963267948966,nan,-0.20358884240960687,-0.2365152694921751,-0.11829886001296547,0.02127047675693783,-1.570792569060346,-0.2135646774929503,-0.24799264516229494,0.8598568786810582,-0.11086666820174126,0.8880427206017948,0.5443362952708641,0.6404339741744203,0.28663948783757276,0.016925865206894226,-0.009975835083343432,-0.011477375670119833,0.007432191811224204,0.012600902809478808,0.007878586123993229,0.009648053228161185,0.0019041274136256765,0.7331675824665369,-0.6310614695602235,-0.5381929327185704,0.10708395953901895,-1.570793503821292,0.8600795024341912,-0.6687230161091964,0.2000111785428399,-0.8252664591013424,0,zero,0,-0.10708395953901917,-0.0858134827820809,2.2817424649597173,1.324657036228852,1.3654947530868349,-0.4301648207911395,0.27379171193140034,2.281520444063546,1.308907649729026,1.5205407412648437,-0.2050547352688946,0.5149155326847418,-0.11674994722989061,0.10399183533488363,-0.08917820444870848,0.53818339088955,2.3681351299889415,-5.3931086077122465,-3.9923298091133925,1.0,-0.4277955889701843,-2.822973604654777e-06,9.347609459808837e-07,0.0,0.0,0.0,1,-0.039661926713122866,-2.072241170683181,-3.1421823205373163,-9.0,-0.039661926713122866,0.473959877874977,-6.610522105829151,-5.012117634682255,-0.0032127832244888,0.0003355244167520729,-0.0012785866198365976,0.03762683622069048,-0.03508858124704722,-0.03970862955904117,0.0,0.0,0.0,0.0,0.0,-0.07437076075965285,-13.814941137887875,-10.473941068457721,-30.0,34.64912078478887,-2.546201048558158,3.468339785291835,-3.987882365317745,-0.07437076075965285,-13.814941137887875,-10.473941068457721,-44.17478310425197,47.454957943997734,4.189999999999955
0.0,0.0,0.0,0.0,0.0,0.0,0.0,0.0,0.0,0.0,0.0,0.0,0,0.0,-1.5707963267948966,nan,-0.2062986879132496,-0.23709662382306948,-0.12165380535039172,0.020511239619311672,-1.5707925398600413,-0.2147153402233513,-0.24676439151685645,0.8547410007613867,-0.1105980951104723,0.4340002045100341,0.15591827732417407,0.18096079763328665,0.36235184286952105,0.016927329889832893,-0.008416652310101691,-0.009667767693786966,0.011055710239919414,0.010541316809784474,0.006280729774323425,0.007624945541128834,0.0036785865602145954,6.080135010361013,-5.290236123449237,-0.52645370228853,0.05290592760368007,-1.5707931549288503,0.854751668297285,-0.966787988782014,0.8744601508259404,-0.25230767945916216,0,zero,0,-0.05290592760368007,-0.032394687984368176,2.286858340219552,1.3234970825496413,1.3665279502305308,-0.43105083906189723,0.14741550982814336,2.2868480285646005,1.3366956386084803,1.4450174540760599,-0.30696809112486306,0.5082417789989082,-0.11523676624934444,0.1026440105941068,-0.0880223772637477,0.526413621190415,2.879114011687289,-8.502966684749891,-13.683299360082952,1.0,-0.321366548538208,-3.1718660462587422e-06,6.150688092176892e-07,0.0,0.0,0.0,1,0.08479711272141333,-4.5,9.0,3.1540521654531934,0.08479711272141333,-1.452590573694778,-1.5868788111191046,-4.356936509630484,-0.0046447933706067115,0.0014669316696014577,-0.0003909006836286449,0.049336948983211684,-0.06053578846043388,-0.23986773979154308,0.0,0.0,0.0,0.0,0.0,0.15900452413540844,-30.0,30.0,10.513507218177311,43.709942993160745,-3.0474094263052223,10.586878811119105,7.510988675083677,0.15900452413540844,-30.44652007031975,34.14640380082783,10.513507218177311,46.94173615650506,4.199999999999955
0.0,0.0,0.0,0.0,0.0,0.0,0.0,0.0,0.0,0.0,0.0,0.0,0,0.0,-1.5707963267948966,nan,-0.20417512170936564,-0.23222195342423202,-0.12231868997755302,0.019761985265712045,-1.5707925111662244,-0.21584383947614136,-0.24554688779843523,0.849692387651873,-0.11033302254330876,0.49815277020323545,-0.32520654566740304,-0.36571666804162406,0.0929957194324843,0.021386188866691348,-0.011668717766775721,-0.013324934374203207,0.011985667434244257,0.004521150682588954,0.002015542270998448,0.002640512508810186,0.0030669343878390876,8.43137151165828,-7.4129236868731105,-0.5094724655545882,-0.05076618723744164,-1.5707927331189164,0.8495846434651255,-0.9695013348917916,0.8745415176990148,0.8160269731897828,0,zero,0,0.05076618723744186,0.07052817250315346,2.2919069506581704,1.3223523802346426,1.3675475626369877,-0.4319252077404444,0.054243957735303716,2.29201454225035,1.3620335902727272,1.3618519842328194,-0.46846774913255473,0.5014630630538062,-0.11369978653395173,0.10127498777852086,-0.08684837166849964,0.5094157370046708,2.1523500343672115,-7.66598517780281,-16.740367465765257,1.0,-0.3915002942085266,-3.5936759799071183e-06,2.2195269178126864e-07,0.0,0.0,0.0,1,0.16749559357616092,-4.5,9.0,9.0,0.16749559357616092,-2.9317871106733686,3.254401023527832,-1.5726669085985878,-0.004657829250416031,0.0014670681648355245,0.001264271869818097,0.041774896561379185,-0.060195293498199604,-0.32750755423580524,0.0,0.0,0.0,0.0,0.0,0.314073867572025,-30.0,30.0,30.0,51.96247340527866,-1.5682128893266314,5.745598976472168,10.572666908598588,0.314073867572025,-40.39574979799115,63.60189025022214,62.862408809400975,98.12643949954442,4.209999999999955
0.0,0.0,0.0,0.0,0.0,0.0,0.0,0.0,0.0,0.0,0.0,0.0,0,0.0,-1.5707963267948966,nan,-0.19892390782067262,-0.22398865005609064,-0.11897522418395348,0.01902286724381952,-1.5707924829805175,-0.21695019972743299,-0.24434063948363433,0.8447120740294695,-0.11007150638147936,0.9964771206648321,-0.635757413998464,-0.7027055053340475,-0.30819496317701367,0.028608160798497314,-0.01802629190676036,-0.020351989427543682,0.00890371780247412,0.004107485345062453,-0.0028895737051362336,-0.002919195062494006,-9.992477104849018e-06,7.086853504097057,-6.293712063155736,-0.4917363773863295,-0.15609854026110015,-1.5707923859904116,0.8446015344824244,-0.9695878992874226,0.8745415175048401,0.8252550242915293,0,zero,0,0.15609854026109993,0.17512140750491945,2.296887261601266,1.3212231638818883,1.3685533813443989,-0.43278774763157146,0.19930128697708602,2.296997091280189,1.3738871106632111,1.308436356531017,-0.6153622337055179,0.4945823854983482,-0.1121396884391882,0.09988537289623355,-0.08565670734525237,0.49168971553714014,0.42861592447592317,-3.426432514225654,-12.475915006119752,1.0,-0.6816962361335754,-3.940804484958704e-06,-9.699010572461475e-08,0.0,0.0,0.0,1,0.14798032087944296,-4.5,9.0,9.0,0.14798032087944296,-3.7448272812994077,6.171195922603899,1.4544299942094678,-0.004658245136562346,0.001467068164509791,0.0012785689038678143,0.018075806577462904,-0.035615568741172055,-0.27131127340456646,0.0,0.0,0.0,0.0,0.0,0.2774804441767166,-30.0,30.0,30.0,51.96226511033657,-0.7551727187005923,2.828804077396101,7.545570005790532,0.2774804441767166,-36.781590257215505,61.115226700351435,84.50942985916407,110.58877450719359,4.2199999999999545
0.0,0.0,0.0,0.0,0.0,0.0,0.0,0.0,0.0,0.0,0.0,0.0,0,0.0,-1.5707963267948966,nan,-0.19312429265091594,-0.21536225380258567,-0.11397929464198814,0.01829403459918688,-1.5707924553042834,-0.21803445631218538,-0.24314614292682038,0.8398010642348712,-0.1098136008942728,1.1183456325200947,-0.688387175450908,-0.743189969669103,-0.4738024054758788,0.037547486638905024,-0.02491016366126944,-0.027783889124234712,0.004165693747715332,0.009986968928830442,-0.006504118776854612,-0.006888537932932818,-0.003159751963135334,3.013275802138006,-2.702098614256619,-0.4756194923166611,-0.22063501345050085,-1.570792260023858,0.8397899689886494,-0.8061873576960144,0.8745415175041598,0.8252663613052952,0,zero,0,0.22063501345050085,0.2389290480496875,2.301798268710765,1.3201096612110905,1.3695452035176332,-0.4336382847939998,0.2643678138988493,2.301808354993891,1.3647571643306424,1.3101224393387356,-0.6873425939541956,0.4876028129297739,-0.11055716727339703,0.098475785274212,-0.08444791539788263,0.4756063000940862,-1.8360816381994574,2.7036905784479712,-3.1797589530295194,1.0,-1.0824249982833862,-4.066771038591099e-06,-1.9528042560779113e-07,0.0,0.0,0.0,1,0.06174171234013682,-2.8544325076914983,8.985509590360563,9.0,0.06174171234013682,-3.627645657236427,7.645100772299412,3.8130839890145594,-0.0038732108155490282,0.0014670681645086497,0.0012785864683210282,-0.026219763807809673,0.014921257378798427,-0.10940037459616332,0.0,0.0,0.0,0.0,0.0,0.11577294644690947,-19.029550051276654,29.95169863453521,30.0,46.467638519976354,0.7732131495449286,1.3404088180611504,5.18691601098544,0.11577294644690947,-19.029550051276654,29.95169863453521,69.13143967233046,77.70712567578508,4.229999999999954
0.0,0.0,0.0,0.0,0.0,0.0,0.0,0.0,0.0,0.0,0.0,0.0,0,0.0,-1.5707963267948966,nan,-0.18927755326216364,-0.2090941881205251,-0.11060800625881032,0.017575631777372314,-1.570792428138633,-0.21909665511793588,-0.24196388491242876,0.8349603316130311,-0.10955935870296984,0.7725224319866076,-0.49089381945028043,-0.5085807667668946,-0.31170461918748615,0.04439251585991688,-0.029819101855772245,-0.03286969679190366,0.0010486475558404706,0.011774470687908559,-0.007595261922238337,-0.007968793234995632,-0.004177139055729664,-2.5929337872745584,2.347125403661689,-0.46590039963513546,-0.2168845612664676,-1.570792446708647,0.835106903955352,0.7751486573159899,-0.8745943622287117,0.825266462608666,0,zero,0,0.21688456126646738,0.23446019304383992,2.306638998644309,1.3190120929141143,1.3705228325814236,-0.43447665065459795,0.21877398794228559,2.306491574240863,1.3352486620045863,1.3705758641206007,-0.6526472423438602,0.4805274778936454,-0.10895293329778778,0.09704685755828175,-0.08322253835185499,0.4659272239862617,-3.504687609473547,7.880386448003233,7.873167525542996,1.0,-1.3030344247817993,-3.88008624963021e-06,1.8570013970986565e-08,0.0,0.0,0.0,0,-0.03689045098320646,0.9849285677190994,-5.5230646222129405,7.6446920642922525,-0.03689045098320646,-2.1308851814383107,4.143792112590364,5.201922945791571,0.0037240898589068045,-0.0014671568130307617,0.0012785866252704996,-0.055601434521210705,0.05319422188042176,0.11663834873155936,0.0,0.0,0.0,0.0,0.0,-0.06917391896344732,6.566190451460663,-18.41021540737647,25.482306880974175,32.115473488617035,3.11581374915741,-9.666856734803304,2.4427691185006815,-0.06917391896344732,6.566190451460663,-18.41021540737647,25.482306880974175,32.115473488617035,4.239999999999954
0.0,0.0,0.0,0.0,0.0,0.0,0.0,0.0,0.0,0.0,0.0,0.0,0,0.0,-1.5707963267948966,nan,-0.19019805677269766,-0.2081569926445149,-0.10995858504879161,0.016867798526075006,-1.5707924014844237,-0.22013685227489174,-0.24079434221721002,0.8301908178536821,-0.1093088307448486,0.047689372576814604,-0.011969364642183677,0.023234721920853407,-0.03988932518974586,0.04429390752584369,-0.029938795502194082,-0.032637349572695123,0.000649754303943012,0.007882973144909397,-0.0051342167492427725,-0.005148518401741714,-0.0030452983830956,-7.208771568764005,6.586697178764238,-0.46663547143643785,-0.14091899743998204,-1.57079284331494,0.8304560311840627,0.9693338990781498,-0.8745415121408984,-0.5382804770635579,0,zero,0,0.14091899743998226,0.15778679596605727,2.3114085097147314,1.3179306725054487,1.371486078353555,-0.4353026821225959,0.1262698079358103,2.3111429510183963,1.2991468600551845,1.4609055376096352,-0.5224538299687874,0.47335957888386476,-0.10732771172644039,0.09559923571313039,-0.08198113015422487,0.4666849694373623,-3.426177891387971,9.208021759481937,15.546623542437159,1.0,-1.2843327522277832,-3.483479956489788e-06,4.4183051617352476e-07,0.0,0.0,0.0,1,-0.11178325654582374,3.7992437207943834,-9.0,-9.0,-0.11178325654582374,0.16588286765320429,-1.1403724021869694,3.4319603998034376,0.0046570248292128,-0.001467068155511627,-0.00083395878761651,-0.060183939002740036,0.06798463665635189,0.2860093832612396,0.0,0.0,0.0,0.0,0.0,-0.20960670644257218,25.328291471962558,-30.0,-30.0,49.412207842395354,3.633360853141179,-7.859627597813031,-12.431960399803437,-0.20960670644257218,25.328291471962558,-62.38976221590105,-31.446016804774466,74.31622088146645,4.249999999999954
0.0,0.0,0.0,0.0,0.0,0.0,0.0,0.0,0.0,0.0,0.0,0.0,0,0.0,-1.5707963267948966,nan,-0.19537095050389947,-0.2118090143496248,-0.1103132504879821,0.016170669797271442,-1.5707923753422712,-0.2211551138432595,-0.23963798118257582,0.8254934323318366,-0.10906206623725836,0.6383042453345326,0.4154632162834043,0.4808382739744099,0.06014299467807238,0.037958397438900726,-0.02578416333936004,-0.027828966832951024,0.0012511842507237358,0.0017667156946969407,-0.0006519025995781851,-0.000226356483495109,-0.0016263671445683556,-7.971416886636213,7.352646278379601,-0.4735638297803684,-0.03239156888280825,-1.5707932217922465,0.8257522807084705,0.9696066585783191,-0.874541517504134,-0.8250190742642585,0,zero,0,0.03239156888280803,0.048562238680079695,2.316105892549553,1.3168656061726767,1.3724347571780537,-0.43611622170380326,0.18929577827035807,2.315847227621129,1.2736185359938297,1.5402985049383724,-0.3600617815162549,0.4661023803426519,-0.10568224272630014,0.09413357902230295,-0.08072425617363475,0.47360895648705464,-1.8296401524639883,6.680190068599346,15.695126593391503,1.0,-1.0318777561187744,-3.105002650105604e-06,8.464499750004961e-07,0.0,0.0,0.0,1,-0.15782386840432847,3.741085685660448,-9.0,-9.0,-0.15782386840432847,1.902334005342341,-4.954071595614339,0.20861016202186178,0.004658335262868221,-0.0014670681645086066,-0.0012782033461203842,-0.03924946692185684,0.05536492000239612,0.3178482927930908,0.0,0.0,0.0,0.0,0.0,-0.2959382493987033,24.94057123773632,-30.0,-30.0,49.21503503109652,1.838751680318107,-4.045928404385661,-9.208610162021861,-0.2959382493987033,24.94057123773632,-78.72914541029279,-75.05557492138709,111.59631417267792,4.259999999999954
0.0,0.0,0.0,0.0,0.0,0.0,0.0,0.0,0.0,0.0,0.0,0.0,1,0.0,-1.5707963267948966,nan,-0.20201958399745665,-0.21693207644485693,-0.11125814975275122,0.015484375649349014,-1.5707923497125482,-0.22215151549868953,-0.2384952572971749,0.8208690514483103,-0.10881911264177019,0.8521666100279766,0.5652231838127159,0.6265785980633043,0.11878528602572991,0.029600917831527594,-0.02013193150123288,-0.02156318085231798,0.002439037110981035,0.005226112882180312,0.003327663250916813,0.004019172865497321,-0.0002918263576834868,-5.2115153863478065,4.853193277190067,-0.4782340131011953,0.05690106608621326,-1.5707934296148185,0.8209833039364861,0.9581602986819852,-0.8745415175040654,-0.825265872197964,0,zero,0,-0.05690106608621326,-0.04141669043686402,2.3207302707504547,1.3158170926269472,1.373368692058377,-0.4369171176148238,0.2913253164023737,2.320616545722895,1.2679926252308498,1.5797507256870242,-0.23694286037868667,0.45875921266055186,-0.10401728141717935,0.09265056008820348,-0.0794524932003154,0.4782593352535444,0.28739743315581034,1.9318953923719948,9.34062300352876,1.0,-10.805852890014648,-2.8971800780652757e-06,1.0799022702734362e-06,0.0,0.0,0.0,1,-0.17114352590199983,1.6131538795842892,-9.0,-9.0,-0.17114352590199983,2.2158014131662,-7.058904281981539,-2.607603477617793,0.004603342878621649,-0.0014670681645084914,-0.0012785857105462727,-0.007280850519485026,0.025548938122799777,0.21804249852654708,0.0,0.0,0.0,0.0,0.0,-0.3209141682017623,10.754359197228595,-30.0,-30.0,43.769386877661056,-0.6026475335819106,-1.9410957180184614,-6.392396522382207,-0.3209141682017623,10.754359197228595,-63.844323168978065,-82.04226860772059,104.51215559375211,4.269999999999953
0.0,0.0,0.0,0.0,0.0,0.0,0.0,0.0,0.0,0.0,0.0,0.0,0,0.0,-1.5707963267948966,nan,-0.2075927884179013,-0.2207887651521505,-0.11402031858272316,0.014809041149242308,-1.57079232459539,-0.22312614221671667,-0.23736661478979781,0.8163185179702366,-0.10858001562839634,0.7416740582464468,0.45985777024175056,0.49853312146706796,0.3001265843345785,0.02336037403558582,-0.015533353798815375,-0.0165778496376473,0.00544030295432682,0.008184361485968149,0.005274824812531019,0.0059923968784504865,0.0018031017112860618,-0.23289590534063986,0.21899205966618318,-0.4768148130805518,0.0890776131923352,-1.5707934006038868,0.8161980804631254,-0.32030688948298514,-0.8745415175040635,-0.8252664584648765,0,zero,0,-0.0890776131923352,-0.0742685720430929,2.325280801552763,1.3147853229534487,1.3742877127905981,-0.4377052238972709,0.30377740966212696,2.3254018658263123,1.2823154132022208,1.5659358364943299,-0.20425843851340741,0.45133347217644854,-0.10233359787176041,0.09115086483209778,-0.07816642944608825,0.47681255417306545,2.1284685780016894,-3.6300100503924053,-1.1818596139071542,1.0,-0.6242168545722961,-2.926191009500201e-06,1.07600849652556e-06,0.0,0.0,0.0,1,-0.12494456082416171,-1.1643345579679796,-8.444413742355897,-9.0,-0.12494456082416171,1.1603344148928092,-7.915855466394496,-4.633213299998849,-0.0015388682256019192,-0.0014670681645084882,-0.0012785866188505198,0.03274080423368465,-0.022269359447521838,0.02990619053964582,0.0,0.0,0.0,0.0,0.0,-0.23428569440120328,-7.762230386453197,-28.148045807852988,-30.0,41.86429974524796,-2.3246689728607888,-0.5285582759614007,-4.366786700001151,-0.23428569440120328,-7.762230386453197,-28.148045807852988,-55.04389220091365,62.30930638183811,4.279999999999953
0.0,0.0,0.0,0.0,0.0,0.0,0.0,0.0,0.0,0.0,0.0,0.0,0,0.0,-1.5707963267948966,nan,-0.21017416919806473,-0.22142788311043804,-0.11821487705241077,0.014144786274565613,-1.5707922999907016,-0.22407908795707732,-0.23625248623268524,0.8118426403715745,-0.10834481903987989,0.5034719843080102,0.16284350398027836,0.17532465154000976,0.442975505820406,0.022594992113245067,-0.013904918759012591,-0.014824603122247204,0.00987005801253088,0.008054847946971191,0.004594042317262834,0.005154639154101522,0.004147896554523494,5.110426745460902,-4.850594761051955,-0.46683319826371505,0.04716267610933733,-1.5707931278069764,0.8114721068890857,-0.9621092055759273,0.8745197964427381,-0.740983094801893,0,zero,0,-0.047162676109337553,-0.03301788983477172,2.3297566764849384,1.3137704804618764,1.375191656096599,-0.4384804005319846,0.2003085722733233,2.3301276475422883,1.31058583140259,1.5011086857616043,-0.2827301319692525,0.44382862117754673,-0.10063197711559178,0.08963519249410974,-0.07686666454436226,0.4667990660034505,3.1379214057031413,-8.01817089524229,-11.926153570848435,1.0,-0.44848883152008057,-3.1989879198945914e-06,8.278162750841034e-07,0.0,0.0,0.0,0,-0.023714854211987036,-3.9082271342216517,5.309252224135739,-1.1395314516037551,-0.023714854211987036,-0.7437345054690856,-4.232198152070877,-4.75024260202629,-0.004622314831909188,0.001467031726812928,-0.001148006271296277,0.05155740640265542,-0.05507179041663054,-0.19914903754827332,0.0,0.0,0.0,0.0,0.0,-0.044468130905657294,-26.05484756147768,17.697507413785797,-3.798438172012517,31.725178645267086,-3.164492628752566,9.541450376206615,3.610711150422535,-0.044468130905657294,-26.05484756147768,17.697507413785797,-3.798438172012517,31.725178645267086,4.289999999999953
0.0,0.0,0.0,0.0,0.0,0.0,0.0,0.0,0.0,0.0,0.0,0.0,0,0.0,-1.5707963267948966,nan,-0.2084560351776495,-0.21761583867031062,-0.12050183520620855,0.013491725815747202,-1.5707922758981596,-0.22501045534877565,-0.23515329215529523,0.8074421921736252,-0.10811356485605719,0.4552011445585377,-0.2649501412113564,-0.27128503627374123,0.2518212337620479,0.027112365153350727,-0.016554420171126155,-0.017537453484984616,0.01238827035015136,0.004898494143999973,0.0012940702504316455,0.001624983164084777,0.004436221002406308,8.198766736053292,-7.853515425982486,-0.4492682295630453,-0.053054665106753385,-1.5707927075523087,0.8068988300313558,-0.9694673948865096,0.8745415204166694,0.7589194856998346,0,zero,0,0.05305466510675316,0.06654639092250036,2.3341571220280555,1.312772740536906,1.3760803657572573,-0.43924251355324734,0.046625809424237434,2.3347004337993087,1.3418088789112796,1.4125423276631677,-0.4402908069571661,0.4362481878993755,-0.09891321912708874,0.08810425563322212,-0.07555380955013463,0.4492107882679429,2.950193764427294,-8.863397485506173,-17.266508630698446,1.0,-0.5574499368667603,-3.6192425878489587e-06,4.3165414886914277e-07,0.0,0.0,0.0,1,0.08238144305007274,-4.5,9.0,9.0,0.08238144305007274,-2.4515190343794964,1.088770432278026,-2.3399891784592053,-0.004657666190558688,0.0014670681693944672,0.0011757951498546516,0.05244704906455039,-0.06617992391725287,-0.32897365323295646,0.0,0.0,0.0,0.0,0.0,0.15447486039766123,-30.0,30.0,30.0,51.961753843403855,-2.0484809656205036,7.911229567721974,11.339989178459206,0.15447486039766123,-40.466209061408954,57.02860360155748,52.87611185064134,87.66802593573816,4.299999999999953
0.0,0.0,0.0,0.0,0.0,0.0,0.0,0.0,0.0,0.0,0.0,0.0,0,0.0,-1.5707963267948966,nan,-0.20361096410974625,-0.2107059995987494,-0.11862496481525586,0.01284996927816473,-1.5707922523172182,-0.2259203553767735,-0.23406944066855573,0.8031179112855527,-0.10788629315828735,0.835362193911745,-0.575497109590109,-0.5825987584821724,-0.16495986931828466,0.03404230289336789,-0.022309391267027245,-0.02336344106980634,0.010738671656968513,0.004479750221155466,-0.0029686796811323676,-0.0027957215137061828,0.001854466018177384,7.61047200544611,-7.354070932569725,-0.42923732630950145,-0.16582993250740752,-1.5707922918737607,0.8025268584955167,-0.9695930070477178,0.8745415175040153,0.8252006762525271,0,zero,0,0.16582993250740774,0.17867990178557225,2.338481400275281,1.311792270488666,1.3769536927456336,-0.43999143516299866,0.17619501970867793,2.3390717813204946,1.3642076661804325,1.339275234613519,-0.6039344024035146,0.4285957665257995,-0.09717813883753594,0.08655878012727873,-0.07422848693999258,0.42918204715034425,1.6291353094741101,-5.851835994998605,-14.805785765060431,1.0,-0.8617400527000427,-4.034921135875891e-06,3.9556542485996715e-08,0.0,0.0,0.0,1,0.11753663631922912,-4.5,9.0,9.0,0.11753663631922912,-3.4961487234127184,4.924600667301315,0.7809444051475116,-0.00465826967605956,0.0014670681645084075,0.001278484702365722,0.03545357594009518,-0.05060358090363867,-0.3101236489195348,0.0,0.0,0.0,0.0,0.0,0.2203949677840411,-30.0,30.0,30.0,51.96199162793729,-1.0038512765872816,4.075399332698685,8.219055594852488,0.2203949677840411,-43.6381477764436,68.535687632291,85.71075340125623,118.10084776640038,4.3099999999999525
0.0,0.0,0.0,0.0,0.0,0.0,0.0,0.0,0.0,0.0,0.0,0.0,0,0.0,-1.5707963267948966,nan,-0.19808111025303615,-0.20327897727476787,-0.11433188152146936,0.012219620784280405,-1.5707922292471133,-0.2268089070711692,-0.23300132709960084,0.7988704993448866,-0.10766304209394906,0.9909348351383935,-0.6418405551105816,-0.6358908755026621,-0.4069832229448206,0.04187096617518795,-0.02872779681813306,-0.02972234982483296,0.006668839427520307,0.008849562054146142,-0.006247000361441699,-0.006092304179920953,-0.0014743014663386404,4.119824181125392,-4.014416273621391,-0.41041939845512954,-0.2452943787656683,-1.5707920489963034,0.7983537036994229,-0.9696041139922863,0.8745415175040608,0.8252661017727613,0,zero,0,0.24529437876566806,0.2575139995499489,2.3427288095913665,1.3108292294032065,1.377811495360162,-0.44072704384505235,0.2787942653269326,2.343244491866684,1.3680348200814414,1.3130539565643873,-0.7057929941578811,0.4208750171890072,-0.09542756613108469,0.08499950517298213,-0.07289133061211144,0.41039306323480274,-0.5314155437787188,-0.2234112392149321,-6.507088382401797,1.0,-1.2913962602615356,-4.277798593133042e-06,-1.802508098336375e-07,0.0,0.0,0.0,1,0.0781129148011764,-4.5,9.0,9.0,0.0781129148011764,-4.007358264042282,7.037240782560501,3.3313985222120372,-0.004658323037771847,0.0014670681645084838,0.0012785860662268662,-0.00607431552722053,-0.0154374789437672,-0.17009150844625617,0.0,0.0,0.0,0.0,0.0,0.14647086968156084,-30.0,30.0,30.0,51.96173066513148,-0.49264173595771776,1.9627592174394994,5.668601477787963,0.14647086968156084,-31.58381720635657,48.08662333321369,79.99543817218378,98.53503151159114,4.319999999999952
0.0,0.0,0.0,0.0,0.0,0.0,0.0,0.0,0.0,0.0,0.0,0.0,0,0.0,-1.5707963267948966,nan,-0.19418185649452224,-0.197685676710646,-0.11102960312521762,0.011600778975771053,-1.570792206686865,-0.22767623719971933,-0.23194933363698358,0.794700621058048,-0.10744384784100838,0.7269745523560708,-0.4766583887064024,-0.45413071015046325,-0.3083084143311071,0.048049238971587006,-0.033494380705197085,-0.03426365692633759,0.0035857552842092355,0.010629973090492701,-0.00732941728758324,-0.007076549522567567,-0.0030328892138888983,-1.1683614589742628,1.1476122380741718,-0.3962919016937892,-0.2599859697354592,-1.5707921185221136,0.7943448990609944,-0.0750756560809186,-0.40509128698537333,0.8252664574203337,0,zero,0,0.2599859697354594,0.27158674871123,2.346898685272124,1.3098837679929722,1.3786536393578372,-0.4414492244793118,0.26803387540426143,2.347253304090459,1.3492455256651659,1.3475783968543031,-0.7047494598495501,0.41308966596951513,-0.09366234584475402,0.0834271832858944,-0.07154298588625532,0.39630823500472023,-2.689641946092143,5.749324807286962,4.6973872499261375,1.0,-1.5882952213287354,-4.2082727826908695e-06,-8.816475105533073e-08,0.0,0.0,0.0,1,0.009417255256421836,-1.1858995822129768,1.4537488112920747,9.0,0.009417255256421836,-3.25399802842197,5.876601820664617,5.092850295348999,-0.00036069015513723513,-0.0006795521069738711,0.0012785866172322082,-0.040703307181418874,0.036817003243065936,0.053086206164296226,0.0,0.0,0.0,0.0,0.0,0.017658457259369653,-7.905997214753178,4.845829370973583,30.0,31.40043257780676,2.0680984462089933,-4.422853009372543,3.907149704651001,0.017658457259369653,-7.905997214753178,4.845829370973583,42.6589944852807,43.65520560676123,4.329999999999952
0.0,0.0,0.0,0.0,0.0,0.0,0.0,0.0,0.0,0.0,0.0,0.0,0,0.0,-1.5707963267948966,nan,-0.1944064933103689,-0.1963670708466776,-0.11045087366241893,0.010993536915663293,-1.570792184635288,-0.22852247996455485,-0.23091382898631707,0.7906089035408518,-0.10722874457264744,0.07737985927052442,-0.0621605948988857,-0.028310121330188398,-0.036362619443774946,0.0486596461065891,-0.03411598665418594,-0.03454675813963948,0.003222129089771486,0.007556142755108224,-0.00529131714518952,-0.00489776535203559,-0.002260343062678233,-6.266965373866586,6.204265918504091,-0.39209861190347584,-0.198422977975649,-1.5707924754911422,0.7904209848940927,0.9602239503789732,-0.8745162954244552,0.1180732090985323,0,zero,0,0.19842297797564878,0.2094165148913123,2.3509904002039166,1.3089560284472728,1.3794799980874055,-0.44215786845598637,0.16196783318538405,2.3511776806581306,1.315817180398481,1.4275029582693808,-0.5966902721843395,0.4052435048961659,-0.0918833377684302,0.08184258030043685,-0.07018410950377682,0.3921472608998025,-3.5258936714227462,8.913032357104324,14.20574032287591,1.0,-1.5296459197998047,-3.851303754132118e-06,2.908558540681838e-07,0.0,0.0,0.0,1,-0.04984104357357681,2.3784210691238594,-9.0,-4.078119712847588,-0.04984104357357681,-1.2410104480258002,0.9370353759327111,4.267805276118874,0.004613257395385028,-0.0014670258537556019,0.0001829310081000318,-0.05897976538590373,0.06352896328648074,0.2508260291746861,0.0,0.0,0.0,0.0,0.0,-0.09345779781281982,15.85614046082573,-30.0,-13.593732376158627,36.55428134416036,3.6194315171496596,-9.93703537593271,-8.345924988966463,-0.09345779781281982,15.85614046082573,-44.01662822833643,-13.593732376158627,48.72041712854697,4.339999999999952
0.0,0.0,0.0,0.0,0.0,0.0,0.0,0.0,0.0,0.0,0.0,0.0,0,0.0,-1.5707963267948966,nan,-0.19940247970485342,-0.19983037839856552,-0.1110300676217911,0.010397981990468042,-1.570792163090989,-0.22934777670392498,-0.22989516803629698,0.7865959356590366,-0.10701776442196131,0.6173092334930701,0.41706896551143846,0.4481968501908018,0.07901741100583004,0.042622892502633056,-0.029945296999071558,-0.03006478963773146,0.0040123031998297864,0.001260937098026537,-0.0007457650764157095,-0.0002767081590047439,-0.0009783810151052915,-8.374713072222173,8.356632219989764,-0.39759929428441315,-0.08789096323472312,-1.570792894354797,0.7864756049809468,0.9695790484860775,-0.87454151758213,-0.8197371066481013,0,zero,0,0.0878909632347229,0.09828894522519116,2.3550033655231313,1.3080461442827556,1.3802904526225492,-0.4428528737898061,0.13568925864440537,2.3551236650868077,1.2849267538658042,1.5134758671881858,-0.4310757954929019,0.3973403919461335,-0.09009141664486786,0.08024647536989102,-0.06881536962761789,0.39765280867671443,-2.599237763085924,7.8819077245261715,17.11352252054787,1.0,-1.208293080329895,-3.4324400992602477e-06,7.312638081735656e-07,0.0,0.0,0.0,1,-0.0984119073564651,3.698373112464197,-9.0,-9.0,-0.0984119073564651,0.8688410025897662,-3.6393953458105215,1.3981335160248207,0.004658202614164582,-0.001467068164639447,-0.0012700199854058548,-0.04955866071809677,0.06177746400654014,0.3347650899889714,0.0,0.0,0.0,0.0,0.0,-0.18453385965960079,24.655820749761315,-30.0,-30.0,49.07080139542986,2.829532109874431,-5.360604654189478,-10.39813351602482,-0.18453385965960079,24.655820749761315,-73.92846747790205,-65.63492645115562,101.88869134241321,4.349999999999952
0.0,0.0,0.0,0.0,0.0,0.0,0.0,0.0,0.0,0.0,0.0,0.0,0,0.0,-1.5707963267948966,nan,-0.20697920876452502,-0.20576417727142224,-0.11141566085211868,0.0098141958123108,-1.5707921420523765,-0.23015227559979437,-0.22889369153501768,0.7826622673687661,-0.10681093744671524,0.9711442097164661,0.6772230163802212,0.6935275374136018,0.05924202055736516,0.03306310533301425,-0.023173066835269346,-0.02312951426359544,0.004604723405403438,0.00598213992517892,0.00401054519562969,0.004431202100600409,-0.00025685260727856436,-6.8493727755300515,6.889714156489819,-0.40419212765030876,0.021408506677486505,-1.5707931767037067,0.7824598838104906,0.9696070600453577,-0.8745415175046537,-0.8252592643904134,0,zero,0,-0.021408506677486727,-0.011594310865175927,2.358937031275673,1.3071542401938758,1.38108489189508,-0.44353414523423895,0.25274487247437777,2.3591398520906854,1.269910551452119,1.5702103070489368,-0.28005810901609807,0.38938425104491364,-0.08828747216968788,0.0786396609663967,-0.06743744584230818,0.4042297405932309,-0.7101243768794379,3.9257891250073347,12.930706058154652,1.0,-0.8896599411964417,-3.1500911896742423e-06,1.0346513299452909e-06,0.0,0.0,0.0,1,-0.14030969071689783,2.4734389655336377,-9.0,-9.0,-0.14030969071689783,1.903705360870455,-6.370915334060237,-1.6172265419156107,0.00465833719165867,-0.0014670681645094783,-0.0012785754730596677,-0.022302488603370318,0.038235351582949224,0.2795364102628033,0.0,0.0,0.0,0.0,0.0,-0.2630971136637874,16.489593103557585,-30.0,-30.0,45.51896199181295,0.5697336046631827,-2.6290846659397626,-7.382773458084389,-0.2630971136637874,16.489593103557585,-71.39013269072123,-86.6214511609573,113.45396752710329,4.3599999999999515
0.0,0.0,0.0,0.0,0.0,0.0,0.0,0.0,0.0,0.0,0.0,0.0,1,0.0,-1.5707963267948966,nan,-0.2142888275078727,-0.21130916145874565,-0.11268246441124641,0.009242254121066829,-1.5707921215176617,-0.23093613139210262,-0.2279097257765003,0.7788084090571464,-0.10660829159416393,0.9347301806507444,0.6525762951039432,0.6528949945840801,0.14694494116790358,0.02428182525457237,-0.016647303884229914,-0.01660056431775464,0.006074172817082474,0.01014972166419845,0.007011795373334375,0.00729385875398611,0.0008069696277346623,-2.712576340650723,2.750802453297342,-0.40551511596911877,0.08572882424029982,-1.5707932340084225,0.7784026112367306,0.5151626403078403,-0.87454151750415,-0.8252663941829599,0,zero,0,-0.0857288242402996,-0.07648657011923277,2.362790887076444,1.3062804319033672,1.381863212828124,-0.44420159439570633,0.3124985513497949,2.3631973490887708,1.2746469240688751,1.5781243619452714,-0.20308738512206165,0.3813790720663403,-0.08647240899138116,0.07702294288095539,-0.06605102915396797,0.40552665625652984,1.225210269172936,-1.3991891620515735,3.689305739515134,1.0,-10.66152286529541,-3.092786474034881e-06,1.1124907608461854e-06,0.0,0.0,0.0,1,-0.14271805706425456,0.06593373409476766,-9.0,-9.0,-0.14271805706425456,1.5223101697627375,-7.750976945279656,-3.940399453378692,0.0024750245599354744,-0.0014670681645086335,-0.0012785865192584457,0.01844386163860467,-0.007339998478279309,0.11913309716194631,0.0,0.0,0.0,0.0,0.0,-0.2676130828131531,0.43955822729845107,-30.0,-30.0,42.429527786640264,-1.4563764356679698,-1.249023054720344,-5.059600546621308,-0.2676130828131531,0.43955822729845107,-43.2853224927942,-71.51783688256191,83.598355030845,4.369999999999951
0.0,0.0,0.0,0.0,0.0,0.0,0.0,0.0,0.0,0.0,0.0,0.0,0,0.0,-1.5707963267948966,nan,-0.21897611347654994,-0.21419805033697364,-0.11576433696118979,0.008682226686493433,-1.5707921014848645,-0.231699505100475,-0.2269435822973205,0.7750348308827489,-0.10640985266593256,0.6404592516083818,0.39239122603048626,0.3855032357407778,0.3280311478174758,0.020293832949894005,-0.012723391623925051,-0.012745531960346862,0.009354484295257232,0.010742922113845985,0.007277591270328381,0.007419462493358616,0.0027200399180611285,2.7957841608749066,-2.858076676634338,-0.3988378006308243,0.07817408467900466,-1.5707930433232946,0.7743738443614002,-0.8331273501688571,0.732738253798136,-0.8252664665368354,0,zero,0,-0.07817408467900488,-0.06949185799251101,2.366564462768822,1.3054248260127155,1.3826253204693122,-0.44485513984779823,0.25813811047980867,2.367226054375293,1.2956541038886649,1.5327037335693978,-0.23505559435456605,0.3733289108325609,-0.08464714671130291,0.07539714022342515,-0.06465682199030376,0.39881588660660705,2.5694081654853145,-6.467310453187786,-7.896030363455978,1.0,-0.4406595528125763,-3.2834716021667987e-06,9.418384303572225e-07,0.0,0.0,0.0,0,-0.08700252248826534,-2.585740287657863,-0.2472456953264144,-8.506800521138965,-0.08700252248826534,0.0804791893758933,-5.8701230559984205,-5.418680376647348,-0.0040026401215540585,0.0012291891734685899,-0.0012785866313564187,0.04143733708296278,-0.042895025158729824,-0.11347958189249002,0.0,0.0,0.0,0.0,0.0,-0.16313992591086696,-17.238268584385754,-0.8241523177547148,-28.356001737129887,33.1952794834118,-2.666219477033756,5.622877360672006,-3.088120144491617,-0.16313992591086696,-17.238268584385754,-0.8241523177547148,-28.356001737129887,33.1952794834118,4.379999999999951
0.0,0.0,0.0,0.0,0.0,0.0,0.0,0.0,0.0,0.0,0.0,0.0,0,0.0,-1.5707963267948966,nan,-0.2188028742965022,-0.21236148028145468,-0.11850322068126926,0.008134177210359805,-1.5707920819518169,-0.23244256375416583,-0.22599555758320805,0.7713419621161156,-0.10621564428295269,0.31987722377309513,-0.09162978337385885,-0.08885453414065048,0.2933092103059337,0.022867306927492653,-0.01363968945766364,-0.013634077301753367,0.012287576398316569,0.007138956303594871,0.004233369721746746,0.004346252409499315,0.00376209621043325,7.297735356733218,-7.518942833322723,-0.38318797296528273,-0.004176310522438609,-1.5707926592130137,0.7704654957079724,-0.9679027210972316,0.8745281564838744,0.5289680740705329,0,zero,0,0.004176310522438609,0.012310487732798414,2.370257329084152,1.3045875198526276,1.3833711281239682,-0.44549470724549,0.10164233803803238,2.371133998823055,1.3241697912177142,1.4501642510890218,-0.3714298052691431,0.365237889114065,-0.08281261988367923,0.07376308542252649,-0.06325553820061326,0.3831336264431018,2.877537191548899,-8.910370176126051,-16.510976188018216,1.0,-0.446455717086792,-3.66758188263816e-06,5.772611970655817e-07,0.0,0.0,0.0,1,0.0011725151834159513,-4.5,9.0,9.0,0.0011725151834159513,-1.7607267073501973,-0.7112468211947817,-3.6651419649941754,-0.004650148941143171,0.0014670457510187083,0.0008195310670492964,0.04983537752945716,-0.06435000621156704,-0.30153647554551305,0.0,0.0,0.0,0.0,0.0,0.00219860338161626,-30.0,30.0,30.0,51.96152427358013,-2.739273292649803,9.711246821194782,12.665141964994175,0.00219860338161626,-33.16871257042669,42.87757890846204,30.722139007158045,62.309711094178326,4.389999999999951
0.0,0.0,0.0,0.0,0.0,0.0,0.0,0.0,0.0,0.0,0.0,0.0,0,0.0,-1.5707963267948966,nan,-0.21429761975896156,-0.2064506001390044,-0.11751231193885964,0.0075981632285822,-1.5707920629161667,-0.2331654801309864,-0.22506593278549106,0.7677301904802799,-0.1060256878504561,0.7265548879607199,-0.5228170914361202,-0.49812553447332875,-0.08009523099130333,0.028887182235480664,-0.01886786037202484,-0.018615332646486654,0.011486624088403535,0.002121357869421163,-0.000662029081027464,-0.0004225873599506408,0.0019706081876514608,8.129201624113527,-8.438026554409007,-0.36216306619099936,-0.12076694041074099,-1.570792218047208,0.7667559516067353,-0.969512249773921,0.8745415175176114,0.8250627581202811,0,zero,0,0.12076694041074099,0.1283651036393234,2.3738690983012227,1.3037686013335048,1.384100557488297,-0.44612022943935764,0.11059153489507513,2.3748428990760306,1.3485600013331642,1.36787453664011,-0.5459199590782916,0.35711019462965815,-0.08096977801560114,0.07212162422583704,-0.06184790305578099,0.3620993250307845,1.9960620031687109,-7.2587980390248426,-16.979572471951272,1.0,-0.6361315250396729,-4.1087476887469165e-06,1.5513104134612377e-07,0.0,0.0,0.0,1,0.061176867850690035,-4.5,9.0,9.0,0.061176867850690035,-3.1039526837928157,3.805450803239156,-0.38837364275674413,-0.004657881689392047,0.0014670681645312154,0.0012782710255870551,0.03985782883505461,-0.05848390630116266,-0.34207963884494785,0.0,0.0,0.0,0.0,0.0,0.11471379683234584,-30.0,30.0,30.0,51.961650851904075,-1.3960473162071843,5.194549196760844,9.388373642756743,0.11471379683234584,-41.681342941786255,67.1355639423194,79.04962549744442,111.77376591054562,4.399999999999951
0.0,0.0,0.0,0.0,0.0,0.0,0.0,0.0,0.0,0.0,0.0,0.0,0,0.0,-1.5707963267948966,nan,-0.2080664659723165,-0.19905122621438642,-0.11303441297339806,0.007074236013353552,-1.5707920443753831,-0.23386843250595615,-0.22415497344722907,0.7641998614912798,-0.10584000252302359,1.0421345883304334,-0.69341061616148,-0.6488414586355989,-0.4292213638029063,0.03671102210320454,-0.025801966533639642,-0.025103747232842644,0.007194410450374472,0.007006717910919133,-0.0050551431495878645,-0.004599194594316895,-0.001545002493194142,5.667156795504649,-5.9237250874014045,-0.3412254685359978,-0.2199778134590098,-1.570791883367351,0.7632633966906284,-0.9695858978759521,0.8745415175041911,0.8252660804551892,0,zero,0,0.21997781345900957,0.22705204947236357,2.3773994249057537,1.3029681487959124,1.3848135387825737,-0.44673164658979414,0.2488619644476309,2.3783348655460825,1.3579609543330333,1.3223423196788833,-0.6812621145942678,0.3489500810464822,-0.0791195855670292,0.07047361569979568,-0.060434653248281615,0.34118240171587433,0.12807803719439326,-2.426589627915897,-10.496512246477236,1.0,-1.0312691926956177,-4.443427545464118e-06,-1.6100803179597278e-07,0.0,0.0,0.0,1,0.058903663313903905,-4.5,9.0,9.0,0.058903663313903905,-3.827558316482684,6.457860278271781,2.4826120720867015,-0.004658235521069768,0.0014670681645087022,0.0012785860331995184,0.013873781489455936,-0.02950802828335823,-0.24079077815095712,0.0,0.0,0.0,0.0,0.0,0.1104512719180647,-30.0,30.0,30.0,51.96164161651812,-0.6724416835173161,2.542139721728219,6.5173879279132985,0.1104512719180647,-35.43249934301453,58.02700161256645,88.32014833761572,111.45876245365112,4.40999999999995
0.0,0.0,0.0,0.0,0.0,0.0,0.0,0.0,0.0,0.0,0.0,0.0,0,0.0,-1.5707963267948966,nan,-0.20266812687587435,-0.19261001689620744,-0.1084035444184959,0.006562440475277542,-1.5707920263267592,-0.23455160441038891,-0.22326292923888022,0.760751277798669,-0.1056586051696847,0.9358194454244889,-0.6081511000874923,-0.554916510983014,-0.44494712015632765,0.04431356300571125,-0.031883477534514565,-0.030652912342672783,0.0027449392488111957,0.010791347894168881,-0.00741131893255478,-0.0067536200185039814,-0.003989255281202307,1.066825981244454,-1.1225335150219709,-0.32362434705957965,-0.2639590327331027,-1.5707918192554864,0.7599636221082473,-0.5846265482451826,0.8745415175041175,0.8252664642219942,0,zero,0,0.2639590327331027,0.2705214732083805,2.38084800624988,1.3021862308610512,1.3855100108843328,-0.4473289062812254,0.28556864703945495,2.3816344345074763,1.345664170237217,1.3348914155544427,-0.7249910396321232,0.3407618679800008,-0.07726302195079023,0.0688199322296996,-0.05901653689217756,0.3236228983914323,-2.125833311087122,3.7441116621079504,0.06966461474365371,1.0,-1.4165126085281372,-4.507539410170125e-06,-2.0707127301733408e-07,0.0,0.0,0.0,1,0.02049351717518309,-2.2778826671879933,6.585282668300308,9.0,0.02049351717518309,-3.49273281892235,7.085763395578724,4.553434002769611,-0.002808753880973358,0.0014670681645085788,0.0012785866277700314,-0.031044798027904753,0.022288636219205977,-0.05077454954965435,0.0,0.0,0.0,0.0,0.0,0.03842774643762065,-15.185884447919957,21.950942227667692,30.0,40.15540347001482,1.2148501517343568,-0.5004807272784157,4.446565997230389,0.03842774643762065,-15.185884447919957,21.950942227667692,61.4288709368641,66.9773290928922,4.41999999999995
0.0,0.0,0.0,0.0,0.0,0.0,0.0,0.0,0.0,0.0,0.0,0.0,0,0.0,-1.5707963267948966,nan,-0.20052154574620323,-0.18936304571116713,-0.10645178410727135,0.006062815065496441,-1.570792008767411,-0.23521518440210631,-0.22239003370333496,0.7573846985260437,-0.10548151033907135,0.4084443448716343,-0.2810161121388516,-0.23740756494950443,-0.17746654806111983,0.0479100399729162,-0.03469363865590308,-0.03302698799216783,0.0009702737681999973,0.009893566741780886,-0.0068022807944855684,-0.00607437950401183,-0.003835824879773143,-4.2191645678973515,4.46768228763354,-0.31510189754743667,-0.23300984328151353,-1.5707920843560583,0.7567916508069653,0.8948057988421898,-0.8752508212888253,0.8252664689707446,0,zero,0,0.23300984328151353,0.23907265834700997,2.384214583211628,1.301422906281231,1.386189921461555,-0.44791196363632546,0.21102780428803106,2.3848067159655564,1.3148551691298738,1.401811450221002,-0.657930833539513,0.3325499409940083,-0.07540108153257928,0.06716145951970608,-0.05759431352312049,0.3151414076710949,-3.4933644507879054,8.162740747335326,10.814416083747107,1.0,-1.476301670074463,-4.242438838453211e-06,7.55886473413625e-08,0.0,0.0,0.0,0,-0.017830451710248215,1.532115864198563,-8.174702836978424,3.0807041941807056,-0.017830451710248215,-1.8015359792353067,2.6779810034328544,5.001690231714059,0.004298965327112437,-0.001468258041696434,0.001278586635127278,-0.05665251197106176,0.05650971092288267,0.17725990600420624,0.0,0.0,0.0,0.0,0.0,-0.03343418659337749,10.214105761323754,-27.24900945659475,10.269013980602352,30.85920023020261,3.33365184343387,-10.852683840411279,-1.920986037533353,-0.03343418659337749,10.214105761323754,-27.24900945659475,10.269013980602352,30.85920023020261,4.42999999999995
0.0,0.0,0.0,0.0,0.0,0.0,0.0,0.0,0.0,0.0,0.0,0.0,0,0.0,-1.5707963267948966,nan,-0.203802862420858,-0.19124666187051112,-0.10691351282026557,0.005575391677824504,-1.57079199169429,-0.23585936584744482,-0.22153650401013603,0.7541003386115442,-0.10530873022461684,0.38534466504551634,0.26371352293162453,0.27371458525429215,0.06345088274487265,0.04413240618821352,-0.032056503426586835,-0.030289842139624906,0.0016047825956487238,0.004141778703673294,-0.0027718578458955923,-0.0022208917157100216,-0.0021304400717784286,-7.73711303721705,8.244934335852358,-0.31858757214414696,-0.13675556437931857,-1.570792506985004,0.7536307091823902,0.9694663662917405,-0.8745415223185167,-0.7196383510657436,0,zero,0,0.13675556437931835,0.14233095605714308,2.387498940854407,1.3006782237903394,1.3868532271058573,-0.44848078143023296,0.11976410609796999,2.3879682678185152,1.2811760659290643,1.488601346630013,-0.5085657783404319,0.32431875160062573,-0.07353477363095881,0.06549909659283172,-0.05616875409835067,0.3186448184379246,-3.0488588406412127,8.465245746252332,16.72310268652971,1.0,-1.2731835842132568,-3.81980989239139e-06,5.152907140981711e-07,0.0,0.0,0.0,1,-0.05374470845864714,3.771410200175643,-9.0,-9.0,-0.05374470845864714,0.43184885810307394,-2.4233174200806937,2.7471054684618585,0.004657661248823561,-0.0014670681725848698,-0.0011149368263383421,-0.05532867765323879,0.06416687883588924,0.3155785021517038,0.0,0.0,0.0,0.0,0.0,-0.10077762696164849,25.142734667837622,-30.0,-30.0,49.3170078442253,3.339561342072569,-6.576682579919306,-11.747105468461859,-0.10077762696164849,25.142734667837622,-65.97166079280967,-46.37526888633011,84.46947883554354,4.43999999999995
0.0,0.0,0.0,0.0,0.0,0.0,0.0,0.0,0.0,0.0,0.0,0.0,0,0.0,-1.5707963267948966,nan,-0.21122671826679856,-0.19693421212093906,-0.10771915599899828,0.00510019555087915,-1.5707919751041792,-0.23648434671569574,-0.22070254071870563,0.7508983681483795,-0.10514027462980338,0.9471204161009333,0.6798874977689662,0.6521513541858343,0.09740987735461781,0.03477832469096705,-0.025257628448897174,-0.023768328597766564,0.002578881369194902,0.003995668321859395,0.002679934916480064,0.0028620157842081176,-0.0007695322167948909,-7.639092544617366,8.193367728356266,-0.3264864375309563,-0.020138858771996615,-1.5707928516358614,0.7504012545489127,0.9696051029182385,-0.8745415175080159,-0.8251793756079339,0,zero,0,0.020138858771996837,0.025239054322875987,2.3907009090864895,1.2999522219543134,1.3874998934656815,-0.44903533020476705,0.20244137769928885,2.3911982915653143,1.2605083962988362,1.5564694998586717,-0.3447486064643303,0.31607281726030245,-0.07166512251735896,0.06383375579095271,-0.054740640996697155,0.32653475855442954,-1.305911392695435,5.316462028726483,15.212647329366536,1.0,-0.9106225967407227,-3.475159035204456e-06,8.765316819037139e-07,0.0,0.0,0.0,1,-0.10442166170826486,3.162263721558492,-9.0,-9.0,-0.10442166170826486,1.8743933233342374,-5.707474525626069,-0.4331555581983002,0.004658327788923868,-0.0014670681645151185,-0.0012784517012436355,-0.03137852376352304,0.04680512223023494,0.3141731026891036,0.0,0.0,0.0,0.0,0.0,-0.19580285338133296,21.08175814372328,-30.0,-30.0,47.37593128570493,1.2878703982242545,-3.2925254743739307,-8.566844441801699,-0.19580285338133296,21.08175814372328,-74.16439948359476,-81.82545687506254,112.42883263986505,4.4499999999999496
0.0,0.0,0.0,0.0,0.0,0.0,0.0,0.0,0.0,0.0,0.0,0.0,1,0.0,-1.5707963267948966,nan,-0.2196421255086462,-0.20343287338273186,-0.10885780342467777,0.004637245170209692,-1.570791958993697,-0.23709032938659133,-0.2198883275503873,0.7477789117253396,-0.10497615093345683,1.0777868859674784,0.7809424570952045,0.731287443011111,0.13027711220260363,0.02429586418493383,-0.01744820387794513,-0.016455454167655453,0.0038816524912209383,0.009731608532719364,0.006980551565063029,0.006771275776658359,0.0003548645347624577,-4.527986299489441,4.888709097582137,-0.3303121579521838,0.06750511754602972,-1.5707929921669583,0.747109503770457,0.8269641106811488,-0.8745415175043845,-0.8252661109090238,0,zero,0,-0.0675051175460295,-0.06286787237582026,2.393820363320492,1.2992449290216124,1.3881298953794823,-0.449575588382643,0.2919145289259704,2.3944903902958092,1.2598383476439192,1.5805873372880144,-0.23365685908833003,0.30781672138181687,-0.0697931674160778,0.06216636277480506,-0.05331076801857803,0.3303366544118624,0.7428633889571474,0.3245265553426364,7.73088098440396,1.0,-10.637051582336426,-3.3346279382229227e-06,1.033173261610898e-06,0.0,0.0,0.0,1,-0.14173617027653898,0.8745285663675413,-9.0,-9.0,-0.14173617027653898,1.869547036703584,-7.439783775976623,-3.0879629560231554,0.003973029726880005,-0.0014670681645090268,-0.0012785860803816921,0.010577142873139676,0.014907638869031861,0.19083692759697005,0.0,0.0,0.0,0.0,0.0,-0.26577193001413646,5.8301904424502755,-30.0,-30.0,42.825947220277826,-0.9950184703360427,-1.5602162240233772,-5.912037043976845,-0.26577193001413646,5.8301904424502755,-53.43356851788127,-80.56578042821775,96.85067359537014,4.459999999999949
0.0,0.0,0.0,0.0,0.0,0.0,0.0,0.0,0.0,0.0,0.0,0.0,0,0.0,-1.5707963267948966,nan,-0.22628592483091917,-0.20820745278669717,-0.11158223620681473,0.004186552170431179,-1.5707919433593016,-0.23767752047142157,-0.21909403116911266,0.7447420477673116,-0.10481636405508069,0.8718578089538532,0.6056608237442723,0.5568875785239957,0.288421966051311,0.01714826714530655,-0.011391595640502405,-0.010886578382415496,0.006765872151734048,0.01213926312299975,0.008676084213950188,0.008212233015918155,0.002155574349014619,0.3936659283118946,-0.4278134242264704,-0.3264309322147218,0.09218193475841541,-1.5707928893241614,0.7438196183930476,-0.5968909538673748,-0.18185842011009415,-0.8252664602472665,0,zero,0,-0.09218193475841563,-0.08799538258798423,2.3968572251328615,1.2985563627736882,1.3887432170089156,-0.45010154238168804,0.282445191407646,2.397780341982227,1.2774518502612062,1.5516289328358652,-0.22032496146940944,0.29955511332227,-0.0679199625042798,0.06049785652398323,-0.05187994038599921,0.3264229873064317,2.347124526237322,-4.9828187615421395,-3.2170712562654074,1.0,-0.4423234462738037,-3.437470735168091e-06,9.459648597776038e-07,0.0,0.0,0.0,1,-0.12732494901153868,-1.8388962023621767,-4.406783543803983,-9.0,-0.12732494901153868,0.6430836295317193,-6.926380609535713,-4.937726463406528,-0.0028676764478539796,-0.0003050726503560075,-0.0012785866216119795,0.0370401449552491,-0.03213044987369978,-0.024794265987017765,0.0,0.0,0.0,0.0,0.0,-0.2387492012217114,-12.259308015747845,-14.689278479346612,-30.0,35.5826156493569,-2.481979831893896,2.5195970657317304,-4.062273536593472,-0.2387492012217114,-12.259308015747845,-14.689278479346612,-47.49156313920733,51.20128031460908,4.469999999999949
0.0,0.0,0.0,0.0,0.0,0.0,0.0,0.0,0.0,0.0,0.0,0.0,0,0.0,-1.5707963267948966,nan,-0.22868426278123852,-0.20906830469207086,-0.1150446857178759,0.0037481212373502437,-1.570791928197292,-0.23824613064833564,-0.21831980097048953,0.7417878078757956,-0.10466091642023526,0.4371564590617468,0.18297277734052875,0.1635082103996821,0.3617897145906601,0.01687726770908264,-0.009561867867097118,-0.009251496278418675,0.01038376929764065,0.010324189460592898,0.006991500519975564,0.006553278210585899,0.0038421807859676483,5.259588432588135,-5.752950232883073,-0.31265286539905324,0.041382180640243016,-1.570792575410062,0.7406233023701676,-0.9659988060258795,0.8745084294908805,-0.3894129458012066,0,zero,0,-0.041382180640242794,-0.037634059402892994,2.3998114629233576,1.2978865303754565,1.389339851972028,-0.45061318672905765,0.16208975812534848,2.400976389090243,1.3055989469558325,1.4788809212856253,-0.31572564774628886,0.29129270838709787,-0.06604657691199872,0.05882918933694266,-0.05044897474255664,0.3126098388899546,2.9531579875392557,-8.329296398931557,-13.170991410923884,1.0,-0.32935360074043274,-3.751384834771443e-06,6.472127700440922e-07,0.0,0.0,0.0,1,-0.06612194480524007,-4.36748022618121,9.0,1.9908668543903385,-0.06612194480524007,-1.2809965395738552,-1.9656594608822393,-4.485915387788655,-0.004641001855945355,0.00146701265842925,-0.0006033180878752219,0.05017386513870507,-0.058992147714698,-0.22844215547989283,0.0,0.0,0.0,0.0,0.0,-0.12398639565955386,-29.116534841208072,30.0,6.636222847967796,42.32998260658138,-3.0864836866073553,10.96565946088224,6.476782242178993,-0.12398639565955386,-29.116534841208072,30.023749116722588,6.636222847967796,42.34681733610429,4.479999999999949
0.0,0.0,0.0,0.0,0.0,0.0,0.0,0.0,0.0,0.0,0.0,0.0,0,0.0,-1.5707963267948966,nan,-0.22564599573071148,-0.20504867047115224,-0.11590159956828655,0.003321950010096719,-1.5707919135038113,-0.2387963745123514,-0.21756576887911763,0.7389161761694195,-0.10450980792595385,0.49555702900565574,-0.3588510914542792,-0.3265602129546713,0.100802234469205,0.0214332249434754,-0.01315037878163991,-0.012517098407965388,0.0113917916423327,0.00450932513539194,0.002264651568530838,0.0021879117061833764,0.0032277560031350096,7.594043327139109,-8.356712627166464,-0.2915495048677883,-0.06158874317434804,-1.5707921710976664,0.7376169226846088,-0.969492364268521,0.8745415172299812,0.8090433792853764,0,zero,0,0.06158874317434826,0.06491069318444476,2.402683092574536,1.2972354282257683,1.3899198034764448,-0.4511105241754511,0.04290891208489791,2.4039822016667403,1.3322236610942193,1.3957258860001436,-0.47522690902781023,0.2830342878300583,-0.06417409472213453,0.057161326830997075,-0.04901869915343396,0.291486536649722,2.3160405433530378,-7.777962411310543,-16.753696563565676,1.0,-0.3905400335788727,-4.15569722989062e-06,2.575938551352408e-07,0.0,0.0,0.0,1,-0.002025770250671747,-4.5,9.0,9.0,-0.002025770250671747,-2.816511706236762,3.0150620096191187,-1.7972446788193877,-0.004657786152351119,0.0014670681640487075,0.0012534521768255214,0.04401797126283424,-0.0605815101155426,-0.32576082872008594,0.0,0.0,0.0,0.0,0.0,-0.003798556629798888,-30.0,30.0,30.0,51.961524365909746,-1.6834882937632378,5.984937990380882,10.797244678819387,-0.003798556629798888,-39.86780958397958,61.234442788722674,60.05353185983761,94.58079048062227,4.489999999999949
0.0,0.0,0.0,0.0,0.0,0.0,0.0,0.0,0.0,0.0,0.0,0.0,0,0.0,-1.5707963267948966,nan,-0.2189867537582132,-0.19788814308604935,-0.1127197124823433,0.0029080289832541517,-1.5707918992748455,-0.23932847044056485,-0.21683204915392595,0.7361270886244552,-0.10436303590619736,1.0110940656768812,-0.7191337900711747,-0.6426807659911216,-0.30351150661867554,0.0290256965134672,-0.020341716682351657,-0.018943906067876604,0.008356676576145944,0.00432708941168665,-0.003278654719374035,-0.002820937905635465,0.00012820039159879698,6.58426092448593,-7.286139371768611,-0.26932569363486686,-0.1693243843604817,-1.5707918205441158,0.7348356959769435,-0.9695888394193574,0.8745415175033588,0.8252480202683328,0,zero,0,0.1693243843604817,0.17223241334373585,2.4054721781112325,1.2966030418078813,1.390483084452559,-0.45159356580932764,0.1873987002679604,2.406762794617879,1.3461795282290665,1.3397027553539649,-0.6250298288627103,0.27478469885324097,-0.062303614970455744,0.05549524794232059,-0.047589953105404266,0.2692720168497625,0.6670938101490582,-3.7768799973899605,-12.93019084763713,1.0,-0.6866105794906616,-4.5062507805226915e-06,-7.873072949138304e-08,0.0,0.0,0.0,1,0.01891779759702613,-4.5,9.0,9.0,0.01891779759702613,-3.684883323934999,6.046179865340182,1.259308873928348,-0.004658249653290552,0.0014670681645073062,0.0012785580525236874,0.021523099439812846,-0.037692665996828786,-0.27854700621531064,0.0,0.0,0.0,0.0,0.0,0.035473087562396644,-30.0,30.0,30.0,51.96153633544664,-0.815116676065001,2.953820134659818,7.740691126071652,0.035473087562396644,-37.438251577435985,61.01214240307614,84.2565197307026,110.55888285098962,4.4999999999999485
0.0,0.0,0.0,0.0,0.0,0.0,0.0,0.0,0.0,0.0,0.0,0.0,0,0.0,-1.5707963267948966,nan,-0.21161575816324313,-0.19024168089703783,-0.10780198796964621,0.002506341408990309,-1.5707918855062295,-0.23984264047301396,-0.21611873820133282,0.7334204324153378,-0.10422059509734588,1.1534632958663922,-0.7885165627419172,-0.6933151236418383,-0.4775283703845612,0.038460438824396995,-0.02822688230977083,-0.025877057304294987,0.003581392872300332,0.010339060731720947,-0.007429397732746378,-0.006491237363721727,-0.003092582032978279,3.0446705226414177,-3.3867045541941376,-0.24943814894775398,-0.2383536257929011,-1.5707916799937507,0.7322656829818729,-0.8943086001960562,0.8745415175039846,0.8252663186963285,0,zero,0,0.2383536257929011,0.2408599672018914,2.4081788323600417,1.2959893455399314,1.391029717686719,-0.4520623311711216,0.2607073606667876,2.4093324396191225,1.3396754727545939,1.336940911661461,-0.7033249834851506,0.26654885460706124,-0.060436251645597974,0.053831944925946354,-0.046163587506829064,0.24941971397237742,-1.5658599699498152,2.211942994828341,-3.9080138933394153,1.0,-1.1178414821624756,-4.646801145646862e-06,-2.0551247903455305e-07,0.0,0.0,0.0,1,0.007198957497062147,-3.1176871965958943,9.0,9.0,0.007198957497062147,-3.6788746522458933,7.590728382713982,3.673238292341885,-0.0042965766079700474,0.001467068164508356,0.0012785864023068894,-0.02210458012327053,0.011739501039862679,-0.12246448581888045,0.0,0.0,0.0,0.0,0.0,0.013498888987553248,-20.784581310639297,30.0,30.0,47.244036686957436,0.561187455649999,1.4092716172860182,5.326761707658115,0.013498888987553248,-20.784581310639297,31.809754962591803,71.21386759930557,80.7172500256924,4.509999999999948
0.0,0.0,0.0,0.0,0.0,0.0,0.0,0.0,0.0,0.0,0.0,0.0,0,0.0,-1.5707963267948966,nan,-0.2063524749695423,-0.18461236706091863,-0.10456942316703005,0.0021168631991821396,-1.5707918721936451,-0.24033911020962428,-0.2154259143960184,0.7307960452551737,-0.10408247760372302,0.8192636437106133,-0.5759752930311168,-0.4936490030804791,-0.30944473089933033,0.04587813411960476,-0.033986635240082,-0.030813547335099778,0.00048694556330702854,0.012321898681567672,-0.008777232433798247,-0.007605024924978009,-0.004117398913435814,-2.0265507478767266,2.2651284053928165,-0.2372338849033095,-0.2396602472138769,-1.5707918615738392,0.7298547513745565,0.6711036250454687,-0.8738652415676502,0.8252664635920315,0,zero,0,0.2396602472138767,0.24177711041305905,2.4108032176088097,1.2953943026254031,1.3915597359544185,-0.45251684836745976,0.22409716607519417,2.411743500214508,1.3125606276880069,1.3927368958379156,-0.6759504789829253,0.25833173419026095,-0.058573133689064215,0.052172423355766835,-0.04474046468765841,0.237260030643496,-3.304032353110783,7.478471116391152,7.213798355268011,0.9988160000000121,-1.38223135471344,-4.4652210573481455e-06,-1.0619805923539616e-08,0.0,0.0,0.0,0,-0.0060802917095395025,0.6497836107666745,-4.581746260812034,8.767522692969337,-0.0060802917095395025,-2.3035051047925075,4.395135871498883,5.280303821738265,0.0032242205165668027,-0.001465933692471567,0.0012785866267940292,-0.052152655861695846,0.05017874657345991,0.10292166733882412,0.0,0.0,0.0,0.0,0.0,-0.01140125953410745,4.331890738444496,-15.272487536040115,29.225075643231122,33.25837231810393,2.953288715559182,-8.976882132310916,3.4872188712310717,-0.01140125953410745,4.331890738444496,-15.272487536040115,29.225075643231122,33.25837231810393,4.519999999999948
0.0,0.0,0.0,0.0,0.0,0.0,0.0,0.0,0.0,0.0,0.0,0.0,0,0.0,-1.5707963267948966,nan,-0.20644341491466178,-0.18381650061777094,-0.10436536667625113,0.001739562827548946,-1.570791859332622,-0.2408181087236178,-0.21475363790912066,0.728253714736265,-0.10394867286315268,0.0413278645189649,-0.03880585688740279,-0.012358995624994762,-0.00702517502085831,0.04624823966355018,-0.034374693808956025,-0.030937137291349726,0.00041669381309844544,0.008451196298355864,-0.006099398779269471,-0.005143306869172113,-0.0027868347375323314,-6.442564771146618,7.2354625505145025,-0.23807832501301138,-0.16619965075649978,-1.5707922802686831,0.7274896456671348,0.9690297670683695,-0.8745415714852939,-0.4375403749950643,0,zero,0,0.1661996507565,0.16793921358404873,2.413345546266108,1.2948178649036026,1.3920731821534842,-0.4529571541853756,0.13217822675119675,2.4141091520900075,1.2775800463440663,1.4809139842299803,-0.5492933884430516,0.25013838264991106,-0.0567154049952253,0.05051770212453425,-0.043321458399431294,0.23813279246040336,-3.3739316254305636,9.12790610322608,15.44203588515225,0.9953280000000237,-1.3856332302093506,-4.046526213663526e-06,4.2093606111848203e-07,0.0,0.0,0.0,1,-0.01848916745063081,3.575877113647003,-9.0,-8.318408047998396,-0.01848916745063081,-0.04898739275569765,-0.8506688093654216,3.721749256763347,0.004655563670862461,-0.001467068255063531,-0.000677881989431826,-0.058940396781149346,0.06698294096010698,0.2814283051807062,0.0,0.0,0.0,0.0,0.0,-0.034669355804670565,23.839180757646687,-30.0,-27.72802682666132,47.2985328827442,3.6248645064027007,-8.149331190634578,-12.040157304761744,-0.034669355804670565,23.839180757646687,-59.708733639847694,-27.72802682666132,70.01631299728881,4.529999999999948
0.0,0.0,0.0,0.0,0.0,0.0,0.0,0.0,0.0,0.0,0.0,0.0,0,0.0,-1.5707963267948966,nan,-0.21153412928181364,-0.1874307050561139,-0.10531459533518342,0.0013744012317802312,-1.5707918469185405,-0.2412798684917378,-0.21410195054364228,0.725793177670621,-0.10381916761254778,0.6386604763831387,0.46289545990318703,0.42658918038213367,0.1078733909537194,0.03998000301493798,-0.029745739209924155,-0.02667124548752839,0.0014954277226356394,0.001609557578362873,-0.0009785641760103568,-0.0005839099246224486,-0.0011367220202942907,-7.463538406028307,8.42319243859288,-0.2471287344611048,-0.055468535904979355,-1.5707926958371883,0.7250622675068347,0.9696035910656279,-0.8745415175032879,-0.8248500749407924,0,zero,0,0.055468535904979355,0.05684293713675981,2.4158060815207203,1.294259972700127,1.3925701094372647,-0.45338329420652623,0.18749933961557633,2.4165371385783114,1.251856952747054,1.561425156594485,-0.3837742081598903,0.24197391098140725,-0.05486422441131902,0.04886881344385971,-0.04190745381527497,0.2471814305764361,-1.887301869042946,6.907709059678686,16.274497371670876,0.9896320000000352,-1.1194123029708862,-3.6309577082782596e-06,8.489186478222166e-07,0.0,0.0,0.0,1,-0.06517772894000765,3.7275647260826688,-9.0,-9.0,-0.06517772894000765,1.7385275020181534,-4.772959058305029,0.5263293777494265,0.004658320525446183,-0.0014670681645071871,-0.0012779415152033974,-0.03989572156856845,0.056527798758145696,0.3264684501096721,0.0,0.0,0.0,0.0,0.0,-0.12221588025503027,24.85043150721779,-30.0,-30.0,49.168677863211954,1.9890372240645153,-4.227040941694971,-9.526329377749427,-0.12221588025503027,24.85043150721779,-78.46477753072753,-73.98542423029325,110.67123923720804,4.539999999999948
0.0,0.0,0.0,0.0,0.0,0.0,0.0,0.0,0.0,0.0,0.0,0.0,1,0.0,-1.5707963267948966,nan,-0.21907648643035205,-0.19312747076107423,-0.106650157223728,0.0010213317156611001,-1.5707918349466292,-0.2417246253415999,-0.21347087557687613,0.723414119430478,-0.10369394585352809,0.9620363113288227,0.7097600298676288,0.6327840671726481,0.14607836475642733,0.030586459443813878,-0.022648138911247867,-0.020343404815801908,0.0029562113701999126,0.005589328101242437,0.004072150185521928,0.003822521748287084,0.0002156593929426038,-5.22156575050462,5.9230601221654755,-0.25568188397364544,0.040190684927223774,-1.5707929226041604,0.722534813455536,0.9696076537122382,-0.8745415175040381,-0.8252656782154492,1,zero,0,-0.040190684927223774,-0.03916935321156245,2.4181851380011263,1.2937205546773376,1.3930505813478182,-0.4537953229214079,0.2917093025733187,2.4190650067765143,1.2464693587240485,1.6005960620818442,-0.25433168977838105,0.23384349612848285,-0.05302076573745297,0.047226802844215855,-0.04049934752990714,0.2557134015235206,0.3321412222033861,1.8521347970587376,10.08031096368688,0.9818240000000464,-10.840887069702148,-3.4041907364112944e-06,1.0876575311513648e-06,0.0,0.0,0.0,1,-0.13248763192023538,1.7322361984590395,-9.0,-9.0,-0.13248763192023538,2.1573069815834263,-6.961741791546731,-2.3536195394301584,0.004658340043845523,-0.0014670681645084457,-0.001278585410008858,-0.006449509585658158,0.024756762488226777,0.2303521243235165,0.0,0.0,0.0,0.0,0.0,-0.24842983671523605,11.548241323060264,-30.0,-30.0,43.97071292393844,-0.42507078312438673,-2.0382582084532688,-6.6463804605698416,-0.24842983671523605,11.548241323060264,-66.13371640650963,-84.51439845294709,107.93412614479053,4.549999999999947
0.0,0.0,0.0,0.0,0.0,0.0,0.0,0.0,0.0,0.0,0.0,0.0,1,0.0,-1.5707963267948966,nan,-0.2258023512003346,-0.19803433871193568,-0.10945156338216744,0.0006802998512056568,-1.5707918234119684,-0.24215261841644095,-0.21286041760965055,0.7211161732888078,-0.1035729888180621,0.8868161016352418,0.629787169514151,0.551732591808704,0.29223631939054306,0.022840785722586136,-0.016350267216106357,-0.014826078897714867,0.005878574564105343,0.009519451781279888,0.006901133720846893,0.006215564289037353,0.0020883189775382327,-0.8710516862992335,0.9931953547619263,-0.25411725157186377,0.08158863735233557,-1.5707929078155125,0.7199814271533445,-0.2516647326459384,-0.874541517504055,-0.8252664572265389,1,zero,0,-0.08158863735233535,-0.08090833750113013,2.420483082434987,1.2931995276848294,1.3935146719491036,-0.45419330384357215,0.31152216124185783,2.4216185368246763,1.2610964281341186,1.5868540862361056,-0.2120486578764908,0.2257523809831886,-0.051186217726600036,0.04559272917493275,-0.039098047559632476,0.254118725132665,2.150018398134889,-3.5736161252093135,-0.10255104182666486,0.9720000000000568,-10.619146347045898,-3.418979384051113e-06,1.0844035438495325e-06,0.0,0.0,0.0,1,-0.16209163705074106,-1.182918629860626,-8.397180181204604,-9.0,-0.16209163705074106,1.1455786582222385,-7.855676547218685,-4.4603672633643265,-0.0012090868891348311,-0.0014670681645084739,-0.0012785866169319616,0.033150468141349865,-0.022040740884292188,0.04947743381901963,0.0,0.0,0.0,0.0,0.0,-0.3039408157711252,-7.88612419907084,-27.990600604015345,-30.0,41.78225768285106,-2.3284972880828647,-0.5415036339859185,-4.5396327366356735,-0.3039408157711252,-7.88612419907084,-27.990600604015345,-58.53507890878547,65.36139931132065,4.559999999999947
0.0,0.0,0.0,0.0,0.0,0.0,0.0,0.0,0.0,0.0,0.0,0.0,0,0.0,-1.5707963267948966,nan,-0.22927185761419103,-0.20006944990129782,-0.11355510897457372,0.00035124338077929806,-1.5707918123094857,-0.2425640901574969,-0.21227056242220468,0.7188989197598448,-0.10345627493414203,0.5835461814367815,0.3058034672800497,0.2624966376808008,0.42202594763263435,0.02067696887141177,-0.01329223254330586,-0.01220111252090686,0.010098834040431687,0.009806383341258511,0.006627715314771885,0.005883274402921825,0.004198288489608055,4.03621710877507,-4.6252442512489225,-0.2433015925746203,0.04955594761467452,-1.5707926533321226,0.7174917426061723,-0.960320510710873,0.8745738370879533,-0.8252664660902266,0,zero,0,-0.04955594761467452,-0.049204704233895225,2.4227003343086233,1.2926967966099039,1.3939624659601657,-0.4545773096238416,0.2172390993200843,2.424108044408496,1.2894520307335737,1.5228445408819198,-0.27973530413332065,0.2177058743859038,-0.04936178408460087,0.04396766460420012,-0.03770447334234453,0.24326764907695939,3.1392746013617097,-7.945309570369269,-10.944760363026479,0.9602560000000671,-0.4115390181541443,-3.6734627739676284e-06,8.41022636866029e-07,0.0,0.0,0.0,0,-0.13000297572715808,-3.8640054769029084,5.031363609789126,-2.8049332749477496,-0.13000297572715808,-0.7351084723633846,-4.276609718404696,-4.893298753923414,-0.004613721305564587,0.0014671223815258235,-0.0012785866306644867,0.05162520260173119,-0.05449481710426278,-0.17892210431935568,0.0,0.0,0.0,0.0,0.0,-0.2437708151643692,-25.760036512686057,16.77121203263042,-9.349777583159165,32.12990506122354,-3.1288970045395237,9.307973328193821,2.0883654789756645,-0.2437708151643692,-25.760036512686057,16.77121203263042,-9.349777583159165,32.12990506122354,4.569999999999947
0.0,0.0,0.0,0.0,0.0,0.0,0.0,0.0,0.0,0.0,0.0,0.0,0,0.0,-1.5707963267948966,nan,-0.22772808790837604,-0.19779223582038988,-0.11590488927582365,3.409211923255384e-05,-1.5707918016339586,-0.24295928630419802,-0.21170127683649864,0.716761885939594,-0.10334377979147613,0.3569230825213908,-0.1938965852516128,-0.17079284952019047,0.24622754439158345,0.024150202857086966,-0.015231198395821988,-0.013909041016108764,0.012561109484347521,0.006091349685268375,0.0031203103903678364,0.0027786460599177228,0.004432530894385889,7.164710877433122,-8.248925489988862,-0.22331063548751426,-0.04436427684112876,-1.5707922480138408,0.7151685750216237,-0.9694302106564691,0.8745415137540663,0.7185686142233835,0,zero,0,0.044364276841128536,0.04439836896036109,2.424837366526501,1.29221225422804,1.3943940588883263,-0.45494742216452505,0.0545432416588735,2.4264307014670248,1.3206674052092118,1.4342689451394495,-0.43101576272510683,0.2097093511253417,-0.04754868347016511,0.042352694619068446,-0.036319555737526675,0.22324956604988908,2.9517288671589386,-8.92383451559026,-16.89812417087403,0.9466880000000766,-0.46831709146499634,-4.078781056016112e-06,4.463798823906018e-07,0.0,0.0,0.0,1,-0.06961665461631132,-4.5,9.0,9.0,-0.06961665461631132,-2.4388064136401275,1.0197818023649927,-2.637828989829288,-0.004657487544291681,0.0014670681582177618,0.001113279481370176,0.05243355684017628,-0.06637213298356553,-0.31943053055190973,0.0,0.0,0.0,0.0,0.0,-0.13053938611721605,-30.0,30.0,30.0,51.961688199396754,-2.0611935863598725,7.980218197635008,11.637828989829288,-0.13053938611721605,-39.691704083100504,55.920972252986736,47.408834163863105,83.3678661598564,4.579999999999947
0.0,0.0,0.0,0.0,0.0,0.0,0.0,0.0,0.0,0.0,0.0,0.0,0,0.0,-1.5707963267948966,nan,-0.22232786809782965,-0.1922858044304383,-0.11412234614770875,-0.0002712321439752863,-1.5707917913800116,-0.24333845591232856,-0.21115250858477252,0.7147045448463538,-0.10323547610720976,0.7796335264736409,-0.5779389418676922,-0.495766313822546,-0.16742394438485353,0.03026419113798776,-0.02101058781449891,-0.018866704154334224,0.010886870040498986,0.00293321238931212,-0.0017695873894806695,-0.0014501115243981295,0.0018356121481982075,6.941324816124715,-8.025661323946974,-0.20005184366118636,-0.15570360792215743,-1.5707918357551862,0.7130724121837066,-0.9695886246738424,0.8745415175041236,0.8251678199949474,0,zero,0,0.15570360792215743,0.15543237577818214,2.426894706070714,1.2917457810533652,1.394809557162372,-0.4553037327336346,0.15272142864065832,2.4285261946037497,1.343228998086683,1.359411557747013,-0.5946508999545753,0.2017682519385391,-0.045748149494869085,0.04074891802544691,-0.034944237026250324,0.19999097225315193,1.6580314046066025,-6.075034555106574,-15.027999968549587,0.9313920000000857,-0.7059292793273926,-4.491039710341482e-06,4.4375174645949755e-08,0.0,0.0,0.0,1,-0.0224629122008618,-4.5,9.0,9.0,-0.0224629122008618,-3.488308743697403,4.87999042827681,0.5135208918427526,-0.0046582486215767166,0.001467068164508589,0.001278433798114306,0.03578949377387105,-0.05189447282727533,-0.31238378391979205,0.0,0.0,0.0,0.0,0.0,-0.04212059291367298,-30.0,30.0,30.0,51.96154129877546,-1.0116912563025968,4.12000957172319,8.486479108157248,-0.04212059291367298,-42.94272235727299,68.49227811804163,83.07460345074063,115.91661260533432,4.589999999999947
0.0,0.0,0.0,0.0,0.0,0.0,0.0,0.0,0.0,0.0,0.0,0.0,0,0.0,-1.5707963267948966,nan,-0.21584302958121634,-0.18597317872785663,-0.1097204294478416,-0.0005648157426496603,-1.5707917815421157,-0.24370185139025574,-0.21062418618416845,0.7127263147612231,-0.10313133369166441,0.994119395908895,-0.6848233994540487,-0.57843033019776,-0.42977742843217925,0.037778331144758405,-0.027858821809039397,-0.024651007456311824,0.0065890957561771935,0.007665144295073109,-0.005735063863693504,-0.004814422253244292,-0.001638541397437035,3.9710767782702594,-4.608811171155666,-0.17840612132622716,-0.2373911016141086,-1.5707915832408867,0.7112032243343238,-0.9696025217159174,0.8745415175040648,0.8252660260203264,0,zero,0,0.2373911016141088,0.2368262858714587,2.4288729346604736,1.2912972451891258,1.395209078265743,-0.4556463420791015,0.2602580223782505,2.430394883435894,1.3475550233267428,1.3301477703503244,-0.7012761661956299,0.1938880835108603,-0.04396143072315662,0.03915744694810412,-0.03357947091117558,0.178374642573147,-0.46897850083203957,-0.5743299149038597,-7.126942467007295,0.9144640000000945,-1.0879613161087036,-4.74355401003379e-06,-1.9830122877095846e-07,0.0,0.0,0.0,1,-0.0021798383815436607,-4.5,9.0,9.0,-0.0021798383815436607,-4.014335299189831,7.014696077526675,3.135913092966929,-0.004658315387909821,0.0014670681645084906,0.0012785859488635,0.005219108477433436,-0.017660450226336746,-0.18068644506878093,0.0,0.0,0.0,0.0,0.0,-0.004087452431171312,-30.0,30.0,30.0,51.96152438783208,-0.4856647008101689,1.9853039224733253,5.864086907033071,-0.004087452431171312,-31.378484475441663,49.37202487296231,80.3169351096156,99.36305254037546,4.599999999999946
0.0,0.0,0.0,0.0,0.0,0.0,0.0,0.0,0.0,0.0,0.0,0.0,0,0.0,-1.5707963267948966,nan,-0.2109086938532519,-0.18110411098517443,-0.10610853247965371,-0.0008467532317288917,-1.570791772114585,-0.2440497285532772,-0.21011621881723888,0.7108265585686304,-0.10303131941410015,0.7697680790068481,-0.5282212890985905,-0.436110037575263,-0.35118826906236356,0.044153140568915714,-0.0331410347000253,-0.029012107832064454,0.003077213065553558,0.010138552956635596,-0.0073318746091938294,-0.006106207812293769,-0.0034275496965975195,-0.7387790803577539,0.8603223502383406,-0.16248426179652548,-0.25651841579699797,-1.5707916383965255,0.7095202024506915,-0.08632735566818983,-0.24112599130844947,0.8252664567868258,0,zero,0,0.25651841579699797,0.25567166256526885,2.4307726894115795,1.2908665021781605,1.3955927508697206,-0.4559753605429906,0.25702471614365885,2.432077872507014,1.329417134386479,1.3609696856547355,-0.7077194633880695,0.18607441847599648,-0.042189790672338974,0.03757940683066803,-0.03222622251655115,0.16249824727469123,-2.631920817163939,5.391794229749814,3.8938694537778273,0.8960000000001032,-1.3776390552520752,-4.688398370866764e-06,-1.3371805973605433e-07,0.0,0.0,0.0,1,0.010862983051304167,-1.208127513944036,2.173616937423982,9.0,0.010862983051304167,-3.259470985405549,6.074858576769735,4.963410673176812,-0.0004147473220212141,-0.0004044956796262483,0.0012785866162507134,-0.039718713156048926,0.034317900576318436,0.03817721463643568,0.0,0.0,0.0,0.0,0.0,0.020369366306589476,-8.054183426293573,7.245389791413274,30.0,31.89617467354011,2.051343471461513,-3.901241639345753,4.036589326823188,0.020369366306589476,-8.054183426293573,7.245389791413274,45.18104176016483,46.46173149311958,4.609999999999946
0.0,0.0,0.0,0.0,0.0,0.0,0.0,0.0,0.0,0.0,0.0,0.0,0,0.0,-1.5707963267948966,nan,-0.2102535147858046,-0.17996148933870956,-0.10524125074274707,-0.0011171474851623397,-1.5707917630915782,-0.24438234669610806,-0.20962849621815136,0.7090045830968389,-0.10293539716849798,0.14140832916467708,-0.09877972102781685,-0.06548990473773386,-0.07713594913044686,0.04527941502992803,-0.03412883191030347,-0.029667006879441793,0.0023058535742490893,0.007662095846344945,-0.005536648659034905,-0.004499441088598788,-0.002794327159659802,-5.431259167099176,6.345338706188287,-0.1586123714507416,-0.20006093186435248,-1.5707919913636073,0.7079302228925145,0.9601752533354261,-0.8745153985927281,0.28384771938008924,0,zero,0,0.20006093186435248,0.19894378437918991,2.432594663495916,1.29045339485337,1.3959607149666178,-0.4562909081757178,0.15688690691801274,2.433668314430462,1.296255768393443,1.438093946174208,-0.6072990937991507,0.17833289541597,-0.04043450781259576,0.03601593643562681,-0.030885468388215084,0.15866292065027368,-3.522619606598818,8.697242070473894,13.526980492774385,0.876096000000111,-1.3507367372512817,-4.3354312895260705e-06,2.2827202883490827e-07,0.0,0.0,0.0,1,0.026671189487161316,2.395279772238852,-9.0,-2.9457210849387483,0.026671189487161316,-1.242363672998462,1.1613905272034217,4.357746137920564,0.004613023437466993,-0.0014670243492949794,0.0004397657169609367,-0.05874440404674966,0.06184070989452421,0.23672033078896754,0.0,0.0,0.0,0.0,0.0,0.050011606013803334,15.96853181492568,-30.0,-9.819070283129161,35.37528304777306,3.637643445237314,-10.161390527203421,-7.303467222859313,0.050011606013803334,15.96853181492568,-41.37138561795369,-9.819070283129161,45.42028400020728,4.619999999999946
0.0,0.0,0.0,0.0,0.0,0.0,0.0,0.0,0.0,0.0,0.0,0.0,0,0.0,-1.5707963267948966,nan,-0.21482981417057703,-0.1832741912958179,-0.10578606516330086,-0.001376109793778113,-1.570791754467094,-0.2446999686834619,-0.209160888564425,0.7072596384584736,-0.1028435278393576,0.5729959871253724,0.42586773974186143,0.3780309610834698,0.06366837496941669,0.0396359149257706,-0.029870154512884856,-0.025886697268607095,0.002942537323943256,0.001736120660085275,-0.0008504755987312519,-0.0004785739652270367,-0.0014358875868759786,-7.570831336932991,8.874191473254808,-0.16696494807584225,-0.09246275463612852,-1.570792419811263,0.7063045235971961,0.9695848612968192,-0.8745415176363937,-0.8147043580910988,0,zero,0,0.09246275463612852,0.0910866448423504,2.434339606800922,1.2900577531881896,1.3963131220029656,-0.4565931148502649,0.12952090565049668,2.4352946611245123,1.2651144617747827,1.5229615810257033,-0.4459745974209977,0.17066921886113015,-0.03869687556697402,0.03446818784432794,-0.029558196493594036,0.16702355628534882,-2.6378470225566333,7.837724555033329,16.86472813834668,0.8548480000001182,-1.0672338008880615,-3.906983633505945e-06,6.653441690929185e-07,0.0,0.0,0.0,1,0.00593691926645748,3.8279688668633156,-9.0,-9.0,0.00593691926645748,0.9094517205287391,-3.4989425464239616,1.5963927185232307,0.004658230540974918,-0.0014670681647304758,-0.0012622227401706705,-0.05007186345774155,0.06126925569381481,0.3282845237913781,0.0,0.0,0.0,0.0,0.0,0.011132419400820326,25.51979244575544,-30.0,-30.0,49.51020026626027,2.9185171463345765,-5.501057453576038,-10.59639271852323,0.011132419400820326,25.51979244575544,-72.22097893317722,-62.170439787656704,98.65238624515007,4.629999999999946
0.0,0.0,0.0,0.0,0.0,0.0,0.0,0.0,0.0,0.0,0.0,0.0,1,0.0,-1.5707963267948966,nan,-0.2224292542701306,-0.18909476352995555,-0.10628701334554422,-0.0016237599631636623,-1.5707917462349672,-0.24500286105864583,-0.20871324637400734,0.7055909173910261,-0.10275566926751567,0.9637261756321829,0.7296547724369634,0.6268214424555302,0.05888067540852915,0.030115162020853917,-0.02257360678851522,-0.019618482844051793,0.0035313440780285477,0.0057935505325235085,0.004289788992268572,0.003852941051161369,-0.0005637228317092891,-6.36964614042716,7.492398276619582,-0.17745999298553627,0.016956306002747557,-1.5707927159728823,0.7045777586187851,0.969608155960988,-0.8745415175048709,-0.8252532525208971,0,zero,0,-0.016956306002747557,-0.018580065965910997,2.4360083265890906,1.2896793941470586,1.3966501350127043,-0.45688212037639647,0.2476733361011334,2.43702194770559,1.249759427345632,1.5798306016181567,-0.2950415602794946,0.1630891592901472,-0.03697820231138685,0.032937326456977084,-0.028245406221702248,0.177502698489921,-0.7171977646666194,3.9097133478975836,13.026558716602732,0.8323520000001253,-10.776721000671387,-3.610822014277204e-06,9.697379148576601e-07,0.0,0.0,0.0,1,-0.07062051590430142,2.650769244659415,-9.0,-9.0,-0.07062051590430142,1.999742624160497,-6.297435088857057,-1.437987080489325,0.00465834245682716,-0.0014670681645098426,-0.001278566158860794,-0.022874903929653363,0.03860128903067358,0.2811761394530091,0.0,0.0,0.0,0.0,0.0,-0.13242174367954512,17.6717949643961,-30.0,-30.0,45.95987241912073,0.6510266204989179,-2.702564911142943,-7.562012919510675,-0.13242174367954512,17.6717949643961,-71.04059318158474,-85.13803756805622,112.2833967838212,4.6399999999999455
0.0,0.0,0.0,0.0,0.0,0.0,0.0,0.0,0.0,0.0,0.0,0.0,1,0.0,-1.5707963267948966,nan,-0.230013598209518,-0.19483066434479898,-0.10764026544858293,-0.0018602264115337164,-1.570791738388867,-0.245291294170031,-0.2082854004075356,0.7039975545973869,-0.1026717762159797,0.9658544165123987,0.7295910828002211,0.6163746781315177,0.14371451545746872,0.020955280996309143,-0.01527769596051301,-0.013454736062736616,0.004968489232603235,0.010208809955626046,0.007710153809643197,0.006665993858778453,0.0005812527991002851,-2.7012905496819055,3.1890631725638627,-0.18119622736186017,0.08372823175373112,-1.5707927867716085,0.702778626947619,0.5319745137776994,-0.8745415175041747,-0.8252663461489556,1,zero,0,-0.08372823175373112,-0.08558845816526484,2.4376016881574336,1.289318121535894,1.3969719287503688,-0.4571580746148743,0.31019733985839915,2.4388213429889642,1.2546036428874057,1.588008643492854,-0.2152473871910213,0.15559855313003487,-0.03527981137461851,0.03142453099264257,-0.02694810838314542,0.18121075062010075,1.2498199729453017,-1.3514412031073695,4.0777430829549886,0.8087040000001319,-10.56678295135498,-3.5400232878401994e-06,1.0483827415086466e-06,0.0,0.0,0.0,1,-0.14229820884325564,0.18002012749716045,-9.0,-9.0,-0.14229820884325564,1.6385646378473313,-7.7154550347696516,-3.808237636041359,0.0025557947798247986,-0.0014670681645086749,-0.0012785864448392875,0.018714552010230104,-0.007078656486790874,0.1256219295180831,0.0,0.0,0.0,0.0,0.0,-0.2668258181947415,1.200134183314403,-30.0,-30.0,42.444216544485954,-1.4585445103501709,-1.2845449652303484,-5.191762363958642,-0.2668258181947415,1.200134183314403,-43.231423422907184,-71.73771316292134,83.76614458772399,4.649999999999945
0.0,0.0,0.0,0.0,0.0,0.0,0.0,0.0,0.0,0.0,0.0,0.0,0,0.0,-1.5707963267948966,nan,-0.2348758172047452,-0.19822881559001956,-0.11075880503807559,-0.002085646267604657,-1.5707917309222952,-0.24556554231521693,-0.20787716157558697,0.7024786260863429,-0.10259180033577608,0.6765248195763929,0.4587970850041284,0.38063900771692083,0.3198515469696267,0.01655478085031773,-0.010689725110471726,-0.009648345985567408,0.008167004702299502,0.01103992301361662,0.008184264581966104,0.0069692545251794635,0.0025153935601059853,2.340648438892548,-2.773296379610704,-0.17575526840387584,0.07981270054653034,-1.5707926151733342,0.7009903307904084,-0.8334943759232164,0.7155381422868301,-0.8252664650198488,0,zero,0,-0.07981270054653056,-0.08189834681413499,2.4391206154969844,1.2889737258525593,1.3972786898242806,-0.4574211375916754,0.26001473415550186,2.4406095864332853,1.2760628077442078,1.5431445109384947,-0.24256789612722204,0.14820330275611207,-0.03360304103831573,0.029930993489247687,-0.0256673252101141,0.17573302001182417,2.627571998653057,-6.4165569311123125,-7.418008917407618,0.7840000000001379,-0.405019611120224,-3.711621562096923e-06,8.842510390572045e-07,0.0,0.0,0.0,1,-0.1603319450989573,-2.514393710464229,-0.39077375290807037,-9.0,-0.1603319450989573,0.185379971503975,-5.895497261324996,-5.405807511739633,-0.0040044034438237504,0.0012003354992642483,-0.0012785866290061488,0.0422249329612215,-0.04251592202971387,-0.10427055300593539,0.0,0.0,0.0,0.0,0.0,-0.30064118713474086,-16.762624736428194,-1.3025791763602346,-30.0,34.39146239531555,-2.699773681968204,5.504723508416926,-3.594192488260367,-0.30064118713474086,-16.762624736428194,-1.3025791763602346,-30.1341093273506,34.508509539548676,4.659999999999945
0.0,0.0,0.0,0.0,0.0,0.0,0.0,0.0,0.0,0.0,0.0,0.0,0,0.0,-1.5707963267948966,nan,-0.23448552923977786,-0.1972286503172305,-0.11361883402106307,-0.002300165468471782,-1.5707917238285785,-0.24582588390264287,-0.2074883208507619,0.7010331485131167,-0.10251569013181433,0.3068867843770698,-0.06506295523932837,-0.06113245479640039,0.2936139186949238,0.018898261495744483,-0.01134035466286501,-0.010259670533531412,0.01110314388924874,0.007496670064484906,0.005013549955963276,0.004231131377105429,0.0036279341455542806,6.606791028565241,-7.854668560195528,-0.1596055417551018,0.00038502420883612665,-1.570792252408091,0.6993174645500491,-0.9681325908940361,0.8745257364113171,0.46294584910375436,0,zero,0,-0.0003850242088363487,-0.0026851896773081307,2.4405660919522605,1.2886459841373392,1.3975706168297328,-0.457671479612205,0.10531745998258826,2.44228202487682,1.3053054656386238,1.460782360667566,-0.3751150742370253,0.1409093764920512,-0.03194924453699871,0.02845791930358043,-0.02440409035639205,0.15954765322414796,2.9583558876141263,-8.921384817547509,-16.22682570777161,0.7583360000001435,-0.3452470004558563,-4.0743868057191435e-06,5.285795126042103e-07,0.0,0.0,0.0,1,-0.13047133893216373,-4.5,9.0,8.497398230230832,-0.13047133893216373,-1.6926129813467643,-0.7494593642193639,-3.793984462281091,-0.00465125331740838,0.0014670416912784519,0.0007172427303267704,0.051013280979797945,-0.06431486682203348,-0.2949954863051105,0.0,0.0,0.0,0.0,0.0,-0.24464905106349843,-30.0,30.0,28.32466076743611,51.013196927349306,-2.8073870186532357,9.749459364219364,12.291382692511924,-0.24464905106349843,-32.862949485527665,42.34994280017272,28.32466076743611,60.62868434012703,4.669999999999945
0.0,0.0,0.0,0.0,0.0,0.0,0.0,0.0,0.0,0.0,0.0,0.0,0,0.0,-1.5707963267948966,nan,-0.22925768373695596,-0.19225883449997536,-0.11283945371594375,-0.002503938857481458,-1.5707917171008676,-0.2460726016303684,-0.20711864918440165,0.6996600785198589,-0.10244339092876403,0.7185550254446588,-0.547456323054743,-0.46001441508948804,-0.07070811020690182,0.024731228794636878,-0.01681491789341244,-0.014859814684426292,0.010396062787179722,0.0019831216687016106,-0.00030679918438004244,-0.000245573878814102,0.0019437950723730623,7.561283190202178,-9.016226114845312,-0.13671451009360497,-0.11564727987188372,-1.5707918262600606,0.6978528459855795,-0.9695331925678162,0.8745415175292636,0.8249503273236032,0,zero,0,0.11564727987188395,0.11314334101440249,2.4419391608807697,1.2883346598234064,1.3978479204821832,-0.45790928137551623,0.10221558751213741,2.44374595598841,1.330613784575296,1.3778437272773398,-0.5487777010070245,0.13372280860982613,-0.030319790058049245,0.027006527111282985,-0.023159448897347206,0.1366456690404536,2.095393391866195,-7.359976610296299,-17.031713494684684,0.7318080000001486,-0.5003690123558044,-4.50053483591617e-06,1.091591927959712e-07,0.0,0.0,0.0,1,-0.08050028813667559,-4.5,9.0,9.0,-0.08050028813667559,-3.068573404365484,3.7807989046019395,-0.5555322335783603,-0.004657982306022968,0.001467068164550762,0.0012780968363773708,0.041318799687623184,-0.05904423649657443,-0.3418184477923151,0.0,0.0,0.0,0.0,0.0,-0.15094747447342133,-30.0,30.0,30.0,51.961743476716116,-1.431426595634516,5.219201095398061,9.55553223357836,-0.15094747447342133,-41.580697623289,67.08918377507433,77.48406373086199,110.60612963047491,4.679999999999945
0.0,0.0,0.0,0.0,0.0,0.0,0.0,0.0,0.0,0.0,0.0,0.0,0,0.0,-1.5707963267948966,nan,-0.22196426973635786,-0.1856773841722535,-0.10851844903303673,-0.0026971302821039433,-1.5707917107321325,-0.24630598268166148,-0.20676789742778398,0.6983583120761881,-0.10237484483694514,1.065634329899581,-0.7526795051891189,-0.6230698571104198,-0.42524585910881374,0.032788299910356804,-0.02434171294530363,-0.02109051325553049,0.006143604196091584,0.006936335852120977,-0.005213169457257177,-0.0043098869707171306,-0.001536389782243579,5.431827787442096,-6.493254670882937,-0.1139717059701419,-0.2167278802410202,-1.5707914961363363,0.6966212494476732,-0.9695919793414814,0.8745415175042932,0.8252659213748389,0,zero,0,0.2167278802410202,0.21403074995891647,2.4432409263124706,1.2880395025872975,1.3981108237504383,-0.4581347340885219,0.243807304791111,2.444976916039278,1.3411195655546753,1.3308212714827543,-0.6863749831248563,0.12664969932976036,-0.02871606074172171,0.02557804890686149,-0.021934457329940066,0.11392392496857931,0.2454198098787459,-2.603906763151034,-10.82413047300044,0.704512000000153,-0.8703618049621582,-4.830658560273093e-06,-2.1459579624405478e-07,0.0,0.0,0.0,1,-0.03708532652496004,-4.5,9.0,9.0,-0.03708532652496004,-3.8114669581443024,6.44538786978668,2.3455133334900724,-0.004658264738593261,0.0014670681645088737,0.0012785857867360821,0.015620854715271942,-0.030614535973508838,-0.24614483524036507,0.0,0.0,0.0,0.0,0.0,-0.06953933344264024,-30.0,30.0,30.0,51.961570758772254,-0.6885330418556976,2.55461213021332,6.654486666509928,-0.06953933344264024,-35.71854777693125,58.68847296289066,88.41590778786505,111.97110832567489,4.689999999999944
0.0,0.0,0.0,0.0,0.0,0.0,0.0,0.0,0.0,0.0,0.0,0.0,0,0.0,-1.5707963267948966,nan,-0.21539056914626786,-0.1798027843598573,-0.10394160691149645,-0.002879912691811759,-1.5707917047151572,-0.2465263189370084,-0.20643579625758493,0.6971266838196946,-0.10230999071823077,0.986084497360933,-0.6794036845436918,-0.5542498642197136,-0.4511988002825901,0.0410050534590339,-0.031135749790740547,-0.026633011897727626,0.0016316161932656836,0.011092430795368213,-0.007990661665159986,-0.00655665256703581,-0.004025127851156839,1.2539478044325567,-1.5021316685606683,-0.09542614556596754,-0.2642849369725062,-1.5707914311824611,0.6955944461966582,-0.6244162185330224,0.8745415175041473,0.8252664620731642,0,zero,0,0.2642849369725062,0.2614050242806947,2.4444725536092733,1.2877602481993808,1.3983595619898448,-0.4583480395802133,0.2850159168760885,2.446003477625951,1.3299920297713137,1.3414683382050272,-0.7344125147049546,0.11969621482049281,-0.027139454681135287,0.024173730003679093,-0.02073018357271774,0.09542204070626784,-2.0151801805253466,3.559948177639673,-0.41196058702951976,0.6765440000001571,-1.2582006454467773,-4.895612435440455e-06,-2.73532696049017e-07,0.0,0.0,0.0,1,0.0011282727093329247,-2.3728579118200126,6.969134150945458,9.0,0.0011282727093329247,-3.514419218102055,7.191406104391716,4.457246966272112,-0.002999917609646094,0.001467068164508629,0.0012785866244408458,-0.02927507711410661,0.020999510164812735,-0.059563453669436744,0.0,0.0,0.0,0.0,0.0,0.0021156435577215915,-15.819052745466752,23.230447169818195,30.0,41.10834598897797,1.1415613062820422,-0.22227195344625805,4.542753033727888,0.0021156435577215915,-15.819052745466752,23.230447169818195,63.00856163086979,68.99257169247018,4.699999999999944
0.0,0.0,0.0,0.0,0.0,0.0,0.0,0.0,0.0,0.0,0.0,0.0,0,0.0,-1.5707963267948966,nan,-0.21212567432700957,-0.17675435601095968,-0.10205286749993167,-0.003052468235950734,-1.570791699042532,-0.24673390720207702,-0.20612205610543682,0.6959639663964573,-0.10224876415195919,0.4782934403071955,-0.3472483084326905,-0.27346881967495185,-0.18275128452932,0.045389756190932856,-0.03460823287506745,-0.029367700094477145,-0.00019589665202751627,0.01056401637516733,-0.007628594779066359,-0.006183283487222115,-0.0038948670052071496,-3.6830382079374027,4.419963070213065,-0.08760658238367534,-0.23750093212869583,-1.5707917030093705,0.6946965632334073,0.8820450816729615,-0.8748683817095942,0.8252664688820758,0,zero,0,0.23750093212869583,0.2344484638927451,2.445635270124514,1.28749661837433,1.3985943830754772,-0.4585494104158752,0.21392086896768892,2.446901666189601,1.299997539986,1.4071623375655107,-0.6719290053531912,0.11286858719899304,-0.025591384922277416,0.022794829033959043,-0.019547706965816584,0.08764685431330753,-3.4373785032743127,8.098786929600982,10.414741224821014,0.6480000000001606,-1.348587989807129,-4.623785526014501e-06,3.9668384133051404e-09,0.0,0.0,0.0,0,0.04525339421241348,1.4466462392679198,-7.753133059560325,3.8441948994301107,0.04525339421241348,-1.8547042141840224,2.919210158519525,5.054352413369323,0.004237658303029019,-0.001467616488470763,0.0012785866349899033,-0.05557581234225924,0.05584690133916074,0.16880909225631713,0.0,0.0,0.0,0.0,0.0,0.08485541761187601,9.644308261786133,-25.843776865201082,12.81398299810037,30.415766392188154,3.301350453451942,-10.672343218079849,-1.2101575139392127,0.08485541761187601,9.644308261786133,-25.843776865201082,12.81398299810037,30.415766392188154,4.709999999999944
0.0,0.0,0.0,0.0,0.0,0.0,0.0,0.0,0.0,0.0,0.0,0.0,0,0.0,-1.5707963267948966,nan,-0.2145779821765471,-0.17846852294316096,-0.10274174760121543,-0.003214988361617044,-1.5707916937066542,-0.2469290494511197,-0.2058263670913739,0.6948688698015744,-0.10219109740085916,0.3113141448054528,0.22571656004948537,0.20098559462642107,0.07465468523837893,0.0423715282458042,-0.0323510672745726,-0.027357844148212934,0.000550650200356273,0.004988133714698658,-0.0035746261155438566,-0.0027773694082671614,-0.002095171892663463,-7.103884264098028,8.541041273204357,-0.09458319407782564,-0.14405045283825735,-1.5707921475109148,0.6937903949512967,0.9694512712381327,-0.8745415168587573,-0.7019449946392913,0,zero,0,0.14405045283825757,0.1408354644766403,2.446730365862435,1.287248320621595,1.3988155475353259,-0.4587390700113006,0.1180307842279558,2.4478084788283887,1.2664631887112874,1.49441558198671,-0.5247596380356988,0.10617311453056251,-0.02407327946400406,0.02144261794878493,-0.018388118270962418,0.0946442230670483,-3.0586927338824887,8.582015905689971,16.632533125262295,0.6189760000001638,-1.1873934268951416,-4.179283981997628e-06,4.5380426083596603e-07,0.0,0.0,0.0,1,0.05875929591365469,3.7819636529807212,-9.0,-9.0,0.05875929591365469,0.3907550309310934,-2.2155948417697835,2.873949288967291,0.004657588726816937,-0.0014670681634259687,-0.0010875244814679396,-0.05531358204515956,0.06473187299440673,0.31261375094176813,0.0,0.0,0.0,0.0,0.0,0.11018056612348526,25.213091019871477,-30.0,-30.0,49.35293404179203,3.391208622049628,-6.784405158230216,-11.87394928896729,0.11018056612348526,25.213091019871477,-65.42574955240538,-44.04991068045302,82.80480320599425,4.719999999999944
0.0,0.0,0.0,0.0,0.0,0.0,0.0,0.0,0.0,0.0,0.0,0.0,0,0.0,-1.5707963267948966,nan,-0.2214714535750914,-0.18382213725796345,-0.10387069508758379,-0.003367673911532254,-1.5707916886997166,-0.24711205308525142,-0.2055483989609503,0.6938400407196559,-0.10213691937698208,0.8839959526354885,0.6710467764412587,0.5631582445226074,0.11831255102454363,0.03365229218109465,-0.02564059951016001,-0.02172626170298686,0.0017337757106017093,0.002886401087207779,0.002086867587675678,0.001899446892447424,-0.0006069566792735433,-7.145799423502943,8.609210763679135,-0.10733582166181213,-0.028254918263860063,-1.5707925211120437,0.6927757792339265,0.9696054051814963,-0.8745415175037371,-0.825166894812217,0,zero,0,0.028254918263860063,0.02488724435232781,2.447759194137685,1.2870150480958706,1.3990233286834877,-0.4589172527470097,0.1969844536287453,2.448823712280963,1.2455008156641247,1.5642727955967037,-0.3600692686348447,0.09961616082882065,-0.022586581258036573,0.02011838201809788,-0.01725251967146812,0.10738848265430592,-1.3422986931191976,5.560712344470727,15.406842754209407,0.5895680000001662,-0.8621056079864502,-3.8056828528532094e-06,8.324123270675443e-07,0.0,0.0,0.0,1,-0.009057753450142175,3.266634995000952,-9.0,-9.0,-0.009057753450142175,1.8838430606483365,-5.586189293263617,-0.31773763163952196,0.004658329241104069,-0.0014670681645079407,-0.0012784323647272505,-0.031907154687264114,0.048314619502482996,0.31693194336303876,0.0,0.0,0.0,0.0,0.0,-0.016984349240844132,21.77756663333968,-30.0,-30.0,47.68923040831828,1.3827919343526156,-3.413810706736383,-8.682262368360478,-0.016984349240844132,21.77756663333968,-75.0945430593073,-80.96154205996474,112.5532069154463,4.729999999999944
0.0,0.0,0.0,0.0,0.0,0.0,0.0,0.0,0.0,0.0,0.0,0.0,1,0.0,-1.5707963267948966,nan,-0.2295144464605286,-0.19006311448272903,-0.10527975216570831,-0.0035107352219172494,-1.5707916840137062,-0.24728323120494958,-0.20528780102583197,0.6928760618653668,-0.10208615560764561,1.0313439008032599,0.7871814765739032,0.6501575159883921,0.14598208474609908,0.0236160930427744,-0.01776878474442098,-0.015224686543102939,0.0031935965580627,0.008689151406039973,0.006627391860426459,0.005590786330261156,0.0005675715768117436,-4.31301391414467,5.208193128606109,-0.11567559744492979,0.05998131651149774,-1.5707926907619192,0.6916531530707748,0.8637137793504499,-0.874541517504039,-0.8252660978064341,1,zero,0,-0.05998131651149752,-0.06349205173341499,2.44872317223478,1.2867964794475726,1.3992180127533522,-0.45908420408246187,0.2897293989910677,2.4499467233553727,1.2445914210508666,1.5909773267307825,-0.24603790368976192,0.09320415605572507,-0.021132748208966275,0.018823419830700655,-0.016142024772237137,0.11570307473890928,0.7267835356679755,0.5984188147981471,8.087402867655713,0.5598720000001682,-10.614826202392578,-3.636032977372139e-06,1.0067482127951166e-06,0.0,0.0,0.0,1,-0.10704808003860743,1.0109157796732033,-9.0,-9.0,-0.10704808003860743,1.9328138388878278,-7.378599679915286,-3.003225746614407,0.004149588206492695,-0.0014670681645084472,-0.0012785860600818294,0.010280157320218902,0.016689148672813726,0.19705828542440804,0.0,0.0,0.0,0.0,0.0,-0.200727695553361,6.73943853115469,-30.0,-30.0,42.958821251554085,-0.9218980592146244,-1.6214003200847138,-5.996774253385593,-0.200727695553361,6.73943853115469,-55.546170898956696,-81.14592040096979,98.56722489032347,4.739999999999943
0.0,0.0,0.0,0.0,0.0,0.0,0.0,0.0,0.0,0.0,0.0,0.0,0,0.0,-1.5707963267948966,nan,-0.23576923054481888,-0.19478305367600543,-0.10818891844154649,-0.0036443922203692747,-1.570791679640393,-0.2474429028961016,-0.20504420210760216,0.6919754513239267,-0.1020387282013829,0.8398127878902599,0.6095112393138258,0.49635381115062105,0.2956593682100883,0.016714982300037474,-0.011673672351282721,-0.010261148431596728,0.006150190240163583,0.011248053127455493,0.008466684461062718,0.007023785016467051,0.0023452926123009392,0.27251438560229446,-0.32982629548244025,-0.11500452987781015,0.08600782726226464,-1.5707926178375116,0.6904954703289427,-0.543476097864252,-0.4336687771299913,-0.8252664605885253,0,zero,0,-0.08600782726226441,-0.08965221948263391,2.4496237820676035,1.2865922786733046,1.399399899030792,-0.4592401806702748,0.284776005967503,2.4511044873850785,1.2622439503243648,1.5647000243809421,-0.22863617256893445,0.08694359612155267,-0.01971325317425016,0.017559043294253788,-0.015057758599760176,0.11499756136411268,2.369048881052496,-4.737947160726337,-2.796741746997503,0.5299840000001697,-0.4354649782180786,-3.7089573847737256e-06,9.381971186606108e-07,0.0,0.0,0.0,1,-0.16631817319063777,-1.717088687587096,-5.164864976668956,-9.0,-0.16631817319063777,0.737854103866427,-7.116938681315548,-4.881783596284454,-0.0026110524807236254,-0.0007274916560674101,-0.0012785866221406924,0.03721752748383625,-0.030363399074165673,-0.016797921263193905,0.0,0.0,0.0,0.0,0.0,-0.3118660663615934,-11.447257917247308,-17.216216588896522,-30.0,36.435354916661986,-2.454942791453523,1.9520737046465921,-4.118216403715546,-0.3118660663615934,-11.447257917247308,-17.216216588896522,-48.97744544309758,53.16319450554796,4.749999999999943
0.0,0.0,0.0,0.0,0.0,0.0,0.0,0.0,0.0,0.0,0.0,0.0,0,0.0,-1.5707963267948966,nan,-0.23774362748786565,-0.19597837865297346,-0.11184178442476084,-0.0037688745237356436,-1.5707916755713294,-0.24759139352882317,-0.2048172104845571,0.6911366618916407,-0.10199455581390082,0.43617669675442233,0.18259063103251982,0.14223166000131016,0.36970383706964316,0.01649458564071836,-0.009847766040957523,-0.008838831831583627,0.009847228610860015,0.009730343846455252,0.006849604182586198,0.005620786276630461,0.004021103771925057,4.885612354390707,-5.926666171849787,-0.1030496890248691,0.036636944294830665,-1.5707923288151895,0.6894050537185683,-0.9652911708672492,0.8747784795271496,-0.46174513309916954,0,zero,0,-0.03663694429483044,-0.04040581881856653,2.4504625708388756,1.2864020949663333,1.3995692999873492,-0.45938545047043755,0.16765205437771763,2.452194628816363,1.291013408381906,1.4934000624063042,-0.32053756562989416,0.08084104288491983,-0.018329583964215482,0.016326577635279723,-0.01400085760211875,0.10300557201138809,3.0468442316179383,-8.274082082344368,-12.908031361680143,0.5000000000001705,-0.27472302317619324,-3.997979707293098e-06,6.532438598938484e-07,0.0,0.0,0.0,0,-0.16882487688062067,-4.270501173556247,8.271255664817101,1.4054070527335902,-0.16882487688062067,-1.1794887653202988,-2.4038671939024034,-4.538283874336497,-0.004637602124947709,0.001467465675013489,-0.0007153824591370779,0.05134022366482603,-0.05827438198780794,-0.2223647494603405,0.0,0.0,0.0,0.0,0.0,-0.31656642955301084,-28.470007823708315,27.570852216057006,4.684690175778634,39.90914398667334,-3.0910124082359483,10.675122858719504,5.9436909270700875,-0.31656642955301084,-28.470007823708315,27.570852216057006,4.684690175778634,39.90914398667334,4.759999999999943
0.0,0.0,0.0,0.0,0.0,0.0,0.0,0.0,0.0,0.0,0.0,0.0,0,0.0,-1.5707963267948966,nan,-0.2342092345224553,-0.19270648962341289,-0.11295033683513034,-0.0038844215359898904,-1.5707916717978392,-0.2477290350682433,-0.2046064138412055,0.6903580804164018,-0.10195355361404262,0.49168689024081197,-0.36720345048304737,-0.30610923862089967,0.11495546102276988,0.021102664390988478,-0.013519800545787997,-0.011899924217792623,0.010996783221087714,0.004383378963797511,0.0021146371247673483,0.0017034476904211893,0.0034410153932839267,7.194603732941537,-8.74391946776128,-0.08189250470242906,-0.06605289472007136,-1.5707919353582689,0.6884932858753817,-0.9694818270305842,0.8745415200250575,0.8035681970556852,0,zero,0,0.06605289472007136,0.062168473184081474,2.4512411516996533,1.286225562567056,1.3997265414134268,-0.45952029286452933,0.039598370759043724,2.4531058052821813,1.3191028238681,1.4091447313497163,-0.4793933253823588,0.07490312415275709,-0.01698324334205401,0.015127361399157645,-0.012972469648980746,0.08182665741617891,2.4964272641422514,-7.995229068585141,-16.82216089283233,0.4700160000001709,-0.3813106119632721,-4.3914366276709416e-06,2.635604294809468e-07,0.0,0.0,0.0,1,-0.12851692788810132,-4.5,9.0,9.0,-0.12851692788810132,-2.746519929052917,2.6410832109812654,-1.9008816665596893,-0.004657735527712127,0.0014670681687375272,0.0012449694684071116,0.04652852190368252,-0.06170531802028767,-0.32583258678032667,0.0,0.0,0.0,0.0,0.0,-0.2409843013090218,-30.0,30.0,30.0,51.962083035935706,-1.753480070947083,6.358916789018735,10.90088166655969,-0.2409843013090218,-39.873422124077926,60.236244535473155,58.75780303535577,93.11730472150366,4.769999999999943
0.0,0.0,0.0,0.0,0.0,0.0,0.0,0.0,0.0,0.0,0.0,0.0,0,0.0,-1.5707963267948966,nan,-0.22700004439891874,-0.18651401424994787,-0.11001001419682532,-0.003991282546109476,-1.5707916683110112,-0.24785616639635366,-0.20441137922020228,0.689638027138216,-0.10191563324975586,0.9910340406939129,-0.7336321451646921,-0.599744075246178,-0.2902402274018251,0.02864982548928805,-0.020856121997434918,-0.017897364970254404,0.008094380947069463,0.004513293415600536,-0.0034749725895024744,-0.002857604415742572,0.0003584410141685337,6.3301299560795385,-7.704053642313342,-0.059133327156689126,-0.17486060860804908,-1.5707915807634396,0.6878077377555015,-0.9695886072631444,0.8745415175073747,0.825242497305546,0,zero,0,0.17486060860804908,0.17086932606193983,2.451961204408802,1.286062300613474,1.399871962551476,-0.4596449987699339,0.1857168312976916,2.4537906834401024,1.3352754593213965,1.3496474813135255,-0.6315256577403279,0.06913653368032682,-0.015675749023826048,0.013962746450127099,-0.011973754031603528,0.05907607980462597,0.9119692395677216,-4.197570159740653,-13.256708906375202,0.4401280000001707,-0.672636866569519,-4.74603145672603e-06,-8.754757185869266e-08,0.0,0.0,0.0,1,-0.07209218005446631,-4.5,9.0,9.0,-0.07209218005446631,-3.6488700871044553,5.828256303195985,1.1683129208021548,-0.00465824853792953,0.001467068164514043,0.001278549495788777,0.025113319902764566,-0.04030508207842182,-0.2839717175109413,0.0,0.0,0.0,0.0,0.0,-0.13518128643252636,-30.0,30.0,30.0,51.96170006822527,-0.8511299128955447,3.1717436968040147,7.831687079197845,-0.13518128643252636,-38.55313680526077,62.260347860389686,84.59326230575712,111.88714660197887,4.7799999999999425
0.0,0.0,0.0,0.0,0.0,0.0,0.0,0.0,0.0,0.0,0.0,0.0,0,0.0,-1.5707963267948966,nan,-0.21909916637613375,-0.17984841140188781,-0.10528505799496093,-0.00408971682594883,-1.5707916651016953,-0.24797313364398132,-0.20423165297640056,0.6889747550297252,-0.10188070281406716,1.1329112047876313,-0.801784527041266,-0.6485876604258339,-0.4690025766175693,0.03794519850604894,-0.028873967267847578,-0.024383241574512743,0.00340435518089377,0.010269856007842868,-0.0076483419025859915,-0.006217982245288762,-0.0028826212654886312,3.028927940786634,-3.6899241760674295,-0.03941240226556966,-0.24584701788432617,-1.5707914279347626,0.6873336952963753,-0.9569400652064974,0.8745415175043655,0.8252662866039315,0,zero,0,0.2458470178843264,0.24175730105837712,2.452624475992478,1.2859119129916643,1.4000059162291838,-0.45975987075405467,0.2647189635465153,2.454264321555905,1.331351313521048,1.3420585923088224,-0.7140251045113821,0.06354803117122085,-0.014408633678459877,0.012834097971287468,-0.011005881462833492,0.039391034623185155,-1.308573861880961,1.7053784339665001,-4.377077185117766,0.41043200000017,-1.099797248840332,-4.898860133994987e-06,-2.3716693275943612e-07,0.0,0.0,0.0,1,-0.013523087966368289,-3.424261825259204,9.0,9.0,-0.013523087966368289,-3.7544884015959124,7.4811524639782885,3.60827117100629,-0.004597480442986017,0.001467068164508995,0.0012785863525860883,-0.018119735925156068,0.008376134895785921,-0.1310129250645938,0.0,0.0,0.0,0.0,0.0,-0.025357374772863844,-22.828412168394696,30.0,30.0,48.17818017657544,0.33022657633670827,1.5188475360217115,5.39172882899371,-0.025357374772863844,-22.828412168394696,34.81543544313818,72.94651760487497,83.9907496150631,4.789999999999942
0.0,0.0,0.0,0.0,0.0,0.0,0.0,0.0,0.0,0.0,0.0,0.0,0,0.0,-1.5707963267948966,nan,-0.21336184582810885,-0.17502352286444728,-0.10222395988908992,-0.004179993728115727,-1.5707916621604916,-0.24808029053186467,-0.2040667607326886,0.6883664491367157,-0.10184866681105523,0.8065277377708819,-0.5844477435908241,-0.4659996293728569,-0.30290621028590814,0.04526611219680146,-0.03471844470375582,-0.02904323786824131,0.0003752930780346886,0.01218652678438163,-0.008979320545099988,-0.007239173202733741,-0.003934159243805191,-1.7834306214828768,2.1740135182866736,-0.02852009201243492,-0.24946694430208494,-1.570791600972242,0.6870105319055491,0.5306517817790386,-0.8655732693547458,0.825266462999066,0,zero,0,0.24946694430208494,0.245286950573969,2.4532327814036163,1.2857739881862507,1.4001287689926625,-0.4598652231485317,0.23249987321851032,2.4545875954028484,1.3063873223551397,1.393322122771624,-0.6913454934683025,0.05814444227736923,-0.013183444927753748,0.01174279446459977,-0.010070034077107602,0.028545433779030148,-3.1337792150358466,7.100444793825747,6.778597058523444,0.38102400000016867,-1.4089534282684326,-4.725822654538803e-06,-6.118824957823676e-08,0.0,0.0,0.0,1,0.0537834385862423,0.2989378735171347,-3.4231953829049284,9.0,0.0537834385862423,-2.499303358029784,4.6792408516222155,5.273129687853652,0.0025494399048266,-0.0014520236742379448,0.001278586625875347,-0.04912937060967812,0.047301741009267775,0.09409934368541878,0.0,0.0,0.0,0.0,0.0,0.10085025048985993,1.9929191567808981,-11.410651276349762,30.0,32.15874469081389,2.7982412315469185,-8.102436234527143,3.726870312146348,0.10085025048985993,1.9929191567808981,-11.410651276349762,31.874626258006757,33.91425451305932,4.799999999999942
0.0,0.0,0.0,0.0,0.0,0.0,0.0,0.0,0.0,0.0,0.0,0.0,0,0.0,-1.5707963267948966,nan,-0.21305135894010216,-0.17466190106407303,-0.10223932531001215,-0.004262392783848101,-1.5707916594777445,-0.24817799871974225,-0.20391620733725369,0.6878112259186375,-0.10181942612182765,0.04616955670162973,-0.04081950758842712,-0.021106840493934076,0.004460611014980853,0.04571511318001836,-0.03512663977964009,-0.029254306273180652,0.0004198991881844971,0.00838516382074942,-0.006247286780344457,-0.004958052565254559,-0.002588454161292241,-6.098776608918883,7.439085099770249,-0.032918727427059376,-0.17752846862445626,-1.5707920276099427,0.686710539251452,0.9684981232098829,-0.8745418668325237,-0.3301467230035115,0,zero,0,0.17752846862445626,0.17326607584060838,2.4537880041814164,1.285648099130873,1.400240901239639,-0.45996138216345794,0.1342182427915629,2.4548881498949005,1.2721798428126088,1.479517721286823,-0.567418900524976,0.05293265859900467,-0.01200174534636783,0.01069022775087946,-0.009167405430447223,0.03297534011440028,-3.358456521373177,9.053662570852577,15.314720571604225,0.3520000000001668,-1.3595404624938965,-4.299184953815427e-06,3.6813219850273526e-07,0.0,0.0,0.0,1,0.10254800674431824,3.353158185913366,-9.0,-7.51092270407126,0.10254800674431824,-0.2838401753269911,-0.5068369806691972,3.866601325428115,0.0046530094646682636,-0.0014670687505168739,-0.0005114968359126697,-0.058245617435046956,0.06607110802217114,0.27739989814115323,0.0,0.0,0.0,0.0,0.0,0.19228953074126803,22.35438790608911,-30.0,-25.036409013570868,45.01752336828791,3.6369983612403574,-8.493163019330803,-11.377524029499375,0.19228953074126803,22.35438790608911,-56.639548998095485,-25.036409013570868,65.83780009175585,4.809999999999942
0.0,0.0,0.0,0.0,0.0,0.0,0.0,0.0,0.0,0.0,0.0,0.0,0,0.0,-1.5707963267948966,nan,-0.21798496588198796,-0.178558227946731,-0.10341515059404363,-0.0043372038008919755,-1.5707916570435354,-0.24826662816229822,-0.20377947682188818,0.687307132589127,-0.10179287797049799,0.6417558789978196,0.4844977499329828,0.4033057398023482,0.12023734353611426,0.03944264486246438,-0.030281662280310262,-0.02522124887515717,0.0016222726235456397,0.0014493770968576956,-0.000933221161694163,-0.000615573950919223,-0.0009224212395709114,-7.286659349871014,8.895433731660411,-0.047677426439447994,-0.06561427321609759,-1.5707924633161,0.6863035046903645,0.969600061917975,-0.8745415175020438,-0.8245367506170045,0,zero,0,0.06561427321609781,0.06127706941520561,2.454292097110816,1.2855338030586618,1.4003427073526422,-0.4600486860015939,0.1758014913095885,2.4552958338344113,1.2458875361726476,1.5608965440632379,-0.4004181912964906,0.04791963768470963,-0.010865112461834869,0.009677802969805954,-0.008299200500466283,0.04773408239237455,-1.9824449007090124,7.087109117319515,16.603539792737696,0.32345600000016433,-1.0868866443634033,-3.863478796439779e-06,8.062725642687951e-07,0.0,0.0,0.0,1,0.06226216421701255,3.7333869251985554,-9.0,-9.0,0.06226216421701255,1.5728229833961327,-4.555422503024422,0.7262992957880977,0.004658303570165591,-0.0014670681645051,-0.0012774560813369818,-0.04111587958710629,0.05744454279507419,0.3310760396487459,0.0,0.0,0.0,0.0,0.0,0.11674885471031793,24.889246167990372,-30.0,-30.0,49.18829337460184,2.1605639418024225,-4.444577496975578,-9.726299295788097,0.11674885471031793,24.889246167990372,-77.65334709346045,-72.73930493490982,109.27276422941418,4.819999999999942
0.0,0.0,0.0,0.0,0.0,0.0,0.0,0.0,0.0,0.0,0.0,0.0,1,0.0,-1.5707963267948966,nan,-0.22574572501317336,-0.18470020833903608,-0.10480127097179376,-0.004404726961372507,-1.5707916548476748,-0.24834655747074538,-0.20365603236090474,0.6868521464565163,-0.10176891589015988,1.001194426156472,0.7680829822738239,0.6265424853288515,0.1410082458088241,0.029653264060882145,-0.022600832457572023,-0.018955824021868656,0.0030323550816338807,0.005865703683166128,0.004490458188197256,0.00375991266255684,0.00032453309339053413,-5.316785090844525,6.498224264498942,-0.06332782365081684,0.0340989139190615,-1.5707927087253648,0.6857329351689078,0.9696070961826357,-0.8745415175040123,-0.8252652265534621,1,zero,0,-0.0340989139190615,-0.03850364088043401,2.454747082881985,1.2854306413527072,1.4004345958321924,-0.46012748497258427,0.2834887971619425,2.455866859520986,1.2395326233162225,1.6019077690762065,-0.26604869525069386,0.043112403031387,-0.009775138754553558,0.008706938579916697,-0.0074666356863661906,0.06336314852236304,0.23579305967748926,2.049173910804655,10.681103953889068,0.2954880000001613,-10.798656463623047,-3.6180695319742995e-06,1.0538776900048674e-06,0.0,0.0,0.0,1,-0.04937039356067279,1.8864300720371114,-9.0,-9.0,-0.04937039356067279,2.1137903175460933,-6.846989307648027,-2.186873024315024,0.0046583373652750075,-0.0014670681645084025,-0.001278584710248233,-0.007872889287055129,0.025939435513904905,0.24062811020015715,0.0,0.0,0.0,0.0,0.0,-0.09257527388087904,12.57620048024741,-30.0,-30.0,44.25120776544646,-0.22736024550898182,-2.153010692351973,-6.813126975684976,-0.09257527388087904,12.57620048024741,-67.41508438140691,-85.6110777692656,109.69147472647164,4.8299999999999415
0.0,0.0,0.0,0.0,0.0,0.0,0.0,0.0,0.0,0.0,0.0,0.0,1,0.0,-1.5707963267948966,nan,-0.23286062063705565,-0.19026762496940225,-0.10745461401722955,-0.004465272919673913,-1.570791652879695,-0.24841817427873772,-0.20354531623021455,0.6864441742643541,-0.10174742968885822,0.9434176150027501,0.7043278815889953,0.5678132761056359,0.26748292467374535,0.021234559413589763,-0.01555755364168207,-0.013277691260812297,0.005707184328371334,0.010116742821490818,0.007675573135935716,0.006280913799539135,0.001996042132282488,-1.2490197593003143,1.5286211357623274,-0.06649193099575791,0.0814950637317513,-1.570792711483773,0.6850796415792434,-0.12399859785344525,-0.874541517504051,-0.8252664514774101,1,zero,0,-0.0814950637317513,-0.085960336651425,2.4551550547498047,1.2853381393965302,1.4005169894299896,-0.46019814160717454,0.31066982020014045,2.456520328905744,1.2532731565010284,1.5904026117578467,-0.21641717328778276,0.038518044084265256,-0.008733431657789696,0.00777906635860821,-0.006670938808936731,0.06649628897807414,2.0732018746040404,-3.350393447895346,0.6968224698190206,0.26819200000015764,-10.574657440185547,-3.615311123361664e-06,1.0586040781745965e-06,0.0,0.0,0.0,1,-0.1571211549078242,-1.0163206763806691,-8.869434254013287,-9.0,-0.1571211549078242,1.2005851833481342,-7.937433261611309,-4.343919703622364,-0.0005957333685949129,-0.0014670681645084672,-0.0012785866080248273,0.031867379416697275,-0.020500949983807425,0.06423170031542386,0.0,0.0,0.0,0.0,0.0,-0.29462057923837276,-6.775471175871128,-29.56478084671096,-30.0,42.662279327935806,-2.2169058597288034,-0.9320009924019779,-4.656080296377636,-0.29462057923837276,-6.775471175871128,-29.56478084671096,-61.1621891216812,68.27066321349982,4.839999999999941
0.0,0.0,0.0,0.0,0.0,0.0,0.0,0.0,0.0,0.0,0.0,0.0,0,0.0,-1.5707963267948966,nan,-0.23674494533914045,-0.1931912935677843,-0.11143591597623453,-0.004519162900315177,-1.5707916511288411,-0.24848187561124463,-0.2034467497660696,0.6860810515319334,-0.10172830541555491,0.6303528991404144,0.38206233695778913,0.30222350625269956,0.4000426232308285,0.018362124518829577,-0.011736930272104179,-0.010255456198285301,0.00970761056067962,0.010620099717084046,0.007650590353489833,0.00619114164472289,0.0039905827116944815,3.5161528522589576,-4.308743677781498,-0.059666934461021365,0.05581919286379944,-1.5707924733979528,0.684445805940218,-0.9552655980849913,0.874380856653027,-0.8252664660138376,0,zero,0,-0.055819192863799216,-0.06033835576411484,2.455518177193342,1.2852558064245572,1.4005903252821008,-0.4602610307714241,0.2235326285583822,2.457154006573247,1.281185504227977,1.527962808368894,-0.27662050342304007,0.03414371623690348,-0.007741613557677329,0.006895631402137103,-0.005913349110556932,0.05963417932256616,3.120837091856622,-7.857025353171392,-10.297537624105544,0.24166400000015342,-0.3603281080722809,-3.853396943753751e-06,8.222691114667668e-07,0.0,0.0,0.0,0,-0.18553229941850208,-3.6908967752671753,4.451380294642545,-3.9731504803364697,-0.18553229941850208,-0.6203988151277777,-4.568976939933777,-4.994640088132034,-0.004589435707350576,0.001466798651380614,-0.0012785866305461372,0.05112397527770367,-0.05361778242751925,-0.1651871679792456,0.0,0.0,0.0,0.0,0.0,-0.3478948048349936,-24.60597850178117,14.83793431547515,-13.243834934454899,31.64077539104867,-3.070497960139398,9.020357234576323,1.021489607795564,-0.3478948048349936,-24.60597850178117,14.83793431547515,-13.243834934454899,31.64077539104867,4.849999999999941
0.0,0.0,0.0,0.0,0.0,0.0,0.0,0.0,0.0,0.0,0.0,0.0,0,0.0,-1.5707963267948966,nan,-0.2354101901551446,-0.19190568008390346,-0.11389043136756105,-0.004566728795825092,-1.5707916495840637,-0.24853806825495123,-0.20335973332292642,0.6857605418947851,-0.10171142532608593,0.307882548189267,-0.13909478277024379,-0.1198597040737659,0.2471395480795502,0.021257109567484524,-0.013127878099806617,-0.01145405323902296,0.012179006041475121,0.006847287889109877,0.004165722176122825,0.0033224826635747107,0.004300374302075903,6.750680834313153,-8.280874297998013,-0.04199873377997241,-0.03427092559822564,-1.5707920783359095,0.6839448685267316,-0.9693491925334349,0.8745415402054579,0.6919429100051643,0,zero,0,0.034270925598225865,0.029704196802400773,2.455838686575353,1.285183135372586,1.4006550550421522,-0.46031653978092657,0.0592144321502146,2.457654433663326,1.3126516497031528,1.4388271427447572,-0.42438014488270454,0.02999664083118888,-0.006801321793218183,0.0060580921256195705,-0.0051951172551946345,0.04193640458131358,3.00504977964948,-9.076320891226455,-16.755117608358262,0.2160000000001486,-0.3892306089401245,-4.248458987277104e-06,4.287518455825534e-07,0.0,0.0,0.0,1,-0.16281362599671012,-4.5,9.0,9.0,-0.16281362599671012,-2.345332198347562,0.7546912371837458,-2.845198054457246,-0.0046570983044116505,0.0014670682025907204,0.0010720282360521332,0.05303871929907722,-0.0670843449837322,-0.3147103450350504,0.0,0.0,0.0,0.0,0.0,-0.3052946296581851,-30.0,30.0,30.0,51.962421083037476,-2.154667801652438,8.245308762816254,11.845198054457246,-0.3052946296581851,-38.8805145610215,54.9980605320216,43.98880790146414,80.44619009136808,4.859999999999941
0.0,0.0,0.0,0.0,0.0,0.0,0.0,0.0,0.0,0.0,0.0,0.0,0,0.0,-1.5707963267948966,nan,-0.2299095921499314,-0.18730904904360218,-0.11229335454159484,-0.0046083132646193015,-1.5707916482340116,-0.24858716912864467,-0.20328364622987094,0.6854803364452215,-0.10169666784910938,0.7330635016675265,-0.5549698878906661,-0.45205439472457976,-0.15823193489896692,0.0267643308513029,-0.01867757697871328,-0.015974597186268757,0.010596686692485452,0.0021807902492490664,-0.0009210210356698882,-0.0007972964010616625,0.0018088352086156143,6.747358747379538,-8.281781871055992,-0.02014045589137734,-0.14514427004992125,-1.5707916668958504,0.6836506012384372,-0.969581693647941,0.8745415175037828,0.8251497229575746,0,zero,0,0.14514427004992125,0.14053595678530195,2.4561188918017445,1.2851196027282625,1.4007116450145132,-0.46036506851502096,0.1442654539731048,2.457948011357668,1.3361175448716809,1.361219585676423,-0.589395152906567,0.02608410515732912,-0.005914208656279932,0.005267920263029847,-0.004517505328405171,0.020076515307113303,1.770701931386948,-6.420694214015988,-15.332443474598039,0.19129600000014318,-0.5836114287376404,-4.659899046188798e-06,1.8661838740996473e-08,0.0,0.0,0.0,1,-0.10385758223936842,-4.5,9.0,9.0,-0.10385758223936842,-3.4359500080180307,4.7231926061874265,0.3286228260302646,-0.00465821532246302,0.0014670681645080174,0.0012784057603459121,0.03735720341960824,-0.053998437892236524,-0.31673543587592845,0.0,0.0,0.0,0.0,0.0,-0.19474513826995765,-30.0,30.0,30.0,51.96188916570374,-1.0640499919819693,4.2768073938125735,8.671377173969736,-0.19474513826995765,-42.950690388935584,69.56857445125952,82.03479922675788,115.82009569116232,4.869999999999941
0.0,0.0,0.0,0.0,0.0,0.0,0.0,0.0,0.0,0.0,0.0,0.0,0,0.0,-1.5707963267948966,nan,-0.2231093578165454,-0.18173750508075057,-0.10794446887276518,-0.004644269828875558,-1.5707916470670247,-0.24862960565201117,-0.20321784674496038,0.6852380530728357,-0.10168390755203971,0.9794761352368367,-0.6842670856752497,-0.5505744477941055,-0.433612537175998,0.03393939828054333,-0.025520247835465776,-0.021480341664209812,0.006260561320725472,0.006864233610815095,-0.005166650228286114,-0.004194603295396254,-0.0016818833718916324,4.021830158752173,-4.937301954585712,-0.0002584041456524505,-0.22890169171317254,-1.5707914044768052,0.6835660095952719,-0.969600484967192,0.8745415175040542,0.825266022222367,0,zero,0,0.22890169171317254,0.22425742188429698,2.4563611749810725,1.2850646683815479,1.4007605762874886,-0.4604070295310111,0.2576175776334943,2.4580320699924068,1.3418008858521986,1.3278154917700389,-0.700873327975254,0.0224134624538714,-0.0050819413916005215,0.004526600867204057,-0.0038817868373346594,0.0002233884653228815,-0.32189242781333194,-1.0214649192831735,-7.711407946257653,0.16764800000013713,-0.9283720254898071,-4.922318091349354e-06,-2.425902194680418e-07,0.0,0.0,0.0,1,-0.032640824709096024,-4.5,9.0,9.0,-0.032640824709096024,-3.9895169016877743,6.935609865277618,3.001694932585494,-0.004658305602644502,0.0014670681645084726,0.0012785859429793156,0.007493302158615485,-0.02058365425325245,-0.19099544931843654,0.0,0.0,0.0,0.0,0.0,-0.06120537166528413,-30.0,30.0,30.0,51.961560273894015,-0.5104830983122257,2.064390134722382,5.998305067414506,-0.06120537166528413,-32.212863139229775,52.11643372011115,81.5672219223084,102.01473743312833,4.87999999999994
0.0,0.0,0.0,0.0,0.0,0.0,0.0,0.0,0.0,0.0,0.0,0.0,0,0.0,-1.5707963267948966,nan,-0.21773529296983976,-0.1773885342902845,-0.10423148179351832,-0.0046749629724092134,-1.570791646071124,-0.24866581611115246,-0.20316167200682608,0.6850312358050276,-0.10167301510696652,0.7836113929260454,-0.5410275305846923,-0.42927960523317654,-0.3702094634173675,0.040342256274746136,-0.0309305231413127,-0.025773137716541578,0.002558466686551797,0.009710084557634504,-0.007038825790965663,-0.005648269455450029,-0.003582977220061394,-0.453327091822185,0.5564016920562063,0.013113831324142329,-0.2517173732822622,-1.5707914437586128,0.6836448344203544,-0.17651067760583408,0.08035553364963777,0.8252664581738313,0,zero,0,0.2517173732822622,0.2470424103098532,2.4565679920840178,1.2850177754751926,1.4008023448665052,-0.4604428481783799,0.2607252903915753,2.4579531783615876,1.3250121521840368,1.3544234597045608,-0.713869774828951,0.01899213190768721,-0.004306202196784709,0.0038356323098371406,-0.0032892467107173717,-0.013102233844896553,-2.5196262326944754,5.023505476979254,3.2215758388945637,0.14515200000013048,-1.2014154195785522,-4.883036283764852e-06,-2.0231251118829618e-07,0.0,0.0,0.0,1,0.04728804965472832,-1.398758602639451,3.2866023995366764,9.0,0.04728804965472832,-3.3050919141805983,6.35967416237858,4.875024219446638,-0.0008480200775122923,0.0001347986835386879,0.0012785866183996032,-0.03775793618765019,0.031586903735178994,0.025360922099184502,0.0,0.0,0.0,0.0,0.0,0.08867063501730418,-9.325057350929674,10.955341331788922,30.0,33.271369986455994,1.9063333115411474,-3.0730717628419035,4.124975780553362,0.08867063501730418,-9.325057350929674,10.955341331788922,48.04645260797109,50.154218855303256,4.88999999999994
0.0,0.0,0.0,0.0,0.0,0.0,0.0,0.0,0.0,0.0,0.0,0.0,0,0.0,-1.5707963267948966,nan,-0.21651422388959318,-0.1764440058289021,-0.10323601360468773,-0.004700768238552477,-1.5707916452340043,-0.2486962500190762,-0.20311443798280454,0.6848573541475161,-0.10166385725655419,0.18287167961137937,-0.1251502988170311,-0.08972944373608627,-0.09863103384182559,0.04182662349099694,-0.03218202612948301,-0.02667043215390244,0.001572156348133541,0.007658974059259337,-0.0055171211934745175,-0.004355999651926016,-0.0030408098278817417,-5.052860047238351,6.200220303400634,0.012921753729524383,-0.19933063673481377,-1.5707917891263996,0.6837844775742548,0.9560893177415641,-0.8745553783253087,0.41272133691165547,0,zero,0,0.199330636734814,0.19462986849626152,2.456741873602874,1.284978350255206,1.4008374618073023,-0.46047296271300575,0.16146329769812676,2.4578139854242167,1.2923649281220975,1.429325940970328,-0.6192277802846015,0.015827598653962154,-0.0035886882223017586,0.0031965262814807904,-0.002741181298873965,-0.012871005488677192,-3.5137923470009595,8.578876957432445,13.063467424426888,0.12390400000012321,-1.1860071420669556,-4.537668496951142e-06,1.4389239533230125e-07,0.0,0.0,0.0,1,0.1251031691813004,2.269952066463341,-9.0,-1.8673931242143267,0.1251031691813004,-1.3352883631629948,1.4975897584365214,4.464496071593638,0.004593393149565915,-0.0014670914164286954,0.0006394298147909023,-0.058285247403582416,0.06069175242070495,0.22648648596871487,0.0,0.0,0.0,0.0,0.0,0.23458310365891694,15.133013776422274,-30.0,-6.224643747381089,34.17322526440428,3.6052404296263356,-10.497589758436522,-6.331889195807965,0.23458310365891694,15.133013776422274,-38.07926223652665,-6.224643747381089,41.44682783338049,4.89999999999994
0.0,0.0,0.0,0.0,0.0,0.0,0.0,0.0,0.0,0.0,0.0,0.0,0,0.0,-1.5707963267948966,nan,-0.22067174259474864,-0.17985130144891312,-0.10378071576901254,-0.004722072328023019,-1.5707916445430297,-0.24872136846932155,-0.20307543941283338,0.6847138024248651,-0.10165629677991922,0.5409128352635563,0.41324002549101013,0.34462941899821853,0.055226264095978306,0.03647814759430545,-0.02804962587457291,-0.023224137963920255,0.002124418989093324,0.0019895648866983234,-0.0009215163162682033,-0.0006053988228477622,-0.0016561003540030224,-7.344911906160533,9.011799536815126,-0.0018880405628101907,-0.09345122783466886,-1.570792224341984,0.6838368159141193,0.9695789828425214,-0.8745415174500623,-0.8070836094126376,0,zero,0,0.09345122783466886,0.08872915550664562,2.4568854252110235,1.284945801921329,1.4008664533491166,-0.46049782441137743,0.11607144259947595,2.4577623133856936,1.2608025293647134,1.514393913393615,-0.4598427974238792,0.012927413776232804,-0.0029311115714938003,0.002610807791550904,-0.002238898373717871,0.0019492989677595707,-2.7062076969933253,7.93764138163485,16.857278236410163,0.10400000000011528,-0.9246635437011719,-4.102452912491117e-06,5.797989546252325e-07,0.0,0.0,0.0,1,0.13242088093404628,3.872903623194494,-9.0,-9.0,0.13242088093404628,0.8490563685558649,-3.28704698138574,1.7967087297917856,0.0046582022987895905,-0.0014670681644178996,-0.0012504159022870272,-0.05095463776825997,0.06170209850182097,0.32637617938751823,0.0,0.0,0.0,0.0,0.0,0.24830467079326135,25.819357487963295,-30.0,-30.0,49.66589248468997,3.0238472546386292,-5.71295301861426,-10.796708729791785,0.24830467079326135,25.819357487963295,-70.7361764048356,-59.39612227106296,95.90728267194243,4.90999999999994
0.0,0.0,0.0,0.0,0.0,0.0,0.0,0.0,0.0,0.0,0.0,0.0,0,0.0,-1.5707963267948966,nan,-0.22809483601252462,-0.18585701975455451,-0.10430632253459571,-0.004739273196809224,-1.5707916439852225,-0.2487416444808048,-0.20304394974826606,0.6845978991209896,-0.10165019245848211,0.956725155447072,0.7402817406292728,0.6037207970208708,0.053171108702027015,0.026995116030790144,-0.02064680846828018,-0.017186929993711547,0.002656130076113594,0.005677211275744312,0.004313233474534231,0.0036148083102847846,-0.0007482684969259256,-6.37497063488721,7.823617064311625,-0.019457622542937387,0.01743033083885015,-1.5707925355681802,0.6837202260354931,0.9696081309678163,-0.8745415175038297,-0.8252451511661454,0,zero,0,-0.01743033083885015,-0.022169604035659596,2.4570013284224297,1.2849195224775047,1.4008898610478755,-0.4605178976848115,0.23470986677608902,2.4578794580457592,1.2445738286779184,1.5732185134154728,-0.3063653400822472,0.0102991943063435,-0.0023351993005660296,0.0020800151683188516,-0.0017837171287478069,0.01950379992369993,-0.8267472301508731,4.214949653528549,13.480240489216765,0.08553600000010672,-0.6595211625099182,-3.791226716565177e-06,8.915829576849887e-07,0.0,0.0,0.0,1,0.03347271020019244,2.7942208634198384,-9.0,-9.0,0.03347271020019244,2.0155840088574446,-6.1863500253773624,-1.261779372149685,0.004658342336751073,-0.0014670681645080961,-0.001278553607419167,-0.02417217058964873,0.0399533519426349,0.28731516670256024,0.0,0.0,0.0,0.0,0.0,0.06276525445376419,18.62813908946559,-30.0,-30.0,46.335855505360456,0.7786368545623938,-2.8136499746226376,-7.738220627850315,0.06276525445376419,18.62813908946559,-71.32905483355464,-84.57674548905055,112.19657502072654,4.9199999999999395
0.0,0.0,0.0,0.0,0.0,0.0,0.0,0.0,0.0,0.0,0.0,0.0,1,0.0,-1.5707963267948966,nan,-0.23558829509146284,-0.19186130513429817,-0.10559281427427661,-0.004752780154036351,-1.570791643547258,-0.2487575633318829,-0.20301922108473797,0.6845068862196784,-0.10164539904178566,0.969175090209787,0.7477540227860124,0.6029014043271747,0.12912851563773586,0.017706236228033245,-0.013169268240420057,-0.0111579159504398,0.003947415232490953,0.010143423462347223,0.007846628187371068,0.0064178560477374975,0.0003613715209713881,-2.9189958767280464,3.5842214591958923,-0.030503195313723554,0.08797810260931982,-1.5707926280855433,0.6834610712846255,0.6056460017324727,-0.8745415175040333,-0.8252662946277397,1,zero,0,-0.08797810260931982,-0.09273088276335617,2.457092341251116,1.2848988865823492,1.4009082419093826,-0.46053366019366754,0.3045475836190877,2.458138906859267,1.2485000507800685,1.5846816121784122,-0.2204282489242549,0.007950623224480662,-0.0018026934185944902,0.0016057000589184104,-0.0013769681790537225,0.030520578665207687,1.173354293750632,-1.0154089338747967,4.780409939501128,0.06860800000009752,-10.480785369873047,-3.6987093530171933e-06,9.845382855644402e-07,0.0,0.0,0.0,1,-0.08670917233513058,0.37154612366236783,-9.0,-9.0,-0.08670917233513058,1.7298358238328455,-7.674024173040761,-3.6824697095093573,0.0029097388118417477,-0.0014670681645084377,-0.001278586365017387,0.0174147708245075,0.006079811685561733,0.13827843357202352,0.0,0.0,0.0,0.0,0.0,-0.1625898599946195,2.476974157749119,-30.0,-30.0,42.49896276899861,-1.3582897001704777,-1.3259758269592394,-5.317530290490643,-0.1625898599946195,2.476974157749119,-45.318349377105235,-73.57341522267164,86.44629578087054,4.929999999999939
0.0,0.0,0.0,0.0,0.0,0.0,0.0,0.0,0.0,0.0,0.0,0.0,0,0.0,-1.5707963267948966,nan,-0.2404658166574017,-0.19570721578214753,-0.10868135323212738,-0.004763013959848017,-1.5707916432154565,-0.24876962288154622,-0.20300048408812457,0.6844379285451142,-0.10164176721328305,0.6940442508921797,0.48654620162755235,0.386464764446276,0.30921707863533765,0.013103462584668957,-0.008303806224144533,-0.007293268305977041,0.007039586018844329,0.011120915189943056,0.008459754027174766,0.006842891344066871,0.0022982938269292784,1.9563506628606262,-2.403705686110906,-0.031349876004065975,0.08907491644478926,-1.570792480960071,0.6831452857690606,-0.7994403115348613,0.6200370786459528,-0.8252664629883696,0,zero,0,-0.08907491644478949,-0.0938379304046375,2.457161298870647,1.2848832513996244,1.4009221685225068,-0.4605456029615634,0.262689595852235,2.4584546617247187,1.2695220201030393,1.5429141843206715,-0.24007689542200158,0.005889449459143546,-0.0013353508875194433,0.0011894274293398563,-0.001019993561311735,0.03132961106694306,2.609752000398501,-6.143142026411771,-6.632601223582597,0.05331200000008767,-0.33937934041023254,-3.845834825710881e-06,8.377446145679812e-07,0.0,0.0,0.0,1,-0.15931142520814406,-2.3442818627295257,-1.1558240392383479,-9.0,-0.15931142520814406,0.32006484466707924,-6.0934075903791545,-5.324078821365057,-0.003840795605964161,0.0010401297602112944,-0.001278586625858775,0.041734224711155635,-0.040515449630255725,-0.08935943175643438,0.0,0.0,0.0,0.0,0.0,-0.29872759273981636,-15.628545751530172,-3.85274679746116,-30.0,34.04679630108659,-2.664346707396605,4.937583551140807,-3.675921178634943,-0.29872759273981636,-15.628545751530172,-3.85274679746116,-33.44190355736732,37.11529673743617,4.939999999999939
0.0,0.0,0.0,0.0,0.0,0.0,0.0,0.0,0.0,0.0,0.0,0.0,0,0.0,-1.5707963267948966,nan,-0.24016562065807623,-0.19535993470151128,-0.11178985793222657,-0.004770406923278792,-1.5707916429757776,-0.2487783338755722,-0.2029869479125949,0.6843881131023861,-0.10163914355608342,0.31441896965378646,-0.030890699335142657,-0.033374490510656996,0.311112835729882,0.015342332346645107,-0.00861271321749596,-0.007627013211083611,0.01015071437614315,0.00781962522922292,0.005424297650082146,0.0043317642431980625,0.003599910036398638,6.215724041041453,-7.641142218323617,-0.020161269943572292,0.014546227384073962,-1.570792142349603,0.6828874553139682,-0.9679618306460884,0.8745098339595929,0.31514320050430533,0,zero,0,-0.014546227384073962,-0.019316634307352754,2.4572111142736146,1.284871956448708,1.4009322291923716,-0.4605542304895919,0.11384096832644792,2.458712080431812,1.298976984729712,1.462324084162652,-0.3657407214806146,0.004123487887177305,-0.0009349436221528632,0.0008327755644366411,-0.0007141467337898532,0.020104197856831558,3.0027615689540967,-8.817291485765077,-15.664518851346369,0.03974400000007717,-0.2703247666358948,-4.184445293375916e-06,4.993738254022162e-07,0.0,0.0,0.0,1,-0.1687749956579459,-4.5,9.0,7.292464907312331,-0.1687749956579459,-1.5893547198812743,-0.9818313945910478,-3.9252230216676964,-0.00465043292444029,0.0014670150144652928,0.0004882518549657987,0.05152731472123222,-0.06335355149790615,-0.28270512037701,0.0,0.0,0.0,0.0,0.0,-0.31647289641467446,-30.0,30.0,24.30821635770777,48.89774573114078,-2.9106452801187257,9.981831394591048,11.217687928980027,-0.31647289641467446,-32.00127605999391,40.13257255630418,24.30821635770777,56.795198626664344,4.949999999999939
0.0,0.0,0.0,0.0,0.0,0.0,0.0,0.0,0.0,0.0,0.0,0.0,0,0.0,-1.5707963267948966,nan,-0.23480114961052506,-0.19095932876626565,-0.11149418638674033,-0.004775403000129241,-1.570791642813813,-0.24878422023537086,-0.20297780010968783,0.6843544484180044,-0.10163737051865254,0.6943487563450881,-0.5370357407349841,-0.43914581323385715,-0.029389850805536244,0.020907576057244727,-0.0139830706248458,-0.012018471343422182,0.009856815868087787,0.002200765132471216,3.5896628986356593e-05,-3.9725616398575414e-05,0.002200113741543882,7.399569418857668,-9.098242598730407,-0.0010680304408861184,-0.09953287687047441,-1.5707917352611802,0.6827927369346688,-0.9695351039259066,0.8745415176571055,0.8244975500889969,0,zero,0,0.09953287687047441,0.09475747387034517,2.4572447789311247,1.284864323455065,1.4009390280735436,-0.460560060870537,0.0889068282278484,2.4588061151318623,1.3250127192963896,1.3792587960489882,-0.5368493798184353,0.00266061933373485,-0.00060325849016979,0.0005373360679176908,-0.0004607925763413738,0.0009980786596294252,2.1858682581342963,-7.446711539477523,-16.988231997649095,0.028000000000065996,-0.38891008496284485,-4.591533716347129e-06,9.244736709490553e-08,0.0,0.0,0.0,1,-0.12281969765085089,-4.5,9.0,9.0,-0.12281969765085089,-3.011458662694679,3.6346187511411583,-0.7873444330366612,-0.004657991488867076,0.0014670681647652205,0.0012773953478974385,0.04257142182997414,-0.059390725604597336,-0.33899189076302344,0.0,0.0,0.0,0.0,0.0,-0.23030132692827845,-30.0,30.0,30.0,51.96203458970005,-1.4885413373053211,5.365381248858842,9.787344433036662,-0.23030132692827845,-41.230092855535716,66.17793253688367,74.3170271751129,107.7149612569214,4.959999999999939
0.0,0.0,0.0,0.0,0.0,0.0,0.0,0.0,0.0,0.0,0.0,0.0,0,0.0,-1.5707963267948966,nan,-0.22703213171263872,-0.18467841577641794,-0.10755582238757883,-0.004778457890839416,-1.5707916427147812,-0.24878781932717042,-0.2029722065272959,0.6843338638804275,-0.10163628638046654,1.0737568683719239,-0.7772616989685899,-0.6275319407455765,-0.3937279860975501,0.029034697004747517,-0.0217556876145317,-0.018293790750877947,0.005919536007112286,0.00674591624939958,-0.005148700975216313,-0.0042025919196999224,-0.00115606464706469,5.534164606936256,-6.803238450316439,0.01788017965294916,-0.20235850673747624,-1.5707914134033971,0.6828919363508437,-0.9695935701958867,0.8745415175051926,0.8252652336217486,0,zero,0,0.20235850673747624,0.19758004884663682,2.4572653634522696,1.2848596562007195,1.4009431853032202,-0.46056362590308825,0.233237991948098,2.4587062644188142,1.336652462409572,1.3305042801156637,-0.6767897819374041,0.0015087905723162563,-0.00034209731211726403,0.0003047138623553633,-0.00026130739041170525,-0.017930622527667615,0.3724077373437329,-2.824830570287667,-11.222316191318583,0.01817600000005416,-0.7254801988601685,-4.913391499439257e-06,-2.2931138410342555e-07,0.0,0.0,0.0,1,-0.04640933487332603,-4.5,9.0,9.0,-0.04640933487332603,-3.7842513051096485,6.369170257775248,2.1432475362323946,-0.004658272381623667,0.0014670681645103823,0.0012785847211991403,0.01746915289492654,-0.031961568849400906,-0.2523040831744055,0.0,0.0,0.0,0.0,0.0,-0.08702294182135015,-30.0,30.0,30.0,51.961597098168596,-0.7157486948903515,2.630829742224752,6.856752463767606,-0.08702294182135015,-36.10664075560078,59.302696027216356,87.73754989454844,111.88558663760588,4.9699999999999385
0.0,0.0,0.0,0.0,0.0,0.0,0.0,0.0,0.0,0.0,0.0,0.0,0,0.0,-1.5707963267948966,nan,-0.21973605395641574,-0.17883914856637298,-0.10307216781070616,-0.0047800391383634455,-1.5707916426635231,-0.24878968220909756,-0.20296931119734704,0.6843232090805699,-0.10163572521760617,1.0364424771278915,-0.7297940638150119,-0.5836371880096114,-0.448309341401229,0.03779472754982578,-0.029053628252681818,-0.02413016263097406,0.0014364425930999958,0.01128390788640792,-0.008283100955598366,-0.006680818266190717,-0.003752796696123672,1.5764147748669803,-1.9368969180247513,0.032003525369858545,-0.2544623291446928,-1.5707913440664365,0.6831538749994424,-0.6886005914835055,0.8745415175043831,0.825266452457558,0,zero,0,0.254462329144693,0.24968229000632913,2.457276018243622,1.2848572403747263,1.4009453371344187,-0.4605654712060579,0.28015465790546956,2.458444053655501,1.326832739529417,1.3387381014119393,-0.7304795044349541,0.0006760143247357128,-0.0001532768614068327,0.00013652718917877375,-0.00011707889903264406,-0.03201072948244509,-1.8907014577807604,3.327747758124527,-1.0602827333698528,0.010368000000041646,-1.1101676225662231,-4.982728460056762e-06,-2.985970866120624e-07,0.0,0.0,0.0,1,0.042051285925575964,-2.5267336957423288,7.481364334845808,9.0,0.042051285925575964,-3.548389135248749,7.303528628813959,4.311323125602296,-0.0033082821667529076,0.0014670681645090244,0.0012785866095433721,-0.02727901036026873,0.019359595003393758,-0.07127798634873707,0.0,0.0,0.0,0.0,0.0,0.0788510893035364,-16.84489130494886,24.937881116152695,30.0,42.49299348284598,1.0216554395064201,0.17783570603184895,4.688676874397704,0.0788510893035364,-16.84489130494886,24.937881116152695,64.63186817716861,71.29469039980532,4.979999999999938
0.0,0.0,0.0,0.0,0.0,0.0,0.0,0.0,0.0,0.0,0.0,0.0,0,0.0,-1.5707963267948966,nan,-0.2155735800017696,-0.1755737978615461,-0.10108130262037249,-0.004780626226045914,-1.5707916426444914,-0.24879037385360409,-0.20296823621094734,0.6843192531523169,-0.1016355168682917,0.5652447118777681,-0.41631655991526684,-0.326427571842719,-0.1990656841019206,0.043059468177243106,-0.033216793851834486,-0.02739443834940125,-0.0005542142479192103,0.011270200273478255,-0.008282851358279497,-0.006618348952784212,-0.0038222041703887214,-3.2764748068429017,4.022826851858333,0.03439063062686923,-0.2335036131385606,-1.570791609267944,0.6834954248121954,0.8524874095893424,-0.8744628230052811,0.8252664673713322,0,zero,0,0.2335036131385606,0.2287229869125147,2.457279974168717,1.2848563434236406,1.4009461360691662,-0.4605661563325971,0.21425357396764766,2.4581027806777986,1.297711480382173,1.4029574570511358,-0.6744226899925341,0.00017036926113804784,-3.8628864318297045e-05,3.440760867713218e-05,-2.950624682523672e-05,-0.03435224481611783,-3.3830311454863904,8.030503084896532,9.83576887283297,0.004672000000028453,-1.2341654300689697,-4.717526952635609e-06,-3.337654774782095e-08,0.0,0.0,0.0,0,0.1372801349173045,1.2901810115823489,-7.183755406776666,4.7781239873880255,0.1372801349173045,-1.9453418015303325,3.229728324509205,5.098878227068628,0.00409565273310306,-0.0014669361522579834,0.001278586632649306,-0.05445850504392706,0.05507895836813493,0.15680641530175604,0.0,0.0,0.0,0.0,0.0,0.25741634149128917,8.601206743882326,-23.945851355922223,15.927079957960085,30.018705731111222,3.2355228131126816,-10.413483731285872,-0.32075423968060246,0.25741634149128917,8.601206743882326,-23.945851355922223,15.927079957960085,30.018705731111222,4.989999999999938
0.0,0.0,0.0,0.0,0.0,0.0,0.0,0.0,0.0,0.0,0.0,0.0,0,0.0,-1.5707963267948966,nan,-0.21713827217123421,-0.17694585389182088,-0.10173201241005012,-0.004780710675490241,-1.5707916426417543,-0.24879047334260124,-0.20296808157966648,0.6843186841130531,-0.10163548689834867,0.21804528406297904,0.15645926804674637,0.13722106615556562,0.06507397596206554,0.04097593793929768,-0.03165220117136702,-0.026022227687845595,9.652551170144519e-05,0.006052479246956093,-0.004470926102217127,-0.00349124642960804,-0.002110574137787363,-6.806016618372633,8.351801308105557,0.020107915243390957,-0.1444128569745824,-1.5707920602259144,0.6837659371432314,0.9693979019344181,-0.8745415189973861,-0.6700711385557734,0,zero,0,0.1444128569745824,0.13963214629909215,2.4572805432075264,1.284856214401992,1.4009462509916852,-0.4605662548844101,0.11607025305350702,0.6746987673579999,1.2749698005,1.4161152989999999,-0.45050822999999995,0.0,-0.0,0.0,-0.0,0.0,0.0,0.0,0.0,0.0011840000000145727,-1.1549185514450073,-4.266568982114194e-06,4.1758416013948363e-07,0.0,0.0,0.0,1,0.18271852970193264,3.7471427094133816,-9.0,-9.0,0.18271852970193264,0.30337363760000247,-1.9421846019015632,3.0161286111290417,0.004657332321699203,-0.0014670681670135792,-0.0010381422662312258,-0.05560040214418373,0.0655353174348903,0.3071223715830869,0.0,0.0,0.0,0.0,0.0,0.3426186568571773,24.98095139608921,-30.0,-30.0,49.2358133902325,3.443769071813379,-7.057815398098437,-12.01612861112904,0.3426186568571773,24.98095139608921,-64.6743717898093,-41.031104308498264,80.56358487169712,4.999999999999938
