F_res_filt_x,F_res_filt_y,F_res_filt_z,F_res_lim_x,F_res_lim_y,F_res_lim_z,F_res_raw_x,F_res_raw_y,F_res_raw_z,F_res_x,F_res_y,F_res_z,actuator_limit_violation,desired_pitch_rad,desired_roll_rad,desired_yaw_rad,ee_act_x,ee_act_y,ee_act_z,ee_des_pitch_rad_fk,ee_des_roll_rad_fk,ee_des_x,ee_des_y,ee_des_yaw_rad_fk,ee_des_z,ee_dot_norm,ee_dot_x,ee_dot_y,ee_dot_z,ee_err_norm,ee_err_x,ee_err_y,ee_err_z,ee_hf_norm,ee_hf_x,ee_hf_y,ee_hf_z,ee_omega_world_x,ee_omega_world_y,ee_omega_world_z,ee_pitch_rad,ee_roll_rad,ee_yaw_rad,hys_z_q2,hys_z_q3,hys_z_q4,joint_limit_violation,mode,ncon,pitch_error_rad,pitch_error_rad_vs_qdes_fk,q_des_1,q_des_2,q_des_3,q_des_4,q_err_norm,q_jnt_1,q_jnt_2,q_jnt_3,q_jnt_4,qdot_des_1,qdot_des_2,qdot_des_3,qdot_des_4,qdot_jnt_1,qdot_jnt_2,qdot_jnt_3,qdot_jnt_4,residual_gate,reward_step,roll_error_rad,roll_error_rad_vs_qdes_fk,sac_action_x,sac_action_y,sac_action_z,saturation_flag,tau_act_ideal_1,tau_act_ideal_2,tau_act_ideal_3,tau_act_ideal_4,tau_act_out_1,tau_act_out_2,tau_act_out_3,tau_act_out_4,tau_hys_q2,tau_hys_q3,tau_hys_q4,tau_loss_q2,tau_loss_q3,tau_loss_q4,tau_res_norm,tau_residual_1,tau_residual_2,tau_residual_3,tau_residual_4,tau_total_1,tau_total_2,tau_total_3,tau_total_4,tau_total_norm,tau_trans_err_q2,tau_trans_err_q3,tau_trans_err_q4,tau_vsd_1,tau_vsd_2,tau_vsd_3,tau_vsd_4,tau_vsd_norm,time
-0.01225471912643858,0.04732348723804273,-0.04532939288372782,-0.03676415737931574,0.14197046171412817,-0.13598817865118346,-0.11820816993713379,0.4564790725708008,-0.437244176864624,-0.01225471912643858,0.04732348723804273,-0.04532939288372782,0,0.0,-1.5707963267948966,nan,0.24991231692184562,-0.19991204025804832,-0.10044332703723172,-0.00013218981248996897,-1.5708031070913941,0.25000022419949197,-0.2000002089585881,2.4668540196909077,-0.1000002979931984,0.048062776806959,0.012770501387698863,-0.010117928144165456,0.04521694747295357,0.0004601914200364255,8.790727764634854e-05,-8.816870053979242e-05,0.0004430290440333162,0.0003062522493592477,5.850131128501093e-05,-5.867528530031277e-05,0.00029483087984548016,0.05148532610190146,0.06436121288080329,-0.0004966241096501006,-0.0004970810347872945,-1.5708031126579198,2.46689754355678,-0.1363572405671666,-0.11754799412570016,0.0022555754096712844,0,sac,0,0.0004970810347870724,0.00036489122229710347,0.6747452481444709,1.2749748210457625,1.4161908084926071,-0.45055462462244206,0.0018971379161779802,0.6747017293483206,1.2766191801900213,1.4153576804607315,-0.45010828498205885,0.00016914512485574588,4.0510970149375334e-05,-3.73112186439833e-05,2.7599378480723773e-05,0.0004976341812223139,0.268285935079689,-0.12713305449870846,0.05873259146905869,1.0,-0.0024353256449103355,6.785863023495153e-06,5.5665259068859996e-09,-0.059104084968566895,0.2282395362854004,-0.218622088432312,0,0.001937859402758037,-1.043080675655319,-0.41196651076387475,0.009011585714075308,0.001937859402758037,-0.14606480785426507,-0.12330976508440886,-0.006006445634542091,-0.0007566199329813806,-0.00011772959224133224,8.949894570552905e-06,0.009492425974952238,-0.007352875670132955,0.006254690254255962,0.03417782244151581,0.0,0.027035846277695244,0.019686649754090343,-0.007044315747635684,0.0036337134872642734,-6.95387117103546,-1.3732217025462492,0.030038619046917694,7.088228102298207,-0.897015867801054,-0.28865674567946586,0.0150180313486174,0.0036337134872642734,-6.9809070173131555,-1.3929083523003396,0.03708293479455338,7.1186125621645395,0.01
-0.019864125884701992,0.1069901167577895,-0.1359934156851027,-0.03508293940122881,0.22632337579728298,-0.31732146128785244,-0.02609992027282715,0.6770346164703369,-1.2862144708633423,-0.019864125884701992,0.1069901167577895,-0.1359934156851027,0,0.0,-1.5707963267948966,nan,0.24960238035189397,-0.19966675364402953,-0.10151194807150765,-0.00013162328272042778,-1.5708031070738608,0.24999955556479897,-0.2000012843279511,2.4668500921862995,-0.10000051239718813,0.11392250042351096,0.030926793525865026,-0.024636198338179316,0.10684066302862061,0.0015981541620997907,0.0003971752129049988,-0.0003345306839215856,0.0015114356743195223,0.000961330451086674,0.0002447463253231382,-0.00020299889481838185,0.0009072193346318432,0.10043562858171357,0.12555207389950984,-0.0007064111355772473,-0.0017853874074005294,-1.5708031261666453,2.4668910663697505,-0.35083372458198236,-0.13780564505291998,-0.018620373006427004,0,sac,0,0.0017853874074003073,0.0016537641246801016,0.6747491756454734,1.2749757616988024,1.416189942136874,-0.4505539837728359,0.006312659245008072,0.6747082218149516,1.2805462943488226,1.413474386081705,-0.449352771537781,0.0006711570303142074,0.00016074493689244887,-0.0001480485276998467,0.00010951256747977838,0.0007082821452404307,0.4618759408552365,-0.21728663966703604,0.08380796693298741,1.0,-0.009471884928643703,6.799371748744676e-06,1.9092784242502603e-08,-0.013049960136413574,0.33851730823516846,-0.6431072354316711,0,0.00017236319288177192,-1.458105945399206,-0.08286432911071967,-0.08657802901687936,0.00017236319288177192,-0.42634323435614374,-0.14941651815711968,-0.019641383046443226,-0.0019467084261658536,-0.00013801853890662804,-7.388375248166836e-05,0.014029080353254744,-0.008347026252256536,0.006503023608544839,0.08469848779008438,0.0,0.06990924699663352,0.04546566074669997,-0.014812316198243438,0.0003232011867274928,-9.720706302661373,-0.27621443036906557,-0.28859343005626453,9.728911126455792,-1.0317627110430623,0.0665521890464,-0.06693664597043614,0.0003232011867274928,-9.790615549658007,-0.32168009111576557,-0.2737811138580211,9.799723829016292,0.02
-0.04172312451177416,0.15106470684625772,-0.2608116348227282,-0.08544112176591848,0.2392138870231942,-0.510448073097979,-0.3230118751525879,0.30002641677856445,-1.4215459823608398,-0.04172312451177416,0.15106470684625772,-0.2608116348227282,0,0.0,-1.5707963267948966,nan,0.24905250664563208,-0.19922971138256437,-0.1029542777191069,-0.00013009740537417436,-1.5708031070266362,0.2499977546569694,-0.20000418068995993,2.466839513941982,-0.10000108986762299,0.1603926159511048,0.05480727984323308,-0.04399386234739677,0.1441752177164385,0.0031960311320741327,0.0009452480113373296,-0.0007744693073955533,0.002953187851483907,0.0017044308316203158,0.0005276122704893575,-0.00042786773634088867,0.0015632143013693007,0.16738235682215874,0.20923808529703863,-0.0006117094039832225,-0.004006853389893594,-1.5708031465940047,2.46688412080759,-0.531238996140238,-0.026454957473478268,-0.05983301684588843,0,sac,0,0.004006853389893372,0.00387675598451942,0.6747597538800783,1.274978295230565,1.4161876087156504,-0.450552257724268,0.011927233272674208,0.6747151923279968,1.2857049762907922,1.411396175262698,-0.4484937663575248,0.0014979496185693426,0.0003587652457313457,-0.0003304282389680327,0.00024442015992603815,0.0006146542354611822,0.5337708035380111,-0.18009444550128278,0.0857259375639953,1.0,-0.021732451394200325,6.819799108104263e-06,3.956736849275444e-08,-0.16150593757629395,0.15001320838928223,-0.7107729911804199,0,0.0017912195844991018,-1.7859417362764753,0.18160513361568842,-0.13636453367776444,0.0017912195844991018,-0.7610981310486934,-0.030568904016277924,-0.05265918701768292,-0.0029477423566571285,-2.6495827336567324e-05,-0.00023741134537676937,0.016130223791033647,-0.008285685471757906,0.00654014846224941,0.14687738740257014,0.0,0.12418008670423702,0.0750582544599584,-0.022771285289965096,0.0033587466426009786,-11.90627824184317,0.6053504453856281,-0.45454844559254814,11.930320041997462,-1.0248436052277818,0.21217403763196635,-0.08370534666008152,0.0033587466426009786,-12.030458328547407,0.5302921909256697,-0.43177716030258306,12.0498788458644,0.03
-0.038991278587247484,0.1562487642846358,-0.40368454349987426,-0.03352758673819413,0.16661687916139195,-0.6894303608541664,0.17052555084228516,-0.1187354326248169,-1.3929443359375,-0.038991278587247484,0.1562487642846358,-0.40368454349987426,0,0.0,-1.5707963267948966,nan,0.2481164413066759,-0.19848323180680186,-0.10449831520936778,-0.000127149487064937,-1.5708031069353983,0.2499942752961467,-0.2000097762686939,2.4668190773058636,-0.10000220551147443,0.19534434900323133,0.09325859781334767,-0.07520751544964899,0.15429218464094452,0.005106035732506752,0.0018778339894708063,-0.0015265444618920432,0.004496109697893352,0.002415323466310701,0.0009717456229752839,-0.0007852388130265393,0.0020670989085324843,0.2577533370262867,0.3222041539983714,-0.000497031125179688,-0.007525668860230317,-1.5708031751555254,2.4668783730583104,-0.648163292049399,0.06148212597079296,-0.1010565313006964,0,sac,0,0.007525668860230539,0.007398519373165158,0.6747801904974348,1.274983189886538,1.4161831006631767,-0.45054892308522493,0.017014989856758155,0.6747209777677657,1.2908011609650005,1.4105851055551617,-0.44772746682829084,0.0026415022662912707,0.0006326509235811288,-0.0005826811070684133,0.0004310134322064431,0.0005013570355065286,0.4779660705849995,0.0011680438721674707,0.06651770997775847,1.0,-0.03984440863132477,6.8483606288083365e-06,6.822012732499161e-08,0.08526277542114258,-0.05936771631240845,-0.69647216796875,0,0.00694726857338756,-1.9481256526514543,0.1383920225716932,-0.15009804177391284,0.00694726857338756,-1.0871603939406536,0.05517316591103211,-0.08652657171462144,-0.0035965326414026423,6.1577108775939e-05,-0.0004009820717715758,0.015459091589251574,-0.006821546119842628,0.006430154842458743,0.19345773517548656,0.0,0.17010415954290473,0.08928719244114515,-0.022765488604653713,0.013026942759024114,-12.987504351009695,0.461306741905644,-0.5003268059130428,13.005328515326944,-0.8609652587108008,0.08321885666066109,-0.0635714700592914,0.013026942759024114,-13.1576085105526,0.3720195494644989,-0.47756131730838913,13.171533501273759,0.04
-0.01373912526505457,0.11456642836552096,-0.5420372497757973,0.03676518137933124,0.03120175652729129,-0.818742662327643,0.24916625022888184,-0.3779771327972412,-1.209480881690979,-0.01373912526505457,0.11456642836552096,-0.5420372497757973,0,0.0,-1.5707963267948966,nan,0.24670644469898964,-0.19735820136775747,-0.10589453249620687,-0.0001223283566809119,-1.57080310678618,0.24998858474903196,-0.20001892734346155,2.466785654504783,-0.10000403007510486,0.22809590712172118,0.1404306060571514,-0.11341815138120326,0.1394392723208654,0.007249132692873459,0.0032821400500423203,-0.0026607259757040758,0.005890502421102006,0.0030722038134017725,0.0015812358531639655,-0.0012773527861811213,0.0023035840135286027,0.363604887714603,0.4545179957836034,-0.0008728131531682139,-0.01265898698479706,-1.5708032115761894,2.46687116143921,-0.7130055716098059,-0.022014908081343456,-0.12648912592686237,0,sac,0,0.01265898698479706,0.01253665862811637,0.6748136132678312,1.2749911947808854,1.4161757280339329,-0.450543469498012,0.020438572280359127,0.674728241888288,1.2947652843253632,1.4120455777365661,-0.4474361893698042,0.004093859824626275,0.0009804966787698,-0.0009030523294402904,0.0006679943441659992,0.000878608318001842,0.33373722563874886,0.24399692120228506,-0.004326947054894139,1.0,-0.06443962454795837,6.884781292626485e-06,1.047900095585419e-07,0.12458312511444092,-0.1889885663986206,-0.6047404408454895,0,0.01422146576233385,-1.921952175500962,-0.2814106140856088,-0.1281054481140801,0.01422146576233385,-1.351434080774334,-0.039924609888538715,-0.10762678061649716,-0.003956329899042134,-2.2048918579379776e-05,-0.0005018960290632843,0.012684787526482746,0.008230637239334274,0.005960768184734326,0.2165322650919802,0.0,0.1989303644072105,0.08434716194070453,-0.014088584571438635,0.02666691498656263,-12.813014503339748,-0.9380353802853627,-0.427018160380267,12.854427512383088,-0.5705180947266282,-0.2414860041970701,-0.020478667497582925,0.02666691498656263,-13.011944867746958,-1.0223825422260673,-0.4129295758088284,13.058606252692805,0.05
0.01872624084397011,0.023906493525522807,-0.6185473485323862,0.08365697306201947,-0.15741337615447348,-0.7715675460455643,0.22697901725769043,-0.7339046001434326,-0.6273795366287231,0.01872624084397011,0.023906493525522807,-0.6185473485323862,0,0.0,-1.5707963267948966,nan,0.2449072726083676,-0.19592530305159825,-0.10695949232734506,-0.00011519427093875656,-1.570803106565362,0.24998016351044142,-0.20003246837641794,2.466736196989772,-0.10000672998001872,0.2535226134999343,0.17907508520315085,-0.1446439349115619,0.10622599262243293,0.009536452871384805,0.005072890902073829,-0.004107165324819695,0.006952762347326336,0.0036522087195286364,0.0022440194847480046,-0.0018126532392881813,0.0022399315429651786,0.44842286329115444,0.5605261963035911,-0.002139642435734943,-0.019330379038867695,-1.5708032519613426,2.4668552561028347,-0.7441302167929148,-0.2692585064658298,-0.11385462330766115,0,sac,0,0.019330379038867918,0.01921518476792894,0.6748630707374398,1.2750030400532615,1.416164818358211,-0.45053539953191873,0.02220365948634202,0.6747442122367155,1.2970732842515846,1.4156904437580409,-0.448154715385013,0.0058471326191967985,0.0014004129010382988,-0.001289801546342395,0.000954075539107778,0.002146417526780295,0.16327766161228083,0.4274780314124939,-0.12706926017584025,1.0,-0.09543094784021378,6.925166446070108e-06,1.4539598058860292e-07,0.11348950862884521,-0.3669523000717163,-0.3136897683143616,0,0.020922329702395503,-1.7542940072626154,-0.8967047111956487,-0.020869424404963404,0.020922329702395503,-1.5197625640319437,-0.361375166957861,-0.08523838901488125,-0.004129034530307484,-0.00026967447985402573,-0.0004517636034709584,0.009066192195639972,0.010164393655123486,-0.006623116202622483,0.20413541524531242,0.0,0.19552104607453902,0.0586599309943296,0.0013419370456960575,0.039231820180752865,-11.69529338175077,-2.9890157039854954,-0.06956474801654468,12.071473835194132,-0.23453144323067177,-0.5353295442377877,0.06436896460991784,0.039231820180752865,-11.890814427825308,-3.047675634979825,-0.07090668506224074,12.275437321200796,0.060000000000000005
0.041518932625212696,-0.07452392424104413,-0.614783205218427,0.08710431618769784,-0.271384759774178,-0.6072549185905084,0.10409688949584961,-0.8331701755523682,0.20267152786254883,0.041518932625212696,-0.07452392424104413,-0.614783205218427,0,0.0,-1.5707963267948966,nan,0.24300617083190126,-0.19441817336049277,-0.10760214439582813,-0.00010531881993425252,-1.5708031062596697,0.24996850506024756,-0.2000512121282566,2.4666677347813075,-0.10001046735861585,0.2511274144339847,0.1889443326272472,-0.15258734429441367,0.06389146898859444,0.011740476306507711,0.006962334228346301,-0.005633038767763832,0.00759167703721228,0.004021614070719531,0.0027507733269290877,-0.002221752213238971,0.0019158400091428638,0.47885094339707446,0.5985204734179034,-0.004420556275881214,-0.026904524477301628,-1.5708032885019798,2.466820783072802,-0.7546009545711425,-0.4884706614183884,-0.03620442556759387,0,sac,0,0.026904524477301628,0.026799205657367153,0.6749315328830613,1.2750194370256247,1.4161497164976855,-0.4505242285763844,0.023182221563104698,0.6747787547970846,1.2978394685048837,1.4202275211695528,-0.4504255989609248,0.007893496450101452,0.0018905256615405041,-0.0017412028408528887,0.0012879803437929175,0.0044273157245112915,0.026197074607264725,0.44574982558549364,-0.29455485728219405,1.0,-0.12994901835918427,6.961707083252833e-06,1.8224231013164172e-07,0.052048444747924805,-0.4165850877761841,0.10133576393127441,0,0.02475186301697731,-1.5289732098567388,-1.4098025700231378,0.17604231683724073,0.02475186301697731,-1.5849054541315153,-0.8026144234038529,-0.023104292223190777,-0.004187134627398594,-0.0004892252923443766,-0.00014365549049172202,0.005945222075746124,0.010686477526502144,-0.007957250695425957,0.16978644676820634,0.0,0.16699435907378413,0.025948199386144143,0.01634051689286268,0.04641264394707915,-10.19315473237826,-4.699341900077126,0.5868077227908024,11.23969372932692,0.0559322442747765,-0.6071881466192849,0.1991466090604315,0.04641264394707915,-10.360149091452044,-4.725290099463271,0.5704672058979398,11.40125618902248,0.07
0.046267968893394684,-0.15296776670102896,-0.5476914271852021,0.05576604142975867,-0.30985545162099865,-0.4135078711187523,-0.17485332489013672,-0.5929625034332275,1.0122828483581543,0.046267968893394684,-0.15296776670102896,-0.5476914271852021,0,0.0,-1.5707963267948966,nan,0.24142606972976302,-0.193178381969885,-0.10783181523914204,-9.228483269985155e-05,-1.5708031058561653,0.24995311559823988,-0.20007594976316867,2.466577375814565,-0.1000154000899452,0.20243180066680785,0.1564711640130556,-0.12645290255198505,0.02247381119845626,0.013467861689616747,0.008527045868476857,-0.006897567793283682,0.007816415149196843,0.003957261045798823,0.0028719070384524417,-0.0023200812200808163,0.0014245308277859182,0.4002915191537532,0.5002667502012487,-0.007383069317452111,-0.033990561010283304,-1.570803312678452,2.4667592627375075,-0.7279288831684888,-0.5962701271309048,0.1202502725911378,0,sac,0,0.033990561010283304,0.033898276177583675,0.6750218917668699,1.2750410783590524,1.416129784500987,-0.4505094847341634,0.024121256774220976,0.6748403355604933,1.2975953968716534,1.4238948575646704,-0.4540883703791141,0.010225192591914995,0.00244897671284323,-0.0022555447388693606,0.0016684427684406195,0.007388280023832234,-0.04935873195501076,0.2954161715719938,-0.3946453521588667,1.0,-0.1602325290441513,6.985883555188366e-06,2.0682228640822586e-07,-0.08742666244506836,-0.29648125171661377,0.5061414241790771,0,0.02476911189500676,-1.3340918767272487,-1.5402449565417209,0.4571274473132042,0.02476911189500676,-1.556320272717981,-1.1613609046935534,0.10030484714399164,-0.0040391364661479644,-0.0005971912958186399,0.00047714089148000356,-0.005740338964794458,0.009552078174337581,-0.008978763380198877,0.1300169279477235,0.0,0.12730292191284737,-0.002167582582680218,0.02633760071005452,0.046444987614863605,-8.893945844848325,-5.13414985513907,1.5237581577106807,10.381992269607203,0.2222283959907323,-0.37888405184816754,0.3568226001692126,0.046444987614863605,-9.021248766761172,-5.13198227255639,1.4974205570006263,10.48640056544788,0.08
0.04419813644170225,-0.2062526523036755,-0.43651019189835594,0.040058471538317375,-0.31282242350896855,-0.21414772132466361,-0.0958937406539917,-0.3385021686553955,1.511354923248291,0.04419813644170225,-0.2062526523036755,-0.43651019189835594,0,0.0,-1.5707963267948966,nan,0.24060189870119814,-0.19255531797841466,-0.10774174996030564,-7.568628275111955e-05,-1.570803105342243,0.2499335137593545,-0.20010745094419694,2.466462305284677,-0.10002168183546156,0.10416668829963222,0.08045691896794993,-0.06545651724985946,-0.009634702435276643,0.014272813450006952,0.009331615058156356,-0.007552132965782277,0.007720068124844076,0.003268971009264892,0.0024466538608913842,-0.001979593945284135,0.0008838914843995295,0.16863680110479468,0.21071619775530268,-0.010450653010381457,-0.03837949704346788,-1.5708033197856441,2.466667067408204,-0.6366823500086239,-0.6205522242222927,0.29950777808200735,0,sac,0,0.03837949704346766,0.03830381076071676,0.6751369621911578,1.2750686382105552,1.416104401459272,-0.45049070871449054,0.0248101261789688,0.6749325646661155,1.2969126006135352,1.4255340274153252,-0.457520932290895,0.012834527793688369,0.003073923488926233,-0.002831130209108832,0.0020942075067281545,0.010452536830905114,-0.07657772650891863,0.07587022503697115,-0.2705957270869187,1.0,-0.17519696056842804,6.992990747356487e-06,2.144434008144458e-07,-0.04794687032699585,-0.16925108432769775,0.7556774616241455,0,0.022590195392144578,-1.2193348363115475,-1.2497971992778028,0.6526817698136891,0.022590195392144578,-1.488839232856344,-1.271284280267128,0.2647155554631391,-0.003532827116405783,-0.0006215109059540248,0.001188416501350834,-0.006465282547270684,0.0075228683109232405,-0.00842108397569901,0.0911050396705172,0.0,0.08140967031186663,-0.025402220091067323,0.032051849362005135,0.042359263814259474,-8.12889890874365,-4.1659906642593425,2.1756058993789638,9.389863205601726,0.2695043965447965,0.02148708098932528,0.38796621435055,0.042359263814259474,-8.210308579055518,-4.140588444168275,2.1435540500169585,9.441941426415834,0.09
0.05349467597153065,-0.24251853891023772,-0.2965873407866124,0.07208775503118746,-0.31505031212336215,-0.01674163856312552,0.34480953216552734,-0.3340202569961548,1.6641244888305664,0.05349467597153065,-0.24251853891023772,-0.2965873407866124,0,0.0,-1.5707963267948966,nan,0.24081385529950938,-0.19277288293979253,-0.10745015982081163,-5.51281936453929e-05,-1.5708031047056241,0.24990923031161305,-0.20014646392005137,2.4663197849919882,-0.10002946207477828,0.04210852581159977,-0.02362400460526881,0.017855198552343965,-0.029937037881072603,0.013862261652458414,0.009095375012103668,-0.007373580980258837,0.00742069774603335,0.0019369436558963357,0.001471005701834954,-0.0011985733052638,0.0003889922662407659,-0.18681706672204626,-0.23337278413815277,-0.01319465376682137,-0.0377559867673507,-1.570803311323223,2.466545749903877,-0.5290577026243175,-0.45922083785490914,0.40387465033889086,0,sac,0,0.0377559867673507,0.03770085857370553,0.6752794823530803,1.2751027723898891,1.416072963361797,-0.45046745372624664,0.024099408917464968,0.6750538740420331,1.2960644670677846,1.4252293564908236,-0.45805022578919175,0.015713874278948662,0.0037635391051822047,-0.003466276663107752,0.0025640299357908565,0.01319203294386702,-0.09111729822834166,-0.08711199399581207,0.12070802233751426,1.0,-0.1670377403497696,6.9845283263703095e-06,2.066175985859786e-07,0.17240476608276367,-0.1670101284980774,0.8320622444152832,0,0.021319792988364457,-1.1745091736913842,-0.7594045061666463,0.5094032565699943,0.021319792988364457,-1.4066614549222087,-1.099414594298333,0.3651947617140748,-0.0029356387811743474,-0.0004599302811715195,0.00160253367045652,-0.006763565664983248,-0.006987569911031488,0.006071277003969442,0.0678747780909687,0.0,0.028044369907877842,-0.04965280962352607,0.036811646443187476,0.03997711042258477,-7.830061157942561,-2.5313483538888213,1.6980108552333144,8.402524695572419,0.23215228123082454,0.34001008813168676,0.14420849485591952,0.03997711042258477,-7.858105527850439,-2.4816955442652953,1.6611992087901268,8.406534139697676,0.09999999999999999
0.08361879786899182,-0.2726683100527263,-0.14136757174793374,0.14386704166391415,-0.3329678523377035,0.16907196632942353,0.7480261325836182,-0.4837779998779297,1.733046531677246,0.08361879786899182,-0.2726683100527263,-0.14136757174793374,0,0.0,-1.5707963267948966,nan,0.24201457876462967,-0.19379245558700628,-0.1070320321058103,-3.022654452689011e-05,-1.5708031039343464,0.24987980783903996,-0.2001937156044025,2.466147152687309,-0.1000388861414242,0.16252592435778862,-0.12301459376933832,0.09723209628626217,-0.04275517816472452,0.012318362256504472,0.007865229074410285,-0.006401260017396215,0.006993145964386105,0.00022140922829364668,0.00016028948245635534,-0.00015056840646371708,-2.5660926765001812e-05,-0.5249743547887117,-0.6556056428582109,-0.015642603515650503,-0.031388457324942554,-1.5708032932736764,2.466398704349371,-0.43290613454479954,-0.16607775900415706,0.3342769466596908,0,sac,0,0.031388457324942554,0.031358230780415663,0.6754521144994002,1.275144118516373,1.4160348829514877,-0.4504392853711239,0.021672787025357423,0.6752008674839974,1.295001010195645,1.423931480536767,-0.4540440283297227,0.01885566974569914,0.00451601235841678,-0.004159315955222003,0.003076676116222128,0.01563595935121741,-0.11915091208413858,-0.14493143973022687,0.5758087023125137,1.0,-0.13876014947891235,6.966478779624197e-06,1.8933932999232184e-07,0.3740130662918091,-0.24188899993896484,0.866523265838623,0,0.023314724356358434,-1.150999322586971,-0.3748329134254865,-0.06820631106290435,0.023314724356358434,-1.329841851006385,-0.8006281281272126,0.3093019531178237,-0.0024021123421397853,-0.0001663343300184723,0.0013263770376032652,-0.007277220102639174,-0.007721260734487922,0.009841915500892494,0.09662737291881361,0.0,-0.03356671599167727,-0.07956694295649319,0.043350044559189456,0.04371784053320539,-7.673328817246474,-1.2494430447516218,-0.2273543702096812,7.777832880622834,0.17884252841941395,0.4257952147017261,-0.3775082641807281,0.04371784053320539,-7.639762101254797,-1.1698761017951287,-0.27070441476887064,7.733677468518888,0.10999999999999999
0.1386095274926172,-0.2978351731511754,0.018682607588123762,0.24859098673986796,-0.3481688993480737,0.3387829662602387,1.078369140625,-0.4686141014099121,1.6834847927093506,0.1386095274926172,-0.2978351731511754,0.018682607588123762,0,0.0,-1.5707963267948966,nan,0.24379952805236496,-0.19529045177021218,-0.10648296609769142,-6.081756858122844e-07,-1.5708031030167613,0.2498448004117164,-0.20024991164859607,2.46594182141717,-0.10005009525859401,0.23885012668116887,-0.1819956715058857,0.14418001390123225,-0.056027512528869505,0.010125383321956151,0.006045272359351428,-0.004959459878383893,0.00643287083909741,0.0014527021744325879,-0.0011044900035992022,0.0008593002940075426,-0.00038993389730716463,-0.6584459233608891,-0.8220004268594769,-0.01815389177008341,-0.021325737762198704,-1.5708032711460114,2.4662269676928124,-0.351852554836185,0.085819074456389,-0.0005760260129695077,0,sac,0,0.021325737762198926,0.021325129586513114,0.6756574455812326,1.275193296175699,1.415989589580513,-0.45040578153679117,0.019784238434141392,0.6753725247906412,1.2935499081150676,1.4224720316565584,-0.4468918587430756,0.022252417366419204,0.005329547726848522,-0.004908594382626889,0.003630922792073433,0.01814564220155333,-0.16409112361737807,-0.1449261230709163,0.7441854664598392,1.0,-0.10310576111078262,6.9443511145905745e-06,1.6812925007769763e-07,0.5391845703125,-0.23430705070495605,0.8417423963546753,0,0.028466813354978606,-1.1081549239313833,-0.22995793676671172,-0.7939439386334034,0.028466813354978606,-1.2621405088754172,-0.527904438897848,0.04649717363800152,-0.0019523617180295483,8.595165504462009e-05,-2.2856128258307047e-06,-0.008171919819312949,-0.007762051715928568,0.011921108910898549,0.16354999600302925,0.0,-0.1020577037136834,-0.11635871486410641,0.05285334218811976,0.05337861120378512,-7.387699492875888,-0.7665264558890391,-2.646479795444678,7.884945858307932,0.15398558494403392,0.29794650213113627,-0.8404411122714049,0.05337861120378512,-7.285641789162205,-0.6501677410249327,-2.699333137632798,7.796957293426242,0.11999999999999998
0.21733923687793616,-0.31712936464710556,0.1770382519636077,0.37479865564857406,-0.35571774763896585,0.4937495407145755,1.2770047187805176,-0.4096813201904297,1.6015410423278809,0.21733923687793616,-0.31712936464710556,0.1770382519636077,0,0.0,-1.5707963267948966,nan,0.24551268486698136,-0.19674299318582616,-0.10574827144252316,3.408930589610115e-05,-1.5708031019415238,0.24980377324506123,-0.2003157365086886,2.465701278869085,-0.1000632265749005,0.23578354330018728,-0.17541839812715565,0.13867165555214445,-0.07478259714747415,0.007968542493231319,0.004291088378079871,-0.0035727433228624483,0.005685044867622668,0.002535076267441594,-0.0019024156034507054,0.001494699123709386,-0.0007571664830638538,-0.46291927942421296,-0.5776684629436756,-0.021075386423426296,-0.012227196664353013,-1.5708032458428198,2.46602784255569,-0.27775155573541715,0.21413686704447413,-0.3929919133138826,0,sac,0,0.012227196664353013,0.012261285970248892,0.6758979879087901,1.2752509070767504,1.4159365290658557,-0.4503665322900597,0.01936686885040621,0.6755715758186864,1.2916085436313267,1.4209242183448236,-0.4412824942991041,0.025896685788064446,0.006202365370108941,-0.005712472685317152,0.004225557390854304,0.021069095006589232,-0.21376360847594922,-0.16893185842094038,0.35757157357916614,1.0,-0.07309222221374512,6.919047923048538e-06,1.4390129621233427e-07,0.6385023593902588,-0.20484066009521484,0.8007705211639404,0,0.0348659969395772,-1.0354979307458065,-0.22369472468139978,-1.1256307730486974,0.0348659969395772,-1.197920081674498,-0.35932639372250863,-0.3032589810604785,-0.001541189617888234,0.0002144676838468523,-0.0015593520731597703,-0.009231166384932023,-0.007894227371781831,0.009751736467446284,0.2459162541902311,0.0,-0.17541289603664847,-0.15940830602175857,0.06552947390498176,0.06537783037610576,-6.903319538305377,-0.7456490822713326,-3.7521025768289915,7.892677695788185,0.1624221509286914,0.13563166904110885,-0.822371791988219,0.06537783037610576,-6.727906642268729,-0.586240776249574,-3.817632050733973,7.758027762925146,0.12999999999999998
0.32097220888515754,-0.32117227776842344,0.3244499264066346,0.5282381528996002,-0.32925810401105915,0.6192732752926884,1.4068048000335693,-0.17775499820709229,1.3379993438720703,0.32097220888515754,-0.32117227776842344,0.3244499264066346,0,0.0,-1.5707963267948966,nan,0.2465397911341983,-0.19765965155840723,-0.10479418354165326,7.421762099157903e-05,-1.5708031006975878,0.24975630235032867,-0.20039185350763605,2.465423086716796,-0.10007841320011882,0.16735348770482472,-0.10745771619495026,0.08405413736336242,-0.09692745260882207,0.0063284565107898285,0.003216511216130369,-0.002732201949228824,0.004715770341534448,0.0027677001682143063,-0.0019811554301856736,0.001554076464636166,-0.001148927205980985,-0.020484192378586563,-0.02554455374500786,-0.024448699489956604,-0.008916800062862551,-1.5708032147715971,2.4657967594298813,-0.20287069942204736,0.28191060758098274,-0.5450097444402122,0,sac,0,0.008916800062862329,0.008991017683854352,0.6761761798061269,1.2753175352084118,1.4158751635448843,-0.4503211397700482,0.016253328981095577,0.6758026220624387,1.2892043845250383,1.4188679289239594,-0.44243254490004924,0.029781109132066608,0.007132701129242485,-0.006569326046106959,0.00485937802353234,0.02444696747082787,-0.25698957402396766,-0.23107690177680984,-0.4553229950762301,1.0,-0.05349497124552727,6.887976700564735e-06,1.1407400934970724e-07,0.7034024000167847,-0.08887749910354614,0.6689996719360352,0,0.04060278444611372,-0.9472803140571758,-0.15820438025488492,-0.605723934878639,0.04060278444611372,-1.1310394198450568,-0.2533131376654089,-0.4862887597240098,-0.0011256902410326092,0.0002823461270085508,-0.002162543416526581,-0.01018398210378402,-0.008449894419650397,-0.008117884479833772,0.3330936210695132,0.0,-0.24909211357502442,-0.20596268407150461,0.08052237032023547,0.07613497927266777,-6.315202093714506,-0.5273479341829498,-2.0190797829287965,6.651492541756605,0.18375910578788102,0.09510875741052399,-0.11943517515462915,0.07613497927266777,-6.0661099801394816,-0.32138525011144514,-2.099602153249032,6.427682670071216,0.13999999999999999
0.4459374109444706,-0.3099632081740281,0.45632384539602094,0.6958678150630967,-0.28754506898523746,0.7200716833747935,1.5781850814819336,-0.06798887252807617,1.2506232261657715,0.4459374109444706,-0.3099632081740281,0.45632384539602094,0,0.0,-1.5707963267948966,nan,0.2466874444919274,-0.19788598608063054,-0.10366146521473374,0.00012011791257515725,-1.5708030992741957,0.2497019741782357,-0.2004789048934224,2.4651048799655366,-0.10009578424093032,0.11759684877805811,-0.020198152982206508,0.013928313643696288,-0.11500893677310331,0.005340851805312301,0.0030145296863083038,-0.002592918812791861,0.0035656809738034145,0.0023919700577243247,-0.0014528532596473848,0.0011269118984479883,-0.001529969848107481,0.3600808044786915,0.44888969690505975,-0.028029303980237865,-0.012560118938607312,-1.570803178938745,2.4655305073347082,-0.12536931540244245,0.3462790852238328,-0.32151295684624037,0,sac,0,0.01256011893860709,0.012680236851182691,0.676494386265884,1.2753937469963872,1.4158049713309258,-0.45026921808134834,0.011092969714726592,0.6760688825423705,1.2864119401939216,1.41642251870148,-0.45131371680324606,0.0338983869943336,0.008118806526706537,-0.00747754409062991,0.005531193484533207,0.028031590477432096,-0.29359281086507844,-0.2370320794803878,-1.1060898856612305,1.0,-0.04328451305627823,6.8521438487678665e-06,7.966454962371472e-08,0.7890925407409668,-0.033994436264038086,0.6253116130828857,0,0.045336211491059236,-0.8628204214891012,0.007508225283579367,0.6341535456420063,0.045336211491059236,-1.0596941598172556,-0.13917604592147637,-0.3086766100511527,-0.0006956500631955302,0.0003468140465375257,-0.001275730819950697,-0.010978044225831634,-0.008711661250209689,-0.014124100155272677,0.4199826460817935,0.0,-0.3201716829156529,-0.25397946300398283,0.09679849606802841,0.08501070971509327,-5.752136143260675,0.025027417611931224,2.113845152140021,6.12888772374158,0.19687373832815436,0.14668427120505573,0.9428301556931591,0.08501070971509327,-5.4319644603450215,0.27900688061591405,2.0170466560719924,5.80170550540269,0.15
0.5745337206182669,-0.2635525311016389,0.5738614348282879,0.8317263399658595,-0.1707311769568604,0.8089366136928218,1.761582374572754,0.6287777423858643,1.4171545505523682,0.5745337206182669,-0.2635525311016389,0.5738614348282879,0,0.0,-1.5707963267948966,nan,0.24635967984758395,-0.1977455701117029,-0.10249035387033048,0.00017212084027229402,-1.5708030976608744,0.24964038525755206,-0.20057751189385517,2.464744366297286,-0.10011546483665701,0.12433691891092197,0.026617572365980613,-0.02390229693604029,-0.11907919401299427,0.004941965213025713,0.00328070540996811,-0.002831941782152264,0.002374889033673472,0.0020618445330608227,-0.0007897206441430816,0.0005908801639385704,-0.001810636577171401,0.3359656533915176,0.41856649889624953,-0.03165490840079217,-0.018766429957877362,-1.5708031470015087,2.4652281087759538,-0.04686728099442383,0.39398608465780005,0.3117373392455537,0,sac,0,0.018766429957877584,0.018938550798149656,0.6768548996040341,1.275480091460011,1.415725446768836,-0.4502103931871905,0.014349564843683509,0.676371308285313,1.2832744346045766,1.4148621944698683,-0.46221785591054,0.03824128444524947,0.009158948766371416,-0.008435530887339027,0.0062398232517406295,0.03165730179797967,-0.3266501567902275,-0.07506899726158613,-0.9384412791335738,1.0,-0.040278103202581406,6.820206611912738e-06,4.934063424499868e-08,0.880791187286377,0.31438887119293213,0.7085772752761841,0,0.05026478955038119,-0.783276982980803,0.047017733076441394,1.7213952373389463,0.05026478955038119,-0.9850294102668995,-0.04458100464829036,0.20200343178630611,-0.00026005747005090874,0.0003945947477923033,0.001236942160297355,-0.011695270355160386,-0.007559742079011609,-0.014411618623821105,0.49188178787555037,0.0,-0.3799097965217452,-0.2927842804239305,0.10905780525526494,0.0942523711801635,-5.221846553205353,0.15672577692147133,5.737984124463154,7.760514784241992,0.20175242728609655,0.09159873772473176,1.51939180555264,0.0942523711801635,-4.841936756683608,0.44951005734540184,5.628926319207889,7.439093080740609,0.16
0.7010908451300027,-0.18364483092144465,0.6717100865423539,0.9542050941534744,-0.023829430561056186,0.8674073899704857,1.949068546295166,1.1694157123565674,1.3423504829406738,0.7010908451300027,-0.18364483092144465,0.6717100865423539,0,0.0,-1.5707963267948966,nan,0.24638108276356702,-0.1979006382123229,-0.10150916229120022,0.0002305466748124818,-1.5708030958474248,0.24957114183039514,-0.2006882747687104,2.4643393254160224,-0.10013757619498928,0.1008363276243077,-0.009064634313998843,0.004430522576476248,-0.10033029374625357,0.00445293642888369,0.0031900590668281215,-0.0027876365563875016,0.001371586096210936,0.002007170144883701,-0.0005858743956932608,0.0004227087813618484,-0.0018726453132248762,-0.19159946922688031,-0.23853598186183195,-0.03560445657262598,-0.01963250403071326,-1.5708031298614584,2.4648878795336064,0.03168556980688021,0.3271118171110285,0.677416367365518,0,sac,0,0.01963250403071326,0.019863050705525964,0.6772599401146258,1.275577100369064,1.4156361000905722,-0.45014430280260875,0.0159144363930236,0.6767115356216024,1.2798986717804417,1.4158727945663676,-0.4654490907619735,0.04280263202967448,0.01025141073352039,-0.009441704947506777,0.006984097486496408,0.035602016877292156,-0.33983094261396124,0.22663604620548022,0.19276244708064894,1.0,-0.03653952479362488,6.803066561644755e-06,3.401403336766862e-08,0.974534273147583,0.5847078561782837,0.6711752414703369,0,0.05624932923252892,-0.6993746609718199,-0.3281643398427683,1.6038853061104061,0.05624932923252892,-0.9080120622226582,-0.127582865654698,0.7010693113039039,0.00017581709342342933,0.0003276171672025394,0.0026879194738037523,-0.012117371801039166,0.00792311943520616,-0.0065920172349732825,0.545485424953024,0.0,-0.42558756936197656,-0.32059392733413977,0.11682937728678652,0.10547408444126931,-4.662497739812133,-1.0938811328092277,5.346284353701354,7.178394129580089,0.2086374012508383,-0.20058147418807032,0.9028159948065022,0.10547408444126931,-4.236910170450156,-0.773287205475088,5.2294549764145675,6.775522491103638,0.17
0.8279422245337732,-0.08201961540639702,0.7195688512192461,1.081644983341314,0.12123081562369825,0.8152863805730306,1.9903817176818848,1.1556131839752197,0.44362664222717285,0.8279422245337732,-0.08201961540639702,0.7195688512192461,0,0.0,-1.5707963267948966,nan,0.24743231114121228,-0.19890165671241342,-0.10088931870243201,0.00029570539247170124,-1.570803093823917,0.24949385948590413,-0.2008117728598539,2.4638876083929824,-0.10016223562770624,0.1568107988245245,-0.11285107221362667,0.08775204089470079,-0.06445030214851655,0.0029029597089465986,0.0020615483446918548,-0.0019101161474404937,0.0007270830747257706,0.002203737697934898,-0.0011409041449789601,0.0008652880016388007,-0.0016751340983602366,-0.882115816872898,-1.0973525712572696,-0.04049521319713898,-0.009820512790387426,-1.5708031306009491,2.4645031346440285,0.10448202222871904,-0.0021654906216478365,0.6525265972091923,0,sac,0,0.009820512790387426,0.010116218182859349,0.6777116567245287,1.2756852884005863,1.4155364572707654,-0.4500705962876065,0.0065670217477457795,0.6770962154427554,1.2767297215276578,1.419568619442372,-0.45511022269528745,0.047575325766945,0.01139449099484965,-0.010494499225225037,0.007762857033600403,0.04048608050873374,-0.2898531698202764,0.4308481957553542,1.5489409172463184,1.0,-0.023474514484405518,6.803806052779748e-06,3.677703208637695e-08,0.9951908588409424,0.5778065919876099,0.22181332111358643,0,0.06195965836012596,-0.638102785052494,-1.0814922110679042,-0.05037319965203688,0.06195965836012596,-0.833000987556939,-0.47450019313129754,0.7087254509627625,0.0005797505165669045,-2.168836055308658e-06,0.002589159388980486,-0.01141327476504647,0.010261395623270043,0.01647437669083638,0.5776918047033726,0.0,-0.45144155916011297,-0.3388634698906805,0.12288160423014356,0.11618162077653471,-4.254018567016627,-3.604974036893014,-0.16791066550678962,5.579803216583189,0.194898202504445,-0.6069920179366066,-0.7590986506147994,0.11618162077653471,-3.802577007856514,-3.2661105670023334,-0.2907922697369332,5.0224623890785205,0.18000000000000002
0.9377556194889354,0.004957972916524042,0.692845359012512,1.1573824093992595,0.17891314956236612,0.6393983745990437,1.9860620498657227,0.8100433349609375,-1.2850769758224487,0.9377556194889354,0.004957972916524042,0.692845359012512,0,0.0,-1.5707963267948966,nan,0.24944919898611556,-0.20070403684718185,-0.10058121919998655,0.00036789676952397876,-1.5708030915806794,0.24940816279388,-0.20094856463992986,2.4633871370119125,-0.1001895565863837,0.270324863598475,-0.210258453692741,0.16655883546924932,-0.03354204611229206,0.0004635487173896805,-4.10361922355551e-05,-0.0002445277927480005,0.00039166261360285004,0.003047320044794086,-0.0021585054856660783,0.0016842699433971303,-0.0013380015999700096,-1.1440531926206923,-1.4219179074105623,-0.04666350528146837,0.007696441692898626,-1.5708031384109238,2.464062186900004,0.15706460056007387,-0.36330082422057985,-0.162996794208856,0,sac,0,-0.007696441692898404,-0.007328544923374647,0.6782121276481786,1.2758051532956927,1.415426059882291,-0.4499889345403218,0.015962490639603887,0.677537048694687,1.274640334365737,1.4231606870974454,-0.4360905851948418,0.05255232715087358,0.012586503798468339,-0.011592361117405128,0.008574953421310537,0.046651397026319076,-0.1412654327937416,0.24355878418733629,1.927316424600636,1.0,-0.008067374117672443,6.811616027224687e-06,4.683024457108331e-08,0.9930310249328613,0.40502166748046875,-0.6425384879112244,0,0.06424354654013449,-0.677864197366613,-1.6506108092449472,-2.2027605205398033,0.06424354654013449,-0.7768051546508491,-0.9669328039660654,0.07291729152394033,0.0008715210652196594,-0.0003638620821610215,-0.0006467547559050432,-0.008701070096238859,0.009415503628542283,0.021901475647546048,0.5870594248773542,0.0,-0.4534877713849528,-0.3494912688797025,0.12978236597663845,0.12046417877392554,-4.5190946491107535,-5.502036030816491,-7.342535068466011,10.2284871697649,0.09894095728423613,-0.6836780052788818,-2.2756778120637438,0.12046417877392554,-4.0656068777258,-5.152544761936789,-7.47231743444265,9.94625136759658,0.19000000000000003
1.0275706722992637,0.028480688719599512,0.6204309059963584,1.20720077791992,0.07552612032575044,0.47560199996405117,1.9442009925842285,-1.4539551734924316,-1.9475597143173218,1.0275706722992637,0.028480688719599512,0.6204309059963584,0,0.0,-1.5707963267948966,nan,0.2514954577750364,-0.20256061528377178,-0.10038974515194776,0.00044741047669139,-1.5708030891082936,0.24931368493991077,-0.20109918776015373,2.462835903114329,-0.1002196486980926,0.27462935893300316,-0.21407366428900787,0.17059553163660535,-0.022156615974769367,0.0026315082964897983,-0.002181772835125634,0.001461427523618053,0.00017009645385515637,0.003788576048969654,-0.0028610976108727664,0.002256157039074811,-0.001037874922578748,-0.5781180353449191,-0.7177801445038485,-0.05349365883572525,0.021642998286887982,-1.5708031292339915,2.4635549794958256,0.16788678041223906,-0.46858075311129677,-0.8043638493542352,0,sac,0,-0.02164299828688776,-0.021195587810196592,0.6787633610423212,1.275937176016386,1.4153044649518414,-0.4498989898901929,0.02740901960473916,0.6780441573888312,1.2744965405604263,1.4220632867124832,-0.42338521988876365,0.05772666314974895,0.013825779073898526,-0.012733752463777793,0.009419248861342806,0.05348637948842252,0.07304075999252596,-0.3927754808596265,0.6019102014203064,1.0,-0.02352895960211754,6.8024390946774815e-06,4.012569787548159e-08,0.9721004962921143,-0.7269775867462158,-0.9737798571586609,0,0.06127790912405226,-0.876576010578728,-1.2805130118739725,-2.9894466114643152,0.06127790912405226,-0.7781134347562695,-1.1824432505386622,-0.8370135596080783,0.0009315712463497498,-0.00046930465641921264,-0.0031916342132554303,0.005526327365209444,-0.008650202334667966,0.01395708897348836,0.5965697548706789,0.0,-0.44957252291805283,-0.3656276838804482,0.14176182787964425,0.11490326106141432,-5.843840070524854,-4.268376706246575,-9.964822038214384,12.315859185983976,-0.09846257582245854,-0.09806976133531031,-2.152433051856237,0.11490326106141432,-5.394267547606801,-3.9027490223661268,-10.106583866094029,12.10313234284986,0.20000000000000004
1.1016732433653897,0.002547363697399767,0.5220522129978912,1.2498783854976419,-0.049319286346999724,0.32529482700095663,1.906722068786621,-1.97079336643219,-1.9880568981170654,1.1016732433653897,0.002547363697399767,0.5220522129978912,0,0.0,-1.5707963267948966,nan,0.25232899067592895,-0.20346995964420891,-0.10014672503196215,0.0005345261735922868,-1.570803086397589,0.24921006736341672,-0.20126415909771309,2.462231967944772,-0.10025261780108186,0.12282150730439681,-0.09371504773866002,0.07443730228777756,-0.027598922297486506,0.0038215771559403874,-0.003118923312512234,0.0022058005464958286,-0.00010589276911970869,0.003337816804340052,-0.002527691673525379,0.0019968192381124516,-0.0008743619120417561,0.5593781540859004,0.6937138350950081,-0.05946411191644673,0.020245737522724072,-1.570803083297145,2.4629832029855687,0.10525877287358766,-0.03649558455804658,-0.8881537915895087,0,sac,0,-0.02024573752272385,-0.019711211349132007,0.6793672956607576,1.2760818209023708,1.4151712448154976,-0.4498004459911237,0.01858119749414783,0.6786159236013252,1.2763176225226815,1.4137329370318548,-0.43129174510045604,0.06309142620633598,0.015110662432075232,-0.013917149546893211,0.01029461624887127,0.05946739170077401,0.23989179648407777,-1.0944677223406263,-1.7457224896003023,1.0,-0.03268308937549591,6.756502248350671e-06,-3.100444345705e-09,0.9533610343933105,-0.985396683216095,-0.9940284490585327,0,0.05609384961439683,-1.1878795646748943,0.25552371065180435,-1.1447849998086752,0.05609384961439683,-0.8397996527175823,-0.7324770717335206,-1.2340581868818468,0.0005840605555382069,-3.655196603383378e-05,-0.003524104209985756,0.009483578780896684,-0.015565780886611362,-0.01613549954146968,0.6077076479792843,0.0,-0.4429585414564523,-0.3856309569755362,0.15615723161422365,0.10518254193586506,-7.91919709783263,0.8517457021726812,-3.815949999362251,8.832422724272838,-0.348079911957312,0.988000782385325,0.08927318707317156,0.10518254193586506,-7.4762385563761775,1.2373766591482174,-3.9721072309764747,8.556514662522016,0.21000000000000005
1.1622520546968427,-0.055789915752363924,0.40513858780538803,1.2834096773597488,-0.17246447465189127,0.17131133742038174,1.75262451171875,-1.8956772089004517,-1.9834322929382324,1.1622520546968427,-0.055789915752363924,0.40513858780538803,0,0.0,-1.5707963267948966,nan,0.25141936141649784,-0.202993888496512,-0.0997470304111435,0.0006295136031890802,-1.5708030834396276,0.24909695939997933,-0.2014439748032365,2.4615734614960587,-0.10028856598044808,0.11200082091447805,0.0796521295993724,-0.06558868532203221,-0.04356428001848767,0.002844124532392033,-0.00232240201651851,0.0015499136932755064,-0.0005415355693045854,0.0016981265407129715,-0.001152074547807089,0.000892375522949493,-0.0008717935022753458,1.3724603663052721,1.6998885481463781,-0.06330913646477253,0.002466229000642306,-1.5708030144015166,2.4623632533395536,-0.024158881838724337,0.5993550251672849,-0.03407866063215892,0,sac,0,-0.002466229000642528,-0.0018367153974532258,0.6800258015090894,1.2762395358278686,1.4150259869743012,-0.44969299771464877,0.01666575269831275,0.6792359617719196,1.2788521847894132,1.4013908046504124,-0.4588788201921931,0.06863977423787572,0.016439515165346405,-0.015141043092120988,0.011199939162528053,0.0633205637548692,0.231691583504313,-1.2049905037734105,-3.1580796762390064,1.0,-0.024537185207009315,6.687606620037201e-06,-6.9038111227826e-08,0.876312255859375,-0.9478386044502258,-0.9917161464691162,0,0.05589204714273131,-1.4633423720453929,2.075351274963804,2.476996350201851,0.05589204714273131,-0.9645892924484644,0.349384859486866,-0.5678286697995405,-0.00013405295884318528,0.0006002809596672697,-0.00013522067072362846,0.010248990243556431,-0.018199554338239173,-0.030567284592530275,0.6168644645306032,0.0,-0.4321841213972615,-0.4057483336934532,0.17060756875851416,0.10480413865128692,-9.755615813635952,6.91783758321268,8.256654500672836,14.533129194427922,-0.4987530795969285,1.725966415476938,3.044825020001391,0.10480413865128692,-9.32343169223869,7.323585916906134,8.086046931914321,14.35118211489026,0.22000000000000006
1.1880351182712374,-0.055522734728548864,0.27525583477234317,1.2396012454200267,-0.054988372680918746,0.015490328706253581,0.6849746704101562,1.43229079246521,-1.9572457075119019,1.1880351182712374,-0.055522734728548864,0.27525583477234317,0,0.0,-1.5707963267948966,nan,0.24958334459847537,-0.2017785868978128,-0.09928603958774107,0.0007326326862358012,-1.570803080225709,0.24897401792925444,-0.20163911034875817,2.460858581854544,-0.10032759160378871,0.22746376701202825,0.1713075347297588,-0.14104371442208719,-0.050001644674305123,0.001214727664825721,-0.000609326669220922,0.00013947654905463458,-0.0010415520160476366,0.0010448327800962915,0.0003733397652713787,-0.00034476422182860383,-0.0009129241969505323,0.9747968428286659,1.2057526251608726,-0.06534717116710173,-0.017463202596083027,-1.5708029700466255,2.461715970771234,-0.15621238782600044,0.7428031695994545,0.9097725274590176,0,sac,0,0.01746320259608325,0.01819583528231883,0.6807406804994625,1.2764107523584316,1.4148682939498256,-0.4495763510430994,0.04154430705522118,0.6798833556063105,1.279897627107353,1.3938955872943173,-0.4852580231277063,0.07436493063608535,0.01781071424747293,-0.01640393826765015,0.012134111864403337,0.0653564178665277,-0.010043158863116831,-0.3075024716638129,-1.8680510707221702,1.0,-0.01578730344772339,6.643251729165911e-06,-1.1017908363442075e-07,0.3424873352050781,0.716145396232605,-0.9786228537559509,0,0.06587481322489717,-1.488569139556774,2.5482592463747356,4.926379186650304,0.06587481322489717,-1.100492213348869,1.380165411473489,0.891050716703409,-0.0008667923017226971,0.0007439507149649717,0.003609885162354328,0.006087502092150912,-0.01171103807587989,-0.025116945074858475,0.5875550435721784,0.0,-0.3956551601789931,-0.398524376563027,0.1727895967235598,0.1235229949838687,-9.923794263711827,8.494197487915786,16.421263955501015,20.98347567441393,-0.3880769262079049,1.1680938349012466,4.035328469946895,0.1235229949838687,-9.528139103532833,8.892721864478812,16.248474358777454,20.830125152129767,0.23000000000000007
1.2227366272486841,-0.01696925977260686,0.137042934763289,1.2921396452035776,0.060137690139277125,-0.1393828652548193,1.8716349601745605,1.3299710750579834,-1.847624659538269,1.2227366272486841,-0.01696925977260686,0.137042934763289,0,0.0,-1.5707963267948966,nan,0.24858294746376877,-0.2012450183199031,-0.09917972892486998,0.000844133615731435,-1.5708030767473502,0.24884090702968015,-0.20185002057657306,2.4600855945453737,-0.10036978935683649,0.11526009089974731,0.08672862351322974,-0.0744478805724591,-0.014850841591887431,0.0013597112560956622,0.00025795956591137537,-0.0006050022566699564,-0.001190060431966511,0.0013061635964360292,0.0008256227445681602,-0.0007248790671947746,-0.0007063715468854011,-0.636617870702945,-0.7863788490598255,-0.0680190495119421,-0.018647595548526796,-1.570802991222011,2.461046810130827,-0.21330711794157356,0.6016712833327141,0.9603863569302276,0,sac,0,0.018647595548526574,0.01949172916425823,0.6815136671053124,1.276595885907756,1.4146977831397487,-0.44945022296276854,0.03654137959009564,0.6805525366421593,1.2777077047360959,1.3997609731704712,-0.4827669487535016,0.08026018426715827,0.01922265233362865,-0.017704354684489172,0.013096039300045392,0.06801508828109185,-0.3551390470278459,1.2004671152925908,1.8570962202313803,1.0,-0.015859588980674744,6.6644271141669265e-06,-8.55253392550992e-08,0.9358174800872803,0.6649855375289917,-0.9238123297691345,0,0.08442561509223664,-1.1146227828210902,0.5264974202196492,3.308688773107049,0.08442561509223664,-1.1518293819734684,1.3165445071174262,1.9622329690061684,-0.0011835999072004279,0.0006026007961848545,0.0038107157068074126,-0.011041818525471127,0.014795116604275127,0.014023356747524106,0.5482780651844872,0.0,-0.35098233916232163,-0.38421632954635804,0.1726211066715605,0.15830792254310266,-7.430818552140602,1.7549914007321639,11.028962577023497,13.414922142718737,0.03720659915237823,-0.790047086897777,1.3464558041008807,0.15830792254310266,-7.079836212978281,2.139207730278522,10.856341470351937,13.137180140163458,0.24000000000000007
1.2787262121583067,0.04089669911290215,-0.0033740169490138194,1.3907053819775521,0.15662861688392016,-0.2842079203736194,1.9890720844268799,0.7423996925354004,-1.163402795791626,1.2787262121583067,0.04089669911290215,-0.0033740169490138194,0,0.0,-1.5707963267948966,nan,0.2496789191614592,-0.20242840289954878,-0.0995746434443609,0.0009642569513645949,-1.570803072996288,0.24869729764113604,-0.20207713974934005,2.4592528318777376,-0.10041525027907502,0.16040955751998934,-0.12395810862345369,0.09562654068786813,0.0349453597252386,0.0013392484685166575,-0.0009816215203231615,0.0003512631502087249,-0.0008406068347141249,0.0003949952701221892,-0.0002754846521613053,0.0001539850243048651,-0.00023752490844603218,-2.2403892941776973,-2.763367438831818,-0.07459426408021297,0.007884905448960922,-1.5708030784049045,2.460330509062722,-0.1418053049053636,-0.6075798082520583,0.23788108333591024,0,sac,0,-0.007884905448960922,-0.006920648497596105,0.6823464290161091,1.2767953358944972,1.4145140866734236,-0.4493143413570763,0.008875680571256886,0.6812687052036407,1.2729854985945286,1.4183560354756826,-0.44236158750442095,0.08631888947176394,0.020673737760400306,-0.019040826396465937,0.014084637098460523,0.0745754489542461,-0.5027631884396079,2.129759440031553,5.184459788896605,1.0,-0.013480186462402344,6.751610007960096e-06,5.408616665647514e-09,0.9945360422134399,0.3711998462677002,-0.581701397895813,0,0.1015475575198334,-0.5583208361564387,-3.1911956614974764,-2.307205925374203,0.1015475575198334,-1.0826486201734866,-0.26625786588541045,1.4271035616428465,-0.0007868501874020425,-0.0006085184490948503,0.000943888023897005,-0.015559744893918887,0.025626640623224273,0.04413699424287934,0.5141079211879469,0.0,-0.3079241172081902,-0.3729992436827476,0.17424481880918932,0.1904135711978875,-3.722138907709591,-10.637318871658255,-7.69068641791401,13.645137805548385,0.5243277840170479,-2.924937795612066,-3.7343094870170495,0.1904135711978875,-3.414214790501401,-10.264319627975508,-7.8649312367232,13.375594220347837,0.25000000000000006
1.338734443039515,0.09165173961843467,-0.15848069447287993,1.4587509048019314,0.1931618206294997,-0.4686940495206121,1.9628612995147705,0.46381545066833496,-1.8354463577270508,1.338734443039515,0.09165173961843467,-0.15848069447287993,0,0.0,-1.5707963267948966,nan,0.2522434200993129,-0.2048469065036609,-0.09999276631468396,0.0010932337139630821,-1.5708030689644685,0.2485428672366352,-0.20232088160177283,2.458358692290131,-0.1004640617993339,0.35012236709886735,-0.27189313423545136,0.2174761751679355,0.036931135006418314,0.004505220608170264,-0.003700552862677675,0.00252602490188808,-0.00047129548464994175,0.0025259624502638103,-0.001992750394531891,0.0015497549656115117,8.770240474586708e-05,-2.1534586715474076,-2.6517394354537047,-0.08627877837798419,0.04566395467160267,-1.5708031781805172,2.4595189886944606,0.02592820904804697,-0.7858387402288205,-0.9630622802914559,0,sac,0,-0.04566395467160245,-0.04457072095763959,0.6832405677921016,1.2770094858990837,1.4143168512674515,-0.44916844489973556,0.0637294581849023,0.6820800118945015,1.269188933192753,1.4367072504278455,-0.3900278841029737,0.09253446606504817,0.02216239454578764,-0.020411901900227784,0.015098831572113138,0.0862589025180789,-0.24026846435308674,1.3702116770622155,4.545951064647511,1.0,-0.04700347036123276,6.851385620620931e-06,1.0921604864932988e-07,0.9814306497573853,0.23190772533416748,-0.9177231788635254,0,0.10186203247764866,-0.31402634563044196,-5.764259111499967,-7.777989347002291,0.10186203247764866,-0.9270881617593242,-2.574346746254574,-0.7989639900437919,0.00014387061303574285,-0.0007870527705955457,-0.0038213334994377035,-0.011820786545095295,0.022158204015660217,0.04726788985994078,0.4825483072868447,0.0,-0.2629348685264119,-0.36406739627957185,0.17655892711673007,0.19100324859862866,-2.093508970869613,-19.21419703833322,-25.926631156674304,32.338751259351596,0.6130618161288822,-3.1899123652453927,-6.979025356958498,0.19100324859862866,-1.830574102343201,-18.85012964205365,-26.103190083791034,32.25044811871458,0.26000000000000006
1.3896177408199732,0.07185140679340798,-0.29995333591188866,1.4913843363808899,0.03225074114335463,-0.582898618789906,1.8781781196594238,-1.8749775886535645,-1.9365293979644775,1.3896177408199732,0.07185140679340798,-0.29995333591188866,0,0.0,-1.5707963267948966,nan,0.25384381214947105,-0.20654378488391578,-0.1001441198525396,0.0012312854799425565,-1.5708030646440412,0.24837729950405849,-0.20258163939422438,2.457401639695606,-0.10051630777136181,0.227834997455481,-0.17659597827348883,0.1436120587803319,0.009910756582773295,0.006761647819197223,-0.005466512645412563,0.003962145489691399,-0.0003721879188222088,0.003196997044518734,-0.0025013796354272175,0.001987066826382161,0.00012431994861262607,0.24470060151441977,0.3007482073990806,-0.09976232881441638,0.059574646750327975,-1.5708031865517447,2.458576694195277,0.1475390181517415,-0.7886558024899961,-0.9668758766196557,0,sac,0,-0.059574646750327975,-0.05834336127038542,0.6841976195190628,1.2772387038205306,1.414105738081253,-0.44901228294791723,0.07788512412000542,0.6830222143050837,1.2699678049081962,1.4370857299443989,-0.3749598354208573,0.09890039933663271,0.02368706238920326,-0.021816144135241453,0.016137559716925674,0.09976285191592402,0.3081980347532472,-0.9973500949676063,-1.0768728718294036,1.0,-0.07557591795921326,6.859756847887866e-06,1.2190770348752267e-07,0.9390890598297119,-0.9374887943267822,-0.9682646989822388,0,0.07928320514902851,-0.6342079897985331,-4.277892381100064,-7.433266955372772,0.07928320514902851,-0.8192648950629858,-3.711335495955877,-3.101146766377207,0.0008186654523206075,-0.0007898741848935387,-0.0038364654630713246,0.008914306528270464,-0.01057061801603609,0.00876464788984804,0.47400525289123047,0.0,-0.2332138419796405,-0.3696956626666183,0.18335048590899497,0.1486653012357557,-4.228053265323554,-14.259641270333546,-24.77755651790924,28.899190506707814,0.18505690526445273,-0.5665568851441871,-4.332120188995565,0.1486653012357557,-3.9948394233439135,-13.889945607666927,-24.960907003818235,28.843687538650503,0.2700000000000001
1.4366403907924739,0.004822250790658886,-0.4313530424819281,1.5306856907374753,-0.12923606121483927,-0.6941524556220069,1.984395980834961,-1.993503212928772,-1.9785104990005493,1.4366403907924739,0.004822250790658886,-0.4313530424819281,0,0.0,-1.5707963267948966,nan,0.25214836226867826,-0.2056074942074716,-0.09990066088873414,0.0013786244757543198,-1.5708030600273535,0.2482002840388822,-0.20285978596845006,2.4563802028270283,-0.10057206850937508,0.19672400311857405,0.15184344156164986,-0.12144372506698586,-0.029921970181873148,0.004856748960820521,-0.003948078229796065,0.00274770823902154,-0.0006714076206409403,0.0008401325843938797,-0.000654139063566473,0.0005141763517986595,-0.00011639383200040402,3.3926173058864855,4.160610423052766,-0.1088211681940412,0.024991543468939614,-1.5708030470227734,2.457520332621308,0.1113843330074973,0.530985041785097,-0.6182351213180391,0,sac,0,-0.024991543468939614,-0.023612918993185517,0.685219055463034,1.2774833420332548,1.4138804225726396,-0.4488456154354157,0.020675410495469396,0.6840787571212842,1.276097700779244,1.4121802486788326,-0.42831851807865406,0.1054102400506156,0.025246196671472765,-0.02325213048379313,0.017199769212278657,0.10884903038512767,0.7784205389417012,-3.3278057672755343,-7.917860302526993,1.0,-0.04440397769212723,6.72022787684412e-06,-1.3004580079467587e-08,0.9921979904174805,-0.996751606464386,-0.9892552495002747,0,0.0528236856173186,-1.419992708490882,1.399183590274118,0.8304131434611145,0.0528236856173186,-0.8619049005099555,-2.1895246941583806,-3.0927245977363063,0.0006180501029851513,0.0005318053525333508,-0.0024530942888829443,0.0199221513642157,-0.034264840314089516,-0.06046154953015111,0.48209281252814074,0.0,-0.21461478865635808,-0.385109420966754,0.19505052233698647,0.09905060119504706,-9.466618056605881,4.663945300913727,2.7680438115370483,10.910596718958931,-0.5580878079809266,3.5887082844324985,3.923137741197421,0.09905060119504706,-9.252003267949524,5.049054721880481,2.572993289200062,10.85000569320394,0.2800000000000001
1.4840264369541345,-0.08297297609816244,-0.5672109336717275,1.578798529277456,-0.25856342987580505,-0.8389267160513263,1.9463295936584473,-1.2464873790740967,-1.9448485374450684,1.4840264369541345,-0.08297297609816244,-0.5672109336717275,0,0.0,-1.5707963267948966,nan,0.24722455880036281,-0.20204684806460585,-0.09865306208421079,0.0015354536723344303,-1.5708030551069407,0.24801151604877952,-0.20315567380581806,2.4552929745823335,-0.10063142082358248,0.6245121019434515,0.47350354782127735,-0.38565339802337506,-0.1306951118730748,0.002400562337632318,0.0007869572484167087,-0.0011088257412122104,-0.0019783587393716884,0.0036359681751909944,0.0027157909773471967,-0.0022243016651424434,-0.0009472201649066813,4.5834072280320415,5.608316034452381,-0.10990470501118771,-0.043927739621923534,-1.570802860872181,2.456418198701773,-0.1364450718701093,0.7893167371995059,0.9669129605655676,0,sac,0,0.043927739621923756,0.04546319329425774,0.6863062827250701,1.277743737543888,1.4136405943533863,-0.4486682127658141,0.0858928538736046,0.685181252388271,1.2842500836851445,1.3757815730945677,-0.5254840875737479,0.11205760444557106,0.026838268454834682,-0.024718452770988438,0.018284418421010674,0.1099428492560586,0.7422645212837033,-3.4268653813114387,-9.927585155245323,1.0,-0.08801080286502838,6.534077284570117e-06,-1.9423475983160188e-07,0.9731647968292236,-0.6232436895370483,-0.9724242687225342,1,0.05022876642304881,-2.3304761345620553,7.397580166448792,9.0,0.05022876642304881,-1.1089724667547982,1.5356608247678345,-0.3711376568046753,-0.00075710729187974,0.0007905361406710702,0.003836612608409383,0.022075757427801025,-0.04076767319511467,-0.08798414149723342,0.5000741408596607,0.0,-0.20015435381387645,-0.40532513976701195,0.21383150394347777,0.09418482359469119,-15.536507563747035,24.65860055482931,30.0,41.82628981133747,-1.221503667807257,5.861919341680958,9.371137656804676,0.09418482359469119,-15.336353209933158,25.06392569459632,38.867949650826276,48.72504983932017,0.2900000000000001
1.5269453211962076,-0.08396860348557694,-0.6894987119177887,1.6127830896803539,-0.08595985826040595,-0.9340742684099109,1.9827656745910645,1.793138027191162,-1.9699251651763916,1.5269453211962076,-0.08396860348557694,-0.6894987119177887,0,0.0,-1.5707963267948966,nan,0.24164067506855252,-0.19791854342020532,-0.09693038032402171,0.0017019668795514864,-1.5708030498755259,0.2478106960709112,-0.2034696350882091,2.454138611369782,-0.10069443805568457,0.7204153165668167,0.5383063753941958,-0.4442265926791561,-0.1785698992291168,0.00911328198199852,0.006170021002358667,-0.005551091668003771,-0.0037640577316628565,0.0072138319467853545,0.005389697353537721,-0.004436526261992562,-0.0018187271704078545,2.620239840196086,3.199100788030137,-0.10570727838188386,-0.10136614719805714,-1.5708027815720937,2.455339933518927,-0.3891423829659005,0.7893194319935594,0.9668800690142949,0,sac,0,0.10136614719805692,0.10306811407760863,0.6874606448959839,1.2780202121480915,1.4133859570448026,-0.44847985570565024,0.16058118934296337,0.686259829950322,1.2874797404101401,1.3569572416091404,-0.5985171637780343,0.11883617423454935,0.02846176448294045,-0.0262137172647524,0.01939047638941837,0.10573190720148233,-0.05314583768703435,-0.4964515468908257,-4.684799641153058,1.0,-0.19786404073238373,6.454777197184569e-06,-2.6830343191619477e-07,0.9913828372955322,0.896569013595581,-0.9849625825881958,1,0.07605494354864413,-2.4510941760969396,8.21965260936878,9.0,0.07605494354864413,-1.429083385013722,4.77786999217031,2.7740226361705704,-0.002159275756059636,0.00079053883962827,0.003836482098068256,0.008347453110959234,-0.0184625681280525,-0.05634948321831071,0.49671701012611497,0.0,-0.1735333676957624,-0.4059666898233141,0.2276071290594726,0.14261193239948272,-16.340627840646263,27.398842031229265,30.0,43.791928491926704,-1.0220107910832177,3.441782617198469,6.225977363829429,0.14261193239948272,-16.167094472950502,27.804808721052577,52.76430337549071,61.794614494919465,0.3000000000000001
1.603315238967292,-0.12255884639894063,-0.7979546102978268,1.756055074509461,-0.199739332225668,-1.0148664070579028,1.982071876525879,-0.3792306184768677,-1.1423189640045166,1.603315238967292,-0.12255884639894063,-0.7979546102978268,0,0.0,-1.5707963267948966,nan,0.2385840279072097,-0.19583153952921034,-0.09672730314258157,0.0018783488406546311,-1.5708030443260106,0.24759752970266244,-0.20380198176183914,2.4529158324532134,-0.10076119011434465,0.37431868767214116,0.2843480793094072,-0.2419350564625028,-0.02698292401002167,0.012690287943985447,0.009013501795452739,-0.0079704422326288,-0.004033886971763073,0.007264210290788158,0.005479088085957382,-0.0045625094429517735,-0.0013899109604893216,-1.6956969106478963,-2.0659265089104184,-0.10390826760969142,-0.1041253647128837,-1.5708028658515207,2.4542958316410135,-0.4586248275528452,0.1978699822863994,0.966880069016791,0,sac,0,0.1041253647128837,0.10600371355353833,0.6886834227110913,1.2783130725873704,1.413116228133305,-0.4482803352775814,0.14404940641095204,0.6873040046959193,1.280205734173457,1.3776355079993983,-0.5878721152081596,0.12573969660507706,0.03011518718085448,-0.027736544675829502,0.020516922847256466,0.10389983004976994,-1.1580872706770153,3.7754674263550267,5.290102271075266,1.0,-0.1959865242242813,6.5390566241774195e-06,-1.7847448985364167e-07,0.9910359382629395,-0.18961530923843384,-0.5711594820022583,0,0.11718528752084725,-1.1310661684097925,1.540639652707595,8.925177193945217,0.11718528752084725,-1.5198605783886918,4.3998839983045235,5.077595516357542,-0.0025448203912259723,0.0001981756686249084,0.0038364820980781606,-0.025123482430497987,0.03398493201724164,0.03084210187631971,0.5249493924923716,0.0,-0.16847753452719155,-0.4294327238592523,0.25054883898468217,0.21973614761081428,-7.54044112273195,5.135465509025317,29.75059064648406,31.118759392189904,0.38879440997889936,-2.8592443455969283,3.8475816775876748,0.21973614761081428,-7.371963588204759,5.564898232884569,29.50004180749938,30.91301813325507,0.3100000000000001
1.6583498034332558,-0.1804021111025848,-0.8119833850728924,1.768418932365183,-0.29608864050987316,-0.8400409346230235,1.965707778930664,-1.8335249423980713,1.949631690979004,1.6583498034332558,-0.1804021111025848,-0.8119833850728924,0,0.0,-1.5707963267948966,nan,0.2408042164371844,-0.1980911256175646,-0.09840566735510206,0.002064775326720225,-1.5708030384514702,0.24737172734651502,-0.20415300560422064,2.451623419297306,-0.10083174351063415,0.3494357864119567,-0.24459908861221014,0.19085622459727447,0.16078108162309868,0.009260908920253967,0.006567510909330637,-0.006061879986656055,-0.0024260761555320864,0.0026860199825520675,0.0020184923045746166,-0.0017661722130568273,0.00014500991989520014,-5.82551961442693,-7.081720440849773,-0.11319352512954423,-0.03538057983924214,-1.570803091038908,2.453211225347936,-0.1305868820427827,-0.788863209414372,-0.8140615155297839,0,sac,0,0.035380579839242365,0.03744535516596237,0.6899758347049557,1.2786226107058873,1.412831138825988,-0.44806945265355,0.03921886861978746,0.6883883014235698,1.2652956477414974,1.4323403622520652,-0.47933255635989724,0.13276198421915683,0.031797054655054106,-0.029285570157783655,0.02166274820773775,0.11314587578075162,-1.552110870797475,6.095567803074019,13.71337813980201,1.0,-0.15355846285820007,6.764244011137066e-06,5.258743751568318e-08,0.982853889465332,-0.9167624711990356,0.974815845489502,1,0.15351826372592117,0.6067953124388895,-9.0,-6.175462873113398,0.15351826372592117,-1.2280026027209499,-0.3930754801018573,3.5823952954518314,-0.0007246013305086552,-0.0007900819122377305,-0.0032301135695560145,-0.038227407359380565,0.062214582239552556,0.10785276414553746,0.5665502210764929,0.0,-0.19161393966484402,-0.46255575528898446,0.26515170068656463,0.2878647360321042,4.0453020829259305,-30.0,-20.584876243711328,36.60852994886966,1.8347979151598395,-8.606924519898143,-9.75785816856523,0.2878647360321042,4.2369160225907745,-29.61346337782327,-20.850027944397894,36.46526020749873,0.3200000000000001
1.6414238826182577,-0.18633295652113352,-0.7988635886512162,1.6075720409882615,-0.19819464735823092,-0.772623995807864,-1.9775797128677368,1.9837861061096191,0.7300469875335693,1.6414238826182577,-0.18633295652113352,-0.7988635886512162,0,0.0,-1.5707963267948966,nan,0.24739416062068179,-0.2040296104008922,-0.09948608714038729,0.002261413231102294,-1.57080303224515,0.24713300396968968,-0.2045229782944674,2.450260214912828,-0.10090616139344727,0.8868543702771587,-0.6828667560322743,0.5568512093080874,0.10060019024721034,0.0015258524040588238,-0.00026115665099210594,-0.0004933678935751806,-0.001420074253059983,0.004151733160918623,-0.0032011178995220197,0.0025304147152364646,0.000765985510140915,-6.620831174965613,-8.028099608433221,-0.13379522244381953,0.06860641865227057,-1.5708033847673957,2.451964008115249,0.34286164857832185,-0.7893194370141198,-0.9668799936825192,0,sac,0,-0.06860641865227057,-0.0663450054211685,0.6913390378661329,1.2789491036072764,1.4125304339061966,-0.44784701904794927,0.13988667763645218,0.6896349246920684,1.2531898152282874,1.487311861219502,-0.33247988434465703,0.13989691521326741,0.03350590069342958,-0.030859443306998156,0.02282695356753305,0.13373276739717516,-0.873542710254068,4.644271408019739,14.176775235517903,1.0,-0.10898096114397049,7.057972498891729e-06,3.5252224561688195e-07,-0.9887898564338684,0.9918930530548096,0.36502349376678467,1,0.14459746167929025,1.0570351654590115,-9.0,-9.0,0.14459746167929025,-0.7250553999272266,-4.703032388363764,-0.013830103864944723,0.0019024729195911887,-0.0007905388446565867,-0.0038364817991594067,-0.0275721847284518,0.05516974456312606,0.12558690072827572,0.5624352540156232,0.0,-0.19221299487567886,-0.4633243574560773,0.2543975616008415,0.2711371867228394,7.046901103060077,-30.0,-30.0,43.00851462827254,1.782090565386238,-4.296967611636236,-8.986169896135054,0.2711371867228394,7.239114097935756,-51.66769050076249,-67.33460272092171,85.1820242396475,0.3300000000000001
1.5686433207814445,-0.1988862216715555,-0.7658547062022867,1.4230821971078185,-0.22399275197239946,-0.6998369413044278,-1.9275275468826294,-0.6925246715545654,0.6220841407775879,1.5686433207814445,-0.1988862216715555,-0.7658547062022867,0,0.0,-1.5707963267948966,nan,0.25480525095851175,-0.21076958129801868,-0.09933408094295376,0.002468420663876758,-1.570803025700457,0.24688107887912736,-0.20491215148713784,2.448825123201895,-0.10098450358488839,0.995527484899132,-0.7663015428392289,0.6350797704456013,-0.023034838887464604,0.009991290308568816,-0.007924172079384395,0.005857429810880832,-0.001650422641934629,0.009345137023976631,-0.007229959369405824,0.005910347655662115,0.0003564605207440042,-3.9502737858003387,-4.775623644230781,-0.15548767807736985,0.15107026753715735,-1.5708035911453782,2.4504982249253104,0.5549422842684291,-0.7893194331461509,-0.966880069016861,0,sac,0,-0.15107026753715758,-0.1486018468732806,0.6927741282919161,1.2792928138114583,1.412213871589098,-0.4476128556107883,0.24206135908807577,0.6911001589951851,1.251272232873299,1.5108820850867308,-0.22836338564692826,0.1471384331983639,0.035240274765284144,-0.032456828162675797,0.024008550706771298,0.15544555101694968,0.28875330895007456,0.5865162357429003,7.072950972677228,1.0,-0.2771754264831543,7.264350481595017e-06,5.654449211078827e-07,-0.9637637734413147,-0.3462623357772827,0.31104207038879395,1,0.08492252712688113,0.20205630560903728,-9.0,-9.0,0.08492252712688113,-0.3614911238357459,-7.054786551404243,-3.2346161671396794,0.0030792673141906905,-0.0007905388407826423,-0.003836482098078438,0.005838662054262881,0.020821199776914608,0.07850805347822663,0.5328823810056279,0.0,-0.1814706740985004,-0.44482120252214674,0.2305778051227273,0.15923969084357983,1.3470420373935819,-30.0,-30.0,42.44808452132611,0.5635474294447832,-1.9452134485957568,-5.765383832860321,0.15923969084357983,1.5285127114920822,-43.454310087523346,-75.367291952794,87.01073192353144,0.34000000000000014
1.5131539061099306,-0.26162600618884213,-0.7817918694470833,1.4021750767669028,-0.38710557522341527,-0.8136661959366766,1.1992738246917725,-1.9700971841812134,-1.9183663129806519,1.5131539061099306,-0.26162600618884213,-0.7817918694470833,0,0.0,-1.5707963267948966,nan,0.25967607746171567,-0.21552135138578216,-0.09975219311817402,0.002685947046290771,-1.5708030188109603,0.24661567551232552,-0.20532075688980353,2.4473171083032255,-0.1010668266156303,0.6734737642178013,-0.5136229870005754,0.43431646850977945,0.033578914447834896,0.016623913148944732,-0.013060401949390149,0.010200594495978627,-0.0013146334974562801,0.010700438762406122,-0.008229560799443314,0.006823597923537934,0.0004606844192700313,0.9710182167177165,1.1699915161912284,-0.17053748976382815,0.1687303211265998,-1.5708035083629688,2.448847908772153,0.5501080564678876,-0.08031646896160938,-0.9668800690167927,0,sac,0,-0.16873032112660002,-0.16604437408030925,0.69428214184308,1.2796539894114538,1.4118812233772529,-0.4473667933208575,0.2359689594550806,0.692750324026725,1.2609926522340273,1.48730355727947,-0.22456143116818433,0.15448054725987734,0.036998742021333915,-0.034076403206838746,0.02520656208903946,0.17054004852508947,1.3934659487761105,-4.30722213660664,-4.43420138342277,1.0,-0.39236345887184143,7.181568072223143e-06,4.895520087089267e-07,0.5996369123458862,-0.9850485920906067,-0.9591831564903259,1,0.03623143297259805,-1.1903890182273735,-3.798159281193073,-9.0,0.03623143297259805,-0.3431471343260486,-6.4071932501344335,-5.438574918017056,0.003052443119895994,-8.044054865795923e-05,-0.003836482098078167,0.030199488707867858,-0.03782949163810991,-0.021627708166526764,0.5127819465477911,0.0,-0.16705481789147864,-0.434049818980055,0.2159601055009189,0.06793818296005635,-7.93592678818249,-12.660530937310243,-30.0,33.515259109824676,-0.8472418839013249,2.6090339689413606,-3.561425081982944,0.06793818296005635,-7.768871970291012,-12.226481118330188,-43.89200046471036,46.220715405740926,0.35000000000000014
1.4961490404329496,-0.3536307033559105,-0.8314944141125215,1.4621393090789876,-0.5376400976900473,-0.9308995034433976,1.9976439476013184,-1.8819737434387207,-1.9778399467468262,1.4961490404329496,-0.3536307033559105,-0.8314944141125215,0,0.0,-1.5707963267948966,nan,0.259217641154148,-0.2159033427419824,-0.10093230234937378,0.0029141332052109448,-1.5708030115703842,0.2463365212444845,-0.20574900634452203,2.445735193937395,-0.10115318376023899,0.1109313070494251,0.017928203972661372,-0.004625809851827034,0.1093752086591071,0.016403736964411015,-0.012881119909663535,0.010154336397460356,-0.00022088141086520907,0.007079112078406017,-0.005357370587085409,0.004510243945704146,0.0010344601304570415,5.673765604184716,6.812118239323739,-0.17395432579116682,0.1066801457739448,-1.5708031261480804,2.4471094411863197,0.08036908722862333,0.7872481064960961,0.6029875521963639,0,sac,0,-0.1066801457739448,-0.10376601256873386,0.6958640547986265,1.280032864230197,1.4115322739161882,-0.4471086728788943,0.11483829190551363,0.6944891361758928,1.2789727389648065,1.4230703914318343,-0.33286467581483126,0.1619173319577151,0.038779883293708,-0.03571686136432864,0.0264200208613826,0.17399739775455078,1.953858622743563,-7.347509104213647,-14.25912021635576,1.0,-0.25290897488594055,6.799353183595258e-06,1.145776962196976e-07,0.9988219738006592,-0.9409868717193604,-0.9889199733734131,0,0.0365902288547112,-2.9384776520951634,8.42217033221674,4.108443678617082,0.0365902288547112,-0.7523534379301265,-1.120209245168278,-4.23015882398875,0.00044595250783725413,0.00078846431417142,0.00239259348030386,0.04544483874148881,-0.07257195164711476,-0.1099122707720292,0.5155589283380974,0.0,-0.15973849271273283,-0.4384426704894408,0.21920914038670739,0.068610967288039,-19.589851013967756,28.073901107389137,13.69481226205694,36.870839107548605,-2.1861242141650368,9.542379577385018,8.338602502605832,0.068610967288039,-19.430112521255023,28.512343777878577,13.475603121670233,37.04159293624078,0.36000000000000015
1.4993887549570843,-0.3556487310015624,-0.8913371053853599,1.505868184005354,-0.35968478629286627,-1.011022487931037,1.9900970458984375,1.6108918190002441,-1.898259162902832,1.4993887549570843,-0.3556487310015624,-0.8913371053853599,0,0.0,-1.5707963267948966,nan,0.2532914446353299,-0.2117030330492277,-0.10047313995208429,0.003153111467566694,-1.5708030039726035,0.2460433472123646,-0.20619709191339283,2.4440784627520937,-0.10124362507247356,0.7323973312449544,0.5633022486698253,-0.46483952616254987,-0.054960370952406024,0.009134766081559817,-0.007248097422965283,0.0055059411358348576,-0.0007704851203892693,0.00038238429002168916,0.00018344325995886882,-9.193815749434283e-05,0.0003226665319297922,7.14205487711284,8.54518347483719,-0.16798357282878956,-0.0005374100955679584,-1.5708027324156177,2.4453981924979833,-0.5181859707779876,0.7893193353038555,0.966860960584538,0,sac,0,0.0005374100955677363,0.003690521563134652,0.6975207845105283,1.2804296579773518,1.4111668208499677,-0.4468383446007483,0.07671755429447588,0.696200937715415,1.2969979113820078,1.3521617326662256,-0.49296570837661574,0.16944292732626068,0.040582295095948434,-0.03737691000280652,0.027647970854303813,0.16803819520571459,1.56559444963102,-6.3775843369753495,-15.948824598673358,1.0,-0.15945103764533997,6.4056207209617355e-06,-2.715569857869582e-07,0.9950485229492188,0.8054459095001221,-0.949129581451416,1,0.07750018821354988,-4.386644162447594,9.0,9.0,0.07750018821354988,-1.5010617728924238,3.8463271574763973,-0.6694740319835151,-0.002875313645620509,0.0007905387427891917,0.0038364062777560643,0.04147763677114106,-0.07104192550666097,-0.1383441003064696,0.5076287434493779,0.0,-0.14209691438467592,-0.4297340502946926,0.22983484095251325,0.14532193552137612,-29.24429441631729,30.0,30.0,51.529116762983534,-2.8855823895551698,5.153672842523603,9.669474031983516,0.14532193552137612,-29.102197501932615,56.52715053183953,66.8017499354314,92.22120992261809,0.37000000000000016
1.5329258094927578,-0.3721411243121871,-0.9880695453129643,1.599999918564105,-0.4051259109334364,-1.181534425168173,1.9990911483764648,-0.597783088684082,-1.904455542564392,1.5329258094927578,-0.3721411243121871,-0.9880695453129643,0,0.0,-1.5707963267948966,nan,0.24504857199675556,-0.20549558457562214,-0.09797542883695404,0.003403005754800459,-1.5708029960116416,0.24573588815519845,-0.20666518596836567,2.442346055667379,-0.1013381974205527,1.0688947109630809,0.7935413581408174,-0.6675542528578382,-0.25922834632093883,0.003626097553348835,0.0006873161584428911,-0.0011696013927435245,-0.0033627685835986576,0.007194232577328177,0.0054030085343563464,-0.004503682798868756,-0.001510404714484229,5.000527401328296,5.963062101633774,-0.16034511783468378,-0.09562317045302282,-1.570802552524439,2.4437627799603994,-0.7486368795413598,0.7893194328609178,0.9668800689697087,0,sac,0,0.09562317045302304,0.09902617620782328,0.6992531900584752,1.2808445764061231,1.4107846746767652,-0.44655566831054677,0.20015717032474872,0.6978368294945168,1.3052119035724608,1.3126885744627672,-0.6193106255324374,0.1770515388743737,0.042404589623010164,-0.039055270932752864,0.028889466581764285,0.16038688831920303,0.21108826863788288,-1.9687332498973094,-9.539892077569693,1.0,-0.16604360938072205,6.22572954256384e-06,-4.4348720251718987e-07,0.9995455741882324,-0.298891544342041,-0.952227771282196,1,0.11980724718589994,-4.125897675459696,9.0,9.0,0.11980724718589994,-2.244841932085891,6.651967830531614,2.739847729211162,-0.004154041129535477,0.0007905388404969685,0.0038364820978913426,0.01651510548750455,-0.03508505302095028,-0.09764991835681805,0.5191011795345407,0.0,-0.12724421664082342,-0.43402441900476263,0.25475036336223933,0.2246526292628913,-27.505984503064642,30.0,30.0,50.56312542047482,-1.8810557433738055,2.348032169468386,6.260152270788838,0.2246526292628913,-27.37874028642382,52.38972660723492,81.60208437189912,100.76323494357773,0.38000000000000017
1.5671580366753792,-0.3584584788860906,-0.9917757247539145,1.635622491040622,-0.3310931880338977,-0.9991880836358149,1.9797096252441406,0.38400697708129883,0.7621397972106934,1.5671580366753792,-0.3584584788860906,-0.9917757247539145,0,0.0,-1.5707963267948966,nan,0.2382032261115494,-0.2003965487376031,-0.09602347178430765,0.003663931677311938,-1.570802987681669,0.2454138822729529,-0.20715344128547053,2.4405371712209325,-0.10143694452239216,0.8830468547907164,0.652334000296062,-0.5587291155123908,-0.2050704154485855,0.011267424118555096,0.007210656161403511,-0.006756892547867432,-0.005413472738084513,0.010663345811525646,0.007936851725541927,-0.006715430442817081,-0.0023698781721070124,0.39672763125379484,0.4715548352847083,-0.1567045256970761,-0.1327441449594715,-1.5708026147692604,2.442184272091498,-0.7883589664414231,0.6767184201040082,0.9668800690167798,0,sac,0,0.13274414495947173,0.13640807663678345,0.7010620729046173,1.2812778114700736,1.4103856586044348,-0.4462605132338602,0.2199306748523194,0.6994155997345668,1.2963703879890704,1.3282493682531924,-0.6497123129517579,0.18473743758538988,0.04424539475126108,-0.04075068040746757,0.030143573241183247,0.1567168248151629,-1.6216854932485052,3.9507618409104843,1.712833140633634,1.0,-0.2781330347061157,6.287974363861082e-06,-3.729124085083413e-07,0.9898548126220703,0.19200348854064941,0.3810698986053467,1,0.15108641471583106,-1.8549677128908666,5.679002807268682,9.0,0.15108641471583106,-2.4952672734364048,6.849286053790632,5.138673031384592,-0.00437445130066535,0.0006777638721410118,0.003836482098078116,-0.03153281528581319,0.03227387546269621,-0.01205294806471352,0.539704170077052,0.0,-0.13788857547788186,-0.44439608672720343,0.27345831501855594,0.2833047341380669,-12.366451419272444,18.930009357562273,30.0,37.568000167097075,0.6402995605455382,-1.17028324652195,3.8613269686154084,0.2833047341380669,-12.228562843794561,19.374405444289476,54.714162417030785,59.318000354984626,0.3900000000000002
1.5993184291097982,-0.37682599546988016,-0.9342334397846601,1.6636392139786358,-0.4135610286374593,-0.8191488698461514,1.997877597808838,-1.3973990678787231,1.328711748123169,1.5993184291097982,-0.37682599546988016,-0.9342334397846601,0,0.0,-1.5707963267948966,nan,0.23583339203558246,-0.19904908503856775,-0.09624956374961843,0.0039359966289083115,-1.570802978976994,0.24507707110217572,-0.20766199114364453,2.4386510649133153,-0.10153990698081339,0.27555633422293085,0.2033022905189752,-0.18560135572093517,0.01231295068895577,0.013697280232399925,0.009243679066593263,-0.008612906105076784,-0.005290343231194955,0.008876631473179596,0.006634840195954974,-0.005704200232714342,-0.001495186138875144,-4.664437421275485,-5.5265089115210495,-0.16463361549500788,-0.09049501223067002,-1.5708028556214135,2.440581428074125,-0.20042471376968424,-0.782812253824692,0.3810209469955506,0,sac,0,0.09049501223067002,0.09443100885957811,0.7029481775483105,1.281729541479936,1.4099696084060842,-0.44595275789086736,0.11994084506980848,0.701018351312279,1.2723043097354352,1.39518871444339,-0.5645899032838031,0.19249495991712134,0.04610335403848207,-0.04246188912307002,0.03140936671343803,0.1646042085362173,-2.7363560878456705,7.987466343526975,12.482935099337654,1.0,-0.2027844786643982,6.528826516749575e-06,-1.233555804169839e-07,0.998938798904419,-0.6986995339393616,0.6643558740615845,0,0.17729310438284474,1.2040228006613665,-8.615217290224562,-0.031471931119600845,0.17729310438284474,-2.011564849193004,1.5948446506121525,4.845800741438583,-0.001112117940121659,-0.0007840216086184135,0.0015118524923444585,-0.06073856194053588,0.07697793852299455,0.0925869728517474,0.5762548586472162,0.0,-0.17260641885371142,-0.47084001486316035,0.28387737967065835,0.3324453485521184,8.026818671075777,-28.717390967415206,-0.10490643706533614,29.820125540044643,3.2155876498543705,-10.210061940836715,-4.877272672558184,0.3324453485521184,8.199425089929488,-28.246550952552045,-0.3887838167359945,29.41699993688027,0.4000000000000002
1.5907288493259002,-0.3487921436310864,-0.8520510735607392,1.5735496897581045,-0.29272443995349895,-0.6876863411128972,-0.13527131080627441,1.9993078708648682,1.8058991432189941,1.5907288493259002,-0.3487921436310864,-0.8520510735607392,0,0.0,-1.5707963267948966,nan,0.23906006875394814,-0.20249644936474268,-0.09672504172384827,0.004219299881246252,-1.5708029698920694,0.24472519940961843,-0.20819094942831665,2.436687048553223,-0.10164712231872375,0.46323557637241614,-0.3578548410922977,0.29184060415028135,0.03682626363194774,0.009420611110873271,0.005665130655670286,-0.005694500063573971,-0.0049220805948754776,0.0028524193760709623,0.002033928041922538,-0.0018539149148911263,-0.0007499550023904343,-7.188097297699656,-8.486105957764709,-0.18656068211881613,0.010016951845830624,-1.5708031889200718,2.438814506203117,0.5967031015715142,-0.7893198818491082,-0.9671364052184044,0,sac,0,-0.010016951845830846,-0.005797651964584372,0.7049121921808614,1.282199931260428,1.4095363722756455,-0.44563228998952126,0.08517943121826042,0.7027847905935848,1.2459672009058123,1.47707528760971,-0.4085284649616269,0.2003185078018561,0.047977126723866864,-0.04418766221849894,0.03268593356286399,0.1865004394837886,-2.39162024872877,7.772182198910742,16.501837072228568,1.0,-0.1671469807624817,6.862125175199907e-06,2.1902800240169995e-07,-0.06763565540313721,0.9996539354324341,0.9029495716094971,1,0.16938646243985267,2.881529193753497,-9.0,-9.0,0.16938646243985267,-1.0044981512135962,-3.602898644777375,1.6219001673807218,0.0033109900056860785,-0.0007905392901787939,-0.0038374992141405272,-0.05914815563238695,0.08273769098129041,0.13898003900027994,0.5822642668421312,0.0,-0.192633549769462,-0.47737845396826073,0.2720915353907466,0.31761946829149196,19.210194625023313,-30.0,-30.0,46.573946146508916,3.886027344967093,-5.397101355222625,-10.621900167380723,0.31761946829149196,19.402828174792774,-64.28555695265274,-57.803144209047076,88.6025221789528,0.4100000000000002
1.5345088563499403,-0.2986451195942931,-0.7671754959809154,1.4220688703980207,-0.19835107152070647,-0.5974243408212679,-1.9904837608337402,1.927687644958496,1.4359936714172363,1.5345088563499403,-0.2986451195942931,-0.7671754959809154,0,0.0,-1.5707963267948966,nan,0.244991376286874,-0.20836976221230788,-0.09564801532323025,0.004513932678279264,-1.5708029604214835,0.24435801510376928,-0.20874041073992813,2.434644489602739,-0.10175862501426747,0.8332286362842747,-0.6298491838775011,0.5323851535953716,-0.1188529096161739,0.006154516838508838,-0.0006333611831047248,-0.00037064852762025424,-0.0061106096910372165,0.0038795593056307285,-0.002838019568506312,0.0023092040595853167,-0.0012900395133002398,-5.79450438805793,-6.812965802348746,-0.21236541106068188,0.1126095670384819,-1.5708035066792128,2.43679876756786,0.8089599424473556,-0.7893194336105108,-0.9668800569514242,0,sac,0,-0.1126095670384819,-0.10809563436020264,0.7069547493402719,1.2826891323070666,1.4090858106834472,-0.44529900631871394,0.22725305922776512,0.7047999097378923,1.2291422041755697,1.535571432479749,-0.26426469034202027,0.20820254864635843,0.0498653877280222,-0.04592677927551253,0.033972371037254576,0.21230998681206634,-1.1406356870870356,4.2412358757485515,12.044469898181555,1.0,-0.21303069591522217,7.179884316421692e-06,5.462577292725257e-07,-0.9952418804168701,0.963843822479248,0.7179968357086182,1,0.10372745910843068,2.486105262055824,-9.0,-9.0,0.10372745910843068,0.002520370463430656,-6.553059127471296,-1.9925579117985137,0.0044887621287528524,-0.0007905388412477195,-0.003836482050204008,-0.035148253044948286,0.05461770337198266,0.11537776029816657,0.5540458896967918,0.0,-0.19163523119735013,-0.45897609251200605,0.24409779301799972,0.19450114214969189,16.57403508037216,-30.0,-30.0,45.54927518127708,2.4835848915923933,-2.446940872528704,-7.007442088201486,0.19450114214969189,16.765670311569508,-67.83392530274897,-83.9939766051029,109.25911888537286,0.4200000000000002
1.437623579452605,-0.29183837803663154,-0.6962186351290787,1.243853025657935,-0.27822489492130853,-0.5543049134254052,-1.9597541093826294,-1.7140363454818726,0.2208096981048584,1.437623579452605,-0.29183837803663154,-0.6962186351290787,0,0.0,-1.5707963267948966,nan,0.24994587674513152,-0.21355519313616309,-0.09461531785773789,0.0048199783307054656,-1.570802950559959,0.24397526916438747,-0.2093104505075575,2.4325228105225927,-0.1018744465359504,0.7148925128855653,-0.5337246397639328,0.46153911562258343,-0.1148518987175301,0.010313144236031375,-0.005970607580744053,0.00424474262860558,-0.0072591286782125175,0.007312252442004341,-0.005440548176765291,0.004608240763325383,-0.0016228334415831474,-1.495997985339619,-1.7509207201323282,-0.23334838747833325,0.16488281238494662,-1.5708036131925331,2.4345471829069645,0.8447542632419881,-0.7893194331581962,-0.9668800690167619,0,sac,0,-0.1648828123849464,-0.16006283405424115,0.7090764265659837,1.283197282942982,1.408617796231786,-0.4449528126414425,0.2848169175468082,0.7070511302023299,1.226779444187529,1.5472716292869069,-0.20265399558945787,0.21614161533186885,0.05176682765296774,-0.04767803431868844,0.03526778706786129,0.23333012211844645,0.3786557144181822,-1.027224554937103,1.6544160364122393,1.0,-0.3257081210613251,7.2863976363635174e-06,6.626325741443395e-07,-0.9798770546913147,-0.8570181727409363,0.1104048490524292,1,0.037627975228557,1.1101788145202423,-9.0,-9.0,0.037627975228557,0.5763898429698352,-7.933268280976956,-4.651106133493276,0.004687377886068714,-0.0007905388407947061,-0.0038364820980780453,0.006378195581938298,0.007424463869041043,0.038730179366571305,0.5151534453168383,0.0,-0.18142830112399838,-0.4312629750958397,0.21559009737126972,0.07055686335750422,7.401192096801615,-30.0,-30.0,43.06718730918848,0.533788971550407,-1.0667317190230436,-4.348893866506724,0.07055686335750422,7.582620397925613,-43.20995866920025,-67.23397518233227,80.28081375635445,0.4300000000000002
1.319318010434921,-0.32572492771474953,-0.6398218038719807,1.0827068723995523,-0.3934980270709856,-0.5270281413577848,-1.1039671897888184,-1.9576977491378784,-0.15689575672149658,1.319318010434921,-0.32572492771474953,-0.6398218038719807,0,0.0,-1.5707963267948966,nan,0.25133483996364847,-0.2157932143674045,-0.0954438643154607,0.005137512310411596,-1.5708029403023533,0.24357671559007738,-0.209901125107827,2.4303214881174124,-0.10199461537773868,0.25319490622779833,-0.1787516792827043,0.16473466309719353,0.07083776159345356,0.01173957193080577,-0.007758124373571096,0.005892089259577515,-0.006550751062277982,0.006390547760468652,-0.00481019649448749,0.004163023531414968,-0.0006085601368282529,3.9809420434692013,4.6366805727471805,-0.24475830315080532,0.1375935379609805,-1.5708033640757013,2.4321347686315162,0.7720334775339243,0.725386383028493,-0.966880069016789,0,sac,0,-0.1375935379609805,-0.13245602565056913,0.7112777470536235,1.2837245084757312,1.4081322135104994,-0.444593623587974,0.21305713627691436,0.7094636925776664,1.239107157770947,1.5048214317183886,-0.26006574053689846,0.22413030621410387,0.053680152782136045,-0.049440235815423686,0.03657130026939369,0.24478818653707,1.7550766077401567,-6.223722652684249,-10.57983984068115,1.0,-0.22587554156780243,7.037280804755852e-06,4.237733479683925e-07,-0.5519835948944092,-0.9788488745689392,-0.07844787836074829,0,0.024172383727276585,-0.8660909078063899,-0.6399887166815627,-5.238259795717868,0.024172383727276585,0.5709270108534942,-5.741660943741543,-5.5856050378229405,0.004283864322873029,0.0007265070214642478,-0.003836482098078153,0.03689248721031466,-0.05613675970891646,-0.07244627525036956,0.48155467118881196,0.0,-0.1717998872200355,-0.4045594067553459,0.1967520940186163,0.04532605236691653,-5.773939385375932,-2.1332957222718756,-17.460865985726226,18.514135736976037,-1.4370179186598842,5.10167222705998,0.34734524210507267,0.04532605236691653,-5.602139498155897,-1.7287363155165298,-17.657618079744843,18.60553753339417,0.4400000000000002
1.279276545370047,-0.3077268917043604,-0.6381305637670251,1.199193615240299,-0.2717308196835822,-0.634748083557114,1.9945049285888672,0.5596327781677246,-1.370204210281372,1.279276545370047,-0.3077268917043604,-0.6381305637670251,0,0.0,-1.5707963267948966,nan,0.24761960260877725,-0.21366391945228375,-0.09653199008961794,0.005466602344916138,-1.5708029296436608,0.24316211136389573,-0.21051247198926445,2.4280400528809807,-0.1021191570941338,0.43970206667263223,0.3300633128689584,-0.2740641796558224,0.0963584057762118,0.007811356120848469,-0.004457491244881512,0.0031514474630192912,-0.005587167004515864,0.001400374678853081,-0.0010045975570108028,0.0009465791555020885,0.00023626445350443444,7.682011607886915,8.902953142970844,-0.24436877848822197,0.0378935297145786,-1.570802906734976,2.4296755105275043,0.009543795388177762,0.7894811658745156,0.9629342906227571,0,sac,0,-0.03789352971457838,-0.03242692736966246,0.7135591803097472,1.2842709213541126,1.4076289589525364,-0.44422136254901134,0.039068475941565387,0.7119234922768962,1.2618883902302294,1.4246549827730968,-0.4171509515730773,0.23216328512325649,0.05560408508037272,-0.051212206675934825,0.03788203994001946,0.2444262756169855,2.499247603246147,-8.636932070119375,-17.896759474445254,1.0,-0.12966559827327728,6.579940079465274e-06,-2.2908684726985484e-08,0.9972524642944336,0.2798163890838623,-0.685102105140686,1,0.06898376910993465,-3.3280072976437975,9.0,9.0,0.06898376910993465,-0.056423522665490534,-0.04096386468946893,-2.812208608521308,5.2956673198693445e-05,0.0007907008233694492,0.0038208256494070363,0.056423522665490534,-0.08632800074511364,-0.14533597288445094,0.4583278286946948,0.0,-0.1580136758102211,-0.38449361060871223,0.19303041266601434,0.12935265162185383,-22.186715317625318,30.0,30.0,47.87762597178177,-3.271583774978307,9.040963864689468,11.812208608521308,0.12935265162185383,-22.028701641815097,42.49350873541489,45.72401373309363,66.19413980590356,0.45000000000000023
1.290196359640921,-0.241687106693395,-0.6265540407750316,1.3120359881826689,-0.10960753667146414,-0.6034009947910446,1.996185302734375,0.8733258247375488,-0.4133474826812744,1.290196359640921,-0.241687106693395,-0.6265540407750316,0,0.0,-1.5707963267948966,nan,0.2405858976944689,-0.20860652514911818,-0.09551164363427098,0.005807308511821763,-1.570802918579002,0.2427312164369402,-0.21114450980231067,2.425678088341489,-0.10224809433522222,0.8791336107154618,0.6602809987352826,-0.5689432116211784,-0.11492836964353825,0.007511559535341903,0.002145318742471314,-0.0025379846531924932,-0.006736450700951246,0.004920489610127567,0.0037255478362622227,-0.0031563156642132554,-0.0006076041070773282,7.271546584826311,8.386369527012873,-0.23686811592009524,-0.08056882341268712,-1.5708025568689268,2.4272709681788642,-0.6512793580513122,0.7893194306133613,0.9668820647293827,0,sac,0,0.0805688234126869,0.0863761319245091,0.7159211428065856,1.2848366213249807,1.4071079406895295,-0.4438359615688583,0.1582235299217786,0.7143286000716375,1.2856762416229517,1.3465001976583628,-0.5899802250586328,0.24023528136399536,0.05753736219393615,-0.0529927842532577,0.039199146061364244,0.2369205712401922,2.1383566135188166,-6.735649183017014,-15.697137360508314,1.0,-0.1727941334247589,6.23007403000031e-06,-3.61710075225119e-07,0.9980926513671875,0.4366629123687744,-0.2066737413406372,1,0.1303313706239654,-4.5,9.0,9.0,0.1303313706239654,-1.049925406551322,4.561956118515858,1.0515389832218742,-0.0036138230884645403,0.0007905388382459398,0.0038364900168634123,0.05378669831633589,-0.07610450346285191,-0.14219280991010283,0.4486331450425901,0.0,-0.15424975870610547,-0.37088008487077534,0.1998165994509976,0.24438659408206526,-30.0,30.0,30.0,51.962098926115054,-3.450074593448678,4.438043881484142,7.9484610167781256,0.24438659408206526,-34.1452893207782,66.30224307350633,88.39010652187622,115.64929258380252,0.46000000000000024
1.3193350597971643,-0.13737169328780033,-0.6370540972125067,1.3776124601096507,0.07125913352338895,-0.6580542100874569,1.9943370819091797,1.7722492218017578,-1.1720492839813232,1.3193350597971643,-0.13737169328780033,-0.6370540972125067,0,0.0,-1.5707963267948966,nan,0.23370528960778023,-0.20359443795189897,-0.0938369044086981,0.006159683333251342,-1.5708029071036327,0.24228379372982137,-0.21179723853514604,2.4232352304067932,-0.10238144688170589,0.876043432173826,0.6433185379569828,-0.5664815930054579,-0.18080917720565415,0.01462483765562645,0.008578504122041142,-0.008202800583247072,-0.008544542473007788,0.00909671891890856,0.006760523474650643,-0.005870364537488811,-0.0016076186224724797,3.6109605462836063,4.145044727771176,-0.22966656244545158,-0.16100978958707501,-1.5708024435698755,2.4249463649956757,-0.8182231191474604,0.7893194330713761,0.9668800690207398,0,sac,0,0.1610097895870748,0.16716947292032636,0.718363998636788,1.2854216955900588,1.4065690784073672,-0.44343736123858507,0.2712688642751113,0.7166535898147458,1.2990996623894708,1.3077913879492362,-0.6957065672839565,0.24834108971546573,0.059478737450497775,-0.05478082034324769,0.040521769298511846,0.22969616770585644,0.6897558719341546,-1.6473954907162807,-6.454949676757762,1.0,-0.3843020498752594,6.116774978970341e-06,-4.6353375715568745e-07,0.9971685409545898,0.8861246109008789,-0.5860246419906616,1,0.1643526103926361,-4.5,9.0,9.0,0.1643526103926361,-2.01642012418586,7.010673209221164,4.036209008205998,-0.004540161703171313,0.0007905388407077519,0.0038364820980938286,0.027120833542481154,-0.03308776864052471,-0.07633358739597955,0.42951020972311216,0.0,-0.14003708952532673,-0.35095252951873757,0.20420811893278645,0.3081804057615528,-30.0,30.0,30.0,51.96243811795685,-2.48357987581414,1.9893267907788363,4.963790991794002,0.3081804057615528,-31.412003887875347,55.27946446127233,84.31454632327939,105.60099846232463,0.47000000000000025
1.3549321675032708,-0.024966964658125368,-0.5956200799423718,1.4261263829154838,0.1998424926012245,-0.5127520454021017,1.9522771835327148,1.5943748950958252,1.0631017684936523,1.3549321675032708,-0.024966964658125368,-0.5956200799423718,0,0.0,-1.5707963267948966,nan,0.22981609894691382,-0.20112910580267973,-0.0945529936538024,0.006523771870299511,-1.5708028952129407,0.241819609151879,-0.21247063965553603,2.420711166709669,-0.10251923167991298,0.4681532787359241,0.3425006082924037,-0.31387332696092285,0.05783044468972154,0.018335091918636207,0.012003510204965179,-0.0113415338528563,-0.007966238026110573,0.009075285178636022,0.0067783561407456115,-0.005995453952407135,-0.0006849970856526028,-1.9614232664298274,-2.2412251990099263,-0.22750387356027568,-0.16673870946393632,-1.570802543503713,2.422668107970628,-0.8441716523146994,0.4266286382358203,0.9668800690168124,0,sac,0,0.1667387094639361,0.17326248133423583,0.7208880601681678,1.2860262189627552,1.4060123032017648,-0.4430255105891939,0.2542618924104087,0.7189319583701466,1.2945568086460433,1.3286844649538159,-0.6850852512926666,0.25647557043128877,0.061426979859141945,-0.056575181184579555,0.04184907100000409,0.22749784788911598,-1.2105496710101897,4.570829823542802,6.3385815330437705,1.0,-0.44617360830307007,6.216708816175753e-06,-3.517092279636813e-07,0.9761385917663574,0.7971874475479126,0.5315508842468262,1,0.17381589329758204,-2.3008336532654607,4.981557028489768,9.0,0.17381589329758204,-2.4639152028627453,6.777518376420787,5.960292193810176,-0.004684145090810275,0.00042728773035691133,0.0038364820980782456,-0.022734796910251112,0.03783732811379903,0.03535258036282195,0.41746155554837316,0.0,-0.14115772688215253,-0.3371975883495579,0.20160960521159002,0.32592517025610734,-15.33889102176974,16.605190094965895,30.0,37.56487911712599,0.1630815495972846,-1.7959613479310184,3.039707806189824,0.32592517025610734,-15.197733294887588,16.942387683315452,42.49894640159977,48.21081071893471,0.48000000000000026
1.3964949594658527,-0.0032230985169707307,-0.6040117226243007,1.4796205433910161,0.04026463376533854,-0.6207950079881585,1.9184255599975586,-1.2687299251556396,-1.5070561170578003,1.3964949594658527,-0.0032230985169707307,-0.6040117226243007,0,0.0,-1.5707963267948966,nan,0.2308247753923977,-0.2029593839766459,-0.09771559551266157,0.006899611817473783,-1.5708028829024445,0.24133843163795762,-0.21316467625888136,2.418105635953064,-0.10266146287678929,0.3554342226478646,-0.1489853959405263,0.11362415706208384,0.3020370661982852,0.015464364267541017,0.010513656245559916,-0.010205292282235462,-0.004945867364127721,0.0050258362323311505,0.003519439125241779,-0.003233751559119832,0.0015541650272155837,-6.881450037294345,-7.8263431540231245,-0.23738669417965083,-0.08872865376786909,-1.570802812669128,2.4203475311400293,-0.45319739889704824,-0.7791057798443202,-0.9391528157079932,0,sac,0,0.08872865376786887,0.09562826558534265,0.7234935886984469,1.2866502540249747,1.4054375574338376,-0.4426003669847842,0.11251333932107001,0.7212522610265452,1.2748447814597126,1.401086139190057,-0.5543855357337016,0.26463364923956206,0.06338087411036597,-0.05837474745874753,0.04318022319784089,0.23733959061248763,-2.270003367357506,8.399366708360834,16.55078498437885,1.0,-0.2797117531299591,6.485874231465516e-06,-7.023331649591569e-08,0.9592127799987793,-0.6343649625778198,-0.7535280585289001,1,0.1741905583642968,0.6026735627210577,-9.0,-6.52900082741792,0.1741905583642968,-2.1572726404341593,1.3032667006115992,4.065269131703811,-0.0025147046402124603,-0.0007803094085625311,-0.0037264631677507904,-0.051251591515256725,0.08172165637177484,0.12873113029633607,0.4284652046942927,0.0,-0.14675734021612746,-0.34646894533869765,0.204948736620406,0.32662771116500433,4.017823751473718,-30.0,-21.763336091393068,37.28126059009458,2.759946203155217,-10.3032667006116,-10.594269959121732,0.32662771116500433,4.164581091689845,-33.71998714770015,-21.968284828013473,40.461012009794715,0.49000000000000027
1.369526722707004,0.04424516033621854,-0.590430121668477,1.3155902491893068,0.13918167804259707,-0.5632669197568296,-1.7664928436279297,1.997805118560791,0.517669677734375,1.369526722707004,0.04424516033621854,-0.590430121668477,0,0.0,-1.5707963267948966,nan,0.23566428695291286,-0.20826214753323036,-0.09960059009599886,0.007287233597141007,-1.5708028701677947,0.24084003320251884,-0.2138792932226722,2.415418427255356,-0.10280815185487668,0.7250246799875969,-0.5337909995953932,0.4588146592793607,0.17383056052499013,0.00828426987571874,0.005175746249605984,-0.005617145689441855,-0.0032075617588778194,0.0026604230106489902,-0.0012101720508083036,0.0009013347653260371,0.00219110242659893,-7.958319946303591,-9.005534906735186,-0.26058895826898415,0.030320249371039054,-1.570803186608974,2.417845056762932,0.3813641007352247,-0.7893190372695605,-0.9668892166653551,0,sac,0,-0.030320249371039054,-0.023033015773898047,0.7261807951100008,1.287293851283935,1.4048447945856708,-0.44216189601571815,0.10963620600856716,0.7237541425690887,1.253491828276535,1.4837604083753813,-0.3740153028052052,0.272810317342859,0.06533922057608,-0.06017841429006521,0.04451440860748019,0.2605231508150978,-1.8926319484418097,7.633711384804594,17.759172038543987,1.0,-0.15695247054100037,6.859814077664339e-06,3.1644117903795177e-07,-0.8832464218139648,0.9989025592803955,0.2588348388671875,1,0.1464362373587608,1.956264990412106,-9.0,-9.0,0.1464362373587608,-1.3411396170815204,-3.83034684877344,0.21320601706373063,0.00211611557361824,-0.0007905384442944681,-0.003836518395020336,-0.04841995118386112,0.08240570883639668,0.15395560740156114,0.40607806292210635,0.0,-0.13600460895007963,-0.33293140484942396,0.18857046215114145,0.27458510661684005,13.041766602747375,-30.0,-30.0,44.38651904690559,3.2974046074936263,-5.16965315122656,-9.213206017063731,0.27458510661684005,13.177771211697454,-68.79936822971148,-78.38754975250464,105.12701877299403,0.5000000000000002
1.2897998461213793,0.09505102472762891,-0.5651121675645044,1.13034609295013,0.19666275351044962,-0.5144762593565593,-1.9877715110778809,1.1642115116119385,0.3067913055419922,1.2897998461213793,0.09505102472762891,-0.5651121675645044,0,0.0,-1.5707963267948966,nan,0.24090627584780894,-0.21407932455638412,-0.09907368984356896,0.007686660453969152,-1.5708028570047756,0.24032418901082592,-0.21461441736754572,2.4126493794956034,-0.1029593072672779,0.7709712238162023,-0.5757833086589004,0.5082052878280258,-0.06780556648311176,0.00396524553663152,-0.0005820868369830201,-0.0005350928111615971,-0.003885617423708937,0.006194529807856948,-0.004637129581220372,0.0039818776380005395,0.0010069157181166934,-5.175737786021132,-5.824376900490176,-0.28599400864469526,0.12901971929544853,-1.5708035173084787,2.415089506561582,0.7237362700457148,-0.7893194323026602,-0.9668800690294123,0,sac,0,-0.12901971929544853,-0.12133305884147916,0.7289498405246028,1.2879570493289798,1.4042339791158933,-0.441710071391786,0.2525237245612827,0.7265090915334165,1.2409179929661907,1.5385363983641842,-0.23311366305449163,0.28100063141822945,0.06730083530960729,-0.06198509124566569,0.04585082062783805,0.2859461655517427,-0.7858053216901458,3.750492814026287,10.756455737060453,1.0,-0.2115919142961502,7.1905135818894905e-06,6.603037032704151e-07,-0.9938857555389404,0.5821057558059692,0.1533956527709961,1,0.07995996224838459,1.6304890472929734,-9.0,-9.0,0.07995996224838459,-0.49863082434731293,-6.670804676165284,-3.1322486123642834,0.004015872467501647,-0.0007905388399378485,-0.0038364820981282403,-0.02677166732463937,0.050459244923798045,0.1084841134254405,0.356905072052347,0.0,-0.11104024172798074,-0.29936800753473175,0.15946815117247518,0.14993430010947795,10.869926981953157,-30.0,-30.0,43.797006665836676,2.1291198716402864,-2.329195323834716,-5.867751387635717,0.14993430010947795,10.980967223681137,-67.71461589187781,-91.4276969331495,114.30178079691626,0.5100000000000002
1.1823853124918908,0.09234963961870764,-0.5609784226470619,0.9675562452329136,0.08694686940086509,-0.5527109328121766,-1.9844878911972046,-1.9026497602462769,-1.2460615634918213,1.1823853124918908,0.09234963961870764,-0.5609784226470619,0,0.0,-1.5707963267948966,nan,0.2436370421544064,-0.2178103238155926,-0.09866313483833106,0.008097908549373756,-1.5708028434093064,0.23979067746689572,-0.2153699576251494,2.409798380658805,-0.10311493507260958,0.4453024717050298,-0.3264277850527658,0.29754590016047855,-0.05661828105695821,0.006369335426770174,-0.0038463646875106783,0.0024403661904431884,-0.004451800234278519,0.00701233944586358,-0.005258298381323958,0.004630029815114738,0.0002933028266634361,0.08589350978558091,0.09609248134117154,-0.30593367965649526,0.16148885139204872,-1.570803577222164,2.4121058068754464,0.8006476688749448,-0.7893194329842891,-0.9668800690168017,0,sac,0,-0.16148885139204872,-0.15339094284267496,0.7318008369581691,1.2886398749883932,1.4036050863152483,-0.4412448748353715,0.28786052243052673,0.7294925655830125,1.2407635742290963,1.5444963496471253,-0.19483898204953035,0.28919971361719937,0.0692645500456839,-0.06379370233550145,0.04718866334128855,0.30593172495832416,0.5091528099324383,-1.631494498753967,-1.2512254658859905,1.0,-0.27331796288490295,7.250427267457837e-06,7.338128575895553e-07,-0.9922439455986023,-0.9513248801231384,-0.6230307817459106,1,0.034045079566382135,0.5922061478566127,-9.0,-9.0,0.034045079566382135,0.003433868764357093,-7.971583893370382,-5.407689041711382,0.004442638931721871,-0.0007905388406205304,-0.0038364820980782027,0.010085485801465847,-0.010982098179676112,0.017204270495494868,0.30787705367301316,0.0,-0.08163819517186016,-0.2649855848170191,0.13381377024297264,0.06383851409409738,3.9480409857107515,-30.0,-30.0,42.60975361323665,0.5887722790922556,-1.028416106629618,-3.5923109582886177,0.06383851409409738,4.029679180882612,-39.83211278713073,-61.81321094378522,73.64585966586522,0.5200000000000002
1.0568073479653244,0.053332928696618764,-0.5703409609917737,0.8056514189121913,-0.02470049314755897,-0.5890660376811974,-1.880585789680481,-1.8770930767059326,-1.1922502517700195,1.0568073479653244,0.053332928696618764,-0.5703409609917737,0,0.0,-1.5707963267948966,nan,0.24218650196914523,-0.21788292976747928,-0.09970652828230417,0.00852098705596016,-1.570802829377441,0.23923928031787958,-0.2161458052130182,2.4068653671811475,-0.10327503856995046,0.144333229993245,0.08991430362450259,-0.07032416359821214,0.08832899466322264,0.004943478820874833,-0.0029472216512656524,0.001737124554461067,-0.0035685102876462926,0.00398217479112368,-0.002900969187194192,0.0026132336681146283,0.0007830093472257927,5.67711334433076,6.310440634786845,-0.3160728593048275,0.10861243839092194,-1.5708032691265632,2.4089726486547454,0.7597072341074876,0.7774440501472858,-0.49253791356988086,0,sac,0,-0.10861243839092172,-0.10009145133496178,0.7347338479755038,1.2893423434862135,1.4029581021621649,-0.4407662959746175,0.18751624533787645,0.7326260431442879,1.2531502200162203,1.4971164697107227,-0.2827086120622823,0.29740275156577073,0.07122921220045884,-0.06560318601234442,0.048527151513663866,0.31611776840001393,1.680570400721277,-6.558823294735117,-13.366553525951307,1.0,-0.11182667315006256,6.942331666870416e-06,4.397491224494843e-07,-0.9402928948402405,-0.9385465383529663,-0.5961251258850098,0,0.048693843808778135,-1.1140669254249238,0.8006124404813312,-0.9367741502138236,0.048693843808778135,0.025690729724672748,-5.286866509574542,-5.198385750847901,0.004215468384113703,0.0007786451116844579,-0.0019543405108734336,0.03615306574843783,-0.06028225754897306,-0.09700860623028155,0.26664270685937724,0.0,-0.05334479545494303,-0.23352022069196182,0.11713655470067197,0.091306663807947,-7.427112836166159,2.668708134937771,-3.1225805007127456,8.48780619953792,-1.1397576551495965,6.087478950055874,4.261611600634078,0.091306663807947,-7.373768040711216,2.902228355629733,-3.2397170554134176,8.561512019055261,0.5300000000000002
1.0235347460177553,0.06397461832930836,-0.6001667881357167,0.9569895421226174,0.08525799759468754,-0.6598184424236028,1.9831409454345703,0.830833911895752,-1.139556646347046,1.0235347460177553,0.06397461832930836,-0.6001667881357167,0,0.0,-1.5707963267948966,nan,0.23633769315088304,-0.21398020592958283,-0.0998281975246233,0.008955898251966188,-1.57080281490537,0.23866978277449238,-0.21694183381666848,2.403850323295268,-0.10343961843378205,0.7067619356289785,0.5279311274874993,-0.46987524415467163,-0.004291062151245972,0.0052203680653014105,0.0023320896236093402,-0.0029616278870856494,-0.0036114209091587524,0.0021619319827508214,0.0015827600915296535,-0.0013878894469478843,0.0004925274345177503,8.548691504406804,9.442001469496136,-0.3150422716511226,-0.006776534513758925,-1.5708028191765027,2.4058045150919196,0.09895001017152036,0.7893645945432161,0.967291997199681,0,sac,0,0.006776534513758925,0.015732432765725335,0.7377488893450432,1.2900644585990475,1.4022930231783308,-0.4402743322365912,0.02768269883898272,0.7357947971093342,1.2740298302649857,1.4175321176180837,-0.45680230952931977,0.3056049983644218,0.07319368487149412,-0.06741249517178595,0.04986551059425421,0.31510554478904923,2.232578467577596,-8.30790225264412,-18.812335776534148,1.0,-0.09568388015031815,6.492381606104658e-06,4.271132780786502e-09,0.9915704727172852,0.415416955947876,-0.569778323173523,1,0.11452777454633055,-3.4004060607896007,9.0,9.0,0.11452777454633055,-0.5060198126420457,0.41125538744381185,-1.9592610532351733,0.000549054452503419,0.0007905840719488657,0.003838116587349367,0.05158774759756114,-0.08448933126687834,-0.15595610584745595,0.24859092611057004,0.0,-0.03407145800318642,-0.21679286103753337,0.11677944895061264,0.21475299933682834,-22.66937373859734,30.0,30.0,48.10349908843359,-2.894386248147555,8.588744612556187,10.959261053235174,0.21475299933682834,-22.635302280594154,45.11801015661618,60.74515183554135,78.98108216655484,0.5400000000000003
1.042134712612243,0.11642208485855146,-0.5931359545069468,1.0793346458012187,0.22131701791703762,-0.5790742872494069,1.9968171119689941,1.2416419982910156,0.026437044143676758,1.042134712612243,0.11642208485855146,-0.5931359545069468,0,0.0,-1.5707963267948966,nan,0.22843671765273835,-0.20812537557276253,-0.09738417539114169,0.00940263761570792,-1.5708027999894252,0.23808197364707986,-0.217757899779123,2.4007532803755027,-0.1036086727489286,1.0237745288631543,0.7313166370732177,-0.667089631927481,-0.26130764486281544,0.014985354621749776,0.009645255994341517,-0.00963252420636046,-0.006224497357786907,0.008111821947373345,0.005920139686625395,-0.00536303190488566,-0.0014112016808058752,7.271068366433521,7.9807537758883385,-0.3083073736722069,-0.12697779694793132,-1.5708025183979906,2.402690301796612,-0.575677101912036,0.7893194320908536,0.9668800085666261,0,sac,0,0.12697779694793132,0.13638043456363924,0.7408459296936007,1.2908062128128852,1.4016098562842638,-0.43976898874044956,0.1965471232367529,0.7389095778314404,1.293995333025978,1.3462487903254392,-0.6283213795560485,0.31380177258810693,0.07515684683776463,-0.06922059715223682,0.05120297671580789,0.30835900005744155,1.6819231022665813,-5.839516909360032,-14.953927900750598,1.0,-0.31900927424430847,6.191603094229947e-06,-2.8159143461436997e-07,0.9984085559844971,0.6208209991455078,0.013218522071838379,1,0.1748770840215196,-4.5,9.0,9.0,0.1748770840215196,-1.3851003034458464,4.818302254891617,1.7595614316803694,-0.0031943208036176733,0.0007905388397257147,0.0038364818582180345,0.04487474959934423,-0.06858627946163535,-0.1384176197074347,0.24708372453084,0.0,-0.03298373095730078,-0.21014672748561103,0.12570120662609705,0.3279150272295511,-30.0,30.0,30.0,51.96255890797799,-3.1148996965541533,4.181697745108383,7.240438568319631,0.3279150272295511,-32.323814743451045,63.40369112881959,94.74746188337322,118.49913970124021,0.5500000000000003
1.0839720656624383,0.21083416488969076,-0.5950765070890851,1.167646771762829,0.39965832495196935,-0.5989576122533619,1.9165194034576416,1.911963939666748,-0.7675650119781494,1.0839720656624383,0.21083416488969076,-0.5950765070890851,0,0.0,-1.5707963267948966,nan,0.22163809994669373,-0.20317025432158187,-0.09483748042612564,0.009861193920020606,-1.5708027846260788,0.23747564549687197,-0.21859384229807433,2.397574316283142,-0.10378219704549838,0.8903957679827698,0.6192289555836727,-0.5791063770131999,-0.2720219261585832,0.02384791124026287,0.015837545550178245,-0.015423587976492459,-0.008944716619372739,0.011297511939542128,0.008060686356158352,-0.007422926072311452,-0.0027494144861658094,2.9564857667447586,3.225251206668976,-0.3024868186909726,-0.1991208473997752,-1.5708024481632383,2.399644823730206,-0.7770843950066376,0.7893194330800185,0.9668800690170818,0,sac,0,0.19912084739977498,0.2089820413197958,0.7440248911611119,1.2915675874799126,1.4009086186548834,-0.43925027819060486,0.2929449896257692,0.7419554118342024,1.3020183337965892,1.3185208567954396,-0.7201693462500258,0.32198845828625683,0.07711759255965826,-0.07102647373492725,0.05253879669453128,0.3025118066045006,0.10849479572490484,-0.4545022216203001,-4.721283314358366,1.0,-0.6301376223564148,6.121368341993616e-06,-3.364628406998804e-07,0.9582597017288208,0.955981969833374,-0.3837825059890747,1,0.19060191760458903,-3.995928880685818,9.0,9.0,0.19060191760458903,-2.1777971625842314,7.1258652433699465,4.511277986066325,-0.004311890886213583,0.0007905388407164076,0.003836482098079314,0.015142597598042797,-0.02220969838771356,-0.06349203159192923,0.23928079263098428,0.0,-0.025347449366912356,-0.19844527652706567,0.131271766792408,0.3574009330669211,-26.63952587123879,30.0,30.0,50.09782504332257,-1.8181317181015868,1.8741347566300535,4.488722013933675,0.3574009330669211,-26.614178421871877,47.5459199734015,82.36882601080606,98.76072211670856,0.5600000000000003
1.1694315238336823,0.28932678211008966,-0.5665617909525227,1.34035044017617,0.44631201655088737,-0.509532358679398,1.9517226219177246,0.6114664077758789,-0.19296634197235107,1.1694315238336823,0.28932678211008966,-0.5665617909525227,0,0.0,-1.5707963267948966,nan,0.21844362389354172,-0.2014583652155387,-0.09537055664251767,0.01033154932670155,-1.5708027688119481,0.23685059480194529,-0.219449483630896,2.394313554711686,-0.10396018433382836,0.3649691407889316,0.25694253582253246,-0.25675304388648457,0.03550889280620473,0.027134454550138933,0.01840697090840357,-0.017991118415357304,-0.008589627691310692,0.009838015949095868,0.007074220599793901,-0.006648537207476197,-0.0015933969125490706,-3.0903409825319033,-3.3509467064275604,-0.30268776033062983,-0.19066236309784323,-1.5708025652230229,2.39662720911263,-0.8030096105591509,-0.4318876680984319,0.9668800690167959,0,sac,0,0.190662363097843,0.20099391242454479,0.7472856500553788,1.2923485529753274,1.4001893375750825,-0.4387182207698899,0.2560653620361504,0.7449730761754179,1.2920190300050474,1.3503544706528112,-0.6898765355639777,0.33016050498277794,0.07907483217897575,-0.07282912114390684,0.05387222803008876,0.3026732083466374,-1.687497785683258,5.488315117132375,8.3592234254943,1.0,-0.6904703378677368,6.238428126081885e-06,-2.0358892527383432e-07,0.9758613109588623,0.30573320388793945,-0.09648317098617554,1,0.17601787819146353,-1.3040327640398057,1.8545000283445037,9.0,0.17601787819146353,-2.3738890898134306,5.7923841382517836,6.24976946956464,-0.004455744888922066,-0.0004325548848150994,0.00383648209807818,-0.033862944191564666,0.047599650040796776,0.05175090318694599,0.25082529615837756,0.0,-0.0395014795114044,-0.20584401099780267,0.1377722956391611,0.3300541499933687,-8.693551760265372,6.181666761148346,30.0,31.8417930069308,1.0698563257736249,-3.93788410990728,2.75023053043536,0.3300541499933687,-8.654050280753967,6.387510772146149,35.02621335880581,36.64201738611857,0.5700000000000003
1.2273839060338612,0.3244001219513064,-0.6119394611446011,1.3432886704342188,0.3945468016337399,-0.7026948015287579,1.3617000579833984,0.07017827033996582,-1.9130793809890747,1.2273839060338612,0.3244001219513064,-0.6119394611446011,0,0.0,-1.5707963267948966,nan,0.2207803420020202,-0.20487795217647134,-0.09848271292615027,0.01081367948095413,-1.5708027525437949,0.23620662213737945,-0.22032462930771224,2.390971164532098,-0.10414262513943817,0.4893049326850675,-0.2980690773044331,0.25444412841164055,0.29297154780227874,0.022552262845965263,0.015426280135359238,-0.015446677131240899,-0.005659912213287904,0.003958754546078785,0.0027241983719774633,-0.0027312299912405323,0.0008893050776662796,-8.039887929443395,-8.664038026145581,-0.3151435321354422,-0.09706719077171688,-1.5708028231916102,2.393539922302626,-0.14652614395171906,-0.7891602565142137,-0.9696751435234486,0,sac,0,0.09706719077171666,0.10788087025267101,0.7506280375068151,1.2931490688541518,1.3994520502952994,-0.4381728440327236,0.11004016613704407,0.7480599920450409,1.2693800250637426,1.427386223055827,-0.5418885991302455,0.3383134276760535,0.08102749151893089,-0.07462755004604475,0.055202538905602894,0.31508643185114665,-2.434300515128135,8.545878035351308,17.931281109744667,1.0,-0.44744443893432617,6.496396713906449e-06,7.064781559762423e-08,0.6808500289916992,0.03508913516998291,-0.9565396904945374,1,0.152201379815791,1.4291394052047097,-9.0,-9.0,0.152201379815791,-1.8405264699722472,0.29361499679404124,3.747051912713737,-0.0008130452094486343,-0.0007903794182411375,-0.0038475726703747753,-0.05608160569095393,0.08458161962691486,0.1417312585899291,0.2569034676096172,0.0,-0.03334138947388354,-0.21184101354827775,0.14146069558939273,0.28539542436863113,9.527596034698066,-30.0,-30.0,43.4839802312144,3.269665875176957,-9.293614996794041,-12.747051912713736,0.28539542436863113,9.56093742417195,-42.72273877618742,-31.70491438712476,54.0548515843901,0.5800000000000003
1.2074118074664817,0.37735371024574893,-0.6305638506634883,1.1674676103317225,0.48326088683463386,-0.6678126297012629,-1.8171014785766602,1.9891858100891113,-0.07568645477294922,1.2074118074664817,0.37735371024574893,-0.6305638506634883,0,0.0,-1.5707963267948966,nan,0.22677208401806745,-0.21182815508264058,-0.10001019531677269,0.011307553605827803,-1.5708027358185326,0.23554353236906417,-0.22121906835273106,2.3875473591380585,-0.10432950753799214,0.9097047342897091,-0.6654831784362519,0.605576386115042,0.1340599992068453,0.013556696363234673,0.008771448350996719,-0.009390913270090478,-0.004319312221219451,0.0037335572828723963,-0.0026157926278900564,0.0022124401529483497,0.0014839769142366826,-8.53644685526722,-9.13876165344524,-0.33888407702064843,0.0306390568653081,-1.5708031731995138,2.390255155006232,0.5791060308167738,-0.789319432439161,-0.966874979662733,0,sac,0,-0.03063905686530788,-0.01933150325948052,0.7540518401231904,1.2939690840080478,1.3986968038870902,-0.4376141827982764,0.14370946871455675,0.7513440938132822,1.248024597038525,1.507344946023375,-0.35557903889286013,0.3464428068389423,0.0829745120841503,-0.0764207855510294,0.056529008187654176,0.33881322288345717,-1.7990240739375458,7.118187532525026,17.824679640062026,1.0,-0.2571336627006531,6.846404617455448e-06,4.3738098121082203e-07,-0.9085507392883301,0.9945929050445557,-0.03784322738647461,1,0.10982126472627415,2.3266510066370842,-9.0,-9.0,0.10982126472627415,-0.9190463196184827,-4.398833848763411,-0.3301358153866917,0.0032133472663658886,-0.0007905388400745602,-0.0038364619040371826,-0.047322976189758476,0.07862774693043038,0.15656667675823596,0.22821165460617598,0.0,-0.01019673283054684,-0.19159493690648627,0.123563611510309,0.2059277418456294,15.511006710913897,-30.0,-30.0,45.17337418680253,3.245697326255567,-4.601166151236589,-8.669864184613308,0.2059277418456294,15.521203443744444,-72.0886689678249,-85.560962584311,112.95310829934462,0.5900000000000003
1.1335372089064293,0.3970296343744629,-0.6660617166174377,0.9857880117863242,0.43638148263189097,-0.7370574485253365,-1.9154987335205078,-0.3122473955154419,-1.8428452014923096,1.1335372089064293,0.3970296343744629,-0.6660617166174377,0,0.0,-1.5707963267948966,nan,0.23262949996660315,-0.21884329442283734,-0.09928073264081497,0.011813134596662334,-1.5708027186332287,0.23486113486058408,-0.22213257351404483,2.3840423957912202,-0.10452081719027975,0.8991491610736243,-0.6539813457015792,0.6101634178882986,-0.0920772328245334,0.006577084257133065,0.002231634893980927,-0.003289279091207492,-0.005240084549464785,0.008238798854390291,-0.006092953574683535,0.005532923593538078,0.00037480636056978593,-5.126258451932432,-5.449232415604795,-0.36295231359536123,0.1291848943160374,-1.570803461201008,2.3867220596089065,0.7819778979371486,-0.7893194330898322,-0.9668800690291197,0,sac,0,-0.12918489431603764,-0.11737175971937486,0.7575568006443755,1.2948085368221303,1.397923655098699,-0.4370422790436357,0.2731997343921614,0.754876576086589,1.2373452485091176,1.5544290336443216,-0.22062844341657978,0.35454428841877955,0.08491485106067359,-0.07820786721136874,0.05785092542628126,0.3629051756279301,-0.5437722459327854,2.844049877292871,9.781767368851908,1.0,-0.2595611810684204,7.13440611121996e-06,7.425677792660679e-07,-0.9577493667602539,-0.15612369775772095,-0.9214226007461548,1,0.053106405034709196,1.7096689612635745,-9.0,-9.0,0.053106405034709196,-0.09555882081913253,-6.936291308104271,-3.570349302625011,0.004339043986730483,-0.0007905388407262366,-0.0038364820981270794,-0.022136446958109526,0.04250293889186196,0.10196359719694897,0.18700882126575347,0.0,0.028339535102440278,-0.15760611765228955,0.09658924194731391,0.09958073323590699,11.397793075090497,-30.0,-30.0,43.93085024564188,1.805227782082707,-2.0637086918957293,-5.4296506973749885,0.09958073323590699,11.369453539988058,-65.51469830728938,-92.22063508753556,113.69298843976227,0.6000000000000003
1.0327367867657085,0.3701178763359758,-0.703315438143478,0.831135942484267,0.3162943602590016,-0.7778228811955583,-1.9921033382415771,-1.875947117805481,-1.5220131874084473,1.0327367867657085,0.3701178763359758,-0.703315438143478,0,0.0,-1.5707963267948966,nan,0.23560697339038444,-0.2233131716155924,-0.09910071796929565,0.012330379115529588,-1.5708027009851047,0.23415924369257635,-0.22306490150210168,2.380456574966459,-0.10471653737720865,0.5117924858653633,-0.3679364591789025,0.3537549204698204,-0.037573485844821786,0.005804738318775496,-0.0014477296978080978,0.0002482701134907117,-0.005615819407913003,0.008873032213634493,-0.006503368575840834,0.006036298323406063,-6.179049660956157e-07,0.6285150821628082,0.663140323970904,-0.38100359981059767,0.15544344586374748,-1.5708034579002486,2.382977415452261,0.8221706520901265,-0.7893194330936022,-0.9668800690168152,0,sac,0,-0.1554434458637477,-0.1431130667482181,0.7611426185970869,1.2956673553317815,1.397132670210632,-0.43645718179697096,0.2903395476555182,0.7586210313101359,1.2401791115614869,1.55000871922767,-0.19595632323178042,0.3626135838373768,0.08684748131595334,-0.07998784902239017,0.05916759085498085,0.3810052393679958,0.8427671499899168,-2.739365435986648,-2.810262658298278,1.0,-0.26964765787124634,7.131105351998457e-06,7.569151438957533e-07,-0.9960516691207886,-0.9379735589027405,-0.7610065937042236,1,0.03685266466069825,0.45507187115197956,-9.0,-9.0,0.03685266466069825,0.30565197660874127,-8.081663571293895,-5.685058215194118,0.0045620657993388405,-0.0007905388407300123,-0.0038364820980782565,0.01678123354685414,-0.021101632449470994,-0.00645434821747342,0.1586708948667349,0.0,0.06544087611177868,-0.12494777496218869,0.07267735647044084,0.069103065180383,3.0338124743465307,-30.0,-30.0,42.53479509017433,0.14941989454323829,-0.9183364287061053,-3.3149417848058818,0.069103065180383,2.968371598234752,-34.01795843566899,-57.180107914061985,66.60031713418114,0.6100000000000003
0.9139033019531719,0.3103289098105624,-0.733368421085822,0.6762363323280989,0.19075097675973554,-0.79347438697051,-1.951210618019104,-1.9387481212615967,-1.0589592456817627,0.9139033019531719,0.3103289098105624,-0.733368421085822,0,0.0,-1.5707963267948966,nan,0.23426641156966627,-0.22377191185066111,-0.10043053388917692,0.012859237685672209,-1.5708026828715431,0.23343767789393813,-0.22401579323703605,2.376790239697132,-0.1049166490348255,0.13789854583530609,0.06189960220799595,-0.04921514998656451,0.11297042622644138,0.0045685344188178875,-0.0008287336757281383,-0.0002438813863749334,-0.004486115145648589,0.005432534964905584,-0.003915984201779439,0.0036895677788881557,0.0007513943580609982,6.291178008466695,6.586307647473806,-0.38889015633286744,0.09487649491815953,-1.5708030954143328,2.3791038209759177,0.6466759513034461,0.789214122725796,0.099673036649997,0,sac,0,-0.09487649491815953,-0.08201725723248732,0.7648089509496316,1.2965454573794657,1.3963239248912265,-0.43585894703069966,0.17222964309659933,0.7624949763198311,1.2561463007721885,1.4920472174092987,-0.29851756616711983,0.3706464699910213,0.08877139139885494,-0.08175979942224039,0.06047831539070765,0.38893615494730766,2.0353232870116327,-7.493245072779027,-14.566068222955371,1.0,-0.09709779173135757,6.768619436492429e-06,4.1254278970725977e-07,-0.975605309009552,-0.9693740606307983,-0.5294796228408813,0,0.08725032166048395,-1.4923265802443348,3.264896480389185,1.4689480581138497,0.08725032166048395,0.1768884944056476,-4.514576250729539,-4.90159303799029,0.0035882796755106767,0.0007904333676698141,0.0003954925052469575,0.04385306978769058,-0.06991928337399739,-0.10837000018675295,0.14900376922898226,0.0,0.09453280706577799,-0.09859355581431183,0.05953975465685403,0.1636045783995574,-9.948843868295565,10.88298826796395,4.896493527046165,15.537739323171873,-1.6692150746499825,7.779472731118725,6.37054109610414,0.1636045783995574,-10.043376675361344,10.981581823778262,4.836953772389311,15.64887991678107,0.6200000000000003
0.8913778922380307,0.30313123484824767,-0.740631821695363,0.8463270728077482,0.2887358849236183,-0.7551586229144451,1.961134433746338,0.9309477806091309,-0.5040297508239746,0.8913778922380307,0.30313123484824767,-0.740631821695363,0,0.0,-1.5707963267948966,nan,0.2287612429495167,-0.22022064538474262,-0.10060440345474331,0.013399654785948734,-1.5708026642900916,0.2326962616842221,-0.22498497410505103,2.3730437749203284,-0.10512113078935534,0.656724586359388,0.4763752410433558,-0.4520447333933475,-0.0030612188963441422,0.007654020277793214,0.00393501873470542,-0.004764328720308408,-0.004516727334612031,0.0009241909371788936,0.0005641802726679118,-0.0005529410623498774,0.00047967248187002695,8.679168249506636,9.015871335973486,-0.38642688854550833,-0.021774071704422138,-1.5708026345079518,2.37521702572548,-0.16287175629906017,0.7893199608324114,0.9669138441874473,0,sac,0,0.021774071704422138,0.03517372649037087,0.7685554127666517,1.2974427507715425,1.3954975040522257,-0.4352476375546524,0.04642505345866185,0.766382363926231,1.2799886797963318,1.406627935342246,-0.47674501521959894,0.37863878925047717,0.09068558553965696,-0.08352280129188575,0.06178242063387456,0.38648587943845464,2.4781120392157496,-8.649926083120015,-18.686359431173937,1.0,-0.12624698877334595,6.3077130549871185e-06,-2.9782139865375257e-08,0.980567216873169,0.46547389030456543,-0.2520148754119873,1,0.17745803817242864,-3.9096341299545694,9.0,9.0,0.17745803817242864,-0.521516373066131,1.2068569723508513,-1.4369335378493346,-0.0009037438483133079,0.0007905393692841172,0.0038366161145314257,0.057392554354721036,-0.08881106753506574,-0.15707566739538653,0.1513879268365796,0.0,0.10049466983215433,-0.0924662220893853,0.06533852997826274,0.33275461873697476,-26.064227533030465,30.0,30.0,49.794122971791296,-3.3881177568884384,7.7931430276491485,10.436933537849335,0.33275461873697476,-26.16472220286262,52.46574483325417,67.58076133925857,89.46796688028194,0.6300000000000003
0.9063097369324976,0.3338259162943008,-0.6976436343164366,0.9361734263214315,0.3952152791864071,-0.6116672595585838,1.985147476196289,1.638383388519287,1.0636229515075684,0.9063097369324976,0.3338259162943008,-0.6976436343164366,0,0.0,-1.5707963267948966,nan,0.22162187267251598,-0.21498860894094657,-0.09843495280640979,0.01395156894527183,-1.570802645238462,0.2319348247265445,-0.22597215422403347,2.3692176068221222,-0.1053299589922744,0.9220243943344739,0.6377933319323098,-0.621921656277849,-0.237827885125258,0.016569138702944783,0.010312952054028518,-0.010983545283086898,-0.0068950061858646106,0.006576557324064576,0.004619899046979995,-0.004506795249565454,-0.00126350133000128,6.866367159521023,7.078302646387258,-0.3799514197018767,-0.13523709369117154,-1.5708023421425534,2.371389698498441,-0.6880838004905272,0.7893194331043104,0.9668800676323211,0,sac,0,0.13523709369117132,0.14918866263644315,0.7723815778638696,1.2983591334350817,1.3946535017043484,-0.4346233229092382,0.21415152299382714,0.770210194943099,1.301471208541992,1.3350696150681525,-0.6402838085126739,0.3865864494609839,0.09258908365005065,-0.08527595195511178,0.06307923886835241,0.3799962880000811,1.7713577272645593,-5.684051928865229,-13.774201530734487,1.0,-0.36616531014442444,6.015347656873615e-06,-3.0309590837163114e-07,0.9925737380981445,0.8191916942596436,0.5318114757537842,1,0.23234280982558725,-4.5,9.0,9.0,0.23234280982558725,-1.4787760893896578,5.26794618056932,2.178573980676906,-0.003818043815255056,0.0007905388407407371,0.0038364820925847246,0.04740703911836455,-0.06794139552393204,-0.13022623163360325,0.15060668047065137,0.0,0.0864232225790334,-0.0950897847719083,0.07855782350266517,0.43566999779783844,-30.0,30.0,30.0,51.963350626638594,-3.0212239106103422,3.7320538194306803,6.821426019323094,0.43566999779783844,-34.400507950476566,66.36122812402145,95.13539212990155,120.98818202385029,0.6400000000000003
0.9328390048190982,0.4187285362961083,-0.6648285739199826,0.9858975405922994,0.5885337762997233,-0.5991984531270748,1.179274320602417,1.340348243713379,-0.5507073402404785,0.9328390048190982,0.4187285362961083,-0.6648285739199826,0,0.0,-1.5707963267948966,nan,0.21583943558445204,-0.21096257846860067,-0.09664623963555602,0.014514912837052085,-1.5708026257145433,0.23115320239030612,-0.22697702871856956,2.3653122021828294,-0.1055431077554124,0.7370590489956648,0.5000814751825566,-0.5030904966881994,-0.20018619339917665,0.023877360258934065,0.015313766805854084,-0.016014450249968892,-0.008896868119856377,0.009273687880315332,0.006402477562690198,-0.00634723295095335,-0.0021730627756896687,2.1167607560051813,2.1657098443684504,-0.3749966677963192,-0.1953390062280138,-1.5708022780398327,2.3676247719402763,-0.8139999701759377,0.7893194330947131,0.9668800690167737,0,sac,0,0.1953390062280138,0.20985391906506567,0.7762869794628324,1.2992944935746769,1.3937920208128611,-0.43398607925861027,0.29462633528293136,0.773975407528591,1.3096186858911394,1.310818434007322,-0.7164894049436001,0.39448542394225744,0.09448092132314029,-0.08701836317852359,0.06436811306147015,0.37501461761976596,0.07821273830324615,-0.004392342928088766,-2.9545394404722716,1.0,-0.6325964331626892,5.951244935964439e-06,-3.47674710354795e-07,0.5896371603012085,0.6701741218566895,-0.27535367012023926,1,0.22299148714169442,-4.0085751325658565,9.0,9.0,0.22299148714169442,-2.2774733275329035,7.3373137059302564,4.787161015132633,-0.00451672826701117,0.0007905388407311249,0.0038364820980780917,0.014890244369877006,-0.018392370590481443,-0.04986967656720635,0.1466991022215892,0.0,0.08490882152938077,-0.08562451684794511,0.08354376537880011,0.41813517183891696,-26.72383421710571,30.0,30.0,50.143176527672026,-1.731101805032953,1.6626862940697436,4.212838984867367,0.41813517183891696,-26.808743038635093,46.56715954350683,77.21643418957086,94.07317150620703,0.6500000000000004
0.9697019324454755,0.41318036524301377,-0.6575834926047235,1.0434277876982303,0.4020840231368247,-0.6430933299742052,1.6170661449432373,-1.4570202827453613,-1.0807723999023438,0.9697019324454755,0.41318036524301377,-0.6575834926047235,0,0.0,-1.5707963267948966,nan,0.21368493212282888,-0.21042783080675445,-0.09799191283754849,0.015089613373635569,-1.5708026057163953,0.230351236022991,-0.2279992780045268,2.36132806772226,-0.10576054898609205,0.23508516473909885,0.13525370943080484,-0.15569969478034518,0.11282319713128153,0.025433701066205815,0.016666303900162133,-0.017571447197772344,-0.007768636148543562,0.0074018626400110775,0.005160875625042423,-0.005260176701589275,-0.0006953232287879594,-4.156894009573762,-4.221297584362722,-0.37622270238926736,-0.17286377313788326,-1.5708024040383373,2.36387817089843,-0.8202175924021473,-0.6407421674334137,0.9668800690167921,0,sac,0,0.17286377313788304,0.18795338651151905,0.7802711108456564,1.3002487098292594,1.3929131731531506,-0.4333359892838311,0.2389036796983551,0.777721992254118,1.2991542887676863,1.3474411316679893,-0.6678558516697968,0.4023317514884904,0.09636014983344321,-0.08874916117154574,0.06564839686401484,0.3762019182175814,-1.7237774190354695,5.930621587321791,10.131297259824073,1.0,-0.5694583058357239,6.077243440927305e-06,-2.0167805825366258e-07,0.8085330724716187,-0.7285101413726807,-0.5403861999511719,0,0.17787700153198457,-1.1839915704681458,0.8035338263734096,7.923505944312764,0.17787700153198457,-2.440256797544613,5.53603343674995,6.202638966378541,-0.004551228649187656,-0.0006417320403025968,0.003836482098078165,-0.0348772275904852,0.05208689665337702,0.06664299682091065,0.15435376079993934,0.0,0.07033483046010017,-0.09981504298645152,0.09441955459991688,0.3335402241364796,-7.893277136454306,2.6784460879113654,26.411686481042548,27.69776758608395,1.2562652270764674,-4.73249961037654,1.7208669779342225,0.3335402241364796,-7.9636119669144065,2.778261130897817,26.31726692644263,27.637793653433846,0.6600000000000004
0.9898617840105537,0.41900881655683164,-0.7185879296692449,1.03018148714071,0.4306657191844674,-0.8405968037982876,0.953132152557373,0.5969159603118896,-1.9894089698791504,0.9898617840105537,0.41900881655683164,-0.7185879296692449,0,0.0,-1.5707963267948966,nan,0.21681315301574483,-0.21514761941047467,-0.1012381440157552,0.015675591800746513,-1.570802585242261,0.2295287732303117,-0.22903856808335005,2.357265749444969,-0.10598225242230672,0.6188839878157842,-0.39506836855952576,0.36804985248969635,0.302452774199205,0.019420402082518082,0.012715620214566875,-0.01389094867287538,-0.0047441084065515116,0.0020387368769481415,0.0008053692169723396,-0.0010512581804272732,0.0015500595846180756,-9.033295848634882,-9.103329512414359,-0.389131178742477,-0.06765474255587844,-1.5708026853588277,2.3600532118368283,-0.11988402129983156,-0.7894334185331705,-0.9634212255063993,0,sac,0,0.06765474255587822,0.08333033435662518,0.7843334260097726,1.3012216514289137,1.3920170791662954,-0.4326731420760381,0.08437163316995121,0.7815465256926618,1.276669533698512,1.4274018326653528,-0.5051708551789404,0.4101215363683507,0.09822583613688948,-0.0904674865864221,0.06691945461023154,0.3890695934995735,-2.3829972192825757,8.73459374854301,19.176224950283334,1.0,-0.35501325130462646,6.3585639313856746e-06,1.001165665925896e-07,0.4765660762786865,0.2984579801559448,-0.9947044849395752,1,0.12786689519136465,1.4620408478378832,-9.0,-9.0,0.12786689519136465,-1.8738494489643651,-0.015171577649385551,3.560320773454136,-0.0006652132280187705,-0.0007906530022639597,-0.003822757757663154,-0.055359337970636927,0.0868332497897461,0.15276156871620686,0.16189412392831715,0.0,0.08472121850221095,-0.09987700832384469,0.09516620044057972,0.2397654138221726,9.746938985585889,-30.0,-30.0,43.532290395089476,3.3358902968022486,-8.984828422350615,-12.560320773454135,0.2397654138221726,9.662217767083678,-46.7170665522628,-41.186089811735506,63.02534601936833,0.6700000000000004
0.9459530743188863,0.4562042587898153,-0.7524724250048241,0.8581356549355514,0.5305951432557826,-0.8202414156759825,-1.6231169700622559,1.9717817306518555,-0.5266751050949097,0.9459530743188863,0.4562042587898153,-0.7524724250048241,0,0.0,-1.5707963267948966,nan,0.22320665918293062,-0.2232795840346453,-0.10221693450402172,0.016272763791925993,-1.5708025642905685,0.2286856681639253,-0.23009455084620892,2.3531258319855124,-0.10620818566794302,1.0149130774369644,-0.7236611233572193,0.7075981861311753,0.07528572426302171,0.00961214845443188,0.005479008980994682,-0.0068149668115636275,-0.003991251163921294,0.006061488939577289,-0.004279919720366605,0.004009386309055379,0.0015325654232671848,-9.291027533841776,-9.288081097668554,-0.4119864067327434,0.06779109210085177,-1.5708030705234954,2.3560327965677095,0.5892040148543103,-0.7893194310778031,-0.9668857016541424,0,sac,0,-0.06779109210085199,-0.051518328308925554,0.788473340322671,1.30221317835169,1.3911038678146372,-0.4319976330296089,0.1753401736076556,0.785566229180293,1.2561954925173286,1.5079423690729326,-0.30965850437596015,0.41785094832498326,0.10007706287082234,-0.09217249451821612,0.06818066131782341,0.41191266061876464,-1.6949473182121757,7.102731760067133,18.545200448228698,1.0,-0.21083001792430878,6.743728598657128e-06,5.062329266891652e-07,-0.8115584850311279,0.9858908653259277,-0.26333755254745483,1,0.07601562845650575,2.2038907147670894,-9.0,-9.0,0.07601562845650575,-0.9512211459788383,-4.578424298408391,-0.494495929771939,0.0032693790251045415,-0.0007905388387110991,-0.003836504447812172,-0.045226703448638474,0.07880491130950461,0.16316944740064665,0.15521351619558854,0.0,0.11736849035375573,-0.07161512497045061,0.07202185055485116,0.14253821199419792,14.69260476511393,-30.0,-30.0,44.898696550409205,3.1551118607459276,-4.421575701591609,-8.505504070228062,0.14253821199419792,14.575236274760176,-74.26349145411258,-92.95789663496127,119.8694896099844,0.6800000000000004
0.8675413923549466,0.44182728396824095,-0.7973148482415796,0.7107180284270674,0.4130733343250922,-0.8869996947150905,-1.6638176441192627,-1.4799141883850098,-1.9623115062713623,0.8675413923549466,0.44182728396824095,-0.7973148482415796,0,0.0,-1.5707963267948966,nan,0.22919983958464574,-0.23123462520537166,-0.1008527219312243,0.01688103954297482,-1.5708025428599346,0.22782178181594737,-0.23116686438812237,2.3489089379537007,-0.10643831422804662,0.9845467366774974,-0.6857066749693053,0.6882727628812924,-0.15943411329010226,0.005753475128002643,-0.0013780577686983708,6.776081724929606e-05,-0.005585592296822317,0.010366992370895216,-0.007411540087534244,0.007248580152766313,-4.1111044681426887e-05,-5.582391552919838,-5.5333076524164495,-0.43455863700177366,0.1710293339162956,-1.5708033875419833,2.3517758711205965,0.7820374319891594,-0.7893194330749609,-0.9668800690044231,0,sac,0,-0.17102933391629538,-0.15414829437332056,0.7926902311766454,1.3032231414804185,1.3901736764373531,-0.4313095637353269,0.3138410475256615,0.7898225042351934,1.2465398207701697,1.5541913689327786,-0.1698269123874241,0.4255162225760083,0.10191292835399769,-0.0938633545048105,0.06943140268795164,0.43450954558158006,-0.4497716220482097,2.728056931272924,10.138350471372064,1.0,-0.2971528470516205,7.060747086562458e-06,8.446820487506557e-07,-0.8319088220596313,-0.7399570941925049,-0.9811557531356812,1,0.03188438501183211,1.551387413327205,-9.0,-9.0,0.03188438501183211,-0.15001292416823692,-7.022093011488544,-3.684197167884435,0.004339374329660974,-0.0007905388407113423,-0.003836482098029086,-0.020014374016189707,0.04153130455978186,0.10533336776061572,0.16613639093641852,0.0,0.15477955247282854,-0.041017358467424284,0.04429635237854485,0.059786958582096594,10.3425827555147,-30.0,-30.0,43.66889731302001,1.7014003374954418,-1.9779069885114557,-5.3158028321155655,0.059786958582096594,10.187803203041872,-66.002372348339,-97.33818673456997,118.04588371039087,0.6900000000000004
0.7675318789716504,0.3898093406484978,-0.8463206374299963,0.5675128522050579,0.28577345400901155,-0.9443322158068297,-1.9856455326080322,-1.9838145971298218,-1.9664950370788574,0.7675318789716504,0.3898093406484978,-0.8463206374299963,0,0.0,-1.5707963267948966,nan,0.2323028800828224,-0.23646248503762743,-0.10047459012866158,0.017500323866388223,-1.570802520949169,0.22693698231945608,-0.23225513333216527,2.3446157272798502,-0.10667260154414251,0.5780496321402414,-0.3987839994667952,0.4139590888212863,-0.061241911865861365,0.009214662917697368,-0.005365897763366323,0.004207351705462159,-0.006198011415480931,0.010731993335361765,-0.007586160105286399,0.007578700613565675,-0.00043491702329252844,0.4821064127757515,0.4736500434888329,-0.45122275439523923,0.200169312921316,-1.5708033865380733,2.3473216102790886,0.820658643313016,-0.7893194330905949,-0.966880069016764,0,sac,0,-0.20016931292131623,-0.1826689890549278,0.7969834386435379,1.3042513827595255,1.3892266506060273,-0.4306090418735464,0.33322170864735917,0.7942765574905936,1.2500461020919833,1.5484223162890718,-0.14294968172030076,0.4331136598135229,0.10373254658658462,-0.09553925052690751,0.07067107510523554,0.4512225082287288,0.8887047202299136,-2.879696086309445,-2.6668373666479055,1.0,-0.36510002613067627,7.059743176718314e-06,8.655889045527942e-07,-0.9928227663040161,-0.9919072985649109,-0.9832475185394287,1,0.04027695345022565,0.338732145527376,-9.0,-9.0,0.04027695345022565,0.2301532257239282,-8.118752212968232,-5.768187651082579,0.004553675955317017,-0.0007905388407270004,-0.0038364820980780535,0.017995541401272852,-0.022407396639605177,0.006689307045639949,0.1925664230984317,0.0,0.19101214574558917,-0.0128060586569652,0.020789236259766038,0.07552400796967121,2.25821430351584,-30.0,-30.0,42.48653005031575,0.1085789198034478,-0.8812477870317679,-3.231812348917421,0.07552400796967121,2.067202157770251,-33.63895211901006,-60.68007279449779,69.41130572642668,0.7000000000000004
0.6529236609616516,0.31223106584405935,-0.8964920364965876,0.42370722494165386,0.1570745162351824,-0.9968348346297701,-1.9654160737991333,-1.9810729026794434,-1.86909019947052,0.6529236609616516,0.31223106584405935,-0.8964920364965876,0,0.0,-1.5707963267948966,nan,0.23117628048547367,-0.23747824066496404,-0.10224742984368859,0.018130516285799425,-1.5708024985572833,0.22603114525418633,-0.23335896916385088,2.3402468965600383,-0.10691100902960451,0.15527319424472225,0.022076253207897745,-0.008808020434900032,0.1534432229565008,0.008074019139897153,-0.0051451352312873455,0.004119271501113159,-0.004663579185915923,0.007029257354913922,-0.004901589808087629,0.0049849242066210536,0.0007317150873847036,6.5003122902265105,6.32789635837862,-0.458290173305976,0.1409640182439591,-1.5708029905351457,2.342749511480605,0.6416219383813765,0.7891798812921337,-0.0489322172290752,0,sac,0,-0.1409640182439591,-0.12283350195815945,0.8013522661294844,1.3052977353518445,1.388262943980223,-0.42989618110735844,0.2138231899988554,0.7988490102821882,1.2661137858260527,1.4890566961988898,-0.2454528892675851,0.4406396262041001,0.10553504725016503,-0.09719938100802883,0.07189908563775246,0.45833447792690135,2.0214879584751144,-7.635570091341279,-14.685812374492267,1.0,-0.16855810582637787,6.663740249379657e-06,4.919778624490334e-07,-0.9827080368995667,-0.9905364513397217,-0.93454509973526,0,0.11801431249350554,-1.5369384429323552,3.486249298169372,0.6976895661214076,0.11801431249350554,0.09741981882697132,-4.456371283536044,-5.095120607371231,0.003560235936120837,0.0007903990733370796,-0.00019415807754680136,0.04380888800562118,-0.07123860387135048,-0.10873667602076685,0.2222974613576644,0.0,0.22191104907928572,0.009203411936660133,0.009324421232295418,0.22129066659198487,-10.2462562862157,11.620830993897906,2.325631887071359,15.668025213945654,-1.6343582617593264,7.942620581705416,5.792810173492639,0.22129066659198487,-10.468167335294986,11.611627581961246,2.3163074658390634,15.80590624726474,0.7100000000000004
0.6254004705858166,0.305278872525071,-0.9370749562260619,0.5703540898341468,0.29137448588709436,-1.0182407956850104,1.9146876335144043,1.522522211074829,-1.2144724130630493,0.6254004705858166,0.305278872525071,-0.9370749562260619,0,0.0,-1.5707963267948966,nan,0.22569974842610097,-0.23398819921425484,-0.10321945842389563,0.018771511130419194,-1.5708024756834897,0.22510415395657632,-0.2344779705757636,2.335803178401353,-0.10715349610508337,0.6517194799877283,0.45495407617626993,-0.4609042862621926,0.07295415047281761,0.004008897758198325,-0.0005955944695246462,-0.0004897713615087673,-0.0039340376811877464,0.0010310774201671917,-0.00023428470768371563,0.0002501448355616846,0.0009724499387454375,9.232153546129291,8.905233421383292,-0.4559491093467814,0.022578239857489857,-1.5708024754079317,2.3381681655551163,-0.14988982455700622,0.7893201555675712,0.9670232838369862,0,sac,0,-0.022578239857489635,-0.003806728727070663,0.8057959810296587,1.306362023795433,1.3872827181630536,-0.42917110097575584,0.022571568823361837,0.8034309640812353,1.2895691277372014,1.4020691976457746,-0.4273708008713478,0.44809055338878895,0.10731957570773379,-0.09884295881451552,0.07311485203703783,0.4560075363121834,2.428549109597136,-8.818880649694046,-19.217481719304878,1.0,-0.08336417376995087,6.148613035161787e-06,-2.7555824289038355e-10,0.9573438167572021,0.7612611055374146,-0.6072362065315247,1,0.22586066041934982,-3.873130795718067,9.0,9.0,0.22586066041934982,-0.583880259253827,1.2747270958671428,-1.6607417869319259,-0.0008317096220134333,0.0007905395643201204,0.0038370503599665425,0.05641884855589107,-0.09033696472579646,-0.16075709358134005,0.24176838731421232,0.0,0.24048020245394275,0.01987202274443571,0.015044203012134327,0.4235152079867801,-25.820871971453784,30.0,30.0,49.667864807112494,-3.28925053646424,7.725272904132857,10.660741786931926,0.4235152079867801,-26.061352173907725,53.21570189731069,66.39509333790053,88.99209397489084,0.7200000000000004
0.6399479299257825,0.335152052479246,-0.9175310878250195,0.6690428486057143,0.39489841238759604,-0.8784433510229347,1.9627900123596191,1.7520315647125244,0.9542126655578613,0.6399479299257825,0.335152052479246,-0.9175310878250195,0,0.0,-1.5707963267948966,nan,0.21824071621930508,-0.22831407739073148,-0.10156490280952965,0.01942319762947231,-1.5708024523272097,0.22415589983333575,-0.2356117238224931,2.3312853407671517,-0.10740002023399486,0.9609968700041354,0.6510778083555324,-0.680787507025285,-0.19010797432774673,0.011058645305280283,0.005915183614030678,-0.007297646431761617,-0.005835117424465214,0.006072400439558802,0.004176936228617541,-0.004364096216540395,-0.0006179927614414493,7.545243713381745,7.212424139741532,-0.4499722946313751,-0.0956967036945251,-1.5708021342234115,2.33364376300975,-0.6785265480164359,0.7893194331094705,0.9668800565260055,0,sac,0,0.0956967036945251,0.11511990132399763,0.8103138153830174,1.3074440641603848,1.3862861425567556,-0.42843392678679887,0.17919111179391603,0.8079558838070472,1.3105417240233808,1.3286755139136996,-0.59806680884493,0.4554629384831148,0.10908529300369871,-0.10046921125552812,0.07431780273808508,0.4500179485674807,1.7225537155152832,-5.873511077631489,-14.588855473126422,1.0,-0.23491808772087097,5.80742851497007e-06,-3.181037984134605e-07,0.9813950061798096,0.8760157823562622,0.47710633277893066,1,0.275801354977702,-4.5,9.0,9.0,0.275801354977702,-1.5213859164641064,5.308278019019613,2.013019316025079,-0.0037650124712915413,0.0007905388407459052,0.00383648204851599,0.046335470634893336,-0.06970945056621689,-0.13649121284015678,0.23557120768855183,0.0,0.23266017724909352,0.016955171976640135,0.03279570028991253,0.5171598630746334,-30.0,30.0,30.0,51.964097743768974,-2.9786140835358936,3.691721980980387,6.986980683974921,0.5171598630746334,-34.112747949912645,67.39460413564936,96.15322693241103,122.2760104972961,0.7300000000000004
0.5887806808447669,0.3680065294773692,-0.8805767447878227,0.48644618268273554,0.43371548347361566,-0.806668058713429,-0.4612175226211548,0.6351733207702637,-0.43415939807891846,0.5887806808447669,0.3680065294773692,-0.8805767447878227,0,0.0,-1.5707963267948966,nan,0.21186085826542497,-0.22363062988763482,-0.09966684736566953,0.020085460006638467,-1.5708024284880768,0.2231862826776879,-0.23675980308590794,2.3266941863223085,-0.10765053695807,0.8239767732419568,0.5410240798232241,-0.5831526766511497,-0.21485721679352643,0.019088732972513855,0.011325424412262919,-0.013129173198273114,-0.007983689592400478,0.00949385936684564,0.006380159215583917,-0.006785073202649745,-0.0018411180559449866,2.7222567055074722,2.579003459643054,-0.4452755911531418,-0.16251460458251699,-1.5708020415181048,2.3291786270041284,-0.8087384271056157,0.7893194330948771,0.9668800690168071,0,sac,0,0.1625146045825172,0.18260006458915523,0.8149049665270449,1.3085436642056454,1.3852733942182596,-0.4276847895107805,0.2688008664157442,0.8124213234762756,1.3182618129478227,1.3025853923666837,-0.6832547197409815,0.462753344077079,0.11083137586388048,-0.10207738008304651,0.07550737685934578,0.4452962226899673,0.039189392268068,-0.18030718114975275,-3.8910409270778947,1.0,-0.4760889410972595,5.714723208427586e-06,-3.8696997206599804e-07,-0.2306087613105774,0.31758666038513184,-0.21707969903945923,1,0.24420002356951673,-3.9444423657510286,9.0,9.0,0.24420002356951673,-2.296971503516643,7.357614118838625,4.681994921783601,-0.004487532983000676,0.0007905388407312892,0.0038364820980782244,0.01402974257241674,-0.020093730060791824,-0.057344626011048866,0.23806450244775554,0.0,0.2328444277361028,0.02879672997107792,0.04035998192414136,0.4579036631717921,-26.296282438340192,30.0,30.0,49.916972522797344,-1.6474708622343854,1.642385881161375,4.318005078216399,0.4579036631717921,-26.529126866076297,47.79202305913192,79.92243325215348,96.82807987908592,0.7400000000000004
0.5391292962395509,0.3256924616580563,-0.8648358284592514,0.43982652702911884,0.24106432601943056,-0.8333539958021091,-0.04930675029754639,-1.78023099899292,-1.1133427619934082,0.5391292962395509,0.3256924616580563,-0.8648358284592514,0,0.0,-1.5707963267948966,nan,0.20895586479019246,-0.2225374421568714,-0.10041590452524443,0.020758177574490944,-1.570802404165944,0.2221952109874269,-0.23792177085078056,2.3220305517784685,-0.1079049999329724,0.299890752041437,0.19139217849715173,-0.2255155495636041,0.04945941846725144,0.02163433398832778,0.013239346197234436,-0.015384328693909155,-0.007489095407727964,0.008213616185818694,0.005519618254914109,-0.006016171212737741,-0.0008960965946746158,-3.8700260937552806,-3.6338907535975844,-0.44607105305822553,-0.1469659296280752,-1.5708021623475037,2.324732929312015,-0.8068679660828466,-0.5908058356948648,0.9668800690167928,0,sac,0,0.1469659296280752,0.16772410720256614,0.8195685977524978,1.3096606235358248,1.3842446577147618,-0.42692382567339193,0.22124473752369245,0.8168670385910756,1.3073702540100003,1.3379426758208741,-0.643240297862077,0.46995839823515945,0.11255701669551284,-0.10366672149187013,0.07668302420272954,0.44605469371987966,-1.7737898140413282,5.857006226313329,9.391915668160195,1.0,-0.49368950724601746,5.835552607358352e-06,-2.418184403829571e-07,-0.024653375148773193,-0.89011549949646,-0.5566713809967041,1,0.17086679461377507,-1.089852405427083,1.2071682283395389,9.0,0.17086679461377507,-2.4318977960697223,5.678361968219952,6.353000457595205,-0.004477154156853966,-0.0005917185626815276,0.0038364820980781675,-0.03582788869912904,0.051088347781675154,0.05995845867236618,0.22995369987351094,0.0,0.223469238855305,0.02314422831256352,0.049036191397408946,0.32039526460486606,-7.265682702847221,4.023894094465129,30.0,31.13012242101701,1.3420453906426393,-4.471193739880413,2.646999542404795,0.32039526460486606,-7.489151941702526,4.000749866152566,29.995921175653752,31.176134086814564,0.7500000000000004
0.479199809399374,0.2565529995864656,-0.8996121931974772,0.35934083571902026,0.11827407544328422,-0.9691649226739286,-0.24266111850738525,-0.80014967918396,-1.9849783182144165,0.479199809399374,0.2565529995864656,-0.8996121931974772,0,0.0,-1.5707963267948966,nan,0.21134593260217457,-0.22712879713086992,-0.10297133858893778,0.021441224828932848,-1.5708023793608845,0.22118260228393016,-0.239097178290753,2.317295307239303,-0.10816336096398363,0.5340734925240676,-0.34026765154788474,0.3415947534026076,0.22970730326821176,0.016338889630546825,0.009836669681755589,-0.01196838115988308,-0.005192022375045846,0.0024183300459609237,0.0014088010798054672,-0.001730419811780919,0.0009323341695617517,-9.226053758804477,-8.585046610247902,-0.45766802303737153,-0.04560982779823908,-1.5708024559880167,2.3202179367226248,-0.07073559283527411,-0.7894139549738131,-0.9670943324279354,0,sac,0,0.04560982779823908,0.06705105262717215,0.8243038389581501,1.3107947337580135,1.3832001249792971,-0.42615117724888796,0.07330244876814763,0.8213816452519827,1.2842484162631589,1.4181715692857386,-0.4847771176672248,0.4770747944963098,0.11426142358724238,-0.10523650611961778,0.07784420525360407,0.4576107575943008,-2.4525357049113237,8.821171716427076,18.971141753616504,1.0,-0.27941086888313293,6.129193120152365e-06,7.662713219502848e-08,-0.12133055925369263,-0.40007483959198,-0.9924891591072083,1,0.09792288907853523,1.6266761414605746,-9.0,-9.0,0.09792288907853523,-1.8300748899754065,0.12066556050924354,3.805366091388413,-0.00039249811222206825,-0.0007906335086356442,-0.003837332273573002,-0.05680002664437931,0.08739804367373649,0.15023115857390265,0.23553476451954858,0.0,0.2294439101374801,0.02122587084258984,0.04880143240804358,0.18361689307807094,10.844507609737164,-30.0,-30.0,43.790833064250684,3.456751031435981,-9.120665560509243,-12.805366091388413,0.18361689307807094,10.615063699599684,-46.146656454773705,-38.13842299946316,60.80104031470901,0.7600000000000005
0.39150988177515467,0.2565605492576196,-0.9291502540440495,0.2161300265267161,0.25657564859992765,-0.988226375737194,-1.4093780517578125,1.8263616561889648,-1.2045825719833374,0.39150988177515467,0.2565605492576196,-0.9291502540440495,0,0.0,-1.5707963267948966,nan,0.21711729203302488,-0.23553895931470342,-0.1033500200275497,0.022134471543638234,-1.5708023540732006,0.2201483834312592,-0.2402855656646129,2.3124893555457584,-0.10842557004175973,0.9923884974642956,-0.6805578283521269,0.7221774809973602,0.011647236083581203,0.007581490279107303,0.00303109139823432,-0.004746606349909477,-0.005075550014210034,0.005171159913478601,-0.0035914949431213924,0.0036544354088425685,0.0006979690300429721,-9.754709234817238,-8.991872416869672,-0.4788777108949097,0.08981599967994369,-1.5708028607165798,2.315521647814413,0.6215820804911849,-0.7893194321577996,-0.9668796150010178,0,sac,0,-0.08981599967994391,-0.06768152813630568,0.8291097873055374,1.3119457786385946,1.3821399951663096,-0.4253669915532525,0.18719697074070488,0.8260772463141107,1.2631364549909643,1.500126582326618,-0.2885082149806285,0.48409929187395995,0.11594382030912866,-0.10678601904672766,0.07899039118079505,0.4788063559089795,-1.7503124396026168,7.2693786376269935,18.785873842467232,1.0,-0.19020512700080872,6.533921683260502e-06,5.066433792499936e-07,-0.7046890258789062,0.9131808280944824,-0.6022912859916687,1,0.04048410569690997,2.3946295247739653,-9.0,-9.0,0.04048410569690997,-0.8692173354376739,-4.503407638968814,-0.2991516933844771,0.003449038643840898,-0.0007905388397927641,-0.0038364802965895977,-0.046516492703087366,0.08027298471297747,0.16450998564349006,0.2689052345261753,0.0,0.2627937772487865,0.05267424675808516,0.02179173061876678,0.07591244270937553,15.964196831826436,-30.0,-30.0,45.33057845631638,3.2638468602116393,-4.496592361031186,-8.700848306615523,0.07591244270937553,15.70140305457765,-74.96800492029537,-92.41705954094788,120.03188941487922,0.7700000000000005
0.30406809480710445,0.2022388471746274,-0.9743981846268356,0.12918452087100407,0.09359544300864295,-1.0648940457924077,-0.8751447200775146,-1.789029598236084,-1.9505014419555664,0.30406809480710445,0.2022388471746274,-0.9743981846268356,0,0.0,-1.5707963267948966,nan,0.22268406242863736,-0.24397455612881586,-0.10152241983166035,0.022837782864490563,-1.5708023283034256,0.21909249095447536,-0.24148646272281843,2.307613631621313,-0.10869157537816329,1.0029143941752137,-0.6622662872396323,0.7234699755906904,-0.20936055322929026,0.008395640874938371,-0.003591571474162003,0.002488093405997427,-0.007169155546502937,0.009979006343224928,-0.006797407926608106,0.007246597812530808,-0.0009287805019660787,-6.070174519580439,-5.540499186848405,-0.5000149785703858,0.19581731883423825,-1.5708032007203998,2.3106033441193454,0.7956916286883631,-0.7893194330865355,-0.9668800690178665,0,sac,0,-0.19581731883423803,-0.17297953596974747,0.8339855078737023,1.313113534260059,1.3810644745072254,-0.4245714211373638,0.331645819587526,0.8309948969115231,1.2531368716885347,1.5481675876598606,-0.14446544937411523,0.49102871485601607,0.11760344631264415,-0.10831455979645743,0.08012106383658632,0.49996555125026815,-0.46916243587067225,2.9100569328203223,10.65942177613498,1.0,-0.3507365584373474,6.873925503469991e-06,8.724169742180266e-07,-0.4375723600387573,-0.894514799118042,-0.9752507209777832,1,0.007841774498429268,1.6947931920405095,-9.0,-9.0,0.007841774498429268,-0.041736501623353635,-6.987467797913169,-3.5553146694637108,0.004415138824076488,-0.0007905388407229348,-0.003836482098082428,-0.0205857566216074,0.0432414042916007,0.10920000301214418,0.303310655734958,0.0,0.2935844181397627,0.07599810008971554,-0.005461876111810548,0.014704246199942372,11.298621280270064,-30.0,-30.0,43.90511426986414,1.7365296936638632,-2.012532202086831,-5.44468533053629,0.014704246199942372,11.005036862130302,-67.47993800844688,-99.05491140872661,120.35999568114904,0.7800000000000005
0.2013700299890533,0.12056773108693876,-1.0247244045532837,-0.004026099647049003,-0.0427745010884385,-1.12537684440618,-1.9075485467910767,-1.991442322731018,-1.989650011062622,0.2013700299890533,0.12056773108693876,-1.0247244045532837,0,0.0,-1.5707963267948966,nan,0.22563161023318767,-0.24975179159395802,-0.10097711814003463,0.02355101940401738,-1.5708023020523267,0.2180148713562989,-0.24269938912419456,2.3026691018172247,-0.10896132344217002,0.6139967097119288,-0.4025167402726765,0.45643090637660366,-0.08150497556324576,0.013095748394837216,-0.007616738876888768,0.0070524024697634635,-0.007984205302135394,0.010723802754049818,-0.00720230298558447,0.007860026589700886,-0.0011604995565714718,0.14165216939782166,0.12799299578010392,-0.5155500528254751,0.22937014490424645,-1.5708032187523473,2.305499858004707,0.8289206901689974,-0.7893194330929327,-0.9668800690167946,0,sac,0,-0.22937014490424623,-0.20581912550022885,0.8389300343139388,1.3142977691778202,1.379973776166023,-0.42376462368016005,0.3575876380179714,0.8360981523032814,1.256643868076364,1.5441771988427258,-0.11139599052921609,0.49785995340486067,0.11923955673067436,-0.10982144233488426,0.0812357157567198,0.5155468983512227,0.9000724608368127,-2.7062002380888366,-1.9970376365207536,1.0,-0.46064504981040955,6.891957450960717e-06,9.167000207810361e-07,-0.9537742733955383,-0.995721161365509,-0.994825005531311,1,0.03580769555850489,0.42955785129477375,-9.0,-9.0,0.03580769555850489,0.34584433959023014,-8.104484165453744,-5.690868821763591,0.004599520454021012,-0.0007905388407293419,-0.0038364820980781745,0.01813398550289739,-0.020753939971770247,0.011949941742412174,0.3386116237499713,0.0,0.32347200520588226,0.09622130251837979,-0.027661426722861805,0.06714362564879972,2.863719008631825,-30.0,-30.0,42.522998422346284,0.08371351170454361,-0.8955158345462557,-3.3091311782364086,0.06714362564879972,2.540247003425943,-35.38566528286282,-63.96330806336859,73.14306152346289,0.7900000000000005
0.08697532724368925,0.020850985729515104,-1.0751757734854832,-0.1418140782470388,-0.17858250498533215,-1.176078511349882,-1.9790078401565552,-1.9893763065338135,-1.852108359336853,0.08697532724368925,0.020850985729515104,-1.0751757734854832,0,0.0,-1.5707963267948966,nan,0.22461608726853405,-0.25124878798251277,-0.10314064752878138,0.024274037335831,-1.5708022753209157,0.2169154814312418,-0.24392385486268434,2.297656763257788,-0.10923475899585641,0.19114814484073192,-0.008386696040346697,0.027253065006496713,0.18900938350603635,0.012251210962367521,-0.007700605837292235,0.007324933119828431,-0.006094111467075031,0.007282742805794422,-0.004848864707203648,0.0054121259964472765,0.0004855368422322483,6.520821354778038,5.829684074494356,-0.5220969062435559,0.17447104819610715,-1.5708028214290226,2.3002868079041123,0.6427023503039228,0.7892848569086968,-0.34924470230658977,0,sac,0,-0.17447104819610715,-0.15019701086027615,0.8439423695045367,1.3154982445770262,1.378868120094807,-0.42294676188180463,0.24390362364761511,0.841311533426058,1.272968607504804,1.486089020436185,-0.20805850061457068,0.504589962957352,0.1208514223775176,-0.11130599507090462,0.08233385016039538,0.5221377492122038,2.058228167605016,-7.5640300206110505,-14.25258885300106,1.0,-0.2592014968395233,6.4946341260530005e-06,5.461081071800322e-07,-0.9895039200782776,-0.9946881532669067,-0.9260541796684265,0,0.13569397887344878,-1.4644476519711624,2.9748577744651636,-0.5963084224304294,0.13569397887344878,0.20770816984848522,-4.619448085115086,-5.304815561177339,0.0035662309327416913,0.0007905042111288826,-0.0013857675746800399,0.04445450378125149,-0.07022198876794755,-0.10436590779558383,0.3668888334521636,0.0,0.3481323981631876,0.1098999416377332,-0.036513727405732346,0.2544421130197802,-9.762984346474417,9.916192581550545,-1.9876947414347645,14.05924641785284,-1.6721558218196477,7.594305859580249,4.70850713874691,0.2544421130197802,-10.111116744637604,9.806292639912812,-1.9511810140290322,14.222162469247932,0.8000000000000005
0.06052316920126939,-0.0024631830032642334,-1.1188204803746482,0.00761885311642968,-0.0490915204688229,-1.206109894152978,1.9010696411132812,1.5916767120361328,-1.5866347551345825,0.06052316920126939,-0.0024631830032642334,-1.1188204803746482,0,0.0,-1.5707963267948966,nan,0.2192158664529937,-0.24780045082151927,-0.10501971822668216,0.025006688489065176,-1.5708022481104453,0.21579428857634017,-0.24515936070402602,2.292577643185583,-0.10951182513046573,0.6543308351228656,0.42790279606386983,-0.46838430023351807,0.16020045632914592,0.006233905405902905,-0.0034215778766535365,0.00264109011749325,-0.0044921069037835715,0.001519434901497077,-0.00037921998934542945,0.00048466419712749715,0.0013892354860105764,9.737009987619539,8.613917571275152,-0.5199182947620469,0.0563945099160601,-1.5708022764703675,2.295066027120675,-0.16063237798474472,0.7893196092576683,0.9673919662224129,0,sac,0,-0.0563945099160601,-0.03138782142699492,0.8490214862055274,1.3167147144293765,1.3777477328893786,-0.42211800335685185,0.04331284793898915,0.8465329183506177,1.2970451974823938,1.3984805097332018,-0.38966693412894976,0.5112157644248245,0.12243832974888513,-0.11276756085623439,0.08341498095027103,0.519975037445529,2.51113584325865,-8.972298828763115,-19.46150427374063,1.0,-0.10855965316295624,5.949675470962035e-06,2.835992241045915e-08,0.9505348205566406,0.7958383560180664,-0.7933173775672913,1,0.25983110778988827,-3.8173012382691045,9.0,9.0,0.25983110778988827,-0.4857214189282825,1.109996947852218,-1.9718047091643554,-0.0008913179715278157,0.0007905390171662317,0.0038385132542973818,0.0579277070620011,-0.09135572145578082,-0.16164462217249242,0.3820545749648711,0.0,0.36342860330644006,0.11458160705481833,-0.027502797585949812,0.4872137779671635,-25.44867492179403,30.0,30.0,49.4759783383875,-3.331579819340822,7.890003052147782,10.971804709164356,0.4872137779671635,-25.81210352510047,52.19138978114636,63.0971932972573,85.85859907391307,0.8100000000000005
0.08094884397287817,0.017753883758875627,-1.1064792845447586,0.12180019351609574,0.05818801728315534,-1.0817968928849793,1.9100632667541504,1.7383577823638916,0.8651442527770996,0.08094884397287817,0.017753883758875627,-1.1064792845447586,0,0.0,-1.5707963267948966,nan,0.2115451680140398,-0.24163332896455275,-0.1041881479961882,0.025748820442811793,-1.570802220422421,0.21465127109762167,-0.24640539863218566,2.2874327983067295,-0.10979246330255812,0.9939947899723378,0.6527680960235399,-0.7413159785126161,-0.11122084025863566,0.007989297549333802,0.0031061030835818626,-0.004772069667632911,-0.005604315306369928,0.006167339136324127,0.004091732093317936,-0.004610836417446161,0.00018435842942352964,8.294221696169785,7.261507966962909,-0.5141339639513083,-0.06622665023337038,-1.5708018982247578,2.289901341386033,-0.6874914847970066,0.7893194330970018,0.966879976349423,0,sac,0,0.0662266502333706,0.09197547067618217,0.8541663277134276,1.3179469256499339,1.3766128476448076,-0.4212785205274119,0.15475607481981057,0.8516981276919765,1.3192152754133701,1.3223977191917713,-0.5662007818194138,0.5177344441930893,0.12399958102190133,-0.11420549698540908,0.08447863271246289,0.5141799601525844,1.8669120210626065,-6.20675192073141,-15.363612241250992,1.0,-0.17386144399642944,5.571429861461752e-06,-3.221976632161727e-07,0.9550316333770752,0.8691788911819458,0.4325721263885498,1,0.3092504859054983,-4.5,9.0,9.0,0.3092504859054983,-1.4441910089818,5.217086642687622,1.7702174453627073,-0.0038147571701273655,0.0007905388407334173,0.0038364817303834383,0.04914079923803698,-0.07257541938432012,-0.14209102544685326,0.36839991558864577,0.0,0.3529651393647361,0.10544254903519001,-0.003997130460130634,0.5798809036292861,-30.0,30.0,30.0,51.964759807608026,-3.0558089910182,3.7829133573123777,7.229782554637293,0.5798809036292861,-34.633580340117625,68.23171932717959,96.22695456090813,122.94313911499033,0.8200000000000005
0.05479842946278615,0.04205202793819016,-1.0458503572838962,0.002497600442602124,0.09064831629681923,-0.9245925027621715,-0.917980432510376,0.3410954475402832,0.2883164882659912,0.05479842946278615,0.04205202793819016,-1.0458503572838962,0,0.0,-1.5707963267948966,nan,0.20464624884076024,-0.2361751101644787,-0.10261038779998993,0.026500276620561092,-1.5708021922585982,0.21348641851144692,-0.24766145230535722,2.2822233141361385,-0.11007661337024316,0.9023728957647692,0.5734066587104819,-0.6714272473245603,-0.18619102638832985,0.016304268761577544,0.008840169670686682,-0.011486342140878514,-0.0074662255702532265,0.010040252512941925,0.006538959260458204,-0.007536733456999779,-0.001116392006351121,3.4614291536853523,2.999360967885454,-0.5092576159725545,-0.14048990186225274,-1.5708017799929617,2.284796862470101,-0.8161162138164332,0.7893194330945064,0.9668800690172542,0,sac,0,0.14048990186225296,0.1669901784828136,0.8593758085159845,1.3191946182539394,1.3754637038110045,-0.42042849051631664,0.25465237798607154,0.8568029279077921,1.3286481531323806,1.2924560360581847,-0.6609728142320855,0.5241431541224334,0.1255344940551033,-0.11561917519578346,0.0855243407165451,0.5092810230545547,0.2227622449085841,-0.5848928992447184,-4.942265538654599,1.0,-0.3977990448474884,5.453198065108467e-06,-4.122656367400168e-07,-0.458990216255188,0.1705477237701416,0.1441582441329956,1,0.2601578356378817,-4.147218569194634,9.0,9.0,0.2601578356378817,-2.2700537718888407,7.316454907767757,4.523760091212049,-0.004528470893327045,0.000790538840730918,0.0038364820980799985,0.017829108822967045,-0.023846438454121665,-0.06555598771085425,0.3496578819153897,0.0,0.3344302890366765,0.10120146775394198,0.013239300768903312,0.48782643097296396,-27.648123794630898,30.0,30.0,50.64243994901896,-1.8771647973057934,1.6835450922322428,4.476239908787951,0.48782643097296396,-27.982554083667573,50.147114240619025,82.86327719318493,100.81823784181329,0.8300000000000005
-0.004528259580775532,0.006532542574686662,-1.0016052191196794,-0.12318163766789887,-0.06450642815232031,-0.9131149427912455,-1.5878963470458984,-1.8727401494979858,-0.779350996017456,-0.004528259580775532,0.006532542574686662,-1.0016052191196794,0,0.0,-1.5707963267948966,nan,0.20090227539647407,-0.23424762943056537,-0.10325062578365138,0.02726089638463458,-1.5708021636209915,0.21229973183987083,-0.24892699752130415,2.276950304342765,-0.11036421362950086,0.4106030165382572,0.25572867727100823,-0.3193025949860262,0.03526377244037482,0.019899472178003707,0.011397456443396764,-0.014679368090738776,-0.007113587845849478,0.009374957983280509,0.006053450123347412,-0.00714053502599926,-0.0005082699429416263,-3.3059887425570507,-2.835424966624339,-0.509073289042754,-0.13405746229090942,-1.570801892796381,2.279718061964194,-0.8318068766748117,-0.4238506090714313,0.9668800690167978,0,sac,0,0.13405746229090942,0.161318358675544,0.8646488149469208,1.3204575255136273,1.374300547048292,-0.41956809504028497,0.21822963621228877,0.8618817896329926,1.319454147993016,1.3242338793686321,-0.631956512128566,0.5304391115476194,0.12704240238844114,-0.11700798166753171,0.08655165091554981,0.5090630758095444,-1.6274376663115078,5.563184608766403,8.291113461293715,1.0,-0.4460827708244324,5.566001484602623e-06,-2.7082461073746344e-07,-0.7939481735229492,-0.9363700747489929,-0.389675498008728,1,0.16175233600693267,-1.3511305526003954,2.1571905396755167,9.0,0.16175233600693267,-2.4734469444297624,5.975035393854774,6.258835048184658,-0.004615535344257261,-0.0004245054094573449,0.0038364820980781875,-0.03238639364128075,0.047934558597703986,0.05096298972490955,0.32964895372400044,0.0,0.3155538282904984,0.09234113196150474,0.023818679447165005,0.30330458654965814,-9.00753701733597,7.190635132251722,30.0,32.13927426679191,1.122316391829367,-3.817844854179257,2.7411649518153416,0.30330458654965814,-9.323090845626469,7.098294000290217,34.71118508921393,36.63692351440346,0.8400000000000005
-0.09565511634777249,-0.016350782416159313,-1.0143429758346167,-0.27790882988176635,-0.06211743239785125,-1.0398184892644917,-1.3820796012878418,-0.045068979263305664,-1.9440057277679443,-0.09565511634777249,-0.016350782416159313,-1.0143429758346167,0,0.0,-1.5707963267948966,nan,0.20197196623664967,-0.23795547985500384,-0.10563239658041015,0.028030515130626155,-1.570802134511875,0.21109122389917861,-0.25020150269179664,2.2716149100948604,-0.11065520085058564,0.3934810639707734,-0.2278198780867824,0.24333452539459788,0.20907835756739934,0.016073409668497116,0.00911925766252894,-0.012246022836792797,-0.005022804270175485,0.004151418725540878,0.0025123875960994194,-0.003132582210546332,0.0010531451447478102,-8.854387051655742,-7.51552159778827,-0.5188467829947754,-0.042513207942420195,-1.5708021888890484,2.274584797216437,-0.14792465374535238,-0.7891407163165571,-0.9695148413893074,0,sac,0,0.042513207942420195,0.07054372307304657,0.8699842058406789,1.3217353741150375,1.3731236290829774,-0.418697520303088,0.0759044637371812,0.8670147471520377,1.2972091999433009,1.4028822987240173,-0.4840087620002001,0.536619599277887,0.128522655243278,-0.11837131702364757,0.08756011994596734,0.5187986768500711,-2.4048354703809998,8.747454840162497,17.956546019779882,1.0,-0.2745506465435028,5.862094151876107e-06,5.437717343070858e-08,-0.6910398006439209,-0.022534489631652832,-0.9720028638839722,1,0.06606143892910067,1.4579110097205616,-9.0,-9.0,0.06606143892910067,-1.9217002843242643,0.42638340752772697,3.752476074213086,-0.0008208052695813519,-0.0007903598478561255,-0.0038469366077568522,-0.055372842024309706,0.08634132871718482,0.14184820785126698,0.346144069060889,0.0,0.32914192684716354,0.10602534656787468,0.0154898167364246,0.12387294005081695,9.71940673147041,-30.0,-30.0,43.52565004358958,3.379611294044826,-9.426383407527727,-12.752476074213085,0.12387294005081695,9.390264804623246,-43.66435147307432,-32.71897019976258,55.365142626957464,0.8500000000000005
-0.1871411493755229,0.02621759950149048,-1.035333201852139,-0.37011321543102377,0.11135436333679005,-1.0773136538871837,-1.096836805343628,1.478600025177002,-1.372837781906128,-0.1871411493755229,0.02621759950149048,-1.035333201852139,0,0.0,-1.5707963267948966,nan,0.2061017819096067,-0.24544328684061645,-0.10610684258213232,0.028808964381835445,-1.5708021049337881,0.20986091958076422,-0.2514844293258579,2.2662182994052222,-0.11094951031452085,0.8201455704398662,-0.5360119991371426,0.620488035155134,0.018013653778695127,0.00860685478697195,0.003759137671157514,-0.0060411424852414575,-0.004842667732388534,0.002906105167769439,-0.0018951340977983004,0.002044580093019865,0.0008207351830678035,-9.426019641859423,-7.915226011621917,-0.5379717838039803,0.083173792756837,-1.5708025861134682,2.26928916018179,0.5933728916604073,-0.7893194296558513,-0.9668752152582639,0,sac,0,-0.083173792756837,-0.05436482837500156,0.8753808131871663,1.3230278843148313,1.3719332075629234,-0.4178169568887148,0.1718000843335637,0.872309794037559,1.2760661219380296,1.4850071674756997,-0.2973399454611773,0.5426819655969514,0.12997461752238976,-0.1197085963299441,0.08854931512774597,0.5379101603676508,-1.782443494402725,7.334886450137855,17.861005489989676,1.0,-0.19291310012340546,6.2593185718995414e-06,4.811796801007517e-07,-0.548418402671814,0.739300012588501,-0.686418890953064,1,6.500393441246104e-05,2.3999747316541558,-9.0,-9.0,6.500393441246104e-05,-0.9670312621267327,-4.330446250611998,-0.32700572307444875,0.0032925113155243013,-0.0007905388372869505,-0.0038364628388563664,-0.04692477010725751,0.08067850870971006,0.15686973686208414,0.398251786101122,0.0,0.36908385664175863,0.1485810168343435,-0.017472073021027074,0.0001218899951480612,15.99983154436104,-30.0,-30.0,45.343076753378654,3.3670059937808885,-4.669553749388002,-8.672994276925552,0.0001218899951480612,15.630747687719282,-74.06128702830618,-87.0224937972472,115.33563602058594,0.8600000000000005
-0.20991644811953122,0.005382989785572254,-1.0730344226422996,-0.25546704560754785,-0.036286229646264184,-1.1484368642226208,0.9695334434509277,-1.6138339042663574,-1.9083921909332275,-0.20991644811953122,0.005382989785572254,-1.0730344226422996,0,0.0,-1.5707963267948966,nan,0.21001652036127408,-0.25291619548073585,-0.10463020792781266,0.02959607188370894,-1.5708020748895375,0.20860885612352995,-0.2527752325215152,2.260761666476449,-0.11124707584967974,0.824997309114543,-0.5166801908901647,0.6182105444462127,-0.17742001894785475,0.006766411918995887,-0.0014076642377441329,0.0001409629592206696,-0.006616867921867081,0.007243086702507488,-0.004699639525464719,0.005474767327095386,-0.0006345203108643512,-5.626995133726667,-4.67257987188799,-0.557359163773383,0.17991042111397015,-1.5708029044433673,2.2637897579533317,0.7913026882452191,-0.7893194330734028,-0.9668800690285431,0,sac,0,-0.17991042111396993,-0.15031434923026143,0.8808374427864997,1.3243347700971044,1.3707295459131206,-0.4169265996545376,0.3084236529144426,0.877808639346662,1.2654835994693534,1.53412682412607,-0.1620661570292554,0.5486236242630044,0.13139766980996548,-0.12101924909505388,0.08951881446429218,0.5573179888899563,-0.5388928084149307,3.037823428509079,9.81303447199275,1.0,-0.3011021614074707,6.5776484707846805e-06,8.295538300728822e-07,0.48476672172546387,-0.8069169521331787,-0.9541960954666138,1,-0.02418005858623609,1.8093300032736035,-9.0,-9.0,-0.02418005858623609,-0.10585106344738675,-6.905718224973839,-3.568562211368268,0.004390785443132884,-0.0007905388407097818,-0.0038364820981247913,-0.021981114125975684,0.044370905829806885,0.10221543619600164,0.42378192131964004,0.0,0.38927101160130706,0.1624087444426158,-0.04101945992859679,-0.04534044362691936,12.062200021824024,-30.0,-30.0,44.10780798364752,1.9151810667209903,-2.094281775026161,-5.431437788631732,-0.04534044362691936,11.672929010222717,-67.73862575214619,-93.73876478087533,116.23999642492736,0.8700000000000006
-0.24162471678326006,-0.06760006315767035,-1.124233064498796,-0.3050412541107177,-0.2135661690441555,-1.2266303482117884,-0.7858089208602905,-1.9328162670135498,-1.9849460124969482,-0.24162471678326006,-0.06760006315767035,-1.124233064498796,0,0.0,-1.5707963267948966,nan,0.2114610374531046,-0.25761388800830093,-0.10440705968944261,0.030391661698272232,-1.5708020443822004,0.20733508337699855,-0.25407336146570864,2.255246231046192,-0.11154782986845649,0.43841311314525816,-0.27182898383619203,0.3399563583371623,-0.05239022571467966,0.008974933090916643,-0.004125954076106053,0.0035405265425922927,-0.007140770179013878,0.007735756424150636,-0.004936549127926166,0.005905768088144061,-0.0007709172785834405,0.8019212112007789,0.6582751441587558,-0.5716263362219322,0.2047529565563726,-1.5708029048547612,2.258119485274859,0.8295205523168745,-0.7893194330907316,-0.9668800690168141,0,sac,0,-0.20475295655637282,-0.17436129485810037,0.8863528749037504,1.3256557393302018,1.3695129131912593,-0.4160266476244772,0.3276779836272274,0.8834787520126756,1.2682979376908976,1.5314990139934206,-0.13703706697740214,0.5544420545087133,0.1327912083716069,-0.12230271927042875,0.09046820664247031,0.571628749162021,0.8364160844018937,-2.569729346372852,-2.7708094139643915,1.0,-0.354460209608078,6.578059864814634e-06,8.604725607597175e-07,-0.39290446043014526,-0.9664081335067749,-0.9924730062484741,1,0.019459629993274868,0.5782891771309889,-9.0,-9.0,0.019459629993274868,0.33184584947893514,-8.069335960206145,-5.684182737509552,0.0046028489729631455,-0.0007905388407271373,-0.003836482098078252,0.016691956950169163,-0.01946083758405149,-0.006149086717954039,0.4380284159013259,0.0,0.4028108373204788,0.1632715608226195,-0.054357335298424785,0.03648908680531571,3.8552611808732595,-30.0,-30.0,42.60122498504244,0.2464433276520538,-0.9306640397938555,-3.315817262490448,0.03648908680531571,3.4524503435527807,-36.266680642793624,-58.687402020177,69.07535034693932,0.8800000000000006
-0.3082199701113718,-0.16488799467047643,-1.1619756564188304,-0.4414104767675953,-0.3594638576960886,-1.2374608402588994,-1.9563419818878174,-1.9802474975585938,-1.3577772378921509,-0.3082199701113718,-0.16488799467047643,-1.1619756564188304,0,0.0,-1.5707963267948966,nan,0.20924958246650951,-0.2579404078251472,-0.10651560561830017,0.031195554298569128,-1.5708020134151282,0.2060396640543546,-0.25537825994199265,2.2496732377324036,-0.11185170340402459,0.2247929844540231,0.09160356639511258,-0.09783786594377286,0.18046723932894637,0.006733655587172366,-0.0032099184121549273,0.002562147883154564,-0.005336097785724414,0.004287749471053994,-0.0026756067981972293,0.0032791226222576002,0.0006879524810355824,7.210609578876045,5.849555821220077,-0.5773028713866242,0.14279537907878437,-1.5708025173639213,2.2523500111986308,0.6856984321993411,0.789330539433785,-0.014723799757509981,0,sac,0,-0.14279537907878437,-0.11159982478021524,0.8919258649236884,1.3269904939235313,1.3682835839433016,-0.4151173038821687,0.20955933217833364,0.8892485763701491,1.284222996920821,1.4747750967324014,-0.23979347568690473,0.5601348010412228,0.13415464515432907,-0.12355846525034031,0.09139709103260307,0.5773450003838522,2.038310059023283,-7.420551983380424,-14.66718372176482,1.0,-0.14918942749500275,6.1905690245112055e-06,5.039487929181519e-07,-0.9781709909439087,-0.9901237487792969,-0.6788886189460754,0,0.1358730710038095,-1.344596154000407,2.674240748163716,0.9690541040431037,0.1358730710038095,0.23637646915710983,-4.704653310330791,-4.9988598595040905,0.0038048078683474615,0.0007905499642282118,-5.842254483828193e-05,0.0437981562597439,-0.06893315396803164,-0.10874842974993007,0.44250041921471445,0.0,0.40936340220775125,0.15891020512018691,-0.054550642954534025,0.25477793175287733,-8.963974360002714,8.914135827212387,3.2301803468103456,13.05042645817391,-1.5809726231575167,7.378894058494507,5.967913963547194,0.25477793175287733,-9.373337762210465,8.755225622092201,3.2847309897648795,13.242651017369992,0.8900000000000006
-0.28840870046246464,-0.24630150555880564,-1.1802309169608272,-0.24878616116465038,-0.409128527335464,-1.2167414380448207,1.502260684967041,-0.8606040477752686,-1.0283921957015991,-0.28840870046246464,-0.24630150555880564,-1.1802309169608272,0,0.0,-1.5707963267948966,nan,0.20341732955014724,-0.2537299482946889,-0.10794795253412104,0.032007566663099896,-1.5708019819919479,0.2047226739746366,-0.25668936684562593,2.2440439553785962,-0.1121586261471858,0.7220933037944216,0.4515262836644274,-0.5521566434091574,0.11254241726596503,0.005309600220537833,0.0013053444244893464,-0.0029594185509370097,-0.004210673613064764,0.0022764410416112866,0.0012242705432820439,-0.0014923213070368005,0.0012067819062896758,10.049835617421873,8.057131945913522,-0.5745680069691768,0.023259708310474858,-1.5708020081291305,2.246580224272412,-0.1086684634229586,0.7893193786361797,0.9669848971628874,0,sac,0,-0.023259708310474636,0.008747858352625038,0.8975551440055278,1.3283387299843779,1.3670418380590519,-0.4141987754641264,0.030530842377690645,0.8950189301345229,1.308367241285327,1.3889658684297634,-0.42099410378141316,0.5656994740421524,0.1354874077865595,-0.1247859598718792,0.09230507768847092,0.5746214866388623,2.5302331110810066,-8.762226259830856,-19.112851159867876,1.0,-0.09763108193874359,5.681334234175495e-06,2.613718264043996e-08,0.7511303424835205,-0.4303020238876343,-0.5141960978507996,1,0.27138304237284705,-3.772864500757001,9.0,9.0,0.27138304237284705,-0.43693429959985874,1.0153500468154186,-1.5651221637213344,-0.000602980268376496,0.0007905387861884594,0.0038368980455351005,0.05824355888814978,-0.08953593723351828,-0.1600331243569474,0.4103513319919473,0.0,0.3888738597893564,0.12786853318962507,-0.02854776803932487,0.5088750091371593,-25.152430005046675,30.0,30.0,49.324473529209584,-3.3359302011571423,7.984649953184581,10.565122163721334,0.5088750091371593,-25.54130386483603,50.96039865049935,66.77031317911403,87.79438541014794,0.9000000000000006
-0.2517954158688267,-0.2750428446031867,-1.1354395944727709,-0.17856884668155082,-0.33252552269194874,-1.0458569494966583,0.8454074859619141,0.7845730781555176,1.4461448192596436,-0.2517954158688267,-0.2750428446031867,-1.1354395944727709,0,0.0,-1.5707963267948966,nan,0.19608551354504497,-0.2474667397823325,-0.10684975383395773,0.03282751237025283,-1.570801950116567,0.20338420229333137,-0.25800611670562074,2.2383596763990843,-0.11246852648330699,0.9765177315653477,0.5993344323797056,-0.7579958372351231,-0.14080990362844992,0.013997140045758583,0.007298688748286403,-0.01053937692328824,-0.005618772649349263,0.0077162490354714675,0.004803242068000226,-0.006037500782628366,-0.0001339743011518615,8.136484464098283,6.447191145566168,-0.5684530490649501,-0.09484338128191183,-1.5708016628571189,2.2408715735010856,-0.6734143786146168,0.7893194330939117,0.9668800624259237,0,sac,0,0.09484338128191183,0.12767089365216489,0.9032394197376715,1.3297001379747178,1.3657879606277303,-0.41327127325290974,0.18400357822112698,0.9007280482759049,1.330745019745687,1.3154505364274012,-0.5902347207739168,0.5711337491675982,0.13678893957813898,-0.1259846904149557,0.09319178734731255,0.5684940928688232,1.8848591186083141,-5.922043430619262,-14.418349913642027,1.0,-0.2903450131416321,5.3360622223053156e-06,-2.87259448228383e-07,0.42270374298095703,0.3922865390777588,0.7230724096298218,1,0.32074181588782336,-4.5,9.0,9.0,0.32074181588782336,-1.3958433873987357,5.161064145946389,2.0815181478289504,-0.0037366460328530303,0.0007905388407303224,0.0038364820719262675,0.04957080644364535,-0.07001448830203172,-0.13520307616631466,0.3631851662491229,0.0,0.35052252278463725,0.09490617653097837,0.00549942363954974,0.6014284940705482,-30.0,30.0,30.0,51.965004726579984,-3.1041566126012645,3.838935854053611,6.91848185217105,0.6014284940705482,-34.438036994447,66.37079906022448,96.07360774143697,121.74383426117552,0.9100000000000006
-0.25741361578179905,-0.31673008769968863,-1.0504843948536635,-0.2686500156077438,-0.40010457389269255,-0.8805739956154491,-1.284226655960083,-1.1619919538497925,0.9828288555145264,-0.25741361578179905,-0.31673008769968863,-1.0504843948536635,0,0.0,-1.5707963267948966,nan,0.18989858591245826,-0.242458057262645,-0.10555424884172973,0.03365520169274516,-1.5708019177931722,0.20202435172064356,-0.2593279402132919,2.2326217161242465,-0.1127813315293445,0.8121738772197273,0.48270770598989043,-0.6330506027358684,-0.16083100382655036,0.021996769566850146,0.012125765808185307,-0.016869882950646925,-0.0072270826876147665,0.010495883265156634,0.006408869801903413,-0.008230770372357695,-0.0011594707652909401,2.863378685033998,2.24268084341652,-0.5632433422173598,-0.1607180915204105,-1.570801562502341,2.2352268647240887,-0.8120523159992525,0.7893194330944283,0.9668800690167696,0,sac,0,0.1607180915204105,0.19437329321315566,0.9089773767924552,1.3310744028680335,1.3645222417935434,-0.4123350118702883,0.27205674417241865,0.9063730281880713,1.3402949066314949,1.2886019186596323,-0.6734081362313267,0.5764353675481332,0.13805869952032115,-0.12715415860229956,0.09405685142982476,0.5632620180503748,0.2320343912109692,-0.2657696881798923,-3.6708407806536245,1.0,-0.5540522933006287,5.2357074444842056e-06,-3.552908314219394e-07,-0.6421133279800415,-0.5809959769248962,0.4914144277572632,1,0.260616751154742,-4.091069722901949,9.0,9.0,0.260616751154742,-2.223567422522625,7.2877968835233276,4.725193264989823,-0.004505921110995802,0.0007905388407308398,0.0038364820980780756,0.018034260136582554,-0.02087472265742843,-0.055630882787400124,0.3111584321712331,0.0,0.3027856768815494,0.06326982867776161,0.033724361605945316,0.4886869513496006,-27.27379815267966,30.0,30.0,50.43906105995166,-1.867502300379324,1.7122031164766724,4.274806735010177,0.4886869513496006,-27.57658382956121,47.63014390483264,79.45564224454422,96.65679739952748,0.9200000000000006
-0.29473377310207977,-0.37615652830401036,-0.9457184477036054,-0.36937408774264124,-0.4950094095126537,-0.736186553403489,-1.810119867324829,-1.8525174856185913,1.3291151523590088,-0.29473377310207977,-0.37615652830401036,-0.9457184477036054,0,0.0,-1.5707963267948966,nan,0.18688956764333642,-0.24139622103473152,-0.10684077637081402,0.03449044169205928,-1.5708018850262335,0.20064323872672984,-0.2606542647568162,2.2268314121457706,-0.11309696717095555,0.3048937275912035,0.1627905275208119,-0.23881607714377473,0.09708918874732353,0.024478064457788995,0.013753671083393426,-0.019258043722084672,-0.006256190800141531,0.008863427197503286,0.0053483840371576895,-0.007066780054962588,-0.00012549713662358963,-4.272661350356708,-3.3079556966311965,-0.5626850124797548,-0.14406626274420353,-1.5708016831671887,2.229611685794969,-0.8290497403830503,-0.5681382184217469,0.9668800690167922,0,sac,0,0.14406626274420375,0.1785567044362626,0.9147676775808931,1.3324612043061261,1.3632449766112564,-0.41139020957040756,0.2233921905555634,0.9119882285115825,1.3313826564554248,1.323138077005231,-0.6311323739417685,0.5816021357888055,0.13929616228577257,-0.12829388059945981,0.09489991204016224,0.5626708308171781,-1.5750939644499622,5.780276362614352,9.608721354384013,1.0,-0.525374710559845,5.356372292375511e-06,-2.0185904503478014e-07,-0.9050599336624146,-0.9262587428092957,0.6645575761795044,0,0.14558734622496425,-1.324426728724637,1.2479071161305333,8.776065463388303,0.14558734622496425,-2.430322689023781,5.661472086434427,6.334171022466452,-0.0046002365286783005,-0.0005690159265498297,0.0038364820980781654,-0.03161212349967742,0.050335951878334916,0.0617905140357235,0.2609494106939151,0.0,0.2540088267367357,0.0362356438105846,0.04755090954925033,0.2729933362553239,-8.829511524830913,4.159690387101778,29.253551544627676,30.840040551521604,1.105895960299144,-4.413564970303893,2.4418944409218506,0.2729933362553239,-9.083520351567648,4.123454743291193,29.206000635078425,30.86386591882416,0.9300000000000006
-0.3615634090617149,-0.3679248613362679,-0.8957522681956206,-0.49522268098098515,-0.3514615274007829,-0.795819909179651,-1.7947487831115723,1.1308293342590332,-1.4116003513336182,-0.3615634090617149,-0.3679248613362679,-0.8957522681956206,0,0.0,-1.5707963267948966,nan,0.18855704125229594,-0.24642032795902605,-0.10975502647136015,0.0353330363128761,-1.5708018518205065,0.19924099373321988,-0.2619845149612853,2.220990123661908,-0.11341535809969788,0.5459508641332546,-0.306971860246949,0.36938567198254446,0.25958591718037993,0.01922989301284189,0.010683952480923936,-0.015564187002259228,-0.003660331628337732,0.0031687064943814983,0.0015164263924242489,-0.0022446428015113432,0.0016439983386603435,-10.019641458701443,-7.6669659523928955,-0.5715257315459157,-0.04224046918264279,-1.5708019842365053,2.223947729920139,-0.17393300456526084,-0.7893889339329042,-0.9658883338470715,0,sac,0,0.04224046918264257,0.07757350549551889,0.920608962907422,1.333860216755931,1.361956464901765,-0.410437088132954,0.07674170065862046,0.9176518438133587,1.3101938303058378,1.4026848295145609,-0.4709486286438585,0.5866319259691399,0.14050081822857272,-0.12940338701480505,0.09572062196593792,0.5714742487857584,-2.265090305113623,8.757192614565081,19.108585426720865,1.0,-0.3462337851524353,5.657441608519775e-06,1.3241599905455814e-07,-0.8973743915557861,0.5654146671295166,-0.7058001756668091,1,0.03605731354687626,1.336266333743304,-9.0,-9.0,0.03605731354687626,-1.9046526087888844,0.12169005213960798,3.761167058261438,-0.0009651205737959616,-0.0007906084489401083,-0.0038325469934601367,-0.05275028307772557,0.08678095690683496,0.1514927065759425,0.25750323062538366,0.0,0.2507148819619953,0.046773736618614836,0.03552716296053922,0.06761168863093242,8.90844222495536,-30.0,-30.0,43.351642578059334,3.2409189425321885,-9.121690052139607,-12.761167058261439,0.06761168863093242,8.657727342993365,-46.12006950879201,-38.991713277545074,61.011272154415416,0.9400000000000006
-0.3881991387776831,-0.3025194757798365,-0.8855346177225749,-0.4414705982096194,-0.1717087046669738,-0.8650993167764836,-0.05300581455230713,1.1273598670959473,-1.3657796382904053,-0.3881991387776831,-0.3025194757798365,-0.8855346177225749,0,0.0,-1.5707963267948966,nan,0.193139988964745,-0.255472183761641,-0.11035296634710398,0.03618278647751305,-1.570801818181032,0.19781776129036832,-0.2633181132337059,2.215099230822723,-0.11373642785031088,0.9783780272804473,-0.6006180155300606,0.7718257530194311,0.027687012513083475,0.009741045886077503,0.0046777723256233306,-0.007845929472064916,-0.003383461503206897,0.004881626283936454,-0.0029878809753584607,0.0036426294576556474,0.0012783165051463308,-10.544087932962197,-7.971533324064096,-0.588786949884087,0.09292207820469023,-1.5708023908061703,2.2181354152555577,0.5562308543398202,-0.7893194324058669,-0.9668820958323042,0,sac,0,-0.09292207820469045,-0.056739291727176955,0.9264998526246464,1.3352711096663314,1.3606570111076672,-0.4094758727563208,0.18869645476738933,0.9234635331748776,1.2907837415181724,1.4840357899801249,-0.2738451837321485,0.5915226756431372,0.14167217338421406,-0.13048222289952316,0.0965186446782227,0.5887219405776394,-1.5947688101062274,7.211466860062187,18.834988515329318,1.0,-0.22068792581558228,6.064011273565484e-06,5.72625138417493e-07,-0.026502907276153564,0.5636799335479736,-0.6828898191452026,1,-0.030701778689862413,2.092704309369248,-9.0,-9.0,-0.030701778689862413,-1.0116061499203814,-4.500552708680851,-0.33629819361062896,0.003086417340085924,-0.0007905388400412146,-0.003836490140276652,-0.043045216962437724,0.07971581160420724,0.1650411558923632,0.2838737895720881,0.0,0.27333097097212794,0.07627787341456982,0.007496315148309978,-0.05756943313306284,13.951362062461653,-30.0,-30.0,44.66143546324419,3.1043104592896293,-4.499447291319149,-8.663701806389371,-0.05756943313306284,13.678031091489526,-75.00365661429305,-92.93008623475143,120.2025011465756,0.9500000000000006
-0.35644404460492995,-0.29553226879311567,-0.9042614935774309,-0.2929338562594237,-0.28155785481967405,-0.941715245287143,1.5618374347686768,-1.6532390117645264,-1.8984147310256958,-0.35644404460492995,-0.29553226879311567,-0.9042614935774309,0,0.0,-1.5707963267948966,nan,0.1974668754388561,-0.2644764373327637,-0.10870814113927946,0.0370394901803639,-1.5708017841131352,0.19637370023921422,-0.26465448031237854,2.2091601340753506,-0.11406009883808133,0.9796698212792677,-0.5770947525265219,0.7667886492450093,-0.1968496195594971,0.005465362067554792,-0.0010931751996418881,-0.00017804297961482307,-0.005351957698801868,0.00953116613571949,-0.005828902524639784,0.007527022018053607,-0.00045930687418125823,-6.525085442718444,-4.871880630175928,-0.6059717948030642,0.19825063042963276,-1.570802722603848,2.212139707195831,0.7682069810648793,-0.7893194330886428,-0.9668800690117643,0,sac,0,-0.19825063042963276,-0.16121114024926886,0.9324389462880835,1.3366935476249722,1.3593469241488347,-0.4085067919507731,0.33222521427462987,0.9294586412446361,1.2820353454214166,1.5315703827314622,-0.1297304083968842,0.5962723878392748,0.14280974946960198,-0.13152994774762164,0.0972936543315456,0.605926648927388,-0.3665718245641185,2.8658637571143712,10.642510232668425,1.0,-0.31636688113212585,6.39580895134273e-06,9.384907126985809e-07,0.7809187173843384,-0.8266195058822632,-0.9492073655128479,1,-0.04191765316702131,1.433807349351282,-9.0,-9.0,-0.04191765316702131,-0.23057541896197414,-6.985502627757833,-3.5804489833388224,0.004262631834668369,-0.0007905388407250454,-0.0038364820980582148,-0.018161841961898614,0.0427910842411869,0.1091512629588916,0.2944746062461184,0.0,0.2827329369987138,0.0815324614850975,-0.011394638391316544,-0.07860051222017872,9.55871566234188,-30.0,-30.0,43.48994393137362,1.6643827683132562,-2.0144973722421673,-5.419551016661178,-0.07860051222017872,9.275982725343166,-67.49537167554962,-99.15430847999366,120.30482999999506,0.9600000000000006
-0.30157609694841975,-0.33939948499253525,-0.9476359949311512,-0.19184020163539936,-0.4271339173913744,-1.034384997638592,0.757904052734375,-1.7947769165039062,-1.904989242553711,-0.30157609694841975,-0.33939948499253525,-0.9476359949311512,0,0.0,-1.5707963267948966,nan,0.19943735242237645,-0.270568171886226,-0.10836008448180803,0.037902942582328514,-1.570801749622434,0.1949089838581499,-0.26599303582005035,2.20317425350924,-0.11438629239629194,0.5903209114267893,-0.3435193364584671,0.4753179045790479,-0.06742502156820429,0.008817776006799283,-0.004528368564226559,0.004575136066175656,-0.006026207914483911,0.010264758285817958,-0.006165152327547045,0.008172336629154005,-0.0007543695806416393,0.21388722003954042,0.15767806662924577,-0.6182039310056099,0.23103677531304156,-1.570802730263436,2.2059942254242206,0.8118762287226646,-0.7893194330933361,-0.9668800690167835,0,sac,0,-0.2310367753130418,-0.19313383273071327,0.9384248238109073,1.3381271905150747,1.3580265172779855,-0.4075300774316135,0.3573858943422735,0.9356039160664799,1.286203742799391,1.527265541642842,-0.09708068032530197,0.6008791310605057,0.14391308388305482,-0.13254613549592725,0.09804533576389367,0.6182013555152764,0.9409247229267668,-2.7278807311811324,-2.0526789527106706,1.0,-0.39198851585388184,6.403468539417645e-06,9.806410021795386e-07,0.3789520263671875,-0.8973884582519531,-0.9524946212768555,1,0.020644566427431482,0.2426765531859775,-9.0,-9.0,0.020644566427431482,0.1391942871483516,-8.103466778887702,-5.706280290516778,0.004504944036783559,-0.0007905388407297458,-0.0038364820980781307,0.019267690531011718,-0.02100535794165562,0.0115476836601291,0.29121904877052596,0.0,0.28268747572985425,0.06776049893665861,-0.017459673998907813,0.03871098148777702,1.6178436879065168,-30.0,-30.0,42.45725988259942,0.10348226603762589,-0.896533221112298,-3.293719709483222,0.03871098148777702,1.3351562121766625,-35.4714766477968,-63.738323722670195,72.9560395526107,0.9700000000000006
-0.3122858322177094,-0.4145762749281174,-0.986477452831663,-0.33370530275628874,-0.5649298547992816,-1.0641603686326864,-1.8070787191390991,-1.996042013168335,-1.3733994960784912,-0.3122858322177094,-0.4145762749281174,-0.986477452831663,0,0.0,-1.5707963267948966,nan,0.19791070410513298,-0.27202775398721535,-0.1107117360683734,0.038772936105254896,-1.570801714714829,0.19342379999333717,-0.26733319882022627,2.197143028201413,-0.11471492881374457,0.20269609263413835,0.004146445243075059,0.011941910081342266,0.20230151691127407,0.00762867674508144,-0.004486904111795809,0.004694555166989078,-0.00400319274537117,0.006911550142663713,-0.004075245874814167,0.005518070813312766,0.000844269467427724,7.107434115177123,5.171006239124512,-0.6223550276980869,0.17554467942819318,-1.5708023270058395,2.199767484457247,0.6402536777862303,0.7893065944285075,-0.3187541825949858,0,sac,0,-0.17554467942819318,-0.1367717433229383,0.9444560461186939,1.3395716936722502,1.3566961079362547,-0.4065459640123474,0.2429790247802223,0.9418309704485288,1.30256997362792,1.4691160010419781,-0.19435605895385383,0.6053410392842593,0.14498172970430384,-0.13353037452408628,0.09877338449671204,0.6223922893771482,2.0389608416926506,-7.559738927941099,-14.310253493600102,1.0,-0.18930411338806152,6.000210943213347e-06,6.122910107819735e-07,-0.9035393595695496,-0.9980210065841675,-0.6866997480392456,0,0.15580437858812035,-1.5665586386373807,2.881770790438988,-0.4585046263146306,0.15580437858812035,0.01164312559814585,-4.649802604096747,-5.286671116638071,0.0035526437229351305,0.0007905259822306584,-0.0012647842833876464,0.044285512947930115,-0.07023097993637469,-0.10486786123365842,0.28860905196146397,0.0,0.28284300007834307,0.055495472063429974,-0.014672244587468762,0.29215146931955815,-10.443724257582538,9.605902634796626,-1.5283487543821022,14.274660913438804,-1.5782017642355266,7.5315733945357355,4.82816649032344,0.29215146931955815,-10.72656725766088,9.550407162733196,-1.5136765097946334,14.444586915673208,0.9800000000000006
-0.2571914180199498,-0.47687116030787635,-1.0329402814505642,-0.1470025896244307,-0.6014609310673942,-1.1258659386883667,1.7173805236816406,-0.9662543535232544,-1.7420477867126465,-0.2571914180199498,-0.47687116030787635,-1.0329402814505642,0,0.0,-1.5707963267948966,nan,0.1925817128365829,-0.26819203781929185,-0.11268804119117737,0.03964926052637274,-1.5708016793965114,0.19191835117243797,-0.26867438837598473,2.1910679155617117,-0.11504592737236571,0.6642805387110339,0.3823542447650874,-0.5176905723681957,0.16453065641828246,0.0024964651009853965,-0.0006633616641449347,-0.00048235055669287874,-0.0023578861811883456,0.001680637596838229,-0.00016750581906565891,0.00022704155608554,0.0016567850386503304,10.547521438691128,7.573996483620696,-0.6189026971403815,0.05739106390114257,-1.5708017753749977,2.1935518276693315,-0.12906653855389036,0.7893194983561019,0.9673605850780671,0,sac,0,-0.05739106390114257,-0.017741803374769827,0.9505311558041656,1.3410267080413147,1.3553560176087673,-0.40555468949784845,0.04216119387196025,0.9480471792562968,1.3261440019825597,1.3817276792845343,-0.37632394113168044,0.6096563119624409,0.14601525569449314,-0.13448226765456436,0.09947750673490384,0.6189532739076956,2.4405406178972306,-8.935945473968793,-19.480610374275688,1.0,-0.07346532493829727,5.448580100875233e-06,9.597848649178786e-08,0.8586902618408203,-0.4831271767616272,-0.8710238933563232,1,0.3020293727350084,-3.8359865691021815,9.0,9.0,0.3020293727350084,-0.648158061713073,1.0792176629989165,-1.9408280238828077,-0.0007161652387845213,0.0007905389060933352,0.0038383887370978267,0.056642996363399305,-0.09108996023837794,-0.1618711635672187,0.2714550576997942,0.0,0.26999435325483173,0.026631877612778854,0.00903552190643779,0.5663404701575256,-25.573243794014545,30.0,30.0,49.54100866631847,-3.1878285073891086,7.920782337001084,10.940828023882808,0.5663404701575256,-25.843238147269375,51.71608115626622,63.58046831409753,85.93731844004728,0.9900000000000007
-0.20548534542678001,-0.47836937315792444,-1.0127528957082164,-0.10207320024044042,-0.48136579885802055,-0.9723781242235211,0.4716634750366211,1.052217960357666,0.987621545791626,-0.20548534542678001,-0.47836937315792444,-1.0127528957082164,0,0.0,-1.5707963267948966,nan,0.18533193028740522,-0.2614749356551638,-0.11180027688923203,0.04053170307273324,-1.5708016436739611,0.19039285470116538,-0.27001602411063114,2.184950390678054,-0.11537920638488056,0.9960002730854554,0.5724286077905094,-0.8058737898774482,-0.12210433144601851,0.010553287841271766,0.0050609244137601594,-0.00854108845546736,-0.0035789294956485307,0.006397114838847315,0.0036979751889549325,-0.005211906430279024,0.0002899812498945464,8.947757838081479,6.342195921891018,-0.6123781509824111,-0.06481227907366494,-1.5708013833449275,2.18740322671703,-0.6657261996888073,0.7893194330952907,0.9668799871919329,0,sac,0,0.06481227907366494,0.1053439821463984,0.956648677781937,1.3424918803331027,1.3540065716802094,-0.40455649457752396,0.15580679883170573,0.954196242987941,1.3473338905164463,1.3062882441090933,-0.5527768045116381,0.6138232140214327,0.14701324629618004,-0.13540143215264672,0.10015741936683044,0.6124184381006339,1.7518649510687903,-6.121853642825418,-15.33747529400479,1.0,-0.21108156442642212,5.056550031135032e-06,-2.603290338853981e-07,0.23583173751831055,0.526108980178833,0.493810772895813,1,0.3457291002265967,-4.5,9.0,9.0,0.3457291002265967,-1.5645675620963007,5.199132376329338,1.7951139431771466,-0.0036939858162088725,0.0007905388407317035,0.0038364817734054184,0.04687617739985245,-0.07187594815827082,-0.1419503099083975,0.2479170053383361,0.0,0.24498340357525286,0.004017249164765771,0.03781316196460622,0.6482825805861554,-30.0,30.0,30.0,51.96556812259721,-2.9354324379036996,3.800867623670662,7.204886056822853,0.6482825805861554,-34.10683529821384,67.47001101552404,96.53978763392874,122.62067308248953,1.0000000000000007
-0.19428987000388884,-0.48907701840959394,-0.9375820291835252,-0.17189891915810646,-0.510492308912933,-0.7872402961341428,-0.7166187763214111,-0.7377121448516846,0.6570448875427246,-0.19428987000388884,-0.48907701840959394,-0.9375820291835252,0,0.0,-1.5707963267948966,nan,0.17881459423380286,-0.25555926273734114,-0.1099992060461491,0.041420048515640406,-1.5708016075539413,0.18884754274218699,-0.27135752676949454,2.1787919456616813,-0.11571468323256079,0.9052759633574448,0.4972024094623967,-0.7257175576686037,-0.21365476907631575,0.01956813434310771,0.010032948508384126,-0.015798264032153397,-0.005715477186411688,0.010181254881761172,0.005769787672983855,-0.00829803478686263,-0.001228869338899343,3.692634494003128,2.5837569948181165,-0.6065574431884968,-0.1383926365200121,-1.5708012497915196,2.1813240144338506,-0.8038266206176969,0.7893194330944621,0.9668800690172094,0,sac,0,0.13839263652001232,0.1798126850356523,0.9628071199432583,1.343966853181281,1.3526480992904002,-0.40355162271848033,0.25509140414772646,0.9602757342572141,1.3554196842458408,1.277514618459324,-0.6470449681622115,0.6178400758620919,0.14797530163333436,-0.13628749972643772,0.10081284996431102,0.6065780925235447,0.07759000343963002,-0.44802555263795796,-4.877244474320714,1.0,-0.47305312752723694,4.9229966228026e-06,-3.577624214656794e-07,-0.35830938816070557,-0.3688560724258423,0.3285224437713623,1,0.2682915133664574,-4.004542777413392,9.0,9.0,0.2682915133664574,-2.333637767688612,7.307030504213139,4.540211827076977,-0.004460278319586774,0.0007905388407308735,0.0038364820980798203,0.01484730846994095,-0.022648850316867055,-0.06508390691017851,0.21553055868106527,0.0,0.20537337142203405,-0.01951886200884065,0.062403638211239065,0.5030780299389788,-26.696951849422618,30.0,30.0,50.12963520268821,-1.67090500972478,1.692969495786861,4.459788172923023,0.5030780299389788,-26.902325220844652,48.9432025990532,82.94815073426355,99.99910489938586,1.0100000000000007
-0.2201750270798183,-0.5269052886008765,-0.838576040980829,-0.2719453412316772,-0.6025618289834415,-0.6405640645754367,-1.6715586185455322,-1.8905811309814453,1.4113833904266357,-0.2201750270798183,-0.5269052886008765,-0.838576040980829,0,0.0,-1.5707963267948966,nan,0.17510978751171064,-0.2535108840863507,-0.11025721334680985,0.04231407926509312,-1.5708015710435053,0.18728266237596786,-0.2726983187821598,2.172594088992413,-0.11605227440304056,0.40090018942724354,0.21399263558730952,-0.3389170663655683,-0.007958386981901655,0.023450357466619675,0.012172874864257222,-0.01918743469580908,-0.005795061056230705,0.009431796345610283,0.005263826328909175,-0.007777704672680741,-0.00087076099402202,-3.6474873038473317,-2.5195030501500666,-0.6048626930330743,-0.13119888334508634,-1.5708013546657529,2.175283192022187,-0.8041256631452726,-0.5153151819378721,0.9668800690167975,0,sac,0,0.13119888334508634,0.17351296261017968,0.9690049738107607,1.345451265299163,1.3512809331898634,-0.40254032005868867,0.21865440007426387,0.9663166141340144,1.3447961449373333,1.310625347239982,-0.6173640001837345,0.6217052933597527,0.14890103751133926,-0.13714011652686142,0.10144353678262301,0.6048540344356612,-1.760368137902709,5.674706485012596,8.34740519080367,1.0,-0.541030764579773,5.027870856544325e-06,-2.1637775216021282e-07,-0.8357793092727661,-0.9452905654907227,0.7056916952133179,1,0.13347956478745476,-1.1446464386422912,1.6110369223282712,9.0,0.13347956478745476,-2.470183254515147,5.790126359557232,6.26884575780027,-0.004461937648686071,-0.0005161112845569984,0.003836482098078186,-0.03536444267402469,0.04914178742229886,0.05148809424743357,0.18255396588173656,0.0,0.160741317268828,-0.042690406509928724,0.07527090124244061,0.2502898270906708,-7.630976257615275,5.370123074427571,30.0,31.41866746818414,1.325536815872856,-4.179089437228961,2.7311542421997297,0.2502898270906708,-7.791717574884103,5.4128134809375,34.58013039271378,35.858854910897655,1.0200000000000007
-0.27667382901037624,-0.5058537373459614,-0.7449395001503408,-0.38967143287149214,-0.4637506348361313,-0.5576664184893645,-1.882637619972229,1.2966103553771973,0.49361610412597656,-0.27667382901037624,-0.5058537373459614,-0.7449395001503408,0,0.0,-1.5707963267948966,nan,0.17570024267131354,-0.25769908466196756,-0.11214640000170392,0.04321357546422111,-1.570801534149989,0.18569847564315276,-0.27403782482439876,2.1663583448638994,-0.11639189552819498,0.39045206153526324,-0.21746418924180055,0.28486945333778824,0.15495655297396438,0.019619972602429158,0.009998232971839216,-0.016338740162431198,-0.004245495526491061,0.0038974571905182015,0.0020558177340336253,-0.003280201187055064,0.00045173683577657154,-9.664331084092638,-6.589261382151076,-0.6119619719490352,-0.03884826684116138,-1.5708016463322112,2.1692082690857655,-0.0591467407881246,-0.7893265778973589,-0.9692689873670155,0,sac,0,0.03884826684116138,0.08206184230538227,0.9752407151932012,1.346944751636524,1.3499054095953997,-0.4015228353001497,0.0825687970154088,0.9723912673196862,1.3215345871078503,1.3897005969224885,-0.4691996665765588,0.6254173278642262,0.14979008541699085,-0.13795894314766138,0.10204922876050203,0.6119189790632462,-2.4838689843512536,8.741259745153354,17.954301468505445,1.0,-0.35695961117744446,5.319537314640854e-06,1.121822221783475e-07,-0.9413188099861145,0.6483051776885986,0.24680805206298828,1,0.008557530333985526,1.6642714762747517,-9.0,-9.0,0.008557530333985526,-1.858854051376471,0.24480694970735278,3.758673865989887,-0.000328193815488179,-0.0007905459965716682,-0.0038459610839194206,-0.05729139467389158,0.08651247387395868,0.14192423660171052,0.16160780973402944,0.0,0.1439928497663853,-0.036332236169146756,0.0637425446474707,0.016046372274490017,11.095143175165012,-30.0,-30.0,43.85319212512898,3.5231255276512226,-9.244806949707353,-12.758673865989888,0.016046372274490017,10.951150325398626,-45.20837898435906,-32.83132428729301,56.93523808491868,1.0300000000000007
-0.2531350289200332,-0.46553444130473837,-0.6852602417473034,-0.2060574287393471,-0.38489584922229225,-0.5659017249412284,1.3076086044311523,0.26516246795654297,-0.633791446685791,-0.2531350289200332,-0.46553444130473837,-0.6852602417473034,0,0.0,-1.5707963267948966,nan,0.179024409253249,-0.2661064971178251,-0.11214778864467029,0.04411831508371589,-1.570801496881013,0.18409525956814907,-0.27537547237905746,2.1600862525288687,-0.11673346142208077,0.8624175100736912,-0.492738265693915,0.7069764901198816,-0.03401772509194212,0.011517630838455604,0.005070850314900066,-0.009268975261232382,-0.004585672777410482,0.0031650360324550265,-0.001910994378711629,0.002521912319562253,7.424165752021629e-05,-10.291283552374681,-6.9235823705273285,-0.6271856760285554,0.08773150742124458,-1.5708020308810973,2.163003591415113,0.6369745769590892,-0.7893194330953058,-0.9668756039595585,0,sac,0,-0.08773150742124436,-0.043613192337528695,0.9815128048402073,1.3484469435364135,1.3485218680456585,-0.4004994196020598,0.17671246993908363,0.9785954098314344,1.2999355514923365,1.4710822440344988,-0.28283725525959036,0.6289747061997979,0.15064209251849783,-0.1387436546254003,0.10262968552014146,0.627129599855019,-1.806556233200953,7.2185464817669445,17.815480635988575,1.0,-0.23869118094444275,5.7040862007085025e-06,5.34000084151387e-07,0.6538043022155762,0.13258123397827148,-0.3168957233428955,1,-0.06277255147852458,2.537844791618514,-9.0,-9.0,-0.06277255147852458,-0.867259346598387,-4.431751383634849,-0.32304539892456474,0.0035344486271869984,-0.0007905388407317186,-0.0038364643811836996,-0.04765715006749351,0.07977859828574511,0.15654944314431404,0.14563706020617087,0.0,0.13333420259500445,-0.03313687367220029,0.048312434497578244,-0.1177058906403986,16.91896527745676,-30.0,-30.0,45.67565260329051,3.405104138216901,-4.568248616365151,-8.676954601075435,-0.1177058906403986,16.785631074861755,-74.69602013631112,-86.83651836081616,115.76634921466001,1.0400000000000007
-0.18899842463703775,-0.4704575070437003,-0.6784317893666242,-0.06072521607104692,-0.4803036385216243,-0.6647748846052658,1.703841209411621,-1.6387073993682861,-1.8652538061141968,-0.18899842463703775,-0.4704575070437003,-0.6784317893666242,0,0.0,-1.5707963267948966,nan,0.1821962321277097,-0.2745805718893163,-0.11034727279288536,0.045028074016279174,-1.570801459244477,0.1824733061635999,-0.27671069229513434,2.153779365644385,-0.11707688611893258,0.8862280786341565,-0.47937762790098426,0.7138854855414323,-0.21439405486367302,0.007064126165546536,0.0002770740358902235,-0.002130120405818059,-0.006729613326047212,0.00794605995000915,-0.004461949975517914,0.006429132637106481,-0.0013773614919865345,-6.193518401823384,-4.1097024134609095,-0.6424862355405607,0.18555195799027602,-1.5708023275532845,2.1566346313036897,0.804931456364884,-0.7893194330944473,-0.9668800690275973,0,sac,0,-0.1855519579902758,-0.14052388397399707,0.9878196890970217,1.34995746889197,1.3471306512567087,-0.3994703264739759,0.3102157567970223,0.9849638561964927,1.2894071831228835,1.518521997301792,-0.14810539380091986,0.6323760206652305,0.15145672166548205,-0.13949394043946045,0.10318467736719288,0.6424479910902849,-0.5145517121593662,2.8387033962538912,9.757143202605617,1.0,-0.30495163798332214,6.00075838796954e-06,8.683088075223111e-07,0.8519206047058105,-0.8193536996841431,-0.9326269030570984,1,-0.06694053343961187,1.8686692362750554,-9.0,-9.0,-0.06694053343961187,0.0015474336589380022,-6.95263796145134,-3.5660294784075193,0.004466408839282795,-0.0007905388407308588,-0.0038364820981210386,-0.021660749156827003,0.04263718218585256,0.10175966118106819,0.13699684042291216,0.0,0.12297396044953843,-0.04490469541234747,0.0403622059251042,-0.12552134528335246,12.45779490850037,-30.0,-30.0,44.21778386113872,1.8671218026161174,-2.04736203854866,-5.433970521592481,-0.12552134528335246,12.334820948050831,-67.47274744737457,-93.31831593222756,115.81469379984918,1.0500000000000007
-0.09657654052272305,-0.4831012013975185,-0.717356796282424,0.08826722770590631,-0.5083885901051548,-0.7952068101140237,1.2054734230041504,-0.7189810276031494,-1.7732386589050293,-0.09657654052272305,-0.4831012013975185,-0.717356796282424,0,0.0,-1.5707963267948966,nan,0.18325632971376116,-0.28011443736862657,-0.11002087664805205,0.04594262617104938,-1.570801421248561,0.18083292241547863,-0.2780429193442714,2.1474392516170964,-0.11742208291121306,0.5039583515262468,-0.27004813341727496,0.4201638430173238,-0.06715929371138019,0.008058656464228464,-0.002423407298282526,0.002071518024355179,-0.007401206263161014,0.00863885324286293,-0.004766518026998949,0.007074659391780763,-0.0013635562842455925,0.7419928095709399,0.48544899089796706,-0.6531393958017486,0.2117715139343801,-1.5708023065197128,2.150132755750151,0.8357604434146957,-0.789319433094442,-0.9668800690168122,0,sac,0,-0.2117715139343801,-0.1658288877633307,0.9941598005592471,1.3514759523032358,1.3457321049776123,-0.39843581166898123,0.3273500346939848,0.9914655778548748,1.2927237214937566,1.513515106772084,-0.12357616373586193,0.6356199290337621,0.15223365138897818,-0.14020950451204342,0.10371398529076588,0.6531399152728418,0.9031514531058162,-2.831789314359684,-2.8153223560700433,1.0,-0.33942148089408875,5.979724816196352e-06,8.852711514961698e-07,0.6027367115020752,-0.3594905138015747,-0.8866193294525146,1,0.007813640197088174,0.5544336038830956,-9.0,-9.0,0.007813640197088174,0.420143685564378,-8.088325613449694,-5.68262500370828,0.004637472920797576,-0.0007905388407308535,-0.0038364820980782447,0.017937140824767925,-0.021814259650112522,-0.006534423297453363,0.14022114070809133,0.0,0.12104831807000993,-0.059753578882500394,0.03793129057431158,0.01465149108773331,3.6962240258873043,-30.0,-30.0,42.587114092360586,0.13428991831871762,-0.9116743865503061,-3.3173749962917203,0.01465149108773331,3.5751757078172943,-35.265057842980035,-58.19599498190719,68.14088517630844,1.0600000000000007
-0.06713883083815314,-0.5429002281616815,-0.715553845774822,-0.00826341146901334,-0.6624982816900075,-0.711947944759618,-0.8429412841796875,-1.9950487613677979,0.007972002029418945,-0.06713883083815314,-0.5429002281616815,-0.715553845774822,0,0.0,-1.5707963267948966,nan,0.1811866954819436,-0.28096233826868366,-0.11225804828937755,0.04686174356804518,-1.5708013829017224,0.179174430248582,-0.2793715927738726,2.1410674909484873,-0.11776896438771059,0.19933331206692578,0.0411142064920933,-0.048077252954409344,0.18902901648279735,0.006078641200262097,-0.002012265233361593,0.0015907454948110855,-0.005510916098333041,0.005270658600497698,-0.0028984540500255566,0.004388158048275933,0.0003505355135245917,7.6311637396058325,4.921250180190606,-0.6558656413084324,0.15160963414592565,-1.570801902347197,2.143564398378751,0.650252152974472,0.7892573631852455,0.0228058132374217,0,sac,0,-0.15160963414592565,-0.10474789057788048,1.0005315587275914,1.3530020152339703,1.3443265778459943,-0.3973961330768507,0.20774792879457124,0.9980342404235772,1.3094665560746859,1.454048819030551,-0.22646147039853098,0.6387051545531086,0.15297257590143418,-0.14089006520817052,0.10421740096342834,0.6559005962802186,2.1244678254084484,-7.688547333405573,-14.644460333009429,1.0,-0.13768289983272552,5.575552300740583e-06,5.19445474633784e-07,-0.42147064208984375,-0.9975243806838989,0.003986001014709473,0,0.15585512358513456,-1.4532802179486315,3.094193443690147,1.1356926445144875,0.15585512358513456,0.2849349288381717,-4.57244011601382,-4.965428159935552,0.0036081233263311604,0.0007904766749307944,9.049115502655259e-05,0.04561803071115649,-0.07152449160012303,-0.10874650755355006,0.1391801828239542,0.0,0.10171531075041124,-0.08290194823527701,0.046393812396181,0.2922466221360108,-9.68853478632421,10.313978145633824,3.785642148381625,14.651359870612003,-1.7382151467868032,7.666633559703968,6.10112080445004,0.2922466221360108,-9.79025009707462,10.3968800938691,3.739248335985444,14.765212455494197,1.0700000000000007
0.008465977850608555,-0.5913117553127922,-0.7495327739411181,0.1596755952281319,-0.6881348096150137,-0.8174906302737103,1.2899630069732666,-0.8606774806976318,-1.5278292894363403,0.008465977850608555,-0.5913117553127922,-0.7495327739411181,0,0.0,-1.5707963267948966,nan,0.1760032484427435,-0.27688636166868036,-0.113983601261892,0.04778519643260126,-1.5708013442126896,0.17749816647223388,-0.28069615685604854,2.1346656765801333,-0.11811744247167971,0.6585021590531374,0.35071832628519595,-0.5400540682179267,0.13770748885453266,0.005817040693714311,0.0014949180294903663,-0.0038097951873681812,-0.004133841209787714,0.0013927820379921166,0.00040510249118511153,-0.0006737293338076457,0.0011497054239048348,10.637083917850699,6.761571937206172,-0.6512230748404261,0.03456615471032709,-1.5708013752967895,2.1370209261203468,-0.18281256491094836,0.7893197457428722,0.9669556345238823,0,sac,0,-0.03456615471032709,0.01321904172227395,1.0069333706626111,1.3545352761684648,1.3429144212436157,-0.396351550617216,0.03239333541315625,1.0045781954134683,1.3343826132181738,1.3659570013928573,-0.40668068440533267,0.64163048594546,0.1536732050967104,-0.14153535533568215,0.10469472674120589,0.651266704976206,2.5975764259997334,-8.959480258908782,-18.966123151519458,1.0,-0.10091987997293472,5.048501892979118e-06,3.108409973862081e-08,0.6449815034866333,-0.4303387403488159,-0.7639146447181702,1,0.30998802788745944,-3.9196418408060203,9.0,9.0,0.30998802788745944,-0.4363579270372876,1.1520635444513347,-1.5219148990321472,-0.0010143915353210949,0.0007905391538622895,0.003836781934349977,0.05979582399211815,-0.0915410979823102,-0.15903010560608885,0.1562687241429013,0.0,0.08394267016634271,-0.11239867590924947,0.06884823835394982,0.5812638812815666,-26.13094560537347,30.0,30.0,49.83135745623101,-3.483283913768733,7.847936455548665,10.521914899032147,0.5812638812815666,-26.214888275539813,52.843665305625905,66.8954222481544,89.19085556092956,1.0800000000000007
0.06721705910813022,-0.579832343469984,-0.7225833199920415,0.1847192216231735,-0.5568735197843677,-0.6686844120938885,0.49445676803588867,1.0665555000305176,1.171738862991333,0.06721705910813022,-0.579832343469984,-0.7225833199920415,0,0.0,-1.5707963267948966,nan,0.16952344814357387,-0.2705410684557182,-0.11322935334833711,0.048712753289807065,-1.5708013051904608,0.17580448270606316,-0.2820160614315816,2.12823541323895,-0.11846742845902353,0.910392778486801,0.47861165329989297,-0.7665197788495226,-0.1104233900898699,0.014091284179821658,0.006281034562489296,-0.011474992975863407,-0.005238075110686413,0.006537001893780584,0.0034546982708783267,-0.005549462847973024,3.026079061038949e-05,8.53048969110654,5.345351652067509,-0.643811731812993,-0.08050906782689515,-1.5708010054779817,2.1305550687348687,-0.7005042725788382,0.789319433099583,0.9668800648814987,0,sac,0,0.08050906782689538,0.129221821116702,1.0133636316394579,1.3560753507683558,1.3414959891519451,-0.39530232613273164,0.1855933595828141,1.011044431037809,1.3572187260389976,1.2910010212130096,-0.5738757489471062,0.6443947774074844,0.15433526455008068,-0.14214512214523842,0.1051457756635825,0.6438443628138094,1.9155197383655163,-6.029497848890545,-14.180853896277545,1.0,-0.2913062572479248,4.678683085401758e-06,-2.997124788350902e-07,0.24722838401794434,0.5332777500152588,0.5858694314956665,1,0.3511710962230149,-4.5,9.0,9.0,0.3511710962230149,-1.418882315000892,5.2389358351160125,2.1139979458462133,-0.003886962610619105,0.0007905388407360023,0.00383648208166974,0.05038239405899318,-0.0712038436250441,-0.13339590803907897,0.16837569925970125,0.0,0.061596058123305486,-0.12827762393692493,0.09000640489409963,0.6584869608532062,-30.0,30.0,30.0,51.96569642636971,-3.081117684999108,3.7610641648839875,6.886002054153787,0.6584869608532062,-34.87382721443105,67.85070375740196,95.54248841603531,122.26488671226325,1.0900000000000007
0.13408357197218218,-0.5668790988556038,-0.6442091562582485,0.26781659770028604,-0.5409726096268435,-0.48746082879066255,1.0089421272277832,-0.39915621280670166,1.128828763961792,0.13408357197218218,-0.5668790988556038,-0.6442091562582485,0,0.0,-1.5707963267948966,nan,0.16401344140047966,-0.2655022850161927,-0.11217564986745987,0.04964418105894297,-1.5708012658443027,0.17409374528575433,-0.2833307624481004,2.121778316782447,-0.11881883305650726,0.7534954600535398,0.3799269322785376,-0.6353484456044278,-0.14051080783609726,0.02153134962891939,0.010080303885274672,-0.017828477431907686,-0.006643183189047386,0.009321367964473611,0.004827434401455716,-0.007921278466189906,-0.0009149455119475056,2.8309835440443294,1.7488508576606292,-0.6371398360174422,-0.14323930895347248,-1.5708008830798497,2.124167273809255,-0.8210386577708341,0.7893194330945765,0.9668800690167664,0,sac,0,0.14323930895347248,0.19288349001241567,1.019820725802622,1.3576218520294399,1.3400716380077307,-0.3942487232822396,0.2712334375358042,1.0174324374476167,1.3668501545284693,1.2636552223431008,-0.6543203356627131,0.646996948610324,0.15495849551823127,-0.14271912733031855,0.10557037145349996,0.6371546599767138,0.22579547139962924,-0.27651566951935513,-3.3783215530239232,1.0,-0.5389691591262817,4.556284952883516e-06,-3.8276445302187767e-07,0.5044710636138916,-0.19957810640335083,0.564414381980896,1,0.26436289363214205,-4.142308289953804,9.0,9.0,0.26436289363214205,-2.255847585794785,7.324745332348338,4.745621118829913,-0.004555784581983342,0.0007905388407309882,0.0038364820980780626,0.018048550140801776,-0.0211593186742609,-0.053328931219665004,0.1861336025540148,0.0,0.021876264125937045,-0.14981310974069784,0.10827363121947009,0.4957114075232365,-27.61538859969203,30.0,30.0,50.62465226854945,-1.8864607041590191,1.6752546676516618,4.254378881170087,0.4957114075232365,-27.637264863817965,48.45027013672306,78.39581804672987,96.21536832798485,1.1000000000000008
0.15677980035883518,-0.5866860868720806,-0.5357754472204587,0.20217225713214115,-0.626300062905034,-0.31890802914487915,-0.63100266456604,-1.7092981338500977,1.8204076290130615,0.15677980035883518,-0.5866860868720806,-0.5357754472204587,0,0.0,-1.5707963267948966,nan,0.16118763296913322,-0.264666180257907,-0.11341558952979919,0.050579245147921004,-1.57080122618374,0.17236633514871535,-0.2846397224916446,2.11529601354398,-0.11917156642000101,0.2568057015274074,0.10983982943074677,-0.214506480182991,0.08872062988455609,0.023601632183881505,0.01117870217958214,-0.019973542233737596,-0.005755976890201825,0.007773625388840285,0.003943575463141843,-0.006699038996444941,-1.8460136452030755e-05,-4.799311320882522,-2.9229352064846417,-0.6344691363058816,-0.12393469509752064,-1.5708009986391296,2.1178271020774884,-0.8355006029354476,-0.5854914364857928,0.966880069016792,0,sac,0,0.12393469509752064,0.17451394024544165,1.0263030268206776,1.3591743904384876,1.3386417265585708,-0.39319100743393554,0.21979917145128902,1.0237726266653435,1.3577313441533871,1.2985133196613166,-0.609276410511132,0.6494359846995992,0.15554265493926184,-0.14325714702722156,0.10596834851735834,0.634457581315339,-1.6015532764015386,5.830527843768864,9.848313195846698,1.0,-0.49526408314704895,4.6718442332505106e-06,-2.2754461070917387e-07,-0.31550133228302,-0.8546490669250488,0.9102038145065308,0,0.1179105648651017,-1.3297529395476502,1.1891338334940904,8.36599234837543,0.1179105648651017,-2.4626049824416625,5.65780117235471,6.264991018401018,-0.004636031116276036,-0.0005863959533376146,0.0038364820980781645,-0.03213698221414337,0.050756486071794754,0.06395567670842686,0.21125773576688828,0.0,-0.025966867203534694,-0.1737296120631864,0.11736087346880618,0.22109612763004255,-8.865019596984334,3.963779444980301,27.886641161251433,29.529879083691153,1.1328520428940123,-4.4686673388606195,2.1010013299744124,0.22109612763004255,-8.8390527297808,4.137509057043488,27.769280287782628,29.435177009082995,1.1100000000000008
0.1316437744520061,-0.5593012142218348,-0.42920051490973415,0.08137172263834791,-0.5045314689213432,-0.21605065028828518,-1.9732908010482788,1.566596508026123,1.5334217548370361,0.1316437744520061,-0.5593012142218348,-0.42920051490973415,0,0.0,-1.5707963267948966,nan,0.16222110065998127,-0.2702177783652169,-0.1158760424049941,0.051517709547722834,-1.5708011862185578,0.17062264769965588,-0.2859424113108049,2.108790139678004,-0.11952553819274817,0.5495733203586959,-0.27771551399075334,0.42489092881495827,0.2106481102447766,0.01819804641817829,0.008401547039674606,-0.015724632945588013,-0.003649495787754059,0.002278607270903909,0.0007762396953436747,-0.0016305339511283757,0.0013895546281476687,-10.848162560037593,-6.5126123347414175,-0.6401218383628469,-0.021030695047137282,-1.5708013099548446,2.1114645683294655,-0.1701981062934621,-0.7894067713031955,-0.9647034214177571,0,sac,0,0.021030695047137282,0.07254840459486012,1.0328088985410275,1.3607325741300575,1.3372066157184876,-0.39212944555853346,0.07356895490936087,1.030134877111063,1.3362873647053368,1.3784995776552142,-0.44783010773162846,0.6517109362954052,0.1560875154326847,-0.1437589718150657,0.10633955194501567,0.6400785716208928,-2.288130349337818,8.787847226658043,19.15265375360055,1.0,-0.31908583641052246,4.983159947791194e-06,1.2373628699435812e-07,-0.9866454005241394,0.7832982540130615,0.7667108774185181,1,-0.016038399932046164,1.3473790999522242,-9.0,-9.0,-0.016038399932046164,-1.9295148572281358,0.10871067768085815,3.6608706077668898,-0.0009443963462569872,-0.0007906263138670827,-0.0038278453810590475,-0.05327165517658892,0.08715299504226834,0.15218746182724496,0.2085978368989847,0.0,-0.04909590819574988,-0.1721413400505286,0.10709812511420634,-0.03007387949005469,8.982527333014827,-30.0,-30.0,43.366884851538344,3.27689395718036,-9.108710677680858,-12.66087060776689,-0.03007387949005469,9.031623241210577,-46.64413595804051,-40.269110504156906,62.28039661785697,1.1200000000000008
0.16353757976807992,-0.5466867419339945,-0.31292140934017276,0.22732519040022756,-0.5214577973583138,-0.08036319820104995,0.3007221221923828,-0.5299696922302246,-0.012128829956054688,0.16353757976807992,-0.5466867419339945,-0.31292140934017276,0,0.0,-1.5707963267948966,nan,0.16556665800745488,-0.2798803926218951,-0.1158540894455892,0.052459336926836464,-1.5708011459587932,0.16886309265609997,-0.28723830633261777,2.102262340505324,-0.11988065754365029,0.9808483410156206,-0.5105112391029509,0.8366719234865372,-0.037707231030703614,0.009012137716188735,0.003296434648645097,-0.007357913710722641,-0.004026568098061095,0.0053711360349271604,-0.0028808164223024443,0.004482856058206879,0.0006737956723543758,-11.294575151223896,-6.681516162218219,-0.6532880412024078,0.11364607719601971,-1.5708017210306953,2.1049900009995244,0.5620328211671717,-0.7893194321541115,-0.966884029453905,0,sac,0,-0.11364607719601949,-0.061186740269183026,1.0393366956446477,1.36229600904331,1.335766668423498,-0.39106430612243187,0.19227765201853028,1.0366089028151946,1.316691033892171,1.45981289747332,-0.2514363221363352,0.6538209194923142,0.15659286529942523,-0.14422440671578862,0.10668383750978808,0.653232329249855,-1.6109326960840862,7.183232614511504,18.695186422479882,1.0,-0.21105432510375977,5.3942357984837486e-06,5.750719020980455e-07,0.1503610610961914,-0.2649848461151123,-0.006064414978027344,1,-0.08825477793535731,2.1019395071079603,-9.0,-9.0,-0.08825477793535731,-1.0274309248701097,-4.508596405975079,-0.4144980411295939,0.003118611330913338,-0.0007905388397890702,-0.003836497812691146,-0.04341021491886546,0.0795662114824961,0.1641625132329346,0.2292332165522402,0.0,-0.08707766679096306,-0.18662711390982567,0.10067605410829923,-0.16548805163202196,14.012930047386401,-30.0,-30.0,44.680975759356215,3.12937043197807,-4.491403594024921,-8.585501958870406,-0.16548805163202196,14.100007714177364,-75.35743338182293,-93.26937379247919,120.7342389605044,1.1300000000000008
0.22701725870274264,-0.5663695083706826,-0.2786798706541375,0.353976616572068,-0.6057350412440589,-0.210196793282067,1.768606424331665,-1.5470675230026245,-1.6603697538375854,0.22701725870274264,-0.5663695083706826,-0.2786798706541375,0,0.0,-1.5707963267948966,nan,0.16859422359119358,-0.28935024000293524,-0.1137608271132306,0.053403888725698234,-1.570801105414731,0.16708809387391682,-0.28852689316940355,2.095714269858348,-0.12023683320556494,0.9797826037932315,-0.48025643659218575,0.8181260544254332,-0.24494379942732458,0.006699625485167237,-0.0015061297172767607,0.0008233468335316907,-0.006476006092334341,0.009928216724607962,-0.005113204085576107,0.008427828131486133,-0.001181670130012611,-6.902281998177479,-4.021749393435512,-0.6663866311612101,0.21761184077863605,-1.5708020418939244,2.098372558993231,0.7714268541446168,-0.7893194330864136,-0.9668800690069655,0,sac,0,-0.21761184077863582,-0.16420795205293803,1.0458847643008327,1.3638642990788223,1.3343222494871847,-0.38999585898087846,0.3340405876761063,1.0432258174442695,1.3078089793794911,1.5067248008830838,-0.10944068504497945,0.6557651158593742,0.15705850852182177,-0.14465327119414753,0.10700107166844976,0.6663477300973142,-0.37787247688623915,2.782674073961976,10.393293591266673,1.0,-0.3306620419025421,5.7150990278032054e-06,9.364791933030858e-07,0.8843032121658325,-0.7735337615013123,-0.8301848769187927,1,-0.0851635905748284,1.4462688683121787,-9.0,-9.0,-0.0851635905748284,-0.23823810563806336,-6.988936345576825,-3.6314805216703636,0.004280498287110985,-0.0007905388407228127,-0.003836482098039174,-0.018426352594000425,0.04210254162041068,0.10725604779526829,0.2580023225935509,0.0,-0.11191435133854254,-0.2088182095384928,0.1021534717632156,-0.1596917130598695,9.641792455414524,-30.0,-30.0,43.50850104515793,1.684506973950242,-2.0110636544231753,-5.368519478329636,-0.1596917130598695,9.753706806753067,-67.36542763907204,-98.54414170676976,119.76731191620814,1.1400000000000008
0.2611993825855266,-0.5470132393248501,-0.3135010728478589,0.3295636303510945,-0.5083007012331853,-0.3831434772353016,0.30504775047302246,-0.41045570373535156,-0.5568190813064575,0.2611993825855266,-0.5470132393248501,-0.3135010728478589,0,0.0,-1.5707963267948966,nan,0.16962135224373046,-0.29566926712244657,-0.11328131340841108,0.05435112525113106,-1.5708010645968964,0.16529808915298164,-0.28980766611573244,2.089147589426341,-0.12059397351361056,0.5832686816104874,-0.2817133373472058,0.5038254173182433,-0.08366540128651456,0.01032104490484947,-0.004323263090748819,0.005861601006714123,-0.007312660105199487,0.010486449749626243,-0.005277550991322618,0.008961527347761246,-0.0013431721709271822,0.3704191966713335,0.21252560097966028,-0.6750503210104216,0.24878003064184218,-1.5708020308916546,2.0916431186543094,0.8141809485553899,-0.7893194330929055,-0.9668800690167725,0,sac,0,-0.24878003064184195,-0.19442890539071112,1.0524514428219391,1.3654370462554022,1.332873725456269,-0.38892437527113616,0.35629030133177186,1.0499550841212728,1.311920214547217,1.501315569644092,-0.07957046650829967,0.6575427724401087,0.15748426476362531,-0.14504539915771886,0.10729113156123284,0.6750481419997686,0.9401116457203227,-2.855876925958948,-2.3428196142677304,1.0,-0.4103301465511322,5.704096758041288e-06,9.662947579869297e-07,0.15252387523651123,-0.20522785186767578,-0.27840954065322876,1,-6.262476072020006e-05,0.24756550556513776,-9.0,-9.0,-6.262476072020006e-05,0.1368511853543091,-8.104207782191146,-5.736746543567694,0.004517732481006428,-0.0007905388407293146,-0.003836482098078087,0.0191900979797326,-0.02212616232138486,0.009230157920350236,0.2431873760581834,0.0,-0.09665034875478666,-0.20239819092985661,0.0939882028127133,-0.00011742876564822813,1.6504367037675851,-30.0,-30.0,42.45849669179224,0.11071432021082867,-0.8957922178088538,-3.263253456432306,-0.00011742876564822813,1.7470870525223718,-34.90279890933152,-62.50353588726618,71.60970383473797,1.1500000000000008
0.24588037849137087,-0.5724331498159594,-0.2976824198135763,0.2152423703030594,-0.6232729707981778,-0.26604511374501105,-1.1507039070129395,-1.9969977140426636,1.1330828666687012,0.24588037849137087,-0.5724331498159594,-0.2976824198135763,0,0.0,-1.5707963267948966,nan,0.1677557393435375,-0.2970648847395267,-0.11577443869480555,0.055300805770784,-1.570801023516052,0.16349353002313238,-0.2910801286347194,2.082563968100679,-0.12095198644347285,0.2139532546159547,0.0061053770343710845,0.012315509809318614,0.21351123565321872,0.008988366626629465,-0.004262209320405108,0.0059847561048073095,-0.005177547748667299,0.006991449278334267,-0.00347152062846935,0.006045754685163777,0.000527027346968606,7.713435486276866,4.355931127465919,-0.6762793407705753,0.19209013992285828,-1.5708016118770687,2.084864723450615,0.6397711868764528,0.7892532747317563,-0.21345434143784253,0,sac,0,-0.1920901399228585,-0.13678933415207428,1.0590350623181322,1.3670138508669012,1.331421464466183,-0.38785012730564816,0.23907694724391296,1.0567337662828813,1.3283430536831953,1.4418040976213868,-0.1793489654793234,0.6591532017525188,0.15786996937000025,-0.14540063895689873,0.1075539050118278,0.6763102474537116,2.04684740337666,-7.689443200019056,-14.500991797059969,1.0,-0.201273113489151,5.285082171901934e-06,5.883610167956022e-07,-0.5753519535064697,-0.9984988570213318,0.5665414333343506,0,0.15745981090975145,-1.5961588044578798,3.0934517995270308,0.0393171723141085,0.15745981090975145,0.007511633867876594,-4.57947294833628,-5.2063194080735915,0.003549966474273442,0.0007904725801611154,-0.0008469651882638246,0.044446604548443326,-0.07151745697364958,-0.10674317818147051,0.2509645108314449,0.0,-0.10479153901414318,-0.20741510022394966,0.09476758542351196,0.2952555989307171,-10.641058696385866,10.311505998423437,0.13105724104702834,14.821053876313336,-1.6036704383257565,7.672924747863311,5.2456365803877,0.2952555989307171,-10.536267157371721,10.518921098647386,0.03628965562351638,14.891243047472036,1.1600000000000008
0.2843865855952026,-0.5790492644416437,-0.33145590703449535,0.361398999802866,-0.5922814936930124,-0.39900288147633345,1.838674545288086,-0.27903568744659424,-1.7428711652755737,0.2843865855952026,-0.5790492644416437,-0.33145590703449535,0,0.0,-1.5707963267948966,nan,0.16280554600878577,-0.29289399952833994,-0.1180246226941449,0.056252688607572265,-1.570800982183193,0.16167488151062254,-0.29234379383285025,2.0759650813200965,-0.12131077964970485,0.6551203725833552,0.3131544822241872,-0.5434550409317618,0.18913907931073504,0.003518516171816047,-0.0011306644981632363,0.0005502056954896917,-0.003286156955559949,0.0016753805869986489,-0.00022625010126579002,0.00040674961797649347,0.0016094302567197915,11.240334130780793,6.2480476609335485,-0.6707170910976891,0.07441429453062631,-1.5708010474919498,2.078123056275809,-0.13783975358091047,0.7893197709957076,0.9672242912325396,0,sac,0,-0.07441429453062653,-0.018161605923054047,1.0656339473521286,1.3685943116390302,1.3299658360966398,-0.3867733884652035,0.03825093175128964,1.063475904690614,1.3519392159875945,1.3535019821369743,-0.3617307398408572,0.6605957817890803,0.15821547336752348,-0.14571885338490245,0.10778929052738286,0.6707572668773307,2.435853083052891,-8.996393704424065,-19.42067862075081,1.0,-0.0784887745976448,4.720697053262057e-06,6.530875662491553e-08,0.919337272644043,-0.13951784372329712,-0.8714355826377869,1,0.3156015617221764,-3.8857162395023317,9.0,9.0,0.3156015617221764,-0.6603264747276686,1.149340597548588,-1.8212057711951481,-0.0007648461107218311,0.0007905391791541376,0.003837847936935324,0.05663648921051932,-0.09181359511682864,-0.16178625089621979,0.2576641457529851,0.0,-0.10317612932157275,-0.21274440127669997,0.10239784211716624,0.5917899150987744,-25.904774930015545,30.0,30.0,49.71325355957277,-3.225389764774663,7.850659402451412,10.821205771195148,0.5917899150987744,-25.801598800693974,52.786631620762066,64.73726067521785,87.42662130937424,1.1700000000000008
0.3294367113525066,-0.5299406240185416,-0.31926476541234056,0.4195369628671145,-0.43172334317233746,-0.2948824821680309,1.0349555015563965,1.2678625583648682,0.8072824478149414,0.3294367113525066,-0.5299406240185416,-0.31926476541234056,0,0.0,-1.5707963267948966,nan,0.15634945128212882,-0.2857417122244015,-0.11745087940826987,0.05720653123411745,-1.5708009406095331,0.15984262188531714,-0.29359818492256,2.0693526104159456,-0.121670260504018,0.9639657667912935,0.4623835101351559,-0.8406678393648226,-0.09332241401881769,0.009577556105345776,0.0034931706031883225,-0.007856472698158534,-0.004219381095748126,0.0060918539534908795,0.002926543693313867,-0.005323863235149659,0.0004500076168345267,9.389398474133447,5.13767474548544,-0.6624879742773214,-0.0456346323203205,-1.5708006378823762,2.07146770742422,-0.6693034039911172,0.789319433099956,0.9668800241116684,0,sac,0,0.04563463232032028,0.10284116355443818,1.0722464165939425,1.370178025886173,1.3285072112272067,-0.38569443309210233,0.15888160994042905,1.07013162212591,1.3729097277228945,1.2780122602806723,-0.5362988531985619,0.6618699560167457,0.158520643464185,-0.14599991967776488,0.10799719729850447,0.6625189339923192,1.7172128024701985,-6.088266081963651,-15.074158225362934,1.0,-0.1959126740694046,4.311087479891285e-06,-3.027271571198753e-07,0.5174777507781982,0.6339312791824341,0.4036412239074707,1,0.351514947407486,-4.5,9.0,9.0,0.351514947407486,-1.5793211983676743,5.238249140905637,1.8886491042270042,-0.00371383503043627,0.0007905388407363759,0.003836481919899186,0.04628118445058396,-0.07174706579943335,-0.14008916524372475,0.25488262983819193,0.0,-0.10368727402896818,-0.20648843448178103,0.10759475183733475,0.6591317221216689,-30.0,30.0,30.0,51.96570460050655,-2.9206788016323255,3.761750859094363,7.111350895772996,0.6591317221216689,-33.81339734322221,68.06086911931298,96.46229673653153,122.80487323995186,1.1800000000000008
0.392921544681636,-0.4574811519191632,-0.26933137236518506,0.5198912113398947,-0.31256220772040655,-0.16946458627087407,1.4463920593261719,0.787569522857666,0.988431453704834,0.392921544681636,-0.4574811519191632,-0.26933137236518506,0,0.0,-1.5707963267948966,nan,0.15056964349830518,-0.2795230854624971,-0.11589042091635887,0.05816209036718889,-1.5708008988065074,0.15799724238892177,-0.2948428356717897,2.062728241957445,-0.12203033613355516,0.8652669441782802,0.39344282874282654,-0.746327751113407,-0.19205341214481586,0.01809868864391473,0.007427598890616588,-0.015319750209292604,-0.0061399152171962845,0.009706705023394997,0.004565900211105056,-0.008509699324930287,-0.0009786189619629803,3.6845187222124176,1.9847474839459172,-0.6547634884912984,-0.11616818787087757,-1.5708004882756468,2.0648999303646756,-0.8039836243209607,0.7893194330945862,0.9668800690170036,0,sac,0,0.11616818787087757,0.17433027823806668,1.0788707834756304,1.3717645896682,1.327045961892877,-0.38461353638332163,0.2545650309276087,1.0766996132731517,1.380466309942344,1.2501628586359363,-0.6271252051520211,0.6629752333769446,0.15878536204938803,-0.14624372951434042,0.10817754519925729,0.6547796967639542,0.013931058035948685,-0.31742090809012447,-4.488568307522696,1.0,-0.43539273738861084,4.161480750219937e-06,-4.1053086086151325e-07,0.7231960296630859,0.393784761428833,0.494215726852417,1,0.2538862406911994,-3.9464210950957344,9.0,9.0,0.2538862406911994,-2.337806503436954,7.324689747728594,4.601161216291386,-0.004461149502744685,0.0007905388407309979,0.003836482098079004,0.013600032105385055,-0.021596038044345373,-0.06209114781578305,0.25224976751863076,0.0,-0.11134835883486498,-0.19876055360035927,0.10828541236225736,0.4760664554494645,-26.309473967304896,30.0,30.0,49.924092978303555,-1.6086145916587804,1.675310252271406,4.398838783708614,0.4760664554494645,-26.198125608470033,48.78917115299104,81.78095883020582,98.76779269402982,1.1900000000000008
0.4365926298096236,-0.44795465467619733,-0.18183217281855965,0.5239348000655988,-0.42890166019026554,-0.006833773725308828,0.5713784694671631,-1.7939194440841675,1.9013233184814453,0.4365926298096236,-0.44795465467619733,-0.18183217281855965,0,0.0,-1.5707963267948966,nan,0.1471716626389953,-0.2775254956635719,-0.11613574264129231,0.059119122062145424,-1.5708008567857588,0.15613924694456421,-0.2960772908397697,2.0560936670969374,-0.12239091345914,0.3582032048969507,0.15399854149523162,-0.3232044966905212,-0.011525560065139828,0.021534015754093232,0.008967584305568904,-0.018551795176197816,-0.006255170817847683,0.008837405003052003,0.0040633986769296054,-0.007813999662338552,-0.0007279613020403555,-4.2062480635755,-2.230612794479609,-0.6506520490066909,-0.10569719824135038,-1.5708005930064393,2.0583922659259084,-0.7962707787233808,-0.5753194929616874,0.9668800690167954,0,sac,0,0.1056971982413506,0.1648163203034958,1.0855053568460347,1.3733535979472828,1.32558246113964,-0.3835309742836804,0.21365678343386516,1.0832073278903744,1.369189404793619,1.284874096885861,-0.5932198598865781,0.6639111882855812,0.1590095271939482,-0.14645018901630258,0.10833026478716372,0.6506456831818549,-1.8194772468844795,5.838257279467774,8.779890988407939,1.0,-0.4823419451713562,4.266211542702791e-06,-2.637793192761251e-07,0.28568923473358154,-0.8969597220420837,0.9506616592407227,1,0.09731369307170121,-1.0428755546201487,1.258053548369408,9.0,0.09731369307170121,-2.4528103297164456,5.68038081472476,6.304986575452896,-0.004418352415513647,-0.0005762082953320325,0.0038364820980781775,-0.03673296500623907,0.0507104316608315,0.054984037310361916,0.27919279072645603,0.0,-0.14428200374339176,-0.21151697084288237,0.11131886109222375,0.18247457917063792,-6.952503697467658,4.193511827898027,30.0,31.079835039556848,1.409934775096297,-4.422327266355352,2.6950134245471036,0.18247457917063792,-6.808221693724266,4.405028798740909,32.646374333364136,33.63889438484586,1.2000000000000008
0.4205134891629104,-0.4064945389901459,-0.08930333212178597,0.3883552078694841,-0.3235743076180432,0.09575434927176138,-1.988660216331482,1.5230512619018555,1.894355058670044,0.4205134891629104,-0.4064945389901459,-0.08930333212178597,0,0.0,-1.5707963267948966,nan,0.14735956020638086,-0.2823066326441526,-0.11761325969343425,0.06007738180737343,-1.5708008145591335,0.15426915184810291,-0.29730110659829495,2.0494505809151375,-0.12275189923349891,0.4258698178504973,-0.2057992663846847,0.35573212220554873,0.11165312777830227,0.017291105289700945,0.006909591641722057,-0.014994473954142329,-0.00513863954006466,0.0031420624471075473,0.0013345752998535762,-0.002832771951794575,0.00025858897824570636,-10.654088002579083,-5.56134349651108,-0.6544563166502226,-0.010105091793396026,-1.5708009009019566,2.0518788442738103,-0.030986256625051667,-0.7893984920110871,-0.9683391863407746,0,sac,0,0.010105091793396248,0.07018247360076924,1.0921484416255296,1.3749446447447085,1.324117082880056,-0.382447023379005,0.07726511059780616,1.089720530528655,1.3455955003590792,1.3652411954052628,-0.4408545370758103,0.6646774606330371,0.15919305265009454,-0.14661921874814468,0.10845529730320451,0.6544208059892284,-2.4971988492305504,8.83943332369339,18.36047836123233,1.0,-0.2991792559623718,4.574107060228982e-06,8.634282311348329e-08,-0.994330108165741,0.7615256309509277,0.947177529335022,1,-0.042100826085307505,1.7447050094253351,-9.0,-9.0,-0.042100826085307505,-1.8219343316377359,0.13089247603362558,3.778858133240889,-0.00017193673994482194,-0.0007906180217844215,-0.003842271727704254,-0.05779438097552573,0.08759719827390301,0.1452846245274197,0.2781411511643462,0.0,-0.15888272390200622,-0.20461933366001492,0.1012408430873529,-0.07894398290888338,11.631366729502234,-30.0,-30.0,43.99198704478588,3.566639341063071,-9.130892476033626,-12.778858133240888,-0.07894398290888338,11.790249453404241,-46.59735525634648,-35.15579481735095,59.55047976676408,1.2100000000000009
0.39816577858208024,-0.42598687346129416,0.01807460961555961,0.3534703574204199,-0.4649715424035906,0.23283049309025075,0.09036517143249512,-1.5314042568206787,1.2666730880737305,0.39816577858208024,-0.42598687346129416,0.01807460961555961,0,0.0,-1.5707963267948966,nan,0.14977362480561807,-0.2916108523884719,-0.11695329722506673,0.061036624618732604,-1.5708007721386734,0.15238748544156233,-0.29851385093777427,2.04280068176639,-0.12311320007944468,0.9217822837215561,-0.4295731005777792,0.8091475404839954,-0.10212633143132921,0.009613951298565189,0.002613860635944265,-0.006902998549302375,-0.006159902854377952,0.004048233546837452,-0.001970616044015947,0.003499608404435082,-0.000507551251022414,-11.317495343157724,-5.812824360577745,-0.6656437660683566,0.11966772008000559,-1.5708013014443285,2.0452725597227106,0.6469528914074233,-0.789319432368817,-0.9668771902413805,0,sac,0,-0.11966772008000559,-0.058631095461272764,1.098798339460766,1.3765373232976932,1.3226502017488246,-0.38136196078929474,0.18786318056131526,1.0963263479197056,1.3241577781086398,1.4470456176694935,-0.2507150028754344,0.6652737557841693,0.15933586785146872,-0.14675075371717922,0.10855259467181833,0.6655954258495299,-1.7725439515734978,7.223702336308246,18.17415664508115,1.0,-0.21619313955307007,4.97464943194359e-06,5.29305655305734e-07,0.04518258571624756,-0.7657021284103394,0.6333365440368652,1,-0.11357241126940071,2.5363925951627517,-9.0,-9.0,-0.11357241126940071,-0.8275020837645646,-4.496240405804519,-0.31238883113316973,0.003589816362539833,-0.0007905388400041074,-0.0038364706753891624,-0.047111531318867264,0.08000144489507509,0.1595326316988827,0.3113482648909858,0.0,-0.1954539220238799,-0.2202590866029532,0.10110114334142475,-0.21296158122895315,16.90928396775168,-30.0,-30.0,45.67241220843435,3.3638946789273163,-4.503759594195481,-8.68761116886683,-0.21296158122895315,17.10473788977556,-75.6354724419686,-89.18358883804615,118.18229402269388,1.2200000000000009
0.4166897084885139,-0.4745237370140574,0.04422692631398314,0.4537375683013811,-0.5715974641195839,0.09653155971083019,1.6178617477416992,-1.8095476627349854,-1.4859287738800049,0.4166897084885139,-0.4745237370140574,0.04422692631398314,0,0.0,-1.5707963267948966,nan,0.15202799451690283,-0.30096662596532386,-0.11457807099430448,0.06199660513399663,-1.5708007295366058,0.15049478776913852,-0.2997151040573616,2.036145670623923,-0.12347472252802066,0.9549040009698676,-0.4147067383708569,0.8154520457264613,-0.27367486793382356,0.00911413399780111,-0.001533206747764304,0.0012515219079622386,-0.008896651533716188,0.009021492147670255,-0.00407124998214901,0.007755692572311658,-0.002159045362450163,-6.931665127036025,-3.501439503829941,-0.6769082684207657,0.22074980087236096,-1.5708016051514695,2.0385423132661815,0.8061319258932214,-0.7893194330883865,-0.9668800690237206,0,sac,0,-0.22074980087236096,-0.1587531957383641,1.1054533493794148,1.3781312262161964,1.3211821929583594,-0.38027606406188746,0.3250040853049282,1.1030561262520768,1.3141571086671506,1.494062588807627,-0.11261659794684015,0.6656998445783111,0.15943791791312542,-0.14684474337353812,0.10862211950090189,0.6768738425047335,-0.4523792430137906,2.7687925414379855,10.082241963467641,1.0,-0.34992894530296326,5.278356573157339e-06,8.756148637267813e-07,0.8089308738708496,-0.9047738313674927,-0.7429643869400024,1,-0.10556972092732662,1.8000210229067057,-9.0,-9.0,-0.10556972092732662,0.020420986347128946,-6.98283315651172,-3.560930058778552,0.00447307001231841,-0.0007905388407247886,-0.0038364820981056564,-0.020420986347128946,0.04209733685610948,0.10443533182463245,0.34813441937460116,0.0,-0.2208744650385986,-0.24540218569902852,0.11040748118376349,-0.19795559896367265,12.000140152711372,-30.0,-30.0,44.091297895433705,1.7796000365595768,-2.0171668434882797,-5.439069941221447,-0.19795559896367265,12.22101461774997,-67.6765896495611,-95.57115632203305,117.74276662297339,1.2300000000000009
0.4140337055901219,-0.44947277443843175,0.03127254298733509,0.40872169979333806,-0.3993708492871804,0.0053637763340390054,0.3905196189880371,-0.3297313451766968,-0.03149974346160889,0.4140337055901219,-0.44947277443843175,0.03127254298733509,0,0.0,-1.5707963267948966,nan,0.15257881024617903,-0.3072498039743844,-0.11406833577650752,0.06295707770729475,-1.5708006867653395,0.148591610216252,-0.3009044587384969,2.029487250425098,-0.12383637305659509,0.5720876877192373,-0.24539932821627253,0.509382332792524,-0.08713857463713837,0.012311609259005526,-0.003987200029927029,0.0063453452358874785,-0.009768037280087571,0.009800379290093428,-0.004342476500656122,0.008551209293109995,-0.002016718050787165,0.47645069710511556,0.23662473003594026,-0.6839409360206381,0.2504390235863341,-1.5708015822307957,2.031717215815228,0.8349928646945486,-0.7893194330932894,-0.9668800690168049,0,sac,0,-0.25043902358633385,-0.1874819458790391,1.1121117684449136,1.379725945639736,1.3197134321543578,-0.37918961106462434,0.34455496436306016,1.1098810721584567,1.3181555470560766,1.4880533338760482,-0.0849381693215325,0.665955563329272,0.1594991636315323,-0.1469011516101728,0.10866384508181004,0.6839388633422722,0.9726798140168218,-2.949528369168215,-2.508820501362356,1.0,-0.4262329339981079,5.255435898909866e-06,8.95465456451916e-07,0.19525980949401855,-0.1648656725883484,-0.015749871730804443,1,-0.014329529873151807,0.44961958008242225,-9.0,-9.0,-0.014329529873151807,0.4147316057980422,-8.100814822952897,-5.6924598916146785,0.004633213775061127,-0.0007905388407296991,-0.0038364820980782157,0.01941288883932528,-0.02284194787223164,0.007686504446306492,0.32999456255048815,0.0,-0.20723261935004622,-0.23459547995679475,0.10447972805309164,-0.02686954785890082,2.9974638672161484,-30.0,-30.0,42.53217031386793,0.03488797428438006,-0.8991851770471033,-3.3075401083853215,-0.02686954785890082,3.2046964865661947,-34.85187551132678,-60.423724569194164,69.82800669512534,1.2400000000000009
0.3856903330934533,-0.473509483058654,0.06823019206726176,0.329003588100116,-0.5215829002990985,0.1421454902271151,-0.6142069101333618,-1.967574119567871,1.7605223655700684,0.3856903330934533,-0.473509483058654,0.06823019206726176,0,0.0,-1.5707963267948966,nan,0.1506124419742324,-0.30858546869432724,-0.11670213416703562,0.06391779650355822,-1.5708006438374513,0.14667851513216193,-0.3020815207012158,2.02282712541667,-0.1241980581269024,0.22782650870932838,0.0053273187856556214,0.01586027572239579,0.22721133202207866,0.010675485745761912,-0.003933926842070473,0.006503947993111436,-0.007495923959866785,0.006463240315096475,-0.0028544168911276745,0.005796282624521599,0.00016996269885598183,7.925735008493131,3.8684129466545962,-0.6836627422705996,0.193472106796158,-1.5708011641392492,2.024858780404821,0.6170544274473989,0.7892027465638024,-0.13013297750404845,0,sac,0,-0.193472106796158,-0.12955431029259978,1.1187718924112091,1.3813210733942003,1.3182442952713738,-0.37810287987901614,0.22610735408504748,1.1167397682906182,1.3355032347914804,1.4272323418315744,-0.18537836816432482,0.6660408138253386,0.15951958148457018,-0.14691995676285435,0.10867775538935584,0.6836892268625092,2.1745042004375956,-7.834211260707963,-14.479109267194199,1.0,-0.21410265564918518,4.837344352637274e-06,5.203017980903724e-07,-0.3071034550666809,-0.9837870597839355,0.8802611827850342,0,0.14893140517974474,-1.5693300368187917,3.301024864913533,0.47509475521808964,0.14893140517974474,0.250017506032939,-4.508541777609372,-5.094653123274574,0.0034239155735271884,0.0007904219739329601,-0.000516354462732461,0.04681636308856178,-0.0728481660149157,-0.10698263234998939,0.34522511704965025,0.0,-0.22239016485539476,-0.24143874458961415,0.10691271499932144,0.27926383870194027,-10.462200245458611,11.003416216378444,1.5836491840602989,15.268226335652603,-1.8193475428517307,7.8095666425229044,5.569747878492663,0.27926383870194027,-10.239810080603217,11.244854960968057,1.4767364690609774,15.282644158348136,1.2500000000000009
0.4076607422848135,-0.44688942316645214,0.061951653715531914,0.451601560667534,-0.3936493033820485,0.04939457701207221,1.9344420433044434,1.15372633934021,-1.0724413394927979,0.4076607422848135,-0.44688942316645214,0.061951653715531914,0,0.0,-1.5707963267948966,nan,0.1459934632444616,-0.3043613608040038,-0.11925042218631585,0.06487851559295743,-1.570800600765682,0.14475607543668317,-0.3032459089426094,2.016167000500034,-0.12455968422302352,0.6410047089622987,0.2696539034292039,-0.5388496131717047,0.2186661923159111,0.005564496816096874,-0.001237387807778434,0.0011154518613943898,-0.005309262036707674,0.001595077584561441,-0.00010506595011289732,0.00027137735568783026,0.001568307360729113,11.375377884467216,5.456534290441294,-0.6767700446385653,0.07743466218047379,-1.5708006076421293,2.018051582140833,-0.22246747395407623,0.7893200284779183,0.9671076564984062,0,sac,0,-0.07743466218047379,-0.01255614658751636,1.1254320163775047,1.3829162011486646,1.31677515838839,-0.37701614869340794,0.0324518564155375,1.1235473761967387,1.3607031214616123,1.337564861757973,-0.3658833843994368,0.6659555633292729,0.15949916363153252,-0.146901151610173,0.10866384508181018,0.676803370795756,2.611885178183311,-9.122595915467812,-19.12708637416738,1.0,-0.09685894101858139,4.280847232696061e-06,6.876446967396532e-09,0.9672210216522217,0.576863169670105,-0.5362206697463989,1,0.30946329519405646,-4.004085188811624,9.0,9.0,0.30946329519405646,-0.49151908946165934,1.2194132585201993,-1.6935699697457822,-0.0012344289495265766,0.0007905394370341287,0.0038373851421339257,0.060244320439017535,-0.09306086272978842,-0.1598133038199771,0.3356383392529678,0.0,-0.2166991461380267,-0.23396378265469142,0.10466863544275701,0.5802799459854799,-26.693901258744162,30.0,30.0,50.12884488223618,-3.5125660993499648,7.780586741479801,10.693569969745782,0.5802799459854799,-26.477202112606136,54.03861667418888,65.25480870432744,88.76790584229077,1.260000000000001
0.4712413427264539,-0.3922424593894064,0.0840016678247155,0.5984025436097345,-0.282948531835315,0.1281016960430827,1.948441505432129,0.7350988388061523,0.8519229888916016,0.4712413427264539,-0.3922424593894064,0.0840016678247155,0,0.0,-1.5707963267948966,nan,0.14013179142165377,-0.29723886448902526,-0.11919790821128115,0.06583898904535301,-1.5708005575629262,0.14282487421158777,-0.30439725605685136,2.009508580576487,-0.124921157889299,0.9169322220202244,0.39304705977124266,-0.8273843429220495,-0.04139876413101762,0.009552531163450553,0.0026930827899339926,-0.007158391567826106,-0.00572324967801785,0.005952522782624768,0.0025457640604076128,-0.0053255517785326355,0.0007681868786771455,9.336301992904376,4.401622951144316,-0.6673353966635027,-0.03927895655370994,-1.5708002016870966,2.011343299659689,-0.7110016292649562,0.7893194331057629,0.9668800483652584,0,sac,0,0.03927895655370994,0.10511794559906296,1.1320904354430033,1.384510920572204,1.3153063975843884,-0.37592969569614487,0.16929903115968276,1.1302559632711822,1.383500909949946,1.2610712537113158,-0.5362928015249735,0.6656998445783108,0.15943791791312537,-0.14684474337353803,0.10862211950090184,0.6673604046831703,1.90061288877387,-6.169889182468693,-14.59113544523714,1.0,-0.20219378173351288,3.874892199995372e-06,-3.558758296939857e-07,0.9742207527160645,0.36754941940307617,0.4259614944458008,1,0.3421093791929771,-4.5,9.0,9.0,0.3421093791929771,-1.4743243618102362,5.277902666722459,1.9826571691041426,-0.003945210410877427,0.0007905388407421918,0.0038364820161349727,0.050178341783012406,-0.07260889492068939,-0.13640844785370793,0.3291038894372955,0.0,-0.21747623016017803,-0.2253201293625808,0.10121412283917072,0.6414951794355468,-30.0,30.0,30.0,51.96548389137966,-3.025675638189764,3.7220973332775413,7.017342830895857,0.6414951794355468,-34.91799669156647,69.29443278033877,95.54474313582985,123.08612579920647,1.270000000000001
0.54928377977347,-0.3070903831385202,0.12697579764089653,0.7053686538675022,-0.13678623063674789,0.21292405727325858,1.7720935344696045,1.3208246231079102,1.05881929397583,0.54928377977347,-0.3070903831385202,0.12697579764089653,0,0.0,-1.5707963267948966,nan,0.13492862116317844,-0.2911758731396719,-0.11832203835442207,0.0667989710247352,-1.5708005142422208,0.14088550427729044,-0.3055352085362339,2.0028535698924776,-0.12528238576816958,0.8002274388476137,0.3263800324178001,-0.7200943828735873,-0.12370977357296642,0.017032950583683735,0.005956883114111994,-0.014359335396561979,-0.006960347413747514,0.009194445492069582,0.003866200200855307,-0.008336242896512636,-0.00031205493729096444,3.403265371026264,1.5770656262844662,-0.658350633709108,-0.10562376087826997,-1.570800053364547,2.004734777889369,-0.8234753782437882,0.7893194330947552,0.966880069016836,0,sac,0,0.10562376087827019,0.17242273190300494,1.1387454453616521,1.3861048234907072,1.3138383887939231,-0.37484379896873754,0.25988272404294793,1.1368646579938197,1.3928249699355824,1.232735943761435,-0.6216488352552195,0.6652737557841698,0.15933586785146883,-0.1467507537171793,0.10855259467181841,0.658363961986791,0.18425173663354733,-0.3419845407187876,-3.9086441493550472,1.0,-0.416849821805954,3.7265696501975754e-06,-4.6087767380242894e-07,0.8860467672348022,0.6604123115539551,0.529409646987915,1,0.239017792719371,-4.155078472879792,9.0,9.0,0.239017792719371,-2.301796496920781,7.343508858637245,4.66055625754688,-0.00456930547220723,0.0007905388407311671,0.003836482098078339,0.017285615118074728,-0.02194577878420976,-0.05750068522222786,0.3134273656553526,0.0,-0.21539440343626823,-0.20862769930710773,0.09119455900332697,0.44818637299713293,-27.700523152531947,30.0,30.0,50.67070015254278,-1.853281975959011,1.6564911413627552,4.33944374245312,0.44818637299713293,-27.48512874909568,49.73778310843255,79.75920613498818,97.9337082173667,1.280000000000001
0.6204304881899213,-0.2923531388771195,0.20371203351548234,0.7627239050228241,-0.262878650354318,0.35718450526465395,1.3918192386627197,-1.6459107398986816,1.939490795135498,0.6204304881899213,-0.2923531388771195,0.20371203351548234,0,0.0,-1.5707963267948966,nan,0.13185253783819675,-0.289481448740289,-0.11918210893937223,0.06775821588367026,-1.5708004708167382,0.1389385677554594,-0.3066594270526935,1.9962036713848625,-0.12564327463793892,0.3077158230391361,0.11291468031506546,-0.2818642915842495,0.049918171518081866,0.019673368320501566,0.007086029917262648,-0.017177978312404474,-0.006461165698566695,0.008134766941147405,0.0033243476294836467,-0.007423451899883127,0.00012453078034262328,-4.726571881980028,-2.1528941452515977,-0.6527313231802804,-0.0907918086164794,-1.570800166877778,1.998200162080065,-0.8348940594778307,-0.5596841526041554,0.9668800690167932,0,sac,0,0.0907918086164794,0.15855002450014943,1.1453953431968884,1.387697502043692,1.3123715076626918,-0.37375873637902735,0.21268460225466598,1.1433993183835989,1.3831107721025524,1.2676408053464778,-0.5816261992006905,0.6646774606330378,0.1591930526500947,-0.14661921874814485,0.10845529730320463,0.6527260626648707,-1.6736338135945674,5.8895830359338275,9.409739322180375,1.0,-0.43424952030181885,3.840082881456652e-06,-3.0393896022218314e-07,0.6959096193313599,-0.8229553699493408,0.969745397567749,1,0.07789852301344492,-1.2817497336311214,1.39227816037321,9.0,0.07789852301344492,-2.490264226576963,5.73242412961386,6.339135704771709,-0.00463266552403947,-0.0005605488001740099,0.0038364820980781693,-0.03352884434917316,0.05103626096548778,0.060025000050152794,0.3394180677705699,0.0,-0.24336918045019953,-0.2186774253430038,0.09031196145284633,0.14606885995395635,-8.544998224207477,4.6409272012440335,30.0,31.536907521994035,1.2085144929458413,-4.34014596924065,2.660864295228291,0.14606885995395635,-8.301629043757277,4.859604626587037,29.926379740757792,31.43473146706978,1.290000000000001
0.6147617870847181,-0.25534300914179103,0.28463209930112937,0.6034243848743117,-0.1813227496711341,0.4464722308724234,-1.9943815469741821,1.148664951324463,1.90254807472229,0.6147617870847181,-0.25534300914179103,0.28463209930112937,0,0.0,-1.5707963267948966,nan,0.13191330903087067,-0.29469560614570584,-0.12093220803414215,0.06871647825774585,-1.5708004272997782,0.13698467561820668,-0.3077695867193395,1.989560586026159,-0.12600373145044982,0.4778364934308485,-0.20146633299266414,0.41039977387707927,0.13896422822590182,0.014912011160975437,0.005071366587336007,-0.013073980573633681,-0.005071523416307677,0.0025797259621333363,0.0008715802712229524,-0.0022090596634876426,0.0010076652587400021,-11.345156669384293,-5.078463709967499,-0.6547164437518717,0.0090066128763584,-1.5708004956947073,1.9916766895712403,-0.13339405150688724,-0.7893851306146547,-0.9674108029749188,0,sac,0,-0.0090066128763584,0.05970986538138767,1.1520384279763836,1.3892885488411175,1.3109061294031077,-0.37267478547435196,0.06910175999296786,1.149922598172029,1.3608260941012458,1.348938963297677,-0.4228142780375361,0.663911188285581,0.15900952719394817,-0.14645018901630255,0.1083302647871637,0.654684859317748,-2.375494992616604,8.954458997036832,19.008904565471145,1.0,-0.24722670018672943,4.168899810697013e-06,6.839492883159437e-08,-0.9971907734870911,0.5743324756622314,0.951274037361145,1,-0.06409938213676993,1.4778209878243704,-9.0,-9.0,-0.06409938213676993,-1.9251629465198923,0.1774960026058881,3.7967159522600182,-0.0007401777704759331,-0.00079060463974617,-0.003838587996621782,-0.05512074168514094,0.08859352405249495,0.15054371792527968,0.34259295467774165,0.0,-0.25578653837220294,-0.21237856970101876,0.0826953596892849,-0.12019385362229501,9.852139918829137,-30.0,-30.0,43.55547161428326,3.4029839343442627,-9.177496002605888,-12.79671595226002,-0.12019385362229501,10.107926457201339,-46.84567142398192,-38.370899705627835,61.392405875724286,1.300000000000001
0.5694743021726344,-0.2710522439728118,0.371605200149537,0.4788993323484671,-0.30247071363485334,0.5455514018463523,-0.9485878944396973,-1.6912448406219482,1.6813409328460693,0.5694743021726344,-0.2710522439728118,0.371605200149537,0,0.0,-1.5707963267948966,nan,0.13386164679916523,-0.3044171768261667,-0.12015891171413687,0.06967351316001635,-1.5708003837047544,0.13502444722454407,-0.3088653773315334,1.9829260121698038,-0.12636366336867136,0.9537566642934826,-0.3908566161957172,0.8625780068266975,-0.11332282382268133,0.007722534277013882,0.0011628004253788349,-0.004448200505366706,-0.0062047516545344905,0.004725127689730519,-0.002021080184928337,0.00427025574991708,-8.356076021808802e-05,-12.001815260774102,-5.277640448503959,-0.6639604482957232,0.1427529931076046,-1.5708009223760306,1.985079429388873,0.5926815200387224,-0.78931943273336,-0.9668789650828598,0,sac,0,-0.1427529931076048,-0.07307947994758823,1.1586730013467876,1.3908775571202003,1.3094426286498708,-0.3715922233747107,0.1966893994042887,1.1565194218050903,1.340449080427678,1.4320621130124207,-0.22632174211195896,0.6629752333769446,0.15878536204938803,-0.14624372951434042,0.10817754519925729,0.663915878408838,-1.6788214862826152,7.363454367716042,18.795586688691596,1.0,-0.19783568382263184,4.5955811343034725e-06,5.386712764732238e-07,-0.47429394721984863,-0.8456224203109741,0.8406704664230347,1,-0.13619617118396912,2.2625919913964387,-9.0,-9.0,-0.13619617118396912,-0.9843897824794846,-4.471180828424024,-0.304161570989693,0.0032886750282256683,-0.0007905388403692137,-0.0038364777177802307,-0.04497957498407188,0.08128300280285491,0.16463926921627162,0.37119831744509024,0.0,-0.2836479969840454,-0.2230694796104512,0.08701730832039947,-0.25538378245634563,15.083946609309592,-30.0,-30.0,45.02877597924292,3.2469817738759232,-4.528819171575976,-8.695838429010307,-0.25538378245634563,15.367594606293638,-76.44351878767561,-92.74373648759067,121.16616857514765,1.310000000000001
0.537235610866214,-0.3447279554875014,0.40847686699045793,0.47275822825337327,-0.4920793785168806,0.48222020067229976,0.42707371711730957,-1.902604103088379,0.011090755462646484,0.537235610866214,-0.3447279554875014,0.40847686699045793,0,0.0,-1.5707963267948966,nan,0.13559964308515055,-0.31406471947493975,-0.11749732792009607,0.07062907607544755,-1.5708003400451884,0.13305850984481216,-0.309946503587108,1.9763016448954034,-0.12672297780419017,0.9809609601561564,-0.3703933665717224,0.8566416393198439,-0.30208982295596154,0.010417757725529423,-0.002541133240338389,0.004118215887831733,-0.009225649884094106,0.00957919334444569,-0.0038099327650095516,0.008542661916219888,-0.0020659827786178734,-7.46881318375464,-3.224744997297121,-0.6733915045024355,0.24759633942702775,-1.5708012510782443,1.9783771451552838,0.7855928454985316,-0.7893194330915693,-0.9668800690194191,0,sac,0,-0.24759633942702752,-0.17696726335157997,1.1652973682284755,1.3924641209022275,1.307981379315541,-0.37051132666593,0.34150370545613973,1.1632212516129306,1.3311151179681404,1.4805773085410627,-0.0822971430561629,0.661869956016746,0.15852064346418512,-0.14599991967776496,0.10799719729850454,0.6733586642754561,-0.40669773772303236,2.9264407700786608,10.654986272434764,1.0,-0.3918604552745819,4.9242833477514125e-06,9.110330561057367e-07,0.21353685855865479,-0.9513020515441895,0.005545377731323242,1,-0.12774574237316216,1.5674136412732145,-9.0,-9.0,-0.12774574237316216,-0.1659359486276119,-6.97183195108289,-3.558076507519406,0.004359102630996444,-0.0007905388407279763,-0.0038364820980885885,-0.019215406732855878,0.043538414493877214,0.10916120074641927,0.4189334214468851,0.0,-0.3167400590795181,-0.2531986757158424,0.10522061202654426,-0.23953823808955965,10.449424275154763,-30.0,-30.0,43.69494073974355,1.7333495899008264,-2.0281680489171103,-5.441923492480594,-0.23953823808955965,10.766164334234281,-68.69430235794759,-99.24346245566618,121.17813206050666,1.320000000000001
0.4609159333449175,-0.41609328480241287,0.4637734283358806,0.3082765783023246,-0.5588239434322357,0.5743665510267258,-1.2224385738372803,-1.1799687147140503,1.4319078922271729,0.4609159333449175,-0.41609328480241287,0.4637734283358806,0,0.0,-1.5707963267948966,nan,0.13582766276493757,-0.3205471236865893,-0.11682429818220744,0.07158292305536751,-1.570800296334697,0.1310874981738065,-0.31101268528535014,1.969689175353995,-0.12708158245459683,0.5935947667190443,-0.21990313507926906,0.5416222513407398,-0.10316343882952883,0.01478467303063017,-0.00474016459113108,0.009534438401239131,-0.010257284272389394,0.010321586637276631,-0.003998898494539028,0.009289481656960835,-0.00206142962192969,0.15954913612694666,0.06762589689348403,-0.6787720371325816,0.280911613483932,-1.5708012466278352,1.9715973849824255,0.8229996140446484,-0.7893194330939012,-0.9668800690167972,0,sac,0,-0.2809116134839318,-0.20932869042856428,1.1719098374702894,1.3940478351493701,1.306522754446108,-0.3694323712928289,0.3672432089566798,1.1700008542119131,1.3351773309861321,1.4763236233976842,-0.049173321536893654,0.6605957817890804,0.15821547336752353,-0.1457188533849025,0.10778929052738288,0.6787685469965657,0.9503467961794095,-2.7595526330992945,-1.9824932114667835,1.0,-0.5054054260253906,4.919832938377056e-06,9.50293138402003e-07,-0.6112192869186401,-0.5899843573570251,0.7159539461135864,1,-0.036550946588138275,0.30306753747501247,-9.0,-9.0,-0.036550946588138275,0.2183255482255185,-8.097092367751943,-5.692534191721626,0.004566665548760768,-0.0007905388407303118,-0.0038364820980781853,0.019254654487458864,-0.02112967264801594,0.012028513778620247,0.4610381986096156,0.0,-0.3492374813364778,-0.276451533127971,0.11901240287527591,-0.06853730843453643,2.0204502498334165,-30.0,-30.0,42.47454433628099,0.08474198924949397,-0.9029076322480574,-3.3074658082783737,-0.06853730843453643,2.3696877311698943,-36.07591566453714,-64.09517776713041,73.58861067679393,1.330000000000001
0.35953728534056756,-0.49444828337925506,0.5314114451889763,0.15677998933186776,-0.6511582805329394,0.6666874788951678,-1.74271559715271,-1.8088653087615967,1.8242263793945312,0.35953728534056756,-0.49444828337925506,0.5314114451889763,0,0.0,-1.5707963267948966,nan,0.13385681654724843,-0.32197237373483395,-0.11967309236840129,0.07253481081190793,-1.5708002525869835,0.12911205383334584,-0.3120636575044156,1.9630902901132967,-0.12743938534077023,0.25189566675363223,-0.0004598122771509727,0.03742778291792037,0.2490991300020451,0.013454023081549372,-0.004744762713902589,0.009908716230418335,-0.007766292972368943,0.0069670278155042325,-0.0026642822768326345,0.00643112398675946,0.0002858684982510445,7.992404467535054,3.3228306906819505,-0.6772219817576652,0.2266827512605858,-1.570800831266497,1.9647989389961273,0.6361983464266847,0.7893218423391232,-0.3523302700982216,0,sac,0,-0.22668275126058557,-0.15414794044867808,1.1785087225042858,1.3956282959214992,1.3050671260765647,-0.3683556324523842,0.25316835254791464,1.1767995448469526,1.3518885824915914,1.417319193042103,-0.14569534327940492,0.6591532017525187,0.15786996937000022,-0.14540063895689873,0.10755390501182777,0.6772450187602913,2.0870090266960273,-7.680494206032835,-14.249101847346768,1.0,-0.2887174189090729,4.504471600164095e-06,5.786795131967892e-07,-0.871357798576355,-0.9044326543807983,0.9121131896972656,0,0.12533249735139032,-1.591631495481454,2.8022681763417774,-0.6152188112612389,0.12533249735139032,0.07939370458244445,-4.672466974040323,-5.309528571733206,0.0035301414742190803,0.0007905412536975403,-0.0013980107948831824,0.04518247628797037,-0.07120134405999644,-0.10426862008487763,0.5046714939255327,0.0,-0.3855945425850972,-0.29872189728501974,0.12951985790625617,0.23501312085391024,-10.610876636543027,9.340893921139259,-2.0507293708707963,14.286487474583689,-1.6710252000638985,7.4747351503821005,4.694309760471967,0.23501312085391024,-10.22528209395793,9.639615818424279,-2.1802492287770523,14.222774163094508,1.340000000000001
0.32920102429312426,-0.4944136340470767,0.5584860066153727,0.26852850219823765,-0.49434433538272005,0.6126351294681655,1.9825358390808105,1.9108800888061523,-0.21642398834228516,0.32920102429312426,-0.4944136340470767,0.5584860066153727,0,0.0,-1.5707963267948966,nan,0.12944986352409396,-0.31738772574598906,-0.12275810290901062,0.07348449681245461,-1.5708002088158288,0.1271328248650414,-0.3130991707568788,1.9565066705029632,-0.12779629484404595,0.6702431777698302,0.24277240548500334,-0.5620161241308097,0.2728101037333619,0.0070102603387050735,-0.002317038659052556,0.004288554989110238,-0.005038191935035324,0.0020830579291236185,-0.00015742685420093525,0.0005396866480504407,0.002005763057685841,11.949789583259982,4.87393471246267,-0.6692333675965352,0.10959189348407539,-1.570800255948288,1.9580626640410277,-0.1615713718319954,0.7893194209338402,0.967396587728971,0,sac,0,-0.10959189348407516,-0.03610739667162077,1.185092342000479,1.3972051005329984,1.3036148650864787,-0.3672813844868961,0.05130289458014277,1.1835362147457424,1.3760280480595217,1.3283183163759678,-0.3276475933082596,0.6575427724401086,0.1574842647636253,-0.14504539915771883,0.10729113156123282,0.6692631831806785,2.4992922340200123,-9.116137151595227,-19.52237329622914,1.0,-0.11765612661838531,3.929153391535323e-06,4.7132459268794946e-08,0.9912679195404053,0.9554400444030762,-0.10821199417114258,1,0.28476567413406756,-3.915796325825002,9.0,9.0,0.28476567413406756,-0.6096821239439525,1.055709826466109,-1.976888301145961,-0.0008965282666234164,0.000790538828551465,0.003838531591966907,0.05788869410709961,-0.09272298076937988,-0.16203458001302332,0.507656629636884,0.0,-0.39273453308203843,-0.29646214898225803,0.12484003508464375,0.5339690120646308,-26.10530883883335,30.0,30.0,49.817389257935986,-3.3061142018810497,7.944290173533891,10.97688830114596,0.5339690120646308,-25.71257430575131,52.61889759488808,62.94382808579692,85.97729629693123,1.350000000000001
0.3666429488831484,-0.4704189831617155,0.5532026852609785,0.44152679806319667,-0.42242968139099296,0.54263604255219,1.9872231483459473,0.2201097011566162,-0.08278822898864746,0.3666429488831484,-0.4704189831617155,0.5532026852609785,0,0.0,-1.5707963267948966,nan,0.12377949912159522,-0.3093310564753613,-0.12301738832989681,0.07443173937409586,-1.570800165035079,0.12515046521404183,-0.3141189911231717,1.9499399919598466,-0.1281522197432676,0.9797621260539788,0.3688004751499163,-0.9076489636920648,-0.009663947833546405,0.0071533460605566375,0.0013709660924466072,-0.00478793464781041,-0.005134831413370788,0.006277741293778197,0.0023495601515126927,-0.005681147026755324,0.0012705004157499335,10.190116401274366,4.077669106719541,-0.6585583442645768,-0.012329687328056504,-1.5707998234236735,1.951436953753519,-0.6818574817489619,0.7893194330942984,0.9668799742714836,0,sac,0,0.012329687328056504,0.08676142670215237,1.1916590205215858,1.398777847709578,1.302166341055563,-0.36620990077715376,0.14790555467185548,1.1901622151956588,1.397744620808069,1.2511458260508914,-0.5050250734616755,0.655765115859374,0.15705850852182174,-0.1446532711941475,0.10700107166844973,0.6585811507240648,1.7979554199774261,-6.277417873448889,-15.455154602714417,1.0,-0.15782515704631805,3.4966287767446147e-06,-3.416114053855779e-07,0.9936115741729736,0.1100548505783081,-0.04139411449432373,1,0.3185416079911768,-4.5,9.0,9.0,0.3185416079911768,-1.547524625502836,5.186339335100798,1.7668042150737242,-0.0037834951777982622,0.0007905388407307097,0.0038364817221383856,0.047937192816486285,-0.07345813230153155,-0.1428228152616789,0.4945945748141181,0.0,-0.38638007784089734,-0.2871015225605392,0.11360873481665301,0.5973028464113572,-30.0,30.0,30.0,51.96495714123443,-2.9524753744971637,3.813660664899202,7.233195784926275,0.5973028464113572,-34.12323201690383,69.0085054306477,96.41698612136351,123.38217362515833,1.360000000000001
0.4353288164247596,-0.40452149290022793,0.5561988859176702,0.5727005515079819,-0.2727265123772528,0.5621912872310536,1.8365228176116943,1.169621467590332,0.7506005764007568,0.4353288164247596,-0.40452149290022793,0.5561988859176702,0,0.0,-1.5707963267948966,nan,0.11857228331049625,-0.30200571926269176,-0.12189413084493894,0.07537629775807053,-1.5708001212586349,0.12316563420453552,-0.31512290036269863,1.9433919233732493,-0.12850706925171676,0.9052342821332026,0.3222384801592662,-0.8329246452196459,-0.147810699340703,0.015391239937639394,0.004593350894039269,-0.01311718110000687,-0.0066129384067778185,0.010035006580780218,0.003708067123588167,-0.009323760353892506,-0.0001381598583133697,4.295354375157312,1.6864483651773852,-0.6481372195638494,-0.08658205547202291,-1.570799654010291,1.9449245490792078,-0.8112275903727965,0.7893194330944374,0.9668800690172623,0,sac,0,0.08658205547202291,0.16195835323009344,1.1982070891777703,1.4003461377450903,1.3007219221192496,-0.36514145363560047,0.2485056499327235,1.1966747889434957,1.4061277667008507,1.2214513055866734,-0.6005887985466029,0.653820919492314,0.1565928652994252,-0.14422440671578857,0.10668383750978803,0.6481510957376085,0.09453587808460961,-0.48758657907340464,-5.007610402233281,1.0,-0.37155571579933167,3.327215394755001e-06,-4.6724834401601356e-07,0.9182614088058472,0.584810733795166,0.3753002882003784,1,0.21640249711289342,-4.0886078269488495,9.0,9.0,0.21640249711289342,-2.3376363589234703,7.300787731184508,4.521634586953447,-0.004501344868138278,0.0007905388407308489,0.0038364820980800306,0.015351702201322015,-0.023292120622105388,-0.06615094115894118,0.4646412424856015,0.0,-0.36961403122079106,-0.264877331456049,0.09548272840677514,0.4057800433393839,-27.25738551299233,30.0,30.0,50.429452926315356,-1.7509714680253792,1.6992122688154918,4.478365413046553,0.4057800433393839,-26.887771481771537,50.34965760597572,83.22636153381166,100.91992958724879,1.370000000000001
0.5111210237024542,-0.4041790470441987,0.5987466563737405,0.6627054382578432,-0.4034941553321403,0.683842197285881,1.592435359954834,-1.7542940378189087,1.9404683113098145,0.5111210237024542,-0.4041790470441987,0.5987466563737405,0,0.0,-1.5707963267948966,nan,0.1151757153609583,-0.2989855387747599,-0.12210901743043856,0.07631793226421402,-1.5708000775004436,0.12117899600780431,-0.3161106960024661,1.936864126430176,-0.12886075305391814,0.4251004494871942,0.14099297528067378,-0.400797612769932,-0.01387972167017637,0.019362239605164908,0.006003280646846007,-0.01712515722770619,-0.006751735623479582,0.009505216689045588,0.0034059697494696417,-0.008872121703244851,-0.00018431183960932775,-3.9511656859143383,-1.5221122490466716,-0.6408359414969255,-0.08103580441274771,-1.5707997566096792,1.9385016824642414,-0.8144800260184012,-0.5014906373691637,0.9668800690167979,0,sac,0,0.08103580441274794,0.15735373667696173,1.2047348862813907,1.401909572658343,1.29928197482426,-0.3640763141994988,0.21276449549089368,1.2030977267155345,1.3954871938460003,1.2550480806659703,-0.5720863281604484,0.6517109362954057,0.1560875154326848,-0.14375897181506578,0.10633955194501574,0.6408353482490373,-1.7724582650225695,5.778828689411856,8.24058231165054,1.0,-0.42784976959228516,3.4298147824074476e-06,-3.208907646268244e-07,0.796217679977417,-0.8771470189094543,0.9702341556549072,1,0.057314430584847656,-1.1876171141933787,1.682356856242071,9.0,0.057314430584847656,-2.4903447605903493,5.8098776696904135,6.257557643295678,-0.004519392003955694,-0.0005022653826587854,0.003836482098078188,-0.035527687192479666,0.04987470115685024,0.050572374087326746,0.48169718203399786,0.0,-0.3867517719466138,-0.2721295905465119,0.09165548551307046,0.10747127430123318,-7.917447427955858,5.60785618747357,30.0,31.530074133573336,1.3027276463969706,-4.127520813448342,2.7424423567043217,0.10747127430123318,-7.530695656009245,5.879985778020082,34.968303478525634,36.250233213790814,1.380000000000001
0.5042943075789821,-0.38352908283039683,0.6542746909016447,0.49064087533203804,-0.3422291544027931,0.7653307599574531,-1.9968616962432861,0.5434665679931641,1.943394422531128,0.5042943075789821,-0.38352908283039683,0.6542746909016447,0,0.0,-1.5707963267948966,nan,0.11447619567538012,-0.3029290859821984,-0.12326091930131786,0.0772564043254127,-1.5708000337744872,0.11919121910363081,-0.3170821914031055,1.930358254960597,-0.12921318134230866,0.3336443707401366,-0.12882572185953095,0.2972051806799103,0.07994735824887744,0.016061483816537082,0.0047150234282506975,-0.014153105420907086,-0.005952262040990808,0.004191732102941561,0.0014093140328978633,-0.003926430607985415,0.0004093832680793436,-10.717129032285367,-4.050054060259454,-0.6410048753990062,0.009026198035193556,-1.570800077199439,1.9321078256308013,-0.07022686612592344,-0.7893048952245039,-0.9695542034217637,0,sac,0,-0.009026198035193556,0.06823020629021936,1.2112407580017404,1.4034677563499127,1.297846863984177,-0.36301475232409686,0.07901615091211775,1.2094914593543835,1.3720633160402118,1.3356076283733052,-0.42488863906795754,0.6494359846995992,0.15554265493926184,-0.14325714702722156,0.10596834851735834,0.6409816875195695,-2.498556355479773,8.900702820183838,17.859014741979216,1.0,-0.27497559785842896,3.7504045424796573e-06,4.342495163456306e-08,-0.9984308481216431,0.27173328399658203,0.971697211265564,1,-0.08162596341339307,1.6679628789848897,-9.0,-9.0,-0.08162596341339307,-1.8820838215462348,0.26552984556943804,3.7521836153357855,-0.000389675286187061,-0.0007905242804015802,-0.0038470927923113813,-0.05764379907226519,0.0880110484313414,0.1411561380094607,0.48423609870912426,0.0,-0.3940848115248836,-0.26753642062338057,0.08721252351846773,-0.15305824754058328,11.119752526565932,-30.0,-30.0,43.85968904448833,3.5500467005311247,-9.265529845569437,-12.752183615335785,-0.15305824754058328,11.513837338090816,-45.897284172720575,-32.515367356480596,57.41429861831898,1.390000000000001
0.4604120822318112,-0.412673403031005,0.7237919920119041,0.37264763153746944,-0.47096204343222137,0.8628265942324231,-0.8395907878875732,-1.7935373783111572,1.8644788265228271,0.4604120822318112,-0.412673403031005,0.7237919920119041,0,0.0,-1.5707963267948966,nan,0.11541940460027984,-0.31148479802785706,-0.12231405690128128,0.0781914766020484,-1.570799990094774,0.11720297573585972,-0.3180372158022118,1.9238759542826993,-0.12956426485377737,0.8249153219200863,-0.2931452292670819,0.7600687646552362,-0.12979459115052827,0.009933822025775928,0.0017835711355798783,-0.006552417774354724,-0.0072502079524960905,0.0027119476727611924,-0.0010129660084804292,0.002445177015025852,-0.0005913285133048625,-11.424043596061804,-4.233199809224559,-0.6485015944541968,0.13328099597185883,-1.5708004820607204,1.9256582189498141,0.6355906166863476,-0.7893194330625086,-0.9668751540312509,0,sac,0,-0.13328099597185883,-0.055089519369810436,1.217723059019796,1.4050202947589605,1.296416952535017,-0.3619570364757927,0.18117425259319592,1.2159407238213298,1.3504187251199284,1.4183193729109091,-0.23956667090972086,0.6469969486103239,0.15495849551823124,-0.14271912733031852,0.10557037145349994,0.6484662002699328,-1.8031321332833206,7.3250643712210435,17.705067837555028,1.0,-0.21819278597831726,4.1552658238686035e-06,4.919659462032655e-07,-0.4197953939437866,-0.8967686891555786,0.9322394132614136,1,-0.15198379639712892,2.5481868689372726,-9.0,-9.0,-0.15198379639712892,-0.8856002260488223,-4.420141178122237,-0.3263803820006299,0.003526769299529331,-0.0007905388406988708,-0.0038364625959137854,-0.04767451617322716,0.08091934248931128,0.15567629435459804,0.5192853844054162,0.0,-0.42276518707109656,-0.28448829521825164,0.09996657912339746,-0.2849874299589892,16.987912459581818,-30.0,-30.0,45.70197356318051,3.433787094986095,-4.579858821877763,-8.67361961799937,-0.2849874299589892,17.410677646652914,-75.83243013907375,-86.53479428940021,116.37027540337441,1.400000000000001
0.41626905073560017,-0.493332508347774,0.7483715963967476,0.32798298774317813,-0.6546507189813118,0.7975308051664344,0.014412641525268555,-1.9442461729049683,0.33911848068237305,0.41626905073560017,-0.493332508347774,0.7483715963967476,0,0.0,-1.5707963267948966,nan,0.11622390147707601,-0.3200624051390731,-0.11987836246082562,0.07912291307645303,-1.570799946475322,0.11521494136291896,-0.31897561433496896,1.9174188605481461,-0.12991391490606058,0.8597318327780311,-0.27925312497369265,0.7639208578458845,-0.27853444927388726,0.010144526979850098,-0.0010089601141570481,0.0010867908041041208,-0.010035552445234963,0.007516741628298425,-0.0025325159151538866,0.006711045962495837,-0.002247138165613112,-6.8379349608301325,-2.483081592998295,-0.6563668734955987,0.22924574318644453,-1.5708007758983906,1.9191202579278634,0.8049259552179517,-0.7893194330942092,-0.9668800690286916,0,sac,0,-0.22924574318644453,-0.1501228301099915,1.2241801531829601,1.4065667960200445,1.2949926013908026,-0.36090343362530075,0.3142945819101808,1.2224783218925195,1.3400539398888125,1.4663294876399167,-0.1059565776570845,0.6443947774074836,0.1543352645500805,-0.14214512214523825,0.1051457756635824,0.6563410903622446,-0.4895856745221318,2.8626048576296537,9.64784376319988,1.0,-0.35365793108940125,4.449103494064133e-06,8.294230688932203e-07,0.007206320762634277,-0.9721230864524841,0.16955924034118652,1,-0.14417306997547083,1.852273386995509,-9.0,-9.0,-0.14417306997547083,-0.013628157898280015,-6.946899950961007,-3.5675209796828384,0.004466378314483336,-0.0007905388407306202,-0.003836482098125381,-0.021223298382564232,0.04301617450548006,0.10085119496891079,0.5710229367970273,0.0,-0.45645713114050734,-0.31902375438624586,0.12624549859929166,-0.27034140254166666,12.348489246636728,-30.0,-30.0,44.18776155394422,1.865901544893789,-2.053100049038993,-5.432479020317162,-0.27034140254166666,12.804946377777235,-68.26095802620164,-92.90114392857404,115.99233022102871,1.410000000000001
0.33109109652124435,-0.5667831882718775,0.7955677750579748,0.16073518809253284,-0.7136845481200845,0.8899601323804295,-0.8164387941360474,-1.058599829673767,1.4299943447113037,0.33109109652124435,-0.5667831882718775,0.7955677750579748,0,0.0,-1.5707963267948966,nan,0.11575719459923522,-0.3254571516507921,-0.11950470269880412,0.08005047914735619,-1.5707999029301545,0.1132277941041106,-0.31989724803207564,1.9109886000873315,-0.13026204343399936,0.4779273536830633,-0.15204403809675748,0.44731128146123234,-0.0721788289960279,0.012370560812155762,-0.002529400495124623,0.005559903618716444,-0.010757340735195242,0.008159402911186713,-0.0026971971405804905,0.007442932730925826,-0.001975787391102511,0.9070876192382442,0.3226503888412293,-0.6603625936102625,0.2543693713827999,-1.5708007453186428,1.9125195736295164,0.8354930173488144,-0.7893194330943982,-0.9668800690168143,0,sac,0,-0.2543693713827997,-0.17431889223544372,1.2306104141598069,1.4081068706199356,1.293574169299132,-0.35985420914081634,0.3304520217909068,1.2290789016154104,1.3437458043475585,1.4610907469090295,-0.08237980933215977,0.64163048594546,0.1536732050967104,-0.14153535533568215,0.10469472674120589,0.6603620077211793,0.9488117392534017,-2.8856992853531596,-2.899648207723383,1.0,-0.41111624240875244,4.4185237459970494e-06,8.423884882979848e-07,-0.4082193970680237,-0.5292999148368835,0.7149971723556519,1,-0.0563537345868784,0.49311830524059164,-9.0,-9.0,-0.0563537345868784,0.3992086688436729,-8.085268061210462,-5.683250170437836,0.004635989025324165,-0.0007905388407308096,-0.003836482098078253,0.01881984364604091,-0.022177092696039423,-0.007263560029544394,0.6177164126868396,0.0,-0.49037611531924097,-0.3462113205555408,0.14574825400771363,-0.10566985671644179,3.287455368270611,-30.0,-30.0,42.5537134562542,0.09390963639691874,-0.9147319387895383,-3.3167498295621636,-0.10566985671644179,3.7778314835898517,-35.47289236320306,-57.755542276149434,67.88454855900933,1.420000000000001
0.21658943608077058,-0.616853533098745,0.8603792988791081,-0.012413884800176966,-0.7169942227524801,0.9900023465213748,-1.689839243888855,-0.7490575313568115,1.9591865539550781,0.21658943608077058,-0.616853533098745,0.8603792988791081,0,0.0,-1.5707963267948966,nan,0.11345388887046269,-0.3257812836675747,-0.12232133779139462,0.08097394172433603,-1.5707998594732901,0.11124221418247132,-0.3208019937950271,1.9045867887546386,-0.13060856302564672,0.2557250984701796,0.03177258071332539,-0.05806137461688565,0.2470115500943143,0.009917808963857968,-0.002211674687991369,0.004979289872547588,-0.008287225234252099,0.004844725126236882,-0.0015835115919727149,0.004566796627229908,0.0003289698350921362,8.566301099571586,2.9832980777579374,-0.657305075573423,0.19395723553992883,-1.5708003360947014,1.905914492043187,0.631616478923811,0.7892467161532769,0.05433992354360179,0,sac,0,-0.19395723553992905,-0.11298329381559302,1.2370122260948264,1.40964013155443,1.2921620126967537,-0.3588096266811817,0.20990062568729448,1.235684211248074,1.3610047100263987,1.4007374665824048,-0.18588630371172205,0.6387051545531082,0.15297257590143407,-0.14089006520817043,0.10421740096342828,0.6573254575910321,2.176328908949919,-7.793389523617662,-14.687978601984955,1.0,-0.19167779386043549,4.0092998050411666e-06,4.7662141122728485e-07,-0.8449196219444275,-0.37452876567840576,0.9795932769775391,0,0.09960831695821853,-1.5597826838245636,3.135757044357159,1.2715560120665226,0.09960831695821853,0.24798723775590753,-4.556667090154904,-4.939027968033111,0.0035047175783662872,0.0007904660114503874,0.00021561530800604786,0.04674006066239249,-0.07245549483414955,-0.1091859546044534,0.6501040976073245,0.0,-0.5191569926034355,-0.3601955166431201,0.152874276930378,0.186777267875902,-10.39855122549709,10.45252348119053,4.238520040221742,15.342263607215298,-1.8077699215804712,7.692424134512063,6.210583980099633,0.186777267875902,-9.879394232893656,10.81271899783365,4.085645763291364,15.206732377007922,1.430000000000001
0.17913496571366577,-0.5961726599483825,0.9067790844325364,0.10422602497945613,-0.5548109136476574,0.999578655539393,1.9246461391448975,1.9764132499694824,1.1490378379821777,0.17913496571366577,-0.5961726599483825,0.9067790844325364,0,0.0,-1.5707963267948966,nan,0.10933027753538835,-0.3206642336518612,-0.12499367866831285,0.08189306932227614,-1.5707998161187262,0.10925888336499791,-0.32168974434886627,1.8982150312736958,-0.13095338695822917,0.6786439839878653,0.21402805176009287,-0.600480056955266,0.2327516944335778,0.006047717934736614,-7.139417039044027e-05,-0.001025510697005072,-0.005959708289916321,0.0020441200837339854,0.0003705235004891564,-0.000956975560059225,0.0017678622768075658,11.859098633514613,4.043439913475449,-0.6475966937298488,0.07743956973319932,-1.570799796479082,1.8993881767243714,-0.21311013071606408,0.7893197986770539,0.9669367990308793,0,sac,0,-0.07743956973319932,0.004453499589076593,1.2433839842631706,1.4111661944851646,1.2907564855651354,-0.3577699480890511,0.03354686470745956,1.2422108432880543,1.3863153307782106,1.311616627586354,-0.36621417214020535,0.6356199290337615,0.15223365138897804,-0.14020950451204328,0.10371398529076578,0.6476197671788841,2.6245699080001894,-9.05103471708463,-18.955933602790473,1.0,-0.1056697815656662,3.4696841852976945e-06,-1.9639644133206957e-08,0.9623230695724487,0.9882066249847412,0.5745189189910889,1,0.25215178361624824,-4.0384831568822825,9.0,9.0,0.25215178361624824,-0.49325781606543706,1.1671563124042947,-1.4865913101362882,-0.001182506863217261,0.0007905392068782484,0.0038367071970231564,0.06052555724405405,-0.09248473934623128,-0.15903025116498,0.6479977658545667,0.0,-0.5257088723348623,-0.3515105812073723,0.1413209022054863,0.47281414516453824,-26.923221045881885,30.0,30.0,50.25020780754329,-3.5452253408168453,7.832843687595705,10.486591310136289,0.47281414516453824,-26.39751217354702,53.76904871493282,67.07031833046095,89.92547137950746,1.440000000000001
0.21250731785133786,-0.5741463459863101,0.9065229593855969,0.279252022126682,-0.5300937180621653,0.906010709291718,1.9902002811431885,-0.28847336769104004,-0.008652925491333008,0.21250731785133786,-0.5741463459863101,0.9065229593855969,0,0.0,-1.5707963267948966,nan,0.10446817532364602,-0.3129471276070404,-0.12511227875027828,0.08280763215580889,-1.5707997728804342,0.10727848440103689,-0.3225604081725399,1.8918749205826337,-0.1312964292339547,0.9061146683551354,0.28817032477813087,-0.858776986849441,-0.022444219376011043,0.011771011746924348,0.0028103090773908684,-0.009613280565499482,-0.006184150483676432,0.006788680534680331,0.0021643205712207868,-0.0063519214609098415,0.0010271288241360654,9.46938056980845,3.161139874824615,-0.6353073477157738,-0.036786881318897624,-1.5707993994595888,1.8929885816628682,-0.7090099118624036,0.7893194331006711,0.9668800662464011,0,sac,0,0.036786881318897624,0.11959451347470651,1.2497240957253961,1.4126846778964304,1.289357939286039,-0.35673543328405644,0.18412424454895598,1.2486106449491803,1.4091454379044197,1.2362360853045555,-0.532991043316593,0.6323760206652302,0.15145672166548202,-0.1394939404394604,0.10318467736719285,0.6353235393667879,1.8948013090660063,-6.028970751051085,-14.117252341214709,1.0,-0.25072401762008667,3.0726646924605916e-06,-3.734208453565202e-07,0.9951001405715942,-0.14423668384552002,-0.004326462745666504,1,0.28284221728144116,-4.5,9.0,9.0,0.28284221728144116,-1.4773509239891294,5.247073223097314,2.1411230600663265,-0.003934158756551121,0.0007905388407370922,0.003836482087085534,0.05016466013979521,-0.07142762927740992,-0.132967562635728,0.6313392284434278,0.0,-0.5182578425163263,-0.3391150505824157,0.12247045566319698,0.5303623050467676,-30.0,30.0,30.0,51.96423081480774,-3.022649076010871,3.7529267769026857,6.8588769399336735,0.5303623050467676,-34.80797054611347,68.77273135247378,95.45121527167956,122.68862690662799,1.450000000000001
0.2996667842764985,-0.5464997991419898,0.8984178376998775,0.4739857171268198,-0.49120670545334927,0.8822075943284388,1.846634864807129,-0.21709787845611572,0.7144229412078857,0.2996667842764985,-0.5464997991419898,0.8984178376998775,0,0.0,-1.5707963267948966,nan,0.10022491112666267,-0.3066256230409792,-0.12449459754057082,0.08371740223377522,-1.5707997297723446,0.10530170045961026,-0.3234139094070656,1.8855680371793426,-0.13163760461566637,0.7585317854262447,0.22664802555567298,-0.7175005800586942,-0.0958856591419116,0.018937869444996154,0.005076789332947598,-0.016788286366086425,-0.007143007075095548,0.009472747111360624,0.002948648454932129,-0.009002018986847722,4.543440822231924e-05,3.1247194433571903,1.0213745870816309,-0.6234361647147163,-0.09890544875542728,-1.5707992563922726,1.886716956569687,-0.8227558357166935,0.7893194330946071,0.9668800690167676,0,sac,0,0.09890544875542728,0.1826228509892025,1.256030979982211,1.414195203251987,1.2879667224970892,-0.3557063401559725,0.26843004251307095,1.2548823846478905,1.4182565033606152,1.2097739788001458,-0.6124606373486365,0.6289747061997976,0.15064209251849775,-0.13874365462540023,0.10262968552014139,0.6234458522547023,0.15352053797189624,-0.12476511623982245,-3.2586551536243227,1.0,-0.47284290194511414,2.9295973762444305e-06,-4.7338007203023835e-07,0.9233174324035645,-0.10854893922805786,0.35721147060394287,1,0.18531762376025634,-4.1442267992429,9.0,9.0,0.18531762376025634,-2.302696672539987,7.327381100606617,4.763047222728568,-0.004565312870007572,0.0007905388407310188,0.003836482098078068,0.01672467449834167,-0.02003974261524488,-0.05244559241708545,0.6130417088779131,0.0,-0.508053369477697,-0.3268120612828464,0.1043828874211083,0.3474922628169067,-27.628178661619334,30.0,30.0,50.6303960781572,-1.8415301267029132,1.6726188993933828,4.236952777271432,0.3474922628169067,-27.120125292141637,48.63394470106004,78.00836315589432,95.84459946278577,1.460000000000001
0.39778297920966266,-0.5674661224478147,0.9289518978857969,0.5940153690759908,-0.6093987690594646,0.9900200182576356,1.5843467712402344,-1.584568738937378,1.8795504570007324,0.39778297920966266,-0.5674661224478147,0.9289518978857969,0,0.0,-1.5707963267948966,nan,0.09760663660029836,-0.3049735160763956,-0.12551668595287005,0.08462215345367285,-1.570799686808342,0.1033292145664577,-0.32425018774174347,1.8792959484667313,-0.1319768286623413,0.2659963927989504,0.06457886332117413,-0.24883852992614308,0.06828643656242861,0.021120402763657987,0.0057225779661593396,-0.019276671665347855,-0.006460142709471262,0.00802679366574961,0.0023920577296665645,-0.007646735696179498,0.00048467469836454245,-5.3007905600843115,-1.6965599922509351,-0.6149742895712098,-0.0797133566821282,-1.5707993829967897,1.8805477148113356,-0.8323351548465227,-0.6378008373503063,0.9668800690167919,0,sac,0,0.0797133566821282,0.16433551013580106,1.2623030696292168,1.4156973951518763,1.286583180947348,-0.35468292445788263,0.21538038480766508,1.2610516757605743,1.4082699573218012,1.2468049537315693,-0.5662241024354425,0.625417327864226,0.1497900854169908,-0.13795894314766136,0.102049228760502,0.6149723817092556,-1.6890401521950171,6.069234293988159,9.945866760304746,1.0,-0.42667055130004883,3.056201893336663e-06,-3.038115523601448e-07,0.7921733856201172,-0.792284369468689,0.9397752285003662,0,0.03553030900519061,-1.2528498231745493,0.8078990381391186,8.145640887137663,0.03553030900519061,-2.4858684889086256,5.531513134912142,6.231816571809266,-0.0046184666575722925,-0.0006387861662031962,0.003836482098078164,-0.034043860641034054,0.05296836264145134,0.06489102288333447,0.6363452083670058,0.0,-0.5280580306388698,-0.34004866649818477,0.10225871553199134,0.06662349335306696,-8.352332154496995,2.692996793797062,27.15213629045888,28.535182283909915,1.2330186657340763,-4.723614096773024,1.9138243153283971,0.06662349335306696,-7.8242741238581255,3.0330454602952464,27.04987757492689,28.321704500928128,1.470000000000001
0.4019761391321159,-0.5665591574795917,0.9711092372631532,0.4103624589770224,-0.5647452275431459,1.0554239160178658,-1.998193383216858,0.020873308181762695,1.913177490234375,0.4019761391321159,-0.5665591574795917,0.9711092372631532,0,0.0,-1.5707963267948966,nan,0.09724218089317149,-0.3103746043645789,-0.12711011882862802,0.08552166169611297,-1.5707996440022474,0.10136170904154139,-0.32506919827869146,1.873060208097982,-0.13231401776443014,0.5014314873994545,-0.16030498177894426,0.4582077751235314,0.12562437736691467,0.016123962496853172,0.004119528148369897,-0.014694593914112541,-0.005203898935802115,0.002403645690566224,0.0005250759515583437,-0.002039495627887968,0.0011585617958048428,-11.919594426755552,-3.734558588919204,-0.6140658639317473,0.02197080405384333,-1.570799726297966,1.8744180140891424,-0.13264625070468072,-0.7894317225282051,-0.9640785112085593,0,sac,0,-0.02197080405384355,0.06355085764226942,1.2685388110116573,1.4171908814892373,1.2852076573528843,-0.3536654396993437,0.07392638172485626,1.2671812525490942,1.3861544181827496,1.328852759891372,-0.4046076610857323,0.6217052933597526,0.14890103751133923,-0.1371401165268614,0.101443536782623,0.6140435338943219,-2.3378351894190703,8.956420419396444,19.109529663424134,1.0,-0.2770816683769226,3.3995030692679507e-06,8.229571868412222e-08,-0.999096691608429,0.010436654090881348,0.9565887451171875,1,-0.09254686851931859,1.4513030874499844,-9.0,-9.0,-0.09254686851931859,-1.9228400781705697,-0.017970860560529572,3.6096895927348114,-0.0007360283685776877,-0.000790651303638862,-0.003825365800698133,-0.05452530075104584,0.08894880497692254,0.15208573359541486,0.6485598543217561,0.0,-0.5397347336336044,-0.34396422071747124,0.1049043221871361,-0.17353622448775285,9.67535391633323,-30.0,-30.0,43.51600381730283,3.374143165620554,-8.98202913943947,-12.609689592734812,-0.17353622448775285,10.215088649966834,-48.52226422385575,-40.93617765602066,64.30053590323216,1.480000000000001
0.36983131697421223,-0.61380125687006,1.0297806435766679,0.3055416726584049,-0.7082854556509968,1.1471234562036972,-0.5330888032913208,-1.8566951751708984,1.8807759284973145,0.36983131697421223,-0.61380125687006,1.0297806435766679,0,0.0,-1.5707963267948966,nan,0.09815459459750307,-0.3202002838859122,-0.12606032087440813,0.08641570491927064,-1.5707996013678172,0.099399864937766,-0.325870911376033,1.8668623553218084,-0.13264908917903717,0.957137352408258,-0.28742578081069753,0.9023966423991725,-0.13848693688269242,0.008781718631574157,0.0012452703402629217,-0.0056706274901208165,-0.006588768304629039,0.004906268848642095,-0.00156335428345232,0.004648087293156055,-0.00015060516182496125,-12.346920343616627,-3.7849097009205237,-0.6202327700278026,0.15468860493044123,-1.5708001507961977,1.868245311703099,0.5860532987332264,-0.7893194311063199,-0.9668848772508877,0,sac,0,-0.154688604930441,-0.06827290001117081,1.2747366648791598,1.4186752936071196,1.2838404912523476,-0.35265413703955195,0.1985493580441529,1.2733536170263158,1.3663463333705934,1.4110619215784088,-0.20948876991210325,0.6178400758620908,0.1479753016333341,-0.13628749972643747,0.10081284996431084,0.6201986459936544,-1.6137699351764512,7.218472766460765,18.518726909828995,1.0,-0.2175057828426361,3.824001301389046e-06,5.494283805695943e-07,-0.2665444016456604,-0.9283475875854492,0.9403879642486572,1,-0.15556344351206194,2.167157505425748,-9.0,-9.0,-0.15556344351206194,-0.998196407533617,-4.5798229490519615,-0.4544392278179241,0.003251896311238653,-0.0007905388387396599,-0.00383650117666363,-0.04365819443169597,0.080155910134387,0.1629064285594213,0.6989445100272932,0.0,-0.5766270975457137,-0.3732046699194016,0.1293943307245315,-0.2916996878156046,14.44771670283832,-30.0,-30.0,44.819879591910386,3.165353912959365,-4.4201770509480385,-8.545560772182077,-0.2916996878156046,15.024343800384035,-76.71459516805085,-93.23085438333354,121.66732230218713,1.490000000000001
0.2956294381935803,-0.6856958980483646,1.0741301942215395,0.14722568063231642,-0.8294851804049739,1.162829295511283,-1.3268754482269287,-1.9579918384552002,1.3090684413909912,0.2956294381935803,-0.6856958980483646,1.0741301942215395,0,0.0,-1.5707963267948966,nan,0.09883721129717782,-0.3297628674535641,-0.12331066335350374,0.08730406325334061,-1.5707995589187236,0.0974443614816275,-0.3266553124701027,1.8607039143277153,-0.13298196106494034,0.9670478428694577,-0.2638120155813245,0.8778182473582197,-0.30825294068075604,0.01025333740823704,-0.0013928498155503233,0.0031075549834613803,-0.0096712977114366,0.009606355257195649,-0.0027960343057865265,0.00893503254850381,-0.002151614938945356,-7.470207655894733,-2.2390169063156646,-0.6265716020624562,0.25663447900165237,-1.5708004582202553,1.8619993166487985,0.7801873704544205,-0.7893194330752293,-0.9668800690054095,0,sac,0,-0.2566344790016526,-0.16933041574831176,1.280895107040481,1.4201502664552978,1.282482018862538,-0.3516492651805084,0.33774170895170236,1.279599246735441,1.3576816941422027,1.457585268477242,-0.06968417486041119,0.6138232140214316,0.14701324629617976,-0.13540143215264647,0.10015741936683024,0.6265459925845823,-0.3404576185519266,2.6983422130058257,10.156424184668701,1.0,-0.3888394832611084,4.131425358711027e-06,8.993015319092024e-07,-0.6634377241134644,-0.9789959192276001,0.6545342206954956,1,-0.14763603749847878,1.4517806400674547,-9.0,-9.0,-0.14763603749847878,-0.20361721444786027,-7.022028192757462,-3.6573086983677308,0.004329108696324575,-0.0007905388407116111,-0.0038364820980329997,-0.017796351656571417,0.04151252057807522,0.10538222949393171,0.7575772588758157,0.0,-0.6165874104490605,-0.4093409448094518,0.16181242024029466,-0.2768348724891783,9.678537600449697,-30.0,-30.0,43.51724632407185,1.655397854515315,-1.9779718072425378,-5.34269130163227,-0.2768348724891783,10.295125010898758,-67.7084376967634,-97.79193118904276,119.38911415014194,1.500000000000001
0.1853751456888881,-0.7505533205157187,1.1252120332702582,-0.03513343932049623,-0.8802681654504269,1.2273757113676957,-1.836076021194458,-1.3817908763885498,1.864823341369629,0.1853751456888881,-0.7505533205157187,1.1252120332702582,0,0.0,-1.5707963267948966,nan,0.09839656187894465,-0.3359656884719402,-0.12278317156389648,0.08818651909499198,-1.5707995166685502,0.09549587551650289,-0.3274224018770797,1.8545863935912557,-0.1333125525174502,0.5705879078083159,-0.15078365468914334,0.5435731611399097,-0.08580832421171136,0.0138661310566516,-0.0029006863624417567,0.008543286594860477,-0.010529380953553713,0.010182206351813534,-0.00286417797506959,0.009563583016461204,-0.0020029205189654765,0.5350344945381227,0.15671975331798382,-0.6290251141126689,0.28624029454690003,-1.5708004308171193,1.8557064242162495,0.8181045656764856,-0.7893194330906481,-0.9668800690167677,0,sac,0,-0.28624029454690003,-0.19805377545190783,1.2870126290182524,1.4216154387470856,1.2811325729339804,-0.3506510702601839,0.3569642236727591,1.2858920240606262,1.362389060754753,1.450756439934066,-0.042199808112221224,0.6096563119624403,0.146015255694493,-0.13448226765456422,0.09947750673490374,0.6290225215530958,1.0141066146472024,-3.0337949712526537,-2.577202071906665,1.0,-0.47787657380104065,4.104022222506387e-06,9.141485692865103e-07,-0.918038010597229,-0.6908954381942749,0.9324116706848145,1,-0.06470508268976538,0.17065340014555422,-9.0,-9.0,-0.06470508268976538,0.15555372816175272,-8.117488768501692,-5.752019845806272,0.004539503872909491,-0.0007905388407270538,-0.0038364820980780682,0.020608080038647072,-0.02363409001747829,0.0073034071878408675,0.8070184020500495,0.0,-0.6524560835048936,-0.4370739275171617,0.18586592541289945,-0.1213296131441316,1.137689334303695,-30.0,-30.0,42.44183146256078,0.015099671983801494,-0.8825112314983077,-3.247980154193728,-0.1213296131441316,1.7901454178085885,-34.311412704113806,-61.38370229661492,70.3452293399019,1.5100000000000011
0.06010969352541401,-0.7583087069397393,1.1817619880887409,-0.19042121080153407,-0.7738194797877805,1.294861897725706,-1.7284029722213745,0.2804563045501709,1.9632501602172852,0.06010969352541401,-0.7583087069397393,1.1817619880887409,0,0.0,-1.5707963267948966,nan,0.09638264918764632,-0.33692247815433485,-0.1258118209287285,0.08906285720182128,-1.570799474630781,0.09355508094926011,-0.32817219457449537,1.8485112852192873,-0.13364078360310636,0.2709327018719392,0.007311812405555451,0.02069969849790021,0.2700418279175859,0.01207705516370363,-0.002827568238386202,0.00875028357983948,-0.007828962674377854,0.006778216953006467,-0.0018574191526684208,0.00650221184642838,0.0004641769678595028,8.532480974334735,2.440935835261513,-0.6245007220927911,0.22885373245588414,-1.5708000102449022,1.849424361437533,0.6032482965191507,0.7891814956336808,-0.11807231911396643,0,sac,0,-0.22885373245588436,-0.13979087525406264,1.2930877387037238,1.4230704531161502,1.279792482606493,-0.34965979574568495,0.23711664688832954,1.2921742982944786,1.379659564322682,1.3892324586973273,-0.14383983503831746,0.6053410392842591,0.14498172970430379,-0.13353037452408623,0.098773384496712,0.6245171583933362,2.1319977705757527,-7.887873095465585,-14.630635993614156,1.0,-0.2537321150302887,3.683450005453892e-06,5.356141210555165e-07,-0.8642014861106873,0.14022815227508545,0.9816250801086426,0,0.08292929870457007,-1.7569579016986576,3.4502305607079777,0.42471698363464844,0.08292929870457007,-0.009104402085594536,-4.466021678382932,-5.1394313282273245,0.0033473080254848983,0.0007904006901725985,-0.00046849899286882234,0.04629586690626489,-0.07345144700362934,-0.10808827144362029,0.8217945135689254,0.0,-0.6689560881239639,-0.4384657052055285,0.188657891572255,0.1555021539556911,-11.713052677991051,11.50076853569326,1.4157232787821614,16.47700619866837,-1.747853499613063,7.916252239090909,5.564148311861973,0.1555021539556911,-11.044096589867086,11.939234240898788,1.2270653872099064,16.31095503426263,1.5200000000000011
0.017574286019622375,-0.7108942798114815,1.2200564675812673,-0.06749652899196087,-0.6160654255549657,1.29664542656632,1.9674811363220215,1.9955010414123535,1.3261711597442627,0.017574286019622375,-0.7108942798114815,1.2200564675812673,0,0.0,-1.5707963267948966,nan,0.09271255338372617,-0.33184781723283896,-0.12892017471354986,0.08993286478680917,-1.5707994328187895,0.09162264820084921,-0.3289047199631073,1.8424800642952315,-0.13396657539421292,0.6669747895059539,0.17376630555092504,-0.5807186310107793,0.2782561993714794,0.0059427161026386534,-0.0010899051828769518,0.002943097269731687,-0.00504640068066306,0.0022110575572009583,-7.969634489616846e-05,0.0004625317304773938,0.002160668510477081,12.255165880407244,3.423969686210197,-0.6134166569449792,0.11196046325316167,-1.570799447629213,1.843235053098107,-0.20459376890299547,0.7893201473094309,0.9671023859620144,0,sac,0,-0.11196046325316189,-0.022027598466352494,1.2991189610115108,1.424514956273326,1.2784620732647622,-0.34867568232641877,0.03698147720826234,1.2983639036484114,1.4039022357452136,1.2994476564951662,-0.3262752226482475,0.6008791310605054,0.14391308388305477,-0.1325461354959272,0.09804533576389363,0.6134354775766686,2.480880143288364,-9.100896711067142,-19.344505881744738,1.0,-0.10804072767496109,3.1208343163058316e-06,1.4810423554223462e-08,0.9837405681610107,0.9977505207061768,0.6630855798721313,1,0.22612262713981807,-4.076925879976736,9.0,9.0,0.22612262713981807,-0.7196714650320647,1.2655644933637775,-1.726029681703224,-0.0011352512200446115,0.0007905395560492222,0.0038373642291798142,0.05783574884390287,-0.09302919033993272,-0.16148848495137483,0.8053523508202906,0.0,-0.6655784616739461,-0.42014931925144866,0.17050592324038516,0.4240064262888019,-27.179505866511576,30.0,30.0,50.38755124628772,-3.3572544149446713,7.734435506636222,10.726029681703224,0.4240064262888019,-26.51392740483763,54.54576564610486,65.48011521266379,89.25275438921788,1.5300000000000011
0.03250835588904384,-0.6752300224366937,1.1950500646049986,0.062376495627886774,-0.6039015076871184,1.1450372586524615,1.993854284286499,-0.42299914360046387,-1.1096866130828857,0.03250835588904384,-0.6752300224366937,1.1950500646049986,0,0.0,-1.5707963267948966,nan,0.08826812188729341,-0.3234787706435084,-0.12917941898640722,0.09079633161277556,-1.5707993912458305,0.08969924366151212,-0.32962002160966203,1.836494188224333,-0.1342898500032111,0.9427887338804078,0.2521026957095662,-0.9084348235885331,-0.0064030336140802335,0.008116623567681142,0.0014311217742187105,-0.006141250966153644,-0.0051104310168038625,0.006124367063015866,0.0016246782509689215,-0.005737722572347979,0.001395289284037776,10.120518686571288,2.7616689269803323,-0.5997139098905647,-0.006197055783435879,-1.5707990268166172,1.8371857814770383,-0.6924634937277825,0.789319433109071,0.966880046063916,0,sac,0,0.006197055783435879,0.09699338739621144,1.3051048385343345,1.4259485991634282,1.277141666393913,-0.34769896780725923,0.16047571358433957,1.3044133605417245,1.424912551477387,1.2238186644991333,-0.4990514061183426,0.596272387839274,0.1428097494696018,-0.13152994774762145,0.09729365433154548,0.5997271336280487,1.6922914092030823,-6.0357817868623505,-14.834042765842657,1.0,-0.18245133757591248,2.700021720869472e-06,-3.644292130289273e-07,0.9969271421432495,-0.21149957180023193,-0.5548433065414429,1,0.25146957075567183,-4.5,9.0,9.0,0.25146957075567183,-1.6509395546869365,5.303455248515365,1.9623741673970685,-0.0038423458852431826,0.0007905388407455051,0.0038364820070034794,0.046063271666279944,-0.0715827013303781,-0.13836718959766178,0.7672446764200622,0.0,-0.6417239948765775,-0.3958616614613135,0.1419445415634601,0.4715349160991409,-30.0,30.0,30.0,51.96366370048498,-2.8490604453130635,3.696544751484635,7.037625832602932,0.4715349160991409,-34.066140321433735,69.20536189425184,96.17537730613941,123.28750778756684,1.5400000000000011
0.10292982985023222,-0.6501629022599897,1.1503307783959107,0.24377277777260892,-0.6000286619065819,1.0608922059777348,1.873509407043457,-0.5652334690093994,0.3048994541168213,0.10292982985023222,-0.6501629022599897,1.1503307783959107,0,0.0,-1.5707963267948966,nan,0.08424989852353122,-0.3160943414898998,-0.12811033949356532,0.09165305008683355,-1.5707993499250288,0.08778552915121976,-0.3303181569711168,1.830555096078917,-0.1346105306168937,0.8466890799353795,0.21045088534698275,-0.8082564515063395,-0.1389760106524529,0.016033405608882847,0.003535630627688538,-0.01422381548121704,-0.0065001911233283916,0.00952619312364159,0.0024817323602544955,-0.009197246673949905,3.679605870106177e-06,3.8445032740466245,1.02471025301414,-0.5863619945215709,-0.07458646498519617,-1.5707988674629338,1.8312784581034889,-0.8109370637305078,0.7893194330948616,0.9668800690168642,0,sac,0,0.07458646498519617,0.1662395150720295,1.3110439321977712,1.427371037122069,1.2758315794350807,-0.3467298870017116,0.25251244906433606,1.3103207880871555,1.4318028493341382,1.1975947603434025,-0.5867744103176938,0.5915226756431364,0.14167217338421387,-0.130482222899523,0.09651864467822258,0.5863715016658105,-0.07853223245531543,-0.0806937046147771,-4.137947804517975,1.0,-0.3930971324443817,2.5406680372874746e-06,-4.824620951637826e-07,0.9367547035217285,-0.2826167345046997,0.15244972705841064,1,0.15641250284267558,-3.9542527789501474,9.0,9.0,0.15641250284267558,-2.399066404870895,7.354047291733999,4.648866128731069,-0.004499732792038003,0.0007905388407312738,0.0038364820980784507,0.011897934338449757,-0.019717909160218258,-0.05939549229012503,0.7286299686881991,0.0,-0.6141880666596904,-0.3742979474183187,0.11651479134355067,0.29329177356586456,-26.361685193000984,30.0,30.0,49.950219882192,-1.5551863740792524,1.6459527082660008,4.351133871268931,0.29329177356586456,-25.747497126341294,48.67557790768631,80.59199394009664,97.60840640141201,1.5500000000000012
0.19371416493499571,-0.6749701481435415,1.1487843383041776,0.37528283510452276,-0.724584639910645,1.1456914581207112,1.4349956512451172,-1.7282612323760986,1.8290069103240967,0.19371416493499571,-0.6749701481435415,1.1487843383041776,0,0.0,-1.5707963267948966,nan,0.08157937188575548,-0.3133545536500179,-0.1282471903633945,0.09250281535484883,-1.5707993088693697,0.0858821613859177,-0.33099919710091286,1.8246642079436441,-0.13492854153045714,0.3510472289477809,0.07671588724736805,-0.34208279696779087,-0.0181160043734252,0.019351689678411173,0.0043027895001622185,-0.017644643450894948,-0.0066813511670626435,0.00867187360824496,0.0021621008228875434,-0.008397187722204887,-0.00011811124881219368,-4.768482698819088,-1.2414777502426817,-0.5763693752795379,-0.062294422931932436,-1.57079898815721,1.8254882588976473,-0.7878258703792355,-0.6569110625122702,0.9668800690167937,0,sac,0,0.06229442293193266,0.15479723828678127,1.3169348219149963,1.4287819300324693,1.2745321256409827,-0.3457686716250783,0.20727714861553131,1.3161110530103834,1.4194471466429288,1.2353415105288743,-0.5490913099346915,0.5866319259691392,0.14050081822857255,-0.12940338701480486,0.0957206219659378,0.5763708381530191,-1.9261730222608218,6.159470153428359,9.160741170900147,1.0,-0.42700326442718506,2.661362313638449e-06,-3.207121599402285e-07,0.7174978256225586,-0.8641306161880493,0.9145034551620483,1,0.015974697841058642,-0.9555922480999351,0.6963401314755143,9.0,0.015974697841058642,-2.486996874953238,5.505859975938668,6.333062432561481,-0.004371493253808671,-0.0006579259144625512,0.003836482098078171,-0.03908684299700707,0.05372872844826342,0.05809680974099661,0.7361942283608759,0.0,-0.6202044915074614,-0.3809034677930607,0.11063850509229378,0.0299544306038977,-6.370614987332901,2.321133771585048,30.0,30.756678861189418,1.5314046268533028,-4.8095198444631535,2.666937567438519,0.0299544306038977,-5.75041049582544,2.7020372393781087,30.76247207471866,31.411762311739906,1.5600000000000012
0.19531305075811936,-0.6668946383461384,1.1668994806026431,0.19851082240436668,-0.6507436187513322,1.2031297651995743,-1.9983099699020386,0.2669100761413574,1.9169399738311768,0.19531305075811936,-0.6668946383461384,1.1668994806026431,0,0.0,-1.5707963267948966,nan,0.08087411228679517,-0.31811722734761483,-0.12892358890432576,0.09334542539589297,-1.570799268091693,0.0839897914501413,-0.33166322633793904,1.818822924260777,-0.1352438081813973,0.4282351411072112,-0.1187110336816094,0.4098644460570733,0.036113188999109536,0.015269142641453078,0.0031156791633461245,-0.013545998990324215,-0.006320219277071548,0.0029377498898286044,0.0006488452771231871,-0.002860632522743028,0.0001617275219861214,-11.791021379418153,-2.9976790610432884,-0.5740140734821566,0.03482294320987189,-1.5707993312389303,1.8197526363312797,0.011840699542801897,-0.7894359082489147,-0.9676059207622855,0,sac,0,-0.034822943209872115,0.05852248218602085,1.322776107241525,1.4301809424822742,1.2732436139314913,-0.3448155501876248,0.0749772422437146,1.3218465959510093,1.395074117937263,1.3184755431402582,-0.3932129293899366,0.5816021357888044,0.1392961622857723,-0.1282938805994596,0.09489991204016207,0.5739974282054019,-2.551440812973348,9.070933792586239,18.685605349553274,1.0,-0.2613157033920288,3.004444034004905e-06,6.314723766109864e-08,-0.9991549849510193,0.1334550380706787,0.9584699869155884,1,-0.09981900204514661,1.8435312617190314,-9.0,-9.0,-0.09981900204514661,-1.8232341795759268,-0.050798277420273874,3.7946142670105805,6.570174973667402e-05,-0.0007906554958260282,-0.003839362204222328,-0.05921112109886062,0.09001735339178278,0.14803637325879399,0.7347149543195793,0.0,-0.6197287945332495,-0.3784952619600718,0.11173013022888506,-0.18717232710509396,12.29020841146021,-30.0,-30.0,44.17107941036942,3.666765441294958,-8.949201722579726,-12.79461426701058,-0.18717232710509396,12.90993720599346,-49.119725127258036,-37.35970580404965,63.04915960173659,1.5700000000000012
0.17885860727060648,-0.7174091054429623,1.2108020034491627,0.1459497202955807,-0.8184380396366101,1.2986070491422015,-0.2060079574584961,-1.9413471221923828,1.9379384517669678,0.17885860727060648,-0.7174091054429623,1.2108020034491627,0,0.0,-1.5707963267948966,nan,0.08132937731069781,-0.32780957193793175,-0.12715071992360705,0.09418068111670141,-1.570799227604678,0.08210906427651087,-0.3323103419788491,1.8130326251754305,-0.13555625718324665,0.9571916076864903,-0.23359921975330683,0.9045228949406847,-0.2085317982568058,0.00956649880306624,0.0007796869658130562,-0.004500770040917368,-0.008405537259639606,0.004454099281794661,-0.0011227774288667873,0.004115779835475942,-0.001280127963603884,-12.508407286766765,-3.103398641469189,-0.5790282752475802,0.16614567656467272,-1.570799752942797,1.8139874906819144,0.6664389758834366,-0.7893194308799981,-0.9668785753006149,0,sac,0,-0.16614567656467294,-0.07196499544797152,1.3285664080299635,1.4315677439203671,1.2719663487492043,-0.3438707478877439,0.20208223985252977,1.3276114547462556,1.37345969167773,1.4017195639958877,-0.20026059112382938,0.5764353675481309,0.1380586995203206,-0.12715415860229906,0.09405685142982437,0.5789993158403237,-1.7676535695992883,7.30864315369476,18.428633370913847,1.0,-0.23316338658332825,3.426147900498222e-06,5.25338118784191e-07,-0.10300397872924805,-0.9706735610961914,0.9689692258834839,1,-0.15608721528707456,2.5573422091545064,-9.0,-9.0,-0.15608721528707456,-0.810217295656604,-4.599473413791595,-0.3038352339357576,0.0036979408733394505,-0.0007905388385129886,-0.003836476171163797,-0.04723138259607168,0.08107996559579518,0.1616943078710467,0.7862587659535165,0.0,-0.6554079722701293,-0.41093902170001007,0.14061421467171398,-0.29268182127709463,17.048948061030043,-30.0,-30.0,45.72474486135714,3.36755950481111,-4.400526586208405,-8.696164766064243,-0.29268182127709463,17.704356033300172,-77.53861733300818,-91.2396135744347,121.03897780603239,1.5800000000000012
0.14245154428427037,-0.81039083885069,1.256810970772859,0.06963741831159818,-0.9963543056661452,1.3488289054202518,-0.3503410816192627,-1.9755018949508667,1.625220775604248,0.14245154428427037,-0.81039083885069,1.256810970772859,0,0.0,-1.5707963267948966,nan,0.08166649072032704,-0.3375723220941437,-0.1238932869920864,0.09500838644613174,-1.5707991874208411,0.0802406181326173,-0.332940653934436,1.8072946698808365,-0.13586581635916012,1.004934590542431,-0.2205559553522793,0.9132438200625037,-0.3566992107434108,0.012916149659378926,-0.0014258725877097367,0.004631668159707669,-0.011972529367073714,0.009645862430728269,-0.0022149710818200347,0.00881654111073286,-0.0032257042613967977,-7.757916472281606,-1.8768497322873074,-0.5843843280956756,0.2691575816685927,-1.57080005675088,1.8081601002657977,0.8114421418209273,-0.7893194330723551,-0.9668800690203561,0,sac,0,-0.2691575816685927,-0.1741491952224612,1.3343043650847464,1.4329420088136824,1.2707006299150174,-0.3429344865051226,0.3415361400531736,1.33343851355466,1.363762480980478,1.448814000358174,-0.05985145016825082,0.5711337491675975,0.1367889395781388,-0.12598469041495555,0.09319178734731244,0.584361143293332,-0.40813430442064386,2.730727241480423,10.304312615314595,1.0,-0.4403236210346222,3.7299559831893703e-06,8.693300390660852e-07,-0.17517054080963135,-0.9877509474754333,0.812610387802124,1,-0.15200620940005,1.7383817814984588,-9.0,-9.0,-0.15200620940005,0.027791503305794468,-7.031537080637888,-3.5566463644316517,0.004502535372592832,-0.0007905388407087325,-0.0038364820980923064,-0.019609336584269686,0.04193730290429287,0.10625725281005327,0.866728502643077,0.0,-0.7094411031167651,-0.46299773823332313,0.18315215776289662,-0.2850294569661541,11.589211876656393,-30.0,-30.0,43.981712946557366,1.7105902781926643,-1.9684629193621124,-5.443353635568348,-0.2850294569661541,12.298652979773157,-68.46574284482824,-97.3874962892642,119.67965776895345,1.5900000000000012
0.05811986724280789,-0.8693830423119208,1.316262616159517,-0.11054348684011707,-0.9873674492343825,1.435165906932833,-1.1307088136672974,-0.9364848136901855,1.923996925354004,0.05811986724280789,-0.8693830423119208,1.316262616159517,0,0.0,-1.5707963267948966,nan,0.08113030882056857,-0.3441744474069623,-0.12311301238730163,0.09582834842961696,-1.5707991475525211,0.07838508411574042,-0.33355428437078183,1.801610395963596,-0.13617241477534625,0.6227684470025769,-0.1319352117118408,0.5988494876472794,-0.10868730209709077,0.01705497324324838,-0.0027452247048281447,0.010620163036180463,-0.013059402388044622,0.01052816902342549,-0.002352052607916495,0.009852586066397011,-0.0028699720067709225,0.23877033413767057,0.05630340991371646,-0.5858528694346915,0.30142445826089315,-1.5708000312711845,1.8022959028214993,0.8367424424684534,-0.7893194330900436,-0.9668800690167989,0,sac,0,-0.30142445826089315,-0.2055961098312764,1.3399886408168902,1.4343034168040227,1.2694467524836959,-0.3420069842939059,0.36260566174454445,1.3393025974909007,1.36833529778469,1.4418956466830088,-0.029930100439559557,0.5656994740421519,0.1354874077865594,-0.12478595987187911,0.09230507768847085,0.5858488723946821,1.0363396919522012,-3.071261416933654,-2.28023960359739,1.0,-0.5537397265434265,3.7044762879467896e-06,8.837186635801686e-07,-0.5653544068336487,-0.4682424068450928,0.961998462677002,1,-0.0793688540351566,0.316572359667198,-9.0,-9.0,-0.0793688540351566,0.40055359584113487,-8.12129728911653,-5.690850221981571,0.004642921843459487,-0.0007905388407264482,-0.003836482098078192,0.02071147813891315,-0.0238514121453289,0.009520194780428454,0.9262251396450296,0.0,-0.7524420659896364,-0.4967613563407852,0.21201910641771365,-0.14882590293485207,2.11048239778132,-30.0,-30.0,42.479127640533406,-0.08398123617393688,-0.87870271088347,-3.309149778018429,-0.14882590293485207,2.8629244637709563,-34.68395904059457,-62.1948213104727,71.2698484508415,1.6000000000000012
-0.011944911351808155,-0.8449554092766726,1.3696083361842826,-0.15207446854104023,-0.7961001432061763,1.4762997762338135,-0.6454639434814453,1.4761619567871094,1.9649715423583984,-0.011944911351808155,-0.8449554092766726,1.3696083361842826,0,0.0,-1.5707963267948966,nan,0.07933975811398718,-0.34560973440760834,-0.1262664610995275,0.09664037732362729,-1.5707991080118746,0.07654308565584864,-0.33415136733595047,1.7959811187489463,-0.13647598277435122,0.29710356706037294,-0.0051447753310396305,0.08382040354774078,0.2849880713220898,0.015599675817646323,-0.002796672458138541,0.011458367071657871,-0.010209521674823724,0.007292197226733645,-0.001599502641538247,0.007114601388846988,-1.3370531423086487e-05,8.358714377568042,1.918932373805061,-0.5802466995080738,0.24726269343577556,-1.5707996164371612,1.7964529226256307,0.5778990875833143,0.7891804027306039,-0.24841908853392347,0,sac,0,-0.24726269343577556,-0.15062231611214827,1.3456179198987293,1.435651652864869,1.2682050065994461,-0.3410884558758637,0.2450023661257446,1.345145759339585,1.3862753049540908,1.3795427276563468,-0.12850476739419925,0.560134801041223,0.13415464515432912,-0.12355846525034037,0.0913970910326031,0.5802584710762655,2.224575129853282,-8.002978294802604,-14.354555631909314,1.0,-0.3301341235637665,3.2896422643702294e-06,5.084252867604278e-07,-0.32273197174072266,0.7380809783935547,0.9824857711791992,0,0.05567292916568183,-1.7434984712396686,3.4898146352784356,-0.06454968572224386,0.05567292916568183,0.19909064306457663,-4.453733068152125,-5.200234181472516,0.0032066501719936785,0.0007903995955811121,-0.000985701760250826,0.048014609674556716,-0.07437499442867815,-0.10562986519632851,0.9363734982165506,0.0,-0.7655432145251602,-0.49487423961672217,0.21409904675303018,0.10439326676482624,-11.62332314159779,11.632715450928119,-0.2151656190741462,16.44624284795898,-1.9425891143042453,7.943547703430561,5.135684495750272,0.10439326676482624,-10.857779927072631,12.127589690544841,-0.4292646658271764,16.283887212653628,1.6100000000000012
-0.018089381905189356,-0.7757682732245906,1.4056894746651574,-0.030378323011951758,-0.6373940011204267,1.4778517516269067,1.9890954494476318,1.9962382316589355,1.503605842590332,-0.018089381905189356,-0.7757682732245906,1.4056894746651574,0,0.0,-1.5707963267948966,nan,0.07618222038248991,-0.3408134485163526,-0.12989896374618212,0.09744428669012528,-1.5707990688108657,0.07471523802725485,-0.3347320483729935,1.7904081306460116,-0.13677645200819638,0.6463922631178123,0.13296901029034858,-0.5376966928298754,0.33320334128094653,0.009297059197851931,-0.0014669823552350553,0.006081400143359117,-0.0068774882620142586,0.0024994130001609514,-0.00017955723045789095,0.0011563763228460838,0.0022085330756691935,12.295717232901158,2.7485562125270313,-0.5678489176871631,0.13235747611061988,-1.5707990543634367,1.7907142808064394,-0.2751354379919428,0.7893201552878314,0.9672591984930295,0,sac,0,-0.1323574761106201,-0.03491318942049482,1.3511909099186674,1.4369864074581984,1.2669756773514884,-0.3401791121335552,0.04509156274436152,1.3508846536327073,1.4117091051883672,1.2881172031212729,-0.30940169970331455,0.5544420545087126,0.13279120837160677,-0.12230271927042861,0.09046820664247021,0.5678619949311836,2.615333990962354,-9.295991562395091,-19.279832170807357,1.0,-0.15402007102966309,2.727568539917513e-06,-1.444742903089491e-08,0.9945477247238159,0.9981191158294678,0.751802921295166,1,0.18951187600372402,-4.162901395110987,9.0,9.0,0.18951187600372402,-0.5751519281039571,1.2796084213616628,-1.8336932818503322,-0.0015266732869364942,0.0007905395640399485,0.003837986445406286,0.06053768135277695,-0.09472434861238205,-0.16059937781389666,0.9147275642055008,0.0,-0.7588662941944073,-0.47278047369093074,0.19320219447396314,0.3553569773180649,-27.752675967406585,30.0,30.0,50.698494079540424,-3.58774946700703,7.7203915786383375,10.833693281850332,0.3553569773180649,-26.993809673212176,55.4554191930869,63.80492915064231,88.74212382546638,1.6200000000000012
0.01671575827203313,-0.7278242432029146,1.3756343110536988,0.08632603862647809,-0.6319361831595626,1.3155239838307817,1.9978218078613281,-0.5425428152084351,-1.3432356119155884,0.01671575827203313,-0.7278242432029146,1.3756343110536988,0,0.0,-1.5707963267948966,nan,0.07235501691443799,-0.3324025171839912,-0.13081591062827472,0.0982398934910238,-1.5707990299612578,0.07290214786930573,-0.3352964841200852,1.7848927004930675,-0.13707375547137376,0.9219426479096681,0.20141133101027886,-0.8975367079453123,0.06196434189152111,0.006916286502833811,0.0005471309548677333,-0.0028939669360940057,-0.006257844843099047,0.005666464255572968,0.0012208765776694878,-0.005203451004672214,0.0018821198643444257,10.290415072702224,2.2400131162189294,-0.5526685040641581,0.014420732760320298,-1.5707986278816446,1.7851291262850584,-0.7253868891080146,0.7893194331094798,0.9668800195204207,0,sac,0,-0.014420732760320298,0.0838191607307035,1.3567063420359184,1.438307376691296,1.2657590446296272,-0.33927916010349474,0.15387652342401154,1.3564699508481475,1.4342264237405051,1.210215234058181,-0.48272308472382663,0.5486236242630033,0.1313976698099652,-0.12101924909505361,0.08951881446429198,0.5526772234348802,1.851792699088707,-6.278291609763542,-14.957894019398607,1.0,-0.1653938889503479,2.3010867478134855e-06,-4.0207961315985585e-07,0.9989109039306641,-0.27127140760421753,-0.6716178059577942,1,0.21497341350129076,-4.5,9.0,9.0,0.21497341350129076,-1.5605838097363152,5.312772664063127,1.8755886242164186,-0.004025031433164933,0.0007905388407459145,0.0038364819016815806,0.04936159899359409,-0.07381126993827651,-0.1391180022412127,0.8693749565423723,0.0,-0.7302105685047919,-0.4438214604176757,0.16008701377588958,0.4031003440864256,-30.0,30.0,30.0,51.963087763213245,-2.939416190263685,3.687227335936873,7.124411375783581,0.4031003440864256,-35.08814640538666,70.90671869080143,95.48959853675902,124.00551073343922,1.6300000000000012
0.08975912639434525,-0.7134875692700521,1.3149804408017,0.23584586263896942,-0.6848142214043269,1.1936727002977026,1.915769100189209,-1.2789230346679688,-0.17538189888000488,0.08975912639434525,-0.7134875692700521,1.3149804408017,0,0.0,-1.5707963267948966,nan,0.06884619962960792,-0.3247564908347614,-0.1302599298425696,0.09902701818264581,-1.5707989914746059,0.07110441271642162,-0.3358448418986106,1.7794360729027976,-0.1373678275337038,0.8414173942813621,0.17110821319459707,-0.8194384127755194,-0.08500528480351599,0.013363130817598597,0.002258213086813704,-0.0110883510638492,-0.007107897691134207,0.009152915971429724,0.001951185769124288,-0.008916109617005622,0.000686829070409835,4.04958693247208,0.8585054116338373,-0.5378104859547042,-0.055131565892959866,-1.5707984627567333,1.779700446363686,-0.8270250985021929,0.7893194330948776,0.9668800690170276,0,sac,0,0.055131565892959866,0.15415858407560545,1.362162971635252,1.439614262473569,1.2645553829798244,-0.33838880286931755,0.24829632212947395,1.3618987098728508,1.4427562529822515,1.181573749971376,-0.572387029844735,0.5426819655969507,0.1299746175223896,-0.11970859632994395,0.08854931512774586,0.5378184831671683,0.0845324747303251,-0.31334257058765935,-4.368396920831486,1.0,-0.33820196986198425,2.1359618367355893e-06,-5.28717872594342e-07,0.9578845500946045,-0.6394615173339844,-0.08769094944000244,1,0.12856990402394305,-4.191309307238955,9.0,9.0,0.12856990402394305,-2.3759018196136674,7.359702201723526,4.591283143052001,-0.004589002182795134,0.0007905388407312897,0.0038364820980790995,0.015386829384333073,-0.021971496734732365,-0.061138820314677725,0.8265322301873914,0.0,-0.6986095022711609,-0.42140700311884177,0.13234964524841103,0.241083637772254,-27.9420620482597,30.0,30.0,50.80174163184956,-1.8154074876252873,1.6402977982764737,4.408716856947999,0.241083637772254,-27.24345254598854,50.86672666706312,80.86109329499624,99.3388348966794,1.6400000000000012
0.18763731721963525,-0.7433001714891964,1.296350212595426,0.38339369887021524,-0.8029253759274849,1.259089756182878,1.3454408645629883,-1.5730383396148682,1.685624599456787,0.18763731721963525,-0.7433001714891964,1.296350212595426,0,0.0,-1.5707963267948966,nan,0.06640559743685391,-0.3216306284442366,-0.130646737454648,0.09980548481017926,-1.5707989533622493,0.0693226205377819,-0.33637729929005705,1.7740394676075537,-0.13765860397305907,0.37184077570909146,0.06588100141142889,-0.3658319781971231,0.009603117272313777,0.016587332422012047,0.002917023100927993,-0.014746670845820431,-0.0070118665184110696,0.008562367213014408,0.0017369230381820181,-0.008368142299439,0.0005209847466830725,-4.586641980540428,-0.9470233852145642,-0.5261883530574532,-0.04497299987351222,-1.5707985850314417,1.7744043360557706,-0.8284788611701186,-0.5712574039656717,0.9668800690167956,0,sac,0,0.04497299987351244,0.14477848468369148,1.367559578981739,1.4409067726733629,1.2633649614597704,-0.33750823945494435,0.20500991353059042,1.367194893147607,1.4318097360094681,1.2176093292318175,-0.5371393935702743,0.536619599277886,0.12852265524327774,-0.11837131702364735,0.08756011994596717,0.5261925148295412,-1.8082223480785922,6.049802380216901,8.924970392707728,1.0,-0.3634342849254608,2.2582365453160946e-06,-3.683308076318781e-07,0.6727204322814941,-0.7865191698074341,0.8428122997283936,1,0.0016581237218611514,-1.2235958873041064,1.3416325512862535,9.0,0.0016581237218611514,-2.5395134250213305,5.721537762626249,6.298062047224187,-0.004597068830431898,-0.0005721399308762551,0.003836482098078179,-0.03628975368860255,0.052351944924158546,0.056114787911121955,0.8274849980392353,0.0,-0.6986699750569167,-0.4254467421228016,0.12484693649046773,0.0031091763020085345,-8.157305915360709,4.472108504287512,30.0,31.409256660065626,1.315917537717224,-4.379905211339995,2.701937952775813,0.0031091763020085345,-7.458635940303793,4.897555246410313,31.645210817123143,32.87912217211368,1.6500000000000012
0.1939195806782552,-0.7345601182322588,1.2961027528416307,0.2064841075954951,-0.7170800117183835,1.2956078333340397,-1.9959170818328857,0.3516349792480469,1.750232458114624,0.1939195806782552,-0.7345601182322588,1.2961027528416307,0,0.0,-1.5707963267948966,nan,0.06549719473908237,-0.32581782468425974,-0.13133346943888874,0.1005751211021384,-1.570798915635303,0.06755734928691103,-0.3368940437025842,1.768704078804611,-0.13794602200795836,0.3790236399671899,-0.08568685530993408,0.36704518274959796,0.039931394934145104,0.013063411345492439,0.002060154547828652,-0.011076219018324451,-0.0066125525690696185,0.003239074443424558,0.0005856664289697778,-0.0031262605324370897,0.0006124485017942839,-11.645643221966829,-2.341132318165996,-0.5223231315139876,0.04940614798201626,-1.5707989393785915,1.769179256007328,-0.0814924997765015,-0.7893979490044788,-0.9684705463337493,0,sac,0,-0.04940614798201626,0.05116897312012192,1.3728949698754969,1.442184621274773,1.2621880434944557,-0.3366376647177474,0.06942538195726523,1.3724199376246629,1.4081571052722157,1.3007511167179644,-0.383271081304213,0.5304391115476182,0.12704240238844086,-0.11700798166753144,0.08655165091554962,0.5223125573234105,-2.50912325662243,9.13730616513259,18.50681601777215,1.0,-0.21906796097755432,2.6125836951607084e-06,2.3743288224409298e-08,-0.9979585409164429,0.17581748962402344,0.875116229057312,1,-0.10182139456815426,1.6308618696951915,-9.0,-9.0,-0.10182139456815426,-1.9326356643427407,0.1620308368012946,3.774109685472897,-0.00045218610660436415,-0.0007906174779389304,-0.0038427929508399873,-0.05801216254204102,0.09036555660410694,0.1465020441004288,0.819239560269045,0.0,-0.6916563705119073,-0.4205979227716069,0.12594566130011298,-0.19092704775577396,10.87241246463461,-30.0,-30.0,43.79778311671387,3.563497534037932,-9.162030836801295,-12.774109685472897,-0.19092704775577396,11.564068835146518,-47.81269605553042,-36.35023392820265,61.165002672240284,1.6600000000000013
0.2164119341412796,-0.7861105792589339,1.3245255858489793,0.26139664106732835,-0.8892115013122843,1.3813712518636765,0.5924632549285889,-1.926988959312439,1.898437261581421,0.2164119341412796,-0.7861105792589339,1.3245255858489793,0,0.0,-1.5707963267948966,nan,0.06546914525716334,-0.3347480588097954,-0.1294862174873151,0.10133575856482224,-1.5707988783046487,0.06580916646138978,-0.33739527192814817,1.7634310745014328,-0.13823002033003604,0.8862800173222269,-0.17201333436022148,0.8429005899971698,-0.2131250273651325,0.009142069780179835,0.0003400212042264372,-0.0026472131183527536,-0.008743802842720944,0.0037476465840786673,-0.0007549750588620905,0.0035289178065472434,-0.0010107456130434003,-12.360245659781361,-2.4174549257142206,-0.5262840253569214,0.17779817730621272,-1.5707993723851534,1.763937932659285,0.6299001041097959,-0.7893194325778521,-0.9668769557862469,0,sac,0,-0.1777981773062125,-0.07646241874139026,1.3781679763064334,1.443447528534461,1.2610248867317433,-0.3357772692417157,0.19845540408378415,1.3776610320795881,1.386592918240705,1.3853097792731457,-0.19188456896847003,0.5241431541224324,0.12553449405510306,-0.11561917519578324,0.08552434071654495,0.5262613768259958,-1.7848735065480286,7.473616540141605,18.283177509795465,1.0,-0.2258082628250122,3.045590256878228e-06,4.940805045094976e-07,0.29623162746429443,-0.9634944796562195,0.9492186307907104,1,-0.1555716833098569,2.4512051298191895,-9.0,-9.0,-0.1555716833098569,-0.9425503425973545,-4.480593184192775,-0.3154111933676229,0.003495193746765197,-0.0007905388402134655,-0.0038364697450949596,-0.04737774123972921,0.08248838387081311,0.1604774351242906,0.8715150536604358,0.0,-0.7259398761186036,-0.455608408871257,0.15802139976427396,-0.2917151384021318,16.34136753212793,-30.0,-30.0,45.46565066665227,3.3937554724165437,-4.519406815807225,-8.684588806632377,-0.2917151384021318,17.06730740824653,-77.5778067140532,-90.44628093528631,120.3753459371033,1.6700000000000013
0.2585288694034375,-0.8765657191936916,1.367200864875598,0.3427627399277533,-1.057475999063207,1.4525514229288354,0.7877590656280518,-1.9777251482009888,1.8418402671813965,0.2585288694034375,-0.8765657191936916,1.367200864875598,0,0.0,-1.5707963267948966,nan,0.06532260157048209,-0.34364607654046025,-0.12619663289807773,0.10208723257677099,-1.5707988413809328,0.06407862867287566,-0.33788118969109554,1.758221595860925,-0.13851053913639427,0.9274594408207659,-0.15839941018328668,0.8412099967717468,-0.3570103395595603,0.013653339364492803,-0.0012439728976064296,0.005764886849364714,-0.012313906238316547,0.008652451740093907,-0.001556557848444988,0.007946613938864538,-0.0030485038438129303,-7.564792182522716,-1.4380003686861342,-0.5308959557447912,0.27794048667421345,-1.5707996834421585,1.7586436324869943,0.8016829332740161,-0.7893194330902727,-0.9668800690242947,0,sac,0,-0.27794048667421345,-0.17585325409744268,1.38337745710899,1.4446952211384665,1.2598757428979401,-0.3349272392306205,0.33863062337219296,1.3829550480102295,1.3764624510444436,1.434345729760599,-0.05283676894593839,0.5177344441930883,0.12399958102190106,-0.11420549698540884,0.08447863271246273,0.5308770027101901,-0.4663300127291215,2.9392475538494707,10.173173188866624,1.0,-0.45170244574546814,3.3566472619206422e-06,8.4206122563657e-07,0.3938795328140259,-0.9888625741004944,0.9209201335906982,1,-0.1607497064873617,1.7180396590649178,-9.0,-9.0,-0.1607497064873617,-0.08553813752406392,-6.9761445977126915,-3.562866009530896,0.004448383413474254,-0.0007905388407266778,-0.0038364820981079345,-0.02070656185542407,0.043844039518477824,0.10517526460817392,0.9595836215696761,0.0,-0.7843301095087474,-0.5135233913640354,0.20474553139141177,-0.30142453869747177,11.453597727099453,-30.0,-30.0,43.946282637405716,1.8035777965889817,-2.0238554022873085,-5.437133990469103,-0.30142453869747177,12.2379278366082,-69.35206115187776,-96.70663844085027,119.63168492932668,1.6800000000000013
0.2976469776608,-0.9605471141311129,1.456985489161476,0.37588319417552507,-1.1285099040059554,1.636554737733232,0.434100866317749,-1.2533701658248901,1.9599876403808594,0.2976469776608,-0.9605471141311129,1.456985489161476,0,0.0,-1.5707963267948966,nan,0.06448227302704714,-0.34935304238605325,-0.1254574602579204,0.10282938248322648,-1.5707988048745516,0.06236628122758312,-0.3383520111891285,1.7530767565466987,-0.1387875201618391,0.5404645489372868,-0.08720189018575839,0.5236144347560034,-0.10161536656021486,0.017412369331402645,-0.0021159917994640134,0.011001031196924749,-0.013330059903918695,0.009321703779324559,-0.0016161906983464922,0.008772978378556527,-0.002704984167316276,0.5008114369403212,0.09245643423393879,-0.531696654300557,0.3074956588300277,-1.5707996666653148,1.7533197591886738,0.8328131221163858,-0.7893194330936546,-0.966880069016806,0,sac,0,-0.3074956588300277,-0.204666276346801,1.3885222986168904,1.4459274323590239,1.2587408576533692,-0.3340877564011805,0.3599481279703387,1.3882788292799586,1.3802846441575638,1.4296348695264391,-0.02417025670957137,0.5112157644248233,0.12243832974888486,-0.11276756085623413,0.08341498095027083,0.5316937459205198,0.9520052542260857,-2.8449462433453996,-2.4022145551932796,1.0,-0.5605559945106506,3.33987041845063e-06,8.617907631958133e-07,0.2170504331588745,-0.6266850829124451,0.9799938201904297,1,-0.10476063896660175,0.3564695988231798,-9.0,-9.0,-0.10476063896660175,0.3104361553764983,-8.098260139952574,-5.693969717980277,0.004621118805431745,-0.0007905388407300648,-0.00383648209807822,0.019009950806087538,-0.021743821900006552,0.008517260635708611,1.0574687857207132,0.0,-0.8555812867407153,-0.5711624626490843,0.24493741203290037,-0.19643847546709498,2.376463992154532,-30.0,-30.0,42.493366178506626,0.04603344344668148,-0.9017398600474262,-3.306030282019723,-0.19643847546709498,3.2320452788952476,-36.04674069329113,-61.53711507899748,71.39095707170918,1.6900000000000013
0.3275238958012198,-0.950410276509542,1.5244298875615039,0.3872777320820595,-0.9301366012664003,1.6593186843615597,0.5388360023498535,1.708418369293213,1.9621009826660156,0.3275238958012198,-0.950410276509542,1.5244298875615039,0,0.0,-1.5707963267948966,nan,0.06267314355166485,-0.3499245547235818,-0.12869005013135262,0.10356205169058974,-1.570798768795652,0.06067265771734584,-0.3388079586275808,1.7479976420683248,-0.13906090671101112,0.2963710712636302,0.01155059651450005,0.011556489907627032,0.29592033242601956,0.015334122685396192,-0.002000485834319013,0.011116596096001019,-0.0103708565796585,0.006001325116222698,-0.0009986889261987143,0.005915226259730349,0.00016918000913212355,8.651105829850149,1.5495210225779774,-0.5253892404858511,0.2509447874496811,-1.570799266381507,1.7480238935691255,0.619994940900167,0.7892876821137375,-0.20572047260336196,0,sac,0,-0.2509447874496811,-0.14738273575909133,1.3936014153178813,1.4471439022113741,1.2576204704479408,-0.3332589978762277,0.2425244539293762,1.393574866135438,1.397352945588988,1.3694123964587408,-0.12387529276452017,0.5045899629573504,0.12085142237751721,-0.11130599507090425,0.0823338501603951,0.5253990141535971,2.140923815469081,-7.810439309712081,-14.458294448834845,1.0,-0.3254489302635193,2.9395866105730306e-06,4.975858551858892e-07,0.26941800117492676,0.8542091846466064,0.9810504913330078,0,0.010458708567366592,-1.6581334076759286,2.9692049144149437,0.1448511656968784,0.010458708567366592,0.15052087193483157,-4.61691072778269,-5.160449861022748,0.0034402319134759158,0.0007905070406985398,-0.0008162779807360687,0.04616723941965814,-0.07243492799952637,-0.10651960352792945,1.0901944243401824,0.0,-0.8849666842276296,-0.5839843765865992,0.25361407408173897,0.019611304270329255,-11.054222717839524,9.89734971471648,0.48283721898959464,14.845433225551036,-1.8086542796107603,7.586115642197633,5.305301026719627,0.019611304270329255,-10.169256033611894,10.48133409130308,0.22922314490785567,14.605651661739735,1.7000000000000013
0.3794058640117845,-0.8851989164768821,1.5669560725303366,0.4831698004329139,-0.7547761964115621,1.6520084424680022,1.9882311820983887,1.9975700378417969,1.537271499633789,0.3794058640117845,-0.8851989164768821,1.5669560725303366,0,0.0,-1.5707963267948966,nan,0.05985140986031941,-0.34444993875450697,-0.1323790401284583,0.10428508776088163,-1.570798733154119,0.058998279621337184,-0.3392492617479313,1.7429853091265974,-0.13933064369041273,0.6928622859837031,0.11473555953367895,-0.5915919089425348,0.34192530177040714,0.008723512171939021,-0.0008531302389822235,0.005200677006575671,-0.006951603561954428,0.002390110690047484,9.893600759587997e-05,-4.6107042260632586e-07,0.002388062093936067,12.529552775166941,2.1772149559655203,-0.5118310781171428,0.13448083370334718,-1.570798718609551,1.7428407019556256,-0.2148213959179759,0.7893195941228163,0.9672023076548861,0,sac,0,-0.13448083370334718,-0.030195745942465546,1.3986137505084788,1.4483443776105802,1.2565148143767249,-0.3324411360778724,0.04401656455673952,1.3987582771613905,1.4221009107466556,1.279447581373478,-0.30555608982053944,0.4978599534048597,0.11923955673067413,-0.10982144233488406,0.08123571575671963,0.5118404955195617,2.5570311316668723,-9.178440330790487,-19.338717928955518,1.0,-0.149171382188797,2.3918146543344676e-06,-1.4544568216479092e-08,0.9941155910491943,0.9987850189208984,0.7686357498168945,1,0.13072716150184066,-4.071545266719064,9.0,9.0,0.13072716150184066,-0.5841131664740996,1.1111638144079858,-1.7793287514304952,-0.0011920023425698672,0.000790539002007998,0.003837760708327742,0.05919427099551587,-0.09349696774864656,-0.16115781912014135,1.0757450722372026,0.0,-0.8841872528844816,-0.566433102210855,0.23365338216898318,0.24512874836272391,-27.143635111460426,30.0,30.0,50.36702309217194,-3.4874321002449644,7.888836185592014,10.779328751430494,0.24512874836272391,-26.259447858575946,53.946703156998154,64.41763627537829,88.03122931526487,1.7100000000000013
0.4454699121332055,-0.8175556052865404,1.5417386116158658,0.5775980083760476,-0.6822689829058568,1.4913036897869243,1.991419792175293,0.40334177017211914,-0.9148404598236084,0.4454699121332055,-0.8175556052865404,1.5417386116158658,0,0.0,-1.5707963267948966,nan,0.05657551598596895,-0.33557093755847855,-0.13331341725250578,0.10499834250620022,-1.5707986979595712,0.05734365591850431,-0.339676157351504,1.7380407849587902,-0.13959667764034137,0.9469683986927478,0.1621270171517579,-0.9305896799601143,0.06683431741188461,0.0075446822071143105,0.0007681399325353555,-0.004105219793025472,-0.006283260387835582,0.006618486962966278,0.0011447779962379012,-0.006193277203671717,0.0020340035636066,10.428186084146505,1.7582065718529067,-0.4951516120172881,0.015833254150588782,-1.57079830055051,1.7378237810637032,-0.7046376217487651,0.7893194330967745,0.9668800321816952,0,sac,0,-0.015833254150588782,0.08916508835561121,1.4035582769487156,1.4495286125283413,1.2554241160355226,-0.3316343386206686,0.15685617816982864,1.4037753055036413,1.4441669023551307,1.2024193552206033,-0.47916589769744056,0.4910287148560148,0.11760344631264384,-0.10831455979645715,0.08012106383658611,0.4951571531344549,1.814013557310099,-6.20585198093811,-14.967203313785292,1.0,-0.17825251817703247,1.9737556131715905e-06,-3.974090612146597e-07,0.9957098960876465,0.20167088508605957,-0.4574202299118042,1,0.16033730751442135,-4.5,9.0,9.0,0.16033730751442135,-1.5499777228292828,5.216880957892034,1.9178535722433665,-0.003909897765062908,0.0007905388407331896,0.003836481951920234,0.048493988056989214,-0.07306914253178726,-0.13926988038938692,1.0196905608385007,0.0,-0.8497151565029519,-0.529071459294797,0.19451576705237572,0.3006512422921833,-30.0,30.0,30.0,51.96239400922067,-2.950022277170717,3.783119042107966,7.0821464277566335,0.3006512422921833,-34.58295400591915,69.9227798717934,95.9049565245447,123.62454016059714,1.7200000000000013
0.5265861096510547,-0.7929986559249087,1.4734666329256143,0.6888185046867531,-0.7438847572016454,1.3369226755451116,1.8425805568695068,-1.3830649852752686,-0.26457130908966064,0.5265861096510547,-0.7929986559249087,1.4734666329256143,0,0.0,-1.5707963267948966,nan,0.05360398052035106,-0.32762305041551204,-0.13275138174513199,0.10570167208318049,-1.5707986632213569,0.05570928271073058,-0.3400888888193062,1.733165066683917,-0.1398589567667346,0.8506905493419878,0.13371622578441586,-0.83606186107687,-0.08243146337670315,0.014503346065995798,0.002105302190379514,-0.012465838403794172,-0.0071075750216026135,0.00985820699898256,0.0016517035140023455,-0.009685455086841295,0.000805034469697468,4.086287268793012,0.6685967997497453,-0.4788212842818097,-0.05387802366647465,-1.5707981405430098,1.7329778150098674,-0.8199729930583107,0.7893194330945005,0.9668800690169433,0,sac,0,0.05387802366647465,0.15957969574965514,1.4084339975168803,1.4506963681498057,1.2543485953764382,-0.33083876820477987,0.25091890271647305,1.4086213301234003,1.4523939881175896,1.1743965813210568,-0.5686728578174056,0.48409929187395884,0.11594382030912839,-0.10678601904672742,0.07899039118079487,0.47882806994960825,0.05844267371316281,-0.2556651858440251,-4.3378457285004774,1.0,-0.3656367361545563,1.8137481134772315e-06,-5.226783468259555e-07,0.9212902784347534,-0.6915324926376343,-0.13228565454483032,1,0.09118210820645734,-4.158094761488699,9.0,9.0,0.09118210820645734,-2.356850698191155,7.3136610505844,4.619114777907449,-0.004549871414776259,0.000790538840730912,0.003836482098078765,0.014794303124997786,-0.02141615053960795,-0.060947197935673325,0.9630339636958899,0.0,-0.8086356895198616,-0.4977071234397006,0.16071825081157762,0.1709771389582924,-27.720631743257993,30.0,30.0,50.68000253973325,-1.8012440632975442,1.6863389494155996,4.380885222092551,0.1709771389582924,-26.911996053738132,50.22026866989005,81.03060801013862,99.05715312155475,1.7300000000000013
0.572689380941752,-0.8423629933811488,1.4356774385822415,0.6648959235231467,-0.941091668293629,1.3600990498954957,0.6014437675476074,-1.4641624689102173,1.421571969985962,0.572689380941752,-0.8423629933811488,1.4356774385822415,0,0.0,-1.5707963267948966,nan,0.05150172482795168,-0.3243329605492878,-0.13311214607636995,0.10639493708745107,-1.5707986289485452,0.05409564285670591,-0.34048770562895286,1.7283591206479891,-0.14011743097293267,0.37225315539933634,0.04886158383747147,-0.36889066758709066,0.010229012503989998,0.017798264404454412,0.0025939180287542288,-0.016154745079665078,-0.0070052848965627135,0.009033940567945462,0.0014243586200731856,-0.008900488351674871,0.0006038143823178894,-4.646276915520934,-0.737836376921553,-0.46594816723308013,-0.043587093469798166,-1.5707982690945896,1.7282778436850512,-0.8225195776309424,-0.5874062679262609,0.9668800690167947,0,sac,0,0.043587093469798166,0.14998203055724924,1.413239945864268,1.451847413030387,1.2532884655634506,-0.3300545825091444,0.20759577793024844,1.4133213781565659,1.4412688095030095,1.2109020899779317,-0.5330015920840102,0.4770747944963078,0.11426142358724191,-0.10523650611961735,0.07784420525360375,0.4659537741977566,-1.8188448485157824,6.0847929470182756,8.970445600271738,1.0,-0.3956249952316284,1.9422996930806846e-06,-3.598539555227376e-07,0.3007218837738037,-0.7320812344551086,0.710785984992981,1,-0.013267703364048871,-1.2045106937612056,1.1573381081800498,9.0,-0.013267703364048871,-2.5171135022095967,5.640353592382613,6.3150008507010105,-0.004564001919622658,-0.0005883137429721712,0.003836482098078175,-0.036604261313002304,0.05275222974891736,0.0564823998980471,0.957495601673106,0.0,-0.8024764996653306,-0.4996794155616807,0.1521505056585714,-0.024878498713761243,-8.03007129174137,3.857793693933499,30.0,31.29481164786106,1.3126028084483912,-4.483015484202563,2.6849991492989895,-0.024878498713761243,-7.227594792076039,4.35747310949518,31.600185281728006,32.707767076913946,1.7400000000000013
0.5446891066112884,-0.8442083933589605,1.4159224413890752,0.48868855795036115,-0.8478991933145839,1.3764124470027428,-1.9939465522766113,0.4651157855987549,1.6062564849853516,0.5446891066112884,-0.8442083933589605,1.4159224413890752,0,0.0,-1.5707963267948966,nan,0.05061059472592495,-0.32850773987837917,-0.13374853574287807,0.10707800264809775,-1.5707985951499182,0.052503205616467104,-0.3408728628696421,1.7236238817692755,-0.1403720518913669,0.38728303154177446,-0.0701307138212072,0.3789622088402167,0.03817687480738852,0.014154476632548083,0.0018926108905421568,-0.012365122991262911,-0.006623516148488828,0.003497150542180942,0.0004811826841642896,-0.003401224406090985,0.0006558945635907736,-11.775140459180516,-1.814182742028171,-0.4611974953974,0.051092597035256704,-1.5707986290831735,1.7236596746194017,-0.0802234857067671,-0.7894071433260238,-0.9680630835507736,0,sac,0,-0.05109259703525648,0.05598540561284082,1.4179751870699202,1.4529815232525756,1.252243932827986,-0.3292819340846404,0.07380533591533112,1.417939539261107,1.4176437829391808,1.2941297970204633,-0.3787192158586317,0.46995839823515806,0.1125570166955125,-0.10366672149186983,0.07668302420272932,0.46119040398648053,-2.4977786984735455,9.128351128866537,18.544648313212754,1.0,-0.24355868995189667,2.3022882769119235e-06,3.393325531675373e-08,-0.9969732761383057,0.23255789279937744,0.8031282424926758,1,-0.09625273209329863,1.6259854505364495,-9.0,-9.0,-0.09625273209329863,-1.913419768068953,0.09295696215740723,3.784045759461412,-0.0004451445931768325,-0.0007906266864646435,-0.0038411761798229685,-0.057858453693632406,0.09036085540180494,0.14682394687941824,0.9440053881297562,0.0,-0.7895558710845287,-0.49392762963899106,0.15421801429525134,-0.18048515299699724,10.83990300357633,-30.0,-30.0,43.78967997162568,3.5394052186054026,-9.092956962157407,-12.784045759461412,-0.18048515299699724,11.629458874660859,-48.18651866410312,-36.492491700722184,61.55419904524074,1.7500000000000013
0.5592502429493238,-0.9022223924050286,1.4135205969280122,0.5883725156253945,-1.0182503904971647,1.4087169080058866,1.065986156463623,-1.8344504833221436,1.5634965896606445,0.5592502429493238,-0.9022223924050286,1.4135205969280122,0,0.0,-1.5707963267948966,nan,0.05040267728851261,-0.337526034292671,-0.13184288909089734,0.10775073852211747,-1.5707985618339708,0.05093242630652307,-0.3412446207561295,1.7189602528835632,-0.1406227729151807,0.9014982416148561,-0.13628618725316996,0.8646536527804394,-0.21563676757945238,0.009549601000890688,0.0005297490180104572,-0.0037185864634585175,-0.008779883824283352,0.003677816474130736,-0.0005867476508566425,0.003490696623024629,-0.0009985480947886788,-12.503475314615164,-1.8672123036542219,-0.4646285221942392,0.17991255430336595,-1.570799062431263,1.7190330005856218,0.6262651508472944,-0.7893194320765916,-0.966877698389653,0,sac,0,-0.17991255430336572,-0.07216181578124825,1.4226388182953729,1.454098482582755,1.2512151963244884,-0.3285209702472519,0.19884605796641716,1.4225660206057844,1.3962924512272872,1.3783786007367966,-0.18700178149009944,0.4627533440770779,0.11083137586388021,-0.10207738008304627,0.0755073768593456,0.464609447423644,-1.7581559226546786,7.429808520100537,18.313780166461935,1.0,-0.23474176228046417,2.7356363663244565e-06,5.005972925076208e-07,0.5329930782318115,-0.9172252416610718,0.7817482948303223,1,-0.14159895572773237,2.412007831480237,-9.0,-9.0,-0.14159895572773237,-0.9339381127846614,-4.517918285832893,-0.3097327917405939,0.0034750240947362706,-0.0007905388397114306,-0.003836472691669995,-0.046861254420252255,0.08213425221928011,0.16073368531378043,0.9897480537354754,0.0,-0.8153890017734813,-0.5283586404199501,0.18862431644300004,-0.2655146366542891,16.08005220986825,-30.0,-30.0,45.372222527603455,3.3459459442648987,-4.482081714167107,-8.690267208259407,-0.2655146366542891,16.89544121164173,-77.60141950177587,-90.56727670157423,120.45720546977847,1.7600000000000013
0.6183769881345543,-0.9808520479669354,1.432065843821242,0.7366304785050155,-1.138111359090749,1.469156337607701,1.7414817810058594,-1.950495719909668,1.878798007965088,0.6183769881345543,-0.9808520479669354,1.432065843821242,0,0.0,-1.5707963267948966,nan,0.0500951303554575,-0.3465466634961896,-0.12851266926308538,0.10841301918888213,-1.5707985290089006,0.049383745965459774,-0.341603244142665,1.7143691040894113,-0.1408695492297927,0.9453341119035075,-0.12411334080081812,0.866200581698312,-0.35769961424239605,0.013328013549165778,-0.000711384389997724,0.004943419353524603,-0.012356879966707313,0.0087269143693667,-0.0012164344259052164,0.008087487719243874,-0.003044973577686865,-7.681047210658647,-1.1103690079408848,-0.46881661020617654,0.28060870501866986,-1.5707993702414562,1.7143587856605813,0.7988016806215105,-0.7893194330856442,-0.9668800690224829,0,sac,0,-0.2806087050186701,-0.17219568582978795,1.4272299694394006,1.4551980826280155,1.2502024479859921,-0.32777183297123347,0.33821082799786095,1.42723997893061,1.386475022828928,1.4268412791451217,-0.04766037577357381,0.45546293848311253,0.10908529300369817,-0.10046921125552762,0.07431780273808472,0.46879969879932987,-0.4330481883225947,2.874586631831408,10.202428420395268,1.0,-0.44783130288124084,3.0434465596584914e-06,8.41232555615079e-07,0.8707408905029297,-0.975247859954834,0.939399003982544,1,-0.15422379659556057,1.6544617769264593,-9.0,-9.0,-0.15422379659556057,-0.09305494651562315,-6.993251162322868,-3.5597221013080422,0.004432395900234959,-0.0007905388407220421,-0.0038364820981007454,-0.02001584592787703,0.04326631539492373,0.10541137821140269,1.0652512661079891,0.0,-0.8621700677510344,-0.5801808835639074,0.23412214027266684,-0.289187692847479,11.02974517950973,-30.0,-30.0,43.83764259453983,1.7475167234420825,-2.006748837677132,-5.440277898691958,-0.289187692847479,11.891915247260764,-69.06811199432569,-96.80866333402616,119.51494746997659,1.7700000000000014
0.7135103727584502,-1.032412718754194,1.481028295000878,0.903777142006242,-1.1355340603287116,1.57895319736015,1.4955883026123047,-1.1264086961746216,1.967707633972168,0.7135103727584502,-1.032412718754194,1.481028295000878,0,0.0,-1.5707963267948966,nan,0.04924917625606924,-0.352379897516371,-0.12777162901550376,0.10906472394459099,-1.570798496682604,0.04785759102989537,-0.3419490020378361,1.709851272093416,-0.14111233784440635,0.5616314327936154,-0.0680200836176148,0.5487476125010271,-0.09838288621952795,0.01699160386730412,-0.001391585226173872,0.010430895478534874,-0.013340708828902592,0.009507600149936542,-0.0012621895801110505,0.009033986796068955,-0.002681123019069479,0.4314136994374883,0.06031319814831218,-0.4691299951637894,0.3108490373835131,-1.5707993532491966,1.7096600204324321,0.8302049571787724,-0.7893194330927532,-0.9668800690168027,0,sac,0,-0.3108490373835133,-0.2017843134389219,1.4317478037927596,1.4562801229929674,1.2492058723796942,-0.32703465878227644,0.3592253796220276,1.431938658307209,1.3906313605734772,1.4214156787290058,-0.018689301221851848,0.44809055338878684,0.1073195757077333,-0.09884295881451508,0.07311485203703749,0.4691266483161278,0.9846686324413108,-2.9198670388801173,-2.3708072286425153,1.0,-0.5525854825973511,3.0264543000591004e-06,8.56566592766228e-07,0.7477941513061523,-0.5632043480873108,0.983853816986084,1,-0.11529918531991783,0.2807125129103283,-9.0,-9.0,-0.11529918531991783,0.28521320273129525,-8.105266371954608,-5.692315011406768,0.004606646603060289,-0.0007905388407291621,-0.003836482098078207,0.019714705819905906,-0.02243442818118002,0.008768185329602218,1.1350601949319208,0.0,-0.9102597537965478,-0.6227676150967201,0.26823371213157,-0.21619948494265484,1.8714167527355219,-30.0,-30.0,42.46821096867289,-0.004500689820966963,-0.8947336280453921,-3.3076849885932322,-0.21619948494265484,2.7816765065320697,-35.54903271724066,-61.65163685950797,71.22108199818625,1.7800000000000014
0.777938685045551,-1.000792207681044,1.5230606571279899,0.9067953096197525,-0.9375511855347444,1.607125381382214,0.9418818950653076,1.3640251159667969,1.9346306324005127,0.777938685045551,-1.000792207681044,1.5230606571279899,0,0.0,-1.5707963267948966,nan,0.04766515106964773,-0.3530530668472278,-0.13105254872581132,0.10970573699673514,-1.5707984648626712,0.04635437302061516,-0.3422821671212707,1.7054075595554665,-0.14135109762347553,0.30621674897652196,0.008080717714130381,0.03400042474222542,0.30421599312383807,0.014959629988673841,-0.0013107780490325682,0.010770899725957128,-0.010298548897664211,0.006292221343553305,-0.0007861967922702261,0.00623828632510226,0.00024026603200183808,8.635683866679223,1.1659572551212651,-0.46208693607203366,0.2550608101999974,-1.5707989587725872,1.704995435494605,0.6005347062235309,0.7892386005094786,-0.21513436185366175,0,sac,0,-0.25506081019999716,-0.14535507320326246,1.436191518692933,1.4573444114365557,1.248225646562525,-0.326309578650674,0.24167753855796684,1.436603394650229,1.4079625847370285,1.3604948594024882,-0.11806711890303687,0.44063962620409847,0.10553504725016466,-0.09719938100802848,0.07189908563775221,0.46209383155943123,2.1603334345030905,-7.871202826651175,-14.42490888284206,1.0,-0.3192504942417145,2.6319776909033976e-06,4.939099160772287e-07,0.4709409475326538,0.6820125579833984,0.9673153162002563,0,-0.02117030488296744,-1.738133953835363,3.147300788273155,0.10748257117684555,-0.02117030488296744,0.10953193766833616,-4.560727130376891,-5.166997856474481,0.003332250838209248,0.0007904578832688539,-0.0008536313389646561,0.04666923806585521,-0.07306547656084257,-0.10625064196136232,1.1481349874431936,0.0,-0.9240524470611204,-0.6247044918677992,0.2721861905235684,-0.03969680270573306,-11.587559692235754,10.491002627577185,0.35827523725615185,15.635300212491417,-1.8476658915036992,7.708027918650046,5.274480427651326,-0.03969680270573306,-10.663507245174634,11.115707119444984,0.08608904673258344,15.403841037003861,1.7900000000000014
0.8440123779775013,-0.9171978585473809,1.5497257145288126,0.976159763841402,-0.7500091602800545,1.603055829330458,1.9916725158691406,1.995652437210083,1.5434765815734863,0.8440123779775013,-0.9171978585473809,1.5497257145288126,0,0.0,-1.5707963267948966,nan,0.04531950713351617,-0.3475822839182611,-0.13481875233617166,0.11033594755855392,-1.5707984335563805,0.044874488238705365,-0.3426030152631369,1.7010387344340014,-0.14158578931813595,0.6838428604912572,0.0865759154221761,-0.5791631070832914,0.353151191569992,0.008413319658251048,-0.0004450188948108072,0.004979268655124214,-0.006767036981964292,0.002528169199563093,5.294786310892875e-05,0.000297244082250135,0.002510076090675134,12.555647273617828,1.6371552413441013,-0.44735738776643796,0.13923822734282942,-1.5707984185156934,1.700452701573889,-0.23579094139336151,0.789319846632342,0.9672140081673923,0,sac,0,-0.13923822734282965,-0.028902279784275287,1.4405603461788796,1.458390764028875,1.2472619399367204,-0.325596717884486,0.04321749331246167,1.441146312198955,1.43274360964953,1.2701734674208975,-0.2994300644374012,0.43311365981352246,0.10373254658658451,-0.09553925052690741,0.07067107510523547,0.4473628712696542,2.54868559823958,-9.195805794280586,-19.30905310440096,1.0,-0.14681579172611237,2.0917207965709395e-06,-1.5040686918155188e-08,0.9958362579345703,0.9978262186050415,0.7717382907867432,1,0.08279142604200229,-4.134163037606865,9.0,9.0,0.08279142604200229,-0.6348451640947699,1.1687831776197912,-1.7888171209756165,-0.0013083582912986847,0.0007905392549076219,0.0038378071347752478,0.05914435282542428,-0.09374809946941848,-0.16090657341470582,1.1171200249060225,0.0,-0.9108265306108932,-0.5972053878408936,0.2483906316976619,0.15524362655541402,-27.5610869173791,30.0,30.0,50.592861281517884,-3.499317873512095,7.831216822380209,10.788817120975617,0.15524362655541402,-26.650260386768206,54.523963774478574,64.24887215016066,88.38009208817603,1.8000000000000014
0.9143447224073001,-0.8181418744082253,1.5241843111226374,1.055009411266898,-0.6200299061299139,1.4731015043102873,1.96437406539917,0.87900710105896,-0.025647997856140137,0.9143447224073001,-0.8181418744082253,1.5241843111226374,0,0.0,-1.5707963267948966,nan,0.04264612432281079,-0.33860094205059044,-0.13580048425540212,0.1109552499434936,-1.5707984027706925,0.04341831747147347,-0.34291182504737117,1.6967455293312714,-0.1418163755976063,0.9399613962621001,0.1217212043473484,-0.9290151651904943,0.07511456397601146,0.007441165440438881,0.0007721931486626768,-0.004310882996780729,-0.006015891342204177,0.006421924442730595,0.0008452772292147604,-0.005984679530245468,0.002170306631370916,10.463552229958575,1.3179323164678747,-0.42931913430834584,0.02098894011073238,-1.570798005273062,1.6960880742293218,-0.7093929946961088,0.7893194331014988,0.9668800299766245,0,sac,0,-0.02098894011073238,0.08996630983276122,1.444853553645772,1.4594190053079816,1.2463149141053949,-0.3248961960227056,0.15719501007458467,1.4455110126305133,1.4545503221827083,1.1932602823610103,-0.47278582011826403,0.42551622257600785,0.10191292835399758,-0.0938633545048104,0.06943140268795157,0.4293215148540597,1.7769316102560555,-6.175225587357498,-14.944519014662287,1.0,-0.17907238006591797,1.6784781653456093e-06,-3.974976303666722e-07,0.982187032699585,0.43950355052948,-0.012823998928070068,1,0.11203218915088693,-4.5,9.0,9.0,0.11203218915088693,-1.5971313672022502,5.249299720556891,1.910346252394812,-0.003936284409041292,0.0007905388407379211,0.0038364819431707373,0.047821423604820376,-0.07287145933463074,-0.13907516382436383,1.0423631070215837,0.0,-0.8640596737489403,-0.5462512124141365,0.2037923944033498,0.21007348425067868,-30.0,30.0,30.0,51.96194887481401,-2.90286863279775,3.750700279443109,7.089653747605188,0.21007348425067868,-34.69885434404681,70.1817233390688,95.73963818838232,123.67541079350458,1.8100000000000014
0.9786027668077013,-0.7781694324394703,1.4483064244999337,1.1071188556085036,-0.6982245485019605,1.2965506512545266,1.708033561706543,-1.5999480485916138,-0.7393951416015625,0.9786027668077013,-0.7781694324394703,1.4483064244999337,0,0.0,-1.5707963267948966,nan,0.04022145533596694,-0.3304904766034389,-0.13520246976263167,0.11156354365966448,-1.5707983725122499,0.041986225707919156,-0.343208877299557,1.6925286408385964,-0.14204282108057337,0.8505956598787574,0.0992577223289541,-0.8407517699337397,-0.08244599757375182,0.014548626632284062,0.0017647703719522179,-0.012718400696118126,-0.006840351317941695,0.009697073220935281,0.001223071607962182,-0.00957784648491014,0.0008956459152318057,4.107306948989033,0.49988807791765266,-0.41173231152938594,-0.048589677720057844,-1.5707978492691614,1.691906763236011,-0.8203605664552948,0.7893194330946294,0.9668800690169578,0,sac,0,0.04858967772005762,0.16015322137972232,1.4490704444997466,1.4604289684367104,1.2453847227281107,-0.3242081267284235,0.2508511949887649,1.4496923628290004,1.462268899453402,1.1658104616400444,-0.5620956776238522,0.4178509483249814,0.10007706287082188,-0.0921724945182157,0.0681806613178231,0.4117379460188817,-0.00034368269890561187,-0.18181552997223593,-4.319773916764966,1.0,-0.36825093626976013,1.5224742648811684e-06,-5.232430884127837e-07,0.8540167808532715,-0.7999740242958069,-0.36969757080078125,1,0.057955569994845454,-4.133153288619743,9.0,9.0,0.057955569994845454,-2.3898051889633356,7.328627237584585,4.614073544356573,-0.004552021984532817,0.0007905388407310411,0.0038364820980788224,0.013624523813296858,-0.020795662528958484,-0.060794490190852896,0.9712535594765644,0.0,-0.8124799979642983,-0.5054750863555725,0.16644718915516937,0.1086734858331998,-27.554355257464955,30.0,30.0,50.58907296621583,-1.7433480996564077,1.671372762415415,4.385926455643427,0.1086734858331998,-26.741875259500656,50.08693831133372,80.8853131454459,98.8244654645873,1.8200000000000014
0.9669852925529062,-0.7866084749233598,1.3819779552081444,0.943750344043316,-0.8034865598911389,1.2493210166245654,0.024816274642944336,-1.3955764770507812,0.9836583137512207,0.9669852925529062,-0.7866084749233598,1.3819779552081444,0,0.0,-1.5707963267948966,nan,0.03846618805021314,-0.3270368729620347,-0.13542226460804074,0.11216073350430178,-1.5707983427873662,0.04057856186350103,-0.3434944546203641,1.688388728881626,-0.14226509236656107,0.3755304056045195,0.03476034413356713,-0.3739180962211264,-0.000247644057863039,0.017948214643814037,0.002112373813287889,-0.01645758165832939,-0.006842827758520326,0.008943535842188495,0.0010452666997177833,-0.008862333005115467,0.000594394308024911,-4.656930492678104,-0.5477917079230663,-0.39786204511261614,-0.038389598575314876,-1.5707979842597024,1.6878823542847319,-0.8154231447885685,-0.6113173138097687,0.9668800690167948,0,sac,0,0.0383895985753151,0.15055033207961666,1.4532103588126444,1.4614204953594865,1.2444715113764526,-0.32353261768199437,0.2072236380068371,1.4537168517183532,1.450513553235046,1.2031587769937295,-0.5263026258317249,0.4101215363683494,0.09822583613688918,-0.09046748658642181,0.06691945461023131,0.39786904676224333,-1.8816811620593832,6.168983781588244,8.97634096114861,1.0,-0.39968299865722656,1.6574648058487185e-06,-3.5852766355759513e-07,0.012408137321472168,-0.6977882385253906,0.49182915687561035,1,-0.023712659991489804,-1.1397556921609306,1.0112136122612694,9.0,-0.023712659991489804,-2.5287037158370542,5.598208341577298,6.3118953469313634,-0.00452462518745009,-0.0006122617286682852,0.0038364820980781754,-0.03795889886418138,0.053565482221003706,0.056561690900562456,0.9298427350885549,0.0,-0.7789503713610406,-0.4853277338258284,0.14933459657074538,-0.0444640164850737,-7.598371281072872,3.3707120408708984,30.0,31.13035372166958,1.3889480236761236,-4.586994729316029,2.6881046530686366,-0.0444640164850737,-6.819420909711831,3.8560397746967268,31.46229071390458,32.423005078229046,1.8300000000000014
0.8984448576575236,-0.7657924644151644,1.3447715383983838,0.7613639878667582,-0.7241604433987735,1.2703587047788627,-1.9893001317977905,0.4721982479095459,1.5876390933990479,0.8984448576575236,-0.7657924644151644,1.3447715383983838,0,0.0,-1.5707963267948966,nan,0.037624976280467654,-0.3311081510929859,-0.13583230986902906,0.11274672965822141,-1.5707983136020263,0.03919565851392258,-0.3437688409254441,1.6843264160655917,-0.14248315806730316,0.38401397704487295,-0.05416915798329633,0.3796891825871229,0.01919795602462193,0.014387282282234067,0.0015706822334549259,-0.01266068983245816,-0.006650848198274106,0.0034277950466252453,0.0003351236169806726,-0.003370994520101478,0.0005233230249627515,-11.817013061787899,-1.3428892194254816,-0.3925539564505373,0.05609252330435299,-1.5707983509594037,1.6839476195853962,-0.048659570433805116,-0.7894231173214673,-0.9681342096366536,0,sac,0,-0.056092523304353215,0.0566542063538682,1.4572726739767614,1.462393436959141,1.2435754173895972,-0.3228697704742013,0.07493158203835698,1.4576516033548004,1.4263343989201986,1.2870622518721355,-0.37209618006998546,0.40233175148848804,0.09636014983344264,-0.08874916117154522,0.06564839686401445,0.39255016501641254,-2.546997258224404,9.18206067376643,18.528135217934103,1.0,-0.24868427217006683,2.024164507119508e-06,3.735737763577163e-08,-0.9946500658988953,0.23609912395477295,0.7938195466995239,1,-0.08518390145305127,1.706429292293528,-9.0,-9.0,-0.08518390145305127,-1.901492364234497,0.04712008985355705,3.7823491087671006,-0.00027000253721321996,-0.0007906426851380706,-0.0038414584009214578,-0.058972350428740605,0.09093561607300378,0.14672440495360886,0.8960584345195931,0.0,-0.7504357429496463,-0.46725863672972356,0.14641133896934572,-0.15972979833686718,11.376195281956853,-30.0,-30.0,43.92542922615207,3.607921656528025,-9.047120089853557,-12.7823491087671,-0.15972979833686718,12.1266310249065,-48.79086077601432,-36.58231494939138,62.176318288747034,1.8400000000000014
0.8929392159673534,-0.8050972338822344,1.318950511738269,0.8819279325870131,-0.8837067728163744,1.267308458418039,1.5142970085144043,-1.720542073249817,1.2513096332550049,0.8929392159673534,-0.8050972338822344,1.318950511738269,0,0.0,-1.5707963267948966,nan,0.037287793265293245,-0.3400743308230173,-0.13369581841358816,0.11332144778027864,-1.5707982849618802,0.03783783163765112,-0.3440323209926647,1.6803422870205746,-0.1426969888381148,0.9072084097907092,-0.10206438610970495,0.8702699662810787,-0.23503222262525325,0.009848314444891797,0.0005500383723578764,-0.003957990169647374,-0.009001170424526639,0.0037783677761890865,-0.00045620606469656344,0.003548190213424122,-0.0012158475595400202,-12.550782325893229,-1.3762156111574466,-0.3958578215740066,0.18472448685792564,-1.5707987864187205,1.6800084862878952,0.6434633130081574,-0.7893194316045492,-0.96687756613275,0,sac,0,-0.18472448685792564,-0.071403039077647,1.4612568053595858,1.4633476532137237,1.2426965697298866,-0.32221968049942207,0.20028862662976044,1.4615905767203694,1.4045987530555941,1.3716172832334796,-0.1806448278106451,0.3944854239422552,0.09448092132313976,-0.0870183631785231,0.06436811306146979,0.39584214507896814,-1.789188728401403,7.445309176238374,18.28212988863627,1.0,-0.2400694191455841,2.45962382372511e-06,5.014568404959618e-07,0.7571485042572021,-0.8602710366249084,0.6256548166275024,1,-0.1225466612377847,2.48273727282895,-9.0,-9.0,-0.1225466612377847,-0.9026583829873411,-4.544152448835542,-0.3105318465821479,0.003570453367486517,-0.000790538839238659,-0.0038364721668880113,-0.047598060335407984,0.08235108509938063,0.1604926837316725,0.9209470572136054,0.0,-0.7600437301396745,-0.48966920626183874,0.17521723346940024,-0.22978935165532477,16.551581818859667,-30.0,-30.0,45.54127428885297,3.385395655816291,-4.455847551164458,-8.689468153417852,-0.22978935165532477,17.31162554899934,-77.98178835499448,-90.5441628217813,120.74415065929817,1.8500000000000014
0.9328261753143733,-0.8743485288304781,1.3280814790427424,1.0126000940084132,-1.0128511187269655,1.3463434136516894,1.9309964179992676,-1.9205095767974854,1.9018206596374512,0.9328261753143733,-0.8743485288304781,1.3280814790427424,0,0.0,-1.5707963267948966,nan,0.036867525373821985,-0.34907416085924126,-0.1302068348580311,0.11388480910182586,-1.5707982568722396,0.03650538036685056,-0.3442851800175471,1.6764368877467586,-0.14290655740928332,0.9540485743654772,-0.0912183379329301,0.8746971011341531,-0.36985521267255683,0.0135774975377266,-0.00036214500697142465,0.004788980841694157,-0.012699722551252207,0.008858623835722425,-0.0009106478890875463,0.008182292449131361,-0.0032704780937682157,-7.714253481573708,-0.8147763366259344,-0.40002923414169095,0.2853292167135748,-1.5707990926436317,1.6760232192279327,0.8051053624225865,-0.7893194330809639,-0.9668800690228049,0,sac,0,-0.28532921671357503,-0.17144440761174895,1.4651622069585477,1.4642830133533187,1.2418350888383995,-0.3215824368487943,0.3390880801587994,1.4655756127824364,1.394585333491073,1.4200322273662542,-0.04163857025459723,0.38658644946098264,0.09258908365005035,-0.08527595195511152,0.06307923886835222,0.40001433985143725,-0.4449192655113332,2.8571770119888336,10.169420374934324,1.0,-0.4531272053718567,2.765848734931353e-06,8.35771392093676e-07,0.9654982089996338,-0.9602547883987427,0.9509103298187256,1,-0.14464198419919408,1.7023836390931952,-9.0,-9.0,-0.14464198419919408,-0.05131783406076637,-7.005634917169356,-3.5600411022444227,0.004467373810333666,-0.0007905388407173545,-0.003836482098102023,-0.0203497515370831,0.043159723512777054,0.1051376993194709,0.9835699156875368,0.0,-0.7977202433090551,-0.5334083598653765,0.21570283745528074,-0.271220671665468,11.349224260621302,-30.0,-30.0,43.91899875874464,1.7537014731539615,-1.9943650828306438,-5.439958897755577,-0.271220671665468,12.146944503930357,-69.16133088942392,-96.70291039747764,119.50884649754292,1.8600000000000014
1.0051049002052597,-0.9389756953952563,1.379072532486552,1.1496623499870322,-1.0682300285248125,1.4810546393741713,1.6556882858276367,-1.2726857662200928,1.978400707244873,1.0051049002052597,-0.9389756953952563,1.379072532486552,0,0.0,-1.5707963267948966,nan,0.03604646396484649,-0.35491514369094923,-0.1294138605075486,0.11443674052117148,-1.5707982293380718,0.03519858674641069,-0.3445277031777547,1.6726107249596867,-0.14311183861747945,0.5707468846616925,-0.04857322114643764,0.5598459671500355,-0.09982555586786346,0.0172119847923719,-0.000847877218435801,0.010387440513194512,-0.013697978109930842,0.00964571119521251,-0.0009292753583295172,0.00917093659519256,-0.0028407945608240302,0.42138258077630497,0.042814958546449455,-0.4002192944978801,0.31562609942033526,-1.5707990761241222,1.6720145921273266,0.833799722894189,-0.7893194330918248,-0.9668800690168032,0,sac,0,-0.31562609942033504,-0.201189358899164,1.4689883720557657,1.465199396016858,1.240991086490522,-0.32095812220338005,0.35959434673075796,1.469584161157913,1.3987394556195705,1.4142659491951373,-0.012953840555945662,0.37863878925047645,0.09068558553965679,-0.08352280129188559,0.06178242063387445,0.40021572423952284,0.9921141418164466,-2.9644618593634737,-2.3958995420718976,1.0,-0.5575409531593323,2.7493292256153268e-06,8.467860501681912e-07,0.8278441429138184,-0.6363428831100464,0.9892003536224365,1,-0.12525368151808622,0.29581122152192546,-9.0,-9.0,-0.12525368151808622,0.3266774292372019,-8.110399977938913,-5.692430645892681,0.004626593262169619,-0.0007905388407282323,-0.003836482098078209,0.019792353464168876,-0.022805355775384627,0.008549549628745271,1.0559973362595279,0.0,-0.8480581035296523,-0.5776874517320463,0.24940937299196014,-0.23486533192965725,1.9720748101461698,-30.0,-30.0,42.47286475834842,-0.030866207715276428,-0.8896000220610869,-3.3075693541073186,-0.23486533192965725,2.820132913675822,-35.38157137121861,-61.53210538908716,71.03565229999163,1.8700000000000014
1.056137007685841,-0.9164600302774402,1.4245958774379521,1.1582012226470035,-0.8714287000418081,1.515642567340752,1.2515869140625,1.2808961868286133,1.8939146995544434,1.056137007685841,-0.9164600302774402,1.4245958774379521,0,0.0,-1.5707963267948966,nan,0.034690481938692744,-0.3556096511855489,-0.1327503620276148,0.1149771746980337,-1.5707982023639988,0.03391771550073639,-0.34476017520745905,1.6688642654355232,-0.14331280943720026,0.31702793525135475,0.007511078047944819,0.04620354648953162,0.313553070034539,0.015161582775127353,-0.0007727664379563529,0.010849475978089829,-0.010562447409585451,0.0064387761145357535,-0.0005684369849156905,0.006410635298639828,0.00019614360843305846,8.646529501621252,0.8435542958116349,-0.3927444238461264,0.2600474691637542,-1.570798687403339,1.6680429682885627,0.591970007585497,0.7892051674950746,-0.21029207528218646,0,sac,0,-0.2600474691637542,-0.14507029446572073,1.4727348338727864,1.4660966894089347,1.2401646656515213,-0.3203468127273327,0.24162880015209623,1.473555920525854,1.4162269963633327,1.3528223430517061,-0.1124885333204658,0.37064646999102,0.08877139139885465,-0.08175979942224011,0.06047831539070745,0.39274887799486136,2.1793630839390277,-7.923790941352564,-14.432008153452893,1.0,-0.32292047142982483,2.360608442497636e-06,4.850393402477948e-07,0.62579345703125,0.6404480934143066,0.9469573497772217,0,-0.054354261286232226,-1.758832236905931,3.2832699366053366,0.12789964682635088,-0.054354261286232226,0.1407334955133953,-4.517670692560634,-5.163071820994512,0.0032847269833515156,0.0007904243986042924,-0.0008344176367273969,0.04705144860031481,-0.07357270072616807,-0.1063489924936522,1.0719504931821189,0.0,-0.8640792399136287,-0.5813650138522881,0.25388904594763945,-0.10192060994980728,-11.72554824603954,10.944233122017788,0.4263321560878363,16.0454625117919,-1.8995657324193265,7.80094062916597,5.290971467820863,-0.10192060994980728,-10.861469006125912,11.525598135870077,0.17244311014019686,15.838277867166397,1.8800000000000014
1.1088861195598272,-0.837583846965237,1.4588028443392749,1.2143843433077997,-0.6798314803408307,1.5272167781419201,1.9965200424194336,1.987429141998291,1.6883435249328613,1.1088861195598272,-0.837583846965237,1.4588028443392749,0,0.0,-1.5707963267948966,nan,0.03279714446342908,-0.35012374545668296,-0.13664393677413558,0.1155060501480003,-1.5707981759542906,0.032663013807945895,-0.3449828799823924,1.6651979353563124,-0.1435094490122503,0.6831062816926807,0.06386357824731681,-0.5708610503799283,0.3696935171470739,0.008577980365400459,-0.00013413065548318476,0.005140865474290546,-0.006865512238114713,0.002633001239535686,4.671651560255141e-05,0.0004671896588355857,0.002590800439486512,12.572749207008147,1.1778147610457599,-0.3770612753226436,0.14454394878027288,-1.570798154994325,1.664199694471362,-0.2550895809684169,0.7893200208591578,0.9672078089273624,0,sac,0,-0.14454394878027266,-0.029037898632272352,1.4764011662253311,1.466974791456619,1.2393559203321158,-0.3197485779610614,0.043083643082465845,1.4773993473611182,1.441194345696482,1.2620712590532348,-0.29377578568008134,0.36261358383737635,0.08684748131595323,-0.07998784902239008,0.05916759085498078,0.3770633344351568,2.5657960699470115,-9.230961512390698,-19.292962704891504,1.0,-0.14885012805461884,1.8281994282887126e-06,-2.095996531892297e-08,0.9982600212097168,0.9937145709991455,0.8441717624664307,1,0.03258632289416797,-4.1761353262445375,9.0,9.0,0.03258632289416797,-0.6198167349062508,1.2130049783794001,-1.7836471396660751,-0.0014154427066269469,0.000790539429403598,0.003837782536819246,0.059532550942982224,-0.09412127985428019,-0.16080904894460316,1.0438595248754232,0.0,-0.8532616237137323,-0.5550668342226113,0.23127498506461455,0.061103174374963376,-27.840902174963585,30.0,30.0,50.7456359455058,-3.556318591338287,7.7869950216206,10.783647139666074,0.061103174374963376,-26.987640551249854,55.04745698310357,64.2477742985675,88.80504207953338,1.8900000000000015
1.1675723352643568,-0.7263107109038254,1.4604687316686986,1.2849447666734162,-0.5037644387810022,1.463800506327546,1.9149847030639648,1.0683529376983643,0.8975512981414795,1.1675723352643568,-0.7263107109038254,1.4604687316686986,0,0.0,-1.5707963267948966,nan,0.03069219277972621,-0.34107639262503675,-0.1377653110948835,0.11602331133698485,-1.5707981501128656,0.03143471108112223,-0.3451961001163716,1.6616121196552327,-0.14370173868727265,0.9348257769455869,0.0876648956879205,-0.926057296562538,0.0929084645725553,0.00726391738676506,0.0007425183013960203,-0.004119707491334834,-0.00593642759238916,0.006333194811763019,0.0006144894072684347,-0.005851898362140857,0.0023424442045158894,10.473092305113482,0.9425027843886623,-0.35784448471336894,0.02662440417252654,-1.5707977475905175,1.6605443550021584,-0.7171868694078227,0.7893194331054703,0.9668800312051369,0,sac,0,-0.02662440417252654,0.08939890716445831,1.479986984178042,1.46783360996627,1.2385649354440489,-0.3191634807143968,0.15721024902574068,1.48105473022073,1.4631216445720712,1.1849642945551095,-0.4668749934530543,0.3545442884187794,0.08491485106067355,-0.07820786721136871,0.05785092542628124,0.35784411064534927,1.7852646855912475,-6.183472137517046,-14.913623229299228,1.0,-0.17704859375953674,1.4207956207101802e-06,-4.0252234789761587e-07,0.9574923515319824,0.5341764688491821,0.44877564907073975,1,0.06300032721825954,-4.5,9.0,9.0,0.06300032721825954,-1.5925235373123605,5.274352171882954,1.9142320942868,-0.003979531111141702,0.0007905388407418988,0.00383648194804535,0.04803836819840065,-0.07300407186180402,-0.1388430314555223,0.9711915569585561,0.0,-0.8103191161607566,-0.5019602431416725,0.1860964389696581,0.11813299684653955,-30.0,30.0,30.0,51.961658512839485,-2.9074764626876393,3.7256478281170464,7.0857679057132,0.11813299684653955,-35.018450946817325,70.6088714286347,95.61507710045689,123.91191046655433,1.9000000000000015
1.213065207151378,-0.6703037710186684,1.3977549733258778,1.3040509509254206,-0.5582898912483547,1.2723274566402365,1.5485305786132812,-1.2559887170791626,-1.1777305603027344,1.213065207151378,-0.6703037710186684,1.3977549733258778,0,0.0,-1.5707963267948966,nan,0.02879230678269388,-0.33286886053522763,-0.137261818223896,0.11652890877568378,-1.57079812484328,0.030233018756252224,-0.34540011657005326,1.6581071613618574,-0.1438896620393338,0.8468747233023579,0.06981936721623255,-0.8411548543490799,-0.06914162230486354,0.014249082161421671,0.0014407119735583458,-0.012531256034825633,-0.006627843815437795,0.009595392354608656,0.0008735759257303705,-0.009492164582555966,0.0010987406784754537,4.103370872946647,0.35494989748552785,-0.33920595307030144,-0.04271230485632782,-1.5707975967327081,1.657082764247497,-0.8234549419419147,0.7893194330947454,0.9668800690169497,0,sac,0,0.0427123048563276,0.15924121363201138,1.4834919446992265,1.4686730627803524,1.237791786655658,-0.3185915769597561,0.2504235718568531,1.4845163435323874,1.4708643254793847,1.1576129954955319,-0.5558203183981826,0.3464428068389414,0.08297451208415009,-0.0764207855510292,0.05652900818765403,0.339210596254532,-0.0018787076906676692,-0.15962719610744802,-4.280199893596798,1.0,-0.3622247874736786,1.269937811798627e-06,-5.28110572162177e-07,0.7742652893066406,-0.6279943585395813,-0.5888652801513672,1,0.026445828682204797,-4.162859642441629,9.0,9.0,0.026445828682204797,-2.3932130460005716,7.3403836604398744,4.616502679256639,-0.0045691920751240265,0.0007905388407311574,0.00383648209807879,0.013632981498882767,-0.02064548421071511,-0.06048471114436915,0.8952623944236641,0.0,-0.7564047234401903,-0.4559712713216778,0.14641328135061465,0.04958902809338983,-27.752397616277527,30.0,30.0,50.697120554560826,-1.7696465964410573,1.6596163395601256,4.383497320743361,0.04958902809338983,-26.995992892837336,50.31420529530536,80.67123821111606,98.83397199523348,1.9100000000000015
1.1962025817673796,-0.6694848408178665,1.326217112457693,1.1624773309993826,-0.6678469804162628,1.1831413907213233,0.06415915489196777,-1.5177831649780273,0.4912421703338623,1.1962025817673796,-0.6694848408178665,1.326217112457693,0,0.0,-1.5707963267948966,nan,0.027391387804855172,-0.3293109173647243,-0.13748759046514003,0.11702279911403135,-1.5707981001487321,0.029058130086485764,-0.3455952082726569,1.6546833609474105,-0.14407320490957357,0.3760072310301978,0.022603030807224686,-0.3753034873106964,0.004222937100425983,0.017644446089868704,0.0016667422816305927,-0.016284290907932597,-0.006585614444433535,0.008877387887261947,0.0007317756651891664,-0.008814532279171092,0.000759302822458177,-4.678376320507564,-0.3891804018497984,-0.3245545901602243,-0.03240625021311927,-1.570797739250078,1.6537868679222736,-0.819518109027864,-0.6126605111808059,0.9668800690167947,0,sac,0,0.03240625021311949,0.14942904932715084,1.4869157473156025,1.4694930779342483,1.2370365402474484,-0.3180329157253088,0.20609741682318825,1.4878123227172442,1.459047085357063,1.195347155617947,-0.5195973417087423,0.3383134276760531,0.08102749151893081,-0.07462755004604467,0.055202538905602824,0.3245628462901283,-1.890439748698868,6.217197577551925,9.021293826727726,1.0,-0.39191481471061707,1.4124551812599861e-06,-3.608986540726278e-07,0.03207957744598389,-0.7588915824890137,0.24562108516693115,1,-0.030238336083549665,-1.1593875892652592,1.0207219978708615,9.0,-0.030238336083549665,-2.538244081365296,5.606167719110463,6.31322893259197,-0.0045473473513440625,-0.0006136070011245955,0.003836482098078175,-0.038122125900388895,0.05397804900413313,0.0569191683502856,0.8480908540324151,0.0,-0.718219095099428,-0.43238095366177787,0.12832045448221197,-0.056700423933151445,-7.729250595101728,3.4024066595695386,30.0,31.16602157441719,1.3788564921000368,-4.585445721239601,2.6867710674080296,-0.056700423933151445,-7.0110315000023,3.8347876132313163,31.184382957631183,32.19206601196775,1.9200000000000015
1.1224699388810606,-0.6471916652812768,1.2866732795230764,0.9750046531084228,-0.6026053142080974,1.2075856136538436,-1.9780747890472412,0.42508482933044434,1.5926322937011719,1.1224699388810606,-0.6471916652812768,1.2866732795230764,0,0.0,-1.5707963267948966,nan,0.026647710691426085,-0.3332777414105346,-0.1378005095161881,0.11750494523565647,-1.5707980760320521,0.02791021994233698,-0.34578165175736786,1.6513409756700308,-0.1442523554349271,0.38042838417143965,-0.0404233030719698,0.3780380561099361,0.013376852569454978,0.014126854544781995,0.0012625092509108947,-0.012503910346833236,-0.006451845918738985,0.0034094561341037853,0.0002179759643484631,-0.0033501717332173574,0.0005943290059350079,-11.853925141951311,-0.947880009867323,-0.31894943504564127,0.06208298260612133,-1.5707981151146486,1.6505862614395224,-0.05491020819823586,-0.7894249756794832,-0.968094385134671,0,sac,0,-0.062082982606121107,0.05542196262953514,1.4902581347670383,1.4702935938130728,1.2362992529676655,-0.3174875389881426,0.07352860545133777,1.491012967598521,1.4347660854920044,1.2798017931531454,-0.3649344693095252,0.33016050498277555,0.07907483217897517,-0.07282912114390631,0.053872228030088364,0.3189485430338064,-2.557390004576681,9.238786974027425,18.573159758012093,1.0,-0.24322672188282013,1.788319751838685e-06,3.908259671447922e-08,-0.9890373945236206,0.21254241466522217,0.7963161468505859,1,-0.06895922955301938,1.6932204926879997,-9.0,-9.0,-0.06895922955301938,-1.913968880326459,0.05190966099312441,3.78298154806538,-0.00030468611622041543,-0.0007906445463670357,-0.00384130038133473,-0.059194304305484224,0.09146921002978234,0.14709416055905045,0.8134421665563378,0.0,-0.6890025359176888,-0.41384224846174344,0.12529268621508427,-0.12930663707672863,11.288136617919998,-30.0,-30.0,43.90260525881372,3.6071893730144584,-9.051909660993124,-12.78298154806538,-0.12930663707672863,11.977139153837687,-49.03047121087964,-36.91037457376474,62.52864496255536,1.9300000000000015
1.1075183610685946,-0.6894735248892044,1.2572891727323097,1.0776152054436627,-0.7740372441050596,1.1985209591507762,1.543809413909912,-1.5529100894927979,1.1573371887207031,1.1075183610685946,-0.6894735248892044,1.2572891727323097,0,0.0,-1.5707963267948966,nan,0.02625273579229659,-0.34212866178856016,-0.13551821160142472,0.11797531635233738,-1.5707980524957035,0.026789444617449865,-0.34595972081110354,1.6480802189200179,-0.14442710407992834,0.904335193101084,-0.07258004257576188,0.8672851324289854,-0.24570465597646418,0.009712540079235039,0.0005367088251532759,-0.0038310590225433816,-0.008908892478503627,0.003768013994648355,-0.000337951506296863,0.0035421838096318407,-0.001239617724155151,-12.588681673337032,-0.966047547462723,-0.3224823812140102,0.19070237513516686,-1.5707985573674097,1.6473822598757468,0.6412355455552526,-0.7893194316092988,-0.966877640058268,0,sac,0,-0.19070237513516686,-0.0727270587828297,1.493518893661306,1.4710745593084877,1.2355799718878644,-0.3169554815674275,0.20200358677183203,1.4942168363035928,1.4129333039460459,1.3648853560858312,-0.1730642935570122,0.3219884582862563,0.07711759255965812,-0.07102647373492713,0.05253879669453118,0.32246962172814225,-1.7984237031502444,7.4944425337418075,18.321713215782193,1.0,-0.23929208517074585,2.230572513362006e-06,5.048717062194896e-07,0.771904706954956,-0.7764550447463989,0.5786685943603516,1,-0.09846776861255405,2.4704263324051103,-9.0,-9.0,-0.09846776861255405,-0.9160710141340298,-4.5419757295959355,-0.31028221510765264,0.003558091917123457,-0.0007905388392434159,-0.0038364724602169727,-0.04779848297945121,0.08283198425014217,0.16082281086271724,0.8367903748428078,0.0,-0.6978515844681312,-0.4355357945172086,0.15339448875089806,-0.1846386060614177,16.469508882700737,-30.0,-30.0,45.51130424688142,3.38649734653914,-4.4580242704040645,-8.689717784892347,-0.1846386060614177,17.16736046716887,-78.29985609841599,-90.89396774487632,121.19130824553314,1.9400000000000015
1.135486669539069,-0.7670417066916523,1.2615092348241181,1.1914232864800183,-0.9221780702965479,1.269949359007735,1.9490556716918945,-1.9083671569824219,1.7454557418823242,1.135486669539069,-0.7670417066916523,1.2615092348241181,0,0.0,-1.5707963267948966,nan,0.025786219535694214,-0.3510086868774225,-0.13191033812588326,0.11843388809845812,-1.5707980295417778,0.025695941639556227,-0.34612968613929357,1.6449012595651045,-0.1445974436685962,0.9514890821324234,-0.06269867212912623,0.8710059760672295,-0.3778213064209307,0.013593213209286862,-9.027789613798645e-05,0.0048790007381289136,-0.012687105542712934,0.008834403789609355,-0.0006421556113936199,0.008153731229508835,-0.003339310336813898,-7.7426957600339295,-0.568838396232001,-0.3270395180216465,0.29134056263354124,-1.5707988680613427,1.6441297057848114,0.804434302516097,-0.7893194330810733,-0.9668800690226248,0,sac,0,-0.29134056263354147,-0.17290667453508313,1.496697855128816,1.471835933975515,1.2348787342584842,-0.31643677101758294,0.3416116515568708,1.4974691793646893,1.4028297633103337,1.413729713214809,-0.033685287776861146,0.31380177258810543,0.07515684683776427,-0.06922059715223648,0.05120297671580764,0.3270263513709872,-0.45401226864996796,2.896287049591048,10.205838233734308,1.0,-0.45659175515174866,2.54126644616548e-06,8.385195648941135e-07,0.9745278358459473,-0.9541835784912109,0.8727278709411621,1,-0.1313647665289835,1.689078653074607,-9.0,-9.0,-0.1313647665289835,-0.06489884615367404,-7.004823755946418,-3.5600080677337553,0.004463650228810876,-0.0007905388407174641,-0.0038364820981013083,-0.02054026710474663,0.04354417163676771,0.1054348416326234,0.8994177511614557,0.0,-0.735645388766988,-0.47989987474963125,0.19358270404528832,-0.24632433251262606,11.260524353830712,-30.0,-30.0,43.89601444778332,1.753977499228281,-1.9951762440535816,-5.439991932266245,-0.24632433251262606,11.9961697425977,-69.43776568741458,-97.04601988125674,119.93123881050997,1.9500000000000015
1.1816833817937582,-0.8631242245639124,1.3057550267508584,1.2740768063031362,-1.0552892603084325,1.3942466106043387,1.6605584621429443,-1.6777071952819824,1.9754512310028076,1.1816833817937582,-0.8631242245639124,1.3057550267508584,0,0.0,-1.5707963267948966,nan,0.025032184522061005,-0.3567481086104964,-0.1310771004467558,0.1188806426254636,-1.5707980071719907,0.024629829586237946,-0.3462918150463022,1.641804221295697,-0.1447633694164224,0.567467310954029,-0.03120770396850721,0.5577292826065283,-0.09991634269536642,0.01722817236113712,-0.00040235493582305853,0.010456293564194197,-0.013686268969666598,0.009604134475074013,-0.0006350311698157175,0.009137843123395611,-0.0028872058258598756,0.40658224774192064,0.02854601421244063,-0.32749819062383295,0.32175813232504447,-1.5707988573225247,1.6408510033866004,0.8334126257203948,-0.789319433091849,-0.9668800690168029,0,sac,0,-0.32175813232504424,-0.20287748969958086,1.4997948954773745,1.4725776881893526,1.2341955673644172,-0.3159314275214412,0.36268530225543155,1.5007478082603998,1.4068848114814987,1.4083112717096495,-0.004631109693861696,0.30560499836442,0.07319368487149369,-0.06741249517178556,0.04986551059425392,0.3274945729670839,0.9814323435575135,-2.932117663030663,-2.3582682699488235,1.0,-0.5620788931846619,2.5305276283305034e-06,8.501505339708615e-07,0.8302792310714722,-0.8388535976409912,0.9877256155014038,1,-0.13342315361263002,0.28135120076764847,-9.0,-9.0,-0.13342315361263002,0.3130108022255343,-8.110206632601326,-5.692546651951068,0.0046244453348833585,-0.0007905388407282565,-0.003836482098078208,0.019575567214377487,-0.02249096589913008,0.0088516998763672,0.9830918967794,0.0,-0.7929541206318511,-0.5332837573832705,0.2308719866018123,-0.2501840495267767,1.8756746717843233,-30.0,-30.0,42.468585419495795,-0.03165960145788582,-0.8897933673986742,-3.3074533480489317,-0.2501840495267767,2.6686287924161745,-35.60199925981104,-61.881033828894644,71.44192656079998,1.9600000000000015
1.2078345141191815,-0.8630788841882141,1.352972201173151,1.2601367787700282,-0.8629882034368176,1.4474065500177364,1.1400694847106934,0.7933261394500732,1.9052801132202148,1.2078345141191815,-0.8630788841882141,1.352972201173151,0,0.0,-1.5707963267948966,nan,0.02391072654099654,-0.3573610840980655,-0.1344763361615458,0.1193155686963141,-1.5707979853876781,0.023591207905136927,-0.3464463711320828,1.6387891819701523,-0.14492487896245476,0.32710672485269676,0.008283629996344577,0.045841940178847906,0.3237726168757643,0.015113077051046827,-0.00031951863585961277,0.010914712965982676,-0.010448542800908955,0.006401021459122551,-0.00036747951746581795,0.006386205513233733,0.0002332673726296742,8.665679744125578,0.5798797862000441,-0.31999043936366484,0.2662982568097738,-1.5707984769891665,1.6376081799243616,0.5917259670026093,0.7892149053796331,-0.23353446616222523,0,sac,0,-0.2662982568097738,-0.14698268811345994,1.502809936846913,1.4732998033021867,1.233530488380583,-0.31543946378341503,0.2450764812066056,1.5039907562455097,1.4242471141099866,1.3471382086461274,-0.10390174401401112,0.29740275156576895,0.07122921220045841,-0.06560318601234404,0.048527151513663574,0.3199932046624663,2.165476992630613,-7.901845300857748,-14.421428081387717,1.0,-0.3250546157360077,2.150194269745498e-06,4.916014884059905e-07,0.5700347423553467,0.3966630697250366,0.9526400566101074,0,-0.08762985237068183,-1.771724938533243,3.2388349810142603,0.010894673492613671,-0.08762985237068183,0.12719505330211434,-4.532357776455835,-5.186166107979209,0.003283372849396463,0.0007904341515327613,-0.0009266410875825571,0.0467718481700809,-0.0733372192107922,-0.10617681055277824,1.0092716887706865,0.0,-0.8157963405880952,-0.5442685809613291,0.23848979897565237,-0.16431624296021344,-11.81149959022162,10.796116603380868,0.03631557830871224,16.002998935591105,-1.8989199918353572,7.771192757470095,5.197060781471823,-0.16431624296021344,-10.995703249633525,11.340385184342198,-0.20217422066694013,15.798028368326603,1.9700000000000015
1.241883123993447,-0.798879649019438,1.3915735536955642,1.3099803437419775,-0.6704811786818856,1.4687762587403905,1.9957013130187988,1.9779269695281982,1.7627692222595215,1.241883123993447,-0.798879649019438,1.3915735536955642,0,0.0,-1.5707963267948966,nan,0.02243620164823971,-0.35175674486292974,-0.13850294475904443,0.11973866177993853,-1.570797964189797,0.02258015673822161,-0.34659361400562966,1.6358561729600156,-0.1450819724014958,0.6947564480376995,0.046347372584151086,-0.5751582108682596,0.38695151584575704,0.0083643438497993,0.0001439550899818981,0.00516313085730008,-0.006579027642451385,0.0027635649614905773,6.388307334845423e-05,0.0004223347865208475,0.0027303559433547054,12.647925080506223,0.8068138654948598,-0.3036940640208036,0.15053816559300182,-1.5707979520704938,1.6344963008936866,-0.25451159588277106,0.7893199704558819,0.9672393555437361,0,sac,0,-0.1505381655930016,-0.03079950381306329,1.5057429478642486,1.474002271800007,1.2328835042274997,-0.31496088492266094,0.045289845060764146,1.507102767681366,1.449055978063262,1.256507542425423,-0.2854836360056387,0.289199713617199,0.0692645500456838,-0.06379370233550137,0.04718866334128849,0.30369371079296426,2.5487639364858024,-9.224910425603479,-19.34977871703811,1.0,-0.14619778096675873,1.6252755972168131e-06,-1.2119302894575412e-08,0.9978506565093994,0.9889634847640991,0.8813846111297607,1,-0.018431825543571076,-4.184384538003419,9.0,9.0,-0.018431825543571076,-0.6324568917229861,1.1983703655050046,-1.8140214003613515,-0.0014122355792683511,0.0007905393789224549,0.0038379077105950335,0.05918316405837607,-0.09403975523306041,-0.16116159048803744,0.9890974516905161,0.0,-0.81034128794258,-0.5232651468066233,0.21875637621261804,-0.03456183300875881,-27.895896920022796,30.0,30.0,50.775803878351724,-3.5519276462804332,7.801629634494995,10.814021400361352,-0.03456183300875881,-27.085555632080215,54.941009644835724,63.997253708425895,88.58776180394997,1.9800000000000015
1.2823719463718397,-0.6924347306203084,1.408519800966456,1.363349591128625,-0.47954489382204923,1.442412295508239,1.7439930438995361,0.8822627067565918,1.2543776035308838,1.2823719463718397,-0.6924347306203084,1.408519800966456,0,0.0,-1.5707963267948966,nan,0.020843750735018096,-0.3425188941565536,-0.1397256717011962,0.12014992414568804,-1.5707979435789166,0.021596736749764832,-0.34673379901574675,1.6330051784952937,-0.145234652316412,0.9458513266239988,0.06090309247648376,-0.9378035716493205,0.10700470272355933,0.006977197025258592,0.0007529860147467357,-0.004214904859193125,-0.005508980615215792,0.006489811274979965,0.0004478167488025052,-0.005959918927162196,0.0025291257236450017,10.585506409791877,0.6442422132616799,-0.2835639506204741,0.0318859541323675,-1.5707975493176367,1.6315792007485779,-0.7164529081839391,0.7893194331042374,0.9668800242242384,0,sac,0,-0.03188595413236772,0.08826397001332076,1.508593944297814,1.4746850974594201,1.2322546114268547,-0.3144956883662466,0.15437090645992566,1.5100198907239673,1.4707998447596347,1.1794163600875966,-0.4594831617731484,0.28100063141822784,0.0673008353096069,-0.06198509124566533,0.04585082062783778,0.28356159598986497,1.766126355436316,-6.182974262636348,-15.021940612754264,1.0,-0.1717839539051056,1.2225227399298433e-06,-3.9426127962371993e-07,0.8719965219497681,0.4411313533782959,0.6271888017654419,1,0.014542047528466951,-4.5,9.0,9.0,0.014542047528466951,-1.6028100943654098,5.266114412701093,1.891146929931447,-0.003975458502384618,0.000790538840740664,0.003836481920345852,0.04764110710630273,-0.0729992304493008,-0.139657076905156,0.9237075240943388,0.0,-0.7734576574678846,-0.47347667821850237,0.17555249173953255,0.02726804336858607,-30.0,30.0,30.0,51.96153138184237,-2.8971899056345904,3.733885587298907,7.1088530700685535,0.02726804336858607,-35.11397477360605,70.63457063601071,95.70925327523689,124.02618957052846,1.9900000000000015
1.307767618052626,-0.6233676663630182,1.3531967407617855,1.3585589614141989,-0.485233537848438,1.2425506203524446,1.290550708770752,-0.5659900903701782,-1.5947054624557495,1.307767618052626,-0.6233676663630182,1.3531967407617855,0,0.0,-1.5707963267948966,nan,0.019419142922897408,-0.3340701351190178,-0.13922470430029246,0.12054936495779378,-1.570797923555219,0.02064098895766272,-0.34686717699963576,1.6302361350097003,-0.145382923810568,0.8619420903734847,0.04688600200185751,-0.8582137021424852,-0.0649238895059745,0.014254152242897522,0.0012218460347653108,-0.012797041880617976,-0.006158219510275537,0.009777153470458804,0.0006100381496999703,-0.009677575788375845,0.0012510436847116514,4.2304073288113,0.24592803264600474,-0.26413651082534645,-0.03853367277902042,-1.5707974022047348,1.6288637085194684,-0.8231011948397101,0.7893194330947084,0.9668800690169969,0,sac,0,0.0385336727790202,0.15908303773681443,1.5113629897124161,1.4753482955044652,1.2316437959570772,-0.31404386374231436,0.24871437489640053,1.5127353935465422,1.4783367205753797,1.1521073748118835,-0.5496748969591495,0.27281031734285843,0.06533922057607988,-0.06017841429006508,0.044514408607480106,0.26414043535191173,-0.023628164930252216,-0.1514252944061143,-4.4126029647036935,1.0,-0.36050963401794434,1.075409838513508e-06,-5.213504841172778e-07,0.645275354385376,-0.2829950451850891,-0.7973527312278748,1,-0.00235587591370246,-4.171576195934295,9.0,9.0,-0.00235587591370246,-2.4018260767621067,7.336402752177286,4.60168890940845,-0.004567229200929381,0.0007905388407311203,0.0038364820980789772,0.01318605591829392,-0.02059059832984951,-0.06153339981997774,0.8430742012991288,0.0,-0.7167499074569108,-0.4231798675040789,0.13402417243133363,-0.004417543434656779,-27.810507972895305,30.0,30.0,50.72893033787686,-1.7697501191721887,1.6635972478227137,4.39831109059155,-0.004417543434656779,-27.093758065438394,50.38526513157818,81.04974910219484,99.20588953046769,2.0000000000000013
1.2827392381161105,-0.6094282143976013,1.2756557082765014,1.2326824782430792,-0.5815493104667674,1.1205736433059335,-0.12624728679656982,-1.6213493347167969,-0.1962580680847168,1.2827392381161105,-0.6094282143976013,1.2756557082765014,0,0.0,-1.5707963267948966,nan,0.01835444970903378,-0.3302530149299933,-0.13936073054463274,0.12093700036981536,-1.570797904118496,0.01971293456775301,-0.3469939940497506,1.6275489304859194,-0.14552679454038916,0.3946311271356317,0.013663882395391694,-0.3943937239139328,-0.0007844485480884567,0.017892071098653813,0.0013584848587192278,-0.016740979119757304,-0.006166063995756421,0.009116193521303086,0.0004969051850383447,-0.009064964757540723,0.0008273351796430749,-4.553024539748536,-0.2530862732247763,-0.249013185293117,-0.029520694156657035,-1.5707975500178817,1.6263198649393393,-0.8186227345904867,-0.6094869571465107,0.9668800690167952,0,sac,0,0.029520694156657257,0.15045769452647217,1.514050196123971,1.4759918927634257,1.2310510331089102,-0.3136053927732481,0.205594404498444,1.5152793225291896,1.466280647284075,1.1900029400790841,-0.514822425300826,0.2646336492395608,0.06338087411036566,-0.058374747458747246,0.043180223197840685,0.24902242676867073,-1.9158088896868115,6.238666278154359,8.882910682593323,1.0,-0.39686211943626404,1.2232229851250054e-06,-3.5410061460794395e-07,-0.06312364339828491,-0.8106746673583984,-0.0981290340423584,1,-0.032280233079868485,-1.1595365443619725,1.0377134484811694,9.0,-0.032280233079868485,-2.545058111326534,5.609868896606646,6.30456631555309,-0.004542379091910358,-0.0006104285443147424,0.003836482098078177,-0.03864376960199621,0.054155440359884184,0.05579857739376949,0.7876846231189643,0.0,-0.6721655890365179,-0.3945182999264407,0.11399911155972506,-0.06052922010100972,-7.730243629079817,3.4590448282705646,30.0,31.172509066088995,1.3855215669645613,-4.572155448125477,2.6954336844469102,-0.06052922010100972,-7.058078040043299,3.8535631281970053,31.725736711661032,32.729076493027776,2.010000000000001
1.2007188449747372,-0.5879248088104787,1.2291301211209935,1.0366780586919908,-0.5449179976362334,1.1360789468099777,-1.9272617101669312,0.00901341438293457,1.3705470561981201,1.2007188449747372,-0.5879248088104787,1.2291301211209935,0,0.0,-1.5707963267948966,nan,0.017741274038389092,-0.3339611016463308,-0.13954949097338096,0.12131285361909572,-1.5707978852681428,0.018812574810793323,-0.34711449129934185,1.624943403800865,-0.14566627474805563,0.3599402925699084,-0.028718408631499617,0.3587589466746255,0.00492802210817489,0.014545596875172066,0.0010713007724042316,-0.01315338965301105,-0.006116783774674672,0.0036941570586368545,0.0001395670484622128,-0.0036451320697326196,0.000583377756746716,-11.738690262040691,-0.6236861450277396,-0.24348958618857827,0.06360082769372855,-1.5707979316838376,1.6238734757690958,-0.04990500542498974,-0.7894230485196831,-0.9683249632362559,0,sac,0,-0.06360082769372877,0.05771202592536717,1.5166557246542491,1.476615927825645,1.2304762873409831,-0.3131802491688386,0.07425618619554021,1.5177257679279281,1.4417290509523641,1.274718597680995,-0.361536841206593,0.25647557043128794,0.06142697985914174,-0.05657518118457937,0.04184907100000395,0.24349100652527447,-2.5852206319532307,9.266216120525927,18.436242644641755,1.0,-0.25114235281944275,1.6048889408537548e-06,4.6415694843204847e-08,-0.9636308550834656,0.004506707191467285,0.6852735280990601,1,-0.0472004952698708,1.7078532291160347,-9.0,-9.0,-0.0472004952698708,-1.9167951919789035,0.05652856173612486,3.7783022245550684,-0.0002769132148981252,-0.0007906426162299956,-0.003842215291867366,-0.059778341038458326,0.09172573366216102,0.14597919750054317,0.7517587535899564,0.0,-0.6414409506954717,-0.3759677116012491,0.11109910082144736,-0.08850646028477555,11.385688194106898,-30.0,-30.0,43.9276874994227,3.624648421094938,-9.056528561736124,-12.778302224555068,-0.08850646028477555,12.02712914480237,-49.097134079362725,-36.289970061478485,62.2266034002274,2.020000000000001
1.1750051677447892,-0.6301151827441266,1.1778597853688475,1.1235778132848933,-0.7144959306114225,1.0753191138645557,1.5566530227661133,-1.5596076250076294,0.7725152969360352,1.1750051677447892,-0.6301151827441266,1.1778597853688475,0,0.0,-1.5707963267948966,nan,0.01735620825630618,-0.34256787849283943,-0.13718241301039258,0.12167695512121379,-1.570797867003159,0.017939890781764254,-0.34722890472707424,1.6224193440709251,-0.1458013772943399,0.8866730811990832,-0.048761824694615666,0.8492363418776239,-0.25021805092726446,0.009815925640239424,0.0005836825254580749,-0.004661026234234811,-0.008618964283947317,0.0034770498786472113,-0.00023162418460442554,0.0032257783156664846,-0.001276941797374814,-12.481928949181837,-0.632471546520842,-0.24767898470360974,0.19090126580613642,-1.5707983765760543,1.62142063231528,0.6451246237137913,-0.7893194316660322,-0.9668772168886188,0,sac,0,-0.19090126580613642,-0.06922431068492241,1.5191797861856295,1.4772204511983413,1.2299195121353808,-0.3127683985194473,0.200871900634168,1.520178502572594,1.4196194047198578,1.3600547303697594,-0.17100991570576987,0.24834108971546473,0.05947873745049754,-0.05478082034324747,0.04052176929851169,0.2476686409860294,-1.8255079963324523,7.51731367173319,18.189748419934357,1.0,-0.23921719193458557,2.0497811576980496e-06,5.095728949910949e-07,0.7783265113830566,-0.7798038125038147,0.3862576484680176,1,-0.06864207882046865,2.497248211626276,-9.0,-9.0,-0.06864207882046865,-0.9124857759506579,-4.539335382561362,-0.3125511957331074,0.003579671659009062,-0.000790538839300237,-0.003836470781122703,-0.048382300702886155,0.08305981424909796,0.1597411700493452,0.7664098685621376,0.0,-0.6425592993024731,-0.39437689493329753,0.13772617126791314,-0.1287119422847715,16.64832141084184,-30.0,-30.0,45.57612502794398,3.409733987576934,-4.460664617438638,-8.687448804266893,-0.1287119422847715,17.290880710144314,-78.4054938155887,-90.23135795079622,120.78125078259275,2.0300000000000007
1.1930553844875709,-0.7102827534679349,1.1659885462409731,1.2291558179731341,-0.8706178949155514,1.1422460679852242,1.943413257598877,-1.9268158674240112,1.5950210094451904,1.1930553844875709,-0.7102827534679349,1.1659885462409731,0,0.0,-1.5707963267948966,nan,0.01691215413985351,-0.35122899899826066,-0.13355426944406698,0.12202934256443565,-1.5707978493221424,0.017094843281195888,-0.3473374649810527,1.6199764899972324,-0.14593211769158398,0.9350737468255873,-0.04009933841156964,0.8552560251442742,-0.3758883963569687,0.012976460980098182,0.00018268914134237854,0.0038915340172079316,-0.012377848247517004,0.008535111664121017,-0.00042099992518196145,0.007838352743748379,-0.003351285790048902,-7.640809124352821,-0.3679510660383797,-0.25304921067317765,0.29034307563957107,-1.570798687303463,1.618912538779738,0.8062643322993084,-0.7893194330816474,-0.9668800690236569,0,sac,0,-0.29034307563957107,-0.1683137330751352,1.5216226420158325,1.47780552546342,1.2293806498532183,-0.31236979818917404,0.3392551038453244,1.5226864047289246,1.4092712320215663,1.409075311058977,-0.03289569697304068,0.24023528136399344,0.05753736219393569,-0.05299278425325728,0.03919914606136393,0.25303759060437014,-0.4761273978801999,2.910014641254609,10.083550858762312,1.0,-0.4411643147468567,2.3605085663902514e-06,8.379813207781694e-07,0.9717066287994385,-0.9634079337120056,0.7975105047225952,1,-0.11275720534848242,1.715290507048231,-9.0,-9.0,-0.11275720534848242,-0.05483199576637717,-7.003582108882166,-3.5609058757453513,0.004473804709835632,-0.0007905388407180392,-0.0038364820981054036,-0.021037645743688875,0.04369258462996729,0.10442492717944686,0.8227098318588821,0.0,-0.6748753953285946,-0.43641881517926645,0.17587861147640593,-0.21143297458931637,11.435270046988206,-30.0,-30.0,43.940984342072824,1.7701225028146081,-1.9964178911178339,-5.439094124254648,-0.21143297458931637,12.110145442316801,-69.52381334148446,-96.36038403461221,119.43862256144924,2.0400000000000005
1.2205369239824961,-0.8143645347930659,1.198592567768628,1.2755000029723464,-1.022528097443328,1.263800610823938,1.5360991954803467,-1.8767383098602295,1.947317123413086,1.2205369239824961,-0.8143645347930659,1.198592567768628,0,0.0,-1.5707963267948966,nan,0.01627029890812909,-0.35676820873289383,-0.13274131076044915,0.12237006100416847,-1.5707978322232858,0.016277372658202137,-0.347440397222563,1.6176145292109174,-0.14605851413682863,0.5519632397724122,-0.017561539126932993,0.5436277493122921,-0.09393551288624791,0.016259028980171415,7.0737500730486125e-06,0.009327811510330852,-0.013317203376379483,0.009292601522424903,-0.000397040828468564,0.008834118135301893,-0.0028553736019359746,0.506296672210259,0.02310638981053298,-0.25418025924523263,0.31970993025494265,-1.5707986788425945,1.616371353921203,0.8346436519187483,-0.7893194330919636,-0.9668800690168048,0,sac,0,-0.3197099302549429,-0.19733986925077396,1.5239846045126688,1.4783712254342873,1.2288596315902116,-0.31198439720902127,0.35927090182417387,1.525227522701239,1.4131566470502837,1.4037249300712313,-0.004993807442376825,0.23216328512325782,0.05560408508037304,-0.05121220667593512,0.03788203994001967,0.25417679130106974,0.9683578105739022,-2.9302900395054774,-2.4687558067204645,1.0,-0.5348587036132812,2.352047697939952e-06,8.466193088807472e-07,0.7680495977401733,-0.9383691549301147,0.973658561706543,1,-0.13681325829677377,0.2956989291409604,-9.0,-9.0,-0.13681325829677377,0.3265702111343015,-8.109632536949968,-5.692706748385742,0.0046312760609659815,-0.0007905388407283713,-0.0038364820980782153,0.019254662917205023,-0.022449325447536715,0.007936456935518919,0.9042787141171268,0.0,-0.7298059679831526,-0.4899767752222782,0.2121933119687682,-0.25654089311227035,1.9713261942730695,-30.0,-30.0,42.472955397453404,-0.030871281993341104,-0.8903674630500316,-3.307293251614258,-0.25654089311227035,2.701132162256222,-35.62993634739708,-61.19851046806767,70.86686091409418,2.0500000000000003
1.2104898181728316,-0.8596233788903281,1.275623106207393,1.1903956065535024,-0.9501410670848527,1.429684183084923,0.9431028366088867,-0.7398018836975098,1.9117016792297363,1.2104898181728316,-0.8596233788903281,1.275623106207393,0,0.0,-1.5707963267948966,nan,0.015391411887812574,-0.3571990492584528,-0.13615361568568363,0.12269916295740835,-1.5707978157043774,0.015487398654935466,-0.3475379209897818,1.6153330976183522,-0.14618058754509605,0.33082667699619733,0.008891301704984367,0.033331675834014085,0.3290231516967057,0.013924323234995126,9.598676712289228e-05,0.009661128268670993,-0.010026971859412426,0.006111126583938945,-0.0002050556164859743,0.006100825514761014,0.0002893930847719852,8.731748992145999,0.3763103587579838,-0.2469660977587603,0.263472011514452,-1.570798306258361,1.6138612412006388,0.590345819472468,0.7892088444081716,-0.19163683046403734,0,sac,0,-0.26347201151445176,-0.14077284855704342,1.5262660377687933,1.478917638312669,1.2283563770322485,-0.31161213617005856,0.24087906683105748,1.5277377495359803,1.4304472944665392,1.3425349539141656,-0.10513105410554235,0.22413030621410368,0.053680152782136004,-0.049440235815423644,0.03657130026939366,0.2469676004721507,2.161804909022655,-7.902795623992423,-14.48084475139219,1.0,-0.2968997061252594,1.9794634642522624e-06,4.905539836563833e-07,0.47155141830444336,-0.3699009418487549,0.9558508396148682,0,-0.1164511568556486,-1.7800110778570728,3.2665346834362112,0.20733581791925107,-0.1164511568556486,0.13882404021010658,-4.522938010738491,-5.147497382115581,0.003275714677909445,0.0007904280811977968,-0.0007603955164318843,0.04666104466949527,-0.07335954792958582,-0.10679982282063141,0.9638151354225122,0.0,-0.7779313959596863,-0.5211726733385718,0.2283449211496845,-0.2183595665772522,-11.866740519047152,10.88844894478737,0.6911193930641703,16.12151289071289,-1.9188351180671794,7.789472694174702,5.354833200034832,-0.2183595665772522,-11.088809123087465,11.409621618125943,0.46277447191448573,15.91863669882714,2.06
1.2214313435509576,-0.8258528114276011,1.3336525157842594,1.2433143943072098,-0.7583116765021471,1.4497113349379918,1.9946417808532715,1.9652328491210938,1.7340517044067383,1.2214313435509576,-0.8258528114276011,1.3336525157842594,0,0.0,-1.5707963267948966,nan,0.014307363200673799,-0.35149006536870986,-0.14015425005539306,0.12301670849719493,-1.5707977997627915,0.01472482025220356,-0.347630250081675,1.6131317787464294,-0.14629836158282486,0.6988217212732083,0.03214702844068686,-0.5801312981636109,0.38828603319806254,0.007267912417016349,0.0004174570515297609,0.0038598152870348845,-0.0061441115274318,0.0027848110391944197,7.747266106430614e-05,0.00019932224502040461,0.0027765880417243653,12.63421359463053,0.5143616554474588,-0.23032947763516456,0.14766723826232742,-1.5707977919024039,1.6114818030991267,-0.2614110793084935,0.7893200013760601,0.9671839766497845,0,sac,0,-0.14766723826232742,-0.02465052976513249,1.5284673582564334,1.479444863845418,1.227870794310962,-0.31125294711659,0.04211530114938815,1.5301172988224858,1.4552418578069166,1.2519892860642916,-0.2866869311335907,0.2161416153318671,0.05176682765296732,-0.04767803431868805,0.035267787067861,0.2303272048664166,2.5475133414241893,-9.208366583646715,-19.30553272885749,1.0,-0.130961075425148,1.4651075073146558e-06,-7.860387896130305e-09,0.9973208904266357,0.9826164245605469,0.8670258522033691,1,-0.06485711019067748,-4.211887882631954,9.0,9.0,-0.06485711019067748,-0.6279207446042256,1.2074854689885728,-1.7628666476398689,-0.001450519477251787,0.0007905394098904012,0.0038376879727577726,0.059163325891824055,-0.09392560019011335,-0.1609667545960634,0.9661861657899905,0.0,-0.7894006380400871,-0.5139144363217047,0.21506810959789202,-0.1216146825251781,-28.079252550879694,30.0,30.0,50.87690255849986,-3.5839671380277283,7.792514531011427,10.76286664763987,-0.1216146825251781,-27.289851912839605,55.04236266481309,64.43572185478823,89.03019008307331,2.07
1.2455736453833572,-0.7388399312236726,1.3730082862501696,1.2938582490481567,-0.5648141708158158,1.4517198271819898,1.6013894081115723,0.6125102043151855,1.4639403820037842,1.2455736453833572,-0.7388399312236726,1.3730082862501696,0,0.0,-1.5707963267948966,nan,0.013183564986787799,-0.3422512519816263,-0.14135365656034832,0.12332276534705966,-1.5707977843954921,0.013989515515967183,-0.34771759246225314,1.6110101030877981,-0.14641186270147255,0.9397196342147904,0.038849347764962315,-0.9326155767661715,0.10859053863075674,0.007491053588897292,0.0008059505291793841,-0.00546634048062683,-0.005058206141124233,0.006602610790397682,0.000310095260131292,-0.006073805755907064,0.002570446229476553,10.505693145447706,0.4047486344380494,-0.20960674484208866,0.02970659440121448,-1.5707973982326393,1.609301000307839,-0.7194291161383413,0.7893194331049951,0.966880035749605,0,sac,0,-0.02970659440121448,0.09361617094584496,1.5305890354821448,1.4799530144813333,1.227402779859301,-0.3109067534393186,0.1577495113583377,1.5322981050041025,1.476943774910228,1.1752050452094958,-0.45972989811042025,0.20820254864636029,0.049865387728022646,-0.04592677927551294,0.033972371037254874,0.20960286168976786,1.7593438174953293,-6.142911493282108,-14.897054665049223,1.0,-0.1797744184732437,1.0714377429721367e-06,-3.8616285280568263e-07,0.8006947040557861,0.3062551021575928,0.7319701910018921,1,-0.028853942229230635,-4.5,9.0,9.0,-0.028853942229230635,-1.6029063365952743,5.270975584399605,1.9302319067177676,-0.003991972904213461,0.0007905388407414228,0.003836481966077339,0.0475273368084933,-0.07266593194953468,-0.1387496291094626,0.9190985343838991,0.0,-0.7671139853439162,-0.47434770573199586,0.17684033324781204,-0.05410452321250822,-30.0,30.0,30.0,51.9615523950106,-2.8970936634047257,3.729024415600395,7.069768093282232,-0.05410452321250822,-35.309490144672836,70.60196158030705,95.62402011489257,123.99739200280268,2.0799999999999996
1.261696362956227,-0.6758147391866586,1.3327678211394638,1.2939417981019663,-0.5497643551126306,1.2522868909180522,1.295074224472046,-0.3457787036895752,-1.4508330821990967,1.261696362956227,-0.6758147391866586,1.3327678211394638,0,0.0,-1.5707963267948966,nan,0.01220054112909424,-0.33387540108500896,-0.1408629810496202,0.12361740897547513,-1.5707977695990256,0.013281341444495161,-0.34780015018530913,1.6089675474461298,-0.14652112017127406,0.8484110935358958,0.027484978622153815,-0.8458408619673341,-0.05999329805296272,0.015069217137863238,0.0010808003154009222,-0.013924749100300171,-0.00565813912165386,0.009767289062334483,0.00038927439408349696,-0.0096710263314775,0.0013113545550988938,4.111256951561349,0.15025216373511735,-0.18977273444393428,-0.03958389631349313,-1.5707972591325507,1.6073260929157245,-0.824326287367156,0.7893194330947312,0.9668800690169191,0,sac,0,0.03958389631349313,0.16320130528896826,1.5326315926415552,1.4804422155279722,1.2269522182671027,-0.3105734697685113,0.25047371245500305,1.5342730130318105,1.4843704296460658,1.1484195555129209,-0.5483792232411183,0.200318507801856,0.04797712672386684,-0.044187662218498916,0.03268593356286398,0.1897761053452538,-0.03727486152240178,-0.0917277203122766,-4.243004163688618,1.0,-0.3779955506324768,9.323376541914286e-07,-5.104664748678545e-07,0.647537112236023,-0.1728893518447876,-0.7254165410995483,1,-0.02553689704737569,-4.190137583846475,9.0,9.0,-0.02553689704737569,-2.4056989889349754,7.338345271402177,4.626925117255408,-0.004574027002220728,0.000790538840731143,0.003836482098078669,0.012922348782515249,-0.020061443594705457,-0.06021125744629899,0.8473816987039714,0.0,-0.7180505724942188,-0.4284655688883683,0.13739132038203783,-0.047884674756001666,-27.934250558976505,30.0,30.0,50.796896039362046,-1.7844385949114998,1.6616547285978234,4.373074882744592,-0.047884674756001666,-27.216199986482287,50.16333300388386,80.52063108849327,98.69476097338728,2.0899999999999994
1.2323277824109053,-0.6614166200455026,1.2604185994156147,1.173590621320262,-0.6326203817631906,1.1157201559679164,-0.18159019947052002,-1.5655975341796875,-0.42205142974853516,1.2323277824109053,-0.6614166200455026,1.2604185994156147,0,0.0,-1.5707963267948966,nan,0.011469776779800198,-0.3301754829495821,-0.1410124734759215,0.12390072269030927,-1.5707977553695158,0.012600133815943612,-0.34787811933971896,1.607003534281373,-0.1466261661151687,0.3778473730632341,0.004955672074249268,-0.377788728983669,0.004444648240664595,0.01860576757993325,0.0011303570361434149,-0.01770263639013686,-0.005613692639247214,0.009000205529402578,0.00029203720485194615,-0.008950101780775667,0.0009022704451699852,-4.693626633540861,-0.1630938590227234,-0.17464317864091475,-0.02924884139984707,-1.5707974156829756,1.6055245442409447,-0.8205280830242537,-0.626262351245563,0.9668800690167944,0,sac,0,0.02924884139984707,0.15314956409015634,1.534595607274107,1.4809126053084645,1.2265189821366635,-0.31025300186716503,0.20551999785402827,1.5360746486112329,1.4721735159712885,1.1869312749884828,-0.5117293620560209,0.19249495991712198,0.046103354038482224,-0.04246188912307016,0.031409366713438136,0.17465296003001188,-1.9283108367741335,6.296755788196801,9.06490436234257,1.0,-0.4131283462047577,1.0888880792592204e-06,-3.3968654022942246e-07,-0.09079509973526001,-0.7827987670898438,-0.21102571487426758,1,-0.028480145696046358,-1.1735823925857907,0.9158104884500575,9.0,-0.028480145696046358,-2.552316641907069,5.57017635671904,6.3194736438609524,-0.004552951501547475,-0.0006272298544660424,0.0038364820980781736,-0.03893827509035985,0.05473180572283396,0.057275801605232796,0.794711195391308,0.0,-0.6758597427847071,-0.40106120945887,0.11802287248944494,-0.053403610905768534,-7.8238826172386045,3.0527016281668584,30.0,31.153410381282477,1.3787342493212784,-4.654365868268982,2.6805263561390476,-0.053403610905768534,-7.148022874453898,3.4537628376257286,30.905743418895923,31.909098028188875,2.099999999999999
1.1463596360833248,-0.6457500111156269,1.212523223406147,0.974423343428164,-0.6144167932558756,1.1167324713872113,-1.89005446434021,-0.3526078462600708,1.1312918663024902,1.1463596360833248,-0.6457500111156269,1.212523223406147,0,0.0,-1.5707963267948966,nan,0.011033571523013421,-0.3340474827741583,-0.14116117148220625,0.1241727977332685,-1.570797741702666,0.011945707036153323,-0.34795169001533416,1.6051174310550091,-0.14672703554289518,0.38049930625042516,-0.02182215230035131,0.3798429148961002,0.004782857855828437,0.01500459306152509,0.0009121355131399018,-0.013904207241175859,-0.00556586406068893,0.003486543408656844,4.912351169493738e-05,-0.0034283805885186557,0.0006322802869896541,-11.889020392999607,-0.3927779305858542,-0.16972169139635676,0.0652656126273945,-1.570797805785792,1.603817572461743,-0.05566262129106042,-0.789430076134692,-0.967938881061148,0,sac,0,-0.06526561262739428,0.05890718510587423,1.5364817119177996,1.4813643353183266,1.2261029319383132,-0.3099452465241723,0.07378014379139945,1.5377816864300482,1.4475531627319753,1.2720896890344118,-0.3566768467992269,0.18473743758539232,0.044245394751261664,-0.04075068040746811,0.030143573241183646,0.16972433534422693,-2.588283582011204,9.300762078987615,18.607985269731667,1.0,-0.25984013080596924,1.4789908955314957e-06,6.40831263609698e-08,-0.945027232170105,-0.1763039231300354,0.5656459331512451,1,-0.019982534249888086,1.681636557652458,-9.0,-9.0,-0.019982534249888086,-1.9281978215415043,0.016459327750613706,3.786592483342939,-0.0003088611108264907,-0.0007906496547018604,-0.003840683356934945,-0.05988178723175437,0.09209529054834993,0.1473945896828854,0.7631675049226668,0.0,-0.6479332807928504,-0.38592429091185526,0.11691683324091433,-0.03746959356813817,11.21091038434972,-30.0,-30.0,43.88263797467471,3.609834379193962,-9.016459327750614,-12.78659248334294,-0.03746959356813817,11.85884366514257,-49.51937603454864,-37.24991979822374,63.090084045512775,2.109999999999999
1.111837413560634,-0.6747916112576731,1.131952235040902,1.0427929685152524,-0.7328748115417654,0.9708102583104121,1.4979257583618164,-1.521443247795105,-0.0005857944488525391,1.111837413560634,-0.6747916112576731,1.131952235040902,0,0.0,-1.5707963267948966,nan,0.010733476121433402,-0.3428417542030888,-0.13868081588870518,0.12443373337435037,-1.570797728593751,0.01131785398647138,-0.34802104628944797,1.6033085495753052,-0.1468237663852524,0.9103457806379096,-0.032775764810192426,0.8724915154816715,-0.25770864358583,0.009668205975990975,0.0005843778650379775,-0.005179292086359144,-0.00814295049654723,0.00375946333830576,-0.00018542790523160305,0.0035247845877035156,-0.0012942467671639233,-12.630848677006423,-0.3955144410395399,-0.17504470771511782,0.19396359112241424,-1.570798257223059,1.6020960903953738,0.6409472334712188,-0.7893194313286115,-0.966877932126129,0,sac,0,-0.19396359112241424,-0.06952985774806386,1.5382905947639416,1.481797570382277,1.2257039158659828,-0.3096500914474858,0.20407530471380825,1.5395030702018317,1.425450062189532,1.3576467278317699,-0.16452492964438667,0.1770515388743745,0.04240458962301036,-0.039055270932753045,0.028889466581764417,0.1750354894694864,-1.8233975834030782,7.532340170238978,18.345982231709662,1.0,-0.23904116451740265,1.9304281622112285e-06,5.286293078832216e-07,0.7489628791809082,-0.7607216238975525,-0.00029289722442626953,1,-0.03401198221158386,2.4529554243167477,-9.0,-9.0,-0.03401198221158386,-0.9305943152110185,-4.5619999300058485,-0.3082304534210122,0.003556492129178262,-0.000790538838962295,-0.0038364736191126374,-0.04834587704281303,0.08323236484019614,0.16103341854434286,0.7621295558873288,0.0,-0.6351589681038043,-0.39689082932242503,0.14103976316658065,-0.06377645267501192,16.353036162111653,-30.0,-30.0,45.46895489402904,3.3835497395277665,-4.4380000699941515,-8.691769546578987,-0.06377645267501192,16.98819513021546,-78.65956487050198,-91.21106176180552,121.63629299905026,2.1199999999999988
1.1234045407869668,-0.743626678155318,1.1065376602078052,1.1465387952396329,-0.8812968119506079,1.0557085105416117,1.8876404762268066,-1.9415398836135864,1.6621737480163574,1.1234045407869668,-0.743626678155318,1.1065376602078052,0,0.0,-1.5707963267948966,nan,0.010381387782407095,-0.35169247193197034,-0.13490573282291857,0.12468363700629315,-1.5707977160376168,0.010716345871427545,-0.3480863662337639,1.6015761453425719,-0.1469163995285309,0.9602325402296246,-0.0249419776017527,0.8785397784565607,-0.3867716209065092,0.012544812072778997,0.0003349580890204505,0.003606105698206463,-0.012010666705612322,0.008888089631945513,-0.0002893862743044148,0.008192288854997707,-0.0034352286977757263,-7.7840058035723985,-0.22980790506992596,-0.18164886451263387,0.2947870034465039,-1.570798573384175,1.6003081779737294,0.80421502430651,-0.7893194330779902,-0.9668800690219145,0,sac,0,-0.2947870034465039,-0.17010336644021073,1.540023000311888,1.4822124888110482,1.2253217696927803,-0.30936741515728433,0.3439868060232554,1.5412907967643343,1.415110995681906,1.4067564592511315,-0.02493085201017356,0.16944292732626012,0.040582295095948295,-0.03737691000280639,0.02764797085430372,0.18163775804500304,-0.47708979959569964,2.916353457636899,10.226661081787189,1.0,-0.43914470076560974,2.246589278165345e-06,8.573465581918072e-07,0.9438202381134033,-0.9707699418067932,0.8310868740081787,1,-0.08937757047266345,1.6661219471907684,-9.0,-9.0,-0.08937757047266345,-0.08074134314538062,-7.01438207582131,-3.5588887162441813,0.00446243349647197,-0.0007905388407143763,-0.00383648209809849,-0.021031824129266193,0.04376007828836866,0.10560381173842993,0.8076269673350084,0.0,-0.658751109567596,-0.43286103329398196,0.17589661698244835,-0.16759341922494553,11.107479647938456,-30.0,-30.0,43.85663224283796,1.7468632903361492,-1.9856179241786904,-5.441111283755818,-0.16759341922494553,11.766230757506053,-69.61608606610953,-97.3293350912008,120.2408881464715,2.1299999999999986
1.1319182486975903,-0.841942037143624,1.130769689999732,1.1489456645188372,-1.038572755120236,1.1792337495835856,1.1627094745635986,-1.937963604927063,1.8856194019317627,1.1319182486975903,-0.841942037143624,1.130769689999732,0,0.0,-1.5707963267948966,nan,0.009895505724454154,-0.3574320589347739,-0.13397859928979158,0.12492262423901956,-1.5707977040286738,0.010140932066105586,-0.3481478219417459,1.5999194168944229,-0.14700497884911368,0.5768956884585794,-0.00895317473690177,0.5678131294821531,-0.10157128537097715,0.01599824537427184,0.0002454263416514328,0.009284236993027994,-0.013026379559322093,0.009697499354083776,-0.00025216571063202257,0.009230609666959337,-0.002962051882238654,0.36919384558656165,0.01023717243593596,-0.18383656621494066,0.32552958428637724,-1.570798570661824,1.5984762151999883,0.8331698981391279,-0.7893194330912232,-0.9668800690168017,0,sac,0,-0.325529584286377,-0.20060696004735767,1.5416797300237892,1.4826092825582027,1.2249563166265602,-0.3090970868791385,0.36532529807253317,1.5431226912525156,1.4189315184591724,1.4014721577650078,0.004347950505746864,0.16191733195771793,0.03877988329370868,-0.03571686136432926,0.026420020861383058,0.18383279306393177,0.9574349665681652,-2.92233838794529,-2.334239132399136,1.0,-0.5370412468910217,2.2438669273761036e-06,8.666331501316904e-07,0.5813547372817993,-0.9689818024635315,0.9428097009658813,1,-0.13473667918057014,0.25450117844881626,-9.0,-9.0,-0.13473667918057014,0.2949610846706346,-8.114412217636875,-5.692008416846889,0.00462309848652014,-0.0007905388407276297,-0.0038364820980782027,0.01907431997379199,-0.02238384441002071,0.009039740659203372,0.8824983117182998,0.0,-0.708384208718368,-0.48265618407280286,0.2098525458515618,-0.2526470639050631,1.6966745229921085,-30.0,-30.0,42.461070817583845,-0.04045990622181833,-0.8855877823631246,-3.307991583153111,-0.2526470639050631,2.4050587317104766,-35.648532100129,-62.166674129224546,71.70328689275688,2.1399999999999983
1.1106930232230496,-0.940628193440634,1.198133244303811,1.0682425722739683,-1.1380005060346539,1.3328603529119696,0.7397911548614502,-1.5426589250564575,1.9581012725830078,1.1106930232230496,-0.940628193440634,1.198133244303811,0,0.0,-1.5707963267948966,nan,0.009264434917675727,-0.3580656856318625,-0.13737534728359221,0.12515081899408975,-1.5707976925608982,0.009591339963066037,-0.3482055795761759,1.5983375051510182,-0.14708955124824605,0.3362851636097889,0.008147870373887735,0.057586906265855164,0.33121755946682596,0.013845371681720372,0.00032690504539031016,0.009860106055686546,-0.009714203964653834,0.006531248066264964,-0.0001135902963885888,0.006526102049015558,0.00023300341948376616,8.651302911032138,0.2239060233752204,-0.1773397373564689,0.2704443051624297,-1.570798203278839,1.596666521793273,0.5876953270381667,0.7892113683390239,-0.2519273701386054,0,sac,0,-0.2704443051624299,-0.14529348616833992,1.5432616429793364,1.4829881573769463,1.2246073671654953,-0.3088389664371751,0.24787152436426813,1.5449324921255965,1.4360291920750037,1.3403605683114999,-0.09475124409883089,0.15448054725987684,0.0369987420213338,-0.034076403206838635,0.025206562089039382,0.17734026738349667,2.1366152105278355,-7.897728998696398,-14.41531365747132,1.0,-0.30143868923187256,1.876483942453433e-06,5.107179408270213e-07,0.3698955774307251,-0.7713294625282288,0.9790506362915039,0,-0.1386012988960601,-1.8067491046845443,3.2516678141430737,-0.08585909589763108,-0.1386012988960601,0.10582657862943207,-4.529885455732858,-5.204915177049746,0.00326100760845228,0.0007904306090278316,-0.0009996222660122757,0.0461903082843285,-0.07328969766784095,-0.1060652877271618,0.9673901063546965,0.0,-0.772125243431762,-0.5335111818773273,0.23458909851110016,-0.2598936787850368,-12.044994031230296,10.838892713810246,-0.28619698632543694,16.208421573771965,-1.9125756833139764,7.781553269875932,5.119056081152115,-0.2598936787850368,-11.272868787798533,11.372403895687572,-0.5207860848365371,16.023354952818213,2.149999999999998
1.1153205057569955,-0.9433528707924325,1.2537433457810194,1.124575470824887,-0.9488022254960293,1.3649635487354363,1.991502285003662,1.962836742401123,1.859010934829712,1.1153205057569955,-0.9433528707924325,1.2537433457810194,0,0.0,-1.5707963267948966,nan,0.008524908383362069,-0.3524450698943567,-0.1414548981360695,0.12536835359914544,-1.5707976816278213,0.00906727481870761,-0.34825979943668206,1.5968294927603368,-0.14717016668697183,0.694562215488149,0.021546138995523142,-0.5674835598011907,0.39989354137515143,0.007104572102738251,0.0005423664353455416,0.004185270457674639,-0.005715268550902319,0.0028735202396864487,6.779407479392218e-05,0.0005665083138735971,0.002816308019663793,12.679584624356579,0.30678015377070095,-0.160848907084278,0.1547595051381323,-1.5707976912820647,1.594982583856169,-0.2598362894643437,0.7893199906094039,0.9672645690696926,0,sac,0,-0.15475950513813252,-0.02939115153898708,1.5447696565305007,1.4833493329769416,1.2242747189536503,-0.3085929041472443,0.0469069039088351,1.5466165326221624,1.4604985271748385,1.2497560614732461,-0.27657121555016456,0.14713843319836367,0.03524027476528409,-0.03245682816267574,0.02400855070677126,0.16084538930431172,2.5112222629681638,-9.222357123757178,-19.394430157238993,1.0,-0.12921807169914246,1.3644871681428583e-06,9.654243626755488e-09,0.995751142501831,0.9814183712005615,0.929505467414856,1,-0.10351160019575749,-4.217780758017311,9.0,9.0,-0.10351160019575749,-0.6570343524307513,1.201881691183648,-1.8389724958576488,-0.0014417812732416123,0.0007905393991071119,0.003838007755310052,0.05842610345230626,-0.09401882223351361,-0.1614404661215456,0.9894303524673361,0.0,-0.7963951244690026,-0.5406817506014645,0.2288896517367585,-0.19409638139088223,-28.11853838678207,30.0,30.0,50.89881997074398,-3.5607464055865594,7.798118308816352,10.838972495857648,-0.19409638139088223,-27.322143262313066,55.03040671132,63.75755703742474,88.5432602067791,2.159999999999998
1.1386647697077628,-0.8825717842051505,1.3015663706538074,1.185353297609297,-0.7610096110305864,1.3972124203993836,1.5958964824676514,0.5074954032897949,1.6150476932525635,1.1386647697077628,-0.8825717842051505,1.3015663706538074,0,0.0,-1.5707963267948966,nan,0.007789045532368458,-0.3431226709260794,-0.14269198468878708,0.12557536888235488,-1.5707976712225347,0.008568419598945916,-0.3483106360469612,1.595394403443416,-0.14724687822124125,0.9447761005223267,0.023700763123191658,-0.937323557855646,0.1160375018448151,0.006947622695795493,0.0007793740665774582,-0.005187965120881821,-0.004554893532454168,0.0064337784974108705,0.00020284213050204337,-0.005860778617056917,0.0026464381394032763,10.651341410853968,0.24185895629976645,-0.13999274614772564,0.03576656430922709,-1.5707972978685794,1.5934964823065128,-0.7173620852893559,0.7893194331046806,0.9668800180096749,0,sac,0,-0.03576656430922709,0.08980880457312779,1.5462047469562834,1.4836930431811235,1.2239581566365516,-0.30835874071008335,0.1518438893510554,1.548102628360474,1.4818149563608791,1.1727289629405762,-0.4512748254681925,0.13989691521326922,0.03350590069343001,-0.030859443306998552,0.02282695356753334,0.13998777388678138,1.7200955850182862,-6.172560946911727,-15.106552329074187,1.0,-0.16907048225402832,9.710736827983624e-07,-3.7335395530746496e-07,0.7979482412338257,0.25374770164489746,0.8075238466262817,1,-0.06429664457503874,-4.5,9.0,9.0,-0.06429664457503874,-1.6253089720120824,5.268150745287618,1.8721195807117437,-0.003980503350151464,0.0007905388407411078,0.003836481895687095,0.046699180769119095,-0.07292401379558307,-0.14029320383251967,0.960779059799977,0.0,-0.7877284730574852,-0.5132212662596518,0.19794995919042369,-0.1205637438121859,-30.0,30.0,30.0,51.961664095911345,-2.8746910279879176,3.7318492547123823,7.127880419288257,-0.1205637438121859,-35.277216202559345,70.75443754991645,95.72523781955088,124.15316390343438,2.1699999999999977
1.1608014144553418,-0.8413672019698355,1.2671101485745184,1.2050747039505,-0.7589580374992054,1.1981977044159406,1.4558143615722656,-0.7328741550445557,-1.332092523574829,1.1608014144553418,-0.8413672019698355,1.2671101485745184,0,0.0,-1.5707963267948966,nan,0.007165587312246335,-0.33453796042266115,-0.1421050401343026,0.12577201426686613,-1.5707976613376784,0.008094434824126898,-0.3483582382613403,1.5940312013396167,-0.14731974203717588,0.8658782377122767,0.014947344530310495,-0.8632312717797352,-0.0659808370419096,0.014800538948783028,0.0009288475118805631,-0.013820277838679174,-0.005214701902873264,0.009738003250388007,0.00023446208007547116,-0.009644990384907258,0.001322079919150362,4.313537258436873,0.0924117742507808,-0.12018003281001828,-0.03531995176794833,-1.5707971587319203,1.5922162398994237,-0.8231654781409826,0.7893194330947213,0.9668800690170376,0,sac,0,0.03531995176794833,0.16109196603481468,1.5475679501174604,1.4840195360825126,1.2236574517167602,-0.30813630710448264,0.24700892961229862,1.5493828645254084,1.4888458938452556,1.1456215111552568,-0.5424378556382745,0.13276198421915958,0.031797054655054766,-0.029285570157784258,0.021662748207738194,0.12018290243662472,-0.07723049058927833,-0.12384778531498086,-4.515605301282584,1.0,-0.3689923584461212,8.319370237153123e-07,-5.026057579016197e-07,0.7279071807861328,-0.36643707752227783,-0.6660462617874146,1,-0.04172333720412151,-4.188445837958968,9.0,9.0,-0.04172333720412151,-2.4212625584060508,7.337210343054284,4.58944345751354,-0.004567585896524703,0.0007905388407311332,0.003836482098079139,0.012081974467954325,-0.020368287793299352,-0.06234989658214703,0.9034577920268015,0.0,-0.7495145468984739,-0.4769621097104555,0.16422871814049483,-0.07823614701691639,-27.922972253059786,30.0,30.0,50.79073242570781,-1.767183279552917,1.6627896569457157,4.41055654248646,-0.07823614701691639,-27.17345770616131,50.44969647802726,81.28092020231189,99.44929757551286,2.1799999999999975
1.1376951906728172,-0.8354947583417608,1.1936980756844844,1.091482743107768,-0.8237498710856114,1.0468739299044163,-0.273274302482605,-1.6021950244903564,-0.7712141275405884,1.1376951906728172,-0.8354947583417608,1.1936980756844844,0,0.0,-1.5707963267948966,nan,0.006713695669594885,-0.3305649779275758,-0.1420560523952554,0.1259584478652458,-1.570797651965444,0.007644958413093812,-0.34840274939027915,1.5927387903518722,-0.14738881748650273,0.40192287529907966,0.00024152316183637806,-0.40174936240242043,-0.011806318837406793,0.018641129916705433,0.0009312627434989269,-0.017837771462703378,-0.005332765091247332,0.009128829193708842,0.00015763920483929592,-0.009092230487997411,0.0008012596845834753,-4.466731568304057,-0.09076226137697041,-0.10541870229264753,-0.027180348991233005,-1.5707973162057347,1.591107071480779,-0.8172252727560219,-0.6146332083046807,0.9668800690167957,0,sac,0,0.027180348991232783,0.1531387968564788,1.5488603621113244,1.4843290742010293,1.2233723624094432,-0.30792542448045135,0.20475167707828834,1.5504921198174257,1.4762212896382767,1.183881914198076,-0.5086624538564725,0.1257396966050798,0.030115187180855135,-0.027736544675830106,0.02051692284725691,0.10542893209777103,-1.9740536684375494,6.27895840932289,8.772558356603177,1.0,-0.4132525324821472,9.894108381480748e-07,-3.357597093689435e-07,-0.1366371512413025,-0.8010975122451782,-0.3856070637702942,1,-0.019372283202710495,-1.1592859763911494,1.0013272486339726,9.0,-0.019372283202710495,-2.5604458663114524,5.5979600802968905,6.297391755721017,-0.004534624846700211,-0.0006155827458383767,0.0038364820980781793,-0.03986840205525773,0.05452299791258043,0.05491367712296902,0.8556866390326292,0.0,-0.7107137675884518,-0.4532694540180062,0.14707945755068472,-0.036325301336415705,-7.728573175940996,3.337757495446575,30.0,31.158831620614432,1.401159889920303,-4.596632831662918,2.7026082442789834,-0.036325301336415705,-7.017859408352544,3.7910269494645816,32.07617574189932,33.053057434369016,2.1899999999999973
1.0556831388794494,-0.8302058063178129,1.1471947067950043,0.8916590352927142,-0.8196279022699172,1.0541879690160443,-1.844193935394287,-0.7631926536560059,1.1543269157409668,1.0556831388794494,-0.8302058063178129,1.1471947067950043,0,0.0,-1.5707963267948966,nan,0.006444925812142388,-0.33412756946013056,-0.14201124337440613,0.12613483657393076,-1.570797643097564,0.007219605526342865,-0.34844430734434856,1.5915160134919448,-0.14745416712214235,0.35262346256999494,-0.015658302929845002,0.35210335784853775,-0.011015865648889012,0.015336053313309379,0.0007746797142004769,-0.014316737884218,-0.0054429237477362225,0.0037359867630835384,7.028730241790933e-07,-0.0037075693089330067,0.0004599200140926194,-11.659196521242842,-0.22497599962545262,-0.10144610586677293,0.06499751617192318,-1.5707977075923247,1.590086091308878,-0.041258540684488254,-0.7894255691295979,-0.9685148259732124,0,sac,0,-0.06499751617192295,0.06113732040200759,1.5500831399264325,1.4846219346403084,1.2231026334979453,-0.3077259040523823,0.07491678288705643,1.55151317565,1.4510854425540638,1.2689873535524492,-0.3565149962764106,0.11883617423455153,0.02846176448294097,-0.02621371726475288,0.019390476389418723,0.10145005765580155,-2.6433561612523304,9.302376176346772,18.320386918255814,1.0,-0.2669442296028137,1.380797428396363e-06,6.44947606431856e-08,-0.9220969676971436,-0.38159632682800293,0.5771634578704834,1,0.01100400755349076,1.7259789501052856,-9.0,-9.0,0.01100400755349076,-1.9252645971636655,0.04437890662290868,3.7744604184685064,-0.0002289356557654174,-0.0007906451407339624,-0.0038429686479606053,-0.061015406006677736,0.09208332361826994,0.14504644138248843,0.8313547550419547,0.0,-0.6875763842642361,-0.44339392247909787,0.14761867782089066,0.020633803775531145,11.506526334035238,-30.0,-30.0,43.959078402870375,3.651243547268951,-9.044378906622908,-12.774460418468507,0.020633803775531145,12.194102718299474,-49.24223429319367,-35.86914502390576,62.12962071178335,2.199999999999997
1.0239001587079173,-0.8552912416324298,1.060498644762617,0.960334198364853,-0.9054621122616635,0.8871065206978425,1.454195499420166,-1.5227186679840088,-0.3144204616546631,1.0239001587079173,-0.8552912416324298,1.060498644762617,0,0.0,-1.5707963267948966,nan,0.006249878277685715,-0.3426161857048001,-0.13943583680767596,0.1263013561676698,-1.5707976347253154,0.006817968408219595,-0.3484830447961553,1.590361652225685,-0.14751585673395384,0.8854231029571791,-0.02065895836665969,0.8449878792862853,-0.2637096178541659,0.01000147409151642,0.00056809013053388,-0.005866859091355148,-0.008080019926277882,0.0034753547455861253,-0.0001370153060272748,0.0031559539864872994,-0.0014488864167895204,-12.411685519262143,-0.22648498715272275,-0.10831719697655502,0.19141029652281172,-1.570798158028998,1.5890386034692052,0.6511129538352205,-0.7893194315592182,-0.9668768772359727,0,sac,0,-0.19141029652281194,-0.0651089403551417,1.5512375020973468,1.484898409244512,1.2228479961893617,-0.30753754699221847,0.2006507423614423,1.5525605806336729,1.4284081526255255,1.3546097384553735,-0.16715712080847042,0.11205760444557296,0.026838268454835137,-0.024718452770988854,0.018284418421010983,0.1083094741831453,-1.8810022220050482,7.540399742163324,18.0731492992712,1.0,-0.24131940305233002,1.831234101246082e-06,5.233036826091109e-07,0.727097749710083,-0.7613593339920044,-0.15721023082733154,1,0.00399377886103983,2.5284022042504213,-9.0,-9.0,0.00399377886103983,-0.9116276906801073,-4.546269357924571,-0.3143628365026313,0.0036128997436806224,-0.000790538839193258,-0.0038364694334154345,-0.04957432537680119,0.0833040831873218,0.15879142906192983,0.827250772076381,0.0,-0.671119153923668,-0.4529803219908333,0.1695634070984344,0.007488803414663098,16.85601469500281,-30.0,-30.0,45.65222105747241,3.440029894930529,-4.453730642075429,-8.685637163497368,0.007488803414663098,17.52713384892648,-78.50818931524172,-89.74537583533838,120.51957828678432,2.209999999999997
1.0417589257678956,-0.915615515134755,1.034618768711832,1.0774764598878523,-1.0362640621394055,0.9828590166102622,1.8864970207214355,-1.9396226406097412,1.6441552639007568,1.0417589257678956,-0.915615515134755,1.034618768711832,0,0.0,-1.5707963267948966,nan,0.006009683116026745,-0.351193753672394,-0.13566045040439748,0.12645819139396997,-1.570797626839511,0.006439616228109717,-0.348519089359624,1.5892744258182805,-0.14757395538462956,0.9363349672198277,-0.013815701845090733,0.8541523404125173,-0.38334850539542,0.01221762139620006,0.00042993311208297264,0.0026746643127700254,-0.011913504980232081,0.008543439360789079,-0.00018312410806395666,0.007784540534068315,-0.0035153592058242474,-7.580012227283947,-0.12974698882863414,-0.11662514478957499,0.29010147467903824,-1.5707984711418952,1.5879089434052471,0.8089187736239564,-0.7893194330805283,-0.9668800690244866,0,sac,0,-0.29010147467903824,-0.16364328328506828,1.5523247293593827,1.4851588047551454,1.2226081679701084,-0.3073601443226169,0.3379778585054786,1.5536900693759688,1.4175384084441491,1.4037740064948958,-0.03017141864831593,0.1054102400506175,0.025246196671473223,-0.02325213048379355,0.01719976921227897,0.11661510395672108,-0.5254842425127537,2.9185221679610467,9.974160524905908,1.0,-0.4254254996776581,2.1443469986337504e-06,8.44302384450657e-07,0.9432485103607178,-0.9698113203048706,0.8220776319503784,1,-0.06204569002887714,1.7464108840402086,-9.0,-9.0,-0.06204569002887714,-0.04502416497587375,-7.00688371991295,-3.561574923572837,0.004488533690920936,-0.0007905388407169183,-0.003836482098108696,-0.02211715152528848,0.04380028283029448,0.10352158633915416,0.8674496228246046,0.0,-0.6904111238988964,-0.48535578619661407,0.2005768903455185,-0.1163429402379095,11.642739226934724,-30.0,-30.0,43.99507827457689,1.7914350490160824,-1.99311628008705,-5.438425076427163,-0.1163429402379095,12.33315035083362,-69.5355594936121,-95.8327751393385,119.04299625871609,2.2199999999999966
1.05930576092415,-1.005141130401973,1.0618762301498887,1.0943994312366587,-1.1841923609364091,1.1163911530260024,1.1806812286376953,-1.9384050369262695,1.7972049713134766,1.05930576092415,-1.005141130401973,1.0618762301498887,0,0.0,-1.5707963267948966,nan,0.005679144069187343,-0.3566776403206944,-0.13475302757433832,0.12660553606754332,-1.570797619430496,0.0060840949205972225,-0.34855256378598076,1.5882529906795124,-0.14762853544573457,0.5534714723006834,-0.0024982260673093136,0.545041222194359,-0.09620028911641598,0.0152302185418791,0.0004049508514098795,0.008125076534713616,-0.012875507871396241,0.009299097469996423,-0.00013849246369404685,0.008807713215016468,-0.002979634460134009,0.5585612338943745,0.00890999788829139,-0.12035915665443496,0.3188838802893663,-1.570798467444009,1.5867193713127545,0.8364148061756362,-0.7893194330917388,-0.9668800690168063,0,sac,0,-0.3188838802893663,-0.192278344221823,1.5533461653033536,1.4854034429678693,1.2223828524614953,-0.3071934768101154,0.35706425590994834,1.5548795793299313,1.4209895300880757,1.3984180541660083,-0.003293843578494077,0.0989003993366364,0.02368706238920415,-0.021816144135242268,0.016137559716926278,0.12035562067992048,0.9293986339923067,-2.9370699538098783,-2.566303599632349,1.0,-0.5095461010932922,2.14064911219225e-06,8.480135127442168e-07,0.5903406143188477,-0.9692025184631348,0.8986024856567383,1,-0.12734082533317537,0.314167695857145,-9.0,-9.0,-0.12734082533317537,0.3416291571364247,-8.111002068427274,-5.692781919002862,0.004641103853091813,-0.0007905388407281461,-0.0038364820980782213,0.018378567255124982,-0.022483140050760367,0.007125249190078845,0.9374363758228302,0.0,-0.7368567472565126,-0.5314099699273003,0.23115478926524602,-0.23877897118540292,2.0944513057143,-30.0,-30.0,42.47874458678233,-0.02746146127927973,-0.8889979315727263,-3.3072180809971377,-0.23877897118540292,2.8313080529708126,-35.53920144901771,-60.66988896512383,70.37004751570241,2.2299999999999964
1.0584535918224784,-1.0967676058628635,1.137202068977012,1.056749253619135,-1.2800205567846443,1.2878537466312585,0.9044106006622314,-1.6677567958831787,1.981618881225586,1.0584535918224784,-1.0967676058628635,1.137202068977012,0,0.0,-1.5707963267948966,nan,0.005263662152873726,-0.35707889649507973,-0.13809122674844745,0.12674359316474804,-1.570797612488145,0.005750927024570518,-0.348583586175712,1.5872959397090092,-0.14767967263388643,0.33088706763426773,0.00823140202869119,0.037023378465411705,0.3287061985957268,0.012819751127675496,0.0004872648716967914,0.008495310319367733,-0.009588445885438973,0.006111361098739725,-3.738612653311627e-05,0.006107821203895098,0.00020458958424489707,8.751812734320506,0.1290758386699672,-0.11499713110322592,0.2623215702926205,-1.57079810512024,1.5855386393040098,0.5903477918458906,0.7891992410458758,-0.15468358292333245,0,sac,0,-0.26232157029262027,-0.13557797712787245,1.5543032170303157,1.4856326608893167,1.2221717392752964,-0.3070373148582969,0.2379765337792505,1.5560604113043897,1.4379572493703072,1.3371125069846979,-0.10419398134019371,0.09253446606504985,0.02216239454578804,-0.020411901900228156,0.015098831572113414,0.11499694050038349,2.133366356022346,-7.914243362846568,-14.533641512174428,1.0,-0.273528516292572,1.778325343426701e-06,4.926320951170737e-07,0.4522053003311157,-0.8338783979415894,0.990809440612793,0,-0.153279081692098,-1.7859930016185992,3.3133245130682387,0.3664954769698838,-0.153279081692098,0.15284362295834675,-4.507970496715669,-5.116144006260708,0.003275725622227771,0.000790418462999412,-0.0006137687762613792,0.046022656147005084,-0.0734780364898151,-0.10734839305868418,1.021056850920442,0.0,-0.8006711720228386,-0.5802651047529468,0.25450967625847853,-0.28741624168778923,-11.906620010790661,11.044415043560797,1.2216515898996128,16.288699900203294,-1.938836624576946,7.821295009783908,5.482639483230591,-0.28741624168778923,-11.105948838767823,11.624680148313743,0.9671419136411341,16.108794484288243,2.239999999999996
1.075913532792825,-1.0948926242991486,1.1998916824322934,1.1108334147335182,-1.0911426611717185,1.325270909342856,1.9823451042175293,1.9524340629577637,1.928210735321045,1.075913532792825,-1.0948926242991486,1.1998916824322934,0,0.0,-1.5707963267948966,nan,0.004805918800320116,-0.3514034489996923,-0.14200889385506707,0.1268725749180344,-1.5707976060018594,0.00543961152125987,-0.34861227020570973,1.5864018016415067,-0.14772744604706697,0.689453658866544,0.01464278492429626,-0.5704131525385181,0.38698936934390693,0.0063948482935232195,0.000633692720939754,0.0027911787939825516,-0.005718552191999904,0.0027257653479515562,7.256604838754824e-05,0.0002686509715391647,0.0027115231063381973,12.588863560963777,0.1722568721935858,-0.09904386846132919,0.14679578522177006,-1.5707976033713285,1.584474963128256,-0.26728335262635033,0.789320051530401,0.9671376324410025,0,sac,0,-0.14679578522177028,-0.019923210303735672,1.555197355806307,1.4858468108939027,1.2219745038693246,-0.30689141840095635,0.03998877221598577,1.5571241731924128,1.462494080398523,1.246538316936559,-0.28575712531813185,0.08631888947176719,0.020673737760401087,-0.019040826396466655,0.014084637098461054,0.09903918710486999,2.5222853400367504,-9.20380741354744,-19.27156408809467,1.0,-0.1202780082821846,1.276576432118759e-06,-2.6305309042129466e-09,0.9911725521087646,0.9762170314788818,0.9641053676605225,1,-0.13244525907403476,-4.238330925490542,9.0,9.0,-0.13244525907403476,-0.6208079157987829,1.2226542394757924,-1.7214064984402122,-0.0014831035851856568,0.0007905394601222248,0.003837504083635389,0.05863079542411096,-0.09392079663622414,-0.1608274056031506,1.043379266385082,0.0,-0.8262050126541827,-0.5864935143202166,0.24910023734973824,-0.2483503826627316,-28.25553950327028,30.0,30.0,50.97486822477755,-3.6175230096917597,7.777345760524208,10.721406498440212,-0.2483503826627316,-27.4293344906161,55.31171574514843,64.74002105163672,89.45997033840966,2.249999999999996
1.1138093451796662,-1.0364429550325889,1.2636681864547457,1.1896009699533485,-0.9195436164994695,1.3912211944996502,1.5805799961090088,-0.06777632236480713,1.7185790538787842,1.1138093451796662,-1.0364429550325889,1.2636681864547457,0,0.0,-1.5707963267948966,nan,0.0043826820277725045,-0.34227304139887055,-0.14313653945269156,0.12699270291039033,-1.5707975999605601,0.005149623671188696,-0.3486387253707383,1.585569040392089,-0.14777193820106038,0.9221665379442419,0.013324892247643712,-0.9156862765850315,0.10831534436310797,0.007911829969765487,0.0007669416434161911,-0.006365683971867764,-0.004635398748368824,0.006432982760890495,0.00013696756400611383,-0.005915005661282705,0.002525314854690021,10.409503380622173,0.13335703220157352,-0.07855898955420079,0.029694708326817976,-1.5707972205122105,1.5836038949344464,-0.722173950957477,0.7893194331062592,0.9668800437345764,0,sac,0,-0.029694708326817754,0.09729799458357213,1.5560301177171056,1.4860462608806444,1.221790807402999,-0.3067555367952638,0.15994666529479237,1.5579952215549147,1.4839222368980372,1.1699336282588841,-0.4580347343049262,0.08026018426715915,0.01922265233362886,-0.01770435468448937,0.013096039300045536,0.07855318695044936,1.7299436758445488,-6.115899922770395,-14.796313809076961,1.0,-0.1869015097618103,8.937173139322852e-07,-3.7944834962999607e-07,0.7902899980545044,-0.033888161182403564,0.8592895269393921,1,-0.0894528143999106,-4.5,9.0,9.0,-0.0894528143999106,-1.6007302901996732,5.279373438165115,1.9619020386271857,-0.004007203461302041,0.0007905388407426889,0.0038364819977608957,0.046928206832908576,-0.07245476142143757,-0.13801991592548388,1.0221089571984863,0.0,-0.8247742281604507,-0.5619755271407878,0.22053956525427285,-0.1677345104067328,-30.0,30.0,30.0,51.96179495423519,-2.899269709800327,3.7206265618348846,7.038097961372815,-0.1677345104067328,-35.43782155167729,70.76351886979131,95.48741732705216,124.02092485472134,2.259999999999996
1.1490356736338203,-1.006555516819811,1.2408959976435452,1.2194883305421287,-0.9467806403942554,1.195351620021144,1.5829498767852783,-1.2780113220214844,-1.1866271495819092,1.1490356736338203,-1.006555516819811,1.2408959976435452,0,0.0,-1.5707963267948966,nan,0.004053300448437407,-0.33405485605798474,-0.14259368428653985,0.12710420816978196,-1.5707975943526864,0.004880414850051608,-0.3486630572382918,1.5847960544014645,-0.14781323506600955,0.8263409967300784,0.006017275819800941,-0.8242517208439271,-0.05841520311008763,0.015534715005340273,0.0008271144016142006,-0.014608201180307034,-0.0052195507794697005,0.009510727875574412,0.00013119468222515045,-0.009421673319907085,0.001291822174889025,3.9880553664749145,0.048406088289020134,-0.05934212327715988,-0.038411269744345056,-1.5707970912145905,1.582933230513017,-0.825504379676199,0.7893194330947697,0.9668800690168661,0,sac,0,0.038411269744345056,0.16551547791412702,1.5568031043229547,1.4862313944299685,1.2216202965929224,-0.30662940871493305,0.25129403606709677,1.5586658742364412,1.4910191998149929,1.143545489687881,-0.5454318879681359,0.07436493063608812,0.0178107142474736,-0.016403938267650763,0.012134111864403791,0.05934475390956897,-0.07253994873263037,-0.044025257343146995,-4.104914327357255,1.0,-0.38911259174346924,7.644196937661718e-07,-5.031380956310727e-07,0.7914749383926392,-0.6390056610107422,-0.5933135747909546,1,-0.0489978426304619,-4.209311733943515,9.0,9.0,-0.0489978426304619,-2.4078440553564104,7.342043126482188,4.647366490990711,-0.004580564008398079,0.0007905388407311816,0.0038364820980784585,0.012197835321599012,-0.019648836477178674,-0.059136107648703334,0.9756206876622426,0.0,-0.7955847146704107,-0.5316327960353548,0.190387127077907,-0.09187669722569267,-28.062078226290105,30.0,30.0,50.86736356157962,-1.8014676785871049,1.6579568735178123,4.352633509009289,-0.09187669722569267,-27.266493511619693,50.157648810833415,80.01325273050875,98.29232145235892,2.2699999999999956
1.1338143193578223,-1.0049831548974355,1.1746312218667567,1.1033716108058262,-1.0018384310526847,1.0421016703131798,-0.285400390625,-1.660337209701538,-0.7907888889312744,1.1338143193578223,-1.0049831548974355,1.1746312218667567,0,0.0,-1.5707963267948966,nan,0.0038427570295531234,-0.33054062915458726,-0.14267136463829705,0.12720733126360018,-1.5707975891661894,0.004631412383489232,-0.34868536771582914,1.5840811759811972,-0.14785142610308302,0.3536966942321061,-0.0038459047678091746,-0.35365373809348455,0.003948931468372718,0.018886147079329618,0.0007886553539361088,-0.01814473856124188,-0.005180061464785973,0.008669156585852536,6.171452886615295e-05,-0.008623544468712165,0.0008859729245868902,-4.828775378498538,-0.056184180414097507,-0.045601342053034656,-0.02677072999776109,-1.5707972585341712,1.5824252662249867,-0.8224366447907432,-0.6382348851466544,0.9668800690167937,0,sac,0,0.026770729997760867,0.15397806126136127,1.557517983313326,1.486402610960531,1.221462603568447,-0.30651276204338396,0.2046887322860235,1.5591739263256155,1.4784619964024106,1.1825827724017595,-0.5073112688766985,0.06863977423787919,0.016439515165347234,-0.015141043092121753,0.011199939162528616,0.04561173946980979,-1.9633505493624206,6.348673607309554,9.21442528855922,1.0,-0.4202161729335785,9.317392746233111e-07,-3.306320182083766e-07,-0.1427001953125,-0.830168604850769,-0.3953944444656372,1,-0.003867513195160862,-1.1862710480401348,0.8291060436974707,9.0,-0.003867513195160862,-2.5581003762531713,5.542887549638845,6.331536956021482,-0.004563541741345858,-0.0006392208845534103,0.003836482098078171,-0.03970177736830201,0.05523406966581358,0.058486697137629357,0.9339382060882031,0.0,-0.7617772364633222,-0.5111419115520348,0.17512841303593932,-0.007252040493457457,-7.908473653600899,2.7636868123249023,30.0,31.147744266935437,1.3718293282130365,-4.713781505941374,2.6684630439785177,-0.007252040493457457,-7.146696417137576,3.2748287238769374,30.15371442086553,31.161616113684822,2.2799999999999954
1.0571126334660261,-1.0075722385494932,1.1317828256804225,0.9037092616824338,-1.0127504058536085,1.0460860333077544,-1.7646852731704712,-1.1585838794708252,1.0993351936340332,1.0571126334660261,-1.0075722385494932,1.1317828256804225,0,0.0,-1.5707963267948966,nan,0.003745531554788075,-0.3346263530280871,-0.14267465476753813,0.1273023223931009,-1.570797584388531,0.004402019380776032,-0.34870575532930753,1.5834226706589702,-0.1478866043012417,0.40676091271689563,-0.013216752794815165,0.4065336260021424,-0.003188806891760154,0.015027473618913965,0.0006564878259879572,-0.014079402301220456,-0.005211949533703575,0.003086583294742113,-4.688568387750311e-05,-0.0030334366443616704,0.0005683839306949365,-12.02881139883826,-0.13472666374220038,-0.04323269138522964,0.0690813194916664,-1.570797659339829,1.581992375960349,-0.060618373150298444,-0.7894334092969024,-0.9676261443173841,0,sac,0,-0.06908131949166663,0.05822100290143428,1.5581764891616587,1.4865603258860292,1.2213173457272504,-0.30640531376690894,0.07251662309848525,1.5596068935981537,1.4535351368526437,1.2681687938090775,-0.35080005749520216,0.0630914262063377,0.015110662432075645,-0.013917149546893593,0.010294616248871551,0.0432368306293311,-2.615800128557755,9.33624910363467,18.75001484511349,1.0,-0.2613406777381897,1.3325449321754945e-06,7.495129805690226e-08,-0.8823426365852356,-0.5792919397354126,0.5496675968170166,1,0.045315471068267305,1.6622624441887426,-9.0,-9.0,0.045315471068267305,-1.9373526820414866,-0.011712960460828661,3.7932857547370746,-0.00033635961859925575,-0.0007906529930134227,-0.0038394424492388317,-0.06049769240512285,0.09246452148376184,0.14856453885920393,0.9174073431164521,0.0,-0.7439708290976326,-0.5063952044565805,0.17806609884856525,0.08497181899168818,11.081749627924951,-30.0,-30.0,43.849884777796596,3.599615126230229,-8.988287039539172,-12.793285754737074,0.08497181899168818,11.825720457022584,-49.75348375441369,-38.12537859651538,63.78721285152696,2.289999999999995
1.0260297770155518,-1.0460798845070762,1.0513569122529436,0.9638640641146032,-1.1230951764222423,0.8905050853979855,1.2610716819763184,-1.6682770252227783,0.12182426452636719,1.0260297770155518,-1.0460798845070762,1.0513569122529436,0,0.0,-1.5707963267948966,nan,0.0036826980037201204,-0.3436425381890513,-0.13997289050706005,0.12738944148785025,-1.570797580006674,0.0041916145674065165,-0.3487243155118538,1.5828187365238497,-0.14791886621409753,0.9404995037010043,-0.01475712623015611,0.8997624978417995,-0.27340261733339033,0.00944573907982713,0.000508916563686396,-0.005081777322802461,-0.007945975707037478,0.004224641460890843,-0.00012940892545574797,0.003969100711965375,-0.0014412107206672655,-12.770153360863631,-0.13693065530033421,-0.05214045992550488,0.19911836372479996,-1.5707981194966842,1.5815152266161554,0.6376366893078095,-0.7893194311231387,-0.9668785361061537,0,sac,0,-0.19911836372479996,-0.07172892223694971,1.5587804237800946,1.486704970772014,1.2211841255909068,-0.3063067698678398,0.2071646384144238,1.5600839567749505,1.431191382938117,1.353970498735704,-0.1573050622132991,0.057726663149753145,0.013825779073899532,-0.012733752463778721,0.009419248861343491,0.05213264370921544,-1.8459024268515731,7.550068542362697,18.475053593035806,1.0,-0.24000860750675201,1.7927017879060259e-06,5.394900099986444e-07,0.6305358409881592,-0.8341385126113892,0.060912132263183594,1,0.0434084652832556,2.4195858758372046,-9.0,-9.0,0.0434084652832556,-0.9446612241698665,-4.578018812464912,-0.3047506167382554,0.0035381225604437226,-0.0007905388387565048,-0.003836476015644148,-0.04883414123755613,0.08342963177906722,0.16210106612296535,0.9252944549699306,0.0,-0.7353571802392522,-0.5236600848622777,0.20297724352919225,0.0813959596535826,16.130572505581366,-30.0,-30.0,45.38944805414652,3.3642471000070713,-4.421981187535088,-8.695249383261745,0.0813959596535826,16.865929685820618,-78.77303592114156,-92.11008437943362,122.36799026742709,2.299999999999995
1.0468499475164434,-1.109048180747974,1.0341768311801658,1.0884902885182266,-1.2349847732297694,0.99981666903461,1.852823257446289,-1.9212039709091187,1.670224905014038,1.0468499475164434,-1.109048180747974,1.0341768311801658,0,0.0,-1.5707963267948966,nan,0.003575693530775754,-0.3527140429160486,-0.13595587111649665,0.1274689583001669,-1.5707975760070876,0.003999552116558749,-0.348741140901332,1.582267503571522,-0.14794831199685404,0.9918081123069619,-0.008505797790340141,0.9054679337519023,-0.4046465173319913,0.012640500179508248,0.00042385858578299464,0.003972902014716562,-0.011992440880357391,0.0094062421376819,-0.0001427253284332268,0.00866718013777611,-0.003651987006092091,-7.922245495931796,-0.08035107788738859,-0.0625401536967869,0.30128675125246285,-1.570798443090654,1.580935737292724,0.80260703520139,-0.7893194330755655,-0.9668800690204519,0,sac,0,-0.30128675125246307,-0.17381779295229594,1.559331657174237,1.486836993492707,1.2210625306604572,-0.30621682521771093,0.34856847274087005,1.5606632666333704,1.4206253386866716,1.4031881406729374,-0.016485076956358976,0.05255232715087639,0.01258650379846901,-0.011592361117405747,0.008574953421310995,0.06252970576338303,-0.500722130491213,2.9237257408843136,10.34565657932386,1.0,-0.4491133391857147,2.1162957573039876e-06,8.670835667246024e-07,0.9264116287231445,-0.9606019854545593,0.835112452507019,1,-0.03199569465903114,1.6280410863516515,-9.0,-9.0,-0.03199569465903114,-0.10061645515691459,-7.022027654098677,-3.557277255234098,0.004453511076189115,-0.0007905388407119478,-0.0038364820980926863,-0.02151806097707585,0.04384197062833711,0.10658169814607958,0.9710576819073605,0.0,-0.758645469373668,-0.5589497230492668,0.2344894037973817,-0.05999567721550936,10.853607242344344,-30.0,-30.0,43.79274357302079,1.728657541508566,-1.977972345901323,-5.442722744765902,-0.05999567721550936,11.612252711718012,-69.58290095276567,-98.221473770023,120.93008735248561,2.3099999999999947
1.0710936453295177,-1.1965750838570413,1.0702883123048688,1.119581040955666,-1.3716288900751759,1.142511274554275,1.2534284591674805,-1.9598894119262695,1.756819486618042,1.0710936453295177,-1.1965750838570413,1.0702883123048688,0,0.0,-1.5707963267948966,nan,0.0033999162678339653,-0.3586943154072241,-0.13483939871962577,0.12754115249956555,-1.5707975723757335,0.0038251614794279037,-0.34875632164549003,1.5817670330495557,-0.14797504544331633,0.6073651378972809,0.00013866258109437868,0.5965091747017481,-0.11432058433331616,0.01647694657234315,0.00042524521159393843,0.009937993761734043,-0.013135646723690553,0.010247603841701147,-9.405932773836982e-05,0.00973761348614326,-0.0031911472754785914,0.2311825360624976,0.0022062829663813954,-0.06819248418467691,0.3333995110784542,-1.5707984480320392,1.5802766385932863,0.8319909895366369,-0.7893194330907226,-0.966880069016799,0,sac,0,-0.3333995110784542,-0.20585835857888846,1.5598321280978884,1.4869568583878139,1.2209521332719826,-0.306135163470426,0.371119104454315,1.5613222952928778,1.4241797694230578,1.3979573506399832,0.013951323620675242,0.047575325766947445,0.011394490994850237,-0.010494499225225577,0.007762857033600802,0.06818835723120957,0.92796852363797,-2.9170259469317728,-2.2202504816526654,1.0,-0.5580366849899292,2.1212371423828813e-06,8.756563056877553e-07,0.6267142295837402,-0.9799447059631348,0.878409743309021,1,-0.11373235524903584,0.22009025368729584,-9.0,-9.0,-0.11373235524903584,0.27043062721653405,-8.117785486281077,-5.691479946663095,0.004616556950888458,-0.0007905388407271283,-0.0038364820980781923,0.01848318041925491,-0.02233628840374828,0.009970891411594358,1.043241044306917,0.0,-0.8072911185208481,-0.6054391147728909,0.26471948320243327,-0.21326149493537566,1.4672683579153056,-30.0,-30.0,42.45230685015081,-0.0503403735292382,-0.8822145137189228,-3.3085200533369052,-0.21326149493537566,2.2745594764361536,-35.533864560705695,-63.064428922701254,72.42235032945342,2.3199999999999945
1.0603785411268196,-1.2818483495470132,1.1491097497565692,1.0389483327214237,-1.4523948809269571,1.30675262465997,0.7044339179992676,-1.7874622344970703,1.9881274700164795,1.0603785411268196,-1.2818483495470132,1.1491097497565692,0,0.0,-1.5707963267948966,nan,0.0031679175910127337,-0.35958517804946766,-0.13816430028693705,0.1276063137671961,-1.5707975690980638,0.0036677472143988622,-0.3487699457132824,1.5813153168026657,-0.14799917402295865,0.3416169297197171,0.007458441179219013,0.08772385744512112,0.3300772987668954,0.01462681857211502,0.0004998296233861286,0.010815232336185254,-0.009834873736021599,0.007064454071651609,-1.296033901311707e-05,0.007064065470658687,7.29546868632417e-05,8.560279586479904,0.07548072735855821,-0.06451275706341704,0.27950941882491165,-1.5707980878729526,1.5796084599749172,0.5848054934427258,0.7892106638383819,-0.3014512578968134,0,sac,0,-0.27950941882491165,-0.15190310505771532,1.5602838447077891,1.4870650464193358,1.2208524904521763,-0.3060614569554241,0.25453790940645643,1.5619905731325847,1.4409227118558183,1.3368875411832977,-0.08426563561077408,0.04280263202967781,0.010251410733521187,-0.009441704947507512,0.006984097486496952,0.06451208444260942,2.096641726960148,-7.896169800375509,-14.360140426680017,1.0,-0.32576170563697815,1.761078055828591e-06,5.187748888246801e-07,0.3522169589996338,-0.8937311172485352,0.9940637350082397,0,-0.15746411399517332,-1.8317974871668672,3.252599484093213,-0.34683106292207827,-0.15746411399517332,0.07950163789390606,-4.531004303253631,-5.256090009123137,0.0032449724812216667,0.0007904299034388172,-0.0011961280322391082,0.04539313168535272,-0.0732561606496939,-0.10544111914007567,1.1253187516974938,0.0,-0.8705887410739936,-0.6525348623618572,0.28742962658639887,-0.2952636677201825,-12.211983247779115,10.84199828031071,-1.1561035430735942,16.373918822019395,-1.9112991250607732,7.783603787346845,4.909258946201059,-0.2952636677201825,-11.341394506705122,11.494533142672568,-1.4435331696599931,16.21488483369843,2.3299999999999943
1.0707645154027126,-1.2755639455912835,1.2139601554007176,1.0915364639544984,-1.2629951376798239,1.3436609666890142,1.9856643676757812,1.9572675228118896,1.971193790435791,1.0707645154027126,-1.2755639455912835,1.2139601554007176,0,0.0,-1.5707963267948966,nan,0.0029188918053595944,-0.35412059438009014,-0.14228673376153372,0.12766474189029164,-1.570797566159023,0.003526588815006206,-0.34878209921088277,1.580910276617941,-0.14802080891804287,0.6842721268538343,0.0107867386260483,-0.5476737166977885,0.41007985795124546,0.007858017830705095,0.0006076970096466116,0.005338495169207369,-0.005734075156509144,0.002972347193535827,6.315957976193813e-05,0.0010563492544805953,0.00277758617489411,12.70087657441401,0.10477630071918276,-0.04985242479008885,0.16410078378557968,-1.5707975806563408,1.5790418785549445,-0.2597366072171379,0.7893199958360633,0.9673315151891692,0,sac,0,-0.1641007837855799,-0.03643604189528826,1.5606888852183813,1.4871620553283889,1.2207631437739124,-0.30599536657084225,0.05213156196955866,1.5625572461374335,1.4649313936342587,1.246211261944299,-0.2663418680733671,0.038241284445254264,0.009158948766372564,-0.008435530887340085,0.006239823251741412,0.049847366632263315,2.461919554728998,-9.235844653408423,-19.475233840216987,1.0,-0.1422976553440094,1.253861444006077e-06,1.4497318012729465e-08,0.9928321838378906,0.9786337614059448,0.9855968952178955,1,-0.1480797584964092,-4.22587373185295,9.0,9.0,-0.1480797584964092,-0.6810582542777942,1.2017209025392181,-1.906744181146085,-0.0014412281557475465,0.0007905394043418457,0.0038382733907255887,0.05740935780593007,-0.09411619507639422,-0.16187695078995104,1.147706548285522,0.0,-0.8967562185227393,-0.658170086003362,0.2826141245737578,-0.27766690136210237,-28.172491545686334,30.0,30.0,50.929032769137486,-3.5448154775751557,7.798279097460782,10.906744181146085,-0.27766690136210237,-27.275735327163595,55.185966907479965,63.09482466582193,88.1503867244488,2.339999999999994
1.1037222963821205,-1.2133263637636449,1.2771215766890842,1.1696378583409364,-1.0888512001083677,1.4034444192658173,1.6369142532348633,-0.04695749282836914,1.7611255645751953,1.1037222963821205,-1.2133263637636449,1.2771215766890842,0,0.0,-1.5707963267948966,nan,0.0027086278546609426,-0.34478665404942005,-0.14354565103049327,0.12771674685660717,-1.5707975635430347,0.003400940536649535,-0.34879286670081544,1.5805497635701249,-0.1480400650607642,0.9426955169743116,0.008461567234198083,-0.934470782060276,0.12396611262382173,0.0060604285437037275,0.0006923126819885924,-0.004006212651395391,-0.004494414030270927,0.006130340673903897,9.834277951742973e-05,-0.005515810038722549,0.002673433203310833,10.765158506807683,0.0846393698369271,-0.030413219304724074,0.04433769448856384,-1.57079719015797,1.578655717627261,-0.7160555883228863,0.7893194331047729,0.9668799985255644,0,sac,0,-0.04433769448856406,0.0833790523680431,1.5610493985565332,1.487248399792013,1.2206836192118222,-0.30593654167668416,0.14608056589955856,1.5629433900668916,1.48573317751268,1.1689762831126234,-0.44253815229918986,0.03389838699433379,0.008118806526706582,-0.007477544090629952,0.005531193484533238,0.030406935197639984,1.6678461752078764,-6.196736469976295,-15.294381526389367,1.0,-0.15811805427074432,8.633630734777853e-07,-3.733850646447934e-07,0.8184571266174316,-0.02347874641418457,0.8805627822875977,1,-0.10187297553399226,-4.5,9.0,9.0,-0.10187297553399226,-1.644181398222884,5.268315713383034,1.8203803049980871,-0.003973253851385583,0.0007905388407412003,0.003836481818376119,0.04559705858000894,-0.07313995222308355,-0.14167844748035122,1.12535845145032,0.0,-0.8951182840652754,-0.6327316520860975,0.25464791032148043,-0.19102376811174246,-30.0,30.0,30.0,51.96187535183833,-2.8558186017771163,3.731684286616966,7.179619695001913,-0.19102376811174246,-35.16404682883197,71.04704178317057,95.74823427060478,124.30588558687988,2.349999999999994
1.1368764728320144,-1.1805680264854208,1.2540898931132605,1.2031848257318025,-1.1150513519289726,1.208026525961613,1.6339972019195557,-1.4515154361724854,-1.3015429973602295,1.1368764728320144,-1.1805680264854208,1.2540898931132605,0,0.0,-1.5707963267948966,nan,0.002573783001977337,-0.33606426170725023,-0.1428551788699367,0.12776264894886236,-1.5707975612340028,0.0032900312219770007,-0.34880233152254525,1.5802315573668615,-0.14805706117042286,0.8760503055994354,0.0023935538011071126,-0.8731857163899626,-0.0707468270215228,0.013777917607537571,0.0007162482199996635,-0.012738069815295017,-0.005201882300486155,0.009571848485904689,8.137485437691031e-05,-0.00948166336647399,0.0013083277017078574,4.482393776348036,0.034347886639893264,-0.012350372408656496,-0.028229268032993637,-1.570797053572273,1.5784586252818111,-0.8222902199087873,0.7893194330947239,0.9668800690171522,0,sac,0,0.028229268032993637,0.155991916981856,1.5613676050162908,1.4873246115799885,1.2206134269978635,-0.3058846199879842,0.24330252957216872,1.5631404681255476,1.4922357087463543,1.1416285121666083,-0.5359503545212557,0.029781109132068845,0.00713270112924302,-0.006569326046107452,0.004859378023532705,0.012352640231949609,-0.13060501308699107,-0.14614951973004642,-4.7592799077881915,1.0,-0.348453551530838,7.267773765029517e-07,-5.076617295429742e-07,0.8169986009597778,-0.7257577180862427,-0.6507714986801147,1,-0.046839407882608514,-4.184403395097926,9.0,9.0,-0.046839407882608514,-2.434083878732662,7.337427206466127,4.556076231627306,-0.004562729258019623,0.0007905388407311358,0.0038364820980795935,0.010958364943746132,-0.020590181548082006,-0.0642624321871509,1.076507869748058,0.0,-0.8648258764573684,-0.6006701939904149,0.223921225190386,-0.08782937911608572,-27.89602263398617,30.0,30.0,50.77593714345117,-1.7503195163652636,1.6625727935338732,4.443923768372694,-0.08782937911608572,-27.031196757528804,50.83948175492705,81.88753453337793,100.10451802595523,2.3599999999999937
1.11748765809125,-1.1738347152060455,1.1887883343857542,1.078710028609721,-1.160368092647295,1.0581852169307417,-0.4357893466949463,-1.7117421627044678,-0.7649514675140381,1.11748765809125,-1.1738347152060455,1.1887883343857542,0,0.0,-1.5707963267948966,nan,0.0025260713526833035,-0.33188893041735895,-0.1425883490639505,0.12780277883918512,-1.570797559215307,0.003193064124853091,-0.3488105761127761,1.5799533656939402,-0.14807191979059944,0.41933377652312614,-0.004925544782987583,-0.4183575880122137,-0.028168842616280165,0.017800464047701622,0.0006669927721697877,-0.016921645695417153,-0.005483570726648956,0.009119717297891846,2.1375106259770857e-05,-0.009094064067885224,0.0006832169695630899,-4.2714266447146,-0.03255437401334306,-1.9293948331761995e-05,-0.02195731252204336,-1.5707972143304794,1.5784111684135267,-0.814060239792513,-0.6032146908545575,0.9668800690167969,0,sac,0,0.02195731252204336,0.14976009136122848,1.5616457969136266,1.4873912397116498,1.2205520614768925,-0.3058392274679729,0.20321924969260532,1.5631880110515406,1.4790509900373188,1.1797517702160127,-0.5047398596680126,0.025896685788066955,0.006202365370109542,-0.005712472685317705,0.004225557390854714,2.996902045042599e-05,-2.0327185217578108,6.273235583934333,8.51206776029839,1.0,-0.3953385353088379,8.875355828052989e-07,-3.448848273635008e-07,-0.21789467334747314,-0.8558710813522339,-0.38247573375701904,1,0.01648577378885177,-1.140606803627547,1.0850757893043954,9.0,0.01648577378885177,-2.565826466173318,5.625677744848931,6.277732967828344,-0.004517062691447044,-0.0006041465880936004,0.003836482098078184,-0.041077268569304944,0.05442578510711848,0.05280725299166027,1.0307741771742123,0.0,-0.8285413052559303,-0.5773041901747971,0.20672344284235353,0.030912757901465915,-7.604045357516981,3.6169192976813185,30.0,31.159341562422593,1.4252196625457711,-4.540601955544535,2.722267032171656,0.030912757901465915,-6.77550405226105,4.1942234878561155,33.04514551972482,33.9923750839314,2.3699999999999934
1.0387913943076625,-1.1708299469854972,1.156047387199701,0.8813988667404877,-1.1648204105444007,1.0905654928275945,-1.644892930984497,-1.2218260765075684,1.5051493644714355,1.0387913943076625,-1.1708299469854972,1.156047387199701,0,0.0,-1.5707963267948966,nan,0.0025553191182819484,-0.3352084815698517,-0.14229783020086062,0.1278374776835538,-1.5707975574697954,0.0031092167328094318,-0.3488176823236188,1.5797128235605595,-0.14808476732632156,0.33282297363723806,-0.011309515764230428,0.3312444941650061,-0.03033663988119828,0.014798844178440159,0.0005538976145274834,-0.013609200753767092,-0.005786937125460939,0.0038563810820602513,-6.103866961496864e-05,-0.003847602943592071,0.00025278631162595905,-11.458815899244396,-0.0874353000147311,0.00048802345838658355,0.06820652742325772,-1.570797609448989,1.5784226260237988,-0.026692624698687162,-0.7894198225051771,-0.9690273139776177,0,sac,0,-0.06820652742325795,0.05963095026029608,1.561886339241183,1.4874488506127006,1.2204990009622354,-0.30579997822124155,0.07470222658855276,1.5631766375675011,1.4532814130698,1.264920773852296,-0.35517659305632754,0.02225241736642228,0.005329547726849258,-0.004908594382627567,0.0036309227920739346,-0.0004827455987487287,-2.7093600000255815,9.314910017392968,18.06469949441987,1.0,-0.25910571217536926,1.2826540922716845e-06,5.19791933939473e-08,-0.8224464654922485,-0.6109130382537842,0.7525746822357178,1,0.08114383290715098,1.7741970167341592,-9.0,-9.0,0.08114383290715098,-1.9193103234608495,0.07187128340791141,3.763655318885849,-0.00014811220751177954,-0.0007906393852316686,-0.0038450021484095083,-0.06239098306528349,0.09217860424522167,0.14295850390528198,1.0134655830653223,0.0,-0.8110697889859445,-0.5711333491926954,0.20756922433772265,0.15215419633817923,11.827980111561061,-30.0,-30.0,44.044571338803465,3.6935073401950085,-9.071871283407912,-12.76365531888585,0.15215419633817923,12.639049900547006,-48.92404281864728,-34.717486740499524,61.30770412097955,2.3799999999999932
1.0270261956169697,-1.1943956966652034,1.0880219549373285,1.0034957982355839,-1.241527196024616,0.9519710904125833,1.4637234210968018,-1.5306628942489624,0.42955851554870605,1.0270261956169697,-1.1943956966652034,1.0880219549373285,0,0.0,-1.5707963267948966,nan,0.002599775519034737,-0.343444917598527,-0.1395479170025787,0.1278670972162399,-1.5707975559797829,0.0030376405878450234,-0.34882373173669323,1.5795074926445751,-0.14809573408120721,0.8681888360819339,-0.011603254571719698,0.8230386615600882,-0.27608799531675665,0.010108834955676847,0.0004378650688102864,-0.00537881413816621,-0.008547817078628506,0.0033625748973994747,-0.00011783891578847575,0.0029166935748203195,-0.0016691083012041934,-12.221249915060245,-0.09258700635766108,-0.010839280220320276,0.19264840216662282,-1.5707980619108608,1.5783686052218453,0.6609357132354562,-0.7893194318061049,-0.9668759992208951,0,sac,0,-0.19264840216662282,-0.06478130495038315,1.5620916703230159,1.487498028272027,1.2204537075912605,-0.3057664743869088,0.19792569856108375,1.5632305888905116,1.4299353484802775,1.3506983613667614,-0.16830319538672622,0.01885566974570299,0.004516012358417702,-0.0041593159552228524,0.0030766761162227567,0.01083302292650059,-1.947128485121613,7.5560500384504765,17.83052217883961,1.0,-0.24409113824367523,1.7351159642409186e-06,5.059310779209625e-07,0.7318617105484009,-0.7653314471244812,0.21477925777435303,1,0.08454375206694123,2.6039441321343015,-9.0,-9.0,0.08454375206694123,-0.8898919810069044,-4.5308393615942535,-0.31982535151156144,0.0036674043341826403,-0.000790538839440526,-0.003836465949540614,-0.05099284469661935,0.08345373514366526,0.15679759579844924,1.0169792326041964,0.0,-0.8002711443169196,-0.5841692652663291,0.22925776898527486,0.1585294432157158,17.35962754756201,-30.0,-30.0,45.84083114620022,3.4938361131412057,-4.4691606384057465,-8.680174648488439,0.1585294432157158,18.15989869187893,-78.31271367602095,-88.52146714182547,119.5773319669217,2.389999999999993
1.0680359518594627,-1.2438243734846544,1.0730178638666668,1.1500554643444483,-1.3426817271235563,1.0430096817253431,1.9236953258514404,-1.8766429424285889,1.5235722064971924,1.0680359518594627,-1.2438243734846544,1.0730178638666668,0,0.0,-1.5707963267948966,nan,0.0025993763614412147,-0.35179481904714077,-0.13569081734179766,0.12789199984425048,-1.570797554727044,0.002977461105421544,-0.34882880597113425,1.579334860637759,-0.14810495429456635,0.9197181323144935,-0.005978032482995693,0.8344827214172734,-0.3866319874140184,0.012769141628268105,0.0003780847439803295,0.002966013076006524,-0.01241413695276869,0.008351669094940204,-0.00011820362049464296,0.007494416285644925,-0.0036837656159073723,-7.405444003991737,-0.05475483676670939,-0.02384829305318547,0.28951624278183163,-1.570798375325289,1.5781872883189458,0.8132458705840214,-0.789319433083082,-0.9668800690266331,0,sac,0,-0.28951624278183186,-0.16162424293758093,1.5622643024693377,1.4875393743985112,1.2204156271809508,-0.3057383060317857,0.3332490766182137,1.5634117463327803,1.418460476529737,1.3999741037677815,-0.033634484311979074,0.01571387427894873,0.003763539105182222,-0.003466276663107768,0.002564029935790868,0.02383922500470418,-0.5807463009057392,2.9252911143188847,9.750191240730192,1.0,-0.43234699964523315,2.0485303924289155e-06,8.20598244910542e-07,0.9618476629257202,-0.9383214712142944,0.7617861032485962,1,0.0020146611214759123,1.824143495268058,-9.0,-9.0,0.0020146611214759123,-0.007487130694690258,-6.999547800133434,-3.563971946893634,0.004512543914348094,-0.0007905388407194758,-0.003836482098117213,-0.023353229561630502,0.04388831035270445,0.10167294677922886,1.0557852555863678,0.0,-0.8186367483561329,-0.614709800441144,0.25816320689842454,0.0037777257106242496,12.160956635120387,-30.0,-30.0,44.134894137773685,1.8316306259627482,-2.000452199866566,-5.436028053106366,0.0037777257106242496,12.97959338347652,-69.38907110195157,-94.5812052052417,118.0208347078571,2.399999999999993
1.1172084350378635,-1.317979329619207,1.110661055672385,1.2155534013946654,-1.4662892418883122,1.1859474392838216,1.4820740222930908,-1.9692661762237549,1.7675819396972656,1.1172084350378635,-1.317979329619207,1.110661055672385,0,0.0,-1.5707963267948966,nan,0.002536186473696822,-0.357078760862776,-0.13474462384634955,0.1279125587417702,-1.5707975536928114,0.0029277773914760615,-0.3488329869833778,1.5791923405910595,-0.1481125661784489,0.536524009336043,0.0013506173798910094,0.5279760803391709,-0.09538053793306522,0.01571139753527314,0.0003915909177792396,0.008245773879398233,-0.013367942332099342,0.00904422644066022,-6.967498122889857e-05,0.008501072155845885,-0.0030862516922684716,0.7133357763902616,0.005083027879077221,-0.032003381587966256,0.316653975740248,-1.570798373187215,1.577900925700263,0.8393022831075907,-0.7893194330922502,-0.9668800690168105,0,sac,0,-0.31665397574024823,-0.1887414169984778,1.5624068226312575,1.4875735085778448,1.2203841890834761,-0.30571505104354224,0.35047579385632954,1.5636980510040512,1.4214779548817957,1.3945840680638135,-0.008869308690106763,0.012834527793692097,0.003073923488927126,-0.0028311302091096543,0.0020942075067287625,0.03199994453037847,0.8951409900223783,-2.9479070063373043,-2.76611990069928,1.0,-0.5140818357467651,2.0463923187108435e-06,8.194944038919516e-07,0.7410370111465454,-0.9846330881118774,0.8837909698486328,1,-0.09253858632239764,0.37003652590156805,-9.0,-9.0,-0.09253858632239764,0.388822883322881,-8.107675563980111,-5.681806472507979,0.004657125903652924,-0.0007905388407286583,-0.003836482098078238,0.017548725136586295,-0.02255114746305711,-0.006243487618298384,1.1207961995152134,0.0,-0.862446828424781,-0.6562383334514115,0.2858685689205724,-0.17352069439789544,2.4669101726771205,-30.0,-30.0,42.49842062043532,-0.01878635742131296,-0.892324436019889,-3.3181935274920207,-0.17352069439789544,3.3293570011019016,-35.34656382728085,-59.42109944748291,69.21966022320439,2.4099999999999926
1.14920815096138,-1.3950623427376658,1.1964154892209815,1.2132075828084135,-1.5492283689745832,1.3679243563181747,1.2052714824676514,-1.8298183679580688,1.983567476272583,1.14920815096138,-1.3950623427376658,1.1964154892209815,0,0.0,-1.5707963267948966,nan,0.002423859103867614,-0.35731896564933696,-0.13800943957923972,0.12792915794460646,-1.5707975528577707,0.0028876620572332113,-0.34883635735649665,1.579077270259829,-0.148118711954616,0.3268062882553426,0.007221203558635753,0.023683441344207745,0.32586699567230537,0.013204815204646371,0.0004638029533655971,0.00848260829284031,-0.010109272375376288,0.005816111409165753,1.6883813341348028e-06,0.005814979213049151,0.00011474242895631072,8.829968523676738,0.05996412765903662,-0.030441120441619614,0.25890224498918557,-1.5707980167587243,1.5775822401610335,0.59145346374336,0.7891888578845107,-0.066794420199001,0,sac,0,-0.25890224498918535,-0.1309730870445791,1.5625218930555476,1.4876010684293477,1.220358806041761,-0.30569627502386904,0.2300732079805231,1.5640168291372796,1.438249486483912,1.3331137275167244,-0.11131984836873593,0.01022519259191822,0.0024489767128440024,-0.002255544738870072,0.0016684427684411456,0.030440108917037068,2.123008015026838,-7.928938399760938,-14.636102511840326,1.0,-0.2775076925754547,1.689963827544716e-06,4.639009536511196e-07,0.6026357412338257,-0.9149091839790344,0.9917837381362915,0,-0.14903942564715386,-1.768638163287891,3.377176216760025,0.7454866941935282,-0.14903942564715386,0.1992426959785445,-4.485377661733258,-5.041844014972418,0.0032818607815598543,0.0007904080637972581,-0.0002650334881817979,0.04571074607183378,-0.07364253612328162,-0.10845376622942668,1.2004847857347707,0.0,-0.9249938218284255,-0.7008896941324618,0.3070892167087697,-0.2794663897377721,-11.79092108858594,11.25725405586675,2.484955647311761,16.492564840790795,-1.9678808592664354,7.862553878493284,5.787330709165946,-0.2794663897377721,-10.865927266757515,11.958143749999213,2.1778664306029913,16.306035108653795,2.4199999999999924
1.1846842873724583,-1.3822517954246343,1.2646702372118408,1.255636560194615,-1.356630700798571,1.4011797331935594,1.977675199508667,1.9209160804748535,1.9671058654785156,1.1846842873724583,-1.3822517954246343,1.2646702372118408,0,0.0,-1.5707963267948966,nan,0.0023020576037951932,-0.35163059328227175,-0.14179905662772793,0.12794219244463134,-1.5707975522020523,0.0028561610316070528,-0.3488390005767622,1.5789869114491157,-0.148123537891418,0.6835236378504108,0.009030047444626241,-0.5691015587330761,0.37847911116862254,0.006935350293743902,0.0005541034278118595,0.002791592705509549,-0.006324481263690063,0.0025971285203131443,6.121755593900514e-05,8.249640815115528e-05,0.00259509601065374,12.507162119592913,0.081968474997478,-0.017457861819487636,0.14355874984572692,-1.5707975249591835,1.5773462272386674,-0.2759714871274451,0.7893201031058324,0.9670364774358874,0,sac,0,-0.14355874984572692,-0.015616557401095577,1.5626122519393553,1.4876227097627754,1.2203388740450625,-0.3056815311816482,0.03581591039615382,1.5642529129542158,1.4627731581770729,1.2425616677640348,-0.29269173155836115,0.007893496450105184,0.0018905256615413977,-0.0017412028408537118,0.0012879803437935262,0.017452005389036067,2.524886648920822,-9.188033246209697,-19.170577312219702,1.0,-0.13049906492233276,1.1981642868974518e-06,-2.7242868849697288e-08,0.9888375997543335,0.9604580402374268,0.9835529327392578,1,-0.14602453039980678,-4.259205837262748,9.0,9.0,-0.14602453039980678,-0.5856230591341973,1.244157219339496,-1.6229344116976971,-0.0015313123617538035,0.0007905395117773343,0.0038371027108295044,0.058658595302614434,-0.09383944610828106,-0.16033093780911759,1.2193811402044137,0.0,-0.9496203835196786,-0.7035550650830701,0.30020286921698713,-0.2738131078188764,-28.394705581751655,30.0,30.0,51.05227006404683,-3.6735827781285506,7.755842780660504,10.622934411697697,-0.2738131078188764,-27.445085198231975,55.68657508073437,65.51932463220597,90.26119996786483,2.429999999999992
1.2382566735575982,-1.3209423373171005,1.337824141899049,1.3454014459278776,-1.1983234211020328,1.4841319512734659,1.6425378322601318,-0.6743005514144897,1.7587172985076904,1.2382566735575982,-1.3209423373171005,1.337824141899049,0,0.0,-1.5707963267948966,nan,0.0022182798013814435,-0.34267844403329706,-0.14285854606684825,0.12795206828422545,-1.5707975517052344,0.0028322933708900488,-0.3488410012949982,1.5789184493588875,-0.14812719434056484,0.9016383652168602,0.005991014169674574,-0.8954149967210667,0.10558329899734709,0.008130976528032947,0.0006140135695086053,-0.006162557261701118,-0.005268648273716592,0.006384885562809796,8.060912969155159e-05,-0.0059039863406903466,0.0024296524663682166,10.203614407626894,0.06611735523974488,0.0002611069642998177,0.02807543119592726,-1.570797152545779,1.577273259066227,-0.727162336911695,0.7893194331077146,0.9668800573434689,0,sac,0,-0.02807543119592726,0.09987663708829819,1.5626807140849768,1.4876391067351387,1.2203237721845372,-0.3056703602261138,0.16633678838179985,1.5643258493814522,1.4842292732156281,1.1663271801093693,-0.4629534228192141,0.005847132619197501,0.0014004129010384671,-0.00128980154634255,0.0009540755391078926,-0.00026770097984482166,1.7316158212098791,-6.065697451268936,-14.537910248822598,1.0,-0.19857865571975708,8.25750882338383e-07,-3.991594557106737e-07,0.8212689161300659,-0.3371502757072449,0.8793586492538452,1,-0.09548404106185761,-4.5,9.0,9.0,-0.09548404106185761,-1.5771179471329098,5.291056868964516,2.0371118128069776,-0.004034883049350806,0.0007905388407441465,0.003836482051759602,0.04698114354268961,-0.07204165342027857,-0.13612813464376727,1.199406586086009,0.0,-0.9512628498878386,-0.6783112255731178,0.27123611564697114,-0.17904376722643467,-30.0,30.0,30.0,51.961832691607235,-2.9228820528670902,3.7089431310354843,6.962888187193022,-0.17904376722643467,-35.49738382450157,70.90210673937048,95.23904703568392,123.92611159638983,2.439999999999992
1.278091273923366,-1.2927586636214428,1.3212753099205925,1.3577604746549021,-1.236391316230127,1.2881776459636796,1.5243377685546875,-1.749477505683899,-1.352931022644043,1.278091273923366,-1.2927586636214428,1.3212753099205925,0,0.0,-1.5707963267948966,nan,0.002199535824101596,-0.3347712968398575,-0.14236939332608747,0.12795920265072325,-1.5707975513463295,0.002815051065460683,-0.34884244557019284,1.5788689919293006,-0.14812983577376312,0.79238679180254,0.00015016718504820385,-0.7908591468634207,-0.04917941739590592,0.015217055654644438,0.0006155152413590873,-0.014071148730335326,-0.005760442447675651,0.009282301139034319,5.464382118847014e-05,-0.009192116235501403,0.0012896230463027751,3.7154937302535904,0.024426275021296726,0.01633285367994273,-0.03752680624271276,-1.5707970332076013,1.5773703775059447,-0.8277950731918841,0.7893194330948162,0.9668800690167867,0,sac,0,0.03752680624271276,0.1654860088934358,1.5627301715545858,1.4876509520075147,1.2203128625088149,-0.30566229026002045,0.2543933183784738,1.5642287148751115,1.4913141623700534,1.140589603821523,-0.5472083473953978,0.004093859824628839,0.0009804966787704142,-0.000903052329440856,0.0006679943441664176,-0.016330397055625504,-0.07548253019158152,0.02910675326900325,-3.7619497982983616,1.0,-0.3904504179954529,7.06412704776227e-07,-5.181387283670347e-07,0.7621688842773438,-0.8747387528419495,-0.6764655113220215,1,-0.029391418801742657,-4.228071536143113,9.0,9.0,-0.029391418801742657,-2.3948703132677256,7.34713396521411,4.69589170924981,-0.004593274623302791,0.0007905388407312283,0.0038364820980781433,0.012150664894586476,-0.018994338178742503,-0.05645331806617969,1.1546467075077897,0.0,-0.9248575298347533,-0.6479721757278118,0.24078959310797382,-0.05511235477544095,-28.18714357428742,30.0,30.0,50.93641232212121,-1.8332012228753873,1.6528660347858901,4.30410829075019,-0.05511235477544095,-27.262286044452665,50.02156497264979,78.9009770375221,97.31781140947335,2.4499999999999917
1.264250330657366,-1.2868764497919112,1.2588043361305323,1.236568444125366,-1.2751120221328478,1.1338623885504122,-0.16627097129821777,-1.7233175039291382,-0.6523897647857666,1.264250330657366,-1.2868764497919112,1.2588043361305323,0,0.0,-1.5707963267948966,nan,0.002253199858715675,-0.3316060872552972,-0.14254025981375365,0.12796402397085438,-1.5707975511037844,0.002803398843167928,-0.3488434210927185,1.5788355691859552,-0.14813162081920275,0.317136924369499,-0.006531625690683407,-0.3166185107085939,0.016908144222654853,0.018129856994429306,0.0005501989844522532,-0.017237333837421265,-0.0055913610054491025,0.008281407399825294,-7.102386751652663e-06,-0.008224311492220367,0.000970751542319446,-5.067661100374099,-0.03448203831593403,0.02622393653020234,-0.023234050980190046,-1.570797209914598,1.5775948306748793,-0.8271549324773129,-0.6567494016266094,0.9668800690167926,0,sac,0,0.02323405098019027,0.15119807495104443,1.5627635943249811,1.4876589569018617,1.2203054898795715,-0.30565683667280774,0.20428004482074746,1.5640043506364112,1.4787520524592612,1.1802899528097068,-0.5057773530673116,0.002641502266292989,0.0006326509235815404,-0.0005826811070687923,0.0004310134322067235,-0.026213265368563984,-1.9601249325936736,6.40204030318588,9.50969378166788,1.0,-0.35668307542800903,8.831197013670078e-07,-3.411891862370453e-07,-0.08313548564910889,-0.8616587519645691,-0.3261948823928833,0,0.0462780493798234,-1.2078410771268102,0.6875004428445761,8.614931750579855,0.0462780493798234,-2.5550643573824394,5.49811642239248,6.284432865389462,-0.00458972260639087,-0.0006577640038294369,0.0038364820980781667,-0.039689050287275346,0.05582385924804846,0.061100148940079146,1.1114913939640934,0.0,-0.8907401684261802,-0.6257797150292803,0.22448790494415538,0.08677676613505231,-8.052273847512069,2.291668142815254,28.716439168599514,29.912075583669186,1.3472232802556292,-4.8106159795479035,2.3304988851903925,0.08677676613505231,-7.161533679085889,2.917447857844534,28.49195126365536,29.522836646527995,2.4599999999999915
1.189628585014272,-1.277263162544298,1.2288023463608073,1.040385093728084,-1.2580365880490718,1.168798366821357,-1.330774188041687,-1.0516552925109863,1.591050148010254,1.189628585014272,-1.277263162544298,1.2288023463608073,0,0.0,-1.5707963267948966,nan,0.0023688140794538913,-0.3359223771369133,-0.14254181584374598,0.12796697200519302,-1.5707975509554781,0.0027962739690302824,-0.34884401738441245,1.5788151325851383,-0.1481327122978738,0.4317438622993239,-0.012273909487586212,0.43156935899221205,4.645513212719887e-05,0.014085795391236007,0.0004274598895763911,-0.012921640247499144,-0.0055908964541278305,0.0026816320903202085,-8.640805559872533e-05,-0.0026011415518566467,0.0006463334611232618,-12.12721030817181,-0.08560414928037927,0.023828461322088112,0.07418194628059438,-1.570797617895466,1.5778512275491592,-0.07690601891117357,-0.7894352558611624,-0.9659235168705653,0,sac,0,-0.0741819462805946,0.05378502572459887,1.5627840309423393,1.4876638515578353,1.2203009818270973,-0.3056535020337644,0.0705342990776858,1.5637480332013256,1.453940720462649,1.2660637569023194,-0.3473988837253553,0.0014979496185716329,0.0003587652457318942,-0.0003304282389685379,0.00024442015992641187,-0.02382383193054708,-2.5995660840211774,9.33220003612709,18.860146388389214,1.0,-0.24685277044773102,1.2911005695670497e-06,6.693998777507204e-08,-0.6653870940208435,-0.5258276462554932,0.795525074005127,1,0.11903867188820755,1.613180758191107,-9.0,-9.0,0.11903867188820755,-1.9461426574762128,-0.05736745504961241,3.709480122597554,-0.00042673661209633,-0.0007906548424304118,-0.0038326865961307425,-0.06019403124454734,0.09252813714968346,0.1497679682832552,1.0943069143669764,0.0,-0.8734619927060502,-0.619204552395721,0.226180221110873,0.22321146050667082,10.754538387940714,-30.0,-30.0,43.768823599610165,3.55932341566732,-8.942632544950387,-12.709480122597554,0.22321146050667082,11.628000380646764,-50.01554768356202,-39.68297158197089,64.89648264636996,2.4699999999999913
1.188758246405856,-1.315907257629538,1.2138672453878931,1.187017569189024,-1.3931954478000181,1.183997043442065,1.4310784339904785,-1.6181591749191284,1.209294319152832,1.188758246405856,-1.315907257629538,1.2138672453878931,0,0.0,-1.5707963267948966,nan,0.0024888407400491565,-0.34499744074499916,-0.13976825731929585,0.12796849794259857,-1.5707975508787135,0.0027925860408651395,-0.34884432597264237,1.578804554359097,-0.14813327725968725,0.9490113017604791,-0.012371458876040808,0.907475501985594,-0.27741234862635744,0.009212184635881606,0.00030374530081598303,-0.003846885227643204,-0.008365019940391405,0.0045370192423067075,-0.00013983427259726895,0.004308117447952807,-0.0014160204927588863,-12.743479687392487,-0.09201018016036051,0.009527197111215286,0.20441317650134838,-1.5707980823831131,1.5780129513375296,0.6270567739323112,-0.7893194308766452,-0.96688187694209,0,sac,0,-0.20441317650134838,-0.07644467855875003,1.5627946091769425,1.4876663850895975,1.220298648405874,-0.30565177598519677,0.20834271691048661,1.5635862256139197,1.4317743865189665,1.3515690130514821,-0.15382873130933236,0.000671157030315411,0.00016074493689273713,-0.0001480485277001122,0.00010951256747997477,-0.009534474664350874,-1.8291598514870753,7.507064459311247,18.42171645506031,1.0,-0.24297356605529785,1.7555882165787295e-06,5.315043996034774e-07,0.7155392169952393,-0.8090795874595642,0.604647159576416,1,0.12233749282086037,2.3494759908166523,-9.0,-9.0,0.12233749282086037,-0.9679264608751399,-4.603584220192864,-0.3724797102552849,0.0034794166579990692,-0.0007905388385096305,-0.0038364892717424716,-0.048456441837555216,0.0830804681505672,0.16189449340374396,1.1270426755732463,0.0,-0.8878688122052236,-0.6460928000039685,0.25392569515434793,0.2293971363601357,15.663173272111017,-30.0,-30.0,45.22596179185516,3.317402451691792,-4.396415779807136,-8.627520289744716,0.2293971363601357,16.55104208431624,-78.58582371518625,-92.8114386902049,122.73420247780554,2.479999999999991
1.2361930152325378,-1.3752961639709522,1.235664015303713,1.3310625528859015,-1.4940739766537803,1.2792575551353527,1.887845516204834,-1.8840038776397705,1.6474719047546387,1.2361930152325378,-1.3752961639709522,1.235664015303713,0,0.0,-1.5707963267948966,nan,0.0025560026909172092,-0.35401236143452774,-0.13570828289589262,0.12796906449466716,-1.5707975508502117,0.002791216780409055,-0.3488444405353765,1.5788006268612733,-0.14813348701938342,0.9887189774213236,-0.006853121132413716,0.901480612679445,-0.4060184183099391,0.013459139259187134,0.00023521408949184587,0.005167920899151246,-0.012425204123490796,0.009587024923531005,-0.0001386649019547297,0.008866256812186411,-0.00364435303856921,-7.817740293858539,-0.05648276482974045,-0.0063421455682495746,0.3058080562174339,-1.5707984072344794,1.5780184125486567,0.7980041083443653,-0.7893194330722381,-0.9668800690122636,0,sac,0,-0.3058080562174341,-0.17783899172276652,1.5627985366779447,1.4876673257426372,1.220297782050141,-0.30565113513559067,0.3488986663084457,1.5635805878821378,1.4213169229199056,1.4002571564746153,-0.014203171770362698,0.0001691451248565446,4.0510970149566635e-05,-3.731121864415949e-05,2.7599378480854104e-05,0.006332119241436972,-0.49462589841407417,2.866788271429841,10.19010670698189,1.0,-0.47040554881095886,2.080439582829996e-06,8.56384267500232e-07,0.943922758102417,-0.9420019388198853,0.8237359523773193,1,0.03513064787305179,1.5660038278240185,-9.0,-9.0,0.03513064787305179,-0.1362946657923607,-7.033887592771924,-3.6022437481242475,0.004427970326056636,-0.0007905388407086153,-0.0038364820980601962,-0.021334996268101016,0.043319104598734906,0.10544847968124743,1.187350666485941,0.0,-0.9242898590253332,-0.6869442968982784,0.2891321404936983,0.06587408189209036,10.44002551882679,-30.0,-30.0,43.692087066520635,1.7022984936163792,-1.966112407228076,-5.3977562518757525,0.06587408189209036,11.364315377852122,-69.05454498853236,-98.10840674276488,120.51116819854907,2.489999999999991
1.268747387157183,-1.458145030553553,1.300914748594042,1.3338561310064736,-1.6238427637187545,1.4314162151746999,1.3414499759674072,-1.9765961170196533,1.8450324535369873,1.268747387157183,-1.458145030553553,1.300914748594042,0,0.0,-1.5707963267948966,nan,0.0025526111901260596,-0.3598894417110663,-0.13459758115536458,0.12796914599017262,-1.5707975508461123,0.0027910198194953002,-0.3488444570141578,1.578800061911574,-0.14813351719219817,0.5981104786852695,0.0003194539877394726,0.5877063797757265,-0.1110731913342794,0.0174719801402918,0.0002384086293692406,0.01104498469690851,-0.01353593603683359,0.010309594510754496,-9.015401265936607e-05,0.009811515172235101,-0.003164455917718096,0.37457251977035755,0.002672204215512849,-0.017225315345201754,0.33661677778814747,-1.5707984109135218,1.5778910000105737,0.8289242045565873,-0.7893194330900162,-0.9668800690167839,0,sac,0,-0.33661677778814747,-0.20864763179797485,1.562799101628101,1.4876674610505802,1.220297657429471,-0.305651042952779,0.36968168011117564,1.563707933123115,1.4248576509141502,1.3944458541240263,0.01433497545083085,0.0,0.0,-0.0,0.0,0.01722127369543827,0.9218584436378783,-2.9748680820061413,-2.4275916885438025,1.0,-0.5844573974609375,2.084118625234055e-06,8.60067409291787e-07,0.6707249879837036,-0.9882980585098267,0.9225162267684937,1,-0.06469615277160344,0.1721521105019547,-9.0,-9.0,-0.06469615277160344,0.22786194013884414,-8.122682493336274,-5.718613330705459,0.004599539954677462,-0.0007905388407264208,-0.0038364820980781324,0.018400417413826017,-0.022882514071446747,0.00834895924806632,1.269685979398119,0.0,-0.9824651154773711,-0.736846949943741,0.32236835376445183,-0.12131286850103777,1.147680736679698,-30.0,-30.0,42.44210041792712,-0.055709829636889446,-0.8773175066637258,-3.281386669294541,-0.12131286850103777,2.130145852157069,-34.865226719679455,-62.39544795489126,71.5075394477374,2.4999999999999907
1.2393380228256337,-1.5323946514341773,1.3827601387408894,1.1805192941625349,-1.680893893195426,1.5464509190345845,0.5911331176757812,-1.9001833200454712,1.9886138439178467,1.2393380228256337,-1.5323946514341773,1.3827601387408894,0,0.0,-1.5707963267948966,nan,0.0024906603598603356,-0.36066820248556175,-0.13791253794554206,0.12796906153745513,-1.5707975508417895,0.00279082119585625,-0.3488444440045347,1.5787994928733748,-0.14813348819846409,0.3405793988101657,0.006175220662667366,0.07787737841185582,0.3314985783911567,0.015631992362390407,0.00030016083599591426,0.011823758481027069,-0.010220950252922023,0.007048456253830615,-1.8901084645795026e-05,0.007047718999174278,0.00010017594442297134,8.668681444152856,0.05992889001619829,-0.018318666541804775,0.28140294578166203,-1.5707980498668648,1.577704362817265,0.5804859086268431,0.7891835788739645,-0.23339824960056638,0,sac,0,-0.2814029457816618,-0.1534338842442069,1.5627996706669107,1.4876673320289315,1.2202977723519903,-0.30565114150459205,0.2513178261017936,1.563894668665216,1.4414646657115457,1.3329282118325152,-0.08578948403903215,0.00017036926113564847,-3.8628864317753026e-05,3.440760867664761e-05,-2.9506246824821177e-05,0.01831759128643949,2.077192427510338,-7.924265290936579,-14.515961456051587,1.0,-0.349518358707428,1.7230719682181928e-06,4.990250754843828e-07,0.2955665588378906,-0.9500916600227356,0.9943069219589233,0,-0.1252514859448277,-1.8701429706020751,3.425944174810604,-0.02858691878072539,-0.1252514859448277,0.035278275169656384,-4.475728043639177,-5.2091564826304175,0.0032210039412284373,0.0007904027766312485,-0.000926100594074611,0.04505027687403952,-0.07362333066395393,-0.10690898552484514,1.3485526219985953,0.0,-1.0441340275217859,-0.7810245904669008,0.3440623431246592,-0.23486121497248774,-12.467619804013834,11.419813916035347,-0.09528972926908463,16.909108000634305,-1.9054212457717314,7.9016722184497805,5.1805695638496925,-0.23486121497248774,-11.423485776492049,12.200838506502247,-0.43935207239374385,16.72138384169442,2.5099999999999905
1.2341133647527551,-1.5172512713603,1.4449970985756477,1.2236640486069978,-1.4869645112125454,1.5694710182451646,1.985874891281128,1.9390621185302734,1.9761524200439453,1.2341133647527551,-1.5172512713603,1.4449970985756477,0,0.0,-1.5707963267948966,nan,0.002405915675302852,-0.3551474284581903,-0.14194970646519173,0.12796847442702242,-1.5707975508117378,0.002789440376168732,-0.34884435355914784,1.5787955369525268,-0.14813328663566327,0.6839974702367436,0.00833638648699655,-0.5520683581984598,0.40373700824504755,0.00883812808821882,0.00038352470086587976,0.006303074899042471,-0.006183580170471548,0.0029353474145991164,4.2899260142747564e-05,0.0010162250120364265,0.0027534906614667294,12.6933390217538,0.08607712662451066,-0.007955920039768612,0.165596744794005,-1.5707975456938181,1.5775737448908131,-0.26000147407383695,0.7893201392403574,0.9672471580497934,0,sac,0,-0.165596744794005,-0.0376282703669828,1.5628036265920044,1.4876664350778461,1.2202985712867374,-0.30565182663113105,0.04877971430167971,1.5640253726362767,1.4651676040926496,1.2423760554217678,-0.2684449030479612,0.0006760143247300331,-0.00015327686140554492,0.00013652718917762666,-0.00011707889903166038,0.007950254439164108,2.422814257505102,-9.19469598716554,-19.465512604070195,1.0,-0.16134414076805115,1.2188989213512968e-06,-5.117919421593342e-09,0.992937445640564,0.9695310592651367,0.9880762100219727,1,-0.12324665828504236,-4.249208828479611,9.0,9.0,-0.12324665828504236,-0.722234988866944,1.2576409840573812,-1.8327733595909403,-0.0014426978506645969,0.000790539547967683,0.0038379386701481036,0.056675032974111715,-0.09386384771787167,-0.16206799953490975,1.365636051761216,0.0,-1.0672514927868821,-0.7829346169633312,0.3360795479862112,-0.2311019281549641,-28.32805885653074,30.0,30.0,51.01502059864591,-3.5269738396126664,7.742359015942618,10.83277335959094,-0.2311019281549641,-27.260807363743854,55.67106056063655,63.91760754879684,89.03893847599724,2.5199999999999902
1.2535630883943107,-1.4452763135868565,1.4959474344137242,1.2924625356774222,-1.3013263980399694,1.597848106089877,1.6249513626098633,-0.40417587757110596,1.7349886894226074,1.2535630883943107,-1.4452763135868565,1.4959474344137242,0,0.0,-1.5707963267948966,nan,0.002344883469728483,-0.345848707822536,-0.14310286913301612,0.1279668931182214,-1.5707975507307963,0.002785721314151244,-0.3488441099276205,1.5787848821726085,-0.148132743751133,0.936995175517121,0.005731314355688147,-0.9298477004126948,0.11537055523546669,0.0058708100335640445,0.00044083784442276123,-0.002995402105084477,-0.005029874618116881,0.0060946542032066925,6.669023521620448e-05,-0.005511746181919392,0.0026001954340566045,10.66314829808374,0.07236496398512285,0.007160440909012555,0.04651089836091393,-1.5707971607714861,1.5775799160815585,-0.7141817354598796,0.7893194331087349,0.9668800202059068,0,sac,0,-0.046510898360914155,0.08145599475730769,1.5628142813833577,1.4876640192518527,1.2203007231179361,-0.3056536719341008,0.14836935822503458,1.5640191796546787,1.4854429617566256,1.1659463257375042,-0.4436851215000508,0.001508790572309146,-0.0003420973121156519,0.0003047138623539273,-0.0002613073904104738,-0.007167076607107854,1.6065059898926002,-6.0926316425330596,-15.149519498829164,1.0,-0.16363593935966492,8.339765895648554e-07,-3.8995931017637986e-07,0.8124756813049316,-0.20208793878555298,0.8674943447113037,1,-0.06964282902680545,-4.5,9.0,9.0,-0.06964282902680545,-1.67725212177454,5.299317976342809,1.8787943993867422,-0.003962856204573959,0.0007905388407451684,0.00383648190440152,0.04438565922745188,-0.0722645935585242,-0.1406821938735514,1.3315768880740277,0.0,-1.0574672474657583,-0.750567703108678,0.3025031445130243,-0.13058846620439798,-30.0,30.0,30.0,51.96168832272009,-2.82274787822546,3.7006820236571913,7.121205600613258,-0.13058846620439798,-34.86606952302523,70.9581998193678,95.7679922300269,124.18628875486922,2.52999999999999
1.27167520882995,-1.4073676113559515,1.4642144830448727,1.307899449701229,-1.3315502068941412,1.4007485803071698,1.5361261367797852,-1.7783933877944946,-1.5132646560668945,1.27167520882995,-1.4073676113559515,1.4642144830448727,0,0.0,-1.5707963267948966,nan,0.002336917347239211,-0.3372366941449149,-0.14233541745945824,0.12796383810913237,-1.5707975505744238,0.0027785362889076095,-0.3488436391274965,1.5787642976735534,-0.14813169492452757,0.8645579486934395,7.810972456373695e-05,-0.8611542877497103,-0.0766402846952452,0.01298125693337847,0.0004416189416683986,-0.01160694498258158,-0.005796277465069333,0.009477893716858995,4.4901418049187304e-05,-0.009398891101565506,0.0012203684819123923,4.326716691611825,0.03000021590543965,0.020536925099684314,-0.024684831683431385,-1.5707970305416288,1.5777296683981612,-0.8202281287341737,0.7893194330948494,0.9668800690170263,0,sac,0,0.024684831683431163,0.15264866979256375,1.5628348659045024,1.4876593519975074,1.2203048803476126,-0.30565723696665204,0.24320439623617396,1.563869412039227,1.4912372440965618,1.139883084144821,-0.5351498108041103,0.0026606193337267024,-0.0006032584901679427,0.0005373360679160453,-0.00046079257633996275,-0.020534640737775795,-0.20588968142735997,-0.005724884883762327,-4.538435264171339,1.0,-0.3395498991012573,7.037467320003543e-07,-5.200327950483086e-07,0.7680630683898926,-0.8891966938972473,-0.7566323280334473,1,0.0014052808461770911,-4.114199965125607,9.0,9.0,0.0014052808461770911,-2.448195228630231,7.3513730374109665,4.594361042648193,-0.004551287113254534,0.0007905388407312615,0.003836482098079094,0.009397356246502626,-0.019314298543427973,-0.06256189823999483,1.2730880528189346,0.0,-1.0205408846509685,-0.7127594046804181,0.26687735764905385,0.002635066278224435,-27.427999767504048,30.0,30.0,50.52024523089507,-1.6660047364953763,1.6486269625890335,4.405638957351807,0.002635066278224435,-26.407458882853078,50.20841518309901,81.19711278767754,99.05155209206175,2.53999999999999
1.2401525072506396,-1.3952411967495266,1.3943674148437166,1.1771071040920187,-1.370988367536677,1.2546732784414045,-0.18600499629974365,-1.7820111513137817,-0.2677171230316162,1.2401525072506396,-1.3952411967495266,1.3943674148437166,0,0.0,-1.5707963267948966,nan,0.0023923399406864583,-0.33324007236773945,-0.141988395080605,0.12795884183869255,-1.5707975503186848,0.0027667856874750286,-0.34884286883404614,1.5787306330521698,-0.14812997963340538,0.4011306308789671,-0.006717319487982822,-0.399585148372511,-0.03453070877310338,0.016772195086078526,0.0003744457467885704,-0.01560279646630669,-0.0061415845528003665,0.008933065485521889,-1.4821618688742747e-05,-0.008914051561432101,0.0005823435827514304,-4.455631300681219,-0.03203201735332848,0.027582248101867633,-0.016672497012041543,-1.570797197162573,1.577979022427713,-0.8035892629370428,-0.6488989142225656,0.9668800690167955,0,sac,0,0.016672497012041543,0.1446313388507341,1.5628685305620114,1.4876517190038643,1.2203116792287845,-0.30566306734759696,0.20043909287247538,1.5636201447548623,1.4773503503037113,1.1793148004952547,-0.5015926535888221,0.004123487887164145,-0.0009349436221498795,0.0008327755644339834,-0.000714146733787574,-0.02757143002004842,-2.0942013267368944,6.384767795982949,8.746312907595234,1.0,-0.3756226599216461,8.703676765975388e-07,-3.5315611190966933e-07,-0.09300249814987183,-0.8910055756568909,-0.1338585615158081,1,0.08123958551886247,-1.0425008236714215,0.7590048552169181,9.0,0.08123958551886247,-2.553748965583152,5.523662753376566,6.3006474977959,-0.004458961267762594,-0.0006499013883263134,0.0038364820980781784,-0.042507519387706603,0.05560120713747836,0.05473098235349441,1.2198249912576493,0.0,-0.9788848775355155,-0.6848539037174555,0.2464397216196395,0.15233374370684882,-6.950005491142811,2.5300161840563935,30.0,30.898653106373008,1.5112481419117303,-4.764657898159649,2.6993525022041,0.15233374370684882,-5.971120613607296,3.214870087773849,31.89330322500426,32.60668132814267,2.5499999999999896
1.1612268419118925,-1.3579746842866525,1.3632691809079616,1.003375511234398,-1.2834416593609042,1.3010727130364514,-0.9133485555648804,-0.3175673484802246,1.8129825592041016,1.1612268419118925,-1.3579746842866525,1.3632691809079616,0,0.0,-1.5707963267948966,nan,0.002503233560291087,-0.33684600956170474,-0.14154596701630642,0.12795144858882113,-1.5707975499402558,0.002749397791753385,-0.3488417282375565,1.5786808177026523,-0.14812744141853992,0.36360651002425665,-0.01282815153262726,0.3607077790454938,-0.04398898494331338,0.013684796991051228,0.0002461642314622978,-0.011995718675851752,-0.0065814744022335,0.0035342871931043724,-9.52335371202431e-05,-0.0035317317618039027,9.48013682108579e-05,-11.65631999990734,-0.08670739842923439,0.022154309027283183,0.07542577850596976,-1.5707975959545784,1.578230943562037,0.005056155244481414,-0.7894356442246045,-0.9684454815272892,0,sac,0,-0.07542577850596999,0.05252567008285158,1.56291834596498,1.487640424052948,1.2203217398986494,-0.3056716948756256,0.07271926488847151,1.5633683060654204,1.451185699863082,1.265117572288394,-0.3498562567335689,0.005889449459130639,-0.0013353508875165166,0.0011894274293372494,-0.0010199935613094994,-0.02214901337951711,-2.7339196791353935,9.346708293465156,18.26943110170462,1.0,-0.24200601875782013,1.2691596817937523e-06,4.601432257445026e-08,-0.4566742777824402,-0.1587836742401123,0.9064912796020508,1,0.15596275018018185,1.8518570808245864,-9.0,-9.0,0.15596275018018185,-1.885628711218407,-0.03317134201753912,3.7767152070474355,2.805562672220975e-05,-0.0007906552313938308,-0.0038426934962288543,-0.06306672820348365,0.09261850832231665,0.1446706234590741,1.184242151200112,0.0,-0.9488786817414172,-0.6660153877256919,0.24183098091091604,0.2924484346150044,12.34571387216391,-30.0,-30.0,44.187126825584045,3.7374857920429934,-8.966828657982461,-12.776715207047435,0.2924484346150044,13.294592553905328,-49.74724778565321,-36.034419633190865,62.84981923450005,2.5599999999999894
1.167637328913234,-1.3114144081882995,1.3646414453393658,1.180458302915917,-1.2182938559915932,1.3673859742021741,1.6913800239562988,-1.0303285121917725,1.5587139129638672,1.167637328913234,-1.3114144081882995,1.3646414453393658,0,0.0,-1.5707963267948966,nan,0.002610796544048537,-0.34543272685594373,-0.1385695017083774,0.12794121438654882,-1.5707975494164115,0.002725328569405042,-0.34884014787123896,1.5786118601571024,-0.14812392784898004,0.9089258813713966,-0.01316322061057926,0.8588297660556521,-0.2972951738369145,0.01014449084166076,0.00011453202535650518,-0.003407421015295231,-0.009554426140602645,0.00387495557933556,-0.0001509766178605232,0.0033650881200776835,-0.001915376920294077,-12.420299842145948,-0.0939495626423349,0.004657897897814152,0.20185710925665057,-1.57079805092183,1.5783569389655379,0.6727071156999802,-0.7893194309765709,-0.9668769997640114,0,sac,0,-0.20185710925665035,-0.07391589487010197,1.5629873035845108,1.4876247888702232,1.2203356665117735,-0.30568363764352147,0.2037519490029043,1.5632422364504563,1.427784917067525,1.3508384021369961,-0.16110487893849637,0.007950623224463075,-0.0018026934185905025,0.0016057000589148587,-0.0013769681790506767,-0.004664299256510623,-1.94150821898855,7.529290579659375,18.008437523636374,1.0,-0.25418832898139954,1.7241269336665255e-06,5.015054185264489e-07,0.8456900119781494,-0.5151642560958862,0.7793569564819336,1,0.1586378195975256,2.626208694182537,-9.0,-9.0,0.1586378195975256,-0.8486862330109001,-4.5901987737308385,-0.31274045189777055,0.0037327215678459153,-0.0007905388386097105,-0.0038364699195942713,-0.050979927076539804,0.08329499019079761,0.15827670276093725,1.1750597722333467,0.0,-0.9369420905898055,-0.6615444039703325,0.25546817566543806,0.2974645032768153,17.508057961216913,-30.0,-30.0,45.897936540808026,3.474894927193437,-4.4098012262691615,-8.68725954810223,0.2974645032768153,18.44500005180672,-78.5500310885218,-89.77104561830839,120.70316701501253,2.569999999999989
1.2198026868035785,-1.3215442320631012,1.3869071658478038,1.3241334025842675,-1.341803879812705,1.43143860686468,1.950315237045288,-1.880099892616272,1.7106003761291504,1.2198026868035785,-1.3215442320631012,1.3869071658478038,0,0.0,-1.5707963267948966,nan,0.0026548392057021615,-0.35415757697417544,-0.13448463149531412,0.12792770690614552,-1.570797548725024,0.002693561468365711,-0.3488380594127816,1.5785208474260428,-0.14811929048688552,0.9633976549667725,-0.00758097626929557,0.8726938576689047,-0.4080232850968757,0.014635665079388838,3.872226266354948e-05,0.005319517561393816,-0.013634658991571402,0.008983258131350837,-0.00015092380288847577,0.00804710868990944,-0.003990011327425854,-7.6038840841575865,-0.05703745455350799,-0.014404030958302505,0.3007111711646362,-1.5707983662538982,1.5782945768536516,0.8159220374737389,-0.7893194330737304,-0.9668800690241863,0,sac,0,-0.30071117116463597,-0.17278346425849067,1.5630783164131967,1.4876041529750679,1.2203540473732806,-0.3056994001523774,0.34078087103686655,1.563304433121448,1.4164800479015383,1.3996391217112434,-0.02475496661969393,0.01029919430632607,-0.0023351993005620774,0.0020800151683153315,-0.001783717128744788,0.014394644694741079,-0.5579708726110152,2.867190822215216,9.913317953144322,1.0,-0.4824105203151703,2.0394590016792336e-06,8.175288739309394e-07,0.975157618522644,-0.940049946308136,0.8553001880645752,1,0.06955440755782163,1.8048018362433629,-9.0,-9.0,0.06955440755782163,0.022918358159974832,-7.027493991278463,-3.5604278389749995,0.0045273934463885114,-0.0007905388407101098,-0.0038364820981075043,-0.022918358159974832,0.043382665397264986,0.10301293123545721,1.2097649430662496,0.0,-0.9562487134432989,-0.6841370075958668,0.28473877563109434,0.13042266558751478,12.03201224162242,-30.0,-30.0,44.09973161657847,1.781883478083388,-1.9725060087215374,-5.4395721610250005,0.13042266558751478,12.98826095506572,-69.15237791450417,-95.76876827245468,118.83778978238409,2.579999999999989
1.278802677280681,-1.3771080451494813,1.4401594706508816,1.396802658234886,-1.4882356713222413,1.5466640802570368,1.639841079711914,-1.9779689311981201,1.9320294857025146,1.278802677280681,-1.3771080451494813,1.4401594706508816,0,0.0,-1.5707963267948966,nan,0.0026160722866889353,-0.3598584121007199,-0.13340217261876286,0.12791050537124926,-1.5707975478445575,0.00265310721461935,-0.3488353954624516,1.5784049443389347,-0.1481133848521646,0.5804211526943315,-0.00016873347331346558,0.5703499076874452,-0.10765532418303414,0.018382818956014742,3.7034927930414824e-05,0.011023016638268268,-0.014711212233401744,0.009752819524256313,-0.00010156100730907258,0.009150875864441327,-0.003371742123605347,0.5184294788497749,0.0037850504237611987,-0.028333953032199814,0.3298275056005846,-1.5707983635957092,1.5780680276173118,0.8400842097388259,-0.7893194330903386,-0.9668800690168058,0,sac,0,-0.3298275056005844,-0.20191700022933556,1.5631942196246031,1.4875778735312435,1.2203774550720394,-0.30571947342581157,0.3592194569996911,1.5635309202333265,1.4197686893579051,1.393581706414667,0.0015925939884688083,0.012927413776211958,-0.002931111571489074,0.002610807791546694,-0.002238898373714261,0.02832998874162564,0.9236681979990464,-3.0187852738663223,-2.613560370058525,1.0,-0.5906594395637512,2.036800812454942e-06,8.157511519613081e-07,0.819920539855957,-0.9889844655990601,0.9660147428512573,1,-0.030691549260307812,0.32557924404362076,-9.0,-9.0,-0.030691549260307812,0.40650935447092496,-8.119537425705,-5.692012142346622,0.004661464663170649,-0.0007905388407267437,-0.003836482098078219,0.01814813029465165,-0.02319906409710032,0.006718240985739249,1.2750458508072013,0.0,-1.001599561350682,-0.7233184775520938,0.3151993343814386,-0.05755025175381176,2.1705282936241383,-30.0,-30.0,42.481931513349295,-0.08093011042730419,-0.8804625742950005,-3.3079878576533783,-0.05755025175381176,3.1721278549748204,-34.828408093433325,-60.60506595126996,69.97183530850322,2.5899999999999888
1.2649276149405948,-1.4425989749483095,1.5040159183098563,1.2371774902604222,-1.573580834545966,1.6317288136278056,0.5749993324279785,-1.9276208877563477,1.9846055507659912,1.2649276149405948,-1.4425989749483095,1.5040159183098563,0,0.0,-1.5707963267948966,nan,0.0025072194644362236,-0.36053088749940787,-0.13670728929406226,0.1278892004569916,-1.5707975467540631,0.0026030036129295903,-0.3488320893005337,1.5782613928846916,-0.14810607038693635,0.3381173206049785,0.005874922056295188,0.06757815606058815,0.33124311405276496,0.016334113514493143,9.578414849336671e-05,0.01169879819887415,-0.011398781092874094,0.00653971192314548,-2.849076584054977e-05,0.006539530745412972,-3.9470796691113905e-05,8.697454087706856,0.06055047097998978,-0.03222528514390068,0.2737587199238669,-1.570798002451987,1.5777529927003615,0.5722944078269024,0.7891812356874012,-0.14827728394972017,0,sac,0,-0.27375871992386713,-0.1458695194668751,1.5633377712327527,1.4875453251973665,1.220406446613854,-0.30574433512418325,0.23955274273406021,1.5638460478048388,1.4367849886545543,1.3314169334189414,-0.09962466536970525,0.015827598653940813,-0.0035886882222969205,0.003196526281476481,-0.0027411812988702698,0.03222362797302874,2.1421612443210454,-7.995204170758961,-14.55070778167595,1.0,-0.35309696197509766,1.6756570904163937e-06,4.556979238401482e-07,0.28749966621398926,-0.9638104438781738,0.9923027753829956,0,-0.08865459414948351,-1.822201324529361,3.5562709331527693,0.3950663190105936,-0.08865459414948351,0.19866392793605725,-4.430888049338286,-5.110111171612999,0.0031755508889336815,0.0007904004298247318,-0.0005883492313614695,0.04618988013619878,-0.07428556253014099,-0.10755723247472374,1.3435733417471354,0.0,-1.0542946808289173,-0.7625441440402685,0.33493055850326686,-0.1662377538898997,-12.14800883019574,11.854236443842565,1.316887730035312,17.025242097819778,-2.020865252465418,7.987158982491055,5.505177490623593,-0.1662377538898997,-11.093714149366823,12.616780587882833,0.981957171532045,16.829899610757643,2.5999999999999885
1.2698155615855442,-1.4213804550370335,1.5525248086204102,1.279591454875443,-1.3789434152144817,1.649542589241518,1.9918937683105469,1.8898074626922607,1.9487080574035645,1.2698155615855442,-1.4213804550370335,1.5525248086204102,0,0.0,-1.5707963267948966,nan,0.002367529695876523,-0.35508324684260495,-0.1407085318157174,0.127863394192131,-1.5707975454331737,0.0025423153502447155,-0.3488280746267879,1.578087511552199,-0.14809721041983917,0.6761673391376012,0.007900150587482595,-0.5443625983057088,0.4010102488752332,0.009682473908537496,0.00017478565436819266,0.006255172215817062,-0.007388678604121762,0.002741416157996233,3.361433325087387e-05,0.0007293123772895106,0.002642411036204483,12.52603878409397,0.0836046040295608,-0.02455681076728218,0.1588443214901465,-1.5707975038216107,1.577466926481065,-0.2990700785614352,0.7893201491650177,0.9671296848035766,0,sac,0,-0.1588443214901467,-0.030980927298015715,1.5635116527516078,1.48750589997738,1.2204415635546506,-0.30577444965880884,0.04104107626824988,1.5641321874616565,1.4613904445609498,1.2402589001578506,-0.28109164114199203,0.01899213190766042,-0.0043062021967786345,0.0038356323098317304,-0.003289246710712732,0.024550341411130286,2.526218355013551,-9.245594594716005,-19.24569402719876,1.0,-0.172268807888031,1.1770267143162982e-06,-4.161156308413183e-08,0.9959468841552734,0.9449037313461304,0.9743540287017822,1,-0.08222409806259333,-4.298941224946643,9.0,9.0,-0.08222409806259333,-0.6000694270418547,1.301574788495667,-1.7139243952966574,-0.001659481974383513,0.0007905395579076757,0.0038374725482157607,0.05875333253730266,-0.09439141682231557,-0.16067806294380124,1.3515988179083247,0.0,-1.0698948659720233,-0.7599640586676425,0.32341764001255513,-0.15417982010611914,-28.659608166310953,30.0,30.0,51.19957921373383,-3.698871797904788,7.698425211504333,10.713924395296658,-0.15417982010611914,-27.58971330033893,56.36258372738038,64.61295220143388,90.0710302373775,2.6099999999999883
1.2932019200065068,-1.343767913204976,1.5815060219420736,1.3399746368484318,-1.1885428295408613,1.6394684485854003,1.5371224880218506,-0.5668951272964478,1.606576919555664,1.2932019200065068,-1.343767913204976,1.5815060219420736,0,0.0,-1.5707963267948966,nan,0.0022463526444218627,-0.34608840793952517,-0.14197156286167875,0.12783269986117984,-1.5707975438620994,0.002470133801526363,-0.34882328528449236,1.5778806946708261,-0.14808667213021243,0.9079943310241304,0.004899550273630747,-0.8990049560784252,0.12735693355880873,0.006702551265331454,0.00022378115710450014,-0.0027348773449671904,-0.006115109268533675,0.006084093289396763,5.4975923037135896e-05,-0.005497428317135061,0.0026060411930609456,10.349432967081677,0.0672415270915793,-0.01221701346763956,0.04237134686869637,-1.5707971253621218,1.5772905704198206,-0.7338649646025329,0.7893194331097335,0.9668800450164827,0,sac,0,-0.04237134686869659,0.0854613529924837,1.5637184698545532,1.4874590070710245,1.2204833321336674,-0.3058102683061777,0.1578533897611206,1.564308512489121,1.482789710350215,1.1634855020880326,-0.45293874803388917,0.022413462453846292,-0.005081941391594829,0.0045266008671989875,-0.0038817868373303113,0.012209923196268797,1.7223427540847371,-6.116888008629022,-14.744196656769038,1.0,-0.1788662225008011,7.985672252353027e-07,-4.184999777834264e-07,0.7685612440109253,-0.2834475636482239,0.803288459777832,1,-0.027086817117334957,-4.5,9.0,9.0,-0.027086817117334957,-1.5953340501344453,5.324024237355931,1.967417799617618,-0.004072074632967101,0.0007905388407461686,0.0038364820028473703,0.046816079623415933,-0.07253845412762812,-0.13762833423213516,1.305225156746147,0.0,-1.0493806416399536,-0.7217697075366555,0.2854145547038101,-0.05079095652978616,-30.0,30.0,30.0,51.961549050439835,-2.9046659498655547,3.675975762644069,7.032582200382382,-0.05079095652978616,-35.52416712754119,71.55068242906255,95.13742807559599,124.22801377600184,2.619999999999988
1.3053374154549837,-1.304640011189769,1.53545560762212,1.3296084063519378,-1.2263842071593547,1.443354778982213,1.1671879291534424,-1.819291591644287,-1.6293991804122925,1.3053374154549837,-1.304640011189769,1.53545560762212,0,0.0,-1.5707963267948966,nan,0.0021729259912806474,-0.3379350020463764,-0.14153146387267462,0.12779674190653512,-1.570797542021624,0.002385576837782529,-0.3488176549715335,1.5776384117509434,-0.14807432651216804,0.8159003844546264,-0.0011130310602618532,-0.814777558018992,-0.04277533709597381,0.012699858526425689,0.0002126508465018816,-0.01088265292515711,-0.006542862639493413,0.009195756565650866,2.9178765287588113e-05,-0.009080730766754794,0.001449626212539008,3.939516693296784,0.025346951566396138,-0.001643749422792852,-0.02519420842846487,-1.5707970007949295,1.577230113947276,-0.8297446521100512,0.7893194330948924,0.9668800690168575,0,sac,0,0.02519420842846465,0.152990950335,1.5639607530338813,1.48740407272431,1.220532263406643,-0.3058522293221679,0.24825925288253098,1.5643689514237247,1.489744509065747,1.1373027606187682,-0.5397322460813639,0.02608410515730167,-0.00591420865627371,0.005267920263024304,-0.004517505328400417,0.0016460392907356376,-0.09087353212012744,-0.009948175971218554,-4.04041994193296,1.0,-0.3393203616142273,6.740000326743711e-07,-5.412266945725719e-07,0.5835939645767212,-0.9096457958221436,-0.8146995902061462,1,0.04040135469786994,-4.235835522651405,9.0,9.0,0.04040135469786994,-2.411617295306753,7.363074609416042,4.650770163802625,-0.004604092459336067,0.0007905388407313046,0.0038364820980784243,0.011850091284255307,-0.01938979858307094,-0.058626693956405254,1.2406844277808966,0.0,-1.0067082567054415,-0.6814635092843537,0.2478786411390767,0.07575727488818665,-28.238903484342696,30.0,30.0,50.96509991320257,-1.8242182273446517,1.6369253905839578,4.349229836197375,0.07575727488818665,-27.232195227637256,50.63291944458806,79.51043160446432,98.11829320514697,2.629999999999988
1.2675149308211069,-1.295482251852978,1.4594793187807273,1.191869961553353,-1.2771667331793966,1.3075267410979419,-0.32170939445495605,-1.8352054357528687,-0.1850595474243164,1.2675149308211069,-1.295482251852978,1.4594793187807273,0,0.0,-1.5707963267948966,nan,0.0021543856778747056,-0.3344428074181887,-0.14159974301112097,0.1277551558306067,-1.5707975398930982,0.0022877886361076637,-0.3488111169408966,1.5773582068244385,-0.14806004833857578,0.3487534638339163,-0.007924788826892343,-0.348565659755079,0.008255731203860028,0.015754417152454257,0.00013340295823295817,-0.0143683095227079,-0.006460305327454813,0.008424788542331887,-3.3320442035327435e-05,-0.008362790415200685,0.0010196510199949648,-4.85383986410598,-0.03131410296475326,0.0026720212559131758,-0.01319396970536979,-1.5707971730642727,1.5772417462989536,-0.8268585760360297,-0.641041552991578,0.9668800690167936,0,sac,0,0.013193969705369568,0.14094912553597627,1.564240958260273,1.4873405400799864,1.220588853379004,-0.3059007580562624,0.20019844861772404,1.5643574076834392,1.4769599477634106,1.1768357345512193,-0.5009835947294924,0.029996640831157516,-0.006801321793211072,0.006058092125613237,-0.005195117255189203,-0.002660914098450472,-1.9882177470469722,6.406234287695215,9.271957413394542,1.0,-0.30351459980010986,8.46269376353348e-07,-3.6682882553762397e-07,-0.16085469722747803,-0.9176027178764343,-0.0925297737121582,0,0.11282854886480015,-1.1982161027641267,0.8417578393119748,8.936044977782975,0.11282854886480015,-2.566996640697066,5.5559115133437516,6.320812352106426,-0.00458807818186446,-0.000642031888376975,0.0038364820980781706,-0.04021175169456218,0.05574454005378705,0.05898559533759229,1.1875338117739689,0.0,-0.9645083810573645,-0.6542040328058228,0.22798513205275386,0.211566752043503,-7.988107351760845,2.8058594643732495,29.78681659260992,30.967433048436877,1.3687805379329394,-4.714153674031777,2.6152326256765495,0.211566752043503,-7.02359897070348,3.4600634971790725,29.558831460557165,30.578951252617745,2.6399999999999877
1.1791178251205379,-1.2734183607277978,1.4228920288557434,1.0023236137193998,-1.2292905784774375,1.3497174490057757,-1.098752498626709,-0.6985948085784912,1.8173913955688477,1.1791178251205379,-1.2734183607277978,1.4228920288557434,0,0.0,-1.5707963267948966,nan,0.002176478606714366,-0.338483234313893,-0.1414351964976082,0.12770758809795146,-1.5707975374584355,0.0021759394915669295,-0.3488036036928163,1.5770376977852323,-0.14804371612498018,0.40528665615073,-0.013394207338039482,0.40479401437845675,-0.014821429991718205,0.012254899268187576,-5.39115147436646e-07,-0.010320369378923333,-0.006608519627371995,0.0029315754761689416,-0.00011131133556444012,-0.002871484655591691,0.0005799314026257631,-12.021180591975094,-0.0773839812738751,-0.005287052048600346,0.08270468530440978,-1.5707975792849458,1.5772296825047847,-0.06485669083743173,-0.7894361367813751,-0.9673919589512276,0,sac,0,-0.08270468530440978,0.045002902793541466,1.564561467642283,1.4872678690280154,1.220653583139055,-0.3059562670657645,0.0671455962890013,1.564369554757049,1.4517759048206953,1.2630344340522024,-0.3440702831626534,0.034143716236872526,-0.007741613557670311,0.006895631402130852,-0.0059133491105515705,0.005292595732797379,-2.6415138097579685,9.39737362909055,18.77728948075964,1.0,-0.2145347148180008,1.2524900494526037e-06,4.182651025530504e-08,-0.5493762493133545,-0.3492974042892456,0.9086956977844238,1,0.1792929314562687,1.6588474065307186,-9.0,-9.0,0.1792929314562687,-1.94716673171501,-0.004209644896229728,3.7776101972328737,-0.0003598772230260848,-0.0007906557247115448,-0.003838513225446056,-0.061045316577304734,0.09304618158232907,0.14883946219263167,1.1594015316020798,0.0,-0.9390854396683572,-0.6408649301371458,0.22720605142567715,0.3361952586841716,11.058982710204791,-30.0,-30.0,43.845343262843436,3.6060141382457287,-8.99579035510377,-12.777610197232875,0.3361952586841716,11.998068149873149,-49.772131420965735,-38.71721948849288,64.18999001158187,2.6499999999999875
1.1649692392178388,-1.2766847799611436,1.4444985304002997,1.1366720674124409,-1.283217618427835,1.4877115334894124,1.4914295673370361,-1.4256161451339722,1.852095603942871,1.1649692392178388,-1.2766847799611436,1.4444985304002997,0,0.0,-1.5707963267948966,nan,0.002177388933121817,-0.34736792041284714,-0.13848868803168637,0.12765369603739773,-1.5707975347001077,0.0020492256307838726,-0.3487950466607291,1.5766745757297924,-0.1480252120934699,0.9363721017250808,-0.012762418719050768,0.8893243131041395,-0.29280044344115186,0.009643568133239671,-0.00012816330233794433,-0.001427126247881938,-0.009536524061783513,0.004304231952663627,-0.0001590089213087425,0.004007412997962052,-0.0015626163729590102,-12.74011340195748,-0.07993614319509633,-0.02511697455781544,0.21251489120796774,-1.5707980447909882,1.5770671736440858,0.6367577425219012,-0.7893194311163357,-0.9668790356061067,0,sac,0,-0.21251489120796752,-0.08486119517057,1.5649245900858217,1.4871855360560422,1.2207269189911665,-0.3060191562300144,0.2100257688731186,1.564531984969519,1.429179675169505,1.3494002459890437,-0.15049049496760805,0.03851804408423311,-0.008733431657782408,0.007779066358601718,-0.006670938808931164,0.025110535283895462,-1.8709285257554358,7.60278546260613,18.47222111161213,1.0,-0.25237566232681274,1.7179960916102743e-06,5.10090880645464e-07,0.7457147836685181,-0.7128080725669861,0.9260478019714355,1,0.17796071782052345,2.4163895788814123,-9.0,-9.0,0.17796071782052345,-0.9534020981938612,-4.574589182178991,-0.3170256528436185,0.0035332454548680893,-0.0007905388387496913,-0.003836477997609325,-0.04936602118138682,0.08394263516748425,0.16212003434749958,1.1853725019957273,0.0,-0.9530799565645693,-0.6582645552008556,0.25186174828407154,0.33369720198860575,16.109263859209417,-30.0,-30.0,45.38303356881563,3.3697916770752734,-4.425410817821009,-8.682974347156382,0.33369720198860575,17.062343815773986,-78.83317800447836,-92.57045054784176,122.78107834363762,2.6599999999999873
1.2057326660729926,-1.3174625825586466,1.4797559149859216,1.2872595197833003,-1.3990181877536527,1.5502706841571652,1.9488303661346436,-1.9077609777450562,1.8251097202301025,1.2057326660729926,-1.3174625825586466,1.4797559149859216,0,0.0,-1.5707963267948966,nan,0.0021001529865693606,-0.3562692151593256,-0.13426935229742457,0.12759314774418073,-1.5707975316011409,0.001906869027117391,-0.3487853758930929,1.5762666042976505,-0.14800442213651618,0.9850752952839439,-0.006512065711402519,0.8910965514114633,-0.4198545777308105,0.015642805130043395,-0.00019328395945196952,0.007483839266232695,-0.013735069839091618,0.009414390987620001,-0.0001491557307489119,0.008597036592043597,-0.0038339890546047316,-7.882844513340182,-0.046506638868877126,-0.04640438049466939,0.3143137486470382,-1.5707983725131989,1.576693239384078,0.8025236777492023,-0.7893194330756389,-0.9668800690192978,0,sac,0,-0.314313748647038,-0.18672060090285747,1.5653325619536393,1.4870930340998658,1.2208093125889632,-0.30608981286460424,0.3525472672282118,1.5649057453546542,1.4183621479912927,1.3990955884136376,-0.009813822266362422,0.04311240303135339,-0.009775138754545937,0.00870693857990991,-0.0074666356863603706,0.04639476102339562,-0.5260703144769034,2.96872389235734,10.325635280218066,1.0,-0.5199190378189087,2.0457183023125936e-06,8.409120582086871e-07,0.9744151830673218,-0.9538804888725281,0.9125548601150513,1,0.09135150733925514,1.625489861150461,-9.0,-9.0,0.09135150733925514,-0.10773687285701553,-7.020709857908123,-3.5653440472137694,0.004453048541822584,-0.0007905388407120213,-0.003836482098088107,-0.02205267718764973,0.044276330073293076,0.10643783049932906,1.2429928037647835,0.0,-0.9890195142747498,-0.6950946306705302,0.28933538499080075,0.17129478218498995,10.836599074336407,-30.0,-30.0,43.788825302813414,1.7332267340074765,-1.9792901420918767,-5.434655952786231,0.17129478218498995,11.825618588611157,-69.59977523919153,-98.5398212125516,121.21922155686912,2.669999999999987
1.2650955702018296,-1.3921432967854404,1.537210791543913,1.3838213784595037,-1.541504725239028,1.6521205446598959,1.677988052368164,-1.975576639175415,1.9623966217041016,1.2650955702018296,-1.3921432967854404,1.537210791543913,0,0.0,-1.5707963267948966,nan,0.001931780371913257,-0.36211232789958425,-0.1330573957375632,0.12752562198207062,-1.5707975281451094,0.0017481172173311845,-0.3487745197330179,1.5758116190119176,-0.14798123578079894,0.5973459554079291,0.0009620804869896974,0.5853968900333684,-0.1188770204144124,0.02001628987796096,-0.00018366315458207255,0.013337808166566378,-0.014923840043235742,0.010181742908461579,-9.28589344652314e-05,0.009616982726868485,-0.0033425901788000922,0.27113177822700696,0.0014613613275943982,-0.062479653017154406,0.346023657089056,-1.5707983793211975,1.5761330693354942,0.8320246128368453,-0.7893194330907434,-0.9668800690167971,0,sac,0,-0.3460236570890558,-0.21849803510698518,1.5657875477248084,1.486989872393911,1.2209012010685134,-0.30616861183559474,0.3754587026442853,1.5654658481896075,1.421659894562734,1.394288071759216,0.02038631611589453,0.04791963768467527,-0.010865112461827078,0.009677802969799015,-0.008299200500460333,0.062475535828359914,0.9019934148143933,-2.8759846813310634,-2.245126980095677,1.0,-0.6553024053573608,2.0525263009218975e-06,8.51176087834915e-07,0.838994026184082,-0.9877883195877075,0.9811983108520508,1,-0.001588408668295804,0.21735727808328761,-9.0,-9.0,-0.001588408668295804,0.26479754928980614,-8.117437741586233,-5.69636944811636,0.004616743520072789,-0.0007905388407271492,-0.003836482098078185,0.017935924163503134,-0.02194544700174835,0.009772102816526303,1.321555566622479,0.0,-1.0434911938953153,-0.7429098968654464,0.3251463194827257,-0.002978452406330028,1.4490485205552508,-30.0,-30.0,42.45114545552454,-0.04744027120651853,-0.8825622584137669,-3.30363055188364,-0.002978452406330028,2.492539714450566,-35.52033930550398,-63.298937505988846,72.62687351707014,2.679999999999987
1.2412562454473206,-1.4572493362987167,1.5892386589437097,1.1935775959383028,-1.5874614153252693,1.693294393743303,-0.15813755989074707,-1.9139916896820068,1.9858417510986328,1.2412562454473206,-1.4572493362987167,1.5892386589437097,0,0.0,-1.5707963267948966,nan,0.0016925330076646428,-0.36292117135500757,-0.13641007554200438,0.1274508080855028,-1.5707975243161316,0.0015722431196878053,-0.3487624044975795,1.5753075266197982,-0.1479555461510365,0.3477264640055854,0.00633732666052351,0.0820958690861684,0.33783694342036097,0.01826973016123056,-0.00012028988797683745,0.014158766857428062,-0.011545470609032132,0.00694640193814653,-1.9622382584335858e-05,0.006946333414053861,2.3810694790569673e-05,8.607264991014723,0.04020676428064391,-0.06865926405072172,0.29170882816558086,-1.5707980189398867,1.575462398922541,0.5863786243423602,0.7892180129053608,-0.3084320191594383,0,sac,0,-0.29170882816558086,-0.16425802008007828,1.5662916406542085,1.4868755763216999,1.2210030071815166,-0.30625591567373067,0.25902296726957,1.566136617402146,1.4381395982127037,1.3336019094338785,-0.07813497145718892,0.052932658598968285,-0.012001745346359578,0.010690227750872111,-0.00916740543044092,0.06865783341970277,2.070202478225788,-7.8604772453485525,-14.397633663113147,1.0,-0.41676896810531616,1.6921449903506414e-06,4.946237552871935e-07,-0.07906877994537354,-0.9569958448410034,0.9929208755493164,0,-0.049239333426099645,-1.83231281974193,3.2202947041883596,-0.39167538449595785,-0.049239333426099645,0.07530347163229317,-4.541711953544869,-5.267679040523733,0.0032537014800698505,0.0007904372638592583,-0.0012238269852667073,0.04483296079046049,-0.07290519100660132,-0.10570750756300473,1.3863092202744822,0.0,-1.0923079541325857,-0.780864813201696,0.34491554192324886,-0.0923295207689849,-12.215418798279535,10.734315680627866,-1.3055846149865262,16.314259574863616,-1.9076162913742232,7.762006657733229,4.876003656027775,-0.0923295207689849,-11.123110844146948,11.515180493829561,-1.650500156909775,16.09520587519827,2.6899999999999866
1.2402458316094767,-1.4358434807427967,1.6286816091415715,1.2382250039337885,-1.3930317696309567,1.7075675095372946,1.9961543083190918,1.9075837135314941,1.9498662948608398,1.2402458316094767,-1.4358434807427967,1.6286816091415715,0,0.0,-1.5707963267948966,nan,0.001428460968780147,-0.35737217148252143,-0.1406546641995742,0.1273684058617086,-1.570797520098867,0.001378544853411256,-0.3487489541585791,1.5747523044331073,-0.1479272499338368,0.6993197141406743,0.007037377260794646,-0.5535549533485729,0.4272884874769539,0.011280641466544023,-4.991611536889098e-05,0.008623217323942334,-0.007272585734262593,0.0030097816364130824,3.3774483130539405e-05,0.0009388609130295397,0.0028594029043078235,12.768978714739198,0.05112711983411883,-0.06352415414686269,0.1757103865170726,-1.5707975106757168,1.5747965410021505,-0.2574058026402859,0.7893199574157983,0.9673430545109354,0,sac,0,-0.1757103865170726,-0.04834198065536377,1.5668468634320072,1.4867496872663224,1.2211151394284931,-0.3063520746886568,0.05644409585779665,1.5668025629768667,1.4618868998877668,1.2432291950309131,-0.2607588258106088,0.05814444227732979,-0.013183444927744805,0.011742794464591803,-0.01007003407710077,0.06351800052038015,2.4361419021361512,-9.208743249799527,-19.54168241659804,1.0,-0.20096886157989502,1.1838808200437256e-06,-9.423150260090551e-09,0.9980771541595459,0.9537918567657471,0.9749331474304199,1,-0.0349438596066566,-4.2238530281602165,9.0,9.0,-0.0349438596066566,-0.683654922942586,1.1909319472685334,-1.9198005334787143,-0.0014282949723287914,0.0007905393658622259,0.0038383191775845783,0.056858263697736215,-0.09384807662738871,-0.16237001560527076,1.39139574591935,0.0,-1.1048881982678918,-0.7774371112453582,0.33285992421628113,-0.06552383200198125,-28.159020187734775,30.0,30.0,50.920867149979046,-3.5401981052176303,7.809068052731467,10.919800533478714,-0.06552383200198125,-27.054131989466885,55.23689411257519,62.959607711105264,88.01679967719892,2.6999999999999864
1.2472534179233283,-1.3575192822260578,1.6381669003248585,1.2612685905510317,-1.2008708851925798,1.6571374826914327,1.3541250228881836,-0.42653942108154297,1.4539246559143066,1.2472534179233283,-1.3575192822260578,1.6381669003248585,0,0.0,-1.5707963267948966,nan,0.0011885306740617367,-0.34789712502317593,-0.14204145610025629,0.12727812549284723,-1.570797515478508,0.001166345559479663,-0.34873409002642825,1.5741439996687858,-0.1478962473415798,0.9565874758556003,0.002773100078681725,-0.9460182327194644,0.14177944929390784,0.005914353986316401,-2.2185114582073734e-05,-0.0008369650032523102,-0.005854791241323515,0.006345257804666444,4.0931212485727274e-05,-0.005670844211729599,0.0028464270884422417,10.852231786486835,0.03714418021974771,-0.05360428743664723,0.055150146416231616,-1.570797118816218,1.574216255272893,-0.7151256601694426,0.7893194331038572,0.9668799941809055,0,sac,0,-0.055150146416231394,0.07212797907661539,1.5674551688431457,1.4866117624609085,1.2212379921919718,-0.30645742708313384,0.14241262829874923,1.5673828261837583,1.4824401158796403,1.1662397175673596,-0.4377553273657129,0.0635480311711848,-0.0144086336784517,0.012834097971280186,-0.011005881462827247,0.05359712186883431,1.6436493962453433,-6.172896878910608,-15.38154283456203,1.0,-0.16123966872692108,7.920213214163141e-07,-3.9666229012524923e-07,0.6770625114440918,-0.21326971054077148,0.7269623279571533,1,0.01896178430230134,-4.5,9.0,9.0,0.01896178430230134,-1.6455681691176318,5.262128465446569,1.8108930304629092,-0.003968093860070054,0.0007905388407402832,0.0038364818011369533,0.045077260140373034,-0.07291492513470818,-0.14236116027175438,1.337018291905068,0.0,-1.0768236530239528,-0.7363380193230881,0.29304445819064157,0.03555556778980187,-30.0,30.0,30.0,51.96153639181968,-2.854431830882368,3.737871534553431,7.189106969537091,0.03555556778980187,-34.964100378265,71.1613259905358,95.77315741457362,124.33391161444167,2.709999999999986
1.2515296023373963,-1.3174220237070537,1.578935711017081,1.2600819711655324,-1.2372275066690457,1.4604733324015262,1.2407622337341309,-1.829161524772644,-1.7414798736572266,1.2515296023373963,-1.3174220237070537,1.578935711017081,0,0.0,-1.5707963267948966,nan,0.0009929288195750176,-0.3389888583244382,-0.14141221131259765,0.1271796874381319,-1.5707975104407792,0.000934993222726781,-0.3487177304387486,1.5734807287894144,-0.1478624420763559,0.8911893086967824,-0.003575048226616285,-0.8891907111058084,-0.05954395224347375,0.011673036710972938,-5.7935596848236585e-05,-0.009728872114310394,-0.006450230763758252,0.009806440206677824,3.4477180885715927e-06,-0.00969134832872389,0.001498007079999298,4.58129232261246,0.013438706419215676,-0.045258893104856326,-0.018362229737825864,-1.5707969801390407,1.5737292648260781,-0.8219181282467676,0.7893194330946967,0.9668800690171749,0,sac,0,0.018362229737825864,0.145541917175958,1.5681184404268207,1.4864613748390993,1.2213719458696792,-0.30657229906725436,0.24005351075377987,1.5678697984807026,1.4887094139862433,1.1391455525927994,-0.5320925703757701,0.06913653368028608,-0.015675749023816812,0.01396274645011887,-0.011973754031596473,0.045260901540505154,-0.15343449739858334,-0.1191380566320206,-4.853884586085822,1.0,-0.3139383792877197,6.533441441192167e-07,-5.303017385216435e-07,0.6203811168670654,-0.914580762386322,-0.8707399368286133,1,0.07667852724783286,-4.182724270325862,9.0,9.0,0.07667852724783286,-2.434519476447493,7.334337171221047,4.550188635343826,-0.004560664593413553,0.0007905388407311086,0.0038364820980796837,0.010469966041154577,-0.020345455112670073,-0.06502412743631851,1.2651599551630954,0.0,-1.0278112788380822,-0.6928957298167012,0.2532374278089493,0.14378122491624387,-27.88482846883908,30.0,30.0,50.76991561719614,-1.7482047938783687,1.6656628287789532,4.449811364656174,0.14378122491624387,-26.857017190000995,50.97591052767887,82.03705487938505,100.24939836624358,2.719999999999986
1.2152240811312007,-1.3077927464475871,1.4882746103062443,1.1426130387188098,-1.2885341919286541,1.306952408884571,-0.20487606525421143,-1.8770744800567627,-0.4540899991989136,1.2152240811312007,-1.3077927464475871,1.4882746103062443,0,0.0,-1.5707963267948966,nan,0.0008343348306563685,-0.33461442410961234,-0.141120623175252,0.12707282233596406,-1.5707975049719296,0.0006838604952417253,-0.34869979045518873,1.572760676843732,-0.14782574129396048,0.4364925310804627,-0.009253873856640657,-0.4356494231265995,-0.02548873549502173,0.015600602443513105,-0.00015047433541464316,-0.014085366345576389,-0.00670511811870847,0.009385402064399587,-5.928907891609131e-05,-0.009348682298989719,0.0008272822904629475,-4.167507448776899,-0.010434447721963114,-0.042932508542461015,-0.01311488990816434,-1.5707971380656982,1.5732935544760767,-0.813392310893965,-0.6012403974301845,0.9668800690167971,0,sac,0,0.01311488990816434,0.14018771224412863,1.5688384931359682,1.4862981128855175,1.2215173670077284,-0.3066970049726587,0.20032110403902353,1.5683055957982,1.475301765914728,1.1775706346716401,-0.5018277965308311,0.07490312415271416,-0.016983243342044277,0.015127361399148977,-0.012972469648973311,0.04294379191852835,-2.0546982813577963,6.305475131656741,8.418297362316864,1.0,-0.35051238536834717,8.112708016483339e-07,-3.6690623161916847e-07,-0.10243803262710571,-0.9385372400283813,-0.2270449995994568,1,0.13458393215934128,-1.1365664777765476,1.0946814816428367,9.0,0.13458393215934128,-2.56515138920654,5.627301137563783,6.274429639534548,-0.004513356483281247,-0.0006021692446132207,0.003836482098078185,-0.04154610300734173,0.0547195571460242,0.05204188583369371,1.203758025834667,0.0,-0.9784420833063574,-0.6620206666994981,0.23111276736528819,0.2523606453390986,-7.577109851843651,3.6489382721427894,30.0,31.157519639986276,1.4285849114299924,-4.532619655920946,2.7255703604654524,0.2523606453390986,-6.598667768537293,4.310958938842288,33.257816017176104,34.180005784370024,2.7299999999999858
1.1332808727082653,-1.2699298809201873,1.4388750404752881,0.9693944558623945,-1.194204149865388,1.3400759008133756,-1.3226046562194824,0.053955078125,1.778360366821289,1.1332808727082653,-1.2699298809201873,1.4388750404752881,0,0.0,-1.5707963267948966,nan,0.0006809306964925924,-0.3377258958261909,-0.1407388963343947,0.12695727090606201,-1.5707974990587308,0.00041234452106262776,-0.34868018155987374,1.571982096807148,-0.14778605556796995,0.31519213710349375,-0.011811184001532147,0.3131080611893544,-0.034204111486677014,0.013028083808916964,-0.00026858617542996463,-0.010954285733682845,-0.00704715923357524,0.004152005062892272,-0.0001180583298507442,-0.004137744467600758,0.00032292258186015794,-11.356109612858578,-0.0229799768851252,-0.05255670472149886,0.07601016789941051,-1.5707975299104202,1.5728159518408296,-0.024036741252055543,-0.7894183962433176,-0.9691236501634909,0,sac,0,-0.07601016789941051,0.050947103006651506,1.5696170739967465,1.48612158048624,1.2216746084338062,-0.3068318473667507,0.07223290080642734,1.5687832901629986,1.4493175413799149,1.2630775294040715,-0.35318006851945305,0.08084104288487716,-0.018329583964205805,0.016326577635271105,-0.01400085760211136,0.05256331966684859,-2.7304135338356246,9.3489971186591,17.974716449050074,1.0,-0.22939074039459229,1.2031155236513769e-06,3.0851689203359456e-08,-0.6613023281097412,0.0269775390625,0.8891801834106445,1,0.18735045941678946,1.7848305730258407,-9.0,-9.0,0.18735045941678946,-1.916669124044135,0.07419122447065211,3.761993268064767,-0.00013337522437074172,-0.0007906379567663987,-0.0038453844006291404,-0.06284201857416268,0.09249953996478712,0.14222191799061099,1.1600059453832825,0.0,-0.9410816836940337,-0.6395588336421378,0.2257067926547056,0.35130406791072466,11.898870486838938,-30.0,-30.0,44.06479925530919,3.7014996970699756,-9.074191224470653,-12.761993268064767,0.35130406791072466,12.839952170532971,-48.8351313798189,-34.481403900305594,61.14593247395845,2.7399999999999856
1.0963767331892953,-1.2754826126496783,1.4623509530972842,1.0225684541513556,-1.2865880761086603,1.5093027783412767,1.1404051780700684,-1.491316318511963,1.884319543838501,1.0963767331892953,-1.2754826126496783,1.4623509530972842,0,0.0,-1.5707963267948966,nan,0.0004746401476550381,-0.345739268541477,-0.13789612903965645,0.12683278385159102,-1.5707974926884705,0.00011986676217552409,-0.3486588113728215,1.5711433089222608,-0.14774329885390394,0.8509088141142342,-0.008618721004954942,0.8034742902338354,-0.2800010580672252,0.010276981456134216,-0.00035477338547951404,-0.0029195428313444904,-0.009847169814247492,0.003075989722924786,-0.00013592312523146957,0.0025934089259929917,-0.001648474392323426,-12.12384571175812,-0.016719518034083513,-0.07382978411397967,0.19945128415175795,-1.570797978047543,1.5721719241242118,0.6623787886260126,-0.7893194318407069,-0.9668758402192825,0,sac,0,-0.19945128415175795,-0.07261850030016692,1.5704558627680196,1.4859313967792687,1.2218440093903633,-0.30697711716691356,0.19844543387131297,1.5694272601819554,1.4257694741600457,1.3491868478687146,-0.16717770101602697,0.08694359612151109,-0.01971325317424073,0.017559043294245392,-0.015057758599752976,0.07382497018597393,-1.9666631372439685,7.58842278001521,17.745616883665075,1.0,-0.2520727217197418,1.6512526466172517e-06,4.853590724884782e-07,0.5702025890350342,-0.7456581592559814,0.9421597719192505,1,0.18096195698084097,2.612288390624299,-9.0,-9.0,0.18096195698084097,-0.8853165702476151,-4.529572804775275,-0.3205101015630346,0.0036754116801860385,-0.0007905388394751815,-0.003836465318638334,-0.05141462324296624,0.08376183243746112,0.15609929201831022,1.1852461138092107,0.0,-0.9547822779758619,-0.6565298293300171,0.249334584771064,0.3393248771438983,17.415255937495328,-30.0,-30.0,45.8629074606126,3.4976049608719144,-4.470427195224725,-8.679489898436966,0.3393248771438983,18.37003821547119,-78.23382322390009,-88.27747982319022,119.37762765934129,2.7499999999999853
1.1249504551469653,-1.3146500225782662,1.4969461717733525,1.1820978990623052,-1.3929848424354423,1.566136609125489,1.9461278915405273,-1.9025479555130005,1.8383293151855469,1.1249504551469653,-1.3146500225782662,1.4969461717733525,0,0.0,-1.5707963267948966,nan,0.00017810433163599127,-0.35387020708886513,-0.1339895364350677,0.1266991217612894,-1.5707974858489482,-0.000194127174176293,-0.34863558337157713,1.5702427000393724,-0.14769738845348854,0.9021951228554911,-0.001745812033277026,0.8154166548632491,-0.3860682204173349,0.014678046488359329,-0.0003722315058122843,0.005234623717288001,-0.01370785201842084,0.008037956643539687,-0.00010207350554222304,0.007152391420078644,-0.0036662821736570574,-7.314570318796325,-0.0037178514543733886,-0.09649131618093885,0.2953815906580426,-1.5707982857150096,1.5713018925047633,0.813694684005097,-0.789319433083417,-0.9668800690270214,0,sac,0,-0.29538159065804237,-0.16868246889675298,1.5713564726008409,1.4857271960050011,1.2220258956678027,-0.3071330937547261,0.3336837757297254,1.570297143673935,1.414112552009676,1.3987740302811937,-0.03331713424253883,0.0932041560556796,-0.021132748208955963,0.018823419830691468,-0.016142024772229258,0.09648320110981681,-0.5979593693040588,2.955670650048776,9.672282544676843,1.0,-0.4741220474243164,1.9589201132319545e-06,7.998660613850461e-07,0.9730639457702637,-0.9512739777565002,0.9191646575927734,1,0.10002983949167182,1.8255827069504833,-9.0,-9.0,0.10002983949167182,-0.0024684827010900134,-6.999069521141125,-3.564113983642287,0.00451503429314399,-0.0007905388407198114,-0.0038364820981187536,-0.023729194974439483,0.044177289388742394,0.10102899000493494,1.2398956819856926,0.0,-0.988608411706976,-0.6916730314792643,0.2856276037662685,0.18756767202638633,12.17055137966989,-30.0,-30.0,44.137937225438776,1.8280511896515734,-2.0009304788588747,-5.435886016357713,0.18756767202638633,13.159159791376865,-69.30834559372677,-94.33780759617986,117.79841840636016,2.759999999999985
1.184372863363264,-1.3834749414943246,1.5514741905233367,1.3032176797958612,-1.5211247793264413,1.660530228023305,1.7054858207702637,-1.9467085599899292,1.974034309387207,1.184372863363264,-1.3834749414943246,1.5514741905233367,0,0.0,-1.5707963267948966,nan,-0.00020356097113913635,-0.3589624023829657,-0.13303838450402738,0.1265560550116045,-1.5707974785284742,-0.0005301677068494886,-0.3486103966242398,1.5692787229570013,-0.14764824497902668,0.519646993962407,0.004562477010193206,0.5117382041437857,-0.09020084565784514,0.01790862133966351,-0.00032660673571035224,0.010352005758725857,-0.014609860474999292,0.008713071346134981,-3.756600286182178e-05,0.008165397176288948,-0.003040146383271684,0.7982785820566799,-0.00043544642932260116,-0.1139511747034178,0.3216464208983052,-1.5707982775269862,1.5702314392730254,0.8394748681669774,-0.7893194330923162,-0.9668800690168111,0,sac,0,-0.321646420898305,-0.19509036588670092,1.5723204506979354,1.485508627356703,1.222220579737667,-0.3073000450901782,0.35057917771676295,1.5713675451572073,1.4169785660862775,1.3936740287383877,-0.009286291468602782,0.09961616082877403,-0.022586581258026005,0.02011838201808847,-0.017252519671460048,0.1139477848958071,0.8813782075221892,-2.9197692832431956,-2.8366697768105253,1.0,-0.5680673718452454,1.950732089639473e-06,7.98998511797322e-07,0.8527429103851318,-0.9733542799949646,0.9870171546936035,1,0.02002167644464873,0.3624846286376651,-9.0,-9.0,0.02002167644464873,0.39206759843376937,-8.10760181837672,-5.681665625584607,0.004658083544739848,-0.0007905388407287244,-0.0038364820980782404,0.017244997154594606,-0.022284060168344152,-0.006826833278269629,1.312845164139521,0.0,-1.0389611539524028,-0.7361658492898181,0.3196591746248147,0.03754298977057703,2.4165641909177675,-30.0,-30.0,42.49519022154045,-0.029582969796104253,-0.89239818162328,-3.318334374415393,0.03754298977057703,3.4555253448701704,-35.25999361314774,-59.19075131735996,68.98372457324909,2.769999999999985
1.1603286271107853,-1.4406784768800254,1.6040682988345434,1.1122401546058278,-1.5550855476514267,1.709256515456957,0.03896975517272949,-1.745940923690796,1.9830923080444336,1.1603286271107853,-1.4406784768800254,1.6040682988345434,0,0.0,-1.5707963267948966,nan,-0.0006327401599526313,-0.35904095338409425,-0.13632003700695286,0.12640336366881555,-1.570797470715861,-0.0008887614508157938,-0.348583145534973,1.5682498957624054,-0.14759579231789552,0.3336530178545583,0.007058544484718975,0.010580209039540156,0.3334105164056633,0.015380960624836442,-0.0002560212908631625,0.010457807849121259,-0.011275755310942659,0.005507909736405044,2.1974069789927218e-05,0.005504390716628618,0.00019562628487764314,8.898663026534745,-0.015614661787592876,-0.1214860028425738,0.26312476904661164,-1.5707979165003987,1.5690366504596907,0.587662476851438,0.7891874164266701,-0.04999009797940318,0,sac,0,-0.26312476904661164,-0.13672140537779587,1.5733492789731842,1.485275354830979,1.2224283608858288,-0.3074782278258871,0.2299165101506788,1.572562423987351,1.4336257569899629,1.3324943825950137,-0.1123403985690436,0.10617311453051355,-0.024073279463992958,0.021442617948775042,-0.01838811827095394,0.12148406867058638,2.111221844482106,-7.898024333406094,-14.685479216436264,1.0,-0.3245541751384735,1.5897055023472717e-06,4.457845377281444e-07,0.019484877586364746,-0.872970461845398,0.9915461540222168,0,-0.01081268523502447,-1.7830996477177623,3.3875430501074297,0.8181302238888569,-0.01081268523502447,0.1989379278876512,-4.482091906914984,-5.027348546248856,0.0032608253291249944,0.0007904066201125312,-0.00019835564112328697,0.045455814250402765,-0.0733645364832445,-0.10891010925555902,1.3720681238432333,0.0,-1.0841766684615242,-0.7703394856393214,0.33720759910670167,-0.020275052006421282,-11.887330984785082,11.291810167024765,2.72710074629619,16.62080336049189,-1.9820375756054136,7.869634957022413,5.845478770137713,-0.020275052006421282,-10.803154316323559,12.062149652664086,2.389893147189488,16.368127497007155,2.7799999999999847
1.1609168349572903,-1.4144087194479453,1.6436293532742656,1.1620932506503001,-1.3618692045837855,1.7227514621537103,1.9906578063964844,1.849410057067871,1.9470391273498535,1.1609168349572903,-1.4144087194479453,1.6436293532742656,0,0.0,-1.5707963267948966,nan,-0.001047934237238613,-0.3532197911268171,-0.14012969936888214,0.12624083739116698,-1.5707974624004177,-0.0012703913858163906,-0.34855371960302034,1.5671548011720906,-0.14753995759716684,0.6963289733291849,0.0033564142285384896,-0.5791736325324481,0.38654970826579593,0.008759773836007505,-0.0002224571485777776,0.004666071523796778,-0.0074102582282847,0.002709640964828883,3.6960059733640775e-05,-0.00019122529272632902,0.002702632235374435,12.544637005922633,-0.03712977551276806,-0.11794122053727703,0.14728347672126807,-1.570797421376518,1.5678327801021192,-0.2819154173035747,0.7893201102965932,0.9670190375593655,0,sac,0,-0.14728347672126807,-0.02104263933010131,1.574444374711107,1.4850270570782436,1.2226495253456777,-0.3076678874213128,0.03610472180802831,1.5737663552841563,1.458031327757888,1.242308429051141,-0.2939620736894248,0.11286858719894499,-0.025591384922266522,0.022794829033949342,-0.019547706965808265,0.11793398350207207,2.512574320239768,-9.147039833020699,-19.17915746946591,1.0,-0.15857070684432983,1.0945816213414616e-06,-4.102389983273724e-08,0.9953289031982422,0.9247050285339355,0.9735195636749268,1,0.016945567286890124,-4.278101748511061,9.0,9.0,0.016945567286890124,-0.5903274651853591,1.2472668574303136,-1.6038249536270137,-0.0015642940797234769,0.0007905395189792041,0.0038370335111674024,0.05840584901335054,-0.09347589095882157,-0.16046523629663045,1.3718936455336146,0.0,-1.0933775646841752,-0.7633112740710972,0.3224493364495754,0.031774924595706217,-28.520678323407072,30.0,30.0,51.121718492956546,-3.6877742833257017,7.752733142569687,10.603824953627013,0.031774924595706217,-27.427300758722897,55.768395076809185,65.63786774001335,90.39193220334343,2.7899999999999845
1.1624883663408823,-1.339268827587116,1.6365039180571446,1.1656314291080665,-1.1889890438654576,1.6222530476229022,1.1781964302062988,-0.575046181678772,1.2653567790985107,1.1624883663408823,-1.339268827587116,1.6365039180571446,0,0.0,-1.5707963267948966,nan,-0.0014119584203744462,-0.34415778237075867,-0.14121373405726032,0.12606827533099385,-1.5707974535719529,-0.0016755170236420844,-0.34852200319616694,1.5659920858723313,-0.14748067114837163,0.9102475073538863,-0.004110145468986062,-0.9030292349205049,0.11433211371733865,0.00764136028820984,-0.0002635586032676382,-0.0043642208254082715,-0.006266937091111313,0.006649154703355006,-2.7560520809513937e-06,-0.00613681697960369,0.002559439007316403,10.21656376988309,-0.04184816729137018,-0.10995681740228766,0.031582706991423626,-1.5707970447378405,1.5666974198627261,-0.7290146698399463,0.7893194331079291,0.9668800592020858,0,sac,0,-0.03158270699142385,0.09448556833957023,1.5756070912263458,1.484763427253193,1.2228843464313097,-0.30786925825697437,0.1661724110632609,1.574901672880592,1.479347813062787,1.1665491894070832,-0.46410559778632726,0.11969621482044285,-0.027139454681123963,0.024173730003669007,-0.020730183572709088,0.10994912837653409,1.7164772628896632,-6.014268632045503,-14.514440849170835,1.0,-0.1952597051858902,7.179429442061291e-07,-4.0883411234204914e-07,0.5890982151031494,-0.287523090839386,0.6326783895492554,1,0.07025142645460357,-4.5,9.0,9.0,0.07025142645460357,-1.5833065477751485,5.292541742854358,2.0517451630526207,-0.004045161286210127,0.0007905388407443614,0.003836482059134405,0.04667260080012548,-0.07157485051315313,-0.13598000695739346,1.3109762487544387,0.0,-1.0591086946118913,-0.7196740752614831,0.28109913410091664,0.13172965770598832,-30.0,30.0,30.0,51.9616912032578,-2.9166934522248518,3.7074582571456416,6.948254836947379,0.13172965770598832,-35.486631252590925,70.89847427426494,95.1522343655057,123.85418729105132,2.7999999999999843
1.1709952681707885,-1.302288755894048,1.566816359512461,1.1880090718306011,-1.2283286125079118,1.4274412424230936,1.552919864654541,-1.869836449623108,-1.749342441558838,1.1709952681707885,-1.302288755894048,1.566816359512461,0,0.0,-1.5707963267948966,nan,-0.001735977322778667,-0.3361610672783473,-0.1407532963321159,0.12588548603685235,-1.570797444220765,-0.0021045745740361343,-0.34848787533952086,1.5647604598596836,-0.14741786647240618,0.7973201405115938,-0.010503864798982911,-0.7962587235765262,-0.03976330491789748,0.014017936940416599,-0.00036859725125746733,-0.012326808061173533,-0.006664570140290288,0.00949291820915836,-7.173616875140557e-05,-0.009382996004663056,0.0014386577161855964,3.7134104891849598,-0.019161188305650917,-0.10358194370686884,-0.034051992136919784,-1.5707969194757154,1.5656361784667485,-0.828384723263826,0.7893194330948233,0.9668800690167789,0,sac,0,0.034051992136920006,0.1599374781737719,1.5768387185231474,1.484484172865277,1.223133084670716,-0.3080825637486656,0.25348468760278237,1.5759628922082178,1.4862673769837564,1.1413622301382769,-0.5480076922980794,0.1266496993297095,-0.028716060741710174,0.025578048906851215,-0.021934457329931257,0.10358411811291272,-0.09271360001629741,0.08573273201715081,-3.7204407966226305,1.0,-0.36801838874816895,5.92680819089253e-07,-5.247450496348449e-07,0.7764599323272705,-0.934918224811554,-0.874671220779419,1,0.1141346311465191,-4.236900607059202,9.0,9.0,0.1141346311465191,-2.4013994864542823,7.34753466454003,4.705393915192812,-0.004596546477412331,0.0007905388407312354,0.0038364820980781125,0.01179113324682582,-0.01846701262019435,-0.05613852451916511,1.2377225119428692,0.0,-1.0078964916552773,-0.6762851168651318,0.2423636098630827,0.21401580938781006,-28.24600404706135,30.0,30.0,50.9694275756877,-1.83550112060492,1.6524653354599703,4.294606084807188,0.21401580938781006,-27.238107555406074,49.9321871285918,78.63722072381906,97.05151261354911,2.809999999999984
1.165139053695786,-1.3011704455601143,1.4590582152286204,1.1534266247457807,-1.2989338248922468,1.2435419266609393,0.8875961303710938,-1.841666340827942,-0.1700667142868042,1.165139053695786,-1.3011704455601143,1.4590582152286204,0,0.0,-1.5707963267948966,nan,-0.0020618150405472043,-0.33291572512536377,-0.14094075897678507,0.1256922873556472,-1.5707974343376379,-0.0025579771092159804,-0.34845120952041375,1.5634586957815046,-0.14735148020459565,0.32212289376241343,-0.01275648174113087,-0.3208676333876448,0.025384891247970387,0.016813530231570298,-0.000496162068668776,-0.015535484395049981,-0.006410721227810584,0.008456017300888774,-0.00013263257995339486,-0.00837961728310169,0.0011263442548389048,-5.060801429537504,0.031294850103662855,-0.10317835415224676,-0.019757048386293885,-1.5707970889878837,1.5646070562071321,-0.8276815832213844,-0.6623611344353336,0.9668800690167924,0,sac,0,0.019757048386293885,0.14544933574194108,1.5781404839548483,1.484189015629168,1.223395987938971,-0.30830801646167116,0.20255379026606216,1.576992106260379,1.4735381615781682,1.1815927477039532,-0.5062114464310793,0.13372280860977484,-0.030319790058037616,0.02700652711127263,-0.02315944889733832,0.10318986583751429,-1.9757911784111655,6.449720014057577,9.534827019490352,1.0,-0.32718485593795776,7.62192986947241e-07,-3.4534975412725544e-07,0.4437980651855469,-0.920833170413971,-0.0850333571434021,0,0.15196374959893696,-1.2154744823166728,0.6415105411060774,8.499724938269642,0.15196374959893696,-2.5619422610236247,5.482874828466879,6.267455104977502,-0.004592644889424955,-0.0006633844061191766,0.003836482098078166,-0.04003633501923229,0.05630540575913378,0.06137127652598859,1.1780998332277006,0.0,-0.9577047135900552,-0.6484678121939984,0.22407676177340533,0.28494983986299827,-8.103163215444486,2.1383684703535915,28.332416460898806,29.54726540199926,1.346467778706952,-4.841364287360801,2.23226983329214,0.28494983986299827,-7.14545850185443,2.78683628254759,28.108339699125402,29.137329848840206,2.819999999999984
1.118560211429872,-1.2498950814576615,1.3955891228715727,1.0254025268980445,-1.147344353252756,1.268650938157477,-1.1155717372894287,1.387718677520752,1.688554286956787,1.118560211429872,-1.2498950814576615,1.3955891228715727,0,0.0,-1.5707963267948966,nan,-0.0024548287688627344,-0.33711952359930436,-0.14092781721489622,0.12548850633475772,-1.5707974239138387,-0.0030361147270231733,-0.34841187351015107,1.5620856282764652,-0.14728145207991544,0.42443721774149223,-0.008512388949166293,0.42431344842032703,0.005708636279136425,0.012970109323831545,-0.000581285958160439,-0.01129234991084671,-0.00635363486501922,0.0028668912619231645,-0.00014491449791653797,-0.002752783095126384,0.0007875598562467473,-12.081554447835568,0.0878884498314523,-0.11438382003005425,0.0773640419596815,-1.5707974878194977,1.563518099251868,-0.07801864434959202,-0.7894349370745651,-0.9655351494686307,0,sac,0,-0.07736404195968127,0.048124464375076226,1.579513552883356,1.4838776913152354,1.2236732915914212,-0.3085458182249821,0.06882676244392434,1.578081156319772,1.4485897393679583,1.2677264471525393,-0.3479050789023833,0.14090937649199672,-0.03194924453698636,0.028457919303569425,-0.02440409035638261,0.11439029365454857,-2.612413788435992,9.361059894022828,18.83052021936146,1.0,-0.22653327882289886,1.1610246009041703e-06,6.390565898684031e-08,-0.5577858686447144,0.693859338760376,0.8442771434783936,1,0.18484456565502877,1.6020814941793555,-9.0,-9.0,0.18484456565502877,-1.9537403881796385,-0.07264691242147303,3.682905743803002,-0.000432910355281129,-0.000790654523151326,-0.0038311455936499337,-0.06047153669407947,0.0928293124759339,0.14961754130834506,1.1261346619510926,0.0,-0.9132466353745023,-0.6215368283760128,0.21875061324974357,0.3466052234296433,10.680543294529038,-30.0,-30.0,43.75150443410167,3.5558218823589938,-8.927353087578528,-12.682905743803001,0.3466052234296433,11.59378992990354,-50.073554552068614,-40.01605119427783,65.13970616130915,2.8299999999999836
1.0327782079365078,-1.2388798320493413,1.383481713113522,0.8612142009497795,-1.2168493332327008,1.3592668935974206,-0.24057626724243164,-1.6832644939422607,1.9673478603363037,1.0327782079365078,-1.2388798320493413,1.383481713113522,0,0.0,-1.5707963267948966,nan,-0.0029582300488258653,-0.3460314183907603,-0.1381354820060741,0.12527397912416705,-1.570797412941114,-0.003539354712717843,-0.3483697292032765,1.5606401533150698,-0.14720772489837905,0.935765172500394,1.612942684614191e-05,0.895403909833048,-0.27186080272857405,0.009386745678236507,-0.0005811246638919776,-0.002338310812516231,-0.00907224289230496,0.004323397569367408,-9.633164002855978e-05,0.0041268665975638325,-0.0012850909866049713,-12.662557343271791,0.10817524539559378,-0.13649694995036055,0.20691901097294507,-1.5707979397059773,1.562250276435753,0.6262405081210686,-0.7893194308232404,-0.9668825359294225,0,sac,0,-0.2069190109729453,-0.0816450318487778,1.5809590293386333,1.483549949600015,1.223965218596874,-0.30879616024551204,0.20911062996804514,1.5793489162080363,1.4262888479278948,1.3534569527787697,-0.15492049577838543,0.14820330275606058,-0.03360304103830406,0.02993099348923729,-0.025667325210105185,0.13649174536724773,-1.8436024551023407,7.526921375453223,18.346338312771604,1.0,-0.2458486407995224,1.6129110806950564e-06,5.267648632845123e-07,-0.12028813362121582,-0.8416322469711304,0.9836739301681519,1,0.1691628119576868,2.335766163529661,-9.0,-9.0,0.1691628119576868,-0.9766982009672995,-4.61226620147444,-0.39341881772247544,0.003474887357018582,-0.0007905388384561431,-0.0038364918865374034,-0.04874869415254545,0.0832765883478661,0.16134485199558768,1.1329691545617688,0.0,-0.9108262254790025,-0.6295205593270565,0.24024686793511468,0.3172000974267519,15.571774423531075,-30.0,-30.0,45.19491978750647,3.3124643644969605,-4.38773379852556,-8.606581182277525,0.3172000974267519,16.482600649010077,-78.48459834784445,-92.88244357389848,122.71412812768325,2.8399999999999834
1.0239998216273667,-1.2684631736141043,1.4025645155033186,1.0064430490090845,-1.3276298567436302,1.440730120282912,1.7942779064178467,-1.9285900592803955,1.882650375366211,1.0239998216273667,-1.2684631736141043,1.4025645155033186,0,0.0,-1.5707963267948966,nan,-0.0035659961919923813,-0.35485167974291326,-0.1340785507162678,0.1250485508785899,-1.5707974014116852,-0.004068041699449583,-0.3483246324749487,1.55912122754017,-0.14713024449059564,0.971786276557561,0.007907915643477585,0.8865358080480779,-0.3979450882022867,0.014601407675584885,-0.0005020455074572017,0.0065270472679645475,-0.013051693774327827,0.0093290426093823,-1.1481335108793722e-05,0.008646180390579527,-0.0035034938047858333,-7.713591260956819,0.07747875642266025,-0.15961194085385294,0.3073577051692067,-1.5707982490364623,1.5607496452820353,0.7976461803398733,-0.7893194330713714,-0.9668800690106424,0,sac,0,-0.3073577051692067,-0.18230915429061678,1.5824779566781821,1.4832055539166809,1.2242719796707853,-0.30905922322231283,0.349319945335383,1.580849391634517,1.4156619463398032,1.4023399098910045,-0.016225746161370586,0.15559855312997956,-0.035279811374605966,0.0314245309926314,-0.02694810838313584,0.15960335358016814,-0.5133618323173013,2.886844680843595,10.087463203433828,1.0,-0.49169057607650757,1.9222415659214676e-06,8.476247770339285e-07,0.8971389532089233,-0.9642950296401978,0.9413251876831055,1,0.09630245178058941,1.5547816031901471,-9.0,-9.0,0.09630245178058941,-0.14592135172921472,-7.0381206608315745,-3.6158998707983385,0.004425984252844503,-0.0007905388407077473,-0.0038364820980537635,-0.02171282238286997,0.04350301456777482,0.10464979252516322,1.1773621733747328,0.0,-0.9364739572061425,-0.6589663984877292,0.2737909794577854,0.18057838323755748,10.365210687934315,-30.0,-30.0,43.67459445899596,1.700702954919362,-1.9618793391684255,-5.384100129201661,0.18057838323755748,11.301684645140458,-68.8706907837616,-97.94273748434625,120.26517600423975,2.849999999999983
1.0382371156312695,-1.3351719498335382,1.4581013183349898,1.0667117036390752,-1.468589502272406,1.569174923998332,1.2597441673278809,-1.9200644493103027,1.9805665016174316,1.0382371156312695,-1.3351719498335382,1.4581013183349898,0,0.0,-1.5707963267948966,nan,-0.004238022478495844,-0.36052199927289186,-0.13297692630727306,0.12481207565959584,-1.570797389318242,-0.004622497827444394,-0.348276433056963,1.5575278676074826,-0.14704895968350573,0.5810023631932496,0.011757015850865152,0.5718518947964324,-0.10203396019048405,0.018658076979808338,-0.0003844753489485502,0.012245566215928871,-0.014072033376232668,0.010022644232330718,7.060092688279749e-05,0.009559546945595247,-0.003010560597622324,0.49186652291575284,-0.005765048020001372,-0.17752081060132607,0.33704023065474487,-1.570798238226019,1.5590437933759704,0.8287035787351841,-0.7893194330898261,-0.9668800690167804,0,sac,0,-0.3370402306547451,-0.2122281549951488,1.5840713182465258,1.4828442813055163,1.2245937734084498,-0.30933517746079076,0.3694022943995549,1.5825551876969628,1.4189905898840396,1.3967507842372793,0.011196297078208664,0.1630891592900945,-0.0369782023113749,0.03293732645696644,-0.02824540622169312,0.17751687131491453,0.8991953631634482,-2.951009531646303,-2.543714490617326,1.0,-0.6099169850349426,1.911431122714191e-06,8.489077769624487e-07,0.6298720836639404,-0.9600322246551514,0.9902832508087158,1,0.03524766128077668,0.1632339813064009,-9.0,-9.0,0.03524766128077668,0.2181098682161962,-8.12467721462822,-5.726663170225613,0.004598315744701448,-0.0007905388407262304,-0.003836482098078118,0.017933956791634093,-0.022666363973350576,0.0074221989281909265,1.2491086094505524,0.0,-0.9864681547341982,-0.7022066777748757,0.30668987526028685,0.06609349574494033,1.0882265420426727,-30.0,-30.0,42.44041240795129,-0.05487588690979531,-0.8753227853717807,-3.2733368297743866,0.06609349574494033,2.074694696776871,-34.670150369890116,-62.07255689959676,71.1289699992871,2.859999999999983
0.9835479226075535,-1.3846807487231454,1.5124439132452623,0.8741695365601215,-1.4836983465023597,1.6211291030658073,-0.4594639539718628,-1.5883489847183228,1.9809870719909668,0.9835479226075535,-1.3846807487231454,1.5124439132452623,0,0.0,-1.5707963267948966,nan,-0.004907933893597615,-0.36108687983516075,-0.13626365792026418,0.12456441633773818,-1.570797376653945,-0.005203022901961969,-0.3482249744328874,1.555859149526106,-0.14696382226629182,0.34289013790662765,0.008938634058419572,0.061633918634446117,0.33718690302050325,0.016733475584345483,-0.00029508900836435446,0.012861905402273333,-0.010700164346027635,0.0067770422856023,0.00010646973932440556,0.006771938548709661,0.00024044672580414601,8.771801142261253,-0.11915942444890695,-0.1858071865153184,0.2806953503463676,-1.5707978678305898,1.5572076515802655,0.5806834435425149,0.7891807078559202,-0.20492264436084368,0,sac,0,-0.2806953503463676,-0.15613093400862965,1.5857400380346927,1.4824659222643854,1.224930786418188,-0.30962418298692207,0.2503806091941256,1.5843914222203526,1.4353519803548291,1.3355382417922834,-0.08999973537414561,0.17066921886107417,-0.038696875566961324,0.034468187844316635,-0.029558196493584342,0.18580464238776684,2.051260674742806,-7.886603123049157,-14.607952924585549,1.0,-0.36968934535980225,1.541035693275461e-06,4.911766451343169e-07,-0.2297319769859314,-0.7941744923591614,0.9904935359954834,0,0.027135148564935735,-1.8780515608435433,3.4945743208900812,0.09045269360720302,0.027135148564935735,0.025918933931065924,-4.4541425196001025,-5.190255757387724,0.0032221000242382974,0.000790399901177812,-0.0008131122791482025,0.04451642884623175,-0.07331141776788154,-0.10774073295889201,1.3053069264741823,0.0,-1.0299473717851602,-0.7338395959302577,0.3232862989661542,0.05088158365823314,-12.520343738956957,11.648581069633604,0.3015089786906768,17.103857602226807,-1.9039704947746092,7.948716840490183,5.2807084509949265,0.05088158365823314,-11.490396367171796,12.382420665563862,-0.021777320275477408,16.892501691606597,2.869999999999983
0.9679820343530703,-1.354628706749076,1.5542939885284266,0.9368502578441038,-1.2945246228009375,1.6379941390947554,1.9961011409759521,1.9023504257202148,1.9229989051818848,0.9679820343530703,-1.354628706749076,1.5542939885284266,0,0.0,-1.5707963267948966,nan,-0.005489949215410047,-0.3553714267480883,-0.14021477294918475,0.1243054444946794,-1.5707973634124144,-0.005809894550099965,-0.34817009375272556,1.5541142079990362,-0.14687478695647518,0.6954531800950676,-0.0024856326325563977,-0.5660572406910591,0.40401503387371973,0.009814140232572327,-0.00031994533468991844,0.007201332995362741,-0.006660014007290438,0.0029436359603721546,5.43128146691699e-05,0.0007396017525940256,0.00284868952904992,12.748581609301938,-0.19685664053904278,-0.18362016271285878,0.1641281766117535,-1.5707973579534302,1.5553523081214045,-0.2595455937828365,0.7893201550176726,0.9672104016579489,0,sac,0,-0.1641281766117535,-0.0398227321170741,1.5874849813396992,1.482070280599205,1.2252831934545358,-0.3099263896614691,0.04800875616490129,1.586246831752452,1.4587719656060785,1.2455163176787358,-0.2731688481671078,0.1783328954159149,-0.040434507812583266,0.036015936435615674,-0.03088546838820554,0.18361216370435296,2.392926202470451,-9.131609449048177,-19.488784662253224,1.0,-0.17251624166965485,1.0311585336708617e-06,-5.458984375650289e-09,0.9980505704879761,0.9511752128601074,0.9614994525909424,1,0.07085046536967729,-4.257824921642414,9.0,9.0,0.07085046536967729,-0.7311188273267648,1.2793966790297011,-1.804246401862784,-0.0014401682591754352,0.0007905395637693724,0.0038377928245113798,0.0560583831516232,-0.09331572102676484,-0.16236895258367864,1.3052164461611087,0.0,-1.039155182504788,-0.726598147799471,0.30951835101856773,0.13285292587601216,-28.385499477616097,30.0,30.0,51.0465888232863,-3.5267060943156494,7.720603320970299,10.804246401862784,0.13285292587601216,-27.346344295111308,55.74887154488917,64.23779925961159,89.3435600838325,2.8799999999999826
0.9842654519708398,-1.308989466750615,1.5267137716583512,1.0168322872063789,-1.2177109867536928,1.4715533379182002,1.5136184692382812,-0.7406044006347656,0.43775248527526855,0.9842654519708398,-1.308989466750615,1.5267137716583512,0,0.0,-1.5707963267948966,nan,-0.005967359293485926,-0.34592528746730716,-0.14127119199232316,0.12403504032531565,-1.5707973495877314,-0.006443368376524128,-0.34811162176745636,1.5522922357636866,-0.14678181136619545,0.9459057097200722,-0.015606374834828407,-0.9387667295511937,0.11493946334181493,0.005947568259620091,-0.0004760090830382025,-0.0021863343001491953,-0.005510619373872289,0.006340822400995621,-6.771410973104589e-05,-0.005755191013589904,0.0026606803485960534,10.675589721847258,-0.18408841845656168,-0.17724015101126075,0.04474397486870063,-1.5707969656371619,1.553551330196617,-0.7136846087977268,0.7893194331094999,0.9668800278480355,0,sac,0,-0.04474397486870085,0.0792910654566148,1.589306955424034,1.4816571732744148,1.2256511575514328,-0.31024193729419614,0.14893853311735417,1.588047765909966,1.4787276570964165,1.1698274320281705,-0.44828624428504305,0.18607441847594075,-0.04218979067232634,0.03757940683065678,-0.0322262225165415,0.17723152482857124,1.5734238532029845,-6.01324054742852,-15.116993518220115,1.0,-0.161550834774971,6.388422653103021e-07,-3.8395056956019857e-07,0.7568092346191406,-0.3703022003173828,0.21887624263763428,1,0.12165977194650625,-4.5,9.0,9.0,0.12165977194650625,-1.6845970912686632,5.311237386168312,1.9011868569028738,-0.00396009774495541,0.0007905388407459347,0.0038364819347247122,0.04369411401587813,-0.07153760064688205,-0.1404915551135593,1.2541219987071304,0.0,-1.008594600828483,-0.692911346749223,0.2746502946784858,0.22812633029534268,-30.0,30.0,30.0,51.9620249954,-2.815402908731337,3.6887626138316882,7.098813143097126,0.22812633029534268,-34.9250834558138,70.82261544123254,95.7472175203568,124.10957262373182,2.8899999999999824
1.011114597592563,-1.2890854679389248,1.4444682457163547,1.0648128888360093,-1.249277470315544,1.2799771938323614,1.8442776203155518,-1.7620880603790283,-1.832256555557251,1.011114597592563,-1.2890854679389248,1.4444682457163547,0,0.0,-1.5707963267948966,nan,-0.006404639579697135,-0.3372147748727039,-0.14044581787523946,0.12375309253990285,-1.5707973351744318,-0.007103678118233574,-0.34804938278373565,1.5503924829324005,-0.1466848559686753,0.8681760905353127,-0.02230294554982368,-0.8648273610882551,-0.07284187195635561,0.012522099656027916,-0.0006990385385364393,-0.010834607911031746,-0.006239038093435845,0.009673148775003125,-0.00019348659484165768,-0.009585344810344116,0.0012858985293444343,4.309358795078902,-0.08182731866984656,-0.17232116370280956,-0.026398502173813787,-1.5707968249611417,1.5518098004771557,-0.8198468682431262,0.7893194330948786,0.9668800690169781,0,sac,0,0.02639850217381401,0.15015159471371664,1.59120671017514,1.4812264302634497,1.2260348301554105,-0.3105709557580852,0.24275556805120266,1.5897892672420924,1.4841881430136614,1.1445700175716844,-0.5392256500979943,0.19388808351080355,-0.043961430723143756,0.03915744694809266,-0.033579470911165754,0.17232271359837392,-0.2388902264124223,0.07342451792130689,-4.475601337673567,1.0,-0.32741257548332214,4.981662451442048e-07,-5.102132902834455e-07,0.9221388101577759,-0.8810440301895142,-0.9161282777786255,1,0.14775185959285408,-4.109075734412639,9.0,9.0,0.14775185959285408,-2.4528003981970263,7.356652935657856,4.6090478513019635,-0.0045491715725910166,0.0007905388407312907,0.0038364820980789026,0.0086900996626918,-0.018557687931001772,-0.06208788015882512,1.1860904722238637,0.0,-0.959087366856717,-0.6551513440770182,0.24028888320135308,0.277052052489882,-27.393838229417597,30.0,30.0,50.50246658114126,-1.6562753362156126,1.6433470643421444,4.3909521486980365,0.277052052489882,-26.43475086256088,49.939068501844744,80.87586541275675,98.65945965846224,2.899999999999982
1.0407886496776313,-1.2925896297408805,1.3261993215192611,1.100136753847768,-1.2995979533447921,1.089661473125074,1.3196163177490234,-1.6122567653656006,-0.09283685684204102,1.0407886496776313,-1.2925896297408805,1.3261993215192611,0,0.0,-1.5707963267948966,nan,-0.006901565681294933,-0.33316079454564845,-0.1400900771182819,0.12345949826618186,-1.5707973201675052,-0.007791035798478096,-0.3479831946390074,1.5484142563329717,-0.14658388406487607,0.4000457204384947,-0.019043157864672387,-0.3987792182327199,-0.025476885315833808,0.01620691920991167,-0.0008894701171831632,-0.014822400093358945,-0.006493806946594183,0.009062400745632585,-0.0002554932558095156,-0.009032771046747852,0.000686205281028641,-4.4929077941156805,0.09302817300179561,-0.173044754402184,-0.018083341404707465,-1.5707969794386123,1.5500877728646076,-0.802477432781465,-0.6575250750209329,0.966880069016795,0,sac,0,0.018083341404707465,0.14154283967088954,1.5931849387648984,1.4807778943992105,1.2264343512587812,-0.3109135651035519,0.19880215168451423,1.5915113848369142,1.470003127521983,1.1846883781209117,-0.5049771445231751,0.2017682519384827,-0.0457481494948563,0.040748918025435524,-0.034944237026240554,0.17305668669202434,-2.1214614129843428,6.44519159434028,8.817600945957613,1.0,-0.3587569296360016,6.526437159593002e-07,-3.4072889310010623e-07,0.6598081588745117,-0.8061283826828003,-0.04641842842102051,1,0.16152799701276177,-1.0389509626445939,0.6973880766056992,9.0,0.16152799701276177,-2.555784999604983,5.50538326123457,6.309477784811568,-0.004452791937448334,-0.0006585408755498382,0.0038364820980781762,-0.043116773022288994,0.0562133679927175,0.055306223493500284,1.1243140726223337,0.0,-0.9059908030357897,-0.6274250704031658,0.22271187606583848,0.3028839246442186,-6.92633975096396,2.3246269220189975,30.0,30.878306484393974,1.516834036960389,-4.80799518462887,2.690522215188432,0.3028839246442186,-6.02034894792817,2.952051992422163,31.378335652482846,32.08817382482941,2.909999999999982
1.018204567307189,-1.244428213529941,1.2573283477505623,0.9730364025663042,-1.1481053811080617,1.1195864002131648,-1.4472136497497559,1.7366223335266113,1.689418077468872,1.018204567307189,-1.244428213529941,1.2573283477505623,0,0.0,-1.5707963267948966,nan,-0.0075789471552687275,-0.3367450865442593,-0.1396650542348376,0.12315416295149961,-1.5707973045623855,-0.008505631879968523,-0.3479128686971899,1.5463569188491624,-0.1464788617503399,0.3668789661675175,-0.003721460751663231,0.36546179404283174,-0.0320000568908102,0.013115108678643237,-0.0009266847246997955,-0.011167782152930628,-0.006813807515502285,0.0035926730253023433,-0.000194793813282474,-0.0035791008143489763,0.00024370514514154493,-11.702280023505153,0.263292225992295,-0.1848589165568189,0.07446937465926773,-1.5707973637895825,1.5482971471464886,0.006117984829814627,-0.789436280764476,-0.9682247885406609,0,sac,0,-0.07446937465926773,0.048684788292232106,1.5952422783091122,1.4803114212245354,1.2268498495328268,-0.31126987567266157,0.07071537146580223,1.5933021157258034,1.443607278869684,1.2709709812070022,-0.3525376743113291,0.20970935112528574,-0.047548683470152425,0.04235269461905715,-0.03631955573751698,0.18486699883987423,-2.7547667956194815,9.388217634225969,18.338692391993476,1.0,-0.22752177715301514,1.036994685676973e-06,5.922719692463829e-08,-0.7236068248748779,0.8683111667633057,0.844709038734436,1,0.17324302696032481,1.8424164408760197,-9.0,-9.0,0.17324302696032481,-1.8875416153216384,-0.052771169257025366,3.78173798754145,3.394751355088699e-05,-0.0007906558689170831,-0.00384181780883028,-0.06352862884692922,0.09303272805959445,0.14523741946378899,1.0701465420312086,0.0,-0.8593945004722463,-0.5999811720002769,0.21604931664919896,0.3248509787367801,12.2827762725068,-30.0,-30.0,44.16981006432835,3.729958056197658,-8.947228830742974,-12.781737987541451,0.3248509787367801,13.142170772979046,-49.858187597218546,-36.64202680631421,63.25582328717742,2.9199999999999817
0.9453107435806567,-1.2305500077714135,1.2391077892726494,0.7995230961275924,-1.202793596254359,1.2026666723168238,-0.7979542016983032,-1.7062891721725464,1.9675581455230713,0.9453107435806567,-1.2305500077714135,1.2391077892726494,0,0.0,-1.5707963267948966,nan,-0.008453880330718519,-0.3453253100303668,-0.1366916641244149,0.1228370002649366,-1.5707972883549546,-0.009247635417532643,-0.3478382098650769,1.544219888761215,-0.1463697578822189,0.9117499323208842,0.013292963788567175,0.8654882318220536,-0.28642862423017,0.010030464171810484,-0.0007937550868141238,-0.0025128998347100917,-0.009678093757803985,0.0038017315723976562,-4.116991765845191e-05,0.0033778758906319655,-0.0017439674463511235,-12.4642059370887,0.3050586249055684,-0.2071402620334196,0.20138675983594378,-1.5707977998017686,1.5463231791110847,0.6717501143642358,-0.7893194308766268,-0.9668773985945587,0,sac,0,-0.20138675983594378,-0.07854975957100718,1.597379310526989,1.4798268788426716,1.2272814424609875,-0.31163998821334493,0.2061267362391615,1.5952760433075313,1.4200106466047897,1.3570734970215654,-0.16311440592726154,0.21770587438584735,-0.049361784084588065,0.043967664604188716,-0.03770447334233475,0.20713695339598978,-1.9610376837518402,7.567100286295428,18.074001063769103,1.0,-0.2507091462612152,1.4730068720325562e-06,5.114468137890071e-07,-0.3989771008491516,-0.8531445860862732,0.9837790727615356,1,0.15056755107616188,2.5990071742509837,-9.0,-9.0,0.15056755107616188,-0.8543599372656802,-4.601563649160031,-0.3100405781236758,0.0037274113526824066,-0.000790538838509612,-0.003836471502113452,-0.051389298597597236,0.08364845616358335,0.15881587870469965,1.0707697444115418,0.0,-0.8521883265599305,-0.6047653945611167,0.2336273082571487,0.28233180400555385,17.32671449500656,-30.0,-30.0,45.828972784026305,3.453367111516664,-4.398436350839969,-8.689959421876324,0.28233180400555385,18.17890282156649,-78.50899400547016,-90.41590085819368,121.11667716211987,2.9299999999999815
0.9438787448324477,-1.2562673365042953,1.2585384159653576,0.9410147473360299,-1.307701993970059,1.2973996693507739,1.7591676712036133,-1.9143180847167969,1.8451781272888184,0.9438787448324477,-1.2562673365042953,1.2585384159653576,0,0.0,-1.5707963267948966,nan,-0.009449384171190683,-0.35403638423600825,-0.1325729688416397,0.12250793199942955,-1.570797271541535,-0.010017194210394305,-0.3477590166295175,1.5420026390863768,-0.14625654404649574,0.9662491111253515,0.02259450476105023,0.8790267441200816,-0.4005481447052067,0.01506545660425169,-0.0005678100392036214,0.006277367606490725,-0.013683575204856052,0.008957044951761367,0.00012296578490964395,0.008097763460267368,-0.003826194013007442,-7.639989576974577,0.20387789231437314,-0.23031288020200927,0.30066551111111406,-1.570798093572043,1.5441146111008317,0.8150912102663318,-0.7893194330723415,-0.9668800690232126,0,sac,0,-0.30066551111111384,-0.1781575791116845,1.5995965624006239,1.4793241477677466,1.2277292364720496,-0.3120239939936141,0.34443161265355604,1.5974844765589709,1.4084882845695728,1.4062880802804554,-0.02614343384427182,0.22575238098313036,-0.05118621772658683,0.045592729174920986,-0.03909804755962239,0.23030547982316915,-0.5818013393237929,2.9118708906418154,9.972778903384713,1.0,-0.49193280935287476,1.7667771463614201e-06,8.220305076633849e-07,0.8795838356018066,-0.9571590423583984,0.9225890636444092,1,0.08759770890059042,1.770641053319829,-9.0,-9.0,0.08759770890059042,0.014602078119480565,-7.033179949986947,-3.5590747810278516,0.004522783347039384,-0.0007905388407087188,-0.0038364820981036407,-0.023399657095348123,0.043785632802692154,0.10350657401482702,1.1098231413622222,0.0,-0.8744569580237302,-0.6308681953162045,0.2627503640444109,0.1642559701867437,11.80427368879886,-30.0,-30.0,44.03825447657765,1.7560389752003482,-1.9668200500130526,-5.440925218972149,0.1642559701867437,12.67873064682259,-69.07057597748322,-96.43937629443022,119.29826049343053,2.9399999999999813
0.9632746998210918,-1.312705088292456,1.3213556543446456,1.00206660979838,-1.4255805918687776,1.4469901311032216,1.2211647033691406,-1.848613977432251,1.9838285446166992,0.9632746998210918,-1.312705088292456,1.3213556543446456,0,0.0,-1.5707963267948966,nan,-0.010470246109448626,-0.3597088495944547,-0.13142135623650364,0.1221668879738933,-1.570797254118886,-0.01081443495426919,-0.3476750811154029,1.5397046969194124,-0.14613919452538712,0.5852850380043995,0.02236211943830585,0.5756400872561074,-0.10342630840274314,0.019014331796464588,-0.00034418884482056294,0.012033768479051798,-0.014717838288883484,0.009773446866591578,0.0002306497630890545,0.009219791602341336,-0.0032345799032133787,0.4917207474937928,-0.014295149641754136,-0.24836685469218212,0.3300970924162576,-1.5707980732220286,1.541699302764276,0.8393613950127583,-0.7893194330900418,-0.966880069016804,0,sac,0,-0.3300970924162576,-0.20793020444236454,1.6018945068344839,1.4788031207752386,1.2281933270733345,-0.3124219749157783,0.3638555210443253,1.5998997360517901,1.411484135862005,1.4007552301126054,0.0007511480907770283,0.23384349612842525,-0.05302076573743991,0.047226802844204226,-0.040499347529897166,0.24836274713043574,0.8901629439885619,-2.960363487368074,-2.5621290917666495,1.0,-0.6079720258712769,1.7464271317990665e-06,8.191031426463269e-07,0.6105823516845703,-0.9243069887161255,0.9919142723083496,1,0.04659064878819613,0.295535595088888,-9.0,-9.0,0.04659064878819613,0.389210245881573,-8.12238371335252,-5.691400712762112,0.004657453904172297,-0.0007905388407264465,-0.0038364820980782122,0.017486219961294843,-0.022680207867076037,0.007148688723870462,1.175809012236204,0.0,-0.9215676499020539,-0.669465355092479,0.2916436836977343,0.08736292666078405,1.9702373005925868,-30.0,-30.0,42.47221994788595,-0.093674650792685,-0.8776162866474806,-3.3085992872378878,0.08736292666078405,2.891804950494641,-34.79070606543261,-61.2877919902723,70.533373970957,2.949999999999981
0.9183961481108661,-1.3354818597503548,1.3929334312557748,0.8286390446904146,-1.3810354026661524,1.5360889850780333,-0.02607250213623047,-1.161501169204712,1.9751992225646973,0.9183961481108661,-1.3354818597503548,1.3929334312557748,0,0.0,-1.5707963267948966,nan,-0.011407357976277465,-0.360323732303238,-0.1346398684208903,0.12181380593534286,-1.5707972360842006,-0.01163946339348426,-0.3475861891644327,1.5373256427731241,-0.1460176862649356,0.34152010245948583,0.011208342761376798,0.070377465975352,0.33400204448381654,0.0170807967328781,-0.00023210541720679496,0.012737543138805318,-0.011377817844045318,0.006608332594285584,0.00022808510983212863,0.00660402249392554,7.01695026032699e-05,8.712834242464623,-0.2757674791410676,-0.257035593176229,0.27407430985233394,-1.5707977019029473,1.5391510065037752,0.5699027243761301,0.7891817845688233,-0.19795223900672732,0,sac,0,-0.2740743098523337,-0.15226050391699086,1.6042735633148901,1.4782637027524492,1.2286737989838883,-0.31283400363065994,0.24488412997322992,1.6024481125132362,1.4280965471162046,1.3392387507726586,-0.10017570312623054,0.24197391098135004,-0.05486422441130605,0.04886881344384816,-0.04190745381526506,0.2570314681013638,2.0974663003651046,-7.928667847010747,-14.548398875839231,1.0,-0.3694126605987549,1.3751080505386426e-06,4.6581874668660816e-07,-0.013036251068115234,-0.580750584602356,0.9875996112823486,0,0.06274074956976193,-1.837203869412404,3.5552294689539052,0.18083473352945248,0.06274074956976193,0.17955776413677121,-4.43283329605536,-5.151818536216156,0.00316227990042798,0.0007904009795541124,-0.000785454417315753,0.04528506392774348,-0.0736597238553403,-0.1073982502787185,1.2228467182594738,0.0,-0.9609855344099467,-0.6923981815428311,0.3040487743915021,0.11764625833444953,-12.248025796082693,11.850764896513018,0.6027824450981749,17.053795819469368,-2.016761633549175,7.988062765009266,5.332653269745609,0.11764625833444953,-11.287040261672747,12.54316307805585,0.2987336707066728,16.876945823206256,2.959999999999981
0.9105612186034268,-1.2880365581569142,1.4465036936191167,0.8948913595885479,-1.1931459549700327,1.5536442183458004,1.997772216796875,1.93458890914917,1.8458805084228516,0.9105612186034268,-1.2880365581569142,1.4465036936191167,0,0.0,-1.5707963267948966,nan,-0.012144124384053306,-0.3547246435495729,-0.13855234667781932,0.12144863146101881,-1.5707972174351028,-0.012492364473354538,-0.34749212043458305,1.5348651099188693,-0.1458919988427819,0.6828287836375503,-0.011613467209443777,-0.5505020023815477,0.40381656790827447,0.010310245179979896,-0.00034824008930123274,0.007232523114989842,-0.0073396521649625734,0.0028311647865394986,7.45017657461029e-05,0.0007313738671962545,0.002734051170301016,12.626132718452599,-0.43216946662299627,-0.255763146480286,0.15843573034966174,-1.5707971946195571,1.5365776940538507,-0.29861882580488175,0.7893201477305506,0.9671919565266514,0,sac,0,-0.15843573034966152,-0.03698709888864293,1.6067340985695018,1.4777058105489738,1.2291707262676683,-0.31326014365181043,0.044672880931871675,1.6050214668334162,1.4522208248830504,1.2486892101865437,-0.28223954606881696,0.2501383826498509,-0.05671540499521166,0.05051770212452209,-0.04332145839942087,0.25575293083049455,2.4772965517652383,-9.19075741030512,-19.346987661809724,1.0,-0.17688551545143127,8.678246605775541e-07,-2.281554589700363e-08,0.9988861083984375,0.967294454574585,0.9229402542114258,1,0.1240952493066833,-4.300392770489596,9.0,9.0,0.1240952493066833,-0.6168607952473143,1.300286471380432,-1.7693069868103588,-0.0016569780601872373,0.0007905395564709926,0.003837719636100234,0.05771489608050993,-0.09384237487906531,-0.16133598232798235,1.2173199997648576,0.0,-0.9678080203321652,-0.679659811052065,0.28857955376103744,0.23269313577101686,-28.669285136597306,30.0,30.0,51.20529324531746,-3.683531975242282,7.699713528619568,10.769306986810358,0.23269313577101686,-27.701477116265142,56.2110352644459,64.14526510502556,89.6756460886298,2.9699999999999807
0.9330619658548931,-1.2653190037428836,1.4222473166214882,0.9780634603578259,-1.2198838949148223,1.3737345626262312,1.9614357948303223,-1.5360157489776611,-0.753399133682251,0.9330619658548931,-1.2653190037428836,1.4222473166214882,0,0.0,-1.5707963267948966,nan,-0.012702452406292532,-0.3454783763853994,-0.1396936162217248,0.12107131786050562,-1.5707971981696447,-0.013373202493061289,-0.34739264852015783,1.5323227837270772,-0.14576211443611897,0.9240330535501938,-0.032250999746752385,-0.9146795249748263,0.12711539505683989,0.0063985165517421415,-0.0006707500867687566,-0.0019142721347584213,-0.006068498214394175,0.006204500976320188,-0.0001650467077771306,-0.005600368923671949,0.002665419266865832,10.511407194759153,-0.386409749792114,-0.2505832415069433,0.04048939219226111,-1.5707968023186534,1.5340489802010113,-0.7328215376252418,0.7893194331096949,0.9668800342800941,0,sac,0,-0.04048939219226089,0.08058192566824474,1.609276427226799,1.4771293728271733,1.229684172466734,-0.31370044946972614,0.15312511652734986,1.6075501145249307,1.4731589237307638,1.1723260164061156,-0.45561097981637944,0.25833173419020106,-0.058573133689050635,0.05217242335575475,-0.044740464687648036,0.2505728249178172,1.6790612375017764,-6.086217929609025,-14.925663959203035,1.0,-0.167022705078125,4.7552375681547687e-07,-3.958509910972907e-07,0.9807178974151611,-0.7680078744888306,-0.3766995668411255,1,0.1725384849262546,-4.5,9.0,9.0,0.1725384849262546,-1.6081261045500035,5.323333545498336,1.9251483484967558,-0.004066284858648222,0.0007905388407461299,0.0038364819602464684,0.04586382103327911,-0.0721988530388067,-0.13899562590963477,1.1804134920788014,0.0,-0.9467676339927403,-0.6554848135404812,0.2595124635220048,0.32352987985421827,-30.0,30.0,30.0,51.96253142008344,-2.8918738954499963,3.676666454501664,7.074851651503244,0.32352987985421827,-35.67031752224289,71.47997343412395,95.19147386974917,124.27099228443858,2.9799999999999804
0.9671439086805583,-1.2607437123769267,1.3430793875293394,1.035307794331889,-1.2515931296450127,1.184743529345042,1.9610214233398438,-1.7643717527389526,-1.8714816570281982,0.9671439086805583,-1.2607437123769267,1.3430793875293394,0,0.0,-1.5707963267948966,nan,-0.013228495915299931,-0.3370189164352812,-0.1391016942425093,0.1206818260778546,-1.5707971782863015,-0.014282021259297674,-0.3472875410922529,1.5296984010077688,-0.1456280177898218,0.8375638900908988,-0.03827752572289865,-0.8354352522213282,-0.04578253329183268,0.012212594607224887,-0.001053525343997743,-0.010268624656971703,-0.006526323547312501,0.009409264412277763,-0.0003645693981392499,-0.009286711237784075,0.0014691291026019994,4.129185109223901,-0.1620573752321864,-0.24673790352874844,-0.02893539585176108,-1.5707966587203614,1.531569005624633,-0.8293497267830966,0.789319433094891,0.9668800690169289,0,sac,0,0.02893539585176086,0.14961722192961568,1.6119008124755663,1.4765343299126452,1.2302141907344335,-0.31415496666606413,0.24519920532100756,1.6100300486189596,1.479732953584713,1.1462775121280384,-0.5445102429758931,0.2665488546070021,-0.060436251645584575,0.05383194492593442,-0.046163587506818836,0.2467387898383061,-0.12567989402351443,-0.008131760757793316,-4.266175729567356,1.0,-0.3226605951786041,3.3192546489146935e-07,-5.195659400492048e-07,0.9805107116699219,-0.8821858763694763,-0.9357408285140991,1,0.1790805879808024,-4.256604958889402,9.0,9.0,0.1790805879808024,-2.4234565709685514,7.362849456912183,4.62357270704276,-0.0046019010951432295,0.0007905388407313032,0.0038364820980787075,0.011080440121050694,-0.01931846046770176,-0.06040524155470377,1.1232438272835474,0.0,-0.9047072013470412,-0.6247200050624218,0.23001410964591615,0.33579708978211587,-28.377366392596013,30.0,30.0,51.04299837455813,-1.8331483879208506,1.6371505430878166,4.37642729295724,0.33579708978211587,-27.472659191248972,50.76439895190729,80.00316300653641,98.65287656588056,2.9899999999999802
1.0060647632442452,-1.2609714252564386,1.2257153669489262,1.0839064723716187,-1.2614268510154625,0.9909873257881001,1.4301888942718506,-1.3314955234527588,-0.3895927667617798,1.0060647632442452,-1.2609714252564386,1.2257153669489262,0,0.0,-1.5707963267948966,nan,-0.0139025922846097,-0.3332014179305665,-0.13905743219021938,0.12028012459370441,-1.5707971577839674,-0.015218844240960398,-0.34717656005942266,1.5269917493510747,-0.14548969618475327,0.37170074309438766,-0.02627266123529544,-0.37065174718844407,0.009405955277860811,0.015440567892072623,-0.0013162519563506975,-0.013975142128856144,-0.006432263994533893,0.008719200288705906,-0.00041745848762698274,-0.008646848562409467,0.001040284588194356,-4.6669355174926155,0.1946794076141739,-0.24811989341255478,-0.01883191988052646,-1.570796810176847,1.5291002074988211,-0.8273894963271323,-0.6229040427565771,0.9668800690167945,0,sac,0,0.01883191988052646,0.13911204447423087,1.614607466724376,1.4759206336446953,1.2307608239685934,-0.31462373202785815,0.19883033241985543,1.6124989394671105,1.4666003116470123,1.185758503294013,-0.5080584185108086,0.274784698853183,-0.062303614970442595,0.055495247942308874,-0.047589953105394225,0.24813275051736564,-2.0257299417700043,6.4028702676467395,9.048134490340757,1.0,-0.34118446707725525,4.833819504668213e-07,-3.4760712042114505e-07,0.7150944471359253,-0.6657477617263794,-0.1947963833808899,1,0.16594954010629112,-1.2243807862505869,0.9828089106592115,9.0,0.16594954010629112,-2.5808434078683695,5.602422904853312,6.317433809557523,-0.004591024155788556,-0.0006238663577771399,0.003836482098078174,-0.040959470718622985,0.05568484168036138,0.057125492173542014,1.0614430505379768,0.0,-0.8517017822385432,-0.59648241451314,0.21324669480118486,0.3111748361265538,-8.162538575003913,3.2760297021973717,30.0,31.26429651178393,1.3564626216177826,-4.619613994194101,2.6825661904424773,0.3111748361265538,-7.310836792765369,3.8725121167105114,30.33481654374603,31.444277845514083,2.99999999999998
0.9876114164412753,-1.2120207657045317,1.1553454421508917,0.9507047228353354,-1.1141194466007178,1.0146055925548225,-1.6227318048477173,1.7318360805511475,1.4709067344665527,0.9876114164412753,-1.2120207657045317,1.1553454421508917,0,0.0,-1.5707963267948966,nan,-0.014914969302394993,-0.3369136465791002,-0.13889829363917666,0.11986618932740445,-1.5707971366619573,-0.01618367472518581,-0.3470594617482896,1.524202666467751,-0.14534713940623362,0.3829658025472276,0.004754653355988105,0.3829326959666757,-0.0016581772523061034,0.012088622362554828,-0.0012687054227908164,-0.010145815169189387,-0.006448845767056954,0.003286822089723804,-0.0002461722732443766,-0.003206006811382842,0.000681262788319508,-11.857077326290234,0.5248193117710955,-0.25996091527708187,0.07541638902363168,-1.5707971934994134,1.5265593907533497,-0.06573296637002563,-0.7894316577228226,-0.9679904479620307,0,sac,0,-0.07541638902363168,0.04444980030377277,1.617396552261071,1.4752882472268083,1.2313241049447075,-0.31510677366173445,0.06552057486101925,1.615039879283871,1.4409451384512713,1.272095605191493,-0.3531281817084516,0.2830342878300005,-0.06417409472212143,0.057161326830985404,-0.049018699153423946,0.2599712056089828,-2.695632059378706,9.424923926374047,18.59797823155686,1.0,-0.20648668706417084,8.667045170440701e-07,5.683745607498736e-08,-0.8113659024238586,0.8659180402755737,0.7354533672332764,1,0.15386721405040096,1.6505240457088193,-9.0,-9.0,0.15386721405040096,-1.9611477493987886,0.042033213902879146,3.7853824854825198,-0.00036473950633415624,-0.0007906512387333627,-0.003840887969170143,-0.06211709050071676,0.09323726251801775,0.14730643566271534,1.0074754520606206,0.0,-0.8053173173112036,-0.5690113016153592,0.2066323875326247,0.2885190587856759,11.003493638058796,-30.0,-30.0,43.83104054765393,3.6116717951076076,-9.04203321390288,-12.78538248548252,0.2885190587856759,11.80881095537,-49.247793273304346,-37.882147435532715,63.24502744125033,3.00999999999998
0.9137006268412272,-1.1918188746428038,1.1306645292075017,0.765879047641131,-1.1514150925193478,1.0813027033207219,-1.7247090339660645,-1.6539864540100098,1.9800686836242676,0.9137006268412272,-1.1918188746428038,1.1306645292075017,0,0.0,-1.5707963267948966,nan,-0.01623713554222881,-0.34549105392029844,-0.13604641618908958,0.11944000353912987,-1.5707971149199964,-0.01717649597504138,-0.3469359971038049,1.521331039529702,-0.14520033971268315,0.9117625080171635,0.03293449899782457,0.8700871985682923,-0.27050777565366113,0.009314750383241371,-0.0009393604328125707,-0.0014449431835064641,-0.009153923523593566,0.0038973044081223648,5.5350513886266673e-05,0.0036567713918308044,-0.0013468262538539793,-12.596893315950211,0.5919413470089375,-0.2818116540177157,0.20384952363841302,-1.5707976290566648,1.523836595110525,0.6385254307468604,-0.7893194314618417,-0.9668778346745799,0,sac,0,-0.20384952363841302,-0.08440952009928315,1.6202681819122489,1.4746371450771203,1.2319040564491242,-0.3156041111081278,0.2080133580020232,1.6177626572316153,1.4177151250047322,1.3589533841806434,-0.16106728246459615,0.29129270838703925,-0.06604657691198543,0.058829189336930814,-0.05044897474254648,0.28181058799282854,-1.9395529285592743,7.665709658277276,18.33695025411912,1.0,-0.24011865258216858,1.3022617681990312e-06,5.141366683503179e-07,-0.8623545169830322,-0.8269932270050049,0.9900343418121338,1,0.1234496592104618,2.43866923503828,-9.0,-9.0,0.1234496592104618,-0.9617249648246036,-4.548889910894981,-0.3089089227750222,0.0035430540146536753,-0.000790538839095731,-0.0038364732324347693,-0.0507715352846243,0.08447053667821575,0.16096085666064344,1.002658842907877,0.0,-0.794125619284836,-0.5705171689537942,0.22180941365457507,0.23148257868078342,16.2577949002552,-30.0,-30.0,45.43533293817705,3.4003941998628835,-4.451110089105019,-8.691091077224979,0.23148257868078342,17.051920519540037,-78.52180689776617,-91.90667272210612,122.07920472761668,3.0199999999999796
0.8960181082292442,-1.2194999084034484,1.1560817540321426,0.8606530710052782,-1.2748619759247373,1.2069162036814247,1.3358526229858398,-1.89382803440094,1.8367457389831543,0.8960181082292442,-1.2194999084034484,1.1560817540321426,0,0.0,-1.5707963267948966,nan,-0.017689708549326964,-0.35409644826366016,-0.13190611120775256,0.11900155773200582,-1.5707970925582202,-0.01819727138919857,-0.34680591190881355,1.5183768045104957,-0.14504929180441578,0.9612971648834253,0.04317975929409648,0.8735479538353075,-0.39892570730696575,0.015038375463269405,-0.0005075628398716059,0.007290536354846611,-0.013143180596663223,0.008984813499141429,0.0003241916232926069,0.008246904563524119,-0.003551103846111235,-7.751385035392726,0.3872004834270056,-0.3045064931908963,0.30441090030179496,-1.5707979229393623,1.5208829941836046,0.8041483884655523,-0.7893194330796177,-0.9668800690221513,0,sac,0,-0.30441090030179474,-0.18540934256978936,1.6232224197027445,1.4739673126788888,1.2325006914122363,-0.31611575545549736,0.35024357128887196,1.620716140261711,1.4061650781444022,1.409442146145,-0.02156719174871162,0.29955511332221124,-0.06791996250426649,0.06049785652397137,-0.05187994038598904,0.304500454821314,-0.6013853864395298,3.057437621344347,10.217101935018693,1.0,-0.4977571368217468,1.5961444654877255e-06,8.303811420695695e-07,0.6679263114929199,-0.94691401720047,0.9183728694915771,1,0.0712752188853737,1.6644514400987416,-9.0,-9.0,0.0712752188853737,-0.10569389708357382,-7.0090054555572,-3.5592393063413015,0.00446206374708932,-0.0007905388407160063,-0.0038364820980994296,-0.023633001863953458,0.0450704851436881,0.105526660150254,1.0434549229738688,0.0,-0.8185955077302083,-0.5970516884104684,0.24945711528944997,0.13364938849685676,11.096342933991611,-30.0,-30.0,43.85369640825949,1.7701453371823155,-1.9909945444427999,-5.4407606936586985,0.13364938849685676,11.91493844172182,-69.58100364799891,-98.05733804523388,120.82525081045425,3.0299999999999794
0.881270260123123,-1.2753052932209357,1.2281678575069934,0.8517745639108806,-1.38691606285591,1.3723400644566948,0.8193271160125732,-1.7964296340942383,1.9768991470336914,0.881270260123123,-1.2753052932209357,1.2281678575069934,0,0.0,-1.5707963267948966,nan,-0.01910353368791304,-0.3596120809148407,-0.13066467719833255,0.1185508495542249,-1.5707970695771736,-0.019245944663924153,-0.34666894702255374,1.5153399455258834,-0.14489399279259288,0.5767571762619238,0.03651518638604946,0.5652597537440351,-0.10861349975971046,0.019235862811967028,-0.00014241097601111127,0.012943133892286962,-0.014229315594260328,0.009761959825260937,0.00045875039022908056,0.009249963380579807,-0.0030860306491358423,0.39706423230805543,-0.02107599954112828,-0.32225365896780095,0.33488099824444517,-1.5707979051424206,1.5177260191679778,0.8335745970356024,-0.7893194330915599,-0.966880069016802,0,sac,0,-0.3348809982444454,-0.21633014869022027,1.6262592815151133,1.4732787464309647,1.2331140130416696,-0.3166417094545423,0.3729305093767685,1.6238730719314376,1.4087084968143342,1.405615443235869,0.007619620761135171,0.3078167213817567,-0.06979316741606416,0.06216636277479292,-0.053310768018567614,0.3222496558494787,0.8272167682222114,-2.772771665026971,-2.3431782134003662,1.0,-0.6247908473014832,1.5783475237896027e-06,8.355652472147312e-07,0.4096635580062866,-0.8982148170471191,0.9884495735168457,1,0.05126702725453431,0.2630428493278206,-9.0,-9.0,0.05126702725453431,0.2784531971613938,-8.112898899996155,-5.692176154354198,0.004625344082358355,-0.000790538840727967,-0.003836482098078204,0.016342661850263694,-0.020998242682926542,0.00896632082190786,1.1113328210364166,0.0,-0.8681826762157663,-0.635876299967661,0.2774541601256449,0.09613168433252262,1.7536189955188044,-30.0,-30.0,42.46274156106948,-0.015410347833573146,-0.8871011000038447,-3.3078238456458022,0.09613168433252262,2.6218016717345707,-35.72814637205767,-62.918319956406464,72.40233777045157,3.039999999999979
0.8382071801481163,-1.2734293305451294,1.318803677010765,0.752081020198103,-1.2696774051935167,1.5000753160183082,0.40010929107666016,-0.8557620048522949,1.9510493278503418,0.8382071801481163,-1.2734293305451294,1.318803677010765,0,0.0,-1.5707963267948966,nan,-0.02031482339755726,-0.360050740440104,-0.13382194599689848,0.11808788370116696,-1.5707970459778036,-0.020322439957743937,-0.34652483863766853,1.5122204941743178,-0.14473444216832387,0.33703232864713956,0.01347944158244345,0.058276791014849616,0.33168194228349324,0.017379086577622247,-7.61656018667678e-06,0.013525901802435458,-0.010912496171425395,0.006557282783262096,0.00039499743809869243,0.0065435728351742155,0.0001535873508172192,8.708404989349441,-0.49127702391219946,-0.33107909216085374,0.27933616218771307,-1.5707975376054015,1.5144368117722096,0.5984203822360474,0.7892354298946523,-0.2929005662128631,0,sac,0,-0.27933616218771284,-0.16124827848654633,1.6293787357491152,1.472571453498264,1.2337440149554701,-0.31718196763241807,0.25636780670159054,1.6271623539830493,1.4244849480652624,1.3459891247962101,-0.09177508380467586,0.31607281726024317,-0.07166512251734551,0.06383375579094074,-0.054740640996686886,0.33107391957296906,2.004653097170727,-7.755060324953115,-14.472658826886097,1.0,-0.385539174079895,1.210810505192228e-06,4.916275981869944e-07,0.20005464553833008,-0.42788100242614746,0.9755246639251709,0,0.09184546964822343,-1.7869326866108748,3.1539566719395693,-0.3041441905406445,0.09184546964822343,0.09887717621255465,-4.562302906862041,-5.247702870246945,0.0033205188636763468,0.0007904547077557929,-0.001162199754448648,0.04338120167619442,-0.07190495695164392,-0.10638017744718406,1.1515316422511286,0.0,-0.9052473952110577,-0.6514457624267594,0.286654313041675,0.1722210194041317,-11.912884577405832,10.513188906465231,-1.013813968468815,15.92172851105697,-1.8858098628234294,7.71625957880161,4.9435586797063005,0.1722210194041317,-11.007637182194774,11.16463466889199,-1.30046828151049,15.7333410773237,3.049999999999979
0.8334233868262878,-1.2100517250438132,1.3827322261275672,0.8238558001826306,-1.083296514041181,1.5105893243611719,1.998612642288208,1.9672489166259766,1.6826748847961426,0.8334233868262878,-1.2100517250438132,1.3827322261275672,0,0.0,-1.5707963267948966,nan,-0.021163451770295678,-0.3541845458014704,-0.13773242961263746,0.117612671817517,-1.5707970217614573,-0.021426662059137486,-0.3463733185552751,1.5090185288774758,-0.14457064177190898,0.7023006738538624,-0.025559372865513116,-0.571467455624014,0.40742840121538726,0.010384878250757935,-0.00026321028884180794,0.007811227246195318,-0.006838212159271523,0.0028686661556062546,9.277161139322062e-05,0.0005516225452301491,0.0028136011636395956,12.814885302868339,-0.7656298325475581,-0.3305708700367829,0.16245244330990105,-1.5707970286588648,1.5111181211649993,-0.24557889767703928,0.7893198651651436,0.9673207274891408,0,sac,0,-0.16245244330990083,-0.04483977149238427,1.6325807039811966,1.4718454516622381,1.2343906813152943,-0.31773651640695205,0.05405190500340338,1.630481073688587,1.4476874088160168,1.2566053228457164,-0.2748401452941612,0.3243187516005659,-0.07353477363094524,0.06549909659281963,-0.05616875409834031,0.3305588316254203,2.3896185451176213,-9.11564868119851,-19.56376662183859,1.0,-0.1778154820203781,7.018639682776495e-07,6.897407534012245e-09,0.999306321144104,0.9836244583129883,0.8413374423980713,1,0.17045631288127028,-4.195420101477799,9.0,9.0,0.17045631288127028,-0.6551011522841026,1.1691008734465171,-1.8952842580008569,-0.001362669766043827,0.0007905392734690546,0.0038382305862254603,0.05578274087839936,-0.09293730016965686,-0.16263645179475106,1.140847967577232,0.0,-0.9094923984477894,-0.6337966994870338,0.26955408735563824,0.3196255632500849,-27.969467343185325,30.0,30.0,50.817253605071905,-3.540318949193696,7.830899126553483,10.895284258000856,0.3196255632500849,-27.059974944737537,54.82483884350021,63.203856571934345,87.93653873272432,3.0599999999999787
0.8530840784856855,-1.1807779394068934,1.3640821812109065,0.8924054618044808,-1.1222303681330539,1.326782091377585,1.9939351081848145,-1.747861385345459,-1.6268301010131836,0.8530840784856855,-1.1807779394068934,1.3640821812109065,0,0.0,-1.5707963267948966,nan,-0.0217210978885534,-0.3445238990566705,-0.13878934105236013,0.11712523239938433,-1.5707969969298787,-0.02255849655763538,-0.34621411447760403,1.505734174220771,-0.14440259576221812,0.9597271789712566,-0.057418838024017246,-0.9501442667128823,0.12249574494135329,0.005921713699418827,-0.0008373986690819804,-0.0016902154209335052,-0.00561325470985799,0.00654216469453855,-0.000320377481889971,-0.005956005315082089,0.002687615643331174,10.848264329456782,-0.6838731681728148,-0.32625373424222304,0.04151542204688585,-1.5707966279912862,1.5078368603150278,-0.7125203658745741,0.7893194331018366,0.9668800018606221,0,sac,0,-0.04151542204688585,0.07560981035249847,1.6358650616239756,1.4711007691713465,1.2350539869595967,-0.31830533420085955,0.14428884567551375,1.6337622509382397,1.4679027915794853,1.1803853327128555,-0.4517817754021607,0.33254994099394847,-0.07540108153256571,0.06716145951969399,-0.05759431352311013,0.32624137970160355,1.6182257705260532,-6.109088135712374,-15.36066110970926,1.0,-0.15437446534633636,3.011963896071279e-07,-3.68938592565371e-07,0.9969675540924072,-0.8739306926727295,-0.8134150505065918,1,0.21697964839002848,-4.5,9.0,9.0,0.21697964839002848,-1.61945962456924,5.249489254211369,1.829384560599988,-0.003953637586339514,0.0007905388407382595,0.0038364818316092898,0.04445110448115706,-0.07224642788029174,-0.14224673917693062,1.1021624133051056,0.0,-0.8874420017316189,-0.6079290293663028,0.2400645207415219,0.40686226962315486,-30.0,30.0,30.0,51.963117082277144,-2.88054037543076,3.750510745788631,7.170615439400012,0.40686226962315486,-35.18131666808112,70.81210495012182,95.7472784160598,124.17643138275389,3.0699999999999785
0.8874039027038596,-1.1734064881958817,1.2896247954919708,0.9560435511402079,-1.1586635857738583,1.1407100240540993,1.9849987030029297,-1.7477470636367798,-1.867862582206726,0.8874039027038596,-1.1734064881958817,1.2896247954919708,0,0.0,-1.5707963267948966,nan,-0.02224669906236532,-0.3355483341039551,-0.13797168552404554,0.11662559069642153,-1.5707969714852044,-0.023717810018698354,-0.3460469503176823,1.5023676002938777,-0.1442303105861992,0.8854717312321334,-0.06337122872510544,-0.8808400792793658,-0.06453703522956711,0.012310787851213905,-0.0014711109563330348,-0.010498616213727163,-0.006258625062153661,0.009939399065474187,-0.0006349360834822962,-0.009825547335568448,0.0013590914278094283,4.5426376802440105,-0.301151927089845,-0.32303082685282936,-0.03189058654039889,-1.5707964716156366,1.5045978036172698,-0.8219174398570434,0.7893194330946385,0.9668800690171342,0,sac,0,0.03189058654039911,0.14851617723682065,1.6392316385857233,1.4703374445915265,1.2357338975368186,-0.3188883915559595,0.24130802521112524,1.6370012517633725,1.474031552583828,1.153671266761009,-0.545773090471973,0.3407618679799411,-0.0772630219507767,0.06881993222968755,-0.05901653689216722,0.3230305460344603,-0.16051305782053915,-0.099684886792764,-4.812807197167148,1.0,-0.3185538649559021,1.4482074028876468e-07,-4.998695679603316e-07,0.9924993515014648,-0.8738735318183899,-0.933931291103363,1,0.20455926794497362,-4.2193225238007415,9.0,9.0,0.20455926794497362,-2.419411841958668,7.328328516864767,4.56215609778189,-0.004560660773672226,0.0007905388407310502,0.0038364820980795224,0.010250045210525747,-0.020072786663949765,-0.06471221553612322,1.0446335651634902,0.0,-0.845322280354011,-0.5766222898676623,0.21022907180276523,0.3835726006843683,-28.128816825338276,30.0,30.0,50.90557399669932,-1.7999106818420736,1.671671483135233,4.43784390221811,0.3835726006843683,-27.283494544984265,50.8718754786273,81.7760813036809,100.09900794026568,3.0799999999999783
0.9297299375768925,-1.1564126586435861,1.1773736275386733,1.0143820073229584,-1.1224249995389948,0.9528712916320781,1.4877941608428955,-0.828351616859436,-0.5714257955551147,0.9297299375768925,-1.1564126586435861,1.1773736275386733,0,0.0,-1.5707963267948966,nan,-0.023031033867991803,-0.3311621438267241,-0.13769230798467,0.11611377861393946,-1.5707969454299626,-0.024904450162759217,-0.3458715465254982,1.4989190220312512,-0.14405379494850976,0.42312117624629736,-0.040230533843437985,-0.42107864850469134,-0.010286190168609655,0.016135201664661813,-0.0018734162947674146,-0.014709402698774077,-0.0063614869638397575,0.00940372803224077,-0.0006902725795396682,-0.009341023361497017,0.000836006716631788,-4.221441681454838,0.2935422550708667,-0.32463305922078,-0.02613019720671894,-1.5707966089436596,1.5013661260880504,-0.8194354769452816,-0.5824164525772928,0.9668800690167967,0,sac,0,0.02613019720671872,0.14224397582065862,1.6426802199298483,1.4695555266566656,1.2364303696385774,-0.3194856512473906,0.2007127870540112,1.640233020309144,1.4606002997794412,1.1920949071795135,-0.5150203151336786,0.34895008104642294,-0.07911958556701577,0.07047361569978372,-0.06043465324827135,0.3246465029522075,-2.056890189098491,6.298483373283265,8.473228272834625,1.0,-0.3550443649291992,2.821487630200181e-07,-3.364863028210152e-07,0.7438970804214478,-0.414175808429718,-0.2857128977775574,1,0.1649490610903007,-1.2028460280386932,1.2178959151173276,9.0,0.1649490610903007,-2.5676016170104843,5.665459449556422,6.281563116584028,-0.004546888841913059,-0.0005833162189330509,0.003836482098078183,-0.041574685397454555,0.05466677111927516,0.05245937905894421,0.9740592464742099,0.0,-0.786967990749079,-0.5417114809985931,0.18979322572888147,0.3092988207206088,-8.018973520257955,4.059653050391092,30.0,31.31900996150177,1.364755588971791,-4.4475635344390945,2.718436883415972,0.3092988207206088,-7.232005529508877,4.601364531389685,32.86183193440123,33.96277555464084,3.089999999999978
0.9138511795783859,-1.0951314691234777,1.1003536897329143,0.8820936635813729,-0.9725690900832612,0.946313814121396,-1.583531379699707,1.8204848766326904,0.8240938186645508,0.9138511795783859,-1.0951314691234777,1.1003536897329143,0,0.0,-1.5707963267948966,nan,-0.024355667771180985,-0.3342547518103254,-0.13749423232406227,0.11558983461502592,-1.5707969187670652,-0.02611824604882525,-0.3456876204300596,1.4953886985526414,-0.14387305978126178,0.32784541067185136,0.011083801712314864,0.32765340790398834,-0.0017340493359746523,0.013210094881932095,-0.001762578277644266,-0.011432868619734193,-0.006378827457199504,0.004090672142984418,-0.0003856072285800213,-0.0040358498726911045,0.0005448132264866167,-11.40469425473645,0.830924508688631,-0.3361277229082458,0.06374276510088017,-1.570796977327529,1.4980630326624749,-0.050099450622635405,-0.7894048485774988,-0.9689455231713019,0,sac,0,-0.06374276510087995,0.05184706951414597,1.6462105465343797,1.4687550741190731,1.2371433509328542,-0.32009706839782714,0.06997719982547271,1.6435362584714313,1.43452435748012,1.2776110365837012,-0.36570716744637605,0.35711019462960003,-0.08096977801558797,0.0721216242258253,-0.061847903055770925,0.3361405350890423,-2.7457504317889794,9.35980412962673,18.048977504888946,1.0,-0.22532743215560913,6.505326322070459e-07,5.856046403351911e-08,-0.7917656898498535,0.9102424383163452,0.4120469093322754,1,0.12913199022059205,1.703876720849467,-9.0,-9.0,0.12913199022059205,-1.9386397378096676,0.11367316224780309,3.765884827010175,-0.00027799215366074083,-0.0007906243881709963,-0.0038446776107814475,-0.06309454563272493,0.09254415029147835,0.14279485365737288,0.910028553944913,0.0,-0.7333697452855035,-0.5078519466138374,0.18001996004743806,0.24213761526456412,11.359178138996446,-30.0,-30.0,43.921402056607675,3.6425164586591343,-9.113673162247803,-12.765884827010176,0.24213761526456412,12.09254788428195,-48.295883511204224,-34.989383596582144,60.85258970294491,3.099999999999978
0.8412546771588477,-1.0624585351471456,1.0720763106512972,0.6960616723197715,-0.9971126671944812,1.0155215524880632,-1.9192854166030884,-1.342160701751709,1.9884846210479736,0.8412546771588477,-1.0624585351471456,1.0720763106512972,0,0.0,-1.5707963267948966,nan,-0.026133877625233535,-0.342226198513845,-0.13485494861822087,0.11505380362266426,-1.5707968914998074,-0.02735900826302533,-0.345494886596721,1.4917769325036194,-0.14368811821387437,0.8542042445257926,0.053744763985246954,0.816418053685819,-0.24543421384539965,0.009497902503625165,-0.0012251306377917964,-0.0032686880828760034,-0.0088331695956535,0.0030287032160883185,0.00010104809753328252,0.002747357940527993,-0.0012707701600786873,-12.15994675528386,0.9285088698255545,-0.35715674573283607,0.18794408835829035,-1.5707973932942643,1.4945830868959125,0.6491297813957062,-0.7893194322359905,-0.9668761355591835,0,sac,0,-0.18794408835829035,-0.07289028473562631,1.64982231575145,1.4679361555999504,1.237872780297183,-0.3207225905916947,0.19830230955970007,1.6470162247987103,1.4107075788244792,1.364053449757281,-0.17888021157494402,0.36523788911400634,-0.08281261988366592,0.07376308542251464,-0.0632555382006031,0.35715882278833994,-2.001651398458221,7.637854088143906,17.83154724958866,1.0,-0.23261576890945435,1.0664993679299073e-06,5.017944566532151e-07,-0.9596427083015442,-0.6710803508758545,0.9942423105239868,1,0.09073940565958762,2.5433379807463012,-9.0,-9.0,0.09073940565958762,-0.9229230686410649,-4.507468706312378,-0.3186199901637381,0.0036018955037001523,-0.0007905388398710758,-0.0038364664905171215,-0.0520680212272368,0.08414775521210778,0.1567880679474942,0.8960660246949045,0.0,-0.7162553884226097,-0.5031617222103129,0.19167895155821738,0.17014701980046432,16.955586538308676,-30.0,-30.0,45.68939554061118,3.466261049387366,-4.492531293687622,-8.681380009836262,0.17014701980046432,17.671841926731286,-77.81139334826408,-88.93488641405094,119.4836804897227,3.1099999999999777
0.8157518694173538,-1.0876538291273983,1.0946180548706899,0.7647462539343659,-1.1380444170879036,1.1397015433094753,1.1221585273742676,-1.8714075088500977,1.7858939170837402,0.8157518694173538,-1.0876538291273983,1.0946180548706899,0,0.0,-1.5707963267948966,nan,-0.028052571793959764,-0.35026579983433315,-0.13102992390910853,0.1145057369218474,-1.5707968636318648,-0.028626529112501273,-0.3452930571991252,1.4880840693960913,-0.14349898554302654,0.9031329796137266,0.06511733192502873,0.8241430718083975,-0.36358920382645044,0.013436334855531416,-0.0005739573185415091,0.004972742635207972,-0.012469061633918005,0.008024444522193454,0.0005005949500056605,0.0073129160994938325,-0.0032653288819892642,-7.338809191046683,0.587723918237377,-0.37894393845009544,0.284456712002229,-1.5707976648866517,1.4908802512209887,0.8092464770603627,-0.7893194330871878,-0.9668800690263,0,sac,0,-0.2844567120022292,-0.16995097508038182,1.6535151820667788,1.4670988494398627,1.2386185879518385,-0.3213621579893863,0.3352981221590452,1.6507189798397663,1.3985700479865988,1.4143777925375085,-0.044180778111012474,0.37332891083250386,-0.08464714671128996,0.07539714022341362,-0.06465682199029386,0.37894015199577846,-0.6550174192645841,3.045219913989952,9.752507600678864,1.0,-0.4440532922744751,1.338091755176407e-06,8.01254786964023e-07,0.5610792636871338,-0.9357037544250488,0.8929469585418701,1,0.049719692035792816,1.7817545233233956,-9.0,-9.0,0.049719692035792816,-0.047160046178634875,-6.989086827302988,-3.5633173332583477,0.0044903520538553884,-0.000790538840723588,-0.0038364820981158913,-0.024841476470214903,0.04494558232907055,0.10169964795190634,0.9332258454957187,0.0,-0.738491239246341,-0.5274309411865485,0.21761840578561903,0.09323024945770264,11.878363488822638,-30.0,-30.0,44.057964218197924,1.8289145695020304,-2.0109131726970118,-5.436682666741652,0.09323024945770264,12.61685472806898,-69.17303737373359,-95.10625763325977,118.2763841839128,3.1199999999999775
0.7883583607098176,-1.1414643910232438,1.1641109593598598,0.733571343294745,-1.249085514814935,1.3030967683381998,0.6079387664794922,-1.6965728998184204,1.9615674018859863,0.7883583607098176,-1.1414643910232438,1.1641109593598598,0,0.0,-1.5707963267948966,nan,-0.029840683586366372,-0.35518649382448697,-0.12997999841391708,0.11394569206169614,-1.5707968351672859,-0.02992058282503848,-0.34508184240507583,1.4843104969488208,-0.14330567920270196,0.5226315866090633,0.04940580798694014,0.5131908784203165,-0.08566191548668722,0.016723759525918154,-7.989923867210771e-05,0.010104651419411137,-0.013325680788784877,0.008749430874356081,0.0006619304803794853,0.008281891942297556,-0.0027431103733511746,0.7795023700894815,-0.06546999709993956,-0.3959548850988181,0.3110116828895868,-1.5707976325428783,1.4869817132429208,0.837148676579274,-0.7893194330930572,-0.9668800690168097,0,sac,0,-0.3110116828895868,-0.19706599082789067,1.6572887577591566,1.4662432435492112,1.2393806955930267,-0.32201570344147806,0.35368624948924143,1.6546174894118406,1.4007251885066587,1.4103996553330291,-0.019448806250012267,0.3813790720662818,-0.08647240899136789,0.07702294288094357,-0.06605102915395783,0.3959511082656532,0.8009068274845954,-2.7926496670567027,-2.7739900166850755,1.0,-0.5364880561828613,1.3057479817391027e-06,7.97375592220817e-07,0.3039693832397461,-0.8482864499092102,0.9807837009429932,1,0.05140452569400301,0.3545839040603928,-9.0,-9.0,0.05140452569400301,0.3508357917968718,-8.10399932926592,-5.681377962900736,0.004645175957904935,-0.0007905388407294665,-0.0038364820980782348,0.015638742796411687,-0.021159541070102223,-0.006287787515667708,0.9986640031863222,0.0,-0.7863659447227176,-0.5649481615932446,0.24452395987487957,0.09638951002063192,2.363892693735952,-30.0,-30.0,42.49232024266432,0.0037481122635210085,-0.8960006707340806,-3.3186220370992636,0.09638951002063192,3.15025863845867,-35.44439857385225,-59.979242806488706,69.74057913674542,3.1299999999999772
0.7606473809611527,-1.129026603128862,1.255396953360326,0.7052254214638228,-1.1041510273400987,1.4379689413612582,0.5946946144104004,-0.5390000343322754,1.963883399963379,0.7606473809611527,-1.129026603128862,1.255396953360326,0,0.0,-1.5707963267948966,nan,-0.03126530445479515,-0.35500856910972345,-0.13299084532366387,0.11337373275757545,-1.5707968061104918,-0.031240925754823803,-0.34486095077563605,1.4804566444279506,-0.1431082187343149,0.32102891266726474,0.0104277938643451,0.0042966914676256796,0.3208307378133851,0.014329549780292028,2.4378699971343287e-05,0.010147618334087394,-0.010117373410651026,0.005572123247015743,0.0005099031437509063,0.005540100574549357,0.00030958341009183245,8.913469586178964,-0.7849294578800297,-0.40429412165720735,0.25231462126664495,-1.5707972665074643,1.4829569048629603,0.6011318394154069,0.7892050655255295,-0.10754862775785146,0,sac,0,-0.25231462126664495,-0.13894088850906972,1.661142613559926,1.4653694352587028,1.2401590165260705,-0.3226831526029453,0.23407790371157156,1.6586423510380055,1.4164624533564665,1.35061114051858,-0.12219712037106406,0.38938425104485747,-0.08828747216967514,0.07863966096638535,-0.06743744584229845,0.404286827937378,2.0156241023363304,-7.757845383143806,-14.690185237801884,1.0,-0.2973930537700653,9.397125677601537e-07,4.603969725458512e-07,0.2973473072052002,-0.2695000171661377,0.9819416999816895,0,0.11692611401519325,-1.7490705133666016,3.2888800798853266,0.5682340830087577,0.11692611401519325,0.17148372278056095,-4.513996403314799,-5.07617576963733,0.0033355642147027804,0.000790424296477216,-0.00042674205238861284,0.043460691044161996,-0.07203048571008397,-0.10876778072279748,1.0320211777881223,0.0,-0.8189292181762651,-0.5756696797095809,0.2510519206926388,0.21925016691391946,-11.660470089110678,10.962933599617756,1.8941136100291924,16.117946916777655,-1.9205542361471626,7.802876483200126,5.6444098526460875,0.21925016691391946,-10.841540870934413,11.538603279327337,1.6430616893365535,15.919362312746768,3.139999999999977
0.7679221827029638,-1.0593939694730756,1.320584832735773,0.7824717861865859,-0.920128702161503,1.450960591486667,1.9968736171722412,1.972914218902588,1.6552042961120605,0.7679221827029638,-1.0593939694730756,1.320584832735773,0,0.0,-1.5707963267948966,nan,-0.03214826957785523,-0.348854605281562,-0.13642252114435716,0.11278992879320793,-1.57079677646627,-0.032587296594726284,-0.3446300896767074,1.4765229819875185,-0.14290662575691476,0.6964088810364673,-0.0463405716842398,-0.5923102729232799,0.363326879809342,0.007751315336366693,-0.0004390270168710547,0.004224515604854595,-0.006484104612557606,0.0026364561179253077,3.094351819732047e-05,-0.00025488365552742837,0.0026239241000021955,12.640173651199923,-1.1647451356907756,-0.4038133025309118,0.1353677955431094,-1.5707967695148033,1.4789057596833137,-0.25727157125804134,0.7893200173773242,0.9670816040000311,0,sac,0,-0.13536779554310918,-0.022577866749901254,1.665076279312468,1.4644775311698228,1.2409534557986013,-0.3233644240473782,0.037250620657187206,1.6626934804976539,1.4399324503114803,1.2616542506362238,-0.3046308416910356,0.39734039194607584,-0.09009141664485477,0.08024647536987936,-0.0688153696276079,0.40379816134990787,2.423326639537252,-9.040202108855878,-19.310599433046175,1.0,-0.13504651188850403,4.4271990695676777e-07,-6.951466957616503e-09,0.9984368085861206,0.986457109451294,0.8276021480560303,1,0.21280314100176206,-4.221859048877792,9.0,9.0,0.21280314100176206,-0.598277106824728,1.214481656017096,-1.6684460642407686,-0.0014275501483721358,0.0007905394259163854,0.0038372817684613997,0.056450602019680565,-0.09238560834251011,-0.16133583147289174,1.0159117844167764,0.0,-0.8193629555652711,-0.5541668392198211,0.23156039184915753,0.3990308288051042,-28.145726992518615,30.0,30.0,50.91503877578537,-3.6235819420530637,7.785518343982904,10.668446064240769,0.3990308288051042,-27.326364036953343,55.067514345068474,65.19434052719507,89.60816129127204,3.149999999999977
0.7950119852707829,-1.0303985981926533,1.3036600531407443,0.849191590406421,-0.9724078556318089,1.269810493950687,1.996091604232788,-1.871075987815857,-1.8441232442855835,0.7950119852707829,-1.0303985981926533,1.3036600531407443,0,0.0,-1.5707963267948966,nan,-0.03265468886299832,-0.3394284893558723,-0.1370913818394943,0.11219435592279203,-1.5707967462397716,-0.03395941659547785,-0.3443889657023353,1.472510020009979,-0.14270092393745323,0.9267058566056192,-0.08657007156084723,-0.9184991951317611,0.08745625145986646,0.007601026416773846,-0.001304727732479527,-0.004960476346463016,-0.005609542097958942,0.0067226718287622216,-0.0005555215900282356,-0.006282131766035438,0.0023282037613607115,10.376485630670134,-0.9981951494460795,-0.3998900385718616,0.017781548079098597,-1.5707963788340187,1.474890663688958,-0.7200222707220978,0.7893194331054662,0.9668800518530082,0,sac,0,-0.01778154807909882,0.09441280784369344,1.6690892446316825,1.4635676470053058,1.2417639103337452,-0.32405942938119786,0.1623401189177333,1.66670845502445,1.460486047110177,1.1866203770292134,-0.47669736872737817,0.4052435048961095,-0.09188333776841741,0.08184258030042546,-0.07018410950376705,0.3998755269479186,1.6500610871267016,-5.967146663806815,-14.741473014864143,1.0,-0.18264369666576385,5.2039122344638145e-08,-3.6740575293237043e-07,0.998045802116394,-0.9355379939079285,-0.9220616221427917,1,0.2566119828036462,-4.5,9.0,9.0,0.2566119828036462,-1.580266599449671,5.273938572858371,2.002492041418369,-0.003995264204180685,0.0007905388407418946,0.0038364820299740103,0.04515525025288282,-0.07100562944978131,-0.13769588380039288,0.9764547176090452,0.0,-0.796415866172209,-0.5277417654324817,0.20167848836288355,0.48117754135317126,-30.0,30.0,30.0,51.963752095343374,-2.919733400550329,3.7260614271416292,6.997507958581631,0.48117754135317126,-35.52127007612835,70.405141008795,95.35253230577212,123.73755071617984,3.1599999999999766
0.8347845518324064,-1.028294419459421,1.2317446497616746,0.9143296849556536,-1.0240860619929566,1.0879138430035353,1.978423833847046,-1.8682998418807983,-1.883544921875,0.8347845518324064,-1.028294419459421,1.2317446497616746,0,0.0,-1.5707963267948966,nan,-0.03317947739569287,-0.33106789644936613,-0.1362809865405735,0.1115870957731171,-1.5707967154365075,-0.03535698979213311,-0.3441372851089518,1.4684183084467262,-0.14249113896111315,0.8177832520365518,-0.08727846639607073,-0.8108912313122663,-0.060061032258071356,0.01463271927080856,-0.0021775123964402343,-0.013069388659585679,-0.006210152420539655,0.009692560654226147,-0.0009505218568033522,-0.009577079076183995,0.001149694135024885,3.910390941472326,-0.3918773555369544,-0.39701488624031356,-0.05001819028553989,-1.5707962291146613,1.470914571203471,-0.8254404277401842,0.789319433094746,0.9668800690168156,0,sac,0,0.05001819028553989,0.16160528605865698,1.6731809595634735,1.4626399074596068,1.242590269063313,-0.32476807335787217,0.2519297497927298,1.6706844770922138,1.4668953959142028,1.1614765908253015,-0.5632315473462616,0.41308966596945895,-0.0936623458447413,0.08342718328588306,-0.0715429858862456,0.3970142390903404,-0.13401525760629118,0.060903044938368955,-4.003090261315231,1.0,-0.3695376515388489,-9.768023545575488e-08,-4.863218459050245e-07,0.989211916923523,-0.9341499209403992,-0.9417724609375,1,0.2253693789571181,-4.239202755063686,9.0,9.0,0.2253693789571181,-2.3960198242965483,7.339009897202363,4.6737805006164095,-0.004580209151484428,0.0007905388407311579,0.0038364820980782578,0.01081841749873581,-0.01856308262284438,-0.0583625415887683,0.9233129919383705,0.0,-0.7569768351973387,-0.49928895177516647,0.17379152652549545,0.42259399766945077,-28.261351700424573,30.0,30.0,50.979236808939746,-1.8431829307671377,1.660990102797637,4.3262194993835905,0.42259399766945077,-27.504374865227234,49.92010505402125,79.36940649877485,97.71483407848622,3.1699999999999764
0.8636743625510807,-1.0010552989326575,1.1223902281178635,0.9214539839884291,-0.9465770578791306,0.9036813848302414,0.9643425941467285,-0.4799692630767822,-0.2054065465927124,0.8636743625510807,-1.0010552989326575,1.1223902281178635,0,0.0,-1.5707963267948966,nan,-0.034133082912146596,-0.3274724557848526,-0.1363271371778156,0.11096823574567671,-1.570796684062341,-0.03677970323817834,-0.34387475425974356,1.4642484361586092,-0.14227729850168397,0.337578812381822,-0.046910792959151126,-0.3332909815305263,0.025999109667129705,0.017647787798747837,-0.0026466203260317456,-0.01640229847489094,-0.005950161323868358,0.008694004095981485,-0.000944747764541986,-0.008591453393260867,0.0009381297744779681,-4.883865295981059,0.5090080611321401,-0.3987717553950676,-0.03758389798768813,-1.5707963722169958,1.466943662583514,-0.8272049303544805,-0.6302849244160293,0.966880069016793,0,sac,0,0.03758389798768835,0.14855213373336484,1.6773508352442312,1.4616944460493726,1.2434324130609884,-0.3254902539921316,0.20323476498389711,1.67465548624555,1.4538035506914262,1.2012429050355944,-0.5241227890282136,0.42087501718895226,-0.09542756613107223,0.08499950517297103,-0.07289133061210191,0.3987866127565957,-2.013852150053,6.403215641688865,9.299681857198019,1.0,-0.33777958154678345,4.5422098970959723e-08,-3.118453451023129e-07,0.48217129707336426,-0.2399846315383911,-0.1027032732963562,0,0.1602992253447463,-1.2415017190442523,0.8883365742251468,8.806843134915512,0.1602992253447463,-2.5604399350356504,5.56096253911966,6.30937242077233,-0.004590000034933091,-0.0006312586420488701,0.0038364820980781684,-0.040789253410241144,0.055825463586874055,0.05926435094954921,0.8510296184542662,0.0,-0.6976394686766152,-0.46258680951315734,0.15350578782398364,0.3005798337610094,-8.276678126961682,2.9611219140838227,29.35614378305171,30.645475520132866,1.318938215991398,-4.672625964894513,2.4974707141431827,0.3005798337610094,-7.579038658285068,3.42370872359698,29.202637995227725,30.36524365989174,3.179999999999976
0.8394301357621176,-0.9341845715684642,1.0361064883419173,0.7909416821841913,-0.8004431168400776,0.8635390087900253,-1.6118369102478027,1.8899354934692383,0.12450337409973145,0.8394301357621176,-0.9341845715684642,1.0361064883419173,0,0.0,-1.5707963267948966,nan,-0.03589668980393836,-0.3313978258490567,-0.13647091019999563,0.11033786891878594,-1.5707966521234893,-0.038227227247639585,-0.3436010800783239,1.4600010302564566,-0.14205943219197975,0.42264244902250175,0.03160828823305234,0.41990442456237287,0.036163933188423925,0.013622863010964754,-0.002330537443701222,-0.012203254229267213,-0.005588521991984119,0.003076968574804624,-0.0004183694564648501,-0.0029230992213273646,0.0008649818209117803,-11.991774192117813,1.2988478970860295,-0.40992346608984104,0.058817587735711774,-1.570796742556234,1.4629018551093718,-0.0831919208771549,-0.7894314538988286,-0.9667196714328534,0,sac,0,-0.058817587735711996,0.05152028118307417,1.6815982445603157,1.460731404963913,1.2442902156755165,-0.3262258626741852,0.06766987293677162,1.6786974635457372,1.4283466130901874,1.2872407442390668,-0.3671804048421963,0.42859576652574494,-0.09717813883752356,0.08655878012726771,-0.07422848693998313,0.4099388105007599,-2.6726794262656854,9.37478285327684,18.76401232671642,1.0,-0.2298724204301834,4.1576133735787835e-07,9.043274484810127e-08,-0.8059184551239014,0.9449677467346191,0.06225168704986572,1,0.10170536275850774,1.5864969600195478,-9.0,-9.0,0.10170536275850774,-1.9567516640538642,0.007074071600550749,3.7521725980282317,-0.0004616158653317723,-0.000790651034594484,-0.0038358456567251214,-0.0616493117754653,0.09282164202845497,0.1487955796850797,0.7838776269854029,0.0,-0.6412036665798447,-0.42713584364538043,0.14448862628656553,0.19070947451435916,10.576646400130318,-30.0,-30.0,43.725299532159404,3.543248624073412,-9.00707407160055,-12.752172598028231,0.19070947451435916,11.217850066710163,-49.170402211329716,-39.07498599405504,63.80015293306431,3.189999999999976
0.7618281098330286,-0.8956486523981592,1.003746097240802,0.6066240579748506,-0.818576814057549,0.9390253150385719,-1.9679197072982788,-1.071867823600769,1.9934160709381104,0.7618281098330286,-0.8956486523981592,1.003746097240802,0,0.0,-1.5707963267948966,nan,-0.038293546557724926,-0.34013873581025034,-0.1339428200587232,0.10969609394969448,-1.570796619626512,-0.03969921564554079,-0.3433159705108494,1.4556767554415937,-0.14183757159428734,0.9361789610715375,0.09248683558853582,0.9026019528668161,-0.23062295435800073,0.008625417539773014,-0.001405669087815864,-0.003177234700599052,-0.007894751535564126,0.004186732576974417,0.0003370693596009156,0.004061425290448506,-0.0009591342596437383,-12.657225308071391,1.4248968431684235,-0.42991366147537113,0.18878392891966977,-1.5707971549244235,1.4586895681694698,0.6246254263245086,-0.7893194312580465,-0.9668803855193342,0,sac,0,-0.18878392891967,-0.07908783496997529,1.685922522807541,1.4597509349156732,1.2451635426638925,-0.32697478428393634,0.20706260507170687,1.6829097981533574,1.4053273597110891,1.3735434533976745,-0.173930611277654,0.436248187899321,-0.0989132191270764,0.08810425563321113,-0.07555380955012521,0.42991813602548545,-1.9217043197509946,7.611523122795925,18.42699566868723,1.0,-0.22502177953720093,8.281295267309474e-07,5.352979117745349e-07,-0.9839598536491394,-0.5359339118003845,0.9967080354690552,1,0.05568985580973368,2.347627388823676,-9.0,-9.0,0.05568985580973368,-0.979337109134215,-4.5676661861295464,-0.3382091007736945,0.003465925580763872,-0.0007905388388916209,-0.003836483353928167,-0.050347211027665366,0.08394573478154227,0.1618020448599679,0.7674961861316877,0.0,-0.6227524834148879,-0.42062470543543995,0.15589931784528563,0.10442500620613854,15.650849258824508,-30.0,-30.0,45.22123380785147,3.326964497957891,-4.4323338138704536,-8.661790899226306,0.10442500620613854,16.273601742239396,-78.03420521804162,-92.76225883055679,122.3070515775995,3.1999999999999758
0.6908295655676643,-0.9202867254880404,1.021420070090208,0.5488324770369355,-0.9695628716678029,1.0567680157890198,0.2004075050354004,-1.8798565864562988,1.7666378021240234,0.6908295655676643,-0.9202867254880404,1.021420070090208,0,0.0,-1.5707963267948966,nan,-0.04083544148522331,-0.34883024970488147,-0.13000160386400927,0.10904301497670188,-1.570796586578313,-0.041195306027034376,-0.3430191349957211,1.4512763133463653,-0.14161175017083905,0.9782039182436071,0.10458045460048013,0.89883494097594,-0.37153947712656454,0.012988227512538638,-0.0003598645418110627,0.005811114709160348,-0.011610146306829772,0.009270624415072736,0.0009202871364669004,0.008684479287453329,-0.003110846852159453,-7.772041187483821,0.9097869938007103,-0.45038850821020515,0.29022780923593205,-1.5707974205842585,1.4542656511233907,0.797745430330409,-0.7893194330771853,-0.9668800690160093,0,sac,0,-0.2902278092359323,-0.18118479425922995,1.6903229683506564,1.458753194990703,1.2460522523245505,-0.32773689730519884,0.3494067543050721,1.687333653077455,1.3938606738488948,1.4235999391223009,-0.033896934807191505,0.44382862117749144,-0.10063197711557925,0.08963519249409858,-0.0768666645443527,0.45038597718402146,-0.60059258193421,3.0232684870200384,10.24778488657881,1.0,-0.45251500606536865,1.0937893621942862e-06,8.340059456379834e-07,0.1002037525177002,-0.9399282932281494,0.8833189010620117,1,0.026216597139259622,1.5806498343141557,-9.0,-9.0,0.026216597139259622,-0.14329168169932316,-7.017697647826343,-3.579500911368752,0.0044265349718299795,-0.0007905388407135702,-0.003836482098075059,-0.02352965567273564,0.04470274323435253,0.1058634701653546,0.8058733201521666,0.0,-0.6459447606536625,-0.4459434974994849,0.18254197148898643,0.04915919208561714,10.537665562094372,-30.0,-30.0,43.71549853455541,1.723941516013479,-1.9823023521736571,-5.420499088631248,0.04915919208561714,11.183610322748034,-68.99903083148574,-98.58816988413498,120.85350244516964,3.2099999999999755
0.5994891387388024,-0.9596497645154851,1.0777178693531984,0.4168082850810787,-1.0383758425703746,1.1903134678791787,-0.28492653369903564,-1.404130458831787,1.9001340866088867,0.5994891387388024,-0.9596497645154851,1.0777178693531984,0,0.0,-1.5707963267948966,nan,-0.04313443918472993,-0.35432496609460673,-0.12876391820737396,0.10837874152127114,-1.5707965529861299,-0.0427151200255244,-0.34271028493998207,1.4468004418746558,-0.14138200325429914,0.5941754894863499,0.07791837010165947,0.5803566445464314,-0.10079387400954154,0.017154961880817665,0.00041931915920553203,0.011614681154624662,-0.012618085046925187,0.01008728432456668,0.0011309788580121034,0.009641632593181498,-0.0027410058017958514,0.3820624945073926,-0.0464926365301027,-0.4661876704631345,0.32102075095721094,-1.5707973842020502,1.449658283865334,0.829292398912324,-0.7893194330910582,-0.9668800690167912,0,sac,0,-0.32102075095721094,-0.2126420094359398,1.694798843282832,1.4577383524991308,1.2469561956305517,-0.32851207393991266,0.3720895358166028,1.6919409959735017,1.396276577037976,1.4195969916026008,-0.004691041429250376,0.4513334721763954,-0.10233359787174837,0.09115086483208704,-0.07816642944607904,0.466183415773368,0.8050927479728374,-2.7787210149781787,-2.3585095905238624,1.0,-0.5693989992141724,1.0574071538371754e-06,8.312159200940528e-07,-0.14246326684951782,-0.7020652294158936,0.9500670433044434,1,0.05000537433576112,0.20777957469161284,-9.0,-9.0,0.05000537433576112,0.2298909187374969,-8.116729869048898,-5.704737049339553,0.004601582993885375,-0.0007905388407274645,-0.0038364820980781615,0.015973908381612986,-0.021110778167171964,0.008906798800520317,0.8637440706373823,0.0,-0.6877091506901866,-0.47946701685873205,0.2078973866185095,0.09376593725063026,1.3851971646107524,-30.0,-30.0,42.44911734342464,-0.02211134404588405,-0.883270130951102,-3.2952629506604474,0.09376593725063026,2.072906315300939,-35.24150815537092,-63.179143841377446,72.37315694535883,3.2199999999999753
0.4896665522844852,-0.9577463520244072,1.150721340657009,0.27002137937585086,-0.9539395270422514,1.2967282832646303,-0.6177427768707275,-0.4432704448699951,1.9403228759765625,0.4896665522844852,-0.9577463520244072,1.150721340657009,0,0.0,-1.5707963267948966,nan,-0.04487367707438133,-0.3546379960929332,-0.13170219308910722,0.1077033883901446,-1.5707965188575346,-0.04425826359007197,-0.34238913420151024,1.4422499145424084,-0.14114836801825534,0.3240625246232664,0.019609432510382663,0.06341807367983288,0.3171910117777066,0.01548042545228944,0.0006154134843093587,0.01224886189142299,-0.009446174929148121,0.006901191077988781,0.0008831523789848602,0.006838438982745417,0.00028676200876889303,8.678636404608419,-1.0980671838409577,-0.47373986125685047,0.2653633703245666,-1.570797015600947,1.4449346803329763,0.5954959460359303,0.7892035763130304,-0.2954527908988421,0,sac,0,-0.26536337032456636,-0.157659981934422,1.6993493740851406,1.4567065828256323,1.2478752163627729,-0.3293001802223597,0.2553647324170547,1.6966646421903167,1.4116911179592397,1.36012512629469,-0.10440575072214744,0.4587592126604995,-0.10401728141716748,0.0926505600881929,-0.07945249320030634,0.4737303680446193,1.9592439137669837,-7.7233906037578155,-14.511974364462151,1.0,-0.3375517427921295,6.888060504195437e-07,4.967434126257331e-07,-0.30887138843536377,-0.22163522243499756,0.9701614379882812,0,0.14050085541668217,-1.8089401634415503,3.2883248332208006,-0.33673377654709896,0.14050085541668217,0.05058294699193578,-4.519830119218656,-5.261424103121928,0.0033042917332904756,0.0007904228049640551,-0.0011723267232752867,0.042515049338021686,-0.07168927051554104,-0.10667826345714576,0.9026844747802428,0.0,-0.7216778612832458,-0.4966359529653766,0.21765352228965923,0.26345556987939656,-12.059601089610336,10.96108277740267,-1.1224459218236633,16.337337842449216,-1.8595231104334862,7.808154952439457,4.9246903265748285,0.26345556987939656,-11.33792322832709,11.457718730368047,-1.3400994441133225,16.17693101280583,3.229999999999975
0.45008474347364164,-0.8993071548798324,1.192696226680313,0.37092112585195447,-0.7824287605906828,1.2766459987269212,1.995765209197998,1.9795033931732178,0.9532499313354492,0.45008474347364164,-0.8993071548798324,1.192696226680313,0,0.0,-1.5707963267948966,nan,-0.04579055494539071,-0.34859251256678725,-0.13521701410127052,0.10701707557745666,-1.570796484200423,-0.04582432727236304,-0.3420553995760962,1.4376255398181461,-0.14091088344770672,0.6864788045426685,-0.06491858112816912,-0.571174890073195,0.3752305582711918,0.008669206131902536,-3.377232697233251e-05,0.006537112990691041,-0.005693869346436203,0.0027949134776500675,0.00015570213722864866,0.0007497996636270784,0.002687954362789135,12.774163790072276,-1.6778956213650493,-0.47316203414172414,0.14808182715468754,-1.5707965116578322,1.4401895112922922,-0.23911009392795343,0.789320031407308,0.9673294581084352,0,sac,0,-0.14808182715468732,-0.04106475157723111,1.703973752286041,1.4556580692799033,1.2488091512430957,-0.33010107613337997,0.05242401486848314,1.7014097739257696,1.434337532001279,1.2712806743150207,-0.28788533628580965,0.46610238034259804,-0.10568224272628793,0.09413357902229208,-0.08072425617362544,0.4731435339563647,2.328612869068495,-9.049841027826897,-19.60511755247271,1.0,-0.1460973471403122,1.8486293562602896e-07,2.7457409235154273e-08,0.997882604598999,0.9897516965866089,0.4766249656677246,1,0.25330990578422635,-4.187145273157831,9.0,9.0,0.25330990578422635,-0.6936830549844845,1.2121261160104404,-1.9079478591944188,-0.0013267756262185777,0.0007905394399680439,0.003838265228437769,0.05453747142444617,-0.09236670156253891,-0.16297688228644427,0.888611279071256,0.0,-0.720259759674458,-0.4798557384459621,0.20148040640922416,0.4749857599554216,-27.914301821052206,30.0,30.0,50.788127132519456,-3.493462218173346,7.78787388398956,10.907947859194419,0.4749857599554216,-27.194042061377747,54.804258213913826,63.28390551570469,88.02329777284035,3.239999999999975
0.4526579594617535,-0.8779124422611898,1.1632584140479962,0.45780439143797735,-0.8351230170239048,1.1043827887833628,1.9936599731445312,-1.7666115760803223,-1.9407538175582886,0.4526579594617535,-0.8779124422611898,1.1632584140479962,0,0.0,-1.5707963267948966,nan,-0.046124908717537355,-0.33877623947087043,-0.13583346336816865,0.10631992816684765,-1.570796449023014,-0.047412886523488317,-0.3417088012884743,1.4329281604634951,-0.1406695903095414,0.9590802593724853,-0.1254205478978629,-0.9469674808294914,0.08577424050634497,0.005800597334392535,-0.0012879778059509614,-0.0029325618176038737,-0.004836126941372754,0.006306885690850025,-0.0007310417028482478,-0.005802979501388668,0.002359621590977767,10.815141491797968,-1.4724193371222198,-0.4693628343685332,0.026674038596874894,-1.5707961078715242,1.435481031592156,-0.7078570545378973,0.7893194331056901,0.9668799978893242,0,sac,0,-0.026674038596874894,0.07964588956997254,1.7086711351208619,1.4545930029471312,1.2497578300675944,-0.33091461571458736,0.1447762558721282,1.7061181028605878,1.4539083160969093,1.1957778118971456,-0.46522520774985865,0.4733595788838137,-0.10732771172642881,0.09559923571312008,-0.08198113015421603,0.46934488009615494,1.5529226406083505,-6.038185690699715,-15.40017552534122,1.0,-0.1469132900238037,-2.1892337231932402e-07,-3.411514897244672e-07,0.9968299865722656,-0.8833057880401611,-0.9703769087791443,1,0.2940839893785941,-4.5,9.0,9.0,0.2940839893785941,-1.64669496864391,5.273538871652766,1.820501952066398,-0.0039277617744181825,0.000790538840742119,0.0038364818158515826,0.043067482688672276,-0.07156397048419326,-0.14256686981321276,0.8522079156623439,0.0,-0.6972354312614233,-0.4575616953067181,0.17538067139595448,0.5514419452064393,-30.0,30.0,30.0,51.964450234934006,-2.85330503135609,3.7264611283472338,7.179498047933602,0.5514419452064393,-35.16632590231738,70.47735840940106,95.84409187573648,124.05693274274809,3.2499999999999747
0.48294192125593505,-0.8838254729779391,1.086877516886336,0.5435098448442981,-0.8956515344114377,0.9341157225630156,1.9678950309753418,-1.901607632637024,-1.8956445455551147,0.48294192125593505,-0.8838254729779391,1.086877516886336,0,0.0,-1.5707963267948966,nan,-0.04645511658317777,-0.3296786187351352,-0.1346693292215035,0.10561207623357904,-1.5707964133338401,-0.04902350200077305,-0.34134906348637806,1.4281586528737027,-0.140424531122991,0.8878892982587745,-0.12804076116443228,-0.8737882933638974,-0.09190749601147574,0.013263417103899482,-0.002568385417595284,-0.011670444751242848,-0.005755201901487511,0.00981585382724311,-0.0013385970494337058,-0.009676781518434482,0.0009586676908790743,4.534754013990205,-0.6389680006352185,-0.46640486514225804,-0.04708610964672122,-1.5707959405823422,1.4308120729898337,-0.8192387015063577,0.7893194330947517,0.9668800690171565,0,sac,0,0.04708610964672122,0.15269818588030049,1.7134406461912846,1.4535115825384655,1.2507210758397258,-0.33174064718258534,0.24197984243632095,1.710786964404645,1.4594080947178611,1.169627464870397,-0.5596359291051284,0.4805274778935958,-0.10895293329777651,0.09704685755827173,-0.08322253835184638,0.4664020980525953,-0.22074531157670307,-0.05688026143680136,-4.857175600241538,1.0,-0.3299177587032318,-3.8621255438187063e-07,-4.7275149794856475e-07,0.9839475154876709,-0.950803816318512,-0.9478222727775574,1,0.24341841079849416,-4.175284741795959,9.0,9.0,0.24341841079849416,-2.4316792241264076,7.33966070295512,4.5566459799685415,-0.00454579697309266,0.0007905388407311636,0.003836482098079611,0.008939720397812576,-0.019596985629374414,-0.06506099462682843,0.8039939497493358,0.0,-0.6600388258363257,-0.4335042324220494,0.15109301801973427,0.4564380476251531,-27.835231611973065,30.0,30.0,50.744541130879334,-1.7436055176695517,1.6603392970448798,4.4433540200314585,0.4564380476251531,-27.175192786136737,50.47787782672559,81.87386148192503,99.95021151806684,3.2599999999999745
0.5192923468204634,-0.8522948474103318,0.9818740739790344,0.5919931979495203,-0.7892335962751171,0.7718671881644312,1.0115489959716797,0.13166522979736328,-0.6321675777435303,0.5192923468204634,-0.8522948474103318,0.9818740739790344,0,0.0,-1.5707963267948966,nan,-0.04736647915646864,-0.3251707538524934,-0.13423623248690716,0.10489365474664569,-1.5707963771417464,-0.05065571988485965,-0.3409759147366639,1.4233179264181581,-0.14017575013005829,0.4201128678298203,-0.07208553107957288,-0.41347161329276516,-0.018431574166360987,0.01720174656763443,-0.003289240728391013,-0.0158051608841705,-0.005939517643151121,0.009307294473547499,-0.0013705425401424327,-0.009191397402443569,0.0005153225721248409,-4.185692870801388,0.6096723786303091,-0.4676550528191915,-0.04144260317638593,-1.5707960655759934,1.4261515801367164,-0.8121725536362148,-0.5855039197511258,0.966880069016797,0,sac,0,0.04144260317638615,0.14633625792303162,1.718281376124827,1.4524140142414896,1.251698704903516,-0.33257901304318316,0.2016795587027892,1.7154475513733556,1.4454223493590024,1.208231476153238,-0.5293741615676621,0.48760281292972246,-0.11055716727338537,0.0984757852742016,-0.08444791539787372,0.46767059392898985,-2.109584072322392,6.300732979139872,8.421009546009085,1.0,-0.37280479073524475,-2.612189033968093e-07,-3.115657527530402e-07,0.5057744979858398,0.06583261489868164,-0.31608378887176514,1,0.15275096994892637,-1.1547512439822745,1.2157409141976592,9.0,0.15275096994892637,-2.563587705022261,5.669848466922161,6.278440933731214,-0.004506588286368682,-0.0005864084558881551,0.0038364820980781845,-0.04271607585982925,0.05475809633294397,0.05204787338966646,0.7309653494763692,0.0,-0.6005252850408871,-0.3958171742832535,0.1304165967355849,0.28642597027737926,-7.698341626548497,4.052469713992197,30.0,31.237301650723975,1.4088364610399866,-4.454107552724502,2.721559066268786,0.28642597027737926,-7.09781634150761,4.448286888275451,32.99154936842026,34.03954498261597,3.2699999999999743
0.5095634016756141,-0.7761259435464616,0.8960719934027431,0.4901055113859155,-0.6237881358187211,0.7244678322501606,-1.1031842231750488,1.9633994102478027,-0.01674938201904297,0.5095634016756141,-0.7761259435464616,0.8960719934027431,0,0.0,-1.5707963267948966,nan,-0.049380094858743215,-0.3281212582345961,-0.13410935283007805,0.10416480347089108,-1.5707963404558813,-0.05230907220722693,-0.34058908852255965,1.4184069227809142,-0.13992329326590625,0.3359067556075682,0.03602633799072996,0.33373305962069444,0.012557720732292443,0.014065120112844762,-0.0029289773484837134,-0.012467830287963555,-0.0058139404358281965,0.003976345300394166,-0.0006723294955787991,-0.0038958160653394316,0.0004265116439028521,-11.320659033447413,1.703596956894208,-0.4777742163901195,0.04851603842721541,-1.5707964189651584,1.421427908461703,-0.02966885839760383,-0.7894083579862553,-0.9690301546339384,0,sac,0,-0.04851603842721541,0.05564876504367566,1.723192383234326,1.451300511570692,1.2526905270767503,-0.3334295502056115,0.07045919882106219,1.7201714206684333,1.4188354657402897,1.293635217530288,-0.3805986672905782,0.4945823854982987,-0.11213968843917696,0.09988537289622354,-0.08565670734524379,0.47779318088623013,-2.7965933373980727,9.344370126436859,17.995901158455776,1.0,-0.235475093126297,9.217026164520803e-08,7.850927730146395e-08,-0.5515921115875244,0.9816997051239014,-0.008374691009521484,1,0.07199621448193222,1.7518095581849995,-9.0,-9.0,0.07199621448193222,-1.9208600473271085,0.11527350671610499,3.764255900490847,-0.0001646267521919502,-0.0007906279030013852,-0.003845013419845822,-0.0641705997435398,0.09240563791222646,0.14235839562497415,0.6579057175425002,0.0,-0.5404905986878767,-0.35598695219364257,0.11825030982206303,0.1350013397373565,11.678730387899996,-30.0,-30.0,44.00466985258485,3.672669605512108,-9.115273506716106,-12.764255900490847,0.1350013397373565,12.219220986587873,-48.100922279301486,-34.812516299073714,60.62126361330218,3.279999999999974
0.4442864156807741,-0.7198402065331614,0.8698179636365219,0.3137324436910942,-0.607268732506561,0.8173099041040792,-1.93017578125,-0.39710044860839844,1.9984941482543945,0.4442864156807741,-0.7198402065331614,0.8698179636365219,0,0.0,-1.5707963267948966,nan,-0.05223688051396142,-0.3359501381066636,-0.13164589171210508,0.10342566686911892,-1.5707963032856902,-0.053983077188300754,-0.3401883237410739,1.4134266153012096,-0.1396672081292008,0.8602239822834734,0.11827806741443805,0.8229644653553247,-0.2207375981267523,0.009238665345187311,-0.0017461966743393328,-0.0042381856344103075,-0.00802131641709572,0.003136571655840117,0.00033969955722211106,0.0028841145134188683,-0.0011851453229580573,-12.061547887532626,1.8753696106165967,-0.4963737207991185,0.17285006980667172,-1.5707968104218109,1.4165451502446498,0.6589254046752681,-0.7893194322102455,-0.966875994071402,0,sac,0,-0.17285006980667195,-0.06942440293755281,1.7281726941774216,1.4501712952179375,1.2536963457841614,-0.3342920900967385,0.19662832506089503,1.725054276789339,1.394507673781876,1.3799697277718985,-0.19425792305437498,0.5014630630537575,-0.1136997865339407,0.10127498777851103,-0.0868483716684912,0.4963826214466226,-2.0526862670832497,7.632297505106907,17.786082265180763,1.0,-0.2218192219734192,4.836269145158667e-07,5.071361206532288e-07,-0.965087890625,-0.19855022430419922,0.9992470741271973,1,0.018628203861793962,2.593614960523673,-9.0,-9.0,0.018628203861793962,-0.8943836746223666,-4.5069078346465625,-0.319423859158826,0.0036562495211213404,-0.000790538839845291,-0.0038364659291079475,-0.05315255828117673,0.08406684287165156,0.15640746496783353,0.6323202127702872,0.0,-0.5172680248037754,-0.3419957311556541,0.12369948207155758,0.034930065369949304,17.290766403491155,-30.0,-30.0,45.814537244520594,3.48799863514604,-4.4930921653534375,-8.680576140841174,0.034930065369949304,17.80803442829493,-77.46787063061693,-88.7458168489057,119.13949092777894,3.289999999999974
0.35512553800158186,-0.7222596811025934,0.8799866369535041,0.17680378264319743,-0.7270986302414575,0.9003239835874685,-1.1003235578536987,-1.8447465896606445,1.6745924949645996,0.35512553800158186,-0.7222596811025934,0.8799866369535041,0,0.0,-1.5707963267948966,nan,-0.055254020505903924,-0.3438382028199276,-0.1279395095389922,0.10267639400421014,-1.570796265640913,-0.05567723958628144,-0.3397733651996018,1.4083780083139867,-0.1394075439524004,0.9086821767203236,0.13229775939618132,0.8303023254736142,-0.3446717996312493,0.012174474632472928,-0.0004232190803775196,0.004064837620325834,-0.011468034413408212,0.00813342534386905,0.0011064930707921456,0.007444915216189993,-0.003082453297671036,-7.264122402158989,1.1672901458998175,-0.5154465755997999,0.2693863401299026,-1.5707970530625404,1.4114639946086582,0.8127594361686593,-0.7893194330869788,-0.9668800690266454,0,sac,0,-0.2693863401299028,-0.16670994612569245,1.733221304616039,1.4490265929029391,1.2547159581906182,-0.33516645877528556,0.3332896289535764,1.7301354169266594,1.3818752867789232,1.430333169612319,-0.0599906037234923,0.50824177899886,-0.11523676624933352,0.10264401059409707,-0.08802237726373936,0.5154470159574919,-0.7029498783845505,3.0551344524655812,9.709496020303238,1.0,-0.4127129316329956,7.262676438024585e-07,7.874216274572632e-07,-0.5501617789268494,-0.9223732948303223,0.8372962474822998,1,-0.001044491138853806,1.8326212842530667,-9.0,-9.0,-0.001044491138853806,-0.010805780797074456,-6.988994645266429,-3.5636416664650836,0.004509844783937268,-0.0007905388407233787,-0.0038364820981172617,-0.025876546627692086,0.045011922405808334,0.10135321400583552,0.6565506709882679,0.0,-0.5309588207244301,-0.3582844631646101,0.14413104358504597,-0.0019585432943067804,12.217475228353779,-30.0,-30.0,44.15050061767511,1.8434270650501412,-2.0110053547335713,-5.436358333534916,-0.0019585432943067804,12.74843404907821,-68.9006732576435,-94.94380563641528,118.00064228054669,3.2999999999999736
0.24631704217990152,-0.7510327963505139,0.9223969334515323,0.0287000505365409,-0.808579026846355,1.0072175264475887,-1.099111795425415,-1.4290533065795898,1.8212132453918457,0.24631704217990152,-0.7510327963505139,0.9223969334515323,0,0.0,-1.5707963267948966,nan,-0.05789249873810315,-0.34856109447087547,-0.12684643621776484,0.10191713844123318,-1.5707962275315737,-0.057391051056785804,-0.33934396411077095,1.4032621364904154,-0.1391443515719838,0.5299984101153544,0.09246667616948645,0.5152292739778686,-0.082988094081074,0.015376789779137688,0.0005014476813173449,0.00921713036010452,-0.012297915354218952,0.008881761057348768,0.0013517141789780927,0.008383301174663908,-0.0026036147320725907,0.7998781224917503,-0.13283091693379134,-0.530027289221432,0.29575254166100473,-1.570797003627693,1.406211970458844,0.8393201772369481,-0.7893194330930174,-0.9668800690168103,0,sac,0,-0.29575254166100473,-0.19383540321977133,1.7383371798758733,1.4478666392237285,1.255749155334314,-0.33605247704604324,0.3514345278969911,1.7353874321039362,1.3835877578620965,1.4265269423739912,-0.03571816456911216,0.5149155326846946,-0.11674994722987991,0.1039918353348741,-0.08917820444870032,0.53002300348886,0.7594699498473085,-2.7710667790625223,-2.8224297944355543,1.0,-0.49805355072021484,6.768327964756793e-07,7.760961193703508e-07,-0.5495558977127075,-0.7145266532897949,0.9106066226959229,1,0.04157854203066465,0.4028069564306956,-9.0,-9.0,0.04157854203066465,0.3921631644765254,-8.104129697247956,-5.6813721660283605,0.004657225194712928,-0.0007905388407294267,-0.0038364820980782374,0.014728676423761255,-0.02097648835440984,-0.006670325879078001,0.7055099850090114,0.0,-0.5656279705543312,-0.38759114132027545,0.1660796346457033,0.07796463909743981,2.685379709537971,-30.0,-30.0,42.51137897868461,0.0106437919541702,-0.8958703027520443,-3.3186278339716395,0.07796463909743981,3.251007680092302,-35.28267958525204,-59.81344473890111,69.52043425979232,3.3099999999999734
0.12528905013145047,-0.7583131545803748,0.99484750507937,-0.11676693396545157,-0.7728738710400967,1.1397486483350454,-0.9811975955963135,-0.5606976747512817,1.9273085594177246,0.12528905013145047,-0.7583131545803748,0.99484750507937,0,0.0,-1.5707963267948966,nan,-0.05974146306626072,-0.34814286959665897,-0.12961064532906888,0.10114805814955807,-1.5707961889679765,-0.059123990523371084,-0.3388998785845506,1.3980800641784128,-0.13887768339860787,0.30332074865748815,0.011602486157229197,0.0025860652003828477,0.30308772846799614,0.01310313511238525,0.0006174725428896369,0.009242991012108348,-0.009267038069538991,0.005687917638425085,0.0009767639357669035,0.005596203259154787,0.0002843384559247635,8.856841526604718,-1.5197610892457467,-0.5365796864330019,0.23668588631026677,-1.5707966401063584,1.4008546495789331,0.6044110517352654,0.7891917189977768,-0.09833393475180352,0,sac,0,-0.23668588631026655,-0.1355378281607087,1.7435192556058723,1.446691675507128,1.2567957222599555,-0.3369499605740872,0.2316380536882251,1.740744764541792,1.3989680827657902,1.3670237359525061,-0.13890770798879118,0.5214813894106775,-0.11823866407297202,0.1053178693115941,-0.0903153449626749,0.5365669516885905,1.9842853846330044,-7.7240206142798975,-14.72602075664413,1.0,-0.26512861251831055,3.133114621078903e-07,4.5113838176291665e-07,-0.49059879779815674,-0.28034883737564087,0.9636542797088623,0,0.15347946779365687,-1.7117976522740723,3.360036967992024,0.6077469958873708,0.15347946779365687,0.21421155889503266,-4.490794235416361,-5.068277324389015,0.0033537599291024196,0.0007904109293306148,-0.0003901790846640449,0.042747606058172814,-0.07173966515584725,-0.1091060146016609,0.7512596691626598,0.0,-0.6038570622372864,-0.4101823326085239,0.17747730252731864,0.28779198911242615,-11.411984348493815,11.20012322664008,2.0258233196245694,16.12026461983557,-1.926009211169105,7.850831203408385,5.676024320276386,0.28779198911242615,-10.808127286256529,11.610305559248605,1.848346017097251,15.97228906083779,3.319999999999973
0.08504331073464957,-0.7106074027311883,1.0363213514767846,0.0045518319410477875,-0.6151958990328151,1.1192690442716136,1.990227222442627,1.9655859470367432,0.7840707302093506,0.08504331073464957,-0.7106074027311883,1.0363213514767846,0,0.0,-1.5707963267948966,nan,-0.06054341565807038,-0.34179375033164205,-0.13265875760753157,0.10036931540497318,-1.5707961499606984,-0.06087552455897141,-0.3384408741166721,1.3928328847431637,-0.13860759338718737,0.6826831159362777,-0.09495814437906688,-0.5890114797138413,0.3318202289883193,0.006836718684301835,-0.00033210890090103196,0.0033528762149699354,-0.005948835779655798,0.0024054841654046998,1.80896447618529e-05,-0.0001955948453210986,0.0023974506233182258,12.518266362580354,-2.217314640122343,-0.5354006097552433,0.11945279904672534,-1.5707961508988764,1.3954845278589252,-0.2579360870879148,0.7893200855886435,0.9670711186783149,0,sac,0,-0.11945279904672557,-0.019083483641752164,1.7487664384377188,1.4455019496592212,1.2578554381519513,-0.337858719998994,0.03526213964238563,1.746114790155992,1.422203072599564,1.2784653603788394,-0.321464187766883,0.5279364804245525,-0.11970226632886954,0.10662153315386856,-0.09143330196655271,0.5353777134666631,2.4058602262310513,-8.999178423912115,-19.30644111745824,1.0,-0.11646191775798798,-1.7589602041567787e-07,9.38177979747934e-10,0.9951136112213135,0.9827929735183716,0.3920353651046753,1,0.28094165662363196,-4.203405785677041,9.0,9.0,0.28094165662363196,-0.5588020298252825,1.2375347968889425,-1.6581353278086766,-0.001431237418080533,0.0007905394942330834,0.003837240163767761,0.05601157832564708,-0.09199486818317835,-0.16136751305421612,0.7432005953041375,0.0,-0.6058876808232284,-0.3980198506423354,0.16379084706334224,0.5267985310775023,-28.022705237846942,30.0,30.0,50.84829914106862,-3.644603755851758,7.7624652031110575,10.658135327808676,0.5267985310775023,-27.416817557023712,55.022154886685286,65.33980420138205,89.71447454617788,3.329999999999973
0.09260963146067526,-0.6997404452199761,1.0108391337751979,0.10774227291272664,-0.6780065301975519,0.9598746983720244,1.9801149368286133,-1.8176945447921753,-1.9323080778121948,0.09260963146067526,-0.6997404452199761,1.0108391337751979,0,0.0,-1.5707963267948966,nan,-0.06068644659210483,-0.3322821224753489,-0.13298104040122719,0.09958107669179572,-1.5707961105205808,-0.0626451077782532,-0.3379667240723932,1.3875217199076428,-0.1383341370068917,0.9201987975580116,-0.1626552285247343,-0.903747781201425,0.05957391739912776,0.008050260382672099,-0.001958661186148375,-0.005684601597044314,-0.00535309660566452,0.006547407980180024,-0.001070413919538104,-0.006144506713277051,0.001991934373988608,10.2434084495996,-1.8707292781707612,-0.5312782987371203,0.0018537563548759461,-1.570795758097516,1.3901563708655673,-0.7220370048603911,0.7893194331072645,0.9668800532039129,0,sac,0,-0.0018537563548761682,0.09772732033691955,1.7540776066453152,1.4442977160158257,1.2589280764675999,-0.33877856104905707,0.16410741195741416,1.7514427474767442,1.4426851809983587,1.2037469250865476,-0.4932995642803365,0.5342780029223918,-0.12114011850069982,0.10790226081016849,-0.09253159004281208,0.5312573779220081,1.6499708938882964,-5.945931206836646,-14.708791786514498,1.0,-0.18261206150054932,-5.68697380742833e-07,-3.524230649532001e-07,0.9900574684143066,-0.9088472723960876,-0.9661540389060974,1,0.3195722084893193,-4.5,9.0,9.0,0.3195722084893193,-1.548615305973187,5.286918948342703,2.01027542488746,-0.004006443573918223,0.0007905388407436957,0.0038364820353342633,0.04507736959936206,-0.07074780515722759,-0.13746252203838613,0.7150945823510088,0.0,-0.5881654198240225,-0.38114467308811956,0.14195224129102516,0.599235343126419,-30.0,30.0,30.0,51.96497938993579,-2.951384694026813,3.713081051657297,6.98972457511254,0.599235343126419,-35.749810657097555,70.27980824588082,95.29298963319576,123.68675501170247,3.3399999999999728
0.1313650119171838,-0.7158879139936134,0.9413075683770128,0.20887577283020092,-0.7481828515408879,0.8022444375806426,1.9023995399475098,-1.923315405845642,-1.8373417854309082,0.1313650119171838,-0.7158879139936134,0.9413075683770128,0,0.0,-1.5707963267948966,nan,-0.060927311496378936,-0.3239061076499002,-0.13200475073554532,0.09878351260498763,-1.5707960706587245,-0.06443218324085474,-0.33747721016465493,1.382147719093134,-0.13805737121104927,0.8067031514764632,-0.15462105583274321,-0.7886500917710426,-0.06995238698394302,0.015267388906807117,-0.003504871744475807,-0.01357110251475474,-0.00605262047550395,0.009537321545312234,-0.0017413343604088887,-0.009337478841797095,0.0008600847533399821,3.816831886529329,-0.7179302243463747,-0.5279477942125301,-0.06562436979221409,-1.570795598281833,1.384871668938052,-0.8269332586842907,0.7893194330948021,0.9668800690168079,0,sac,0,0.06562436979221431,0.16440788239720172,1.7594516108042666,1.4430792351929622,1.2600134050702791,-0.3397092846555026,0.25328712247911056,1.7567273342605774,1.4491958580230182,1.1785640909480875,-0.5794498546165353,0.5405032200485943,-0.12255160004445766,0.10915949954782432,-0.09360973519552003,0.5279446843723781,-0.11745946098027893,0.03811033300181532,-3.963114700982893,1.0,-0.37682268023490906,-7.285130636525139e-07,-4.7237689138057704e-07,0.9511997699737549,-0.961657702922821,-0.9186708927154541,1,0.25348782402208847,-4.267416204857576,9.0,9.0,0.25348782402208847,-2.3770580068171556,7.345439033476397,4.678785544272971,-0.0045884925814232,0.0007905388407312142,0.0038364820980782274,0.011103920650605312,-0.01868427677250419,-0.058040747825047256,0.6773460108786039,0.0,-0.5582035962285791,-0.3634764719612925,0.12284631838688159,0.47531937750250974,-28.449441365717178,30.0,30.0,51.084211284231536,-1.8903581980404205,1.6545609665236034,4.321214455727029,0.47531937750250974,-27.891237769488598,49.96473966925019,79.15509345136185,97.67369708542084,3.3499999999999726
0.16718859175623146,-0.7102510461747612,0.8311120566591655,0.23883575143432675,-0.6989773105370569,0.610721033223471,0.5263900756835938,-0.22670507431030273,-1.227510690689087,0.16718859175623146,-0.7102510461747612,0.8311120566591655,0,0.0,-1.5707963267948966,nan,-0.061992429707623406,-0.32026670484774333,-0.13212215383367834,0.09797679775226564,-1.5707960303864823,-0.06623618286544483,-0.336972122925682,1.376712058759754,-0.13777735440695316,0.3244660594159659,-0.07388814133456184,-0.31343155631839426,0.03974199022291347,0.018140058642331,-0.0042437531578214255,-0.016705418077938683,-0.005655200573274816,0.00850364646521635,-0.0016505558916080666,-0.008299839857442792,0.000836855301033829,-4.879954978828519,0.9445405393796492,-0.5286381872971401,-0.0526066443294646,-1.5707957314159995,1.3796003684855684,-0.8340489028814532,-0.6096768369582799,0.9668800690167929,0,sac,0,0.05260664432946438,0.15058344208173047,1.764887274451363,1.4418467739373286,1.2611111863626348,-0.34065068706670537,0.2040607260787033,1.7619987444427996,1.4363049454869286,1.2179010381396382,-0.5399861017579494,0.5466094608958872,-0.12393610536900558,0.11039270995302608,-0.0946672748503324,0.5286561414970203,-1.9947518721602777,6.353529452209145,9.329301706072869,1.0,-0.3433503806591034,-5.953788972945517e-07,-2.989704830369533e-07,0.2631950378417969,-0.11335253715515137,-0.6137553453445435,0,0.14169998223124466,-1.298557103281269,1.0542282419699898,8.712618886745263,0.14169998223124466,-2.558618755874923,5.618895784742572,6.293770404549077,-0.004627975913684712,-0.0006106187174689567,0.003836482098078168,-0.04035149053377831,0.055369456376410026,0.0595362000892776,0.6204102554071955,0.0,-0.508745127584958,-0.33761147751843235,0.1100262260590966,0.26570407318815803,-8.65704735520846,3.514094139899966,29.042062955817542,30.509102673113468,1.260061652593654,-4.564667542772582,2.4188484821961858,0.26570407318815803,-8.148302227623502,3.851705617418398,28.932036729758444,30.304518035146955,3.3599999999999723
0.16212511978221975,-0.6528440331124953,0.730660317032038,0.15199817583419634,-0.5380300069879633,0.5297568377777832,-1.1906472444534302,1.9504683017730713,-0.7220768928527832,0.16212511978221975,-0.6528440331124953,0.730660317032038,0,0.0,-1.5707963267948966,nan,-0.06450716488429965,-0.3239984911609809,-0.1325399808713892,0.0971611106562218,-1.5707959897154478,-0.06805652785450343,-0.3364512621710909,1.3712159417469703,-0.13749414642556065,0.436561964836389,0.06943901876176467,0.42526470678286854,0.07010350191033743,0.01386409894881844,-0.0035493629702037788,-0.012452771010109998,-0.004954165554171441,0.002950685386229163,-0.0006363175949348565,-0.0026933615913824326,0.001023448828690792,-11.863946024515837,2.3619837068373517,-0.5377726058077661,0.0442640699420791,-1.5707960905704577,1.374273315989381,-0.10877319589797171,-0.7894242615465354,-0.9664102578186589,0,sac,0,-0.044264069942078876,0.05289704071414292,1.7703833947440637,1.4406006049767686,1.2622211774197685,-0.3416025599624047,0.06554716083314688,1.767326034073686,1.4109438817799134,1.3034964580082646,-0.3828810388658681,0.5525941205053259,-0.12529304383607373,0.11160136593082333,-0.09570375785449378,0.5377957794439641,-2.671001622393917,9.345788546313717,18.771570117561904,1.0,-0.22792021930217743,-2.3622443912074687e-07,1.0085500967704775e-07,-0.5953236222267151,0.9752341508865356,-0.3610384464263916,1,0.042022451687433494,1.518305883393026,-9.0,-9.0,0.042022451687433494,-1.9728902495191842,0.06321070320964572,3.729232062157669,-0.0006035614086070828,-0.0007906438311308347,-0.003834617934870263,-0.06152292436688344,0.09248516302543691,0.1488917593640852,0.5561089872840241,0.0,-0.45319089344493024,-0.3054721288978219,0.10277158315060327,0.07879702172779579,10.122039222620174,-30.0,-30.0,43.61722007412777,3.4911961329122105,-9.063210703209645,-12.729232062157669,0.07879702172779579,10.575230116065104,-48.50009375744442,-39.31582546136646,63.323257395430105,3.369999999999972
0.1062844069982146,-0.6016389552996797,0.7027383597787532,-0.0053970185697956585,-0.49922879967404865,0.6468944452721834,-1.8218868970870972,-0.051426053047180176,1.9987735748291016,0.1062844069982146,-0.6016389552996797,0.7027383597787532,0,0.0,-1.5707963267948966,nan,-0.06807672228626549,-0.3324156323693137,-0.1303361718630978,0.09633663365643108,-1.5707959486574545,-0.06989262912968185,-0.3359144374555748,1.365660596614123,-0.13720780849108402,0.9319606817235396,0.1733456126787422,0.8953965923848894,-0.19174710738147915,0.007922029073583038,-0.0018159068434163567,-0.003498805086261103,-0.006871636627986233,0.004271492570427969,0.000730133437107444,0.00416636224772366,-0.0005949618172471742,-12.47417798112632,2.5545516903925805,-0.5548533650701638,0.17435061952985498,-1.5707964815505473,1.3687992019460247,0.611231171632723,-0.7893194316953194,-0.9668809717952035,0,sac,0,-0.17435061952985498,-0.07801398587342412,1.7759387431199802,1.4393410068707448,1.2633431301224265,-0.3425646905679201,0.20499432156701974,1.7728002895286559,1.3878051221646044,1.3897578088586946,-0.1896719060052099,0.5584546598662925,-0.12662183976025976,0.11278495470512505,-0.09671874447683748,0.5548662906314418,-1.9428155677479082,7.6249585995287354,18.415203536313914,1.0,-0.20849920809268951,1.5475565096068067e-07,5.328930927639419e-07,-0.9109434485435486,-0.025713026523590088,0.9993867874145508,1,-0.01749088903291362,2.2998574998907038,-9.0,-9.0,-0.01749088903291362,-1.0081478128963384,-4.536379188256755,-0.3562913116032562,0.0033916034542300602,-0.0007905388393295693,-0.0038364856802113835,-0.05069812881295802,0.0839864382289833,0.16173864580078792,0.5343558147151518,0.0,-0.43285598711900847,-0.294127868618484,0.10798438793210008,-0.032797466778386686,15.332383332604692,-30.0,-30.0,45.11189482089797,3.308005312787042,-4.463620811743245,-8.643708688396744,-0.032797466778386686,15.765239319723701,-77.5073063922042,-92.91263661042112,122.01919698374175,3.379999999999972
0.019850274405542462,-0.605073269740082,0.7088529348551723,-0.15301799077980177,-0.6119418986208868,0.7210820850080106,-1.8197189569473267,-1.8845187425613403,1.5586907863616943,0.019850274405542462,-0.605073269740082,0.7088529348551723,0,0.0,-1.5707963267948966,nan,-0.07178411426585629,-0.34070224071162525,-0.12661125904206438,0.09550355281156975,-1.57079590722456,-0.07174388777757978,-0.3353614685192546,1.3600472769809488,-0.1369184031904604,0.9663646792630433,0.18561333316928635,0.8839577278631772,-0.3435507520409775,0.011608733190015737,4.022648827650688e-05,0.005340772192370669,-0.010307144148396008,0.00922339480568236,0.0017211316441438093,0.008655307468925483,-0.0026822323209181433,-7.611162549309989,1.6035899118816852,-0.572225406089109,0.2754978717997534,-1.5707967204657665,1.363142356571789,0.7933200909558696,-0.7893194330819987,-0.9668800690145397,0,sac,0,-0.2754978717997534,-0.17999431898818363,1.781552065956359,1.4380682638608095,1.2644767912901886,-0.3435368617683676,0.3478074206281011,1.7784571505919515,1.375996784677587,1.4402009631585682,-0.04988984537617101,0.5641886059164974,-0.12792193240902885,0.11394297681869973,-0.0977118064077855,0.5722281790453326,-0.6431133274177454,3.077796279986851,10.21293998571971,1.0,-0.42091676592826843,3.9367087012465163e-07,8.132412063766026e-07,-0.9098594784736633,-0.9422593712806702,0.7793453931808472,1,-0.027747146681442153,1.5670256065057302,-9.0,-9.0,-0.027747146681442153,-0.1746994898737304,-7.003247867985824,-3.5914063798650644,0.004401979620261872,-0.000790538840718391,-0.0038364820980692277,-0.024344685788254265,0.045143642844857265,0.10562191193761437,0.5589568400578101,0.0,-0.4467966171263478,-0.31112424672558364,0.12651970230482756,-0.052029151849694644,10.446837376704869,-30.0,-30.0,43.69369655005124,1.7417250963794606,-1.9967521320141763,-5.408593620134935,-0.052029151849694644,10.893633993831216,-68.7932695520322,-98.64743509805021,120.75804054267685,3.3899999999999717
-0.08739651027660436,-0.6344007158191441,0.7482967032660587,-0.301890079640898,-0.6930556079772683,0.8271842400878314,-1.7644219398498535,-1.4899234771728516,1.8695406913757324,-0.08739651027660436,-0.6344007158191441,0.7482967032660587,0,0.0,-1.5707963267948966,nan,-0.07494259259407025,-0.345721418767993,-0.12538325185732743,0.09466205780152781,-1.570795865429044,-0.07360969550572727,-0.33479218572379327,1.3543772608680953,-0.13662599444270002,0.5811818683336166,0.12926706000664784,0.5588460851829069,-0.09355984369765757,0.015736073538957895,0.0013328970883429853,0.010929233044199738,-0.011242742585372584,0.00998358878812539,0.0020056517271449612,0.009479068704144451,-0.00240762595556134,0.46198900022296097,-0.10012628436269491,-0.5852208638177121,0.3055726002524908,-1.5707966702294194,1.3573307806275525,0.8272368457191154,-0.7893194330920358,-0.9668800690167885,0,sac,0,-0.305572600252491,-0.21091054245096297,1.7872220852295664,1.436782665721076,1.265621902814657,-0.3445188522228754,0.3706408585536211,1.7842687270763329,1.3778770733585548,1.4369484591002555,-0.02118734122414484,0.5697935515419789,-0.12919277600271398,0.11507494613317543,-0.09868252675934867,0.5852164283167631,0.7448263662615557,-2.6909229980010436,-2.4188121591620466,1.0,-0.531277596950531,3.434345225983293e-07,8.048003756755406e-07,-0.8822109699249268,-0.7449617385864258,0.9347703456878662,1,0.032260540173639135,0.2314652140598686,-9.0,-9.0,0.032260540173639135,0.2066713116764278,-8.110970417090961,-5.711811232776753,0.004590177127113532,-0.0007905388407284435,-0.0038364820980781506,0.014763240227956848,-0.02034347407492435,0.008456172347334142,0.6087901335654882,0.0,-0.4819542570768477,-0.34153954563442,0.14729650226676363,0.060492293593923,1.5431014270657908,-30.0,-30.0,42.45450295706919,0.024793902383440813,-0.8890295829090391,-3.2881887672232466,0.060492293593923,2.0250556841426386,-35.363714089176284,-63.113762451873065,72.37433104943997,3.3999999999999715
-0.20366792192277514,-0.6315207140644743,0.818599310450555,-0.4362107452151166,-0.6257607105551345,0.9592045248195477,-1.3376762866973877,-0.1741248369216919,1.845231533050537,-0.20366792192277514,-0.6315207140644743,0.818599310450555,0,0.0,-1.5707963267948966,nan,-0.07703955034263443,-0.34553017861762436,-0.1280785932420554,0.09381234182952447,-1.5707958232833965,-0.0754894351085287,-0.3342064304773935,1.3486518500376488,-0.13633064746810597,0.3024407834011347,0.021721814576275422,0.03945150960311117,0.2990688359322008,0.014097039693923952,0.0015501152341057395,0.01132374814023085,-0.008252054226050576,0.006746388511499553,0.0014792950693366005,0.006570759723858934,0.0003880215164689081,8.64147600580998,-1.9266288893747017,-0.5905973028522802,0.2488950559346923,-1.5707963096621906,1.3514277531823673,0.6117814712287362,0.789223736061661,-0.28492623971610537,0,sac,0,-0.24889505593469252,-0.15508271410516805,1.7929474991745697,1.4354845076086897,1.2667782017926434,-0.34551043647879953,0.2538993662247189,1.7901717523418892,1.3926415278735105,1.3784718941038123,-0.12157700533431018,0.5752671555771021,-0.13043383971451541,0.1161803898290396,-0.09963050006512647,0.5905819212107768,1.8938182566395658,-7.6200115402810615,-14.579837908884745,1.0,-0.3033994734287262,-1.7132705920630542e-08,4.863787941289388e-07,-0.6688381433486938,-0.08706241846084595,0.9226157665252686,0,0.16319367438014726,-1.7538769311887135,3.202655946636521,-0.29228038571679177,0.16319367438014726,0.04356365622083324,-4.546330523303966,-5.256590914002242,0.0033946569601658164,0.000790442995857176,-0.0011305584352929521,0.04111411676694523,-0.0707241108840358,-0.10723866666715991,0.6510413162950558,0.0,-0.5176472883892043,-0.3619794235107817,0.15769266724012576,0.3060072649168334,-11.692512874591424,10.675519822121737,-0.9742679523893059,15.865825515372187,-1.7974405874095467,7.748986469940487,4.96431052828545,0.3060072649168334,-11.17486558620222,11.03749924563252,-1.1319606196294316,15.750523348689047,3.4099999999999713
-0.23710810499902837,-0.5823652477857995,0.849013847863107,-0.3039884711515348,-0.4840543152284497,0.9098429226882109,1.970916509628296,1.954026460647583,0.060568809509277344,-0.23710810499902837,-0.5823652477857995,0.849013847863107,0,0.0,-1.5707963267948966,nan,-0.07771041055890378,-0.33909572513424135,-0.13115549361910972,0.09295460152422086,-1.5707957808003112,-0.07738248094289508,-0.33360405564781187,1.3428723693336517,-0.13603242875735846,0.6848233930441706,-0.12221856180970464,-0.5832078653801365,0.3375119087801831,0.007351902333676746,0.0003279296160086931,0.005491669486429485,-0.004876935138248745,0.002557848731579956,0.00017110346769916464,0.0004915840005150912,0.00250432803510724,12.641940648888848,-2.8970426695775986,-0.588789899177919,0.13065333536880286,-1.5707958190273543,1.3455210238275743,-0.21287755535844716,0.7893199243891047,0.9673179365559537,0,sac,0,-0.13065333536880264,-0.03769873384458222,1.798726982944422,1.4341740899143,1.2679454206593601,-0.34651138508594015,0.05071366956759663,1.7960783538691918,1.4147023276817896,1.2906092846170778,-0.3056205451447031,0.5806071428045612,-0.13164460767050143,0.1172588484056394,-0.1005553322803073,0.5887626221991512,2.27651955684428,-8.958440349104228,-19.651560133976435,1.0,-0.12351161986589432,-5.077675422349159e-07,3.822704286449152e-08,0.985458254814148,0.9770132303237915,0.030284404754638672,1,0.3034529239186281,-4.124910960168036,9.0,9.0,0.3034529239186281,-0.6826071705809368,1.184113437542871,-1.8984195584234616,-0.0011812163475778913,0.0007905393327845098,0.0038382195120855,0.053354552652744504,-0.0914667461087915,-0.1633969955684018,0.6403337991706971,0.0,-0.5163732285449008,-0.3494604447201267,0.14581996015122736,0.5690097954596439,-27.49940640112024,30.0,30.0,50.56224999504375,-3.4423037895870987,7.815886562457129,10.89841955842346,0.5690097954596439,-26.98303317257534,54.187433786292125,63.5450047584631,87.76476207132633,3.419999999999971
-0.21996738148848238,-0.5707959097810327,0.8198947738629213,-0.18568593446739043,-0.5476572337714991,0.7616566258625499,1.94464111328125,-1.692983627319336,-1.9068007469177246,-0.21996738148848238,-0.5707959097810327,0.8198947738629213,0,0.0,-1.5707963267948966,nan,-0.07744589494070707,-0.3290749250409815,-0.13132306726936185,0.092089036841839,-1.570795737992675,-0.07928819941324859,-0.33298492596254836,1.3370401660226225,-0.13573140604046133,0.9660274582795502,-0.21702340885502158,-0.9401670407996332,0.0468596367149271,0.006173786819852051,-0.0018423044725415227,-0.003910000921566847,-0.004408338771099474,0.006390926005203983,-0.0013303990964240993,-0.00592956297199196,0.0019784479799601377,10.67139732379427,-2.511367039769623,-0.5841433289873942,0.008606600218494354,-1.5707954161039082,1.3396626928606616,-0.6987015780329214,0.7893194331031761,0.966880000889085,0,sac,0,-0.008606600218494354,0.08348243662334465,1.8045591892697443,1.4328517181125309,1.269123287321606,-0.3475214647107572,0.1458800642715485,1.8019364436270835,1.433881296576687,1.2158144885188502,-0.4832831172329568,0.5858113039553771,-0.1328245789496075,0.11830987568118127,-0.1014566407816681,0.5841178617130296,1.522790445092106,-5.9845671577544834,-15.424700902909661,1.0,-0.14675459265708923,-9.106909883982439e-07,-3.218887667522097e-07,0.972320556640625,-0.846491813659668,-0.9534003734588623,1,0.34022523557603485,-4.5,9.0,9.0,0.34022523557603485,-1.628539201689842,5.257446716227146,1.828345350830574,-0.0038769598075347645,0.000790538840739601,0.003836481827754329,0.04233166663775416,-0.0709691643028451,-0.14279296571282016,0.6124581940463333,0.0,-0.4978567393715618,-0.3332229783679286,0.1273033903885507,0.6379621893418992,-30.0,30.0,30.0,51.96544039797055,-2.8714607983101583,3.742553283772854,7.171654649169426,0.6379621893418992,-35.08895570091462,69.8870267644504,96.01195294619842,123.8310680986553,3.429999999999971
-0.17040962442257956,-0.5896995572450613,0.7527111357417441,-0.07129411029077395,-0.6275068521731186,0.6183438594993895,1.7905073165893555,-1.9271113872528076,-1.7141647338867188,-0.17040962442257956,-0.5896995572450613,0.7527111357417441,0,0.0,-1.5707963267948966,nan,-0.0772467362852093,-0.3198854369229637,-0.12987859183543346,0.09121585096827367,-1.5707956948735613,-0.08120594946554714,-0.3323489183953868,1.3311566091340776,-0.13542764825554338,0.8885075619587316,-0.21169087077963222,-0.8553480550856307,-0.1140717649010442,0.014205835652095912,-0.003959213180337845,-0.012463481472423155,-0.005549056420109916,0.009923245676931555,-0.0022941448347573003,-0.009638303678258676,0.0005575001771860591,4.455004331226475,-1.075776942817486,-0.5800810298952934,-0.06537009182024112,-1.5707952395000653,1.333854751943051,-0.8162359271575929,0.7893194330946773,0.9668800690171411,0,sac,0,0.0653700918202409,0.15658594278851456,1.8104427491182105,1.4315177026124528,1.2703115252909571,-0.3485404382505862,0.24318667070913685,1.8077442327272628,1.439216092138446,1.1898529778474678,-0.5778865342755062,0.5908774957088987,-0.1339732675836369,0.11933303879273133,-0.10233405436757469,0.5800750062678837,-0.22839276352861343,-0.06334098079371842,-4.874786088635492,1.0,-0.34405115246772766,-1.0872948310591823e-06,-4.5537349624424905e-07,0.8952536582946777,-0.9635556936264038,-0.8570823669433594,1,0.25966507407072803,-4.161634407692566,9.0,9.0,0.25966507407072803,-2.4132761669262344,7.332175152823112,4.561993724027179,-0.004529135159484004,0.0007905388407310892,0.0038364820980795497,0.008686250852061704,-0.019533924384790357,-0.06520729975404688,0.5779731020322642,0.0,-0.4698449971744346,-0.3175855253751794,0.11152586863649577,0.4869024452854454,-27.744229384617107,30.0,30.0,50.69496363680988,-1.7483582407663318,1.6678248471768882,4.438006275972821,0.4869024452854454,-27.274384387442673,50.17823793978903,81.94216482839714,99.88244619156806,3.4399999999999706
-0.09686776330371544,-0.5942955125001874,0.6555787642454968,0.05021595893401279,-0.6034874230104398,0.46131402125300214,1.4282526969909668,-0.33108484745025635,-1.319549798965454,-0.09686776330371544,-0.5942955125001874,0.6555787642454968,0,0.0,-1.5707963267948966,nan,-0.07806640322247889,-0.3152749532006527,-0.12943568984649187,0.09033525022120714,-1.5707956514562196,-0.08313508308995188,-0.3316959225384927,1.3252230888010523,-0.1351212255175158,0.41123294032354196,-0.11094666871351438,-0.39574878654168866,-0.01364792509140067,0.018101521081381373,-0.005068679867472989,-0.01642096933784004,-0.005685535671023922,0.009331268267736914,-0.0022650654469874884,-0.009047847397373264,0.0002801847233221428,-4.141058814891807,1.0253386842444945,-0.5797006937765703,-0.059511557129201975,-1.5707953550796694,1.3280695238157023,-0.8119867551055918,-0.5699906186725796,0.9668800690167968,0,sac,0,0.059511557129201975,0.1498468073504089,1.816376272354029,1.4301723586080544,1.271509853816954,-0.3495680649478546,0.20299776962403276,1.8135295595540057,1.425236829487991,1.2280770852395944,-0.5477831649391938,0.5958036406928029,-0.13509020255726048,0.1203279181962151,-0.10318721325798158,0.5797191067946802,-2.1062359473923786,6.247637082799325,8.407509290474216,1.0,-0.3899824023246765,-9.71715227393588e-07,-2.963765499686133e-07,0.7141263484954834,-0.16554242372512817,-0.659774899482727,1,0.1286598840387072,-1.1716526113706354,1.3094596331552186,9.0,0.1286598840387072,-2.5503081928463196,5.697931648394374,6.28181809622058,-0.004505557326287624,-0.0005708711885457517,0.0038364820980781836,-0.04265438113071221,0.054311152143980884,0.05192535862234292,0.5273041873921568,0.0,-0.42581404639417697,-0.2944518948446144,0.10015081406127745,0.24125236084512885,-7.811017409137569,4.364865443850729,30.0,31.306904126891656,1.3786555814756842,-4.388472015239156,2.7181819037794197,0.24125236084512885,-7.3852033627433915,4.6593173386953435,33.028938147710065,34.16459314317403,3.4499999999999704
-0.0671863375295274,-0.5378642758782578,0.5677917318740795,-0.00782348598115138,-0.42500180263439846,0.39221766713124484,-0.7807422876358032,1.9519143104553223,-0.5279474258422852,-0.0671863375295274,-0.5378642758782578,0.5677917318740795,0,0.0,-1.5707963267948966,nan,-0.08071326611720456,-0.318008847517585,-0.12956784577922703,0.08944744395222859,-1.5707956077540646,-0.08507494583171392,-0.3310258409592934,1.31924101560062,-0.13481220908657218,0.35045019863327126,0.07070001529636272,0.34039758961316724,0.04411723636787712,0.014695908093509204,-0.004361679714509362,-0.013016993441708369,-0.005244363307345151,0.003925888273886337,-0.0010368750484431376,-0.003755933437900644,0.0004800550833124577,-11.149537746305334,2.8297514808579796,-0.587394226856939,0.03094219631070194,-1.5707956986280254,1.3222411173878121,-0.04022511507836271,-0.7893945551205669,-0.9689543873187465,0,sac,0,-0.03094219631070194,0.05850524764152665,1.8223583483974268,1.428816005928712,1.2727179880202906,-0.3506041005042969,0.06989015807904334,1.8193582329325515,1.3986472036227204,1.3129359213212444,-0.39906021169713934,0.6005877274830944,-0.13617492780801674,0.12129410766641775,-0.10401576909443211,0.5874213431853166,-2.801049111655933,9.295519821355844,17.997499048832324,1.0,-0.24373969435691833,-6.281668714080979e-07,9.08739608007636e-08,-0.3903711438179016,0.9759571552276611,-0.2639737129211426,1,0.01245354433555677,1.7176576737969789,-9.0,-9.0,0.01245354433555677,-1.917182351186079,0.14527581884107646,3.7662157332682757,-0.0002232013771191522,-0.0007906140788118587,-0.00384471278281992,-0.06421232735051871,0.0919038329433971,0.14234226929632518,0.4639165465452991,0.0,-0.37249784156980437,-0.2612419730311179,0.09064519684551567,0.02335185512011395,11.451051158646527,-30.0,-30.0,43.94459145272689,3.634840024983058,-9.145275818841077,-12.766215733268275,0.02335185512011395,11.823549000216332,-47.48503391959982,-34.795593787415065,60.044638808423166,3.45999999999997
-0.09063733283029128,-0.48609789017719157,0.5579986548334936,-0.13753932343181902,-0.3825651187750591,0.538412500752322,-1.4340686798095703,0.0415959358215332,1.9996519088745117,-0.09063733283029128,-0.48609789017719157,0.5579986548334936,0,0.0,-1.5707963267948966,nan,-0.08469232755116306,-0.32553689998418095,-0.12744859046152798,0.08855264444894595,-1.5707955637806692,-0.08702487730983069,-0.3303385895413985,1.313211819894416,-0.13450067133653984,0.8653116727322883,0.20291299558417297,0.8215303884490821,-0.18077175676667057,0.008844707776306715,-0.002332549758667632,-0.004801689557217548,-0.007052080875011857,0.0031660236585079665,0.0006603345566601779,0.00296766121777389,-0.0008835445523760347,-11.860887632755212,3.0856665906064813,-0.6028054354848551,0.15580911830703426,-1.5707960702578494,1.3162805828663184,0.6524493616975315,-0.7893194325096569,-0.9668761201131774,0,sac,0,-0.15580911830703403,-0.0672564738580883,1.8283875468841322,1.4274489688896637,1.2739356390260037,-0.3516482971951714,0.1944730270931835,1.8253189637303167,1.3741899600741383,1.3989896496476337,-0.21259681582353246,0.6052278106041048,-0.13722700222631157,0.12223121429698372,-0.10481938494005821,0.6028232251096871,-2.0714496053862597,7.62006317893885,17.804304758055995,1.0,-0.21123839914798737,-2.565370471607764e-07,5.064771801954748e-07,-0.7170343399047852,0.0207979679107666,0.9998259544372559,1,-0.0523022967496616,2.56548254683814,-9.0,-9.0,-0.0523022967496616,-0.9000231476178382,-4.489836930253016,-0.3184223029673854,0.0036203152122176196,-0.0007905388401451649,-0.0038364664292289347,-0.05348858477368619,0.08387330418520521,0.15653564767655906,0.4434655573741109,0.0,-0.3555704217452411,-0.2485685006033105,0.09189709606328282,-0.09807293596411326,17.103216978920933,-30.0,-30.0,45.744176124713604,3.4655056944559783,-4.510163069746984,-8.681577697032616,-0.09807293596411326,17.458787400666175,-76.86693931865489,-88.81382219823819,118.74864314795545,3.46999999999997
-0.15102646337975115,-0.4914750901079386,0.5806308702398718,-0.2718047244786709,-0.5022294899694326,0.625895301052628,-1.764262318611145,-1.8323860168457031,1.5983302593231201,-0.15102646337975115,-0.4914750901079386,0.5806308702398718,0,0.0,-1.5707963267948966,nan,-0.08883789046319013,-0.3330828528102465,-0.12396494350138976,0.08765106683710555,-1.5707955195497556,-0.08898421174298893,-0.32963409780884756,1.307136951169151,-0.1341866857230672,0.9104734121827377,0.2186228478868832,0.825044455861651,-0.31696613466655754,0.010788852349671831,-0.00014632127979880005,0.003448755001398962,-0.010221742221677432,0.008160784433062711,0.0018943559019519406,0.007465524079735327,-0.002697363248535602,-7.132732849820764,1.90235980034323,-0.6185232152261595,0.25270258111217037,-1.5707962879518873,1.3101533637645943,0.810463973744648,-0.789319433089652,-0.9668800690263372,0,sac,0,-0.25270258111217014,-0.16505151427506481,1.834462418324859,1.426071576142478,1.27516251409666,-0.3527004039834753,0.3316364360241791,1.8314462473216775,1.3612860483014573,1.4494730846367008,-0.07812384126978555,0.6097220105284936,-0.1382459996554185,0.12313885850041706,-0.1055977352795806,0.6185290953701769,-0.7355427760820276,3.082612064790653,9.729130886063935,1.0,-0.384583979845047,-3.8843009253497485e-08,7.684021317011513e-07,-0.8821311593055725,-0.9161930084228516,0.7991651296615601,1,-0.05506525216281567,1.821542416639709,-9.0,-9.0,-0.05506525216281567,-0.02113888215684969,-6.9810959335095095,-3.5631652079747718,0.00449710770728338,-0.0007905388407260561,-0.0038364820981160387,-0.026510440773609513,0.04519970662377181,0.10152210893737729,0.47114575766924743,0.0,-0.3737809365637006,-0.26588595887090377,0.10756762201792938,-0.10325380116785238,12.143616110931394,-30.0,-30.0,44.130239899609975,1.8426812987965586,-2.0189040664904905,-5.436834792025229,-0.10325380116785238,12.517397047495095,-68.56804658271103,-95.10551186432613,117.91238819282901,3.47999999999997
-0.23127307934589192,-0.5293380045791515,0.6365905136653724,-0.3917663112781734,-0.6050638335215773,0.7485098005163737,-1.533015251159668,-1.5833735466003418,1.9149971008300781,-0.23127307934589192,-0.5293380045791515,0.6365905136653724,0,0.0,-1.5707963267948966,nan,-0.09226525744555746,-0.33742699027766326,-0.1228588326895168,0.08674292898270597,-1.5707954750751827,-0.09095227848227384,-0.32891230923299997,1.3010178773771393,-0.13387032675165408,0.5330747775387046,0.1459300243082412,0.5065926043264335,-0.07897518404598458,0.013981298528064491,0.001312978963283612,0.008514681044663297,-0.011011494062137278,0.008939480092956167,0.002231820701726552,0.008339540071386152,-0.0023206361380985734,0.7909799699742005,-0.21626162860992762,-0.6300098719150106,0.27911600454521035,-1.570796226884239,1.303886856300066,0.8381317962878575,-0.7893194330935344,-0.9668800690168098,0,sac,0,-0.27911600454521057,-0.1923730755625046,1.8405814947647885,1.424684160525527,1.2763983167655462,-0.3537601666341612,0.3502851455646244,1.8377127677783516,1.36259584200954,1.4461489266454073,-0.053724794122885534,0.6140685136772492,-0.1392315088914789,0.12401667400808146,-0.1063505060193089,0.6300050023734556,0.7142984789398888,-2.7096284857633526,-2.815342449711183,1.0,-0.46611011028289795,-9.991065752501527e-08,7.51809056342978e-07,-0.766507625579834,-0.7916867733001709,0.9574985504150391,1,0.018608522538131184,0.4144331173811539,-9.0,-9.0,0.018608522538131184,0.38363960673159486,-8.101086008307952,-5.681088476121162,0.004650631098863545,-0.0007905388407299445,-0.003836482098078235,0.013821919100092443,-0.020460245902065407,-0.0065894530411891306,0.5285512590332913,0.0,-0.4158731246220265,-0.29997480085070133,0.12818383867466226,0.034893160581532315,2.762887449207693,-30.0,-30.0,42.51628822686248,0.03079351064955904,-0.8989139916920479,-3.318911523878838,0.034893160581532315,3.1787605738297193,-35.250616831239114,-59.98889140069846,69.6518399956959,3.4899999999999696
-0.31903532179262184,-0.5518195230570855,0.7310175925214585,-0.49455980668608174,-0.5967825600129534,0.9198717502336307,-1.0797803401947021,-0.5496358871459961,1.8954639434814453,-0.31903532179262184,-0.5518195230570855,0.7310175925214585,0,0.0,-1.5707963267948966,nan,-0.09434758200655341,-0.3366335434450488,-0.1253472010383592,0.08582845139411632,-1.5707954303709382,-0.09292840255010267,-0.3281731815214152,1.294856084276813,-0.13355166994551668,0.2809558565388474,0.010620049316713287,-0.005431912102971115,0.28070251549797975,0.011870345582879829,0.0014191794564507448,0.008460361923633586,-0.00820446890715748,0.005738188904380839,0.001555926987793713,0.005513721990479925,0.00032368645741313005,8.692797914127055,-2.436230241666881,-0.6340022339069636,0.21975941143218658,-1.5707958727632891,1.2975432427276323,0.6121498112564354,0.789201898820135,-0.10916136303800411,0,sac,0,-0.2197594114321868,-0.13393096003807026,1.846743290443055,1.4232870589144566,1.2776427469698566,-0.3548273278283527,0.2308824885963839,1.8440563408333392,1.3774848775307256,1.3873937032547519,-0.15694758753820323,0.6182655724196862,-0.14018313368350135,0.12486430787019989,-0.10707739448714122,0.6339827995629126,1.934486081895363,-7.644119070267428,-14.737366704849624,1.0,-0.24030302464962006,-4.5403160742196746e-07,4.4239235119647446e-07,-0.5398901700973511,-0.27481794357299805,0.9477319717407227,0,0.16452120123983896,-1.6781076997395552,3.306467023788088,0.5611721672475047,0.16452120123983896,0.2134031118710631,-4.507713998727923,-5.077176139547137,0.003396700807679252,0.0007904211248796264,-0.00043314122249203267,0.04168545055676309,-0.07100126678183379,-0.10916235812149311,0.590520882822289,0.0,-0.4670666907691413,-0.33186778096520425,0.14292443940911614,0.30849653335803295,-11.187384664930368,11.021556745960293,1.8705738908250158,15.818549413194377,-1.8915108116106183,7.814181022516012,5.638348306794642,0.30849653335803295,-10.720317974161228,11.353424526925497,1.7276494514158998,15.713224006988169,3.4999999999999694
-0.3312542395202436,-0.5188532067115227,0.7924976949407901,-0.35569207497548705,-0.4529205740203971,0.9154578997794536,1.967668056488037,1.9539971351623535,0.8416109085083008,-0.3312542395202436,-0.5188532067115227,0.7924976949407901,0,0.0,-1.5707963267948966,nan,-0.09475327517405341,-0.3300218134869798,-0.12794780450825383,0.0849078571241928,-1.5707953854511263,-0.09491190518480042,-0.32741668688811,1.288653074773247,-0.1332307918132865,0.673114538356543,-0.15778094671977522,-0.5855235324763786,0.2921481602124798,0.00589252093263868,-0.00015863001074700733,0.0026051265988698002,-0.0052829873050326825,0.0021715978281747123,-1.4562545600076539e-05,-0.00022727330901199877,0.002159623092720003,12.276587355516039,-3.524649299131693,-0.6310450760934054,0.1019850808323699,-1.5707953960112453,1.2912092479224158,-0.2446539641209824,0.7893200317352915,0.967083467759969,0,sac,0,-0.10198508083237012,-0.01707722370817688,1.8529463024522257,1.421880612072659,1.278895501183882,-0.35590162727756025,0.03410752784601885,1.850390141380636,1.4002723836335178,1.2995947876130054,-0.3397333403741793,0.622311505073448,-0.14110049273336245,0.12568142045585504,-0.10777810943256469,0.6310126322385341,2.366223783703606,-8.929625001830518,-19.33594139038826,1.0,-0.10324501991271973,-9.307836510430434e-07,1.0560119001468138e-08,0.9838340282440186,0.9769985675811768,0.4208054542541504,1,0.3146402334859837,-4.164497163836799,9.0,9.0,0.3146402334859837,-0.5497785524892579,1.2198010815119742,-1.6700601098637895,-0.001357537488782384,0.0007905394402965342,0.003837289163671898,0.055107053849719465,-0.09130063765660816,-0.16158287215409003,0.5969020845932912,0.0,-0.4804688265818582,-0.32761323560477784,0.1345785017431728,0.589987311993219,-27.76331442557866,30.0,30.0,50.706505627205836,-3.6147186113475414,7.780198918488026,10.67006010986379,0.589987311993219,-27.2828455989968,54.558106521861184,65.30239624689582,89.3626974293209,3.509999999999969
-0.2990021045359228,-0.5194006269080512,0.7854733317603182,-0.2344978345672813,-0.5204954673011083,0.7714246053993744,1.918591022491455,-1.7210042476654053,-1.7874138355255127,-0.2990021045359228,-0.5194006269080512,0.7854733317603182,0,0.0,-1.5707963267948966,nan,-0.09416835557086137,-0.3203913924939511,-0.12783183055179867,0.08398137167239672,-1.5707953403299626,-0.09690210439021642,-0.3266428123046083,1.282410368258673,-0.13290776981654223,0.9225644696905462,-0.2575118808608043,-0.8856546409526989,0.02070480402891206,0.008504045606402149,-0.00273374881935505,-0.006251419810657188,-0.005075939264743562,0.006480349747887544,-0.0017234040125892898,-0.006045180549772644,0.0015749932015687584,10.041630761325866,-2.9513166295914632,-0.6254363977600454,-0.016190875609160216,-1.5707950023011026,1.2849346695903248,-0.717704138325801,0.7893194331058673,0.966880051604112,0,sac,0,0.016190875609160216,0.10017224728155671,1.859189011397787,1.4204651645017423,1.2801562725521987,-0.3569828018378971,0.16438753707621917,1.8566644241480443,1.4204689921354257,1.2253595158678896,-0.5119479729165418,0.6262046959045054,-0.14198321969580607,0.126467685452989,-0.108452371026655,0.6254075554818065,1.6294195502743014,-5.9155478148596865,-14.752486050942426,1.0,-0.1866675764322281,-1.324493793752879e-06,-3.380288600141057e-07,0.9592955112457275,-0.8605021238327026,-0.8937069177627563,1,0.34976825720334964,-4.5,9.0,9.0,0.34976825720334964,-1.5361020603439661,5.276814393262312,2.001143935070028,-0.003982401336238853,0.0007905388407422963,0.0038364820289864153,0.04455445443183304,-0.07036755542106107,-0.13779375264840424,0.5807742352494157,0.0,-0.47211198234037,-0.3167781013891716,0.11857749761426752,0.6558564732858609,-30.0,30.0,30.0,51.965663160528905,-2.963897939656034,3.7231856067376876,6.9988560649299725,0.6558564732858609,-35.72838115689153,69.84154480921848,95.34912166357776,123.47568080864953,3.519999999999969
-0.23616295253352804,-0.5474793641985999,0.736432983365296,-0.11048464852873852,-0.6036368387796973,0.6383522865752513,1.9048423767089844,-1.9547597169876099,-1.5241938829421997,-0.23616295253352804,-0.5474793641985999,0.736432983365296,0,0.0,-1.5707963267948966,nan,-0.09379724119382389,-0.3119501873309426,-0.1265892265314536,0.08304922288691197,-1.570795295021757,-0.09889831548974891,-0.3258515597312413,1.2761294999530048,-0.1325826823371724,0.8060263093642996,-0.23673254765699675,-0.7649952589641518,-0.0917516540975244,0.01597468704167434,-0.005101074295925018,-0.013901372400298706,-0.005993455805718806,0.009521910704069563,-0.0027223347785929296,-0.009113958119618962,0.000437543373129453,3.7460191434580175,-1.1263280585755695,-0.6203920425799331,-0.08406377468925297,-1.570794832517661,1.2787204876365,-0.8257753928468003,0.7893194330947586,0.966880069016817,0,sac,0,0.08406377468925275,0.16711299757616516,1.8654698820576265,1.4190410642920037,1.281424751022856,-0.35807058562429533,0.2540635729209187,1.8628784351897114,1.426896406850541,1.2001213266515618,-0.5986316595062994,0.6299435951271565,-0.14283096317844374,0.12722278986840332,-0.10909991086207659,0.6203858156091892,-0.11796472543954195,0.006666049867224189,-4.022984320593233,1.0,-0.39018958806991577,-1.4942772352810607e-06,-4.62504095910532e-07,0.9524211883544922,-0.9773798584938049,-0.7620969414710999,1,0.2590864868324707,-4.273053803233575,9.0,9.0,0.2590864868324707,-2.3669167947569876,7.340954617732615,4.672959045695072,-0.00458206780802122,0.0007905388407311706,0.003836482098078264,0.011013603751804416,-0.01885427077183523,-0.0585003842550022,0.554852088621145,0.0,-0.45179262845147145,-0.3047087563626309,0.10438790600494117,0.48581752640628295,-28.4870253548905,30.0,30.0,51.10525053494149,-1.9061370084765872,1.6590453822673847,4.327040954304928,0.48581752640628295,-28.035232726439027,49.83571952842761,79.29633977051677,97.76358593367932,3.5299999999999687
-0.1512551074880365,-0.5779649082572184,0.6541844003129617,0.0185605826029466,-0.6389359963744553,0.4896872342082932,1.4822311401367188,-1.0393098592758179,-1.1965173482894897,-0.1512551074880365,-0.5779649082572184,0.6541844003129617,0,0.0,-1.5707963267948966,nan,-0.09474309188505117,-0.308175203995544,-0.12671423081762329,0.08211164086676281,-1.5707952495409085,-0.10089985168411739,-0.325042946328191,1.2698120202443555,-0.13225560864456876,0.3180911340476844,-0.1055685503141196,-0.29663699323482784,0.04520779787733353,0.018791841071191823,-0.006156759799066214,-0.016867742332646984,-0.0055413778269454705,0.00844408535118275,-0.0025142302942422357,-0.008039323372477803,0.0005920330719696564,-4.76380794646219,1.464499274341774,-0.6189226767540935,-0.07109082880696471,-1.5707949576992517,1.2725395483694961,-0.8360475179694595,-0.5898220576870077,0.966880069016793,0,sac,0,0.07109082880696471,0.15320246967372775,1.8717873640415164,1.4176086629728994,1.2827006234805665,-0.35916471012472145,0.20537881100233535,1.8690594941762388,1.414054080951431,1.2388621385916738,-0.5597602407928549,0.6335267189040281,-0.14364338674175475,0.1279464340277592,-0.1097204719530828,0.6189442932449788,-1.9898407541059417,6.283374996810298,9.277369207411073,1.0,-0.3580676317214966,-1.3690956448542124e-06,-2.918416566188853e-07,0.7411155700683594,-0.5196549296379089,-0.5982586741447449,0,0.11426431393910368,-1.3317385345923027,1.1890252273574637,8.781325473161198,0.11426431393910368,-2.5561030130404916,5.661934470196411,6.303936106444665,-0.0046390658419324035,-0.0005907332648499274,0.0038364820980781684,-0.04022396806605359,0.054733861778111334,0.05906721685718226,0.5200392521205425,0.0,-0.4200247496643892,-0.2908084581060828,0.09721354900127342,0.21425897982205827,-8.878256897282018,3.963417424524879,29.271084910537326,30.84435834906415,1.2243644784481889,-4.472909242838948,2.477389366716533,0.21425897982205827,-8.458232147617629,4.254225882630962,29.17387136153605,30.672476359976663,3.5399999999999685
-0.1204716089945112,-0.5485704271470498,0.5632163576690482,-0.05890461200746064,-0.489781464926713,0.3812802723812214,-1.3082690238952637,1.9157938957214355,-1.3671152591705322,-0.1204716089945112,-0.5485704271470498,0.5632163576690482,0,0.0,-1.5707963267948966,nan,-0.09792240270894365,-0.3116119124638339,-0.1274192639279266,0.08116885786393424,-1.5707952039018922,-0.10290602461220459,-0.3242170046458107,1.263459494029556,-0.13192662886264697,0.4540442873869312,0.1173137895805268,0.42626501506701775,0.10340128922251002,0.014284298192264884,-0.004983621903260946,-0.012605092181976807,-0.00450736493472037,0.002878253798307617,-0.0008924820101761143,-0.0025133338409087953,0.0010821154250480252,-11.592000981862622,3.6426247691930103,-0.6252696334920911,0.02617332904122316,-1.5707953096458034,1.2663273805373707,-0.1218834259050045,-0.7894117321059003,-0.9666682769462313,0,sac,0,-0.02617332904122316,0.05499552882271086,1.8781398924505965,1.4161683153635167,1.2839835738798928,-0.3602649043143926,0.06459570808118639,1.8752719797997022,1.3886571748872707,1.3238507211510986,-0.402904419997488,0.6369526493460732,-0.14442016889908565,0.1286383315755771,-0.11031380873551544,0.6253022144980989,-2.6818476903677784,9.298054725776835,18.767057561217307,1.0,-0.2343599796295166,-1.017149092952252e-06,1.0574391140494299e-07,-0.6541345119476318,0.9578969478607178,-0.6835576295852661,1,-0.014217919850647673,1.4777534608027196,-9.0,-9.0,-0.014217919850647673,-1.9803532785401408,0.1072774053345631,3.7451330789625965,-0.0006763075371443901,-0.0007906312823336565,-0.003835641728612231,-0.06166940929568343,0.09196051413547233,0.14877068827605266,0.470686758720158,0.0,-0.3756596590690179,-0.26780383573946925,0.09331104407231156,-0.02666026598658855,9.851689738684797,-30.0,-30.0,43.55521210460454,3.4581067393428606,-9.107277405334564,-12.745133078962596,-0.02666026598658855,10.227349397753816,-47.74819828565547,-39.09413333486167,62.55270647385077,3.5499999999999683
-0.14329884487179834,-0.5079094861000423,0.5486311864411926,-0.18895331662637263,-0.42658760400602724,0.5194608439854813,-1.5811454057693481,0.24991273880004883,1.9987058639526367,-0.14329884487179834,-0.5079094861000423,0.5486311864411926,0,0.0,-1.5707963267948966,nan,-0.10267147371041105,-0.31963688145981456,-0.12558122404111888,0.08022110818548844,-1.5707951581192503,-0.10491614491426299,-0.32337378279379525,1.257073500054678,-0.13159582393669783,0.9403106777948952,0.2738950699409007,0.8868190847996116,-0.15072349608585833,0.0074282159565542474,-0.002244671203851939,-0.003736901333980691,-0.006014599895578954,0.004413068172923764,0.0012288042862777298,0.004229086349812479,-0.00028291230218554977,-12.188252083470198,3.9149313385768734,-0.6390058103900951,0.1569111660308391,-1.5707956824476044,1.259997830713328,0.6039891187441271,-0.7893194321224258,-0.9668804831128389,0,sac,0,-0.15691116603083888,-0.07669005784535088,1.884525888536858,1.414720379423045,1.2852732833784377,-0.3613708947699922,0.202660565259251,1.8816017821619202,1.3652918260766522,1.4099320383390341,-0.2094506287128793,0.6402200345125747,-0.14516100311665106,0.12929820947523737,-0.11087968706680543,0.6390288431710336,-1.9730140327912962,7.627825704162644,18.456379523514883,1.0,-0.1992397904396057,-6.443472919670512e-07,5.243283540679045e-07,-0.7905727028846741,0.12495636940002441,0.9993529319763184,1,-0.08277138896109139,2.2770265462956507,-9.0,-9.0,-0.08277138896109139,-1.0224393989878093,-4.511580294531038,-0.3438423092776145,0.0033514187046089503,-0.0007905388397573356,-0.0038364837411693003,-0.05126131782692653,0.08391352031100381,0.16201348370173888,0.4568059004424439,0.0,-0.36246796746171406,-0.26034547913934836,0.09751325414993031,-0.1552060546804639,15.180176975304338,-30.0,-30.0,45.06064648804952,3.29946594528346,-4.488419705468962,-8.656157690722386,-0.1552060546804639,15.542644942766053,-76.9171984493613,-92.92966957593103,121.62967074495619,3.559999999999968
-0.20598623441061326,-0.5210358319624195,0.5628320080441127,-0.33136101348824304,-0.547288523687174,0.5912336512499531,-1.8753478527069092,-1.8559300899505615,1.3693957328796387,-0.20598623441061326,-0.5210358319624195,0.5628320080441127,0,0.0,-1.5707963267948966,nan,-0.10754482182492425,-0.3275059416696468,-0.12207337772174459,0.07926862809568669,-1.5707951122075785,-0.10692952279676142,-0.32251334458881686,1.2506556302555496,-0.13126327560006543,0.9719366727384898,0.2859970232014772,0.8729498414810632,-0.31752979827418815,0.010476585394084064,0.0006152990281628329,0.004992597080829941,-0.009189897878320835,0.009331145741126583,0.0027210337673195598,0.008623793403979976,-0.002301400313879126,-7.442970946025238,2.4440423451818747,-0.6529324129060283,0.2586852811731959,-1.5707958971108475,1.253518661358808,0.7910483800830934,-0.7893194330861671,-0.9668800690157648,0,sac,0,-0.25868528117319567,-0.1794166530775092,1.890943760362627,1.4132652161012473,1.2865694304700313,-0.36248240578388585,0.34642332540691795,1.8880810571081155,1.3530837788153351,1.460693771863579,-0.06912284201183327,0.6433275884111411,-0.14586559781353275,0.12992580800897954,-0.11141788422597215,0.6529414362773771,-0.6891599752080073,3.127510020049849,10.272323241125687,1.0,-0.3998929262161255,-4.2968404923016124e-07,7.849032690465663e-07,-0.9376739263534546,-0.9279650449752808,0.6846978664398193,1,-0.0795947805217235,1.568099188234677,-9.0,-9.0,-0.0795947805217235,-0.189190048955242,-6.991825469314656,-3.5833096789393983,0.004389374336368154,-0.0007905388407225658,-0.0038364820980740888,-0.025258458406494072,0.045531254079001986,0.10609357051018015,0.48852902304310525,0.0,-0.38215743022467796,-0.281668185725185,0.11523601012619239,-0.14924954157457998,10.45399458823118,-30.0,-30.0,43.695632256284235,1.7572892371899191,-2.008174530685344,-5.416690321060601,-0.14924954157457998,10.83615201845586,-68.59251921923446,-98.90671486386361,120.85080224804224,3.569999999999968
-0.2910097301355975,-0.5618112263482825,0.611667720209061,-0.46105672158556593,-0.6433620151200085,0.7093391445389576,-1.7628470659255981,-1.6076772212982178,1.8947954177856445,-0.2910097301355975,-0.5618112263482825,0.611667720209061,0,0.0,-1.5707963267948966,nan,-0.1114878768675285,-0.3321017160125213,-0.12080192287489275,0.07831165571810583,-1.5707950661815184,-0.1089454685981309,-0.32163576968028534,1.2442074890982773,-0.13092906634065712,0.58779019510963,0.19271092412347646,0.5473349251406023,-0.09372455874435415,0.014783737931041624,0.0025424082693975975,0.010465946332235965,-0.010127143465764377,0.010110689494544559,0.003093287249033343,0.009381490961757681,-0.002155282669285028,0.42310748849957314,-0.14201815824681913,-0.6627011167909616,0.28914899947267414,-1.5707958367619734,1.2469176065679604,0.8263844690246396,-0.7893194330928592,-0.9668800690167908,0,sac,0,-0.28914899947267436,-0.21083734375456853,1.8973919034600464,1.4118031891889316,1.2878716911179213,-0.3635991594783375,0.37028789324987016,1.8946821388860389,1.3544225484250727,1.4581643500302355,-0.03984979121720262,0.646274090997709,-0.14653367636168008,0.13052088077790253,-0.11192818891362366,0.6626963510077091,0.6855960277831614,-2.6045394697707813,-2.3652510564342966,1.0,-0.5106594562530518,-4.900329231283251e-07,7.70580455000669e-07,-0.8814235329627991,-0.8038386106491089,0.9473977088928223,1,0.004510179164520145,0.2608318110505034,-9.0,-9.0,0.004510179164520145,0.19938666254804818,-8.106527783524337,-5.706938634493561,0.004585447453832036,-0.0007905388407292682,-0.0038364820980781597,0.013559874413498948,-0.019595827246216696,0.008907601612047945,0.5478573405186539,0.0,-0.4244935724450034,-0.3181574248214433,0.1368529339986489,0.008457114503131719,1.7388787403366894,-30.0,-30.0,42.46202739856378,0.06144514850245522,-0.8934722164756632,-3.293061365506439,0.008457114503131719,2.163372312781693,-35.53390013428267,-63.48117993292089,72.78185567650462,3.5799999999999677
-0.38770223686982813,-0.5879838410290362,0.6975409770122372,-0.5810872503382893,-0.6403290703905437,0.8692874906185895,-1.3622922897338867,-0.6205894947052002,1.9102931022644043,-0.38770223686982813,-0.5879838410290362,0.6975409770122372,0,0.0,-1.5707963267948966,nan,-0.11376116398584002,-0.33153524123189226,-0.1231862991308072,0.07735043093776461,-1.5707950200557474,-0.11096329335464747,-0.3207411536539314,1.237730692919761,-0.13059327936727824,0.2751767739006922,0.025546236179495307,0.03281412457248889,0.2720163229293332,0.013386700972721072,0.0027978706311925505,0.010794087577960854,-0.007406980236471045,0.006845489037139775,0.002228555458022,0.006461651770381041,0.0003759217025562133,8.388268154761395,-2.878219748782723,-0.6652928029104941,0.23250287591160235,-1.5707954889861995,1.2402550969147894,0.6259442222289565,0.7892635153369093,-0.30710637154832343,0,sac,0,-0.23250287591160212,-0.1551524449738375,1.9038687014905609,1.4103346651684217,1.28917973888796,-0.36472087591972485,0.2544252730182245,1.9013445923612902,1.3685675668283377,1.4006435950138945,-0.13987166712127624,0.6490583881765449,-0.14716497708591061,0.13108319470196542,-0.11241040125195723,0.6652703540695575,1.8329750224489691,-7.525355931291705,-14.56070767821063,1.0,-0.29009076952934265,-8.378086970850518e-07,4.6893045180240733e-07,-0.6811461448669434,-0.3102947473526001,0.9551465511322021,0,0.161343552542512,-1.6975624686661228,3.055553767296204,-0.40201298204827346,0.161343552542512,0.04953603429339289,-4.593603394325751,-5.275261008079152,0.003473243323955866,0.0007904828365868241,-0.0012185669499310177,0.03979235346471054,-0.06980889447304614,-0.1069948513022682,0.6125722694429145,0.0,-0.47637637543329925,-0.35329841145533936,0.15326632599044282,0.30253806964656293,-11.317083124440819,10.185179224320681,-1.340043273494245,15.287298372683757,-1.7470985029595156,7.649157161621955,4.873248026030878,0.30253806964656293,-10.84070674900752,10.53847763577602,-1.4933095994846877,15.19545776017383,3.5899999999999674
-0.40561476070207847,-0.5585663701740889,0.745778124723183,-0.4414398083665791,-0.49973142846419444,0.8422524201450745,1.9690256118774414,1.9271354675292969,0.3755979537963867,-0.40561476070207847,-0.5585663701740889,0.745778124723183,0,0.0,-1.5707963267948966,nan,-0.11389955052954534,-0.32489386760911515,-0.12578978600674987,0.07638519530323662,-1.570794973844962,-0.11298230936568374,-0.3198296081129578,1.2312268692682182,-0.1302559985758027,0.6709382349676447,-0.18806294673309465,-0.5729828081803501,0.2940767667418215,0.00681433124444854,0.000917241163861604,0.005064259496157353,-0.00446621256905283,0.002272139750466229,0.00023154086021691953,0.0004870204897421014,0.002207219725870107,12.291745679399252,-4.309060325784085,-0.6612741410219098,0.11385099583772607,-1.5707950144751939,1.2336143226037315,-0.19072471695033258,0.7893197185214594,0.9673463321919201,0,sac,0,-0.11385099583772629,-0.037465800534489446,1.910372526904399,1.408860013064029,1.2904932450817939,-0.36584727323275573,0.05131628225356006,1.9079851328983108,1.3901187329994675,1.313543338015707,-0.3240726540068864,0.6516793918002396,-0.14775925326390862,0.13161253001998593,-0.11286433278475827,0.6612363936105576,2.2342300722606527,-8.898171222437018,-19.689111191180167,1.0,-0.1168043464422226,-1.3123197026843059e-06,4.0630231623595137e-08,0.9845128059387207,0.9635677337646484,0.18779897689819336,1,0.3189664754325268,-4.065035832986256,9.0,9.0,0.3189664754325268,-0.6623264091889242,1.1358876051393698,-1.925235386155365,-0.0010582945354175846,0.0007905391265988227,0.0038383321830904567,0.0523521991372711,-0.09081264804917902,-0.16361649374782253,0.6182729655336675,0.0,-0.48789605824379895,-0.35034962144632925,0.14654023001337527,0.5980995226561538,-27.100238886575042,30.0,30.0,50.34660535476484,-3.4027094237973317,7.86411239486063,10.925235386155364,0.5980995226561538,-26.612342828331244,53.54672323551081,63.333022337904126,87.10280019359591,3.5999999999999672
-0.3753676490108,-0.5610742051076236,0.7312963411965738,-0.3148734256282431,-0.5660898749746929,0.7023327741433555,1.8714234828948975,-1.7123600244522095,-1.7146272659301758,-0.3753676490108,-0.5610742051076236,0.7312963411965738,0,0.0,-1.5707963267948966,nan,-0.1127043972094088,-0.31484335209030917,-0.12549501297584753,0.07541619192877769,-1.5707949275638748,-0.11500183075753724,-0.31890126073654934,1.2246976562436993,-0.12991730851517064,0.9672125610618427,-0.3214674711990051,-0.9122168142397524,0.004391702972972311,0.006426625967520893,-0.002297433548128447,-0.0040579086462401714,-0.004422295539323107,0.006261697498129465,-0.0019852422545664243,-0.0057465943019225085,0.0014981063640064334,10.384719789452319,-3.717322391558118,-0.6545902737385896,-0.008845517511262502,-1.5707946124321195,1.2270441264038443,-0.6913665687763774,0.7893194330989418,0.9668799919766691,0,sac,0,0.00884551751126228,0.08426170944004019,1.916901741600057,1.407379604292524,1.2918118788700519,-0.36697806771468366,0.1453658607478485,1.914554981360613,1.4090446138741548,1.239004309496554,-0.5023823311161649,0.6541360796697139,-0.14831627312622658,0.1321086802896419,-0.11328980647740132,0.6545557853497349,1.5092023470487197,-5.9848644732407115,-15.505663332730093,1.0,-0.14910151064395905,-1.7143627770721537e-06,-3.1513175535735627e-07,0.9357117414474487,-0.8561800122261047,-0.8573136329650879,1,0.35385630606458224,-4.5,9.0,9.0,0.35385630606458224,-1.6044492068238583,5.230306512840847,1.8075445199409461,-0.0038362592610216477,0.0007905388407353603,0.0038364817923907664,0.04191897698158198,-0.07084226172161484,-0.143388946389604,0.6007023130829561,0.0,-0.4778005337608586,-0.3393549944276845,0.13186397020429266,0.6635220439988416,-30.0,30.0,30.0,51.96576047266962,-2.8955507931761417,3.769693487159153,7.192455480059054,0.6635220439988416,-34.925017247387416,69.46151333226126,96.08390572848123,123.60103505100902,3.609999999999967
-0.3092151835471468,-0.5909768946289828,0.6824934394319012,-0.1769102526198404,-0.6507822736717013,0.5848876359025559,1.911712646484375,-1.9329395294189453,-1.1931129693984985,-0.3092151835471468,-0.5909768946289828,0.6824934394319012,0,0.0,-1.5707963267948966,nan,-0.11166925523711763,-0.30567747252375393,-0.1237574356031663,0.07444366539644309,-1.570794881227197,-0.11702117404504482,-0.31795625531557326,1.218144701838607,-0.12957729435322263,0.8880643830701381,-0.30544852597987476,-0.8220874145579149,-0.1397563210733227,0.014604187674976324,-0.0053519188079271945,-0.01227878279181932,-0.005819858750056334,0.009881985609251654,-0.003353882363364917,-0.009295194224966469,6.691034536270533e-05,4.352621574003983,-1.5900551405080567,-0.6482810534379404,-0.08341432778529878,-1.5707944256347393,1.2205465432791978,-0.8143398476608588,0.7893194330945583,0.9668800690171868,0,sac,0,0.08341432778529878,0.1578579931817421,1.9234546975837823,1.405893812513607,1.2931353074255338,-0.368112973949524,0.24374410281294806,1.9210523465648914,1.4144082536113876,1.2125956548001051,-0.5979961725818702,0.6564274955342165,-0.14883581985628458,0.1325714523874706,-0.1136866567168497,0.6482709943530492,-0.21544484798737018,-0.1384557345344306,-4.987862716759905,1.0,-0.3522097170352936,-1.9011601573026837e-06,-4.555924579818793e-07,0.9558563232421875,-0.9664697647094727,-0.5965564846992493,1,0.25528937393352374,-4.175362012518954,9.0,9.0,0.25528937393352374,-2.394948458978931,7.319835454177074,4.548563243860502,-0.004518614181384278,0.00079053884073097,0.003836482098079731,0.008861267662096356,-0.020096546050079094,-0.06607917252961604,0.573178771932846,0.0,-0.4564696394584826,-0.32601371188543804,0.11783222186552796,0.47869749471877693,-27.83574675012636,30.0,30.0,50.745028805082185,-1.7804135535400225,1.680164545822926,4.451436756139498,0.47869749471877693,-27.37927711066788,50.2421069470058,82.25687504552293,100.20138107393198,3.619999999999967
-0.21434053545075393,-0.6213797479020564,0.6080419079650324,-0.024591239257968245,-0.6821854544482037,0.4591388450312949,1.6467304229736328,-1.0267571210861206,-0.9206408262252808,-0.21434053545075393,-0.6213797479020564,0.6080419079650324,0,0.0,-1.5707963267948966,nan,-0.11215781784369702,-0.30097713027274453,-0.12330007871876164,0.07346786165821251,-1.5707948348496323,-0.11903965869017526,-0.3169947517653507,1.211569663278214,-0.12923604184236676,0.4041417634952214,-0.15299220385510404,-0.37388387007868396,-0.0116104373548781,0.01841628599694995,-0.006881840846478235,-0.01601762149260616,-0.005935963123605115,0.009262972931983802,-0.0032501172738052565,-0.008674003312400936,-3.273807622453193e-05,-3.9735951097993185,1.4806964119718096,-0.6452931161474919,-0.07790907274257242,-1.570794532875234,1.2140963481942872,-0.8152901879904098,-0.534166317245238,0.9668800690167972,0,sac,0,0.07790907274257242,0.15137693440078515,1.9300297376290554,1.4044030134803795,1.2944631960564,-0.36925170492226944,0.20483797820133134,1.927502643248714,1.4006160133378525,1.2497750749043273,-0.5691037541122143,0.6585527490913226,-0.1493176915903699,0.13300066650886858,-0.11405472931165524,0.6453147218526355,-2.088519552648708,6.134202848979324,8.286191039572621,1.0,-0.39886030554771423,-1.7939196625960108e-06,-3.0197439837564843e-07,0.8233652114868164,-0.5133785605430603,-0.4603204131126404,1,0.09967805952656102,-1.220522550828904,1.520160597398077,9.0,0.09967805952656102,-2.5448988926673843,5.762793990282854,6.273960475474412,-0.004523887435913803,-0.0005349915426977636,0.0038364820980781853,-0.04223605704100186,0.053254951129878575,0.050929690118711415,0.5357580044143533,0.0,-0.42379568615097407,-0.30919434985297795,0.10877825937598708,0.1869080433650122,-8.136817005526026,5.0672019913269235,30.0,31.494749746886377,1.3243763418384804,-4.242633392884777,2.7260395245255884,0.1869080433650122,-7.713021319375052,5.376396341179902,33.54667352697056,34.839784368339714,3.6299999999999666
-0.17321925541507802,-0.589999691829726,0.5225300659519301,-0.09097669534372618,-0.5272395796850653,0.3515063819257255,-1.1162009239196777,1.8656680583953857,-1.3107162714004517,-0.17321925541507802,-0.589999691829726,0.5225300659519301,0,0.0,-1.5707963267948966,nan,-0.11528180805479252,-0.3033520961091121,-0.1237146830671646,0.0724890279381123,-1.5707947884458637,-0.12105660765679212,-0.3160169261154228,1.2049742063611821,-0.12889363728508418,0.3611068200801446,0.11070412444786348,0.335279148629547,0.075700890568553,0.014851525050421907,-0.0057747996019996,-0.01266483000631069,-0.005178954217919585,0.0038479205421564017,-0.0014261931577890198,-0.0035412070284422913,0.0004819941463710077,-10.74043442934136,4.081548399169196,-0.6499520934036049,0.012377806128248459,-1.5707948706828059,1.2076310912772044,-0.05912519855348067,-0.7893536255891571,-0.9691621650361704,0,sac,0,-0.012377806128248459,0.060111221809863835,1.9366251959360756,1.402907584889817,1.2957952083393574,-0.3703939721331063,0.06986353546181776,1.933968245795668,1.3740771955084792,1.3336569874763682,-0.42147379722948575,0.6605110159869354,-0.14976170141763767,0.13339615616809197,-0.1143938814919586,0.6499886190394393,-2.8063350540959795,9.215244720180104,17.898728206052063,1.0,-0.24696968495845795,-1.4561120904588165e-06,8.223694214493094e-08,-0.5581004619598389,0.9328340291976929,-0.6553581357002258,1,-0.03825049265887535,1.6659093350384622,-9.0,-9.0,-0.03825049265887535,-1.9263025109015448,0.21315497563422425,3.761808029733114,-0.0003280742817981105,-0.0007905730860490358,-0.0038455372237395547,-0.06420702849809067,0.09105241739687348,0.14149531919641126,0.48405334316786247,0.0,-0.37839554416020305,-0.2838402506546536,0.10275778948572051,-0.07172415649517222,11.106062233589748,-30.0,-30.0,43.85601170524964,3.5922118459400068,-9.213154975634223,-12.761808029733114,-0.07172415649517222,11.48445777774995,-46.39796419351081,-34.187969881240726,58.76637032101337,3.6399999999999664
-0.18118996764675857,-0.544236793091174,0.5162684579614867,-0.19713139211011968,-0.45271099561407,0.5037452419805999,-1.2398290634155273,0.2793412208557129,1.9991016387939453,-0.18118996764675857,-0.544236793091174,0.5162684579614867,0,0.0,-1.5707963267948966,nan,-0.12027219137873157,-0.3103322943771407,-0.1219884639662252,0.07150741263433535,-1.57079474203054,-0.12307134796077274,-0.3150229704762832,1.19836000480008,-0.1285501674992745,0.8622852056363088,0.29756430199584377,0.7974153907168213,-0.13827493151297165,0.00853777916635717,-0.0027991565820411624,-0.004690676099142477,-0.006561703533049301,0.003182064797503928,0.0010311415747846853,0.0029500766285308223,-0.0005994425027143887,-11.409147702943898,4.421629213050478,-0.6619824562530893,0.13708918369316825,-1.5707952271015764,1.2010649452801254,0.6438201777362633,-0.7893194330159754,-0.9668757768858455,0,sac,0,-0.13708918369316825,-0.06558177105883267,1.9432393987912422,1.4014079062332376,1.2971310062528516,-0.37153948571163026,0.18986168988926286,1.9405346997959647,1.3494045937906105,1.4192673604444053,-0.23582466570017602,0.6623015378152861,-0.1501676773801105,0.13375776819825644,-0.1147039819094892,0.6620105033176507,-2.103135109939964,7.600401401715565,17.73325473539852,1.0,-0.2036757469177246,-1.0996933204054926e-06,4.850710366710587e-07,-0.6199145317077637,0.13967061042785645,0.9995508193969727,1,-0.11022023118022684,2.5476825291560266,-9.0,-9.0,-0.11022023118022684,-0.9169761140212593,-4.451304179345425,-0.32085159906805866,0.0035724335407838047,-0.0007905388406522656,-0.003836465067337676,-0.05405851678108278,0.08357102850601603,0.15592238314846282,0.46769875546773404,0.0,-0.3645225529569107,-0.2738333689223824,0.10431069128551462,-0.2066758507035943,16.98455019437351,-30.0,-30.0,45.700302627143046,3.4646586431772857,-4.548695820654575,-8.679148400931942,-0.2066758507035943,17.34907274733042,-76.00329379361844,-88.28603618462017,117.77927615998738,3.649999999999966
-0.23449263342205673,-0.5560483351524856,0.5308162222678952,-0.341097964972653,-0.579671419275109,0.559911750880712,-1.7667139768600464,-1.8368855714797974,1.1160955429077148,-0.23449263342205673,-0.5560483351524856,0.5308162222678952,0,0.0,-1.5707963267948966,nan,-0.12541504736008036,-0.31727751436827784,-0.11877078646176661,0.07052326522136854,-1.5707946956182726,-0.1250832112146671,-0.31401309298309016,1.1917287395619016,-0.12820571978344183,0.9018987795912344,0.3130992727454429,0.7955097484330154,-0.28732297886259195,0.009989220639866294,0.0003318361454132668,0.003264421385187677,-0.00943493332167522,0.008104376331399286,0.0027698538840535488,0.007257271553332223,-0.0023110246175956986,-6.824220487913175,2.697467657508434,-0.6742807019891606,0.23365188684738758,-1.5707954238853794,1.1943654550236331,0.8082689793342054,-0.7893194330938411,-0.9668800690271755,0,sac,0,-0.23365188684738758,-0.16312862162601904,1.949870665226638,1.3999043586467759,1.2984702503102523,-0.3726879545310621,0.3267213878259078,1.947234343848228,1.3360647480281107,1.4698859871264398,-0.10198319956673249,0.6639236221189339,-0.1505354624726788,0.13408536275133728,-0.11498491063756529,0.6742927877318904,-0.785912604365487,3.1161925128960757,9.668283063705426,1.0,-0.36601659655570984,-9.029095169310608e-07,7.282671070640845e-07,-0.8833569884300232,-0.9184427857398987,0.5580477714538574,1,-0.10364996224258104,1.840168374745171,-9.0,-9.0,-0.10364996224258104,-0.03534978183088998,-6.96302919159948,-3.5644032234566003,0.004484928108189003,-0.0007905388407302516,-0.003836482098119365,-0.027513228864340475,0.04542709851051471,0.101026332834654,0.49782390646285496,0.0,-0.3829584333654466,-0.294314647613229,0.12062490771196877,-0.19435582644399219,12.267789164967807,-30.0,-30.0,44.164877733141914,1.8755181565760608,-2.03697080840052,-5.4355967765434,-0.19435582644399219,12.650747598333254,-68.16322852709843,-94.6884317187234,117.35503403592364,3.659999999999966
-0.30151907009550594,-0.6021238680281231,0.5851623668745888,-0.43557194344240435,-0.6942749337793981,0.6938546560879761,-1.2975611686706543,-1.739927887916565,1.9159619808197021,-0.30151907009550594,-0.6021238680281231,0.5851623668745888,0,0.0,-1.5707963267948966,nan,-0.12943134004946483,-0.3210296858841834,-0.11765052247113011,0.06953683615211315,-1.570794649223618,-0.12709153416608734,-0.31298751771642,1.1850820982085828,-0.12786038188172932,0.524016385528998,0.20079697379642159,0.4777746782575698,-0.07749260889239884,0.013205771071568506,0.0023398058833774826,0.008042168167763375,-0.010209859410599209,0.0088585626727676,0.0031795882486658923,0.008009170262583017,-0.0020536657228607345,0.8335184891735806,-0.33603058396097296,-0.6825252075783268,0.25942056001374625,-1.5707953555393237,1.1875596286828232,0.8374853798392347,-0.7893194330943293,-0.9668800690168113,0,sac,0,-0.259420560013746,-0.18988372386163288,1.9565173076795137,1.3983973247618526,1.2998125996930443,-0.373839086322464,0.34523145423053847,1.954040205401817,1.3368023048801092,1.467137116734989,-0.07822585847755542,0.6653766423887655,-0.15086491464310045,0.1343788132981692,-0.1152365591710938,0.6825195338059137,0.6535804294440674,-2.6377387254046645,-2.882864585392903,1.0,-0.4449292719364166,-9.712555728569328e-07,7.063157054787439e-07,-0.6487805843353271,-0.8699639439582825,0.9579809904098511,1,-0.013426709951233984,0.46370708553212125,-9.0,-9.0,-0.013426709951233984,0.3812080947670567,-8.093649646775244,-5.681533232170534,0.004647044259118177,-0.0007905388407307406,-0.0038364820980782413,0.012565684547935298,-0.019848536294659956,-0.007122543458195785,0.5590113932069922,0.0,-0.4268854216064917,-0.3318715510112876,0.1418585499165726,-0.025176654699482437,3.0913805702141417,-30.0,-30.0,42.53889123724124,0.08249899076506456,-0.9063503532247559,-3.3184667678294657,-0.025176654699482437,3.518265991820633,-35.26296561955911,-59.59143461572242,69.33249348825753,3.6699999999999657
-0.35431472839548506,-0.6260141097684015,0.6872114043021809,-0.4599060449954432,-0.6737945932489583,0.8913094791573649,-0.5910928249359131,-0.5633836984634399,1.9558017253875732,-0.35431472839548506,-0.6260141097684015,0.6872114043021809,0,0.0,-1.5707963267948966,nan,-0.13146668783094836,-0.31974270349118433,-0.11978863885064112,0.06854837676001302,-1.5707946028610678,-0.12909565922901414,-0.31194648460017066,1.1784217742375205,-0.12751424194879837,0.24965967497366204,0.0031222718556739304,-0.02459492767497018,0.24842563124419514,0.01122888012484084,0.002371028601934222,0.007796218891013673,-0.007725603098157258,0.005598114633930194,0.0021367588315780416,0.00516633684521146,0.00028655322735424843,8.42310353600287,-3.4631876162502198,-0.683570615530172,0.19921174757143256,-1.5707950156144068,1.1807075846547146,0.6301616889223932,0.789230076093193,-0.07640770862370666,0,sac,0,-0.19921174757143234,-0.13066337081141954,1.96317763265177,1.396887188555647,1.3011577123840141,-0.3749925877889547,0.22585693002676918,1.960892147041019,1.3510942959574102,1.4092343314113802,-0.18204548414720562,0.6666600380639949,-0.1511559067920008,0.13463800662844627,-0.1154588304265703,0.6835433925588955,1.8783869819649255,-7.553825484019423,-14.782709027369707,1.0,-0.2253490835428238,-1.3111804895160617e-06,4.1275333906298783e-07,-0.29554641246795654,-0.28169184923171997,0.9779008626937866,0,0.14957008115291098,-1.6079632308819831,3.1925452162042816,0.7023560262987398,0.14957008115291098,0.22763588254050604,-4.542762357994145,-5.049507567587251,0.0034966452302548387,0.0007904493456833267,-0.00030317804212068436,0.04043899730993601,-0.07016552907046802,-0.10961262868322093,0.6205537122215349,0.0,-0.47864526365103294,-0.36292094504103767,0.1558011841639235,0.2804614310011457,-10.719754872546554,10.641817387347606,2.341186754329133,15.287944134711665,-1.8355991134224892,7.735307574198426,5.751863593885991,0.2804614310011457,-10.24110960889552,11.004738332388644,2.1853855701652094,15.19339200081146,3.6799999999999655
-0.34453935284052883,-0.5940845377281336,0.7667195210093221,-0.3249886017306164,-0.5302253936475977,0.9257357544236045,1.9773483276367188,1.9197518825531006,1.5132126808166504,-0.34453935284052883,-0.5940845377281336,0.7667195210093221,0,0.0,-1.5707963267948966,nan,-0.1311681250989352,-0.3129360630247846,-0.12182002367171868,0.06755813916117392,-1.5707945565450425,-0.13109493500721503,-0.3108902492767602,1.171749466422087,-0.12716738851456505,0.6633493674268796,-0.2297838510214062,-0.5750405142989246,0.23782382553108883,0.00572582059129005,7.319009172016e-05,0.0020458137480244276,-0.005347364842846369,0.0018186479025063674,-0.00010719672675436079,-0.000388690927700728,0.0017733889640423241,11.79918756561596,-4.945548304393611,-0.6779926052951276,0.08096851069878497,-1.5707945551826967,1.1738933571941255,-0.22014481200596733,0.7893198848785035,0.9670468563235367,0,sac,0,-0.08096851069878497,-0.013410371537610821,1.9698499413694421,1.3953743352015677,1.30250524530044,-0.37614816471992635,0.031705279042001266,1.9677060676521305,1.3734403929091992,1.322310597404895,-0.36486637726629156,0.667773314532164,-0.1514083267728729,0.13486284285072223,-0.11565163874207923,0.6779493675899112,2.331261078430397,-8.847335174475342,-19.30979616967913,1.0,-0.10140716284513474,-1.771612200052175e-06,-1.3623457917333326e-09,0.9886741638183594,0.9598759412765503,0.7566063404083252,1,0.3105886584590996,-4.1004515251155365,9.0,9.0,0.3105886584590996,-0.5204596701103075,1.1828376085368293,-1.6333116941780728,-0.0012215409479785333,0.0007905392932128693,0.0038371438932035553,0.05426323855032705,-0.09049307620693182,-0.16149009783194487,0.6295919060377121,0.0,-0.496282338571132,-0.35828377487255164,0.1473857022700718,0.5823901339941864,-27.336343500770244,30.0,30.0,50.47390270486598,-3.579991855005229,7.817162391463171,10.633311694178072,0.5823901339941864,-26.840061162199113,53.982940223615,65.6640051306776,89.14397044358529,3.6899999999999653
-0.295028157829102,-0.5982412661159565,0.7755821561560704,-0.1960057678062484,-0.6065547228916024,0.793307426449567,1.8933265209197998,-1.8429776430130005,-1.3518368005752563,-0.295028157829102,-0.5982412661159565,0.7755821561560704,0,0.0,-1.5707963267948966,nan,-0.12958485311294493,-0.30341618245619073,-0.1211931057755079,0.06656637615649585,-1.5707945102898768,-0.13308871680898257,-0.3098190829598226,1.165066878152151,-0.1268199104487859,0.9179007186263879,-0.35770537877578,-0.8448714251656275,-0.027943983043163256,0.009216025525737364,-0.00350386369603764,-0.006402900503631848,-0.005626804673278002,0.006448903221488496,-0.0024518275616329517,-0.005881194426577797,0.0009942064599126142,9.582644000098718,-4.092521349684735,-0.6698261398208902,-0.03701047075517372,-1.5707941633478855,1.1671650979587893,-0.7106295051609314,0.7893194331024624,0.966880056142677,0,sac,0,0.03701047075517394,0.10357684691166957,1.9765325304421815,1.3938591509197233,1.3038548544272799,-0.3773055221052595,0.1684553340931188,1.9744339242222564,1.3934372963427568,1.2486983503341174,-0.5364607216159724,0.6687160431291433,-0.15162207739207753,0.1350532353924104,-0.11581490987729383,0.6697886504996012,1.6193988569909687,-5.870874424617884,-14.671448566786651,1.0,-0.19957663118839264,-2.1634470108722326e-06,-3.4694199158025185e-07,0.9466632604598999,-0.9214888215065002,-0.6759184002876282,1,0.34443331210451755,-4.5,9.0,9.0,0.34443331210451755,-1.5041927312453272,5.255650944256616,2.0292590852716588,-0.003943145566256951,0.0007905388407388863,0.0038364820469949813,0.04423775198108393,-0.06985205766038109,-0.1372017039328483,0.614438006641466,0.0,-0.4907428086182549,-0.3458456886777087,0.13075289449203914,0.6458528259975953,-30.0,30.0,30.0,51.96553786763733,-2.995807268754673,3.744349055743384,6.970740914728341,0.6458528259975953,-35.45856530624662,69.2615229138315,95.35183956410025,123.07257551563355,3.699999999999965
-0.21768506257269202,-0.6289524121461098,0.7402819283699964,-0.06299887205987204,-0.6903747042064161,0.6696814727978485,1.9439187049865723,-1.9551196098327637,-1.1956887245178223,-0.21768506257269202,-0.6289524121461098,0.7402819283699964,0,0.0,-1.5707963267948966,nan,-0.12839775676818807,-0.29519372273204425,-0.11971429400756764,0.0655733411337911,-1.5707944641098095,-0.13507636715240257,-0.30873327226463043,1.1583757167745927,-0.1264718969255114,0.7892368501704915,-0.3174746688176855,-0.7136649028954334,-0.11307982446657483,0.016540508922221656,-0.006678610384214495,-0.013539549532586181,-0.00675760291794375,0.009438246921691491,-0.00374442231029575,-0.008663229400816975,-9.090030692299796e-05,3.4885054909891116,-1.517335791573288,-0.6620721988728254,-0.10404709821935731,-1.5707939874129007,1.1605241113390472,-0.8239724404645229,0.7893194330946578,0.9668800690167925,0,sac,0,0.10404709821935754,0.16962043935314863,1.9832236925227404,1.3923420228273957,1.3052061949503604,-0.37846436424953966,0.257173993783949,1.981074680997001,1.3999071375577947,1.2235291357172438,-0.6221967417917832,0.6694878611391295,-0.1517970764088427,0.13520911099978328,-0.11594858101347584,0.6620629148195132,-0.10455117685846355,-0.014351914478347494,-3.923110397090176,1.0,-0.4057859182357788,-2.3393819956751827e-06,-4.766969086134054e-07,0.9719593524932861,-0.9775598049163818,-0.5978443622589111,1,0.24274341086234208,-4.264514125038563,9.0,9.0,0.24274341086234208,-2.339617537240319,7.331129522477457,4.691230065411101,-0.004572063574252824,0.0007905388407310696,0.0038364820980781662,0.0112032363164835,-0.01891486623057069,-0.05770349705440092,0.5862570952427213,0.0,-0.4707607473159254,-0.33010639171170514,0.11450533026921886,0.4551723436383688,-28.43009416692375,30.0,30.0,51.07325558648641,-1.9248965877982438,1.6688704775225434,4.308769934588899,0.4551723436383688,-27.959333419607827,49.551947911639786,79.00567519397585,97.36130525945657,3.709999999999965
-0.11953162014210617,-0.6711849663855148,0.6743190028326225,0.07677526471906554,-0.7556500748643251,0.5423931517578747,1.4367644786834717,-1.3907732963562012,-0.6961102485656738,-0.11953162014210617,-0.6711849663855148,0.6743190028326225,0,0.0,-1.5707963267948966,nan,-0.12908328551441256,-0.2915108986074546,-0.11994915774750406,0.06457928796991697,-1.570794418018975,-0.13705725626038243,-0.30763311901653395,1.1516776929338204,-0.12612343738739623,0.29476114685978916,-0.1295360361755371,-0.2582670876493165,0.058332327805157846,0.019016622451111156,-0.007973970745969866,-0.016122220409079346,-0.006174279639892172,0.008207723935031755,-0.003353919070188764,-0.007484021009612495,0.00032770198656105996,-4.6797658993488085,2.072181488157979,-0.6577058939019214,-0.08978721979873772,-1.5707941110489843,1.1539447006095842,-0.8372961982571112,-0.577122812663374,0.9668800690167927,0,sac,0,0.08978721979873772,0.15436650776865468,1.9899217169664547,1.3908233387895093,1.306558921389565,-0.3796243948862727,0.20771712964985456,1.9876542268742814,1.387284024524735,1.2616941920645133,-0.5823949394823293,0.6700884717946486,-0.15193325653526454,0.13533040973797333,-0.11605260075347609,0.6577319241556633,-1.9646122012522498,6.205127543030173,9.35853497496355,1.0,-0.365885466337204,-2.2157459120819567e-06,-3.069699907598533e-07,0.7183822393417358,-0.6953866481781006,-0.3480551242828369,0,0.0830151576720523,-1.3586651276111255,1.2606573054742953,8.658183493335155,0.0830151576720523,-2.5389240798057693,5.681857365020858,6.290646128068334,-0.004645994527139206,-0.0005780144009550114,0.003836482098078167,-0.0397061192711817,0.054080150780050976,0.05979079064733568,0.5535817777507779,0.0,-0.44235317974858523,-0.31545627278721894,0.10613099916246499,0.15566314958194694,-9.057767517407504,4.202191018247651,28.86061164445052,30.53949405705953,1.1802589521946438,-4.421200059546562,2.367537365266821,0.15566314958194694,-8.615414337658919,4.51764729103487,28.754480645288055,30.35587075760003,3.7199999999999647
-0.07997389768707674,-0.6544550185541035,0.5883899750134952,-0.0008584527770178901,-0.6209951228912807,0.4165319193752407,-1.3492400646209717,1.7177600860595703,-1.7694895267486572,-0.07997389768707674,-0.6544550185541035,0.5883899750134952,0,0.0,-1.5707963267948966,nan,-0.1328267930659568,-0.29471089624836627,-0.1210423801401607,0.06358447093289721,-1.570794372031394,-0.13903076254467836,-0.3065189400377304,1.1449745199122883,-0.12577462150988244,0.48810345998357957,0.17700012672483,0.43141766197152265,0.14420382701704204,0.014153206131677561,-0.006203969478721566,-0.01180804378936412,-0.004732241369721751,0.0026359314131910493,-0.0010540796043356894,-0.0021094960319946662,0.0011777423715607915,-11.174004291962065,5.0360358519155,-0.6609646725458772,0.008675282991704725,-1.5707944630351034,1.1473637857841392,-0.14007927689761548,-0.7894008439667862,-0.9661044358302676,0,sac,0,-0.008675282991704947,0.054909187941192705,1.9966248904907267,1.3893034872691032,1.3079126877320226,-0.38078531729210097,0.06431115162842166,1.9942355499886806,1.3621075018222992,1.3458058011951248,-0.4249973699857818,0.6705176442765532,-0.15203056543630633,0.13541708499097221,-0.1161269291217339,0.6610077325104371,-2.6641591726186156,9.212000976907381,18.804267878124882,1.0,-0.23232537508010864,-1.8637597931636662e-06,9.100370945702707e-08,-0.6746200323104858,0.8588800430297852,-0.8847447633743286,1,-0.05834058823889389,1.4255293072703707,-9.0,-9.0,-0.05834058823889389,-1.9782044865602797,0.12988658782157914,3.7193347129607073,-0.0007772727920975146,-0.0007906203773736213,-0.003833404464222497,-0.06123676915378358,0.09112316460104741,0.14913791616524757,0.5095476582255324,0.0,-0.4020219777441303,-0.2954387259560085,0.10360069796730347,-0.10939544016293623,9.503528715135806,-30.0,-30.0,43.47791422552075,3.4037337938306504,-9.129886587821579,-12.719334712960707,-0.10939544016293623,9.905550692879936,-47.016977548211955,-39.45660505707759,62.17356160210553,3.7299999999999645
-0.09575085748115486,-0.6182395408198875,0.5762682388715658,-0.1273047770693111,-0.5458085853514557,0.5520247665877069,-1.472467064857483,0.2540414333343506,1.9934258460998535,-0.09575085748115486,-0.6182395408198875,0.5762682388715658,0,0.0,-1.5707963267948966,nan,-0.13865610435753262,-0.3022493514850191,-0.11965262813304048,0.06258914458405473,-1.5707943261609598,-0.14099627307818566,-0.30539106691273654,1.1382679129710107,-0.12542553916525406,0.9545532825168169,0.3863800758068525,0.8666328361646658,-0.10406696624918332,0.006976622911963504,-0.002340168720653041,-0.003141715427717462,-0.005772911032213585,0.004748129747959303,0.001869838041167372,0.004363498670767081,9.122035668290233e-05,-11.687273175461206,5.361404900707216,-0.6714356171298335,0.1401837321349313,-1.5707948235636613,1.1406966521029083,0.5916992178355795,-0.7893194323625464,-0.9668815487417125,0,sac,0,-0.1401837321349313,-0.07759458755087678,2.0033314978345094,1.387782857177803,1.3092671475652966,-0.3819468344010192,0.19987390310053038,2.000903056371638,1.3388172595801813,1.4312175385388641,-0.23136744601733827,0.670775213714024,-0.15208896572979905,0.1354691034616311,-0.11617153756427737,0.6714697072552596,-1.9728310560944364,7.576721547464308,18.462232681879996,1.0,-0.19204181432724,-1.503231235489011e-06,4.974027012494275e-07,-0.7362335324287415,0.1270207166671753,0.9967129230499268,1,-0.13055994375995175,2.2308393643960547,-9.0,-9.0,-0.13055994375995175,-1.0345647374635367,-4.498434765330634,-0.36509180430768073,0.0032832244234465013,-0.0007905388399978272,-0.0038364879694766443,-0.051177693121052595,0.08335284246565107,0.16210700754353263,0.5002599204310983,0.0,-0.3919260977917708,-0.2909915917804832,0.10944320615051811,-0.24481519549962827,14.872262429307032,-30.0,-30.0,44.958248678592064,3.265404101859591,-4.501565234669366,-8.634908195692319,-0.24481519549962827,15.264188527098803,-76.1061334357412,-93.09925235120754,121.21332319825008,3.7399999999999642
-0.15675890140351634,-0.6350282044832269,0.5533633588531499,-0.2787749892482393,-0.6686055318099059,0.5075535988163183,-1.7972289323806763,-1.8996165990829468,0.06174039840698242,-0.15675890140351634,-0.6350282044832269,0.5533633588531499,0,0.0,-1.5707963267948966,nan,-0.14455749287865927,-0.3095549894408125,-0.11644256178551113,0.061593563680133245,-1.570794280421432,-0.14295318405476415,-0.3042498457329574,1.1315595886900818,-0.12507628038656973,0.9751541021890417,0.39444775445481584,0.8446859135572582,-0.28608075688450196,0.01025960298674797,0.0016043088238951175,0.00530514370785512,-0.008633718601058604,0.009541869392231752,0.003869362072132872,0.008525150019045956,-0.0018431293513775622,-7.1008741363075405,3.3159511184892723,-0.6820566442783372,0.24220391201431535,-1.5707950181958648,1.133912399438289,0.7862998200097355,-0.7893194330883483,-0.9668800690130886,0,sac,0,-0.24220391201431557,-0.1806103483341821,2.0100398224177893,1.3862618377262916,1.3106219542105733,-0.38310864891859037,0.3436460035939287,2.0076875097360336,1.3264992818460863,1.4817292444104169,-0.09115355893683037,0.6708610811845688,-0.15210843498644117,0.1354864451716606,-0.1161864089487233,0.6820724003152857,-0.7074429060788694,3.1194598067984236,10.248974989656817,1.0,-0.39314720034599304,-1.3085990318018048e-06,7.377744326575453e-07,-0.8986144661903381,-0.9498082995414734,0.03087019920349121,1,-0.12160256947652165,1.549027043402077,-9.0,-9.0,-0.12160256947652165,-0.2084456251673611,-6.985616403571714,-3.597588290899696,0.0043630254957087375,-0.0007905388407247504,-0.00383648209806347,-0.025569966076115183,0.045377881012318995,0.10595405441359779,0.5252477857494923,0.0,-0.40225754322523377,-0.3123690109861554,0.12845118266748223,-0.22801906896028812,10.326846956013847,-30.0,-30.0,43.665727530281025,1.757472668569438,-2.014383596428286,-5.4024117091003045,-0.22801906896028812,10.729104499239082,-68.01573445750662,-98.92726817360924,120.53178086354924,3.749999999999964
-0.23781733746517436,-0.6792163733134251,0.5796225206025509,-0.39993420958849035,-0.7675927109738213,0.632140844101353,-1.6110713481903076,-1.7570927143096924,1.8775453567504883,-0.23781733746517436,-0.6792163733134251,0.5796225206025509,0,0.0,-1.5707963267948966,nan,-0.14908606683580108,-0.31361146433062853,-0.11519684079997089,0.060597983075430406,-1.5707942348264252,-0.14490090123590577,-0.3030956368208004,1.124851264309189,-0.12472693533147691,0.5883497020569979,0.2580856776000201,0.5210683801973037,-0.08963759304474184,0.014795977192955076,0.0041851655998953186,0.010515827509828157,-0.009530094531506023,0.010261987570469224,0.004292548589766864,0.009141043968570576,-0.0018231101627753776,0.4468604673941312,-0.2124084938477489,-0.6886169292269468,0.27238395085784695,-1.5707949507939543,1.1270387184072999,0.8238647558557189,-0.7893194330932828,-0.9668800690167856,0,sac,0,-0.27238395085784717,-0.21178596778241676,2.0167481470010697,1.38474081827478,1.31197676085585,-0.38427046343616156,0.3673591544767064,2.014561243903094,1.3275609999421838,1.4793437691343907,-0.062297298796586575,0.6707752137140254,-0.15208896572979932,0.13546910346163135,-0.11617153756427759,0.6886116298270536,0.6519422135334769,-2.575772640520319,-2.4186069365928984,1.0,-0.5069285035133362,-1.376000942521216e-06,7.159675288193057e-07,-0.8055356740951538,-0.8785463571548462,0.9387726783752441,1,-0.028454792617804505,0.2746248979443284,-9.0,-9.0,-0.028454792617804505,0.18273454115925078,-8.10405960034751,-5.71556366082012,0.004571466053203281,-0.0007905388407296925,-0.003836482098078139,0.012907030985857397,-0.019391907719015524,0.008519663738428367,0.5807720045049884,0.0,-0.4389321361995403,-0.34941044692618156,0.15015672015230147,-0.053356070912815495,1.8308326529621897,-30.0,-30.0,42.46592510558855,0.09189035678507765,-0.8959403996524902,-3.28443633917988,-0.053356070912815495,2.26976478916173,-35.26168318844633,-63.34405466167409,72.53282182110341,3.759999999999964
-0.33527766469166376,-0.7174756109083436,0.6469440980911001,-0.5301983191446425,-0.7939940860981806,0.7815872530681984,-1.5283393859863281,-0.9962930679321289,1.9267115592956543,-0.33527766469166376,-0.7174756109083436,0.6469440980911001,0,0.0,-1.5707963267948966,nan,-0.15127660154132366,-0.31263442411515785,-0.11728876826295123,0.05960265762392147,-1.570794189389401,-0.14683884038356132,-0.3019288144338096,1.118144657068132,-0.12437759424591582,0.24616283055284005,0.02525955578670247,0.018978217152010313,0.2441268548541431,0.013585111576997655,0.004437761157762343,0.01070560968134826,-0.007088825982964592,0.006919316584161308,0.0030247426576634584,0.006209560564072772,0.00041137750044568586,8.042288397857014,-3.891386415638152,-0.6881550652547959,0.2150970409370736,-1.5707946183988664,1.1201348976581642,0.6358949573721134,0.7892688877066134,-0.28637080312879154,0,sac,0,-0.21509704093707338,-0.1554943833131519,2.0234547543448524,1.3832201881834798,1.313331220689124,-0.3854319805450798,0.2513228977530302,2.02146494814801,1.3413208469318016,1.4222922064976782,-0.16287594629621358,0.6705176442765554,-0.1520305654363068,0.13541708499097263,-0.11612692912173427,0.6881247653068523,1.7933067078764686,-7.467902288363837,-14.608873964916524,1.0,-0.2909433841705322,-1.708396029975745e-06,4.290094652859011e-07,-0.7641696929931641,-0.49814653396606445,0.9633557796478271,0,0.1365851807648673,-1.6563556673549613,3.038162531357534,-0.30553446415301644,0.1365851807648673,0.0435394900501113,-4.5987141699432605,-5.26121628471819,0.0035284580270828502,0.0007904882172562208,-0.0011362903164743947,0.03894989739555169,-0.06931422649043903,-0.10743951626442833,0.6483687052345943,0.0,-0.4900997042279498,-0.38954949062962013,0.16862814769030668,0.2561132210104394,-11.042371115699742,10.127208437858446,-1.0184482138433881,15.019891522475401,-1.6998951574050727,7.636876701300794,4.955681820565173,0.2561132210104394,-10.552271411471793,10.516757928488065,-1.1870763615336948,14.947487198116944,3.7699999999999636
-0.3550321960585471,-0.6945811723961406,0.6993794123172612,-0.39454125879231366,-0.6487922953717348,0.8042500407695834,1.9766714572906494,1.8892571926116943,1.2003834247589111,-0.3550321960585471,-0.6945811723961406,0.6993794123172612,0,0.0,-1.5707963267948966,nan,-0.15060702118317854,-0.30588683823999974,-0.11937904695476936,0.05860784208139358,-1.5707941441236575,-0.14876642767848408,-0.30074976644933327,1.1114414835473332,-0.12402834742771426,0.6610989243081387,-0.2597167653067889,-0.5568537890681791,0.2439525510019691,0.007168911069312431,0.0018405935046944544,0.00513707179066647,-0.0046493004729449006,0.0019653202796430084,0.0002845463892325916,0.0004265934284492477,0.0018972441067913962,11.713485252049734,-5.767148830984722,-0.6812152992316041,0.09597011281138901,-1.5707941632232238,1.1132829335190415,-0.17124096254659402,0.7893196904516274,0.9673214402918894,0,sac,0,-0.09597011281138901,-0.03736227072999565,2.0301579278691246,1.3817003366630738,1.3146849870315815,-0.3865929029509081,0.04866267752951308,2.0283165636417015,1.3625149253486073,1.3358569768069097,-0.34724404777351464,0.6700884717946518,-0.1519332565352653,0.135330409737974,-0.11605260075347666,0.681166300285632,2.202599119679616,-8.82898098397159,-19.682637074085857,1.0,-0.12087902426719666,-2.1635716729306864e-06,1.9099566372915433e-08,0.9883357286453247,0.9446285963058472,0.6001917123794556,1,0.298283247513239,-4.015884696839542,9.0,9.0,0.298283247513239,-0.6547584792818695,1.1299664408211514,-1.9029347970116888,-0.0009501829537379827,0.0007905390984856261,0.003838233414554508,0.051630560221217814,-0.09016421501250274,-0.16365860170847588,0.6595916703939491,0.0,-0.5059431619576583,-0.3901020758835149,0.16402151966354592,0.5593160463402194,-26.772564645596947,30.0,30.0,50.17053968358683,-3.361126217557673,7.870033559178848,10.902934797011689,0.5593160463402194,-26.266621483639288,53.24091400113979,63.62862925434324,87.02554580735419,3.7799999999999634
-0.32278638596569753,-0.7024388404743259,0.6913559020237993,-0.25829476577999844,-0.7181541766306966,0.6753088814368753,1.9171464443206787,-1.825652003288269,-1.383488416671753,-0.32278638596569753,-0.7024388404743259,0.6913559020237993,0,0.0,-1.5707963267948966,nan,-0.14824019745490594,-0.29601942431073175,-0.11859630569178861,0.057613791007570914,-1.5707940990423188,-0.15068310012345693,-0.2995588940302746,1.1047434590083598,-0.12367928519008159,0.9686009990786728,-0.42834961732454435,-0.8676541510209301,-0.04336790253480771,0.006658250515236032,-0.002442902668550989,-0.0035394697195428315,-0.005082979498292978,0.006178491815425366,-0.0026612564100644805,-0.005490248290452789,0.0009739862126073298,9.846556875462571,-4.930842920815068,-0.671579956515316,-0.026745788790454084,-1.5707937662241378,1.1065312450216789,-0.6842077816327568,0.7893194330984374,0.9668799994222207,0,sac,0,0.026745788790454306,0.08435957979802478,2.036855952312839,1.3801816526251873,1.3160377134707861,-0.38775293358764107,0.14773616325812955,2.0350677922266716,1.3812115374000231,1.261916867011783,-0.5252034691764503,0.6694878611391344,-0.15179707640884385,0.1352091109997843,-0.1159485810134767,0.6715361600648082,1.492551283940906,-5.936071024034008,-15.455692226084071,1.0,-0.15358036756515503,-2.5605707589804183e-06,-3.328181810147157e-07,0.9585732221603394,-0.9128260016441345,-0.6917442083358765,1,0.33140756408464583,-4.5,9.0,9.0,0.33140756408464583,-1.591287106747527,5.22672788401143,1.8251378352054568,-0.0037965365369015,0.000790538840734855,0.0038364818219339607,0.041497378294257536,-0.07031759631668422,-0.14303429557343897,0.6437140357635975,0.0,-0.4979831915473436,-0.3791591326182825,0.15039565461651955,0.6214280219100803,-30.0,30.0,30.0,51.96524004357543,-2.9087128932524733,3.7732721159885703,7.174862164794543,0.6214280219100803,-34.63238581557343,68.99530938142989,96.11217584637329,123.27891702407413,3.789999999999963
-0.25316396930522167,-0.7343465464609927,0.6483617208035628,-0.11391913598426992,-0.7981619584343262,0.5623733583630899,1.8557701110839844,-1.8896929025650024,-0.9783844947814941,-0.25316396930522167,-0.7343465464609927,0.6483617208035628,0,0.0,-1.5707963267948966,nan,-0.146176764787944,-0.2871150413651315,-0.11660045866125815,0.05662075866824523,-1.5707940541583314,-0.15258830593081776,-0.29835661127250473,1.0980522967344346,-0.12333049782500508,0.881959433221378,-0.3968638474322772,-0.7702100187830407,-0.16470596654539482,0.01458678103471393,-0.006411541142873761,-0.011241569907373239,-0.006730039163746926,0.00983588420224786,-0.004412120984781184,-0.008779360544108978,-0.00044792286414630823,4.07003548952945,-2.0721113669480045,-0.6622001999659443,-0.10084143545737656,-1.570793575349677,1.099882536363121,-0.8117754356365988,0.7893194330945448,0.9668800690171492,0,sac,0,0.10084143545737678,0.157462194125622,2.043547114393398,1.3786645245328597,1.3173890539938666,-0.3889117757319212,0.2454443530724788,2.0417162174709373,1.3865118285659155,1.2356945929001073,-0.6202211208039264,0.6687160431291496,-0.15162207739207892,0.13505323539241162,-0.1158149098772949,0.6621863911093013,-0.21470216835279776,-0.14352495247378516,-4.925376621727675,1.0,-0.3540124297142029,-2.7514452196619743e-06,-4.788086545026715e-07,0.9278850555419922,-0.9448464512825012,-0.48919224739074707,1,0.22772640040732617,-4.148080059997183,9.0,9.0,0.22772640040732617,-2.379145662364264,7.318292574733005,4.560147514861158,-0.004504384755459686,0.0007905388407309565,0.0038364820980795818,0.00880141698735365,-0.020024420460589668,-0.06557731828610279,0.6128249877041168,0.0,-0.47535794691375644,-0.3622789262972328,0.13543731916061164,0.42701368911930654,-27.65386706664789,30.0,30.0,50.64502645305389,-1.7689343976329193,1.6817074252669952,4.439852485138842,0.42701368911930654,-27.178509119734134,49.92341409579133,82.06170201538184,99.82646899146211,3.799999999999963
-0.15329067339314284,-0.7672037848170365,0.581588215500962,0.04645591843101485,-0.8329182615291241,0.4480412048957603,1.4157521724700928,-1.1296706199645996,-0.5281367301940918,-0.15329067339314284,-0.7672037848170365,0.581588215500962,0,0.0,-1.5707963267948966,nan,-0.14618316052268326,-0.28252119726776675,-0.11619963348677179,0.05562899893740836,-1.5707940094844497,-0.1544815048937163,-0.29714334483455007,1.091369707370954,-0.12298207556655741,0.38718313236379615,-0.18868032281592617,-0.3380577659410078,-0.005240291603869629,0.018129292300878418,-0.008298344371033023,-0.014622147566783317,-0.006782442079785622,0.00911964653527695,-0.004191863700117983,-0.008092303039031874,-0.00033296121770794856,-3.86148349820584,1.9979717398303938,-0.6560713025025858,-0.09441201914347097,-1.5707936827212843,1.0933123992181186,-0.8136722140206587,-0.52917552458151,0.9668800690167969,0,sac,0,0.09441201914347097,0.15004101808087933,2.0502297034661376,1.3771493402510153,1.3187386631207068,-0.3900691331172545,0.20596744382109222,2.048286464792212,1.3728066377927808,1.2724744811585165,-0.5907170290453692,0.6677733145321709,-0.15140832677287447,0.13486284285072364,-0.11565163874208044,0.6560967364415975,-2.0763381524129167,6.074571418028021,8.34598286956536,1.0,-0.3936726152896881,-2.6440736125010744e-06,-3.2676316541468964e-07,0.7078760862350464,-0.5648353099822998,-0.2640683650970459,1,0.06638708161496064,-1.2153543033588714,1.5487944982691066,9.0,0.06638708161496064,-2.52921140915727,5.7720669723020155,6.280979514188834,-0.0045149096115498985,-0.0005299930398340447,0.003836482098078184,-0.042001717440304086,0.05277430601244724,0.051420408081477145,0.5712013521672492,0.0,-0.44091980329108094,-0.3411644024239212,0.12436865482177203,0.12448355825044184,-8.102362022392477,5.162648327563689,30.0,31.50105877986133,1.3138571057983985,-4.223272474032909,2.719020485811166,0.12448355825044184,-7.661442219101396,5.50381272998761,33.27013380280451,34.58188761268235,3.8099999999999627
-0.10096707555473296,-0.7420905983672601,0.4920121044203146,0.00368012012208678,-0.6918642254677073,0.31285988225902006,-0.6443462371826172,1.4450154304504395,-1.7350518703460693,-0.10096707555473296,-0.7420905983672601,0.4920121044203146,0,0.0,-1.5707963267948966,nan,-0.14966885509762815,-0.28467100114824473,-0.11694459700293117,0.054638765199381156,-1.5707939650332334,-0.15636216874057163,-0.29591953355019085,1.0846973982660024,-0.12263410855411641,0.3892544162739563,0.16050307280895404,0.3373615164837196,0.10929305286003776,0.014272367372356818,-0.0066933136429434825,-0.01124853240194612,-0.0056895115511852445,0.0036166898540618024,-0.0017215084460672284,-0.003140234069079215,0.0005057510869854584,-10.279383259015862,5.404385661690936,-0.6576231048094799,-0.0029306580850643194,-1.5707940238823481,1.0867582933216244,-0.0631084796831535,-0.7893469187474671,-0.9689864402314688,0,sac,0,0.0029306580850643194,0.0575694232844457,2.0569020121838095,1.3756364868969357,1.3200861960371326,-0.3912247100482261,0.06893730927171414,2.0548410012881675,1.3463806117435642,1.35566037882661,-0.4424758186370479,0.666660038064004,-0.15115590679200286,0.1346380066284481,-0.11545883042657187,0.6576697022272422,-2.7973735612196635,9.146585853322918,17.962698088335742,1.0,-0.23594091832637787,-2.302912548657332e-06,5.8849114914494294e-08,-0.3221731185913086,0.7225077152252197,-0.8675259351730347,1,-0.07557773061672335,1.6519999697395995,-9.0,-9.0,-0.07557773061672335,-1.915226250947609,0.22298382538966166,3.765770799547946,-0.0003501767377354944,-0.0007905663688460476,-0.0038448399655282945,-0.06398375270417342,0.09038254993277772,0.14199951340236167,0.5176361106218431,0.0,-0.3936932432422407,-0.3146568532165188,0.11808402927150219,-0.14171710222524536,11.01333313159733,-30.0,-30.0,43.83279126869064,3.5672262206872087,-9.222983825389662,-12.765770799547946,-0.14171710222524536,11.407026374839571,-45.826485433174796,-34.47332011327766,58.468939628172194,3.8199999999999625
-0.08526849479534837,-0.6937095741680388,0.487751036546707,-0.053871333276579204,-0.5969475257695963,0.4792289007994917,-0.5772609710693359,0.2662525177001953,1.9922370910644531,-0.08526849479534837,-0.6937095741680388,0.487751036546707,0,0.0,-1.5707963267948966,nan,-0.15556790837685866,-0.29119150134939437,-0.11560855231810976,0.053650310250942246,-1.5707939208170352,-0.15822978147223873,-0.2946856280246386,1.0780370728108661,-0.12228668679550661,0.879549295679762,0.40314405475634085,0.7754405726701885,-0.0988622926211602,0.007993245254385611,-0.002661873095380074,-0.0034941266752442357,-0.0066781344773968465,0.0034489745316666374,0.0015372340099134062,0.003070679694473182,-0.00032134581497312176,-10.89201688294367,5.818913270557133,-0.6666100415524153,0.12297241958287719,-1.5707943735000658,1.0801336581769267,0.6402781381820878,-0.7893194330536485,-0.9668760664363466,0,sac,0,-0.12297241958287719,-0.06932210933193517,2.063562337156066,1.3741263506907302,1.3214313087281024,-0.39237821151471686,0.18855988694909703,2.061466059550359,1.3217382789104801,1.440758154684818,-0.2561173207366741,0.6653766423887749,-0.1508649146431026,0.13437881329817108,-0.11523655917109542,0.666648826945854,-2.1043099075966105,7.56370736384693,17.808313458427502,1.0,-0.1959439218044281,-1.9532948307698916e-06,4.5268303061618553e-07,-0.28863048553466797,0.13312625885009766,0.9961185455322266,1,-0.1479696728410092,2.5342568081390984,-9.0,-9.0,-0.1479696728410092,-0.9120093709647006,-4.4456702409234286,-0.3188570269826706,0.003552779448936899,-0.0007905388406899969,-0.0038364662162447116,-0.05403824802024932,0.08315263184855835,0.1565177637372398,0.49673330279947875,0.0,-0.37712856846108034,-0.3012162914214763,0.11741704621930803,-0.2774604778567583,16.89504538759399,-30.0,-30.0,45.66748890584672,3.446266179103799,-4.5543297590765714,-8.68114297301733,-0.2774604778567583,17.27217395605507,-75.35774262505925,-88.61929013845982,117.60345630836788,3.8299999999999623
-0.12478908780129311,-0.7002141024273305,0.4638487923384324,-0.20383027381318258,-0.7132231589459139,0.4160443039218832,-1.668337106704712,-1.8487770557403564,-0.2010197639465332,-0.12478908780129311,-0.7002141024273305,0.4638487923384324,0,0.0,-1.5707963267948966,nan,-0.161592825925488,-0.2976337671682194,-0.11263273094433862,0.052663886203464294,-1.5707938768479932,-0.16008383968141904,-0.2934420902149894,1.0713904297805508,-0.12193990013006653,0.9131235871586378,0.41708593394490234,0.7685803628474208,-0.2629034708331063,0.010318458868299652,0.0015089862440689494,0.0041916769532299725,-0.00930716918572791,0.008338259233414518,0.003798672360420012,0.007158319493629687,-0.0019634452803489926,-6.52127354382599,3.540512311821791,-0.67587509527816,0.22049317790856415,-1.570794556737525,1.073405946645784,0.8069169014136819,-0.7893194330941321,-0.9668800690264683,0,sac,0,-0.22049317790856415,-0.16782929170509986,2.070208979608942,1.372619316805807,1.3227736581108942,-0.3935293433061187,0.3263625425058296,2.068194014735145,1.308324745185882,1.491250405989112,-0.1215178682687289,0.6639236221189451,-0.15053546247268135,0.13408536275133956,-0.11498491063756723,0.6758936342743207,-0.79732547632718,3.1192078215529073,9.742273231331716,1.0,-0.37080079317092896,-1.770057371786038e-06,6.79889531784994e-07,-0.834168553352356,-0.9243885278701782,-0.1005098819732666,1,-0.13976051419542346,1.842268372266184,-9.0,-9.0,-0.13976051419542346,-0.033614780026018046,-6.960491546478351,-3.563539101705012,0.004477425689532267,-0.000790538840730543,-0.003836482098116559,-0.027712419754747288,0.04538350731911218,0.10163936489022656,0.5108575786551555,0.0,-0.38014222834038713,-0.31509500568468307,0.13108199454685948,-0.26206734332537684,12.281789148441227,-30.0,-30.0,44.16911844240505,1.875883152292202,-2.0395084535216492,-5.436460898294988,-0.26206734332537684,12.661931376781615,-67.74503240072826,-95.10354425697128,117.4498477253001,3.839999999999962
-0.17844174806690954,-0.7439325035869713,0.49425943692381547,-0.28574706859814236,-0.8313693059062528,0.5550807260945816,-1.0042526721954346,-1.8676484823226929,1.7745919227600098,-0.17844174806690954,-0.7439325035869713,0.49425943692381547,0,0.0,-1.5707963267948966,nan,-0.166062678650691,-0.3009651896812193,-0.11150925277862703,0.051679744385042525,-1.5707938331380287,-0.1619238528538931,-0.2921893929956557,1.064759162674293,-0.12159383819164576,0.5341777399323493,0.2629839552728941,0.4584119732333636,-0.0777416227290828,0.013994404217224083,0.00413882579679789,0.008775796685563608,-0.010084585413018737,0.009093679396172427,0.004278102867017283,0.007814462133237696,-0.001824012715905118,0.7496951801779785,-0.41363231628849473,-0.6811000097502514,0.2468492719230424,-1.5707944865521202,1.066602256466655,0.8368574352849991,-0.7893194330943836,-0.9668800690168101,0,sac,0,-0.2468492719230424,-0.19516952753799988,2.0768402460443376,1.3711157692193454,1.3241129021682951,-0.39467781212555053,0.34573455759373506,2.074997762656416,1.3088894756338398,1.4887472374434854,-0.09710023634974102,0.6623015378152984,-0.15016767738011333,0.13375776819825896,-0.11470398190949135,0.6810936082591302,0.6324781586664862,-2.5992344609768603,-2.822991489234922,1.0,-0.46039414405822754,-1.8402427763852813e-06,6.534140917224818e-07,-0.5021263360977173,-0.9338242411613464,0.8872959613800049,1,-0.048626202758477004,0.4881226627774774,-9.0,-9.0,-0.048626202758477004,0.38523708346717095,-8.092849815370764,-5.681210868786194,0.004643559916339125,-0.0007905388407307949,-0.0038364820980782365,0.01215854395933613,-0.019551574920073925,-0.00661132517004116,0.5601316311923143,0.0,-0.41318287957505156,-0.3474929710579504,0.1492514232881875,-0.09117982891145135,3.254151085183183,-30.0,-30.0,42.55111999755587,0.10288557931030645,-0.907150184629236,-3.318789131213806,-0.09117982891145135,3.6673339647582344,-35.13432746441199,-60.022710686725276,69.64628070994982,3.849999999999962
-0.2544529325977729,-0.776188470469382,0.5675925214425344,-0.4064753016594997,-0.8407004042342034,0.7142586904799723,-1.349552035331726,-0.9135909080505371,1.9576880931854248,-0.2544529325977729,-0.776188470469382,0.5675925214425344,0,0.0,-1.5707963267948966,nan,-0.16789797533026835,-0.29944504708381037,-0.11340023682168077,0.05069813524262745,-1.5707937896988329,-0.16374934365119545,-0.290928019709524,1.0581449590560785,-0.12124859037154315,0.22511753946731536,0.0009805882275004674,-0.025876931127721825,0.2236231863156357,0.012302339352602346,0.004148631679072895,0.00851702737428639,-0.00784835354986238,0.005788015401968284,0.0028535553735748037,0.005028229170395575,0.0002743272377061061,7.949627964957653,-4.457236074282421,-0.6791437319487722,0.18678511320839086,-1.570794163708069,1.0597825061531236,0.6387230805997185,0.7892450933296681,-0.10242890663736504,0,sac,0,-0.18678511320839064,-0.1360869779657632,2.0834544488995044,1.369616090562766,1.3254487000817892,-0.3958233257040746,0.22705656586434636,2.0818173511755345,1.322942913855763,1.4313674983895905,-0.20049072024799464,0.660511015986949,-0.14976170141764075,0.13339615616809472,-0.11439388149196096,0.6791087024376873,1.8545355934937784,-7.496721679828202,-14.756108550034654,1.0,-0.24443458020687103,-2.1630868278776916e-06,3.740092360260405e-07,-0.674776017665863,-0.45679545402526855,0.9788440465927124,0,0.11334763806787025,-1.5605353774825312,3.137050415930153,0.5902814307734652,0.11334763806787025,0.2395786516490531,-4.561138838093917,-5.071377272630027,0.0035441507354277333,0.000790464386119703,-0.000406427517985321,0.03992045593508029,-0.0696380016674283,-0.10931697693862862,0.6216666033557675,0.0,-0.4611487163585749,-0.3828453565325073,0.16504744805731825,0.2125401051338276,-10.403569183216876,10.456834719767176,1.967604769244884,14.882751289017554,-1.8001140291315842,7.6981892540240695,5.661658703403492,0.2125401051338276,-9.9424204668583,10.839680076299684,1.8025573211875656,14.820417507236034,3.8599999999999617
-0.2626123796209362,-0.749601877816691,0.6344880151571121,-0.27893127366726284,-0.696428692511309,0.7682790025862675,1.9817276000976562,1.8607206344604492,1.7257640361785889,-0.2626123796209362,-0.749601877816691,0.6344880151571121,0,0.0,-1.5707963267948966,nan,-0.16670883433961842,-0.2926743648028859,-0.11505431140725347,0.0497193082441576,-1.5707937465418627,-0.16555984817437844,-0.2896584637055856,1.0515494998951533,-0.12090424578138417,0.6576772972053789,-0.2999645513832916,-0.5501126276986124,0.19984191757316805,0.006681134695412581,0.001148986165239979,0.0030159010973002665,-0.0058499343741307,0.001547937640385526,-9.72213564079782e-05,-0.0003147077418291979,0.001512487349901899,11.166695815033446,-6.360478105175813,-0.6704555210333849,0.06815435144399373,-1.5707937211531966,1.0530311260336807,-0.20555074862602038,0.7893198084354113,0.9670757501369399,0,sac,0,-0.06815435144399373,-0.01843504319983591,2.0900499072065246,1.3681206619722033,1.3267807123647468,-0.3969655929149115,0.03235972961010173,2.088568314863241,1.345109851154401,1.3449586968448919,-0.3833633706584514,0.6585527490913373,-0.14931769159037325,0.13300066650887155,-0.1140547293116578,0.670401323860647,2.319050817299271,-8.80331062997391,-19.335362481295828,1.0,-0.11212415248155594,-2.6056416997377596e-06,-2.538866628043479e-08,0.9908638000488281,0.9303603172302246,0.8628820180892944,1,0.2722235118449304,-4.046172052400541,9.0,9.0,0.2722235118449304,-0.49833361231609824,1.1642816307557846,-1.662412752438527,-0.0011405613152833238,0.0007905392166516813,0.003837258540926079,0.053930970237138706,-0.0900298270842451,-0.16161624195447774,0.6324070260024346,0.0,-0.47863058582538254,-0.3812957747553321,0.1595773824933412,0.510450987895988,-26.97448034933694,30.0,30.0,50.27805833887988,-3.5478384400844427,7.835718369244216,10.662412752438527,0.510450987895988,-26.495849763511558,53.61400922594102,65.42782983030453,88.64284244361862,3.8699999999999615
-0.2200558334880719,-0.7574794817819881,0.6405447847692063,-0.1349427412223433,-0.7732346897125824,0.6526583239933949,1.9695658683776855,-1.8958163261413574,-1.037231206893921,-0.2200558334880719,-0.7574794817819881,0.6405447847692063,0,0.0,-1.5707963267948966,nan,-0.16390714150030353,-0.2833683516335529,-0.11408380991895797,0.048743511780692694,-1.5707937036783348,-0.1673549162085668,-0.2883812278638141,1.0449744589065408,-0.12056089321595018,0.9272798481320603,-0.4596760873503247,-0.8028777327561465,-0.06271489228615035,0.008886432724948351,-0.003447774708263268,-0.0050128762302611984,-0.006477083296992203,0.006398080223545672,-0.0031237927387887067,-0.005552496110844345,0.0005891828333171398,9.088867081000602,-5.257118412079064,-0.6590076456335974,-0.050558231375235074,-1.570793332808745,1.0463977602091024,-0.7062704434292155,0.7893194331008319,0.9668800526157679,0,sac,0,0.050558231375235074,0.09930174315592755,2.096624947251798,1.3666298629389761,1.3281086009956127,-0.39810432388765693,0.1672521242822061,2.0952011713407486,1.3651099386908145,1.2715464635531681,-0.555488123490054,0.656427495534232,-0.14883581985628808,0.13257145238747373,-0.1136866567168524,0.658961172130148,1.6286711232226572,-5.870537920526671,-14.741621542678022,1.0,-0.1941043585538864,-2.9939861514449717e-06,-3.708695901494252e-07,0.9847829341888428,-0.9479081630706787,-0.5186156034469604,1,0.30552026670196963,-4.5,9.0,9.0,0.30552026670196963,-1.480258110065609,5.245296688595013,2.0069844157197987,-0.003918957976499384,0.0007905388407372532,0.0038364820330005637,0.044337020632742814,-0.06974664080559584,-0.13770531592618565,0.6169541425514342,0.0,-0.472772415904386,-0.36866367590903065,0.145621944900303,0.5728863054602843,-30.0,30.0,30.0,51.964682224747456,-3.019741889934391,3.7547033114049873,6.993015584280201,0.5728863054602843,-35.246954234238785,68.94202327084727,95.38018874622219,122.85381133466119,3.8799999999999613
-0.1470573829860991,-0.7897794425201919,0.6030949054206829,-0.0010604819821536104,-0.8543793639965996,0.5281951467236361,1.7189996242523193,-1.8968902826309204,-1.0708527565002441,-0.1470573829860991,-0.7897794425201919,0.6030949054206829,0,0.0,-1.5707963267948966,nan,-0.1616591699850609,-0.27532902640156076,-0.11243119108500246,0.047770993068545264,-1.57079366111922,-0.16913411144803445,-0.28709682410807263,1.0384215018915544,-0.12021862111596049,0.797270623965107,-0.4027166754710265,-0.6754921476250675,-0.13103467339658226,0.01596871564100676,-0.007474941462973533,-0.011767797706511873,-0.007787430030958026,0.009484764451540497,-0.004758883661471962,-0.008190448921349016,-0.0004799265199530809,3.3436718932634633,-1.963202035362995,-0.6478760261906013,-0.11837324060259302,-1.570793152551032,1.0398850229061738,-0.8229583252974096,0.7893194330946114,0.9668800690168112,0,sac,0,0.11837324060259302,0.1661442336711385,2.1031779032355233,1.3651440711600589,1.329432029551095,-0.3992392301224973,0.25692922704378557,2.1017136169523676,1.3718062194440346,1.246003169650533,-0.6421501699562824,0.654136079669731,-0.14831627312623047,0.13210868028964534,-0.11328980647740428,0.6478632457608764,-0.07346608605481214,-0.0785681868102115,-4.029446122182865,1.0,-0.3934316337108612,-3.1742438646453763e-06,-5.085681880068194e-07,0.8594998121261597,-0.9484451413154602,-0.5354263782501221,1,0.20592825794251335,-4.261451112256956,9.0,9.0,0.20592825794251335,-2.319783144491614,7.326714174610388,4.676909254566448,-0.0045664364454946794,0.0007905388407310231,0.003836482098078241,0.011776814370393986,-0.019389605583464947,-0.05851358019171336,0.585318701193058,0.0,-0.45042257643728184,-0.3502067352633341,0.1306626464530942,0.38613961736829805,-28.409674081713042,30.0,30.0,51.0613227916518,-1.941667967765342,1.6732858253896117,4.323090745433552,0.38613961736829805,-27.95925150527576,49.57634337195741,79.28495801590162,97.60013954015064,3.889999999999961
-0.06274725602014088,-0.8356741509980052,0.5273303205294393,0.10587299791177554,-0.9274635679536318,0.3758011507469522,0.8064589500427246,-1.4062824249267578,-0.6226241588592529,-0.06274725602014088,-0.8356741509980052,0.5273303205294393,0,0.0,-1.5707963267948966,nan,-0.16182082163979233,-0.271597285008703,-0.11275978944784193,0.046801998051417604,-1.5707936188752338,-0.170897011701587,-0.28580577290785136,1.0318922860783113,-0.11987751753081657,0.2994906741585002,-0.1601248598821131,-0.24406901926364855,0.0669701947983381,0.018300830786640028,-0.009076190061794664,-0.014208487899148359,-0.007117728082974645,0.008245307655411066,-0.004232596971892481,-0.00707490432275211,0.00012629342742372963,-4.3715853049229825,2.6045809344283466,-0.6401428320681734,-0.10462484207623102,-1.5707932776865199,1.0334675819173673,-0.8369568404984559,-0.5506072263779188,0.9668800690167929,0,sac,0,0.10462484207623124,0.15142684012764862,2.1097071179311815,1.3636636623885539,1.330750663339353,-0.4003700246044253,0.208555289014232,2.108131204264621,1.359546509109873,1.283265106202634,-0.6033995692136289,0.6516793918002572,-0.14775925326391265,0.13161253001998952,-0.11286433278476134,0.6401729508523293,-1.9288046571163693,6.107590047160574,9.267456672654685,1.0,-0.34981629252433777,-3.04910837645167e-06,-3.41188713726126e-07,0.4032294750213623,-0.7031412124633789,-0.31131207942962646,0,0.050206809990049166,-1.3848068652726495,1.4282531860965193,8.814587965084687,0.050206809990049166,-2.527796876459454,5.735888674343579,6.313043862765819,-0.004644111496626543,-0.000551457851141934,0.003836482098078168,-0.03891447073581537,0.05316592878835325,0.058960424214247756,0.5493256307216007,0.0,-0.4184892236165719,-0.33380463880138816,0.12328779906851285,0.09414365270963654,-9.23204576848433,4.760843953655065,29.381959883615625,31.164157839610983,1.1429900111868043,-4.30763548824706,2.501544102318868,0.09414365270963654,-8.813556544867758,5.094648592456453,29.25867208454711,30.979234632711663,3.899999999999961
-0.02756190580218395,-0.8338094740929415,0.42251756851672734,0.042808794633729885,-0.8300801202828139,0.2128920644913035,-0.7834029197692871,0.4457521438598633,-1.921399474143982,-0.02756190580218395,-0.8338094740929415,0.42251756851672734,0,0.0,-1.5707963267948966,nan,-0.1658621759603855,-0.2743798464663338,-0.11422902399711748,0.04583677130253072,-1.5707935769568369,-0.17264320907806324,-0.28450860276964085,1.0253884594622484,-0.11953767008131011,0.5018439296290333,0.22951569441169162,0.4079731595841296,0.18090819987820195,0.013294955345620332,-0.006781033117677748,-0.010128756303307063,-0.005308646084192625,0.002700803549289268,-0.0012893446958614418,-0.0019932539914875053,0.00128797072657984,-10.522646105071319,6.360799875139842,-0.6402883005700621,-0.006033987605467583,-1.5707936365789745,1.0270810895456093,-0.15199673621981225,-0.7893741290679979,-0.966697650464963,0,sac,0,0.006033987605467583,0.051870758907998304,2.1162109433450196,1.3621890102841612,1.332064169533187,-0.40149642191745616,0.06301690726347066,2.1145181929776498,1.3346288737128176,1.3665800466288078,-0.4464114338592949,0.6490583881765646,-0.14716497708591506,0.13108319470196939,-0.11241040125196064,0.6403417532038184,-2.6462805337100828,9.151021148961988,18.800503961024035,1.0,-0.21620270609855652,-2.6902159220298927e-06,5.962213744936662e-08,-0.39170145988464355,0.22287607192993164,-0.960699737071991,1,-0.08669075862395263,1.395015615505129,-9.0,-9.0,-0.08669075862395263,-1.9773617868254656,0.18486666653398548,3.75514041147012,-0.0008434004669915168,-0.0007905936212033904,-0.0038357582797568695,-0.060768726845371705,0.09044762346724368,0.14895396036841502,0.507268348820578,0.0,-0.3766305557134483,-0.3168362682148008,0.1228225604758897,-0.1625553321281692,9.300104103367527,-30.0,-30.0,43.43406912286111,3.372377402330595,-9.184866666533985,-12.75514041147012,-0.1625553321281692,9.676734659080976,-46.134060426293956,-38.98154848081673,61.168441792132235,3.9099999999999606
-0.01789491975739285,-0.8002758114340532,0.4093134110435331,0.0014390523321893486,-0.7332084861162768,0.38290509609714457,-0.3748199939727783,0.1478419303894043,1.9291787147521973,-0.01789491975739285,-0.8002758114340532,0.4093134110435331,0,0.0,-1.5707963267948966,nan,-0.17251711795165642,-0.2812790691006807,-0.11329212255780241,0.04487555592676262,-1.5707935353742242,-0.17437231015182972,-0.28320584971875573,1.018911660146633,-0.11919916592230456,0.958615633039541,0.4925840917504448,0.820197568523201,-0.05983972803095261,0.00648439534265782,-0.0018551922001733001,-0.0019267806180750524,-0.005907043364502151,0.004810330830910222,0.0024200476131789337,0.004131834931221247,0.0004589034254527738,-11.028768019573192,6.764169290101691,-0.6479991543521567,0.12613976933934912,-1.5707939950351095,1.020637536926701,0.584705506308372,-0.7893194328343585,-0.9668804307871809,0,sac,0,-0.1261397693393489,-0.08126421341258627,2.1226877413755347,1.360720486263651,1.3333722173032256,-0.40261813835884364,0.19760134420150705,2.120962236335097,1.3114005314241832,1.4517515600859459,-0.25229453036741084,0.6462740909977303,-0.1465336763616849,0.13052088077790683,-0.11192818891362734,0.6480442973270077,-1.9736492734524917,7.57768388806104,18.541872370793996,1.0,-0.18469339609146118,-2.3317597870331497e-06,4.5966088535465133e-07,-0.18740999698638916,0.07392096519470215,0.9645893573760986,1,-0.15704395940216337,2.2206445035508158,-9.0,-9.0,-0.15704395940216337,-1.0400846024577932,-4.467515703746875,-0.3368337979574364,0.003244417671967834,-0.0007905388404703681,-0.0038364835335463936,-0.05112654870331808,0.08324446532393846,0.16264029130786745,0.49289933050215556,0.0,-0.36322845025147243,-0.30905282068623247,0.12450380300725858,-0.294475828618345,14.804296690338774,-30.0,-30.0,44.93610927204553,3.260729106008609,-4.532484296253125,-8.663166202042564,-0.294475828618345,15.167525140590246,-75.50727821645602,-93.04867952434215,120.78719451905944,3.9199999999999604
-0.05556539835464261,-0.8084872973243679,0.3609639356278774,-0.13090635554914212,-0.824910269104997,0.2642649847965659,-1.6695786714553833,-1.89105224609375,-1.1150670051574707,-0.05556539835464261,-0.8084872973243679,0.3609639356278774,0,0.0,-1.5707963267948966,nan,-0.17920656977151445,-0.28794768021146305,-0.11037680737094582,0.04391859346278082,-1.5707934941373236,-0.17608393610816572,-0.28189805677243585,1.0124635156830828,-0.11886209170539389,0.9749312719818448,0.4977825863522023,0.797640405710226,-0.2578240969945911,0.01087882507378144,0.003122633663348723,0.0060496234390272074,-0.008485284334448062,0.009547609733950599,0.0049232021590829645,0.00805789778883731,-0.001410395461308586,-6.723777397436673,4.184540244588938,-0.6559597360587389,0.22899991858278002,-1.5707941810879205,1.0141040394074785,0.784161580402395,-0.7893194330923927,-0.9668800690158984,0,sac,0,-0.22899991858278002,-0.1850813251199992,2.129135884472954,1.3592584593513353,1.3346744779511155,-0.40373489205329516,0.3428326677274177,2.127496026895402,1.298993743237383,1.5026030096763534,-0.11098974494999331,0.6433275884111624,-0.14586559781353756,0.12992580800898382,-0.11141788422597583,0.6559822949118616,-0.7211230279023502,3.17335546660735,10.37179803388816,1.0,-0.40175172686576843,-2.1457069760977276e-06,6.86950596850977e-07,-0.8347893357276917,-0.945526123046875,-0.5575335025787354,1,-0.15155687558923386,1.5620627459616447,-9.0,-9.0,-0.15155687558923386,-0.21353352946280452,-6.971324322747445,-3.5791361441526495,0.004351160818030641,-0.0007905388407288011,-0.0038364820980746187,-0.025811632781264457,0.045796645691318985,0.10690829045590486,0.4999233149939265,0.0,-0.35848915554236516,-0.32061562155816,0.13643485421956264,-0.2841869034112767,10.413751639744298,-30.0,-30.0,43.6866911703135,1.7755962754244492,-2.028675677252555,-5.420863855847351,-0.2841869034112767,10.772240795286663,-67.90617890882744,-99.31023249695556,120.78863086625644,3.92999999999996
-0.12228120153144038,-0.8492522554364866,0.3670490500109455,-0.2557128078850359,-0.9307821716607242,0.3792192787770817,-1.3771350383758545,-1.8820719718933105,1.4121170043945312,-0.12228120153144038,-0.8492522554364866,0.3670490500109455,0,0.0,-1.5707963267948966,nan,-0.18409638307247328,-0.2915009044360953,-0.10916462795708431,0.04296612378517617,-1.5707934532557901,-0.17777772286849816,-0.28058577340503876,1.0060456424120716,-0.11852653354154236,0.5886952912369199,0.31960265406263955,0.48655075920293056,-0.0876621250009979,0.015707031176219723,0.006318660203975118,0.010915131031056513,-0.009361905584458041,0.010270257059223669,0.005403256001929228,0.00860038191706949,-0.001521984073731884,0.3668888326625085,-0.23168506256875493,-0.6598072663441185,0.2598885861164968,-1.5707941167045267,1.0075082361486056,0.8231681966913919,-0.7893194330940569,-0.966880069016791,0,sac,0,-0.2598885861164968,-0.21692246233132062,2.1355537562987235,1.3578032960295376,1.3359706250427092,-0.40484640306718894,0.36820456542244834,2.1340919091881796,1.2998548068283275,1.5010016049082096,-0.08084144433215737,0.6402200345125969,-0.1451610031166561,0.12929820947524187,-0.11087968706680928,0.6598017854913223,0.6277403222325127,-2.482225050547572,-2.288405953439303,1.0,-0.5265411734580994,-2.210090369825224e-06,6.634487368373243e-07,-0.6885675191879272,-0.9410359859466553,0.7060585021972656,1,-0.06656321015243548,0.3152023798193511,-9.0,-9.0,-0.06656321015243548,0.18526989063234706,-8.098406112923028,-5.704557327585902,0.004567600981234689,-0.0007905388407304678,-0.0038364820980781606,0.012437811750902063,-0.01858155728666582,0.009577357297068422,0.5423780982474222,0.0,-0.3840413942901486,-0.3512289924719923,0.15272329153497913,-0.12481381989956025,2.101349198795674,-30.0,-30.0,42.47859751621888,0.12993248918700406,-0.901593887076972,-3.295442672414098,-0.12481381989956025,2.485390593085823,-35.576707569284466,-63.97460978512805,73.24374078049006,3.93999999999996
-0.21246405004978966,-0.8984158725922754,0.4143725366487377,-0.3928297470864882,-0.996743106903853,0.509019509924322,-1.8454231023788452,-1.6955219507217407,1.8841009140014648,-0.21246405004978966,-0.8984158725922754,0.4143725366487377,0,0.0,-1.5707963267948966,nan,-0.18600525424845613,-0.2902633369361423,-0.11104868063024453,0.04201838500660093,-1.5707934127390022,-0.17945332119547736,-0.2792695550061611,0.9996596448034486,-0.11819257696371416,0.22316288274384136,0.023327284900365175,0.007865089892472588,0.22180092509884175,0.014656954754588636,0.00655193305297877,0.010993781929981239,-0.007143896333469624,0.006902518634822374,0.0037510469861429755,0.0057757993878950805,0.00046319698035354566,7.518924451003551,-4.818143513849249,-0.6565312018403937,0.20291760201627063,-1.5707938060636266,1.0009100072187944,0.6512410984161454,0.7893170409142137,-0.3299433203488849,0,sac,0,-0.20291760201627085,-0.16089921700966947,2.1419397523849852,1.3563553600890659,1.3372603345412541,-0.40595239352278856,0.2536612375050822,2.1406899674789273,1.3133553236344142,1.4449590981267453,-0.18035444442450124,0.6369526493460971,-0.14442016889909107,0.1286383315755819,-0.11031380873551956,0.656493758563637,1.7691619948459545,-7.371329803136211,-14.532384955237088,1.0,-0.31357520818710327,-2.520731269939347e-06,3.9332462442587257e-07,-0.9227115511894226,-0.8477609753608704,0.9420504570007324,0,0.08732944220268898,-1.584989880191983,2.8349739804452803,-0.5185520470139442,0.08732944220268898,0.06008786159495865,-4.66399841568095,-5.296733639226283,0.003613610793154989,0.0007905364448549822,-0.0013091816477157955,0.03839791353795558,-0.06835827091855573,-0.10665955192049281,0.6067536406949192,0.0,-0.43024221496510306,-0.3921549527978068,0.17104417544778042,0.16375293868870988,-10.566599201279887,9.449913268150935,-1.728506823379814,14.28175165445274,-1.6450777417869418,7.498972396126231,4.778181592212339,0.16375293868870988,-10.136356986314784,9.842068220948741,-1.8995509988275945,14.256477434552258,3.9499999999999598
-0.2320158769269692,-0.8816619668040259,0.46450451476977744,-0.27111953068132827,-0.8481541552275267,0.5647684710118569,1.9249911308288574,1.8329501152038574,1.5706896781921387,-0.2320158769269692,-0.8816619668040259,0.46450451476977744,0,0.0,-1.5707963267948966,nan,-0.18434730801718802,-0.28359057741086535,-0.11281001234772597,0.04107561337989862,-1.5707933725960592,-0.18111039677793217,-0.2779499623325043,0.9933071147969504,-0.11786030688949611,0.6635430161560836,-0.33150218137229237,-0.5353166851620184,0.20936017916994842,0.008234051723889533,0.0032369112392558463,0.005640615078361055,-0.0050502945417701395,0.0017488504730636427,0.00029016988152522506,0.00028125723177617294,0.0017015210214875887,11.014911010771034,-7.160076047347124,-0.6464127975306294,0.08330656638872691,-1.570793372681701,0.9943932309908359,-0.14399429167274733,0.7893194451647187,0.9673754888225495,0,sac,0,-0.08330656638872691,-0.04223095300882829,2.1482922807940654,1.3549150124796832,1.3385432849405805,-0.4070525877124597,0.05144761190754926,2.147206289655026,1.3344170094640713,1.3592152653580512,-0.36464765294977664,0.6335267189040532,-0.14364338674176047,0.1279464340277643,-0.10972047195308714,0.646353170556568,2.1993612433649905,-8.782628019086662,-19.720809223726185,1.0,-0.13466213643550873,-2.954113195841046e-06,8.564171594116488e-11,0.9624955654144287,0.9164750576019287,0.7853448390960693,1,0.2402893559552121,-3.937530842068899,9.0,9.0,0.2402893559552121,-0.6225315153047988,1.0635858932216782,-1.9546880989047588,-0.0007989964512479963,0.0007905388528197774,0.0038384478736450916,0.05144280438438183,-0.08961332370054792,-0.1637893646120643,0.6203245806407347,0.0,-0.4473224748057959,-0.39480661270231726,0.16980261319321285,0.4505707030849655,-26.25020561379266,30.0,30.0,49.89264784239127,-3.3149993267641,7.936414106778322,10.954688098904759,0.4505707030849655,-25.802883138986864,52.45737551710762,63.142292755537,86.0506663124201,3.9599999999999596
-0.19280572136620197,-0.8938278681015683,0.46371465390376104,-0.1143854102446675,-0.9181596706966532,0.4621349321717282,1.9635839462280273,-1.8462876081466675,-0.8985729217529297,-0.19280572136620197,-0.8938278681015683,0.46371465390376104,0,0.0,-1.5707963267948966,nan,-0.18062389773843815,-0.274018887823677,-0.11171772438547617,0.040138043200244944,-1.5707933328357753,-0.18274863029579277,-0.2766275609543136,0.9869896311427137,-0.1175298075837177,0.9868044492905779,-0.5361643796610471,-0.8249288208997674,-0.07617886564713905,0.0067156514982590985,-0.002124732557354625,-0.0026086731306366184,-0.00581208319824153,0.006316623593386195,-0.0033750092384135935,-0.005302635606602785,0.0006253813914199368,9.305022461939972,-6.133439458228205,-0.6332612746510259,-0.040564507858162235,-1.5707929814812776,0.9880100495450546,-0.6754792381143692,0.7893194330945893,0.9668799815491557,0,sac,0,0.04056450785816246,0.0807025510584074,2.1546097627779557,1.3534826111605789,1.339819157398291,-0.40814671221288595,0.14597717910513008,2.153588904499825,1.353270729676342,1.2853167027663688,-0.54356359525632,0.6299435951271828,-0.1428309631784497,0.12722278986840863,-0.10909991086208112,0.6332082942128625,1.521251736887372,-5.9618701616257805,-15.585239533923392,1.0,-0.15300443768501282,-3.345313619007584e-06,-3.5135449749645886e-07,0.9817919731140137,-0.9231438040733337,-0.44928646087646484,1,0.2748644075957371,-4.5,9.0,9.0,0.2748644075957371,-1.5562505754288085,5.189463049064678,1.784868081706335,-0.0037481035385184447,0.000790538840731001,0.0038364817510154504,0.04196817379528916,-0.07041321096775831,-0.14395959161875926,0.60620019185338,0.0,-0.44122981757828394,-0.383564789897275,0.16022787720608508,0.515402976928065,-30.0,30.0,30.0,51.96408028848992,-2.9437494245711915,3.8105369509353224,7.215131918293665,0.515402976928065,-34.42537327221257,68.54487184475781,96.19874947246215,123.03646134963246,3.9699999999999593
-0.1275798930276658,-0.931323661911975,0.4178751567807262,0.002871763649406403,-1.0063152495327883,0.3261961625346564,1.0400960445404053,-1.7861149311065674,-0.8762803077697754,-0.1275798930276658,-0.931323661911975,0.4178751567807262,0,0.0,-1.5707963267948966,nan,-0.1773205887239129,-0.26538595576415464,-0.10955657348827261,0.03920590670728008,-1.570793293466679,-0.18436771746509897,-0.2753029206972015,0.9807087587417898,-0.11720116262107572,0.899995506988668,-0.49223961838314456,-0.7308291802410272,-0.1832505934561579,0.01436829704549234,-0.007047128741186071,-0.00991696493304689,-0.007644589132803109,0.010078137354255962,-0.005521830620412318,-0.00839243131740861,-0.000803327898996075,3.9160684007758166,-2.6165239874829065,-0.6202975402421101,-0.11607405120721537,-1.5707927866039921,0.9817652308118338,-0.8097219894526735,0.7893194330944445,0.9668800690172346,0,sac,0,0.11607405120721559,0.15527995791449545,2.1608906334377953,1.35205851095084,1.3410876358689485,-0.4092344959992842,0.24549644708963791,2.1598333723949357,1.3590362961115314,1.2583598947694448,-0.640264405533845,0.6262046959045322,-0.14198321969581215,0.12646768545299442,-0.10845237102665962,0.6202794854753555,-0.15748589568032012,-0.2486289046653678,-5.115872049184722,1.0,-0.3497803211212158,-3.540190904427476e-06,-5.068626869331183e-07,0.5200480222702026,-0.8930574655532837,-0.4381401538848877,1,0.18153692665049506,-4.161156394320725,9.0,9.0,0.18153692665049506,-2.3524442980584066,7.3012932961418455,4.534039516816844,-0.004492990580074499,0.0007905388407308559,0.0038364820980799205,0.009909907834217992,-0.020865415190286375,-0.06704093075583181,0.575996755712587,0.0,-0.4183750692425088,-0.36661007826413816,0.14943766105943365,0.34040301265796935,-27.741042628804834,30.0,30.0,50.692024228118896,-1.808712096262318,1.6987067038581545,4.465960483183156,0.34040301265796935,-27.322667559562326,50.04561410587936,82.65012594826572,100.41041204616265,3.979999999999959
-0.1099657303485058,-0.9698493624225063,0.32738068207278026,-0.07473740499018579,-1.046900763443569,0.14639173265688843,-0.47941040992736816,-1.2585234642028809,-0.7911521196365356,-0.1099657303485058,-0.9698493624225063,0.32738068207278026,0,0.0,-1.5707963267948966,nan,-0.17657414493381146,-0.26079304696083544,-0.10924847116623526,0.03827943398724298,-1.5707932544970107,-0.18596736906327144,-0.2739766150801683,0.9744660479866569,-0.11687445484876838,0.4021841134395224,-0.23460953882739055,-0.32666031862859657,0.001860545026999283,0.0178939865605633,-0.009393224129459976,-0.013183568119332856,-0.007625983682533116,0.009374967080090871,-0.005236016868288328,-0.007758957222259639,-0.0005222240237030872,-3.4910605197111915,2.3636231468325883,-0.6107166590138708,-0.11101063227528107,-1.5707928950808647,0.975634061812591,-0.8181102024835825,-0.4844637482926464,0.9668800690167977,0,sac,0,0.1110106322752813,0.14929006626252406,2.1671333423833574,1.3506430633799233,1.3423484072372653,-0.41031567055962115,0.2083110419574678,2.165964651881407,1.3459582842562452,1.2938048523711076,-0.6128340659942958,0.6223115050734768,-0.14110049273336897,0.12568142045586086,-0.10777810943256967,0.6107448876745679,-2.015257487324758,5.9337390427696635,8.134427086576865,1.0,-0.3904530704021454,-3.4317140320538897e-06,-3.594161457343148e-07,-0.23970520496368408,-0.6292617321014404,-0.3955760598182678,1,0.03479416763295794,-1.2704952170754489,1.7859030428685982,9.0,0.03479416763295794,-2.5188332516377687,5.84373119860372,6.265616958837781,-0.004539535150460944,-0.0004852121889992391,0.003836482098078187,-0.040654321185322286,0.05145031113500619,0.04970460895147395,0.5505009358166729,0.0,-0.39038111311093615,-0.35870055363019226,0.14828276935198037,0.06524314200817165,-8.469968113836327,5.9530101428953275,30.0,31.736145737603326,1.2483380345623198,-4.0578281557351215,2.7343830411622188,0.06524314200817165,-8.079587000725391,6.31171069652552,34.240481908281076,35.742583510398745,3.989999999999959
-0.10747544689074459,-0.9733376179288906,0.2048723089610477,-0.10249487997522218,-0.9803141289416591,-0.040144437262417454,-0.3799929618835449,-0.31463170051574707,-1.9049909114837646,-0.10747544689074459,-0.9733376179288906,0.2048723089610477,0,0.0,-1.5707963267948966,nan,-0.18004104471768398,-0.2624602926069584,-0.11039169719511646,0.03735885287511209,-1.5707932159347158,-0.18754731093485505,-0.2726492207506201,0.9682630341017356,-0.11654976634914019,0.3831873146340639,0.18869579122889057,0.2994639975671176,0.14679145285093897,0.014074093396929098,-0.00750626621717107,-0.01018892814366168,-0.0061580691540237265,0.003926341526419424,-0.002228761323777772,-0.003170599906693791,0.0006293464668934686,-9.474686447727626,6.499269324340546,-0.6093133557312652,-0.020792489570039097,-1.5707932447087725,0.9695511323718504,-0.08660616195745857,-0.7892759322749123,-0.9693868647606623,0,sac,0,0.020792489570038875,0.058151342445150966,2.1733363543925277,1.3492366165381255,1.3436011614512908,-0.4113899700088287,0.0702888744491508,2.1720480851932784,1.3199964906623194,1.3757806571503068,-0.46660193727248245,0.6182655724197155,-0.14018313368350802,0.12486430787020582,-0.10707739448714632,0.6093686670277061,-2.762813282382076,9.045877089235702,17.772629805612944,1.0,-0.2331083118915558,-3.08208612409544e-06,2.8774056914926405e-08,-0.18999648094177246,-0.15731585025787354,-0.9524954557418823,1,-0.09370650639986663,1.5954486298709039,-9.0,-9.0,-0.09370650639986663,-1.9225274723686219,0.29885917492216707,3.757222019210376,-0.0004805608281853522,-0.0007904952727075666,-0.0038464288094677956,-0.06311774524900896,0.08932534169113718,0.14040798139574204,0.5160695574451161,0.0,-0.34972918373618356,-0.34821211896466453,0.1508827570365779,-0.17571068141733853,10.63632419913936,-30.0,-30.0,43.73971040956675,3.5179761022395257,-9.298859174922168,-12.757222019210376,-0.17571068141733853,10.986053382875543,-44.66519301180682,-33.3056052438874,56.788793354134334,3.9999999999999587
-0.07785781052731576,-0.9446976234355415,0.17519970928822293,-0.01862253780045811,-0.8874176344488433,0.1158545099425734,0.9376668930053711,0.17176270484924316,1.8945116996765137,-0.07785781052731576,-0.9446976234355415,0.17519970928822293,0,0.0,-1.5707963267948966,nan,-0.18639123534031046,-0.2681802072181124,-0.10959779759536378,0.036444388856736065,-1.57079317778745,-0.1891072839779854,-0.27132131691717115,0.9621012364838972,-0.11622717840234698,0.853463906449562,0.4790217579496131,0.7047818444602949,-0.04713116529594663,0.00782254307931467,-0.0027160486376749393,-0.0031411096990587306,-0.006629380806983193,0.0030942623411587353,0.0017046205248393634,0.002580245625609591,0.00010517040330853492,-10.035359459312328,6.974683251145012,-0.6159423429647625,0.10385945614020087,-1.5707935968591695,0.9634242323898707,0.6294504556024278,-0.7893194328500869,-0.9668754157574894,0,sac,0,-0.10385945614020109,-0.06741506728346458,2.179498150070795,1.3478395149270552,1.3448455916556012,-0.4124571312030203,0.18192959334709807,2.178175510373232,1.295517434697095,1.4602729305125577,-0.281936799742815,0.6140685136772799,-0.13923150889148583,0.12401667400808766,-0.10635050601931421,0.6159905442143554,-2.099195492168268,7.530486290525008,17.6523620608591,1.0,-0.1894211322069168,-2.7299357272525526e-06,4.1907171954846945e-07,0.46883344650268555,0.08588135242462158,0.9472558498382568,1,-0.16161434156805665,2.5197206930334173,-9.0,-9.0,-0.16161434156805665,-0.9284467619561457,-4.402454094594956,-0.323414356692904,0.0034926987342371136,-0.0007905388404861208,-0.0038364636344169678,-0.05381899380707532,0.0827109757042544,0.15520224373324892,0.49171815190784257,0.0,-0.32769611227513495,-0.33564127689105977,0.1474684107270611,-0.3030458308045315,16.798137953556115,-30.0,-30.0,45.63188880029261,3.448167454989563,-4.597545905405044,-8.676585643307096,-0.3030458308045315,17.12583406583125,-74.47359858483375,-87.48220940224203,116.15868403739184,4.009999999999959
-0.0960383739904182,-0.9622501158350271,0.11463595917633555,-0.1323995009166231,-0.9973551006339981,-0.006491541047439181,-0.95556640625,-1.7927435636520386,-0.8916550874710083,-0.0960383739904182,-0.9622501158350271,0.11463595917633555,0,0.0,-1.5707963267948966,nan,-0.19282339580622943,-0.2737929359325879,-0.10705812187864333,0.03553626497097406,-1.5707931400625723,-0.19064704411187977,-0.2699934847810116,0.955982158042985,-0.11590677144904238,0.8776794390575386,0.48924003320245935,0.6940560850635047,-0.22192687634158548,0.009872736954382835,0.002176351694349654,0.0037994511515763163,-0.008848649570399048,0.007835713490537329,0.004390243686691379,0.006335990355563824,-0.001406908842625349,-5.946794731534397,4.188075808270873,-0.623000757629773,0.1999992833671087,-1.570793777300681,0.9572173838865637,0.8041827403633827,-0.7893194330927317,-0.9668800690280555,0,sac,0,-0.19999928336710848,-0.16446301839613486,2.185617226510725,1.3464520993101041,1.3460813943244876,-0.41351689385370627,0.3183994234403241,2.1843826800809643,1.2820313468853544,1.5107954530774184,-0.14876056390405473,0.6097220105285248,-0.13824599965542556,0.12313885850042336,-0.105597735279586,0.6230247897384162,-0.8112452535171061,3.1439311853612932,9.606220713266302,1.0,-0.3544284999370575,-2.549494215742243e-06,6.372381085029133e-07,-0.477783203125,-0.8963717818260193,-0.44582754373550415,1,-0.1615094215572756,1.8694459032796908,-9.0,-9.0,-0.1615094215572756,-0.046610085118483885,-6.940140488500713,-3.565764413466962,0.0044622543591208205,-0.0007905388407291405,-0.0038364820981228566,-0.027946536967590987,0.04552122617954598,0.10051754671225455,0.4911871346438358,0.0,-0.31593570215372335,-0.3433857283758453,0.15341341170851275,-0.30284909348823474,12.462972688531273,-30.0,-30.0,44.22010182946782,1.9160559883981747,-2.059859511499287,-5.434235586533038,-0.30284909348823474,12.778908390684997,-67.3792896152616,-94.06833818750538,116.41397311168075,4.019999999999959
-0.1379479906896959,-1.0046355072510627,0.12540261579613018,-0.22176722408825128,-1.0894062900831338,0.14693592903571948,-0.9990966320037842,-1.890076756477356,1.4814634323120117,-0.1379479906896959,-1.0046355072510627,0.12540261579613018,0,0.0,-1.5707963267948966,nan,-0.19727911744981713,-0.2764277415566875,-0.10607270444000955,0.03463470171182759,-1.570793102767146,-0.1921663622256851,-0.2686663069665947,0.9499072845423183,-0.11558862505309103,0.49764474378013474,0.29364035297823887,0.39619834385164476,-0.0667271042682438,0.013301611856938506,0.005112755224132043,0.007761434590092764,-0.009515920613081486,0.00852320114690736,0.004875801878551231,0.006853186524055659,-0.0013803435435648416,0.8400696053943719,-0.5995085057349688,-0.6259004380812869,0.22471667049671917,-1.5707937136189682,0.9509576600083656,0.8360480703598435,-0.7893194330941298,-0.966880069016813,0,sac,0,-0.2247166704967194,-0.1900819687848916,2.191692097951453,1.3450747065629183,1.3473082693951441,-0.41456900064201035,0.33684358012053056,2.190642475634424,1.2824012604591755,1.508790671180691,-0.12567807169397244,0.605227810604137,-0.13722700222631887,0.12223121429699024,-0.1048193849400638,0.6258929557512249,0.6106730793333099,-2.5346394794746683,-2.9560191620161556,1.0,-0.4358637034893036,-2.6131759280900724e-06,6.108518224579029e-07,-0.4995483160018921,-0.945038378238678,0.7407317161560059,1,-0.08704926214287813,0.5461828810278042,-9.0,-9.0,-0.08704926214287813,0.3855114333676097,-8.084373660715928,-5.68201902698995,0.0046390689070397164,-0.0007905388407305408,-0.0038364820980782478,0.011712884280783094,-0.019009328199863153,-0.007691114928963168,0.5247874433660329,0.0,-0.33661136933814445,-0.36796180138382073,0.1633975503773854,-0.16322756824091156,3.6412192068520284,-30.0,-30.0,42.582685689742284,0.16067144766019453,-0.9156263392840724,-3.31798097301005,-0.16322756824091156,3.977830576190173,-35.22380710480419,-59.017896077711114,68.84532245351073,4.0299999999999585
-0.2103745744714267,-1.053944848319521,0.17754883647969272,-0.35522774203488827,-1.152563530456438,0.2818412778468178,-1.8567239046096802,-1.8631134033203125,1.7995924949645996,-0.2103745744714267,-1.053944848319521,0.17754883647969272,0,0.0,-1.5707963267948966,nan,-0.19849639836491548,-0.2744882776239687,-0.10770908129324472,0.03373991693058276,-1.5707930659079365,-0.19366502410905884,-0.26734036695239854,0.943878083939216,-0.11527281786431334,0.20655772514715096,-0.028138096827540204,-0.0613523918522596,0.1952184042012861,0.01147366179933076,0.004831374255856641,0.007147910671570168,-0.007563736571068624,0.005170685232622654,0.003057535792744163,0.0041524257623839,0.00038055346384023754,7.501219693089306,-5.424404869987166,-0.6213068646702742,0.1629822222248023,-1.5707934110857478,0.9447067529792238,0.6576752617065997,0.7892845151456592,-0.028588366058633574,0,sac,0,-0.16298222222480252,-0.12924230529421976,2.197721296438157,1.3437076695238699,1.3485259204008568,-0.4156131973328847,0.2177356378838602,2.196893159480202,1.2962685555014777,1.4522130004632652,-0.23012292243208957,0.6005877274831283,-0.13617492780802443,0.12129410766642458,-0.10401576909443798,0.6212645601114394,1.8409018975552414,-7.40840846498033,-14.82453171536644,1.0,-0.2225993424654007,-2.915709148787471e-06,3.451778112228965e-07,-0.9283619523048401,-0.9315567016601562,0.8997962474822998,0,0.0540067111708425,-1.485690608683421,2.9996721285671537,0.9095049220342087,0.0540067111708425,0.25738600799845934,-4.603479800067538,-5.008898626990548,0.0036493127197807103,0.0007905038688378605,-0.00011343573842491556,0.03956065223378204,-0.0688404602620885,-0.1100720203279804,0.5833312918968115,0.0,-0.3798754455590029,-0.40483684173315504,0.17910101491302793,0.1012689127523767,-9.904604057889474,9.998907095223846,3.0316830734473625,14.397245649532959,-1.7430766166818803,7.603151928634691,5.918403549024757,0.1012689127523767,-9.52472861233047,10.403743936957001,2.8525820585343347,14.391171697873608,4.039999999999958
-0.21937225300411337,-1.039853443009323,0.23868253794717492,-0.23736761006948667,-1.0116706323889268,0.36094994088213933,1.8774933815002441,1.5164861679077148,1.7804615497589111,-0.21937225300411337,-1.039853443009323,0.23868253794717492,0,0.0,-1.5707963267948966,nan,-0.19618787694288814,-0.267809890590893,-0.10884326088604773,0.03285212573794061,-1.5707930294914125,-0.19514283036490093,-0.2660162485024773,0.9378960057254946,-0.11495942758126279,0.6715647987367545,-0.3786327677869433,-0.5354268583154465,0.1447569875853566,0.006458852013721704,0.0010450465779872076,0.0017936420884157034,-0.006116166695215058,0.0015346118613661498,-0.0004850028584120797,-0.0007998129717588275,0.001216595661090448,10.379062923955452,-7.603184589638046,-0.6093118734243245,0.04366635103493244,-1.570792986314991,0.9385535417544876,-0.1794283562917969,0.7893196077447423,0.9669979254037978,0,sac,0,-0.04366635103493266,-0.010814225296991609,2.2037033724815553,1.3423513168445276,1.3497340546041936,-0.4166492328893271,0.029628239217432725,2.2030458517363907,1.3184214377425243,1.366750153402969,-0.41274878503953844,0.595803640692838,-0.13509020255726845,0.12032791819622218,-0.10318721325798766,0.6092482710827655,2.3260828887049723,-8.70707372676186,-19.246970440929886,1.0,-0.10954249650239944,-3.3404799055780643e-06,-4.317642154916257e-08,0.9387466907501221,0.7582430839538574,0.8902307748794556,1,0.19713267413035235,-3.98157938637229,9.0,9.0,0.19713267413035235,-0.4656882230349206,1.119660717801406,-1.5794768746082999,-0.000995613216781009,0.0007905390156509684,0.0038369497402743176,0.05399122568905322,-0.08912520789149772,-0.1611516364444745,0.5974950746661423,0.0,-0.3991102652272595,-0.4068209200062686,0.17946615136503768,0.3696468669235934,-26.543862575815268,30.0,30.0,50.047110598415095,-3.5158911633373697,7.8803392821985945,10.5794768746083,0.3696468669235934,-26.144752310588007,52.90089829094704,66.19335236522775,88.67778554702721,4.049999999999958
-0.16497538056138755,-1.0536791539560126,0.26338587300158733,-0.056181635675935926,-1.081330575849392,0.31279254311041216,1.9695510864257812,-1.8601570129394531,-0.22562670707702637,-0.16497538056138755,-1.0536791539560126,0.26338587300158733,0,0.0,-1.5707963267948966,nan,-0.19215106680277977,-0.2590246092680843,-0.10743651763230827,0.03197154040615624,-1.5707929935237448,-0.19659959630468035,-0.26469453509952423,0.9319624802679973,-0.1146485309140462,0.9331939990216793,-0.5493576079887791,-0.746356791985564,-0.10958465865228695,0.010195617158332006,-0.004448529501900583,-0.005669925831439937,-0.007212013281737928,0.0067880333674610405,-0.0039786774983358725,-0.005499187675356584,8.035716026917952e-05,8.348715017199401,-6.193177078150233,-0.59414827117326,-0.07445209284310317,-1.570792603031757,0.9325529894597775,-0.6988637623781588,0.7893194330970787,0.9668800612537897,0,sac,0,0.07445209284310295,0.10642363324925963,2.2096368957173746,1.341005972840129,1.3509323831301905,-0.41767685958659556,0.17501821113035576,2.2090458026974455,1.338608928317862,1.2942024729709816,-0.5832274449289553,0.5908774957089348,-0.13397326758364508,0.11933303879273861,-0.10233405436758093,0.5940948495818841,1.6547936189108672,-5.7954912341251115,-14.535722329914796,1.0,-0.21887479722499847,-3.723763139618086e-06,-3.9049198807816765e-07,0.9847755432128906,-0.9300785064697266,-0.11281335353851318,1,0.23258986793182215,-4.5,9.0,9.0,0.23258986793182215,-1.4457753484099523,5.219576954046968,2.070422901983249,-0.00387785973707216,0.0007905388407334942,0.003836482067275358,0.044814972245034716,-0.0689721738619329,-0.13617943609859065,0.5871991156800618,0.0,-0.3990170064119723,-0.39477256072383576,0.17246117055447613,0.43613326070096037,-30.0,30.0,30.0,51.96335451278227,-3.0542246515900477,3.7804230459530324,6.92957709801675,0.43613326070096037,-35.03314353691386,68.0816286227268,95.35824554148576,122.29396758210227,4.059999999999958
-0.13460630449171593,-1.0872395075346046,0.2180721162667437,-0.07386815235237267,-1.1543602146917884,0.1274446027970564,-0.23063576221466064,-1.8016715049743652,-1.5154200792312622,-0.13460630449171593,-1.0872395075346046,0.2180721162667437,0,0.0,-1.5707963267948966,nan,-0.18893286666889056,-0.2516004536593035,-0.10568692250755066,0.0310983702711769,-1.5707929580108069,-0.198035151826855,-0.263375809380119,0.9260789181491,-0.11434020354718122,0.7810951836387657,-0.46537556560638516,-0.6105429889375569,-0.14412677578926336,0.017215977178175856,-0.009102285157964435,-0.011775355720815506,-0.008653281039630561,0.009667656997142244,-0.005744787833656272,-0.007722743357257185,-0.0009056708003509304,2.9465913883729207,-2.2126339467617067,-0.5793528146234467,-0.14066947047644285,-1.5707924252532561,0.9267094938996072,-0.8210442687066688,0.7893194330945088,0.9668800690167723,0,sac,0,0.14066947047644263,0.17176784074761997,2.215520455565841,1.3396719573400508,1.3521206210995418,-0.41869583312642467,0.26234713375037766,2.2148889626113704,1.345674138308674,1.2690961454944394,-0.66748596572377,0.5858113039554145,-0.13282457894961597,0.11830987568118884,-0.10145664078167459,0.5793382517147397,-0.02927366105795509,-0.05959518688704679,-3.7737255109405763,1.0,-0.4266408085823059,-3.901541640427553e-06,-5.32757550963936e-07,-0.11531788110733032,-0.9008357524871826,-0.7577100396156311,1,0.15110570584397803,-4.240835150431015,9.0,9.0,0.15110570584397803,-2.2890715991592754,7.314471744737127,4.718027202462161,-0.00455581571598017,0.0007905388407309203,0.003836482098078086,0.012634889758075139,-0.019086235662972753,-0.05648701919852789,0.5676171154211178,0.0,-0.3825100521478638,-0.38415646627614375,0.16822324198235813,0.28334090726416283,-28.27223433620677,30.0,30.0,50.984306570072306,-1.9517635512717395,1.6855282552628728,4.281972797537839,0.28334090726416283,-27.889724284058904,48.86093755785908,78.62565354621107,96.6814440175175,4.069999999999958
-0.16102666685809924,-1.114690431713987,0.1405246857457667,-0.21386739159086582,-1.1695922800727516,-0.014570175296187204,-1.480419635772705,-1.3073945045471191,-1.2993566989898682,-0.16102666685809924,-1.114690431713987,0.1405246857457667,0,0.0,-1.5707963267948966,nan,-0.18864254586521423,-0.2482469672864091,-0.1063029858547998,0.03023282163477581,-1.5707929229581736,-0.1994493412789028,-0.26206065257283084,0.9202467095072211,-0.11403452010250273,0.28124295152629375,-0.17045102557241287,-0.2038329565606234,0.09217467919276356,0.019167194633775385,-0.010806795413688564,-0.01381368528642174,-0.007731534247702926,0.00817145614842825,-0.004957424664370572,-0.0064958849918365525,1.0698392813705132e-05,-4.21484440371907,3.202785194435803,-0.5683653969156919,-0.12481666689163329,-1.5707925627213835,0.9209956308800947,-0.8359974529714952,-0.5630982978254512,0.9668800690167922,0,sac,0,0.12481666689163351,0.1550494885264091,2.2213526618911645,1.3383495855382816,1.3532984877617877,-0.4197059127512418,0.2120153955067491,2.2206029954135467,1.3339645031594625,1.3060885358647962,-0.6263504322199911,0.5806071428045986,-0.13164460767050992,0.11725884840564696,-0.10055533228031378,0.5683999366273313,-1.866946700153429,6.047714401068111,9.474416688197614,1.0,-0.37423622608184814,-3.7640735133237513e-06,-3.602367901756054e-07,-0.7402098178863525,-0.6536972522735596,-0.6496783494949341,0,0.020653689122775393,-1.4033585095437187,1.3274655500980053,8.530768901863581,0.020653689122775393,-2.505985678394715,5.6978008748981415,6.281724949306797,-0.004638788040949874,-0.0005639682198565441,0.0038364820980781654,-0.03767310299083056,0.052762581590299534,0.0608184689381093,0.5586944275045244,0.0,-0.3660091109585792,-0.3852308805954681,0.1725513333925846,0.03872808761067953,-9.355723396958124,4.424885166993351,28.435896339545273,30.2607149538738,1.1026271688509963,-4.370335324800136,2.249043952556784,0.03872808761067953,-8.989714285999545,4.81011604758882,28.26334500615269,30.04613702519447,4.079999999999957
-0.20181124973001818,-1.1201377355709297,0.027651720977054206,-0.283380415473856,-1.131032343284815,-0.19809420856037077,-0.9564939737319946,-0.7576459646224976,-1.9752074480056763,-0.20181124973001818,-1.1201377355709297,0.027651720977054206,0,0.0,-1.5707963267948966,nan,-0.19290909917732502,-0.2509038051477169,-0.10832265839328362,0.029375097666691996,-1.5707928883711257,-0.20084202330351847,-0.2607496439398195,0.9144672233773415,-0.11373155410211647,0.5421954607133298,0.2873871287495111,0.3967846494319138,0.23226385388700754,0.013752380866637055,-0.007932924126193452,-0.009845838792102601,-0.00540889570883285,0.00267660852694629,-0.0013865814974943665,-0.0016823813800574544,0.0015528096629541703,-9.84212283776272,7.56704475017655,-0.566036031788612,-0.02465523935437597,-1.5707929379168644,0.9153412526010611,-0.17103075022327385,-0.7893864574077535,-0.9654400456483073,0,sac,0,0.02465523935437597,0.054030337021067965,2.227132145661017,1.3370391678438915,1.3544657066285046,-0.4207068613583825,0.06439512747338744,2.22625795298845,1.3097149987526087,1.3884317544376985,-0.46809531574528546,0.5752671555771399,-0.13043383971452402,0.11618038982904726,-0.09963050006513305,0.5660984545962361,-2.578952840037607,9.0380361628759,18.873892433836062,1.0,-0.22641751170158386,-3.388878032417608e-06,4.954573862292477e-08,-0.4782469868659973,-0.3788229823112488,-0.9876037240028381,1,-0.0930021801846347,1.3292997435989278,-9.0,-9.0,-0.0930021801846347,-1.9728318690303093,0.15048356888011827,3.695426041564768,-0.0009490165262470713,-0.0007906059685890114,-0.0038307682313318742,-0.0593292412594288,0.08943235090521227,0.14975896715963072,0.5462329658758438,0.0,-0.33947867391567593,-0.3880116487595162,0.18047615740838646,-0.17438998722039134,8.86199829065952,-30.0,-30.0,43.342420624271725,3.3021316126292373,-9.150483568880118,-12.695426041564769,-0.17438998722039134,9.201476964575196,-45.82787933082915,-39.82129422844994,61.405436145239364,4.089999999999957
-0.197214495005959,-1.1111340239471337,0.009625580952170521,-0.18802098555784066,-1.093126600699542,-0.026426699097596845,0.46662163734436035,-0.8329036235809326,1.1520709991455078,-0.197214495005959,-1.1111340239471337,0.009625580952170521,0,0.0,-1.5707963267948966,nan,-0.20017875516809228,-0.2573158092476663,-0.10798105692351442,0.02852539830676104,-1.5707928542546452,-0.2022130706695724,-0.25944336022254144,0.9087418070315131,-0.11343137793140656,0.9714281578815094,0.5898608624713336,0.7718287817227443,-0.004142529905928893,0.006194425865189196,-0.002034315501480116,-0.0021275509748751587,-0.005450321007892139,0.005114957618926454,0.0030027036505186873,0.004016828308443812,0.0010058094109024586,-10.227965798899207,7.956714728662965,-0.5719438883604684,0.1081100377348636,-1.5707933015373352,0.9096515155568333,0.5683134772675997,-0.7893194325857316,-0.9668827657321206,0,sac,0,-0.1081100377348636,-0.07958463942810257,2.2328575596060203,1.3357410097315052,1.3556220056064912,-0.4216984456143067,0.19459824916148472,2.2319482810351183,1.287094887609744,1.4724830334569459,-0.2738988963543521,0.5697935515420175,-0.12919277600272272,0.11507494613318323,-0.09868252675935536,0.5719980744669771,-1.9189854413982395,7.472298080951081,18.511727927841424,1.0,-0.1805972158908844,-3.025257561350969e-06,4.472826899970528e-07,0.23331081867218018,-0.4164518117904663,0.5760354995727539,1,-0.1548306808513288,2.140766744126003,-9.0,-9.0,-0.1548306808513288,-1.0566221131094202,-4.486124635169413,-0.38566283074024676,0.003153461475856277,-0.0007905388402213571,-0.0038364927983712137,-0.04989271860096089,0.08221243048264637,0.1625376516239292,0.5420407041545594,0.0,-0.33172276663741973,-0.38901537348122905,0.18009766864134133,-0.29032567195073844,14.271778294173355,-30.0,-30.0,44.763466629315374,3.197388857235423,-4.513875364830587,-8.614337169259754,-0.29032567195073844,14.603501060810775,-74.77458046215546,-93.26477326295155,120.42799652618164,4.099999999999957
-0.2404143232103006,-1.1331555823336301,-0.04136247151936845,-0.32681397961898373,-1.177198699106623,-0.14333857646244635,-1.4478641748428345,-1.8562606573104858,-1.0876519680023193,-0.2404143232103006,-1.1331555823336301,-0.04136247151936845,0,0.0,-1.5707963267948966,nan,-0.20738539443501702,-0.2634337985791093,-0.10551384636638053,0.02768392016705845,-1.5707928206134234,-0.20356237008844671,-0.258142375092163,0.9030717853193727,-0.11313406280209357,0.9698353382322017,0.5857339848050425,0.7418974461821493,-0.21698954278208948,0.010034060803074082,0.0038230243465703084,0.005291423486946334,-0.007620216435713034,0.00965837426092408,0.0058962599751268595,0.007610398997324314,-0.0007746862405663708,-6.174217312046711,4.860520954178407,-0.5781541932159355,0.2106667697836866,-1.570793484011235,0.9038903270855398,0.7767008588799692,-0.7893194330902886,-0.9668800690100314,0,sac,0,-0.21066676978368637,-0.18298284961662814,2.238527578879228,1.3344554115917717,1.3567671171309594,-0.42268043606881445,0.33867643684101845,2.237709836708894,1.2751112421750026,1.5224736722097276,-0.13333519707354052,0.5641886059165391,-0.1279219324090383,0.11394297681870813,-0.0977118064077927,0.5781820199051806,-0.6875201735143985,3.1013884036511197,10.271703941772127,1.0,-0.3848680853843689,-2.842783661805015e-06,6.63397811351274e-07,-0.7239320874214172,-0.9281303286552429,-0.5438259840011597,1,-0.16048150775390252,1.5035994791142613,-9.0,-9.0,-0.16048150775390252,-0.24596939912338958,-6.97986770113071,-3.6117512926194815,0.004309762718488505,-0.0007905388407266937,-0.003836482098051339,-0.025005284978483124,0.04505180673884464,0.10619482857587045,0.5530314974183371,0.0,-0.3282730452817529,-0.4044885099858444,0.18566014695578573,-0.3009216346407323,10.023996527428409,-30.0,-30.0,43.595539453160704,1.7495688782376508,-2.0201322988692896,-5.3882487073805185,-0.3009216346407323,10.352269572710162,-67.1661176292892,-99.00529491638424,120.08578524541525,4.109999999999957
-0.29552452454508127,-1.1741897074507188,-0.020057792568788153,-0.4057449272146425,-1.2562579576848965,0.02255156533237243,-1.0703227519989014,-1.921916127204895,1.4193029403686523,-0.29552452454508127,-1.1741897074507188,-0.020057792568788153,0,0.0,-1.5707963267948966,nan,-0.21236104030525965,-0.26655633083435337,-0.10446478358190528,0.0268508564340324,-1.5707927874518586,-0.20488982201639927,-0.2568472586052332,0.8974584600086546,-0.11283967871535353,0.5778795669220986,0.36481939422900733,0.44176487421738186,-0.07546786977352116,0.014839947936779601,0.007471218288860382,0.009709072229120153,-0.008374895133448246,0.010269022902215022,0.0063517274635047595,0.008004531408538967,-0.0010177752823139416,0.4368131450466709,-0.3479776405926407,-0.5800155425472138,0.24054528866692038,-1.5707934226626303,0.8980862662282394,0.8186089068820068,-0.7893194330936556,-0.9668800690167793,0,sac,0,-0.2405452886669206,-0.21369443223288798,2.2441409017156078,1.3331826685818362,1.3579007782987218,-0.4236526072692622,0.3626434078795615,2.2435139923956715,1.2761788269573955,1.52037121948071,-0.10449157260902613,0.5584546598663336,-0.12662183976026906,0.11278495470513335,-0.0967187444768446,0.5800093004123772,0.6401956389810826,-2.51786562910405,-2.4361474984508003,1.0,-0.5027823448181152,-2.904132266223769e-06,6.35210771982031e-07,-0.5351613759994507,-0.9609580636024475,0.7096514701843262,1,-0.0987499284586894,0.2906172604313363,-9.0,-9.0,-0.0987499284586894,0.1476280968274746,-8.102062973224427,-5.72424964976376,0.004542302364632659,-0.0007905388407300659,-0.0038364820980781138,0.012784714105890122,-0.01898436183795622,0.008441476438906836,0.5903540258363261,0.0,-0.35309903186754277,-0.4315957580235103,0.19381447616592834,-0.18516768884059517,1.9374484028755754,-30.0,-30.0,42.47102533948051,0.14298916360386169,-0.8979370267755726,-3.2757503502362404,-0.18516768884059517,2.290547434743118,-35.02817049633849,-63.27911503785242,72.36366507383465,4.119999999999957
-0.37772440571144356,-1.222773185441661,0.03804582298928378,-0.5421241680441681,-1.3199401414235457,0.15425305410542764,-1.9017945528030396,-1.9548372030258179,1.467287302017212,-0.37772440571144356,-1.222773185441661,0.03804582298928378,0,0.0,-1.5707963267948966,nan,-0.21376310005242768,-0.2651545343996866,-0.10613944306513295,0.02602639677064178,-1.570792754774058,-0.20619534044363363,-0.25555857666515913,0.8919031091257085,-0.11254829442499592,0.19716600201340334,0.009654131993366843,-0.011311449459266987,0.19660437735852798,0.013799520502254775,0.00756775960879405,0.009595957734527483,-0.006408851359862966,0.006811233281691885,0.004291250843496228,0.005251649803328302,0.0006310620880879535,7.037916505818885,-5.673738475089985,-0.5742875422442127,0.18230238301169455,-1.5707931279189893,0.8923021136802055,0.6534814296700961,0.7893035157141975,-0.26571848856127345,0,sac,0,-0.18230238301169432,-0.15627598624105277,2.2496962500915245,1.3319230704758125,1.3590227310013798,-0.42461473787477766,0.24684520407068813,2.2492979208870576,1.2897124054488467,1.4642324913377918,-0.20533965448753871,0.5525941205053674,-0.12529304383608314,0.11160136593083173,-0.09570375785450097,0.5742435683678284,1.7676610830587047,-7.360389745634739,-14.63284065828638,1.0,-0.29228299856185913,-3.198875907273191e-06,3.731449309540835e-07,-0.9508972764015198,-0.9774186015129089,0.733643651008606,0,0.026422586510282686,-1.5791983423947982,2.9002567094534357,-0.20898026048957738,0.026422586510282686,0.02764295645032583,-4.6441502821696385,-5.247242728596245,0.003626041957618055,0.0007905228987600893,-0.0010543440258628483,0.03840918138532262,-0.0683626677897973,-0.10767002213551981,0.6523081422913867,0.0,-0.3996421033834719,-0.4708581901196041,0.2099634884930356,0.04954544629717361,-10.527988949298654,9.667522364844785,-0.6966008682985912,14.310389495478166,-1.606841298845124,7.544406991623074,5.038262468106668,0.04954544629717361,-10.128346845915182,10.138380554964389,-0.9065643567916268,14.359473660016018,4.129999999999956
-0.39261637426943086,-1.2066968413530392,0.09920725818211426,-0.4224003113854055,-1.1745441531757959,0.2215301285677752,1.8571031093597412,1.5937483310699463,1.5024638175964355,-0.39261637426943086,-1.2066968413530392,0.09920725818211426,0,0.0,-1.5707963267948966,nan,-0.21106627037693537,-0.2587900030891811,-0.10740451937150444,0.025210727218489826,-1.5707927225838412,-0.20747885267077884,-0.2542768904899862,0.8864069862960045,-0.11225997740070157,0.6640140598769221,-0.39803419026375186,-0.5082845135332581,0.1553393330665842,0.007537454729864185,0.0035874177061565315,0.004513112599194902,-0.004855458029197124,0.0014726720267303783,0.00020690642706103516,0.00011233762087945603,0.0014537306792147368,10.176617178241692,-8.299784584660166,-0.5609047107407094,0.06225763419084451,-1.5707927103401236,0.8866276081068348,-0.13082909626944117,0.7893195137965232,0.9672954229095504,0,sac,0,-0.06225763419084451,-0.03704690697235469,2.2551923703842256,1.3306769015152524,1.3601327220585135,-0.42556661077047697,0.04516693995569312,2.254971879021533,1.3107196029004577,1.378934605522796,-0.3896751179244609,0.5466094608959303,-0.12393610536901535,0.11039270995303478,-0.09466727485033986,0.5608363697584499,2.1914252494605697,-8.717534445979167,-19.65813225979986,1.0,-0.12638020515441895,-3.6164547729811147e-06,-1.2243717595339376e-08,0.9285515546798706,0.7968741655349731,0.7512319087982178,1,0.15711912746166276,-3.9145803347742745,9.0,9.0,0.15711912746166276,-0.6435394236582297,1.0838779534059608,-1.8807003444270753,-0.0007259453303665225,0.0007905389215576101,0.0038381301802188532,0.05129828867287347,-0.0890877186494863,-0.1635478753832996,0.6687486906799631,0.0,-0.42054046359706776,-0.47427534858246356,0.2131511752036826,0.2946167775392139,-26.097202231828497,30.0,30.0,49.81115099427599,-3.271040911116045,7.916122046594039,10.880700344427076,0.2946167775392139,-25.67666176823143,52.35043566401606,63.95051193630114,86.54255513753361,4.139999999999956
-0.3410905812894968,-1.2035583194203014,0.11527453534290455,-0.23803899532962883,-1.1972812755548257,0.14740908966448513,1.9700679779052734,-1.4696052074432373,-0.7403432130813599,-0.3410905812894968,-1.2035583194203014,0.11527453534290455,0,0.0,-1.5707963267948966,nan,-0.20613136979820063,-0.24991669314942722,-0.105837438806863,0.024404030099965945,-1.570792690884741,-0.20874029907350472,-0.25300275608696826,0.880971320084654,-0.11197479379132594,0.9888652312459068,-0.6196346981460626,-0.7599175536735947,-0.12818969552658155,0.007348293857986036,-0.002608929275304095,-0.0030860629375410453,-0.006137354984462939,0.006381606468730001,-0.003985905782518034,-0.004982406999543071,0.00011435342377953857,8.508124297187322,-7.017379299790722,-0.5440415759734536,-0.060872406960647885,-1.5707923244553832,0.8811207373251018,-0.6688292495135691,0.7893194330955193,0.9668800065793167,0,sac,0,0.06087240696064811,0.08527643706061383,2.2606280340313223,1.3294444402596186,1.3612305033508694,-0.42650801318167975,0.15115115823886346,2.260478097271147,1.3294681648908357,1.3058450304275304,-0.567146197833352,0.5405032200486376,-0.12255160004446747,0.10915949954783306,-0.09360973519552752,0.5439819563580309,1.5095302041122352,-5.876749649120055,-15.395902384545417,1.0,-0.1654413789510727,-4.002339513142772e-06,-3.6642935796749043e-07,0.9850339889526367,-0.7348026037216187,-0.37017160654067993,1,0.19228436415849773,-4.5,9.0,9.0,0.19228436415849773,-1.5681166819128254,5.2005365573487765,1.842684021815284,-0.0037112040390233237,0.0007905388407319324,0.003836481850332592,0.041728759638797804,-0.06961477524150715,-0.14258160812067383,0.6507379493904362,0.0,-0.4144433929122056,-0.45673525669143095,0.20758000419910783,0.36055571752952886,-30.0,30.0,30.0,51.962775141686215,-2.9318833180871744,3.7994634426512235,7.157315978184716,0.36055571752952886,-34.15800636575827,67.93884704252513,96.2010128213213,122.62634792174264,4.149999999999956
-0.33528045094658065,-1.220422123097736,0.06879729210652787,-0.3236601902607484,-1.254149730452605,-0.024157194366225487,-1.0926594734191895,-1.764908790588379,-1.565064787864685,-0.33528045094658065,-1.220422123097736,0.06879729210652787,0,0.0,-1.5707963267948966,nan,-0.20182337877065773,-0.2420523534073049,-0.10346859374074208,0.023606483920376453,-1.5707926596800077,-0.20997963285602514,-0.25173672373437106,0.875597313336917,-0.11169280838826748,0.8869354892455413,-0.5547324810063314,-0.6598307389525104,-0.20868596630624625,0.015097987147477747,-0.00815625408536741,-0.00968437032706615,-0.008224214647525402,0.01006817106608805,-0.006344258466199431,-0.007706836060868775,-0.0013126808679043405,3.4664856935847834,-2.8903148075399963,-0.5274798260103932,-0.1347176973935813,-1.5707921322837086,0.875787949917015,-0.8062419320995473,0.789319433094468,0.9668800690171101,0,sac,0,0.1347176973935813,0.15832418131395798,2.2660020381902743,1.3282259594367551,1.3623158319535489,-0.42743873678812544,0.2484034100820696,2.2658104901256064,1.3351285158116106,1.2796089712652292,-0.661567221514599,0.5342780029224368,-0.12114011850071002,0.10790226081017758,-0.09253159004281987,0.5274597475900384,-0.16583980116315516,-0.19106790791565498,-4.8702728782663245,1.0,-0.3688986599445343,-4.194511188160277e-06,-5.273962990770542e-07,-0.5463297367095947,-0.8824543952941895,-0.7825323939323425,1,0.12173809032767442,-4.098985700759389,9.0,9.0,0.12173809032767442,-2.350748579893807,7.306349989770205,4.571789712598284,-0.004473680415463206,0.0007905388407308795,0.0038364820980794265,0.009701219579881265,-0.020241476707367142,-0.06510411721755432,0.6333474382552255,0.0,-0.398573925555775,-0.44668651746991284,0.20673402845713987,0.22827318643854194,-27.32657133839593,30.0,30.0,50.46576671130727,-1.748237120865582,1.6936500102297947,4.428210287401716,0.22827318643854194,-26.927997412840156,49.24502023956405,81.97944828281709,99.35225771196005,4.159999999999956
-0.37933844377357095,-1.2171821995880554,-0.006202107710940832,-0.46745442942755155,-1.2107023525686946,-0.1562009073458782,-1.741178274154663,-0.8258471488952637,-1.3258390426635742,-0.37933844377357095,-1.2171821995880554,-0.006202107710940832,0,0.0,-1.5707963267948966,nan,-0.20054948052339627,-0.23800396948500838,-0.10328051527135418,0.02281826327008396,-1.5707926289726144,-0.2111968197942558,-0.2504793374709329,0.8702861425187224,-0.11141408458890231,0.374211035499727,-0.24910851854921257,-0.2790997658858346,0.009064532997726804,0.018307255113106876,-0.010647339270859535,-0.012475367985924496,-0.008133569317548134,0.009167363609492237,-0.005879822502945214,-0.006986191071991983,-0.0008132509994590535,-3.4146570640244978,2.8772305006964776,-0.5148430139117798,-0.1273499959490465,-1.570792252286093,0.8706016245764135,-0.8106141117181572,-0.5213081535649357,0.9668800690167966,0,sac,0,0.1273499959490465,0.15016825921913046,2.2713132063978705,1.3270217257933596,1.3633884702691974,-0.42835857783818854,0.2089606327723212,2.270996943079165,1.3220506730295063,1.3152488740000525,-0.6316374845933775,0.5279364804245991,-0.11970226632888008,0.10662153315387794,-0.09143330196656076,0.5148749602052813,-2.007871695064937,5.922988919406105,8.380351423363278,1.0,-0.40248119831085205,-4.074508803242338e-06,-3.766865210863557e-07,-0.8705891370773315,-0.41292357444763184,-0.6629195213317871,1,0.008458053657641565,-1.2145318209821871,1.5774953617526546,9.0,0.008458053657641565,-2.502198170445724,5.7774589297644425,6.288195604919218,-0.004497940793835894,-0.0005221135146351534,0.0038364820980781827,-0.04058639771439313,0.05150272813187781,0.051730682527274044,0.6202285154262946,0.0,-0.3790193935363281,-0.4436553762524709,0.21023229483963196,0.015859841848193446,-8.096878806547915,5.258317872508849,30.0,31.515228141183655,1.287666349463537,-4.199963568011788,2.711804395080782,0.015859841848193446,-7.7178594130115865,5.70197324876132,33.20756955715594,34.56617971770289,4.1699999999999555
-0.37870238876190293,-1.2052839424827968,-0.11493097389857564,-0.3774302787385669,-1.1814874282722798,-0.3323887062738452,0.46326756477355957,-0.9086614847183228,-1.97773277759552,-0.37870238876190293,-1.2052839424827968,-0.11493097389857564,0,0.0,-1.5707963267948966,nan,-0.20418615954332037,-0.23982077785789674,-0.10477904349317607,0.022039538726643437,-1.5707925987652538,-0.21239183796942832,-0.2492311345933709,0.86503895705717,-0.11113868436008903,0.4301490880398686,0.24416608447515864,0.30650112504503335,0.1773928450635176,0.014011887962643962,-0.008205678426107949,-0.009410356735474162,-0.006359640866912958,0.00352894287568536,-0.0022880581767456146,-0.0026095013687872995,0.0006393201122874229,-8.952644284162988,7.622244243489629,-0.5113673332688179,-0.0344943466983918,-1.5707926180047254,0.8654890566229728,-0.07245418957766586,-0.789335357727976,-0.9688102004240758,0,sac,0,0.0344943466983918,0.05653388542503546,2.276560389229718,1.3258319999454526,1.3644481861611932,-0.42926733726309546,0.06936429965152673,2.2761100883062593,1.2962746771474831,1.3967299589752378,-0.4830767705273863,0.5214813894107236,-0.11823866407298249,0.10531786931160343,-0.09031534496268291,0.511430800897098,-2.7381520175907648,8.97836272071328,17.998118242637236,1.0,-0.23373271524906158,-3.7087901709753623e-06,1.9239471349408177e-08,0.23163378238677979,-0.4543307423591614,-0.98886638879776,1,-0.08855281827380022,1.6180151057501369,-9.0,-9.0,-0.08855281827380022,-1.8984903542135643,0.2318341987127447,3.7699833328865107,-0.00040203427287361764,-0.0007905547899661127,-0.003844140663838562,-0.06264938757674034,0.08875099702098656,0.14226328191340187,0.589912708963732,0.0,-0.3410848209462008,-0.43271089479312386,0.210759176892398,-0.16604691219538764,10.78676737166758,-30.0,-30.0,43.77649965343874,3.5165054599637013,-9.231834198712745,-12.769983332886511,-0.16604691219538764,11.12785219261378,-44.782821044772845,-34.43256685134553,57.57568398810593,4.179999999999955
-0.3292155581056372,-1.1778761871386578,-0.1466984819550425,-0.23024189679310578,-1.1230606764503799,-0.21023349806797625,1.374300479888916,-0.48613405227661133,1.121415138244629,-0.3292155581056372,-1.1778761871386578,-0.1466984819550425,0,0.0,-1.5707963267948966,nan,-0.21115203179048428,-0.2454354497589526,-0.1043471197544677,0.02127047675693783,-1.570792569060346,-0.2135646774929503,-0.24799264516229494,0.8598568786810582,-0.11086666820174126,0.897499965546906,0.5793032723641928,0.6853161332131819,-0.01599075803606076,0.007407065516981076,-0.002412645702466021,-0.002557195403342344,-0.006519548447273565,0.0036766877329214016,0.002332521407828382,0.0028241083008178893,0.0003190436846084131,-9.45767285393584,8.136455293784586,-0.516817097053251,0.0927809811738809,-1.5707929769079279,0.8603493199999813,0.6328281695542776,-0.7893194330807854,-0.9668763634161343,0,sac,0,-0.09278098117388112,-0.07151050441694284,2.2817424649597173,1.324657036228852,1.3654947530868349,-0.4301648207911395,0.18419910739177417,2.2812504412046835,1.2720898158788259,1.4804946575692248,-0.2962216298844576,0.5149155326847418,-0.11674994722989061,0.10399183533488363,-0.08917820444870848,0.5168737365963818,-2.0678670113867303,7.459519190659682,17.867605800813067,1.0,-0.18781901895999908,-3.349886968706528e-06,4.0784758192913273e-07,0.687150239944458,-0.24306702613830566,0.5607075691223145,1,-0.14460277139428437,2.5095157744153807,-9.0,-9.0,-0.14460277139428437,-0.9069799833790599,-4.440112701844196,-0.31670761406432935,0.003511441015125527,-0.0007905388407171758,-0.003836467394630403,-0.0531673934551784,0.08202759949241464,0.1569635247345985,0.5587685076270942,0.0,-0.3143858145744856,-0.4160866425606041,0.20063825804863641,-0.2711471430607245,16.730105162769206,-30.0,-30.0,45.606687443076886,3.416495757794441,-4.559887298155804,-8.68329238593567,-0.2711471430607245,17.044490977343692,-74.17451753176623,-88.59030055789941,116.79335853317683,4.189999999999955
-0.35139514115898124,-1.1967826286707075,-0.17216663414451636,-0.3957543072656693,-1.234595511734807,-0.22310293852346402,-1.2069201469421387,-1.7812206745147705,-0.2861752510070801,-0.35139514115898124,-1.1967826286707075,-0.17216663414451636,0,0.0,-1.5707963267948966,nan,-0.21817233239792458,-0.2509406354010031,-0.1020078740320044,0.020511239619311672,-1.5707925398600413,-0.2147153402233513,-0.24676439151685645,0.8547410007613867,-0.1105980951104723,0.9169489549121698,0.5869637877039313,0.6733439287488985,-0.20706726311943424,0.010157938080727187,0.0034569921745732923,0.004176243884146641,-0.008590221078467908,0.008462190594538593,0.005458445379956763,0.006360441155216128,-0.0011656894969755182,-5.65721817755711,4.918421942088744,-0.5227696945078155,0.19128663066925955,-1.570793156174624,0.8551420171816226,0.8042078569182741,-0.7893194330943383,-0.9668800690257421,0,sac,0,-0.19128663066925977,-0.17077539104994788,2.286858340219552,1.3234970825496413,1.3665279502305308,-0.43105083906189723,0.32245720178396253,2.286458134276601,1.2589123379828553,1.5304223385477926,-0.16096580233290708,0.5082417789989082,-0.11523676624934444,0.1026440105941068,-0.0880223772637477,0.5227988902738133,-0.7817314346670766,3.0935715064857776,9.808169448798974,1.0,-0.36605972051620483,-3.170620272552327e-06,6.163145824800154e-07,-0.6034600734710693,-0.8906103372573853,-0.14308762550354004,1,-0.1592497903739334,1.8480372127174287,-9.0,-9.0,-0.1592497903739334,-0.03374799728737815,-6.95792538365165,-3.5626025129410106,0.004462393726022054,-0.0007905388407307496,-0.0038364820981136773,-0.027299859561636657,0.04500176437255925,0.1021828369560503,0.5666113322133612,0.0,-0.3128507987864376,-0.42761272649264676,0.20079874410168216,-0.29861202020238775,12.32024808478286,-30.0,-30.0,44.18005977824391,1.881785210004807,-2.0420746163483496,-5.437397487058989,-0.29861202020238775,12.633098883569296,-67.01570875504108,-95.20211259797843,117.10777864684866,4.199999999999955
-0.38755226279678284,-1.245781551804278,-0.1375395187468667,-0.459866506072386,-1.343779398071419,-0.06828528795156746,-0.7888126373291016,-1.9039788246154785,0.7260513305664062,-0.38755226279678284,-1.245781551804278,-0.1375395187468667,0,0.0,-1.5707963267948966,nan,-0.2228684090623888,-0.2536421563013425,-0.10102725653136155,0.019761985265712045,-1.5707925111662244,-0.21584383947614136,-0.24554688779843523,0.849692387651873,-0.11033302254330876,0.5347744113415264,0.35675774116741554,0.3919024618760647,-0.07155449334793063,0.01419419709160428,0.007024569586247448,0.008095268502907288,-0.009305766011947214,0.009189423578216359,0.006006717340549302,0.006840869643424913,-0.001251940498702149,0.6371034725109257,-0.5597783747719056,-0.5242098978686839,0.21800074109002,-1.570793096610899,0.8498955983913528,0.835643022365321,-0.7893194330944219,-0.9668800690168087,0,sac,0,-0.21800074109002,-0.19823875582430794,2.2919069506581704,1.3223523802346426,1.3675475626369877,-0.4319252077404444,0.34249066458779553,2.291704644484545,1.2595273060906502,1.5280778696139588,-0.13598121810273736,0.5014630630538062,-0.11369978653395173,0.10127498777852086,-0.08684837166849964,0.5242023173596363,0.6309379512116539,-2.5568931857724033,-2.7740454271442845,1.0,-0.462565153837204,-3.2301839976156543e-06,5.854446745168218e-07,-0.3944063186645508,-0.9519894123077393,0.3630256652832031,1,-0.11480541223825645,0.5339357287218666,-9.0,-9.0,-0.11480541223825645,0.3902811607539108,-8.092149253543646,-5.680805367142062,0.004636821374124008,-0.0007905388407308333,-0.0038364820980782304,0.012192935345473156,-0.019275964929715284,-0.006181631065490038,0.6024018677222304,0.0,-0.33887814080607426,-0.4532820726986321,0.20636128146791996,-0.21527360254689004,3.5595715248124438,-30.0,-30.0,42.5760131079016,0.14365456796795578,-0.9078507464563543,-3.319194632857938,-0.21527360254689004,3.898449665618518,-34.96970399679288,-60.15582678797687,69.69108943536256,4.209999999999955
-0.4577440191888007,-1.303794060100284,-0.0734915721592619,-0.5981275319728364,-1.4198190766922956,0.0546043210159477,-1.6373465061187744,-1.9913603067398071,0.9782862663269043,-0.4577440191888007,-1.303794060100284,-0.0734915721592619,0,0.0,-1.5707963267948966,nan,-0.22381162476055924,-0.2520498679773487,-0.10252954507793735,0.01902286724381952,-1.5707924829805175,-0.21695019972743299,-0.24434063948363433,0.8447120740294695,-0.11007150638147936,0.1812912045109512,-0.01631445531211917,-0.038604000919292836,0.17638047084052033,0.012782509055644518,0.006861425033126256,0.00770922849371436,-0.007541961303542011,0.005804427503141222,0.0038888324130482363,0.004295617016409833,0.00034063991365950765,6.8475230512067355,-6.08024822279493,-0.5175920136231431,0.15767822765020822,-1.5707928090185583,0.8446756440625451,0.6548123137655889,0.789285149445701,-0.10259601981397243,0,sac,0,-0.15767822765020822,-0.1386553604063887,2.296887261601266,1.3212231638818883,1.3685533813443989,-0.43278774763157146,0.2245277087321617,2.2969243376263933,1.2735303106252305,1.4713977721786524,-0.23898084982849271,0.4945823854983482,-0.1121396884391882,0.09988537289623355,-0.08565670734525237,0.5175444023717953,1.8507374849689884,-7.4152696907208275,-14.721935583395217,1.0,-0.2535167634487152,-3.5177763382243654e-06,3.260380410097241e-07,-0.8186732530593872,-0.9956801533699036,0.48914313316345215,0,-0.009389018304205222,-1.4753563919328498,2.98853621614531,0.5910993212227444,-0.009389018304205222,0.2595062814000036,-4.610454272141464,-5.071039967967698,0.0036334267758422233,0.0007905045041178228,-0.00040709060612929235,0.03980209004248885,-0.06890601478057383,-0.10902403312518286,0.6647690711106478,0.0,-0.3866018973083214,-0.4929660040526087,0.22235424383474886,-0.01760550966473884,-9.835709279552333,9.961787387151034,1.9703310707424817,14.137216821601664,-1.7348626733328534,7.598990488286773,5.662139289190442,-0.01760550966473884,-9.449107382244012,10.454753391203642,1.747976826907733,14.200113792975017,4.2199999999999545
-0.45938921399298793,-1.2977266730112853,-0.010690637684245052,-0.4626796036013624,-1.285591898833288,0.11491123126578862,1.8875329494476318,1.0434389114379883,1.1613211631774902,-0.45938921399298793,-1.2977266730112853,-0.010690637684245052,0,0.0,-1.5707963267948966,nan,-0.22066494291041858,-0.24596901785827285,-0.10348422088780912,0.01829403459918688,-1.5707924553042834,-0.21803445631218538,-0.24314614292682038,0.8398010642348712,-0.1098136008942728,0.657629413707362,-0.42309384348930557,-0.4886353562261886,0.12125812970783245,0.007412768301271093,0.0026304865982332004,0.0028228749314524737,-0.006329380006463686,0.0011290783041899902,-0.0002276677359630626,-0.0003931285723049408,0.001033651365128241,9.606349881052171,-8.617938768186452,-0.502620818641251,0.038515795826989274,-1.5707923983583798,0.8395776769367761,-0.17801432924084915,0.7893196057361931,0.9670758274620892,0,sac,0,-0.038515795826989496,-0.020221761227802393,2.301798268710765,1.3201096612110905,1.3695452035176332,-0.4336382847939998,0.031660833859368735,2.3020217102312057,1.295775222066791,1.3857743423548834,-0.4215218249689875,0.4876028129297739,-0.11055716727339703,0.098475785274212,-0.08444791539788263,0.5025492913483036,2.337018411006522,-8.73320091025263,-19.301642207511552,1.0,-0.12362364679574966,-3.928436516531519e-06,-5.694590354821116e-08,0.9437664747238159,0.5217194557189941,0.5806605815887451,1,0.1074593731991652,-3.951463290611238,9.0,9.0,0.1074593731991652,-0.4601810576614884,1.114815745338501,-1.6622068997131274,-0.000987767054391158,0.0007905390136393162,0.003837258847744433,0.05419039886374957,-0.08931352171058608,-0.16134593040280804,0.6808560329154881,0.0,-0.4077511464182737,-0.49602261895461486,0.2264188632543781,0.20149891843083667,-26.34308860407492,30.0,30.0,49.939953133901426,-3.4912822329497497,7.885184254661499,10.662206899713127,0.20149891843083667,-25.935337457656647,52.81625686553096,65.43469859578055,87.9996539792234,4.229999999999954
-0.39876373207987875,-1.2873532345299934,0.0067890587854471905,-0.27751276825366045,-1.2666063575674094,0.04174845172483167,1.9751322269439697,-1.0356379747390747,-0.848312497138977,-0.39876373207987875,-1.2873532345299934,0.0067890587854471905,0,0.0,-1.5707963267948966,nan,-0.21549587205668397,-0.23784561563179185,-0.10189426497271736,0.017575631777372314,-1.570792428138633,-0.21909665511793588,-0.24196388491242876,0.8349603316130311,-0.10955935870296984,0.942296851815602,-0.6231269659485117,-0.6941144212089384,-0.1335713723788795,0.009416976288363068,-0.0036007830612519165,-0.00411826928063691,-0.007665093730252481,0.006506856673987284,-0.004298350685612512,-0.004880876608819185,-0.00020101912543096182,7.805629581793643,-7.072029349558919,-0.48391011388846833,-0.08063412285710414,-1.5707920184288249,0.8346639675957798,-0.6980049989542383,0.7893194330970076,0.9668800526396001,0,sac,0,0.08063412285710392,0.09820975463447645,2.306638998644309,1.3190120929141143,1.3705228325814236,-0.43447665065459795,0.1690813059348886,2.306934740383472,1.316149300253614,1.312725421255483,-0.5933466107341364,0.4805274778936454,-0.10895293329778778,0.09704685755828175,-0.08322253835185499,0.4838498004962214,1.6796125719960182,-5.863772263130001,-14.717036912742591,1.0,-0.20534850656986237,-4.3083660719034356e-06,-4.097098083022388e-07,0.9875661134719849,-0.5178189873695374,-0.4241562485694885,1,0.14481420910087853,-4.5,9.0,9.0,0.14481420910087853,-1.4387842317800794,5.217515239165958,2.0070697208424044,-0.0038730946250652653,0.000790538840733423,0.0038364820330951273,0.04527114132279111,-0.06952368299381735,-0.13747827632163787,0.6567175394003364,0.0,-0.3983620237381451,-0.47334282718796367,0.22030023274837335,0.2715436135399935,-30.0,30.0,30.0,51.962233746578434,-3.0612157682199204,3.782484760834042,6.992930279157596,0.2715436135399935,-34.888064524294535,68.13049639499236,95.39014562092417,122.30410950902092,4.239999999999954
-0.39299317952729584,-1.2895909178289295,-0.03777423038452281,-0.38145207442213,-1.2940662844268018,-0.1269008087244628,-1.3593780994415283,-1.5524264574050903,-1.7136585712432861,-0.39299317952729584,-1.2895909178289295,-0.03777423038452281,0,0.0,-1.5707963267948966,nan,-0.21122344901283158,-0.2309289272232432,-0.10000565111005161,0.016867798526075006,-1.5707924014844237,-0.22013685227489174,-0.24079434221721002,0.8301908178536821,-0.1093088307448486,0.7996057946197587,-0.5312620200808249,-0.5747145713329904,-0.16380859045445062,0.016227270936069054,-0.008913403262060166,-0.009865414993966815,-0.009303179634796988,0.009614135579830535,-0.006395993763333577,-0.007072830132601824,-0.0012239038532993775,2.8529232376213973,-2.6094418957217105,-0.4656557526199799,-0.1485302353963045,-1.5707918383757307,0.8299414288891478,-0.8209043199906529,0.7893194330945068,0.9668800690168109,0,sac,0,0.14853023539630428,0.16539803392237928,2.3114085097147314,1.3179306725054487,1.371486078353555,-0.4353026821225959,0.2589863114083552,2.311656893433251,1.3235579746783264,1.2866309857670528,-0.6799285076905951,0.47335957888386476,-0.10732771172644039,0.09559923571313039,-0.08198113015422487,0.4656379642994702,0.010844090425239317,-0.17890929169216996,-4.034378155466474,1.0,-0.40361708402633667,-4.4884191661154205e-06,-5.631086930080187e-07,-0.6796890497207642,-0.7762132287025452,-0.8568292856216431,1,0.09085321856593545,-4.244315704784369,9.0,9.0,0.09085321856593545,-2.283820336553603,7.314299005957552,4.677085781375451,-0.004555039167645132,0.0007905388407309184,0.0038364820980782395,0.013429517179911428,-0.020112182556520652,-0.058498651568936466,0.6356053018729471,0.0,-0.3804397795543118,-0.45950374971499136,0.21935354544554192,0.1703604323381501,-28.295438031895795,30.0,30.0,50.996674755259896,-1.9604953682307658,1.685700994042448,4.322914218624549,0.1703604323381501,-27.914998252341483,49.25242137535827,79.35397483681298,97.47887198692099,4.249999999999954
-0.42607381313047865,-1.254532721654008,-0.1092549742380341,-0.4922350803368443,-1.1844163293041652,-0.25221646194505665,-1.8890230655670166,0.19808578491210938,-1.8322367668151855,-0.42607381313047865,-1.254532721654008,-0.1092549742380341,0,0.0,-1.5707963267948966,nan,-0.21024771300261025,-0.2277673190449518,-0.10063134104817059,0.016170669797271442,-1.5707923753422712,-0.2211551138432595,-0.23963798118257582,0.8254934323318366,-0.10906206623725836,0.29594288655756434,-0.19939975785890907,-0.20052471436572128,0.08724544457092143,0.018192337395126986,-0.010907400840649256,-0.011870662137624027,-0.008430725189087773,0.008229677096811407,-0.00558344551570529,-0.0060413590185826194,-0.0002338856548041307,-3.7938138730663677,3.501921919015743,-0.45168000887604476,-0.1343070299128315,-1.5707919795773642,0.8253802030843572,-0.8361016069959465,-0.5256640804519901,0.9668800690167929,0,sac,0,0.1343070299128315,0.15047769971010272,2.316105892549553,1.3168656061726767,1.3724347571780537,-0.43611622170380326,0.2112666758804462,2.316218290297925,1.312242651730517,1.3223447354078797,-0.6413068981869439,0.4661023803426519,-0.10568224272630014,0.09413357902230295,-0.08072425617363475,0.45171686180163095,-1.8321544492098898,5.927266762070132,9.25810152332819,1.0,-0.35213738679885864,-4.347217532618686e-06,-3.9576490706849654e-07,-0.9445115327835083,0.09904289245605469,-0.9161183834075928,0,0.0002005340847961887,-1.4215327601838494,1.5638960754062363,8.914185737328067,0.0002005340847961887,-2.5050546315819315,5.776457043394554,6.332950394862887,-0.004639365971470266,-0.0005264761709276767,0.003836482098078168,-0.03685555710111909,0.05155474014450001,0.058846037168846926,0.6105988571713232,0.0,-0.35406170590758296,-0.4467164632270682,0.21889649213872206,0.00037602491054976317,-9.47688506789233,5.212986918020788,29.713952457760225,31.62128324405773,1.083521871398082,-4.212560967988318,2.58123534246518,0.00037602491054976317,-9.122823361984747,5.659703381247857,29.495055965621503,31.388158197228176,4.259999999999954
-0.4387676104086191,-1.2033699604921322,-0.2167796351472545,-0.46415520496490004,-1.1010444381683806,-0.43182895696569534,-0.22030413150787354,-0.3770267963409424,-1.9916186332702637,-0.4387676104086191,-1.2033699604921322,-0.2167796351472545,0,0.0,-1.5707963267948966,nan,-0.21444086623441705,-0.23023313324266495,-0.10289819571922404,0.015484375649349014,-1.5707923497125482,-0.22215151549868953,-0.2384952572971749,0.8208690514483103,-0.10881911264177019,0.5435062582266429,0.31967515763767773,0.36085380831140657,0.25098082665416244,0.012758293897399887,-0.007710649264272479,-0.008262124054509962,-0.005920916922546149,0.0027272662234438406,-0.0015883181555049102,-0.0016190151561637986,0.0015146010743898935,-9.094120940685288,8.470178201321508,-0.44746087609628016,-0.03459991198121415,-1.5707923671641328,0.820903220281775,-0.17355772315614676,-0.789341875949387,-0.9669540064453563,0,sac,0,0.03459991198121415,0.05008428763056294,2.3207302707504547,1.3158170926269472,1.373368692058377,-0.4369171176148238,0.0626240924195286,2.320695912641576,1.2881883725048617,1.403895315247735,-0.484103502006515,0.45875921266055186,-0.10401728141717935,0.09265056008820348,-0.0794524932003154,0.44753055565852673,-2.5698901643061385,8.990519343714114,18.848295844903717,1.0,-0.20908406376838684,-3.959630763716859e-06,1.745158462185259e-08,-0.11015206575393677,-0.1885133981704712,-0.9958093166351318,1,-0.07683697193621955,1.333826877179764,-9.0,-9.0,-0.07683697193621955,-1.9735177793986476,0.22874886123471055,3.781138149257481,-0.0009630382099007111,-0.0007905613182574251,-0.0038367754742994298,-0.05903048073807629,0.08883100537660997,0.14922725885872265,0.5729558795951335,0.0,-0.311741988831775,-0.4294434262585969,0.21604100537888554,-0.1440783272758664,8.892179181198426,-30.0,-30.0,43.34849027538248,3.3073446565784117,-9.22874886123471,-12.781138149257481,-0.1440783272758664,9.2039211700302,-44.905779218162124,-38.69753356061016,59.98967439762773,4.269999999999953
-0.38704658821334864,-1.1439025458501468,-0.30185341575561553,-0.28360454382280775,-1.0249677165661761,-0.4720009769723376,1.0017881393432617,-0.48335540294647217,-0.7579972743988037,-0.38704658821334864,-1.1439025458501468,-0.30185341575561553,0,0.0,-1.5707963267948966,nan,-0.2220574109905205,-0.2362702635436819,-0.10288146779075402,0.014809041149242308,-1.57079232459539,-0.22312614221671667,-0.23736661478979781,0.8163185179702366,-0.10858001562839634,0.9773066211581922,0.6641918038076317,0.7165772808394061,0.0222369084903834,0.005900645722851402,-0.0010687312261961623,-0.0010963512461159008,-0.005698547837642315,0.005125666400183423,0.0033631142694416586,0.0036913052562163795,0.0011559342377819408,-9.5344096919539,8.96072221154811,-0.45272292246517937,0.09901812527899478,-1.5707927398634474,0.8164041604635556,0.5700986757822674,-0.7893194330694563,-0.9668799175138794,0,sac,0,-0.09901812527899478,-0.08420908412975248,2.325280801552763,1.3147853229534487,1.3742877127905981,-0.4377052238972709,0.193471163274269,2.3251956474902267,1.2655468256873734,1.487942007306983,-0.28908034208925715,0.45133347217644854,-0.10233359787176041,0.09115086483209778,-0.07816642944608825,0.4527851257630187,-1.9264960988686723,7.500651620600146,18.6584763337504,1.0,-0.17723409831523895,-3.5869314491954185e-06,4.152680572744316e-07,0.5008940696716309,-0.24167770147323608,-0.37899863719940186,1,-0.1265162247681219,2.1844201167297,-9.0,-9.0,-0.1265162247681219,-1.0512928070297831,-4.442367671967537,-0.3172768245140243,0.003163367196849956,-0.0007905388407058292,-0.0038364814969299656,-0.050008625952824765,0.08234955734936932,0.1634915095444792,0.5157929231539091,0.0,-0.2604928672093123,-0.3977706213495385,0.1999108263699793,-0.23723274848700904,14.562800778198,-30.0,-30.0,44.85678818063593,3.235712923759483,-4.557632328032463,-8.682723175485975,-0.23723274848700904,14.823293645407311,-74.43088446184328,-93.05179991661419,120.07656034117895,4.279999999999953
-0.40766626891132246,-1.1415637585049274,-0.3544894070806557,-0.4489056303072701,-1.1368861838144884,-0.459761389730736,-1.5662378072738647,-1.8933851718902588,-0.3770294189453125,-0.40766626891132246,-1.1415637585049274,-0.3544894070806557,0,0.0,-1.5707963267948966,nan,-0.22961497539499828,-0.24208779086278773,-0.10060557201863896,0.014144786274565613,-1.5707922999907016,-0.22407908795707732,-0.23625248623268524,0.8118426403715745,-0.10834481903987989,0.9789448096938725,0.6604618664117129,0.6931655876218384,-0.20406991835986155,0.01116211334413037,0.005535887437920967,0.005835304630102484,-0.00773924702124093,0.009712166228683084,0.00663341492041074,0.007069461967384133,-0.0005888011879689589,-5.832123280805485,5.531566557667829,-0.45854699472049937,0.20320433273394412,-1.5707929269696617,0.8118397250076281,0.7789543657405665,-0.7893194330942526,-0.9668800690171604,0,sac,0,-0.2032043327339439,-0.1890595464593785,2.3297566764849384,1.3137704804618764,1.375191656096599,-0.4384804005319846,0.3400617605746093,2.3297605164960022,1.253459870503135,1.5385412390611957,-0.1463818810868252,0.44382862117754673,-0.10063197711559178,0.08963519249410974,-0.07686666454436226,0.4585800073742322,-0.6986059203890888,3.1804479833391968,10.519991929261959,1.0,-0.4049449563026428,-3.399825234673415e-06,6.2697896030528e-07,-0.7831189036369324,-0.9466925859451294,-0.18851470947265625,1,-0.1516962259795027,1.5637555954209823,-9.0,-9.0,-0.1516962259795027,-0.2290091049452264,-6.959611002993882,-3.566778949237774,0.004322266991842426,-0.0007905388407306637,-0.003836482098079626,-0.025237202145306982,0.04571838287705648,0.10808975554977662,0.5052184286214039,0.0,-0.24379067245909453,-0.3983496106351396,0.19268979305468098,-0.2844482017241753,10.42503730280655,-30.0,-30.0,43.68938444913561,1.7927647003662086,-2.0403889970061178,-5.433221050762226,-0.2844482017241753,10.668827975265645,-67.45168938353322,-99.67954511579053,120.82899865648496,4.289999999999953
-0.4637536502912284,-1.1882489264694673,-0.37157528888360475,-0.5759284130510403,-1.281619262398547,-0.4057470524895028,-1.1571905612945557,-1.9439245462417603,-0.1585749387741089,-0.4637536502912284,-1.1882489264694673,-0.37157528888360475,0,0.0,-1.5707963267948966,nan,-0.234656713209567,-0.24513474312656333,-0.09955894177671312,0.013491725815747202,-1.5707922758981596,-0.22501045534877565,-0.23515329215529523,0.8074421921736252,-0.10811356485605719,0.5894956540272068,0.41103704228703797,0.4146146341165613,-0.081537605810314,0.016305251615303395,0.009646257860791346,0.009981450971268097,-0.00855462307934407,0.010378009859545416,0.007149869130007511,0.007463862042785915,-0.0009344642715733717,0.26613831051825915,-0.25473966594685643,-0.4596517592324081,0.23497152385478426,-1.5707928765482964,0.8072390558111605,0.820881359143466,-0.7893194330944059,-0.9668800690167934,0,sac,0,-0.23497152385478426,-0.22147979803903706,2.3341571220280555,1.312772740536906,1.3760803657572573,-0.43924251355324734,0.3670396309482659,2.3343613024491345,1.2544169043883893,1.5374257051898461,-0.11477321326771171,0.4362481878993755,-0.09891321912708874,0.08810425563322212,-0.07555380955013463,0.4596460444907483,0.6290821608687356,-2.4076955754313465,-2.1470202792597863,1.0,-0.5400333404541016,-3.4502466004227017e-06,6.00650136739489e-07,-0.5785952806472778,-0.9719622731208801,-0.07928746938705444,1,-0.1271396321040403,0.36599242692819506,-9.0,-9.0,-0.1271396321040403,0.1787167312544069,-8.093862401888055,-5.697379870243855,0.004554911762348666,-0.0007905388407308173,-0.0038364820980781697,0.012551994623995257,-0.01799965440927296,0.010747744399643535,0.5289823229944587,0.0,-0.25474365922919673,-0.4207158621582037,0.19474632076527656,-0.23840171030196947,2.439949512854634,-30.0,-30.0,42.49717860047599,0.18727569567378816,-0.906137598111945,-3.3026201297561446,-0.23840171030196947,2.6946931720838307,-35.75051415897228,-64.52998572575076,73.82097619961162,4.299999999999953
-0.5229006765684394,-1.2488922443735253,-0.3272907256178565,-0.6411947291228616,-1.370178880181641,-0.23872159908636004,-1.1034373044967651,-1.99739408493042,0.9442205429077148,-0.5229006765684394,-1.2488922443735253,-0.3272907256178565,0,0.0,-1.5707963267948966,nan,-0.23568955108892536,-0.243971826451085,-0.10113403537365268,0.01284996927816473,-1.5707922523172182,-0.2259203553767735,-0.23406944066855573,0.8031179112855527,-0.10788629315828735,0.18082825207749856,0.012293785136052726,-0.00790651887388194,0.1802365294709396,0.015462451753797781,0.009769195712151874,0.009902385782529277,-0.006752257784634674,0.006921794010099277,0.004839971803523201,0.004914499812782266,0.0005775784358073455,6.425962617878884,-6.207697214013692,-0.4525558100597739,0.17825610879772746,-1.5707926030990627,0.8026691499471859,0.6727772003590824,0.7893245446524647,-0.36197389869181185,0,sac,0,-0.17825610879772746,-0.16540613951956296,2.338481400275281,1.311792270488666,1.3769536927456336,-0.43999143516299866,0.25397658483914803,2.3389309545239203,1.26787602321386,1.4823342576907317,-0.21312098026707232,0.4285957665257995,-0.09717813883753594,0.08655878012727873,-0.07422848693999258,0.45250762898560415,1.7655862836435456,-7.273183796703651,-14.442279462515454,1.0,-0.3327008783817291,-3.7236958339015302e-06,3.507818444603572e-07,-0.5517186522483826,-0.99869704246521,0.4721102714538574,0,-0.0448286035735692,-1.4817316777296898,2.594184089082163,-0.6756269237310489,-0.0448286035735692,0.07460206014830664,-4.742228420949952,-5.323561944252702,0.003733110454052855,0.0007905439601856447,-0.001436275735536521,0.03828628645728316,-0.06741826002874059,-0.10579577208960815,0.5792898850591334,0.0,-0.29278050517775306,-0.4547533604259548,0.20749874192627116,-0.08405888538077855,-9.878211184864599,8.647280296940544,-2.252089745770163,13.320416167141879,-1.5563337378779964,7.336412510032115,4.647935020521652,-0.08405888538077855,-9.585430679686846,9.102033657366498,-2.4595884876964345,13.445599259234774,4.3099999999999525
-0.5060549150419067,-1.2543902478711972,-0.2902069274444819,-0.47236339198884125,-1.2653862548665413,-0.21603933109773268,1.8048334121704102,0.1480565071105957,0.08989906311035156,-0.5060549150419067,-1.2543902478711972,-0.2902069274444819,0,0.0,-1.5707963267948966,nan,-0.23211439233582576,-0.2381449283776971,-0.1023133805850153,0.012219620784280405,-1.5707922292471133,-0.2268089070711692,-0.23300132709960084,0.7988704993448866,-0.10766304209394906,0.667368093568465,-0.4463710447495328,-0.4758784504433011,0.14025962757009125,0.00912270169750654,0.005305485264656545,0.005143601278096266,-0.005349661508933762,0.0013453596558152298,0.0002503977293218029,0.00010362679825246055,0.0013177841505078525,9.461826300886266,-9.2220582920081,-0.4366554944040757,0.0581519673479598,-1.570792204316931,0.7982271535794933,-0.10156953816808933,0.7893194075832051,0.9674117278804597,0,sac,0,-0.05815196734795958,-0.045932346563679616,2.3427288095913665,1.3108292294032065,1.377811495360162,-0.44072704384505235,0.052585800626149135,2.343372337617452,1.2890318134536656,1.397354770374584,-0.3970488415147582,0.4208750171890072,-0.09542756613108469,0.08499950517298213,-0.07289133061211144,0.43658009953424387,2.2206010563479093,-8.726856689116728,-19.718847174322587,1.0,-0.1495305895805359,-4.122477965662341e-06,-2.4930182362936648e-08,0.9024167060852051,0.07402825355529785,0.04494953155517578,1,0.0554620192654993,-3.8152675309479545,9.0,9.0,0.0554620192654993,-0.5821059990647178,0.9845104344590588,-1.9933076351938463,-0.0005635897062894516,0.0007905388151802046,0.003838591666553208,0.05174987258214483,-0.08897765444359647,-0.16363907705843922,0.5863990120854946,0.0,-0.3041846071634468,-0.45391427063756695,0.21283176701617937,0.10399778598443521,-25.435116872986363,30.0,30.0,49.46671593993243,-3.2331615318832365,8.01548956554094,10.993307635193846,0.10399778598443521,-25.130932265822917,51.41644669690522,62.800081260525644,84.96514443789988,4.319999999999952
-0.4383237192817597,-1.2235452321895282,-0.25766439908030264,-0.30286132776146574,-1.16185520082619,-0.19257934235194415,1.885329246520996,0.1746811866760254,0.11027789115905762,-0.4383237192817597,-1.2235452321895282,-0.25766439908030264,0,0.0,-1.5707963267948966,nan,-0.22600264061022848,-0.22991303646502342,-0.1006773109746204,0.011600778975771053,-1.570792206686865,-0.22767623719971933,-0.23194933363698358,0.794700621058048,-0.10744384784100838,1.0112668345128948,-0.697908185414739,-0.7179898450056427,-0.1416875357454217,0.007261780283172714,-0.0016735965894908444,-0.002036297171960161,-0.006766536866387979,0.006498614429533252,-0.004477864120744772,-0.004709179737141795,-6.594409130149508e-05,8.022692815649652,-7.8861037338511455,-0.4165045983417505,-0.06668532219909684,-1.5707918242807621,0.7939807044414722,-0.6608685083818251,0.7893194330942381,0.9668799671376032,0,sac,0,0.06668532219909684,0.0782861011748679,2.346898685272124,1.3098837679929722,1.3786536393578372,-0.4414492244793118,0.14578002956922884,2.347618061310774,1.308329339978199,1.32354331092426,-0.5764000858059828,0.41308966596951513,-0.09366234584475402,0.0834271832858944,-0.07154298588625532,0.4164382571054661,1.581668229697347,-5.989299925038238,-15.657266372450016,1.0,-0.16139541566371918,-4.5025141344190445e-06,-3.8240610278350573e-07,0.942664623260498,0.0873405933380127,0.05513894557952881,1,0.09486787779134574,-4.5,9.0,9.0,0.09486787779134574,-1.5090003921875186,5.145092063715601,1.7548428848958069,-0.003667031427458811,0.0007905388407306493,0.003836481693831871,0.043077826453907356,-0.07048601704557438,-0.14443421603468398,0.5605973414402641,0.0,-0.2953338975903313,-0.42785835138843603,0.20972481806206286,0.17788838888307845,-30.0,30.0,30.0,51.96182872338982,-2.9909996078124816,3.854907936284399,7.245157115104194,0.17788838888307845,-34.022320194716784,67.73453271410045,96.29765029989966,122.55102729471525,4.329999999999952
-0.4260041580810474,-1.2091816371319946,-0.2936573218797746,-0.4013650356796228,-1.1804544470169274,-0.36564316747871856,-1.0859992504119873,-1.3097255229949951,-1.568495512008667,-0.4260041580810474,-1.2091816371319946,-0.2936573218797746,0,0.0,-1.5707963267948966,nan,-0.2205531806194435,-0.22256323126215358,-0.09826949663982243,0.010993536915663293,-1.570792184635288,-0.22852247996455485,-0.23091382898631707,0.7906089035408518,-0.10722874457264744,0.9182278936710554,-0.6295702755620497,-0.6314300552203334,-0.21927110664370364,0.014611992948418293,-0.007969299345111341,-0.008350597724163494,-0.008959247932825015,0.010367290425391877,-0.007169688407593491,-0.007336002992215842,-0.0015031097766436841,3.412195539257138,-3.381329365858695,-0.39672839863535003,-0.1432071717829393,-1.5707916294298407,0.7899399116163541,-0.8055402807561766,0.7893194330944361,0.9668800690172885,0,sac,0,0.1432071717829393,0.15420070869860236,2.3509904002039166,1.3089560284472728,1.3794799980874055,-0.44215786845598637,0.24679492185763843,2.3516584060162478,1.314930025608546,1.2956597950863074,-0.6742047864482845,0.4052435048961659,-0.0918833377684302,0.08184258030043685,-0.07018410950377682,0.39670440323699374,-0.05952500142796341,-0.38693448274896536,-5.250258646070077,1.0,-0.35769739747047424,-4.697365056038905e-06,-5.552054469504242e-07,-0.5429996252059937,-0.6548627614974976,-0.7842477560043335,1,0.05834937650386584,-4.140614588961631,9.0,9.0,0.05834937650386584,-2.3104013065171762,7.28116742090354,4.514635355347918,-0.004469787087978803,0.0007905388407308475,0.0038364820980801347,0.011840828305403832,-0.0219474174980085,-0.06803831626861553,0.5402581339850593,0.0,-0.27762031980777996,-0.4121291580035998,0.21202680606491286,0.10941191918969781,-27.604097259744208,30.0,30.0,50.61618472873551,-1.8302132824444546,1.7188325790964596,4.485364644652082,0.10941191918969781,-27.326476939936427,49.88136199486272,83.16096129316522,100.75040481597479,4.339999999999952
-0.44891385145720253,-1.1503131414562429,-0.3499951935872264,-0.4947332382095127,-1.0325761501047395,-0.46267093700213,-1.792641043663025,1.0230743885040283,-1.8114502429962158,-0.44891385145720253,-1.1503131414562429,-0.3499951935872264,0,0.0,-1.5707963267948966,nan,-0.2184100807443457,-0.2187032557932639,-0.09818013138885073,0.010397981990468042,-1.570792163090989,-0.22934777670392498,-0.22989516803629698,0.7865959356590366,-0.10701776442196131,0.41108681369944544,-0.2968396614467933,-0.284131451886957,0.012161489971443395,0.017972085304379052,-0.010937695959579274,-0.011191912243033064,-0.008837633033110581,0.009603976572858258,-0.0067467823323517275,-0.006772891115541574,-0.0009193694082874713,-2.939251675081712,2.935242903268164,-0.3814007310684515,-0.13889072870305297,-1.570791750764314,0.7860745150936002,-0.8204664705380589,-0.4419132322138954,0.9668800690167981,0,sac,0,0.13889072870305297,0.14928871069352123,2.3550033655231313,1.3080461442827556,1.3802904526225492,-0.4428528737898061,0.2117869014338347,2.355523918167449,1.3029377884819338,1.3292156504423436,-0.6483247451667767,0.3973403919461335,-0.09009141664486786,0.08024647536989102,-0.06881536962761789,0.38143323828240394,-1.9054590482918283,5.723607054781877,7.972041945914424,1.0,-0.3968045115470886,-4.576030582459367e-06,-4.1232667502555387e-07,-0.8963205218315125,0.5115371942520142,-0.9057251214981079,1,-0.007644779577110928,-1.3071927744335854,2.0063663582254976,9.0,-0.007644779577110928,-2.4909215527009825,5.909018667892016,6.254279498004493,-0.004552609625788024,-0.0004425959372727083,0.003836482098078189,-0.03830087638751765,0.04953757348772988,0.04840873268795992,0.513120332378592,0.0,-0.2509543876302213,-0.39478596744334976,0.21085163205267277,-0.01433485763568522,-8.714618496223903,6.687887860751659,30.0,31.9479674636879,1.183728778267397,-3.9026523096665184,2.745720501995507,-0.01433485763568522,-8.463664108593681,7.082673828195009,35.13317089429801,36.82577604444729,4.349999999999952
-0.4189852661222894,-1.0882550121723429,-0.43092243727006174,-0.35912809545246316,-0.9641387536045427,-0.5927769246357324,1.0976006984710693,-0.22895479202270508,-1.9904314279556274,-0.4189852661222894,-1.0882550121723429,-0.43092243727006174,0,0.0,-1.5707963267948966,nan,-0.22155818844866776,-0.22018884777507147,-0.10003009805507054,0.0098141958123108,-1.5707921420523765,-0.23015227559979437,-0.22889369153501768,0.7826622673687661,-0.10681093744671524,0.3988535065684562,0.2343608808452663,0.24870684830868572,0.20567936414658816,0.013986151068164336,-0.008594087151126611,-0.008704843759946207,-0.0067808393916447,0.004158636797671767,-0.002930262793483714,-0.002852167086122851,0.0007569431213190229,-8.065225581526061,8.115230746382306,-0.37648165098996517,-0.04919108537627803,-1.57079212794764,0.7823041024265864,-0.1102404997447192,-0.7891855058955243,-0.9696826965831746,0,sac,0,0.04919108537627803,0.05900528118858883,2.358937031275673,1.3071542401938758,1.38108489189508,-0.44353414523423895,0.07250877086836431,2.359294945087791,1.2779418264263929,1.4091805017794228,-0.5036562321711396,0.38938425104491364,-0.08828747216968788,0.0786396609663967,-0.06743744584230818,0.37654958288873286,-2.678198403381958,8.862877932009573,17.626042596395557,1.0,-0.23355115950107574,-4.198847256553506e-06,-1.4104736489883862e-08,0.5488003492355347,-0.11447739601135254,-0.9952157139778137,1,-0.06208154593205677,1.5426591720321017,-9.0,-9.0,-0.06208154593205677,-1.9136324229841595,0.36941179531607177,3.7509610460518763,-0.0006117031936239374,-0.0007904047066298347,-0.00384760264015009,-0.06118390281225376,0.0874911454095947,0.1391691670097155,0.46591321106893085,0.0,-0.20601945351939585,-0.3664930130967383,0.200783406613708,-0.11641017425849759,10.284394480214011,-30.0,-30.0,43.655266820319945,3.4562915950162614,-9.369411795316072,-12.750961046051877,-0.11641017425849759,10.490413933733407,-43.26224483311007,-32.18619169641097,54.93300555902446,4.3599999999999515
-0.3629384846720567,-0.9937864516933012,-0.5028295389908909,-0.2508449217715913,-0.8048493307352176,-0.6466437424325493,0.9455552101135254,0.9551091194152832,-1.2418079376220703,-0.3629384846720567,-0.9937864516933012,-0.5028295389908909,0,0.0,-1.5707963267948966,nan,-0.22826827465046254,-0.2251444681472392,-0.10013403672634122,0.009242254121066829,-1.5707921215176617,-0.23093613139210262,-0.2279097257765003,0.7788084090571464,-0.10660829159416393,0.8396004069817807,0.5926230409486533,0.5939586130685126,0.030658452382198442,0.007528617764478892,-0.002667856741640079,-0.002765257629261081,-0.006474254867822715,0.002949179605370582,0.0019937829812987414,0.0020546428854256657,0.0007077657674591075,-8.540486814438712,8.658839296589665,-0.38192455322000807,0.07493440961483344,-1.5707924996090301,0.7785144916515513,0.6170479257316038,-0.7893194313808023,-0.9668749562960963,0,sac,0,-0.07493440961483344,-0.06569215549376661,2.362790887076444,1.3062804319033672,1.381863212828124,-0.44420159439570633,0.17405491222190678,2.363085228439825,1.2541078679763296,1.492324703739485,-0.32022051345729863,0.3813790720663403,-0.08647240899138116,0.07702294288095539,-0.06605102915396797,0.3819861968304383,-2.047324728488346,7.430624884893599,17.54534621753616,1.0,-0.18118242919445038,-3.827185866445149e-06,3.7809136843591773e-07,0.4727776050567627,0.4775545597076416,-0.6209039688110352,1,-0.10429014519398669,2.50844730555914,-9.0,-9.0,-0.10429014519398669,-0.9317346159707333,-4.361918647421612,-0.32682852620449593,0.003423879496764791,-0.0007905388390145664,-0.003836461811320737,-0.052593245130688374,0.08160375081723797,0.1542733078216207,0.39804504206433045,0.0,-0.1495115438662998,-0.3238439560875417,0.17666704805447006,-0.19555624450400655,16.722982037060934,-30.0,-30.0,45.60368812340321,3.4401819215298732,-4.638081352578388,-8.673171473795504,-0.19555624450400655,16.872493580927234,-73.2480354882847,-86.37012372160646,114.4980011024726,4.369999999999951
-0.3828008381876727,-0.9489165003689125,-0.5797777804889851,-0.42252554521890473,-0.8591765977201352,-0.7336742634851734,-1.7432360649108887,-1.2771072387695312,-1.4031856060028076,-0.3828008381876727,-0.9489165003689125,-0.5797777804889851,0,0.0,-1.5707963267948966,nan,-0.23497916851206085,-0.22998200678061934,-0.09829802106647953,0.008682226686493433,-1.5707921014848645,-0.231699505100475,-0.2269435822973205,0.7750348308827489,-0.10640985266593256,0.8469792180960146,0.5947520153225944,0.580368211255991,-0.16375767316303136,0.009262290609341162,0.0032796634115858647,0.0030384244832988294,-0.008111831599453029,0.007460664513045603,0.005284848525857621,0.005229627502917364,-0.0006187788099869035,-5.021986294272495,5.131033996336955,-0.38819287821955795,0.17029191869970228,-1.5707926900098428,0.7746568054577345,0.8007574983181844,-0.7893194330833109,-0.9668800690291702,0,sac,0,-0.17029191869970228,-0.16160969201320885,2.366564462768822,1.3054248260127155,1.3826253204693122,-0.44485513984779823,0.30929219636733657,2.3669433442104886,1.2409969388957192,1.5423471828303947,-0.18795147457980088,0.3733289108325609,-0.08464714671130291,0.07539714022342515,-0.06465682199030376,0.38822464837384374,-0.7816041890425598,3.124579754853114,9.522657100752927,1.0,-0.3350902199745178,-3.6367850535512503e-06,5.885249780845925e-07,-0.8716180324554443,-0.6385536193847656,-0.7015928030014038,1,-0.1413250223982842,1.9049053273491128,-9.0,-9.0,-0.1413250223982842,-0.04880189005842546,-6.920908459921268,-3.567542353847635,0.004443248354042518,-0.0007905388407197051,-0.00383648209812728,-0.02724505134494966,0.04520341565828997,0.09982037771448249,0.36638880521887857,0.0,-0.11468235912150831,-0.3086486212102223,0.16070078319993164,-0.2650009795580053,12.699368848994085,-30.0,-30.0,44.287065771870324,1.9537072174075383,-2.079091540078732,-5.432457646152365,-0.2650009795580053,12.814051208115593,-66.76983528967972,-93.09217739329507,115.2763398547987,4.379999999999951
-0.423800929424379,-0.9693178275826456,-0.5972779826238719,-0.5058011118977918,-1.0101204820101117,-0.6322783868936453,-1.0209475755691528,-1.94386625289917,-0.005038857460021973,-0.423800929424379,-0.9693178275826456,-0.5972779826238719,0,0.0,-1.5707963267948966,nan,-0.23907822751653793,-0.23217661663802017,-0.09756221953789998,0.008134177210359805,-1.5707920819518169,-0.23244256375416583,-0.22599555758320805,0.7713419621161156,-0.10621564428295269,0.4629493875134555,0.3356000350786231,0.31426345715132864,-0.05415931455996781,0.0125347231491016,0.006635663762372096,0.006181059054812116,-0.008653424745052707,0.008044036993739614,0.005750388402799962,0.0055716468862382455,-0.000772214574238806,0.8184241379065028,-0.8427226195490345,-0.3895628257834781,0.19378253467966067,-1.5707926452715193,0.7707597727937833,0.8349072510628717,-0.789319433092451,-0.9668800690168152,0,sac,0,-0.19378253467966067,-0.18564835746930086,2.370257329084152,1.3045875198526276,1.3833711281239682,-0.44549470724549,0.32704287391300313,2.370840466336164,1.2415912704777787,1.540524370352606,-0.16568935999502957,0.365237889114065,-0.08281261988367923,0.07376308542252649,-0.06325553820061326,0.3895537636392343,0.6297230381196888,-2.4936394495167775,-3.0386522567012535,1.0,-0.40999558568000793,-3.6815233772635736e-06,5.633197024401682e-07,-0.5104737877845764,-0.971933126449585,-0.0025194287300109863,1,-0.1391211455062234,0.6206852453287268,-9.0,-9.0,-0.1391211455062234,0.3963363771509678,-8.076324513208599,-5.682748750568611,0.004632738721591342,-0.0007905388407288594,-0.0038364820980782565,0.012144611802372394,-0.018726363447573377,-0.00835741322637027,0.3733021131277844,0.0,-0.11583045076479279,-0.3188620985864875,0.1557714236511792,-0.26086845210242526,4.1379016355248455,-30.0,-30.0,42.62851489665786,0.224348868177759,-0.9236754867914012,-3.317251249431389,-0.26086845210242526,4.253732086289638,-35.21488848697527,-58.09597029454355,68.06902691111297,4.389999999999951
-0.45424380093775907,-1.0210807300038465,-0.5543697347407155,-0.5151295439645192,-1.1246065348462482,-0.4685532389744029,-0.5862407684326172,-1.9973409175872803,0.779533863067627,-0.45424380093775907,-1.0210807300038465,-0.5543697347407155,0,0.0,-1.5707963267948966,nan,-0.23906066650793178,-0.2303705869741161,-0.09889897208037118,0.0075981632285822,-1.5707920629161667,-0.2331654801309864,-0.22506593278549106,0.7677301904802799,-0.1060256878504561,0.1909772903266756,-0.07404773854267077,-0.08764048661870638,0.15267089749677887,0.010662206907924686,0.005895186376945388,0.005304654188625052,-0.007126715770084918,0.004596874280256961,0.003334039817688891,0.00312463111505407,0.0005021075954304384,6.515091452872162,-6.760726755887991,-0.3820439177058059,0.13058055031467308,-1.5707923755160025,0.7668941880985104,0.6773129933026478,0.7893151879489244,0.0373313434131492,0,sac,0,-0.13058055031467308,-0.12298238708609066,2.3738690983012227,1.3037686013335048,1.384100557488297,-0.44612022943935764,0.20780813286807515,2.374705742462047,1.2556693860106465,1.4846195501123298,-0.270718069475922,0.35711019462965815,-0.08096977801560114,0.07212162422583704,-0.06184790305578099,0.38199146223818414,1.8664586326828783,-7.326713443287834,-14.84928462471762,1.0,-0.20169022679328918,-3.951278894298582e-06,3.1259983579445816e-07,-0.2931203842163086,-0.9986704587936401,0.3897669315338135,0,-0.08220448809524278,-1.3842948459757007,2.871916952175696,1.1958027830928997,-0.08220448809524278,0.28804563029851804,-4.642842459316254,-4.952989860325708,0.003758278691094785,0.0007905345890270749,0.00014812698626355463,0.04003514931805765,-0.06813227113816528,-0.11045582386710144,0.4062723125296063,0.0,-0.14463477613989922,-0.3424169192801504,0.1639775193427634,-0.15414304911915017,-9.228632306504672,9.573056507252321,3.9860092769763327,13.882474389511435,-1.672340476274219,7.5147594114919505,6.1487926434186075,-0.15414304911915017,-9.083997530364773,9.915473426532472,3.822031757633569,13.980962457566939,4.399999999999951
-0.41441233561126745,-1.0291371625307795,-0.5143841843685703,-0.33474940495828415,-1.0452500275846455,-0.4344130836242799,1.8585448265075684,-0.08033132553100586,-0.01929306983947754,-0.41441233561126745,-1.0291371625307795,-0.5143841843685703,0,0.0,-1.5707963267948966,nan,-0.23482867639052432,-0.2246098591479678,-0.09939510241851437,0.007074236013353552,-1.5707920443753831,-0.23386843250595615,-0.22415497344722907,0.7641998614912798,-0.10584000252302359,0.6952609897800242,-0.493494249237722,-0.4849768487886319,0.0681815665575708,0.006531900693955012,0.0009602438845681682,0.000454885700738733,-0.00644490010450921,0.0017532394608187132,-0.0010653828467504446,-0.0011480596505727128,0.0007878877049102059,8.910911785768942,-9.316151063573574,-0.364769255441683,0.010553923466435355,-1.5707919764819036,0.7631657134042916,-0.14570177071486798,0.7893194541270879,0.9669466411341944,0,sac,0,-0.010553923466435577,-0.0034796874530815813,2.3773994249057537,1.3029681487959124,1.3848135387825737,-0.44673164658979414,0.02972590137910661,2.3784335577472615,1.2782058539518861,1.4000870008031812,-0.45274079744736634,0.3489500810464822,-0.0791195855670292,0.07047361569979568,-0.060434653248281615,0.3646926936734818,2.3738733321209993,-8.611235908989093,-19.12902924227275,1.0,-0.11074423044919968,-4.3503129929511886e-06,-6.789347928304323e-08,0.9292724132537842,-0.04016566276550293,-0.00964653491973877,1,0.0002486529593202636,-3.8819983898381345,9.0,9.0,0.0002486529593202636,-0.4158767092837042,1.0780962807202616,-1.5053161040040477,-0.0008084709219328154,0.0007905388617959925,0.003836746249491385,0.054900711040309254,-0.0882228955087666,-0.1604213222715195,0.4062008898704528,0.0,-0.15212029751919526,-0.33678000420752696,0.16863512914039397,0.00046625343956546716,-25.879989265587565,30.0,30.0,49.696819260434765,-3.4661216805544304,7.921903719279738,10.505316104004049,0.00046625343956546716,-25.727868968068368,51.98171530512988,66.90295439424517,88.54392850217067,4.40999999999995
-0.32730589859307524,-1.0437245999096376,-0.46140338135212167,-0.15309302455669077,-1.0728994746673541,-0.35544177531922455,1.532186508178711,-1.329411506652832,0.3771982192993164,-0.32730589859307524,-1.0437245999096376,-0.46140338135212167,0,0.0,-1.5707963267948966,nan,-0.22874523129792043,-0.21725496328379187,-0.09747165647061465,0.006562440475277542,-1.5707920263267592,-0.23455160441038891,-0.22326292923888022,0.760751277798669,-0.1056586051696847,0.9517893171055426,-0.6766616997036651,-0.6462851655827079,-0.1742048594560841,0.011697681507029602,-0.0058063731124684825,-0.006007965955088346,-0.008186948699070051,0.007295427641305615,-0.0052121084068695155,-0.00506497645495905,-0.0006349834133869735,7.102680980906785,-7.478197668087182,-0.3430586124183713,-0.10716296156159344,-1.5707916014761485,0.7596466465389442,-0.6893871825775759,0.789319433094717,0.9668800655429899,0,sac,0,0.10716296156159366,0.11372540203687098,2.38084800624988,1.3021862308610512,1.3855100108843328,-0.4473289062812254,0.18324007607875756,2.3819518975890768,1.2990194598559615,1.3283408164920645,-0.621390279593056,0.3407618679800008,-0.07726302195079023,0.0688199322296996,-0.05901653689217756,0.34299567887245724,1.7272510427732488,-5.733186388787413,-14.319594016310106,1.0,-0.24876971542835236,-4.7253187478446534e-06,-4.248506106918626e-07,0.7660932540893555,-0.664705753326416,0.1885991096496582,1,0.04208551789438312,-4.5,9.0,9.0,0.04208551789438312,-1.394286880520029,5.195684428487022,2.1270962098455963,-0.0038252760301579836,0.0007905388407311288,0.00383648208429447,0.0462467057408767,-0.06828061536024059,-0.13453738882517058,0.3961558916304389,0.0,-0.15603433338878125,-0.32119665538112246,0.17153858414189843,0.0789152782568594,-30.0,30.0,30.0,51.961584152344145,-3.105713119479971,3.804315571512978,6.872903790154403,0.0789152782568594,-34.76223461551719,66.93903805663533,95.3506957096022,121.57717372656032,4.41999999999995
-0.31659511744380603,-1.0309944961775588,-0.4672802765494067,-0.29517355514526766,-1.005534288713401,-0.47903406694397666,-1.7077795267105103,-0.33577001094818115,-1.7078245878219604,-0.31659511744380603,-1.0309944961775588,-0.4672802765494067,0,0.0,-1.5707963267948966,nan,-0.2238691842676041,-0.21122287339405565,-0.09565624759975125,0.006062815065496441,-1.570792008767411,-0.23521518440210631,-0.22239003370333496,0.7573846985260437,-0.10548151033907135,0.7745245433299232,-0.5539627022033727,-0.515919435419096,-0.1638314040250055,0.01870756468175212,-0.01134600013450221,-0.011167160309279306,-0.009825262739320106,0.009989015365159273,-0.00715515982318076,-0.006804071462017931,-0.0015128540609989725,2.4136211039542363,-2.558093754674001,-0.32207190161190785,-0.1720325628168058,-1.5707914313799436,0.7563461000891584,-0.8185966596183243,0.7893194330944477,0.9668800690167667,0,sac,0,0.1720325628168058,0.17809537788230223,2.384214583211628,1.301422906281231,1.386189921461555,-0.44791196363632546,0.26850720832103714,2.385252049024696,1.306961294128809,1.303387946569292,-0.7032709341054171,0.3325499409940083,-0.07540108153257928,0.06716145951970608,-0.05759431352312049,0.32205489398301923,0.06877748470163936,-0.08073676325016987,-3.52897827140234,1.0,-0.4673166871070862,-4.895414952965638e-06,-5.773874676151536e-07,-0.8538897633552551,-0.16788500547409058,-0.8539122939109802,1,0.02663772005181333,-4.19840981740441,9.0,9.0,0.02663772005181333,-2.242097273228883,7.303383395740354,4.754779368893035,-0.00454223440693721,0.0007905388407308592,0.003836482098078064,0.014601178099401469,-0.019101797168478953,-0.0545161096226614,0.38953922810989455,0.0,-0.15087054353854432,-0.3124097101359332,0.1771413625938868,0.04994884690008125,-27.989398782696064,30.0,30.0,50.82724603108154,-1.956312544175527,1.6966166042596464,4.245220631106965,0.04994884690008125,-27.83852823915752,47.94866017589693,78.08544967085706,95.76741414684471,4.42999999999995
-0.3423534621967425,-0.9731089121934596,-0.501560401795855,-0.39387015170261547,-0.8573377442252614,-0.5701206522887519,-1.8869478702545166,1.384572982788086,-1.948074460029602,-0.3423534621967425,-0.9731089121934596,-0.501560401795855,0,0.0,-1.5707963267948966,nan,-0.22262785730349322,-0.20874368426290657,-0.09674252463416633,0.005575391677824504,-1.57079199169429,-0.23585936584744482,-0.22153650401013603,0.7541003386115442,-0.10530873022461684,0.27898271405985753,-0.1885508409449399,-0.162565943795015,0.12590571488695912,0.020300466340742864,-0.013231508543951609,-0.012792819747229456,-0.008566205590450515,0.008227833734664595,-0.006016463717934,-0.005609891747664562,-0.00016889900992483192,-3.753600925109493,4.003176059250383,-0.30630430254856195,-0.15425592734476745,-1.5707915950448792,0.7532288096901067,-0.8347502828884361,-0.5686711299601781,0.966880069016792,0,sac,0,0.15425592734476723,0.15983131902259196,2.387498940854407,1.3006782237903394,1.3868532271058573,-0.44848078143023296,0.21668908866286152,2.388369543609499,1.2963618172481322,1.3395776949256832,-0.6599040438400917,0.32431875160062573,-0.07353477363095881,0.06549909659283172,-0.05616875409835067,0.30634483892857733,-1.7484388484064504,5.928797165661377,9.668064618361678,1.0,-0.405839741230011,-4.731750017583636e-06,-3.9664941109407437e-07,-0.9434739351272583,0.692286491394043,-0.974037230014801,0,-0.010518756753063532,-1.4138143770426916,1.2724454819137987,8.305841181506244,-0.010518756753063532,-2.469177844116933,5.675712068796926,6.2594421279953245,-0.004631867735576022,-0.0005695496613752246,0.0038364820980781645,-0.035229444698999,0.051819994384916114,0.06254693942127897,0.37518533859551184,0.0,-0.13502764966247452,-0.30138519833901,0.17804082213305047,-0.019723901655847614,-9.425429180284612,4.241484939712662,27.68613727168748,29.55252097174434,1.0553634670742413,-4.403266586883127,2.0463990535109193,-0.019723901655847614,-9.290401530622137,4.542870138051672,27.50809644955443,29.38783743322522,4.43999999999995
-0.32355456435977303,-0.8941641223302655,-0.5634272108844851,-0.28595676868583414,-0.7362745426038775,-0.6871608290617454,0.9206345081329346,0.6173462867736816,-1.9957997798919678,-0.32355456435977303,-0.8941641223302655,-0.5634272108844851,0,0.0,-1.5707963267948966,nan,-0.22685249963987084,-0.2114197936069033,-0.09964562593389853,0.00510019555087915,-1.5707919751041792,-0.23648434671569574,-0.22070254071870563,0.7508983681483795,-0.10514027462980338,0.589174289557186,0.3599661468126708,0.35100726354271305,0.3071556894545663,0.014461432720348284,-0.0096318470758249,-0.009282747111802325,-0.005494648695904852,0.0028759279902489353,-0.0016083548997966723,-0.0013974061626775888,0.0019316863974020246,-8.554200232258086,9.178447966492962,-0.3018265282690647,-0.052487668812283284,-1.5707920071647477,0.7502059027093521,-0.19274505029707392,-0.7893908769344581,-0.9644888203968265,0,sac,0,0.05248766881228306,0.05758786436316221,2.3907009090864895,1.2999522219543134,1.3874998934656815,-0.44903533020476705,0.06652330886854457,2.391393145773229,1.2733256015511663,1.4203915400173277,-0.5003581721391105,0.31607281726030245,-0.07166512251735896,0.06383375579095271,-0.054740640996697155,0.3019010657000913,-2.459066907940135,8.874850645325653,18.962425039844298,1.0,-0.2397361546754837,-4.31963014868586e-06,3.206056842230964e-08,0.4603172540664673,0.3086731433868408,-0.9978998899459839,1,-0.04009452449760383,1.2684670215474487,-9.0,-9.0,-0.04009452449760383,-1.955611609474972,0.13183551508412503,3.64952186624532,-0.0010695049740789516,-0.0007906103949433758,-0.003826993865962799,-0.05675344656443264,0.08791111543712049,0.15063186642262105,0.334842859197485,0.0,-0.09653296593982522,-0.2741043763529053,0.1663367599377606,-0.07518193230377618,8.456446810316326,-30.0,-30.0,43.26103495038756,3.2240786310224205,-9.131835515084125,-12.649521866245319,-0.07518193230377618,8.552979776256151,-45.36022498412168,-40.389248019384695,61.33514882640703,4.4499999999999496
-0.3320533689943086,-0.7836863206670562,-0.6302791741804594,-0.3490509782633797,-0.5627307173406377,-0.7639831007724082,-1.2333968877792358,1.8697075843811035,-1.8407453298568726,-0.3320533689943086,-0.7836863206670562,-0.6302791741804594,0,0.0,-1.5707963267948966,nan,-0.23460321566060838,-0.21731124232045693,-0.1002768065397868,0.004637245170209692,-1.570791958993697,-0.23709032938659133,-0.2198883275503873,0.7477789117253396,-0.10497615093345683,0.9830850667540793,0.7144733349841947,0.6705661881871938,0.07953043022348172,0.005908548104112901,-0.0024871137259829534,-0.002577085229930387,-0.004699344393670035,0.005417322017204283,0.003684398013105556,0.0035325848840221403,0.001814781848126214,-8.837844542305625,9.540934804781017,-0.30798157064876835,0.08108912115631339,-1.5707923948877125,0.7471588088974996,0.5488764231865574,-0.7893194324444971,-0.9668843623482535,0,sac,0,-0.08108912115631339,-0.0764518759861037,2.393820363320492,1.2992449290216124,1.3881298953794823,-0.449575588382643,0.19007197098558953,2.3944409665060404,1.2518118389154593,1.5029573242733079,-0.3057293769530476,0.30781672138181687,-0.0697931674160778,0.06216636277480506,-0.05331076801857803,0.3080478512439741,-1.8159831814055978,7.340009716540006,18.529290466278326,1.0,-0.17288532853126526,-3.931907183840622e-06,4.358940155491098e-07,-0.6166984438896179,0.9348537921905518,-0.9203726649284363,1,-0.07490691640546017,2.0739678813585964,-9.0,-9.0,-0.07490691640546017,-1.0617418814380994,-4.495859372348513,-0.42372281445495086,0.0030456090252274476,-0.0007905388400799044,-0.0038364991335821746,-0.0476213851128666,0.08088211134983979,0.1627755298011128,0.2890455921586687,0.0,-0.05298785381643106,-0.24397989153999083,0.1456483924333471,-0.14045924696317302,13.826452542390642,-30.0,-30.0,44.622757856356635,3.135709762796696,-4.504140627651487,-8.576277185545049,-0.14045924696317302,13.879440396207073,-73.96200857525486,-93.34163197743382,119.89869710388304,4.459999999999949
-0.38590649669048344,-0.7444390888858263,-0.7054862364923685,-0.4936127520828331,-0.6659446253233666,-0.8559003611161867,-1.9855810403823853,-1.7311769723892212,-1.80454421043396,-0.38590649669048344,-0.7444390888858263,-0.7054862364923685,0,0.0,-1.5707963267948966,nan,-0.24215066024942025,-0.22290277009429707,-0.09855917440909034,0.004186552170431179,-1.5707919433593016,-0.23767752047142157,-0.21909403116911266,0.7447420477673116,-0.10481636405508069,0.9573440385248821,0.6960253503981634,0.6385824155114794,-0.15578452523203057,0.008583000287755889,0.00447313977799868,0.0038087389251844073,-0.006257189645990341,0.00968393634066341,0.00708389667607285,0.006600590419656998,0.00017098843433899485,-5.297911894113654,5.75531124062948,-0.31468824848111104,0.1836152396909012,-1.570792589220513,0.7440389749172717,0.7680202436597806,-0.7893194330890276,-0.9668800690062284,0,sac,0,-0.18361523969090143,-0.17942868752047003,2.3968572251328615,1.2985563627736882,1.3887432170089156,-0.45010154238168804,0.3333051882486376,2.397561264584446,1.2407237545878531,1.5519479018614464,-0.16530078199906523,0.29955511332227,-0.0679199625042798,0.06049785652398323,-0.05187994038599921,0.3147230642054599,-0.607156134991068,3.023278575384605,10.238618928128085,1.0,-0.35577014088630676,-3.7375743833223396e-06,6.458612116233553e-07,-0.9927905201911926,-0.8655884861946106,-0.90227210521698,1,-0.1232441779195195,1.464678147515737,-9.0,-9.0,-0.1232441779195195,-0.2663721986003661,-6.984237732390665,-3.637429164809368,0.004261595664954585,-0.0007905388407254307,-0.003836482098036249,-0.023203767914031344,0.04421521078049123,0.10600416539713359,0.2732084927619828,0.0,-0.02709383403466789,-0.23807878057795528,0.13125280535321932,-0.23109727717892276,9.764520983438247,-30.0,-30.0,43.53618352574701,1.731050346116103,-2.015762267609335,-5.362570835190632,-0.23109727717892276,9.791614817472915,-66.52838098462182,-98.72570460273441,119.45174486974494,4.469999999999949
-0.46660103434738304,-0.7658585478791794,-0.7424403135004893,-0.6279901096611822,-0.8086974658658856,-0.8163484675167308,-1.7232246398925781,-1.9721958637237549,-0.4939831495285034,-0.46660103434738304,-0.7658585478791794,-0.7424403135004893,0,0.0,-1.5707963267948966,nan,-0.24686976114132234,-0.22580932900380016,-0.09784021550880109,0.0037481212373502437,-1.570791928197292,-0.23824613064833564,-0.21831980097048953,0.7417878078757956,-0.10466091642023526,0.5576049370296544,0.415049071498802,0.368078910812622,-0.056351126544382235,0.01330345797018785,0.0086236304929867,0.007489528033310627,-0.006820700911434163,0.010138003163385851,0.007476359312420971,0.006842143225205071,-0.00026121955933293677,0.44891220021711475,-0.49075452014615706,-0.316157774444903,0.21270090322460322,-1.5707925453681202,0.7408779509060656,0.813500113864657,-0.7893194330934121,-0.9668800690167705,0,sac,0,-0.21270090322460344,-0.20895278198725276,2.3998114629233576,1.2978865303754565,1.389339851972028,-0.45061318672905765,0.35637970598314955,2.4007224023317657,1.242460250765274,1.5493765186298496,-0.1370500226302473,0.29129270838709787,-0.06604657691199872,0.05882918933694266,-0.05044897474255664,0.3161506675431004,0.6984981379982258,-2.5445758272678716,-2.5111825246018644,1.0,-0.4633446931838989,-3.781426776150454e-06,6.17170828220992e-07,-0.8616123199462891,-0.9860979318618774,-0.2469915747642517,1,-0.1416330068707345,0.29384987513008476,-9.0,-9.0,-0.1416330068707345,0.12461843860326995,-8.103987558476842,-5.739899022195514,0.004513954661097995,-0.000790538840729822,-0.003836482098078079,0.014108214875261187,-0.01932915718271193,0.007891333387624638,0.2879029406600143,0.0,-0.03023891193017811,-0.25603875827347633,0.1281322196316719,-0.2655784865380358,1.9589991675338985,-30.0,-30.0,42.47244058999801,0.16923143652681483,-0.8960124415231583,-3.260100977804486,-0.2655784865380358,1.9892380794640765,-34.737667145363616,-62.71478620070651,71.72083049555202,4.479999999999949
-0.5196076120023392,-0.8294438425930158,-0.7222124256695495,-0.6256207673122516,-0.9566144320206887,-0.6817566500076697,-0.6089539527893066,-1.9971160888671875,0.2650110721588135,-0.5196076120023392,-0.8294438425930158,-0.7222124256695495,0,0.0,-1.5707963267948966,nan,-0.24721774752118886,-0.2247108890379518,-0.0993417172810431,0.003321950010096719,-1.5707919135038113,-0.2387963745123514,-0.21756576887911763,0.7389161761694195,-0.10450980792595385,0.1700189862019637,-0.020225748414923195,-0.03444078744764545,0.16526102665234133,0.012193499348102198,0.008421373008837468,0.007145120158834173,-0.00516809064491075,0.006556638650212138,0.0048408335096732265,0.004324170291450085,0.000925954972782651,6.157622812083222,-6.774235309624419,-0.30847678949809004,0.15325091087780107,-1.5707922795958598,0.7377489421196415,0.6606181484922543,0.7892963456487165,-0.21736154434295984,0,sac,0,-0.15325091087780107,-0.14992896086770457,2.402683092574536,1.2972354282257683,1.3899198034764448,-0.4511105241754511,0.23982243565262334,2.4038511186409854,1.256486559318711,1.4932740870832801,-0.23857615495395776,0.2830342878300583,-0.06417409472213453,0.057161326830997075,-0.04901869915343396,0.3084246749319587,1.8127893519659177,-7.335808735341923,-14.677614591398784,1.0,-0.2550957500934601,-4.047199036794069e-06,3.66092048231792e-07,-0.3044769763946533,-0.9985580444335938,0.13250553607940674,0,-0.10873182114921832,-1.5343833144525756,2.9296183956453987,0.014592143813355512,-0.10873182114921832,0.01451320076036828,-4.635538251965865,-5.212436205821732,0.003665642228894214,0.0007905157176176828,-0.000862468573305451,0.03939747185450629,-0.06823310896432169,-0.10817403562884341,0.3224818309605096,0.0,-0.058168070114402504,-0.2853595226083368,0.13849530596937482,-0.2038849074615007,-10.229222096350505,9.765394652151329,0.04864047937785171,14.143685953826035,-1.548896515212944,7.565156647611264,5.227028349635088,-0.2038849074615007,-10.171054026236103,10.050754174759666,-0.08985482659152311,14.300966485920274,4.489999999999949
-0.4883846219273093,-0.8734607290026831,-0.7121139660066734,-0.4259386417772495,-0.9614945018220176,-0.6919170466809215,1.8274476528167725,-1.0165654420852661,-0.8065757751464844,-0.4883846219273093,-0.8734607290026831,-0.7121139660066734,0,0.0,-1.5707963267948966,nan,-0.24278537914032045,-0.2193603952969987,-0.10007931456040217,0.0029080289832541517,-1.5707918992748455,-0.23932847044056485,-0.21683204915392595,0.7361270886244552,-0.10436303590619736,0.6836857263829332,-0.4964464309081873,-0.4616774015761438,0.08843692991155616,0.006057476417292769,0.0034569086997555953,0.002528346143072735,-0.004283721345795188,0.0012231560641635577,-8.227491595993444e-05,-0.00019472450993143677,0.001204750580301098,8.827913835764452,-9.770447459107558,-0.2906199490018746,0.032503451782135206,-1.570791885900712,0.7347599879060578,-0.10797067530795842,0.7893195504397081,0.9672309551951482,0,sac,0,-0.03250345178213543,-0.029595422798880833,2.4054721781112325,1.2966030418078813,1.390483084452559,-0.45159356580932764,0.03889496971712311,2.406839408165825,1.277931793319486,1.4085014729110537,-0.4226510104881897,0.27478469885324097,-0.062303614970455744,0.05549524794232059,-0.047589953105404266,0.29054078139267,2.235647038884661,-8.650539707314197,-19.582798650441905,1.0,-0.10651718825101852,-4.440894184831734e-06,-1.3374133800425625e-08,0.9137238264083862,-0.5082827210426331,-0.4032878875732422,1,-0.04435186707783621,-3.8463214711073372,9.0,9.0,-0.04435186707783621,-0.6393781978413466,1.0925905336211574,-1.82791923723644,-0.0005991083771985091,0.0007905389582574046,0.003837874378863408,0.05222370576481122,-0.08851105866815956,-0.16313260531057366,0.3311434240853302,0.0,-0.06512060704302935,-0.2883557177708144,0.14921881209211738,-0.08316494858022916,-25.642143140715582,30.0,30.0,49.57344471849439,-3.2069432732659906,7.907409466378843,10.82791923723644,-0.08316494858022916,-25.577022533672555,51.793716631948755,64.65115536998985,86.69805056240791,4.4999999999999485
-0.42340738562896874,-0.9177534109385157,-0.657729537239303,-0.2934529130322876,-1.0063387748101809,-0.5489606797045623,1.36000394821167,-1.566007137298584,1.2351725101470947,-0.42340738562896874,-0.9177534109385157,-0.657729537239303,0,0.0,-1.5707963267948966,nan,-0.23592489755073495,-0.21197659079427475,-0.09801900134200034,0.002506341408990309,-1.5707918855062295,-0.23984264047301396,-0.21611873820133282,0.7334204324153378,-0.10422059509734588,1.0127151886292052,-0.73746516220346,-0.6670493550130802,-0.1917872409550353,0.008424123684586185,-0.003917742922279005,-0.004142147407058067,-0.006201593755345541,0.006762018703678257,-0.004962501311707923,-0.004568725929460772,-0.0004745746112725848,7.338437049625867,-8.167360977787173,-0.2680017818398048,-0.09046724322888866,-1.5707915087842748,0.7319869951866195,-0.6593765196623124,0.7893194330960633,0.9668800221999505,0,sac,0,0.09046724322888888,0.09297358463787919,2.4081788323600417,1.2959893455399314,1.391029717686719,-0.4520623311711216,0.15668916599918842,2.409611640278492,1.2971565589272147,1.3361016774483119,-0.5987967504852911,0.26654885460706124,-0.060436251645597974,0.053831944925946354,-0.046163587506829064,0.2679338836878493,1.5601751192564641,-5.814054469729006,-15.233791728376461,1.0,-0.18142876029014587,-4.818010621576718e-06,-3.7672195496440963e-07,0.680001974105835,-0.783003568649292,0.6175862550735474,1,-0.002074917658348675,-4.5,9.0,9.0,-0.002074917658348675,-1.5555681029392954,5.205206633683838,1.8839816749998395,-0.0036587526708612788,0.0007905388407324773,0.0038364819123136835,0.04276545142879063,-0.06897439509780215,-0.1413661978015832,0.3418710627405536,0.0,-0.0822799179344477,-0.28882990246448637,0.16334970488620848,-0.0038907137790149537,-30.0,30.0,30.0,51.961524372728455,-2.9444318970607046,3.7947933663161617,7.1160183250001605,-0.0038907137790149537,-33.992547731961395,66.94537848241814,96.31179042226303,122.11935960749,4.509999999999948
-0.4188201228717064,-0.9000181158025315,-0.648128460885429,-0.40964559735718176,-0.8645475255305632,-0.6289263081776809,-1.60423743724823,0.593226432800293,-1.4510631561279297,-0.41832423984623135,-0.8989524943534323,-0.6473610767877485,0,0.0,-1.5707963267948966,nan,-0.22997586260025354,-0.20557555555770593,-0.095500012171776,0.0021168631991821396,-1.5707918721936451,-0.24033911020962428,-0.2154259143960184,0.7307960452551737,-0.10408247760372302,0.8932903131438749,-0.6445504687091735,-0.5708211431254412,-0.2380871676601476,0.016675886277712937,-0.01036324760937074,-0.009850358838312478,-0.008582465431947017,0.0103933849169243,-0.007591900556424209,-0.006839187012643551,-0.001900267607155141,2.9283402666213427,-3.2758657471478814,-0.2461642803154819,-0.16339010006476395,-1.5707913237818771,0.7294406360170161,-0.802190360735716,0.7893194330944818,0.9668800690170164,0,sac,0,0.16339010006476418,0.1655069632639461,2.4108032176088097,1.2953943026254031,1.3915597359544185,-0.45251684836745976,0.25249447289033927,2.4121575492952085,1.3033973577853066,1.3101807566151775,-0.6913997432253052,0.25833173419026095,-0.058573133689064215,0.052172423355766835,-0.04474046468765841,0.24614152348619156,-0.1017561040739457,-0.18642145810289001,-4.682092099139124,0.9988160000000121,-0.4044915735721588,-5.003013019422298e-06,-5.484117679976919e-07,-0.802118718624115,0.2966132164001465,-0.7255315780639648,1,0.00045950904739643994,-4.030496032253825,9.0,9.0,0.00045950904739643994,-2.329220388109446,7.308708981072758,4.598804023756776,-0.004451199030235545,0.0007905388407308933,0.003836482098079055,0.010988827028965868,-0.020056848104669005,-0.06359076550805128,0.3442830926363218,0.0,-0.08470692306037891,-0.2847431738979108,0.17400261486373503,0.0008616333159505718,-26.869973548358836,30.0,30.0,50.21947310786838,-1.7012756441443786,1.6912910189272417,4.401195976243224,0.0008616333159505718,-26.78526662529846,48.236839161023035,81.63528512614468,98.53204016361421,4.519999999999948
-0.4438408119776266,-0.8357458345796432,-0.6718134596946101,-0.493882190189467,-0.7072012721338665,-0.7191834573129726,-1.6548570394515991,1.4613935947418213,-1.9631354808807373,-0.44176718770407764,-0.831841230040507,-0.6686747472109329,0,0.0,-1.5707963267948966,nan,-0.22765355873698617,-0.20253648543328462,-0.09561983135048843,0.001739562827548946,-1.570791859332622,-0.2408181087236178,-0.21475363790912066,0.728253714736265,-0.10394867286315268,0.3676048452333284,-0.28013023772608947,-0.23667936375235676,0.02536239192827694,0.019797317795889145,-0.013164549986631635,-0.012217152475836046,-0.008328841512664248,0.009304480663887066,-0.006916560452683483,-0.006126477285144145,-0.0010958229800638285,-3.0822879164423274,3.4644494478947854,-0.22985209233869297,-0.15449340815817303,-1.5707914670110188,0.7270840466217449,-0.805317133873729,-0.5414507706605034,0.9668800690167955,0,sac,0,0.15449340815817303,0.1562329709857222,2.413345546266108,1.2948178649036026,1.3920731821534842,-0.4529571541853756,0.21193510086924938,2.4145142876330574,1.2910667767670758,1.3453695169882207,-0.6596448848855772,0.25013838264991106,-0.0567154049952253,0.05051770212453425,-0.043321458399431294,0.22988829150034829,-1.9261842866971697,5.84423326219507,8.555170612295555,0.9953280000000237,-0.43913018703460693,-4.8597838775421565e-06,-3.923216032042376e-07,-0.8274285197257996,0.7306967973709106,-0.9815677404403687,1,-0.009843147398805827,-1.174129146266857,1.4564924947059394,9.0,-0.009843147398805827,-2.4730729178124697,5.7392628133304004,6.304432422908382,-0.004468548889123061,-0.0005422872497547731,0.0038364820980781784,-0.03892654074293822,0.0509185841876785,0.05318788931540115,0.33440504978601,0.0,-0.07255835959479565,-0.2745931695993218,0.17652368958497966,-0.018457054938694595,-7.827527641779048,4.854974982353132,30.0,31.382181436684206,1.2989437715456127,-4.282770318624461,2.6955675770916177,-0.018457054938694595,-7.754969282184252,5.129568151952453,32.68400425966758,33.98082537405459,4.529999999999948
-0.41802571915471637,-0.749007148820757,-0.7142904715919076,-0.36639553350889587,-0.5755297773029845,-0.7992444953865026,1.530327320098877,1.3834543228149414,-1.9903777837753296,-0.41369162849853497,-0.7412414427018097,-0.7068847079824678,0,0.0,-1.5707963267948966,nan,-0.2310793876203223,-0.2046505132355087,-0.09782020467622904,0.0013744012317802312,-1.5707918469185405,-0.2412798684917378,-0.21410195054364228,0.725793177670621,-0.10381916761254778,0.4675812259827308,0.2964069115216128,0.2765715167702465,0.23298785763455065,0.015144868223560712,-0.010200480871415507,-0.009451437308133581,-0.005998962936318741,0.00354898416636733,-0.0026303388328633055,-0.002236549646984716,0.0008212502140211939,-7.92240778087727,8.945349538886525,-0.22557002233061788,-0.059770929600176714,-1.5707918678362716,0.7248239346711391,-0.0698895184978523,-0.7893620766216197,-0.968395091006533,0,sac,0,0.059770929600176714,0.06114533083195717,2.4158060815207203,1.294259972700127,1.3925701094372647,-0.45338329420652623,0.07094723588809443,2.4167750683316407,1.2661685763546813,1.4257462822371503,-0.509443853911513,0.24197391098140725,-0.05486422441131902,0.04886881344385971,-0.04190745381527497,0.225643039695848,-2.648470389614357,8.857517564330804,18.158264461290585,0.9896320000000352,-0.25440913438796997,-4.458958624997678e-06,2.0917731102798598e-08,0.7651636600494385,0.6917271614074707,-0.9951888918876648,1,-0.01438924529336843,1.6181834203722831,-9.0,-9.0,-0.01438924529336843,-1.8707208692304023,0.19356492010857734,3.779189660749277,-0.00038780340949990495,-0.0007905815501373704,-0.003842493551750745,-0.060755860001814196,0.08763303164659991,0.14357087654823417,0.2960809302081284,0.0,-0.037662545816074866,-0.24483988762870712,0.16216929210403783,-0.026981521270145192,10.787889469148555,-30.0,-30.0,43.7764695607247,3.4889042896026856,-9.193564920108578,-12.779189660749278,-0.026981521270145192,10.825552014964629,-44.73608807171771,-34.94129502834512,57.78758498717119,4.539999999999948
-0.4250855913993519,-0.6348645923009872,-0.7687587492673231,-0.4392053358886231,-0.4065794792614478,-0.877695304618154,-1.4493595361709595,1.9374160766601562,-1.9661121368408203,-0.41735923569009703,-0.623325293471354,-0.7547857902406759,0,0.0,-1.5707963267948966,nan,-0.23836985380405495,-0.21013493521937826,-0.09817946660972002,0.0010213317156611001,-1.5707918349466292,-0.2417246253415999,-0.21347087557687613,0.723414119430478,-0.10369394585352809,0.9192266515141179,0.6845709333870548,0.6115496950635707,0.04844836925106677,0.007265842791328125,-0.0033547715375449594,-0.003335940357497874,-0.005514479243808074,0.003910024197075487,0.0028052819796464323,0.0025813960998992023,0.0008689513287935009,-8.366351253128036,9.49034158534702,-0.23283440425782664,0.06934719595349925,-1.5707922529397536,0.7225335354526563,0.6301764236801218,-0.7893194329115022,-0.9668770894498172,0,sac,0,-0.06934719595349925,-0.06832586423783837,2.4181851380011263,1.2937205546773376,1.3930505813478182,-0.4537953229214079,0.18313070450326677,2.419066194009109,1.2428634551131008,1.508407005511506,-0.32097013893789417,0.23384349612848285,-0.05302076573745297,0.047226802844215855,-0.04049934752990714,0.2329008621417742,-1.9819752502234682,7.361699164260178,18.031300267233,0.9818240000000464,-0.1834067404270172,-4.073855143005289e-06,4.179931245573698e-07,-0.7246797680854797,0.9687080383300781,-0.9830560684204102,1,-0.04095208844851187,2.4894403828613307,-9.0,-9.0,-0.04095208844851187,-0.888033663197336,-4.461443732871664,-0.3119368433212189,0.00349672699057324,-0.0007905388405476311,-0.003836470275458457,-0.05131980082908436,0.08104081248585854,0.15828486670172165,0.2543581969154758,0.0,0.002337176478554165,-0.2133336630605685,0.1384968524890002,-0.07678996521378562,16.596269219075538,-30.0,-30.0,45.557019752073245,3.3774740460586665,-4.538556267128336,-8.688063156678782,-0.07678996521378562,16.593932042596983,-73.82532981740576,-89.07227789325934,116.87349780457433,4.549999999999947
-0.4757125124446441,-0.5959593573505563,-0.835936537134063,-0.5769663545352284,-0.5181488874496945,-0.9702921128675428,-1.9906915426254272,-1.6630916595458984,-1.9205350875854492,-0.4623925620962211,-0.5792724953447745,-0.8125303140943567,0,0.0,-1.5707963267948966,nan,-0.2456680298139845,-0.21553406272348327,-0.09642632073948923,0.0006802998512056568,-1.5707918234119684,-0.24215261841644095,-0.21286041760965055,0.7211161732888078,-0.1035729888180621,0.9272463075749614,0.6870182935088509,0.6009585471330597,-0.16321888347647917,0.008401271339148203,0.0035154113975435497,0.0026736451138327233,-0.007146668078572865,0.008625775431562708,0.006438913818731162,0.005717202268101212,-0.0005079260343023098,-5.034215139830891,5.7379699720429125,-0.24084934673597108,0.16939017697720815,-1.570792447806132,0.7201588304881988,0.8023594133828329,-0.7893194330930097,-0.9668800690239666,0,sac,0,-0.16939017697720793,-0.16870987712600272,2.420483082434987,1.2931995276848294,1.3935146719491036,-0.45419330384357215,0.32220939036253504,2.421441368981279,1.2304951841160237,1.5576150540509928,-0.18408739347448969,0.2257523809831886,-0.051186217726600036,0.04559272917493275,-0.039098047559632476,0.24088447134044177,-0.7046597710154447,3.039311302981686,9.967973296826178,0.9720000000000568,-0.33874285221099854,-3.87898876486048e-06,6.243941634842542e-07,-0.9953457713127136,-0.8315458297729492,-0.9602675437927246,1,-0.10255324638896257,1.8339465556369814,-9.0,-9.0,-0.10255324638896257,-0.02457913299163937,-6.967981916731025,-3.5604430104332776,0.004452137070650559,-0.0007905388407294189,-0.0038364820981066326,-0.025621727992561794,0.04440836591723121,0.1034964878804691,0.23945448392404647,0.0,0.025950002866858557,-0.20504501347219992,0.12091976543446822,-0.1922993556890354,12.22631037091321,-30.0,-30.0,44.15336503968977,1.8585256886286208,-2.0320180832689747,-5.439556989566722,-0.1922993556890354,12.20036036804635,-66.80864003350497,-95.74590844004402,117.3863669183442,4.559999999999947
-0.550897957741286,-0.6222370988020264,-0.8795843301937732,-0.7012688483345698,-0.6747925817049666,-0.9668799163131938,-1.7303951978683472,-1.9716784954071045,-0.9386296272277832,-0.5290030693088533,-0.5975069075472804,-0.8446261305746109,0,0.0,-1.5707963267948966,nan,-0.25018494477443204,-0.21842464223768632,-0.09569339415133932,0.00035124338077929806,-1.5707918123094857,-0.2425640901574969,-0.21227056242220468,0.7188989197598448,-0.10345627493414203,0.5417361704459532,0.41054432193916024,0.348043470164891,-0.0616212704229846,0.01249849757033972,0.007620854616935152,0.006154079815481633,-0.007762880782802711,0.009341616274441364,0.007017151820684764,0.00612092465903165,-0.0007481017730406403,0.5016784857691826,-0.5745983641930243,-0.24332272959757742,0.197181306775581,-1.5707924065487466,0.7177318840005698,0.8344134644486955,-0.7893194330941731,-0.9668800690168053,0,sac,0,-0.197181306775581,-0.1968300633948017,2.4227003343086233,1.2926967966099039,1.3939624659601657,-0.4545773096238416,0.34325866070511935,2.423868426190295,1.2318061343203357,1.5549880867651324,-0.1576122941746459,0.2177058743859038,-0.04936178408460087,0.04396766460420012,-0.03770447334234453,0.24331501481878537,0.6950086902039043,-2.5683815219601316,-2.636161555581987,0.9602560000000671,-0.4304928481578827,-3.920246149924367e-06,5.942392609092906e-07,-0.8651975989341736,-0.9858392477035522,-0.4693148136138916,1,-0.1448205442730484,0.5444306575051369,-9.0,-9.0,-0.1448205442730484,0.3950989102489786,-8.096644434044974,-5.691712391978049,0.0046299987952524765,-0.0007905388407305841,-0.0038364820980782174,0.013613461797042873,-0.019458865143124556,0.006684820007868622,0.24804463052002979,0.0,0.02551735870639321,-0.21838330971026315,0.1148204388358564,-0.2715554927302614,3.629537716700913,-30.0,-30.0,42.58224144432261,0.14933174725615828,-0.9033555659550263,-3.308287608021951,-0.2715554927302614,3.6040203579945196,-35.04755557301072,-60.71974802257192,70.20172118042672,4.569999999999947
-0.547230428452674,-0.67725947237815,-0.8966655944498213,-0.53989536987545,-0.7873042195303971,-0.9308281229619175,1.1929583549499512,-1.9954718351364136,-0.5436983108520508,-0.518056479851047,-0.641153415386778,-0.8488625582785811,0,0.0,-1.5707963267948966,nan,-0.25030410345348675,-0.21747138509462408,-0.09710880749579628,3.409211923255384e-05,-1.5707918016339586,-0.24295928630419802,-0.21170127683649864,0.716761885939594,-0.10334377979147613,0.15994171392808315,-0.027603746764642834,-0.03839715573561997,0.15279084871228643,0.011230109874567937,0.007344817149288724,0.005770108258125434,-0.006234972295679847,0.005913621963399045,0.0044861362987656086,0.0038178782031997706,0.0005189526572099536,5.9939688682209775,-6.898774403113751,-0.23604391987047266,0.13734413208695373,-1.570792144370342,0.7153299713053103,0.6599922177542816,0.7892934881628594,-0.14493340721255527,0,sac,0,-0.1373441320869535,-0.13731003996772095,2.424837366526501,1.29221225422804,1.3943940588883263,-0.45494742216452505,0.2261087830043327,2.426270030173349,1.246382768969979,1.4983842805417602,-0.25947665374114603,0.2097093511253417,-0.04754868347016511,0.042352694619068446,-0.036319555737526675,0.23599045240405095,1.9051497123136447,-7.399636398506519,-14.633456812929541,0.9466880000000766,-0.2258472591638565,-4.182424554244335e-06,3.427363832742003e-07,0.5964791774749756,-0.9977359175682068,-0.2718491554260254,0,-0.1376737234906062,-1.4255613656390351,2.9496952625887025,0.4101239221552332,-0.1376737234906062,0.2693012977156069,-4.625350008149733,-5.106375646308623,0.003662169060391786,0.000790512855717339,-0.0005750810674480706,0.04097512225980109,-0.06878208385972125,-0.10818085960015054,0.2493613303494111,0.0,0.02560219608221287,-0.2206231067022378,0.11336245153686934,-0.25815436619277365,-9.503742437593568,9.832317541962341,1.367079740517444,13.74522241580015,-1.694862663354642,7.5750452707384355,5.516499568463857,-0.25815436619277365,-9.52934463367578,10.05294064866458,1.2537172889805746,13.910732387276063,4.579999999999947
-0.4800138105353245,-0.7291945518692003,-0.9121046854041504,-0.34558057470062553,-0.8330647108513011,-0.9429828673128086,1.9844317436218262,-1.38177490234375,-1.0887293815612793,-0.4470810230221581,-0.6791659720546207,-0.8495270071480205,0,0.0,-1.5707963267948966,nan,-0.24572643095539767,-0.21252065273386386,-0.09778100890106523,-0.0002712321439752863,-1.5707917913800116,-0.24333845591232856,-0.21115250858477252,0.7147045448463538,-0.10323547610720976,0.6675085009047187,-0.49568421062196055,-0.44019641090340955,0.07805050895353105,0.006109456254194804,0.0023879750430691182,0.0013681441490913382,-0.0054544672061445365,0.0009985239620991862,-0.0003132494567322382,-0.00038870264566566014,0.0008647746145648188,8.48498434034496,-9.810558991556181,-0.21776209175694203,0.017848069190017135,-1.5707917532518452,0.7130679160856709,-0.1616048021924638,0.7893195641915359,0.967125550194907,0,sac,0,-0.017848069190017135,-0.01811930133399242,2.426894706070714,1.2917457810533652,1.394809557162372,-0.4553037327336346,0.032002719481205824,2.428531403153422,1.2691906451606834,1.4128850129566224,-0.44166412058574134,0.2017682519385391,-0.045748149494869085,0.04074891802544691,-0.034944237026250324,0.21768214640036718,2.396861987121328,-8.72790721393291,-19.30186086655794,0.9313920000000857,-0.10559023171663284,-4.5735430513893505e-06,-3.8128166401918406e-08,0.9922158718109131,-0.690887451171875,-0.5443646907806396,1,-0.09012302209302042,-3.8760111693967194,9.0,9.0,-0.09012302209302042,-0.43792148912076445,1.1011311962068155,-1.7093499437018866,-0.0008967137652224781,0.0007905389720304773,0.0038374561425076983,0.05540671618925603,-0.08921654852384799,-0.1612068108558991,0.24280122931696513,0.0,0.033411451892202626,-0.20918636519303696,0.11864727749767329,-0.1689912283761868,-25.840074462644797,30.0,30.0,49.676332455912,-3.438089680275955,7.898868803793184,10.709349943701886,-0.1689912283761868,-25.873485914537,52.152791458324515,65.15581863269927,87.37654256147756,4.589999999999947
-0.3903726534341666,-0.7833884175541753,-0.877101664067954,-0.21109033923185092,-0.8917761489241253,-0.8070956213955611,1.7800064086914062,-1.7609853744506836,1.204683542251587,-0.3569817381500586,-0.7163805058703354,-0.8020778961303204,0,0.0,-1.5707963267948966,nan,-0.23889258040812494,-0.20575957191264785,-0.09591394168220657,-0.0005648157426496603,-1.5707917815421157,-0.24370185139025574,-0.21062418618416845,0.7127263147612231,-0.10313133369166441,0.9682744019083758,-0.7197246025199916,-0.6232758420611939,-0.17629248033133038,0.009944058869919923,-0.004809270982130798,-0.004864614271520601,-0.00721739200945784,0.006689998794184792,-0.0049981508454940956,-0.004406508373041131,-0.0005977089176171183,6.949036120506101,-8.06787970124307,-0.1944055646966017,-0.10228798953297313,-1.5707913794279902,0.7110269303781237,-0.6925859830790175,0.7893194330963045,0.9668800456737213,0,sac,0,0.10228798953297336,0.10172317379032325,2.4288729346604736,1.2912972451891258,1.395209078265743,-0.4556463420791015,0.16780523203663353,2.430571623164333,1.290267814023185,1.3396377329833766,-0.6139703017668818,0.1938880835108603,-0.04396143072315662,0.03915744694810412,-0.03357947091117558,0.19433824104908948,1.7579053127741202,-5.904736928383509,-14.794827150728642,0.9144640000000945,-0.20951718091964722,-4.947366906371542e-06,-4.0211412555279935e-07,0.8900032043457031,-0.8804926872253418,0.6023417711257935,1,-0.0441409589185786,-4.5,9.0,9.0,-0.0441409589185786,-1.4130168401205323,5.210249365307307,1.970912232122918,-0.0038430255549426933,0.0007905388407327188,0.0038364820054552265,0.04684120921141445,-0.069797829008809,-0.13799621182133226,0.24075254502355684,0.0,0.025854981595784754,-0.20076006439178143,0.13034072428603874,-0.0827694710642764,-30.0,30.0,30.0,51.96159014873717,-3.086983159879468,3.789750634692693,7.029087767877082,-0.0827694710642764,-34.91241880902314,67.48740795773116,95.56039973063474,122.08695289593359,4.599999999999946
-0.35905717479958904,-0.7630643607545632,-0.8749402300937346,-0.2964262175304339,-0.7224162471553389,-0.8706173621452956,-1.2152042388916016,1.101015567779541,-1.5545310974121094,-0.3217152286204688,-0.6837056672361673,-0.7839464461640764,0,0.0,-1.5707963267948966,nan,-0.23312257167484426,-0.20005658268495832,-0.093929223287252,-0.0008467532317288917,-1.570791772114585,-0.2440497285532772,-0.21011621881723888,0.7108265585686304,-0.10303131941410015,0.8244324689388112,-0.6117885896302133,-0.5195021860759957,-0.18847041173903067,0.017419735659939064,-0.010927156878432931,-0.010059636132280558,-0.009102096126848147,0.00991372948741911,-0.007397598277398731,-0.006389711114474184,-0.001652018144426867,2.5992408392647124,-3.0288088745111117,-0.17203322811871546,-0.1714220701421385,-1.5707912030237596,0.7092182292239047,-0.8193997840726568,0.7893194330944883,0.9668800690168532,0,sac,0,0.1714220701421385,0.1705753169104094,2.4307726894115795,1.2908665021781605,1.3955927508697206,-0.4559753605429906,0.2594477175427816,2.43237988743842,1.2985880371473375,1.3127177377081432,-0.7017041646011426,0.18607441847599648,-0.042189790672338974,0.03757940683066803,-0.03222622251655115,0.17201240565047882,0.11035496482899454,-0.2912249132144067,-4.172078260923813,0.8960000000001032,-0.427173376083374,-5.123771137149902e-06,-5.690908251310134e-07,-0.6076021194458008,0.5505077838897705,-0.7772655487060547,1,-0.02105250337915855,-4.220917469476986,9.0,9.0,-0.02105250337915855,-2.259522530479191,7.311645216882657,4.653743409646794,-0.0045466907890719995,0.0007905388407308997,0.0038364820980784074,0.015452876457649659,-0.021024253847593703,-0.059530288065928416,0.2349909881736075,0.0,0.02920206328630534,-0.18799198466387287,0.1379384562939913,-0.0394759110803648,-28.13944979651324,30.0,30.0,50.91002055782383,-1.9613949389977954,1.6883547831173429,4.346256590353206,-0.0394759110803648,-28.168651859799546,48.95919111788173,79.95559709898062,97.89471082912462,4.609999999999946
-0.3606919347900947,-0.6923415679707512,-0.8993617104277484,-0.3639614547711061,-0.5508959824031271,-0.9482046710957759,-1.266855239868164,1.742197036743164,-1.9854868650436401,-0.31600076130190285,-0.6065576783329801,-0.7879271970590085,0,0.0,-1.5707963267948966,nan,-0.23107666001689847,-0.19765340375981813,-0.09478094995337613,-0.0011171474851623397,-1.5707917630915782,-0.24438234669610806,-0.20962849621815136,0.7090045830968389,-0.10293539716849798,0.31975639806099065,-0.23785298007766575,-0.1915456326052667,0.0947648911726301,0.019670768840468162,-0.013305686679209588,-0.011975092458333225,-0.008154447215121846,0.008549514617037056,-0.006505904029519565,-0.005526996156871438,-0.000468749856042343,-3.2912438987989256,3.847705227089267,-0.15553894328422813,-0.15832538964551057,-1.5707913614924496,0.7076024533588469,-0.8353357295183342,-0.49575887242873257,0.9668800690167935,0,sac,0,0.15832538964551057,0.15720824216034845,2.432594663495916,1.29045339485337,1.3959607149666178,-0.4562909081757178,0.2140024664784337,2.4339958418681182,1.2883227085055695,1.3469909507421591,-0.6645996087273526,0.17833289541597,-0.04043450781259576,0.03601593643562681,-0.030885468388215084,0.15557817974782825,-1.7275581568852165,5.771793149788507,9.10754548309558,0.876096000000111,-0.43683868646621704,-4.965302446979791e-06,-4.0159912861881253e-07,-0.633427619934082,0.871098518371582,-0.9927434325218201,1,-0.004145444645505789,-1.4355628596212533,1.737042531093959,9.0,-0.004145444645505789,-2.4869555397856815,5.833429116063807,6.336115718016297,-0.004635116265599329,-0.0004965247628015165,0.00383648209807817,-0.03460664960557915,0.050116821429503314,0.05759355342629442,0.22314207221373927,0.0,0.04275858458027482,-0.17104701454886845,0.1367735597637654,-0.007773194534981792,-9.570419064141689,5.7901417703131965,30.0,32.017475278450135,1.0513926801644282,-4.096386584969848,2.6638842819837034,-0.007773194534981792,-9.613177648721964,5.961188784862065,30.466668561453826,32.49872166548532,4.619999999999946
-0.31914797224577424,-0.5980672258875098,-0.9357911717466397,-0.2360600471571333,-0.409518541721027,-1.0086500943844223,1.8444733619689941,1.8902254104614258,-1.991897463798523,-0.27282300577839336,-0.5112565719155566,-0.7999592115853821,0,0.0,-1.5707963267948966,nan,-0.23481471441385782,-0.20023328479594815,-0.09765469511439684,-0.001376109793778113,-1.570791754467094,-0.2446999686834619,-0.209160888564425,0.7072596384584736,-0.1028435278393576,0.5457235058867792,0.3420432409605517,0.30474886898563813,0.29656144901610837,0.014294906298023474,-0.009885254269604071,-0.008927603768476844,-0.005188832724960762,0.003114489526709073,-0.0020533468960764294,-0.001650084521385267,0.0016616355222005075,-8.025359573522616,9.411204587529982,-0.15173488705515156,-0.05936530512357607,-1.570791780177134,0.706082014725845,-0.184309254544723,-0.7892957706541127,-0.9675392418529475,0,sac,0,0.05936530512357585,0.05798919532979774,2.434339606800922,1.2900577531881896,1.3963131220029656,-0.4565931148502649,0.06538694317406359,2.435516986185718,1.2652083812721073,1.4271149663289842,-0.5086298443489989,0.17066921886113015,-0.03869687556697402,0.03446818784432794,-0.029558196493594036,0.15181138130923774,-2.4847861647812444,8.864391156399645,18.74799805943454,0.8548480000001182,-0.23525136709213257,-4.546617762279936e-06,2.5710040318926985e-08,0.9222366809844971,0.9451127052307129,-0.9959487318992615,1,0.015238163950753269,1.3107569982634548,-9.0,-9.0,0.015238163950753269,-1.9648269747672575,0.2864117378343185,3.795718691932395,-0.0010226963763819016,-0.0007905151417347785,-0.003839097629069533,-0.057125771707155146,0.08754951273450935,0.14831301283973505,0.19614748211175437,0.0,0.07337831743150997,-0.13791605342545404,0.11861121143150367,0.02857334324161498,8.738379988423032,-30.0,-30.0,43.316972438733714,3.275583973030712,-9.28641173783432,-12.795718691932395,0.02857334324161498,8.665001670991522,-44.22583710218524,-37.57705862676994,58.67744944033406,4.629999999999946
-0.31114937931010944,-0.47619316319157723,-0.9840058270946955,-0.2951521934387798,-0.2324450377997121,-1.0804351377908072,-1.03853440284729,1.9951486587524414,-1.9834946393966675,-0.2589858081675672,-0.39636033176889535,-0.8190392181940473,0,0.0,-1.5707963267948966,nan,-0.24237912525607344,-0.20603187109525106,-0.09841231216412602,-0.0016237599631636623,-1.5707917462349672,-0.24500286105864583,-0.20871324637400734,0.7055909173910261,-0.10275566926751567,0.9615604495792767,0.7261518467031686,0.6246228489720562,0.08454756215711123,0.005739208471103905,-0.0026237358025723856,-0.0026813752787562817,-0.00434335710338965,0.004914498560252232,0.003465980001382215,0.0030586824686349183,0.0016684544599134864,-8.449613531524935,9.940088368281602,-0.16027463536895972,0.07380733533277284,-1.5707921803642249,0.7045229684843133,0.563089051205141,-0.7893194329945226,-0.9668787079302114,0,sac,0,-0.07380733533277262,-0.0754310952959365,2.4360083265890906,1.2896793941470586,1.3966501350127043,-0.45688212037639647,0.18818737271205002,2.437076790819247,1.2432815826364474,1.510272333136327,-0.314226644445625,0.1630891592901472,-0.03697820231138685,0.032937326456977084,-0.028245406221702248,0.1603440818329398,-1.8632597299844866,7.437675833430441,18.620538216267274,0.8323520000001253,-0.16878440976142883,-4.146430671703172e-06,4.341292578757816e-07,-0.519267201423645,0.9975743293762207,-0.9917473196983337,1,-0.0032478055207540504,2.1843769335645438,-9.0,-9.0,-0.0032478055207540504,-1.0486229341886686,-4.409707735016393,-0.30448178211281074,0.0031244721469376076,-0.0007905388406307796,-0.0038364766974245904,-0.04858801919598127,0.08163415174242845,0.16309313557107993,0.1745241496201456,0.0,0.1084578963561143,-0.10262547226149049,0.09035250943801935,-0.006090015977412433,14.562512890430291,-30.0,-30.0,44.85606780327766,3.2329998677532124,-4.590292264983607,-8.695518217887189,-0.006090015977412433,14.454054994074177,-73.97269192030005,-92.12055392605318,119.02552393683682,4.6399999999999455
-0.35504736318191593,-0.43240462831056825,-1.0409984710940172,-0.44284333092552897,-0.3448275585485503,-1.1549837590926604,-1.990768313407898,-1.5226891040802002,-1.9363148212432861,-0.28712822279471495,-0.34968735253332683,-0.8418596275677533,0,0.0,-1.5707963267948966,nan,-0.24984630222690163,-0.21166735888998361,-0.09677484086385257,-0.0018602264115337164,-1.570791738388867,-0.245291294170031,-0.2082854004075356,0.7039975545973869,-0.1026717762159797,0.9524283966482766,0.7178743859443004,0.6063333761204298,-0.1553578248737475,0.008182883851205821,0.004555008056870619,0.0033819584824480164,-0.005896935352127125,0.00932953920619502,0.007083944820022376,0.006070599901359957,7.644883528627484e-05,-5.1682454911894675,6.100364835674914,-0.16975551191401406,0.17760252655312292,-1.5707923875233483,0.7028664546962042,0.7768720065884372,-0.7893194330937312,-0.9668800690200375,0,sac,0,-0.17760252655312314,-0.17946275296465686,2.4376016881574336,1.289318121535894,1.3969719287503688,-0.4571580746148743,0.33406789726396124,2.4387337974776897,1.2317384426795275,1.5605932121256887,-0.17165372347419108,0.15559855313003487,-0.03527981137461851,0.03142453099264257,-0.02694810838314542,0.16979286095976462,-0.6490391490784999,3.17373042482424,10.520014744291723,0.8087040000001319,-0.3504270315170288,-3.939271548070167e-06,6.491344812786792e-07,-0.995384156703949,-0.7613445520401001,-0.9681574106216431,1,-0.07661821580215582,1.5894208592905612,-9.0,-9.0,-0.07661821580215582,-0.22534033995963876,-6.944212307678343,-3.5580275351649524,0.004310712383993412,-0.0007905388407301416,-0.0038364820980910422,-0.024141707507724777,0.04556290284008468,0.10804969794100175,0.16956819118578673,0.0,0.1260335149111475,-0.09024527620720917,0.06873656016593795,-0.14366813388741012,10.596139061937075,-30.0,-30.0,43.729838823766585,1.8147611992502,-2.0557876923216574,-5.441972464835048,-0.14366813388741012,10.470105547025927,-67.48013507868014,-99.01941239647483,120.28323412794748,4.649999999999945
-0.4279058929543321,-0.4524303800395927,-1.0900232790112538,-0.5736229524991645,-0.49248188349764155,-1.188072894845727,-1.8898836374282837,-1.9785817861557007,-1.5211058855056763,-0.3354782200762554,-0.35470541795110305,-0.8545782507449734,0,0.0,-1.5707963267948966,nan,-0.2544278737985987,-0.21479738586722436,-0.09603725190637705,-0.002085646267604657,-1.5707917309222952,-0.24556554231521693,-0.20787716157558697,0.7024786260863429,-0.10259180033577608,0.5612915017746962,0.43073234265111615,0.3538265809189367,-0.06576130772719124,0.013015088500707378,0.00886233148338178,0.0069202242916373835,-0.0065545484293990375,0.00992513717652823,0.007580761769264049,0.0063945927923074915,-0.00038675831101148226,0.27939856982812883,-0.3309251920517471,-0.17348252778436712,0.20881834045342829,-1.5707923583601717,0.7011445997022062,0.820295801210495,-0.7893194330943112,-0.9668800690167982,0,sac,0,-0.20881834045342806,-0.21090398672103294,2.4391206154969844,1.2889737258525593,1.3972786898242806,-0.4574211375916754,0.3609199875939241,2.4404557803748554,1.2331432316308806,1.5596591390946102,-0.13996720331257997,0.14820330275611207,-0.03360304103831573,0.029930993489247687,-0.0256673252101141,0.17347656835208594,0.6712963020345268,-2.374745092865715,-2.1365491104804994,0.7840000000001379,-0.46329265832901,-3.968434724832548e-06,6.274378767656685e-07,-0.9449418187141418,-0.9892908930778503,-0.7605529427528381,1,-0.14101587568194476,0.4165662125795959,-9.0,-9.0,-0.14101587568194476,0.19026237699273718,-8.087410767027393,-5.69193040564004,0.0045516626147261525,-0.0007905388407307225,-0.0038364820980781892,0.01347058175081118,-0.01775569300258117,0.010825840474972162,0.16925404787454296,0.0,0.1261189556850768,-0.09636436999607917,0.05877797150363785,-0.2644212932344736,2.777108083863973,-30.0,-30.0,42.518022624879656,0.22630383558685874,-0.9125892329726071,-3.30806959435996,-0.2644212932344736,2.650989128178896,-36.207238437248385,-64.02934962380567,73.60583801898692,4.659999999999945
-0.42179817958402693,-0.5039191835382569,-1.1227747520636644,-0.4095827528434166,-0.6068967905355855,-1.1882776981684853,1.5830583572387695,-1.9967259168624878,-1.1907655000686646,-0.31986474431309314,-0.3821400579677399,-0.851440514381112,0,0.0,-1.5707963267948966,nan,-0.25449477740059173,-0.21411033744083569,-0.09752903067662833,-0.002300165468471782,-1.5707917238285785,-0.24582588390264287,-0.2074883208507619,0.7010331485131167,-0.10251569013181433,0.16076759384089176,-0.019343798543292046,-0.029820770156360754,0.1567888974213033,0.011994481677837869,0.00866889349794886,0.006622016590073776,-0.004986659455186004,0.006422347640627377,0.0049161814563258854,0.004057076176806413,0.0007860292622666092,5.795613651306355,-6.888620925726745,-0.16726596225059662,0.15139861840013635,-1.5707921091383248,0.6994364297174942,0.6844649623986737,0.789287431357011,-0.34588925881347465,0,sac,0,-0.15139861840013635,-0.15369878386860814,2.4405660919522605,1.2886459841373392,1.3975706168297328,-0.457671479612205,0.24795549038655348,2.442163655783478,1.2470315375288097,1.5050309947350493,-0.2381267734210654,0.1409093764920512,-0.03194924453699871,0.02845791930358043,-0.02440409035639205,0.16721332889795446,1.8113443017618824,-7.2221556325827505,-14.41315840124434,0.7583360000001435,-0.2578757405281067,-4.217656571547934e-06,3.853097463313304e-07,0.7915291786193848,-0.9983629584312439,-0.5953827500343323,0,-0.15867444483548804,-1.403734084044336,2.46621175342641,-0.5820329484193049,-0.15867444483548804,0.09965086097335461,-4.782115029087609,-5.30198639869434,0.0037979635831886117,0.000790506789554423,-0.0013724535150515904,0.03921011298210718,-0.0669488477580455,-0.10561459227680738,0.16812326753233967,0.0,0.1283557099154117,-0.09382274295213235,0.054658372851736435,-0.2975331798902832,-9.35822722696224,8.2207058447547,-1.9401098280643496,12.609876032520264,-1.5033849450176906,7.2483267825140185,4.719953450275035,-0.2975331798902832,-9.486582936877651,8.314528587706834,-1.994768200916086,12.774751176542502,4.669999999999945
-0.35820541669973877,-0.5677867885258846,-1.1499929617140383,-0.23101989093116246,-0.6955219985011399,-1.2044293810147861,1.989762783050537,-1.7977519035339355,-1.4053075313568115,-0.26213758958425565,-0.4155109141376349,-0.8415740493261978,0,0.0,-1.5707963267948966,nan,-0.24955733401131686,-0.20928495455153515,-0.09835390670202696,-0.002503938857481458,-1.5707917171008676,-0.2460726016303684,-0.20711864918440165,0.6996600785198589,-0.10244339092876403,0.6894476947513655,-0.5184161117000402,-0.44557112229402784,0.08971752284489265,0.005793109696116021,0.0034847323809484576,0.0021663053671334975,-0.004089484226737078,0.0011648716840298844,-0.00017833747064993676,-0.000265287170156846,0.0011201537859450257,8.510175173250119,-10.147588092940403,-0.1495284180615755,0.03082078808608757,-1.5707917267871352,0.6978589215229198,-0.07775270351723584,0.7893195911616223,0.9673889156242533,0,sac,0,-0.030820788086087347,-0.033324726943568805,2.4419391608807697,1.2883346598234064,1.3978479204821832,-0.45790928137551623,0.04719169718370847,2.4437404811126844,1.2687422222924307,1.420525478756558,-0.42149944382015103,0.13372280860982613,-0.030319790058049245,0.027006527111282985,-0.023159448897347206,0.14944696760283604,2.2836411907967893,-8.685115771309434,-19.645214530591478,0.7318080000001486,-0.10313818603754044,-4.600007761368374e-06,9.686267787856195e-09,0.9948813915252686,-0.8988759517669678,-0.7026537656784058,1,-0.1287587827966298,-3.73333939553404,9.0,9.0,-0.1287587827966298,-0.5425470160792277,0.9430670078044218,-1.9672652422573198,-0.00043143470108104843,0.0007905389990422294,0.0038385011498331336,0.05300082572521288,-0.08854989596911686,-0.16311307650183826,0.1684112764477758,0.0,0.13125987954666374,-0.08649611865086378,0.06042866467579918,-0.24143780760665629,-24.888929303560268,30.0,30.0,49.18858703086075,-3.1907923794548125,8.056932992195579,10.96726524225732,-0.24143780760665629,-25.020189183106933,50.41260671217717,63.17490272543783,84.60831761037792,4.679999999999945
-0.27506737153431804,-0.6343518080619757,-1.121137315266451,-0.10879128120347666,-0.7674818471341577,-1.0634260223712764,1.8244876861572266,-1.905664324760437,1.166811466217041,-0.19378826405442756,-0.44690846100145565,-0.7898546922531695,0,0.0,-1.5707963267948966,nan,-0.2420167099807477,-0.2024014406647401,-0.09638601248880496,-0.0026971302821039433,-1.5707917107321325,-0.24630598268166148,-0.20676789742778398,0.6983583120761881,-0.10237484483694514,1.033052076850809,-0.777400508186224,-0.6532762130177366,-0.1899348121403105,0.008563288962803136,-0.004289272700913782,-0.004366456763043869,-0.005988832348140183,0.006981620762475503,-0.0052921951352099175,-0.00452402587018598,-0.0005185451260763026,7.209340767034831,-8.620243966919405,-0.12614623428381486,-0.0940676053718068,-1.570791351590364,0.6964993040676164,-0.6534149760613711,0.7893194330953135,0.9668799774308857,0,sac,0,0.0940676053718068,0.09137047508970308,2.4432409263124706,1.2880395025872975,1.3981108237504383,-0.4581347340885219,0.15075840083750472,2.445099308175955,1.2887955193207394,1.346933397984666,-0.5999266286756909,0.12664969932976036,-0.02871606074172171,0.02557804890686149,-0.021934457329940066,0.1260751948375102,1.6656012042825454,-5.984555580372181,-15.55653491257634,0.704512000000153,-0.17760948836803436,-4.975204532797761e-06,-3.591417687687226e-07,0.9122438430786133,-0.9528321623802185,0.5834057331085205,1,-0.08078957653909355,-4.5,9.0,9.0,-0.08078957653909355,-1.4682972652788597,5.121600395124375,1.7743066336983353,-0.003625673219406789,0.0007905388407317263,0.0038364817346745726,0.04476891561911149,-0.07034809912962293,-0.14364143753468914,0.1634093988312575,0.0,0.11855998656507441,-0.08468982331923068,0.0739851001096832,-0.1514899241310586,-30.0,30.0,30.0,51.96174505534926,-3.03170273472114,3.878399604875625,7.225693366301664,-0.1514899241310586,-34.06244432451587,66.72754721695284,96.44623094570659,122.12581252045409,4.689999999999944
-0.2297955092200164,-0.6138145674431661,-1.1131933044274767,-0.13925178459141313,-0.572740086205547,-1.0973052827495278,-0.3255687952041626,0.6184320449829102,-1.3045337200164795,-0.1554667729897829,-0.4152725627163658,-0.7531242509507576,0,0.0,-1.5707963267948966,nan,-0.23535029382835462,-0.19637581897741424,-0.09391088416513918,-0.002879912691811759,-1.5707917047151572,-0.2465263189370084,-0.20643579625758493,0.6971266838196946,-0.10230999071823077,0.9254888240681837,-0.6886752407740004,-0.5693520517126821,-0.2410274204951407,0.017223578925327814,-0.011176025108653787,-0.01005997728017069,-0.00839910655309159,0.010757539958460391,-0.00810495354207488,-0.006799662983284909,-0.0019490965477432978,3.043615543955926,-3.6476253398408445,-0.1037331840737829,-0.17022048919408794,-1.5707911617775137,0.6953719142491221,-0.8037481640521937,0.7893194330944605,0.9668800690172502,0,sac,0,0.17022048919408794,0.1673405765022764,2.4444725536092733,1.2877602481993808,1.3983595619898448,-0.4583480395802133,0.25147063834624644,2.4462262155133687,1.2963574071465176,1.3187332291810532,-0.6967177998302417,0.11969621482049281,-0.027139454681135287,0.024173730003679093,-0.02073018357271774,0.1037075211941671,0.044529770186516826,-0.44543697813012995,-5.151567347114295,0.6765440000001571,-0.41329121589660645,-5.165017382680048e-06,-5.429376432886102e-07,-0.1627843976020813,0.3092160224914551,-0.6522668600082397,1,-0.03871956947222893,-4.121267603787892,9.0,9.0,-0.03871956947222893,-2.2753549048707145,7.270418518538227,4.527151845485442,-0.004459842979291781,0.000790538840730872,0.0038364820980799825,0.013963514153733772,-0.022365709632168374,-0.06722166298281083,0.1604786712664006,0.0,0.11558752396449126,-0.07547308275483071,0.08183362398592714,-0.0726037304935851,-27.475117358585948,30.0,30.0,50.54589345505481,-1.8459126989171777,1.7295814814617732,4.472848154514558,-0.0726037304935851,-27.59070488255044,49.14443905703755,83.16303144568631,100.46152475791298,4.699999999999944
-0.22218886146687278,-0.541265205636994,-1.1295902344638797,-0.20697556596058553,-0.39616648202464966,-1.162384094536686,-1.057678461074829,1.82183837890625,-1.9798625707626343,-0.14397838223056925,-0.350739853252859,-0.7319744719327754,0,0.0,-1.5707963267948966,nan,-0.23235207544890693,-0.19350552725791534,-0.09412382175989562,-0.003052468235950734,-1.570791699042532,-0.24673390720207702,-0.20612205610543682,0.6959639663964573,-0.10224876415195919,0.4109539894652552,-0.3205806644516307,-0.25565515673507955,0.027416416102801766,0.02078529705371528,-0.014381831753170093,-0.012616528847521485,-0.008124942392063572,0.009832075411937615,-0.007527184554706371,-0.006226456267683358,-0.0011146487931383122,-2.7137869576971365,3.2585033305212248,-0.0875016086526963,-0.16515944154282236,-1.5707913025362081,0.6944360178242409,-0.8221731725972832,-0.43443936731206173,0.9668800690167978,0,sac,0,0.16515944154282236,0.16210697330687163,2.445635270124514,1.28749661837433,1.3985943830754772,-0.4585494104158752,0.21660764502472543,2.447162239588658,1.285481931057867,1.3513406397746237,-0.6699248229559503,0.11286858719899304,-0.025591384922277416,0.022794829033959043,-0.019547706965816584,0.08753619123488968,-1.7903925105157426,5.60834919771046,8.058532050913618,0.6480000000001606,-0.46589672565460205,-5.02425868820211e-06,-3.9650632377430384e-07,-0.5288392305374146,0.910919189453125,-0.9899312853813171,1,0.004229517660384226,-1.3333705173981443,2.035218340247554,9.0,0.004229517660384226,-2.4674479044624973,5.914620705443097,6.261747431569183,-0.004562079785145153,-0.000435110526110194,0.0038364820980781875,-0.035883599361700436,0.04853579828172883,0.04912831112817269,0.1579629546006782,0.0,0.11912170788483592,-0.06382906673604868,0.08178119573826725,0.0079308412908011,-8.889136782654296,6.784061134158514,30.0,32.0162505785887,1.134077387064353,-3.879402365195543,2.738252568430817,0.0079308412908011,-9.008258490539133,6.847890200894563,35.12739612939744,36.90496366297802,4.709999999999944
-0.17435381883377113,-0.4446936809942593,-1.157607778071032,-0.07868373356756783,-0.2515506317087901,-1.2136428652853368,1.8679931163787842,1.942823886871338,-1.991434097290039,-0.10792082936648088,-0.27525471588717554,-0.7165314320394848,0,0.0,-1.5707963267948966,nan,-0.23511943810219546,-0.1954733526497815,-0.09662055160652072,-0.003214988361617044,-1.5707916937066542,-0.2469290494511197,-0.2058263670913739,0.6948688698015744,-0.10219109740085916,0.4273728729381045,0.2572220404245845,0.22635144059290901,0.25543965977251337,0.01666381735039372,-0.011809611348924248,-0.010353014441592395,-0.0055705457943384384,0.004329742726120029,-0.003297473291555192,-0.0026372935400362403,0.0009581360809157455,-7.378590220785085,8.874948018610334,-0.08467338288287828,-0.07449258621643584,-1.5707917119958243,0.6935895919454356,-0.1325832426760412,-0.789167153462074,-0.9694897632734166,0,sac,0,0.07449258621643562,0.0712775978548188,2.446730365862435,1.287248320621595,1.3988155475353259,-0.4587390700113006,0.07711581264092994,2.4480093332017487,1.2616156751666083,1.4300604729225022,-0.5244043951558905,0.10617311453056251,-0.02407327946400406,0.02144261794878493,-0.018388118270962418,0.08474621893286403,-2.5687665037236975,8.740383537823563,17.713206392933962,0.6189760000001638,-0.2859370708465576,-4.614799072211184e-06,1.8289170178320546e-08,0.9339965581893921,0.971411943435669,-0.9957170486450195,1,0.0469322905571791,1.4800529977565786,-9.0,-9.0,0.0469322905571791,-1.9086350753735166,0.3780409588564417,3.7551042443899125,-0.0007356787492233489,-0.000790386325843988,-0.0038468371003352476,-0.05881570685081053,0.08630872683753471,0.13986285882580102,0.15616013214390545,0.0,0.13527959323159344,-0.03963162323462286,0.06719191146325225,0.08800354501627433,9.867019985043857,-30.0,-30.0,43.558762930197986,3.388688073130095,-9.378040958856442,-12.755104244389912,0.08800354501627433,9.731740391812263,-43.05708812333916,-32.146134705395156,54.607703942172584,4.719999999999944
-0.1613786093628726,-0.3199226008210695,-1.1972555054971832,-0.1354281904210755,-0.07038044047468994,-1.2765509603494856,-0.7836889028549194,1.9993462562561035,-1.9952263832092285,-0.09514366396487689,-0.18861612792092947,-0.7058635338651622,0,0.0,-1.5707963267948966,nan,-0.24175762968674258,-0.20062500309839457,-0.097467921483014,-0.003367673911532254,-1.5707916886997166,-0.24711205308525142,-0.2055483989609503,0.6938400407196559,-0.10213691937698208,0.8483100730609682,0.6455187950415414,0.5429618579036649,0.09015479003703641,0.008643449432015452,-0.005354423398508834,-0.004923395862555746,-0.004668997893968074,0.0030660671208517488,0.0021014238314874863,0.0018582611211402766,0.001237598915514661,-7.8255538905129525,9.429802685671332,-0.09504675207534248,0.05060094738258769,-1.570792112771955,0.6926908522879996,0.601273843546944,-0.7893194310282565,-0.9668752543170727,0,sac,0,-0.05060094738258769,-0.053968621294119945,2.447759194137685,1.2870150480958706,1.3990233286834877,-0.4589172527470097,0.17108153863824646,2.448908807183081,1.2387847231455267,1.5121820748521437,-0.3400202167309779,0.09961616082882065,-0.022586581258036573,0.02011838201809788,-0.01725251967146812,0.09511340911728074,-1.9538228744352162,7.3451033044761695,17.645278112646732,0.5895680000001662,-0.19082406163215637,-4.214022941262385e-06,4.240722386583684e-07,-0.3918444514274597,0.9996731281280518,-0.9976131916046143,1,0.03637535403691921,2.4364998221322813,-9.0,-9.0,0.03637535403691921,-0.9471686686638906,-4.35649839289884,-0.32482828559497745,0.0033363521681406745,-0.000790538838661476,-0.00383646299383776,-0.05053609547438094,0.08071591298858034,0.15506564312558135,0.16127261440797644,0.0,0.15448302265500619,-0.013726479229230815,0.04422030797412187,0.06820805182246242,16.243332147548543,-30.0,-30.0,45.42962130145834,3.383668490796172,-4.64350160710116,-8.675171714405023,0.06820805182246242,16.088849124893535,-72.98843412258708,-86.35128685300424,114.20469331572576,4.729999999999944
-0.21529725996569077,-0.24024868716428688,-1.246431405199245,-0.3231345611713271,-0.08090085985072162,-1.3447832046033683,-1.9887388944625854,-0.17425334453582764,-1.9502390623092651,-0.12053890753154745,-0.13450851298008404,-0.6978420436919214,0,0.0,-1.5707963267948966,nan,-0.24836654293170926,-0.20568411468482667,-0.0962024100208162,-0.0035107352219172494,-1.5707916840137062,-0.24728323120494958,-0.20528780102583197,0.6928760618653668,-0.10208615560764561,0.8439156053427529,0.6437735125268518,0.5319709521550448,-0.12147476928613399,0.005995756077774964,0.0010833117267596837,0.0003963136589947014,-0.005883745586829414,0.00742373655497414,0.005682714897065436,0.004776859279524766,1.5207233410902306e-05,-4.622824250214197,5.582042438514236,-0.10655792251170751,0.14674391124525754,-1.570792324648533,0.6916757748197344,0.7943803853095175,-0.7893194330811331,-0.9668800690284483,0,sac,0,-0.14674391124525776,-0.1502546464671748,2.44872317223478,1.2867964794475726,1.3992180127533522,-0.45908420408246187,0.30610663893645507,2.4499243559396104,1.2264941869674506,1.5616276543626673,-0.2067222152793614,0.09320415605572507,-0.021132748208966275,0.018823419830700655,-0.016142024772237137,0.10659266508454775,-0.7075577613274006,3.085135613753077,9.625314953852913,0.5598720000001682,-0.28699958324432373,-4.002146363646375e-06,6.406348269649698e-07,-0.9943694472312927,-0.08712667226791382,-0.9751195311546326,1,-0.04827817642021726,1.8476159895368103,-9.0,-9.0,-0.04827817642021726,-0.07973248899482833,-6.918227296385472,-3.5667932761105403,0.004407862988387105,-0.0007905388407175239,-0.0038364820981244153,-0.025588808228664328,0.04474842946014944,0.100659666873958,0.16456449382393928,0.0,0.16251626988753207,-0.002615557685861622,0.025750602077701426,-0.09052723874032864,12.317439930245403,-30.0,-30.0,44.178360331910895,1.9273484785316386,-2.0817727036145284,-5.43320672388946,-0.09052723874032864,12.15492366035787,-66.76142041288992,-93.15843019805831,115.25333286670377,4.739999999999943
-0.29207240872680706,-0.23868206321975255,-1.2901731573651734,-0.44562270624903966,-0.23554881533068392,-1.3776566616970305,-1.8097344636917114,-1.9578142166137695,-1.743757963180542,-0.15479370346671767,-0.12649767459349784,-0.6837711306332429,0,0.0,-1.5707963267948966,nan,-0.25207681860516046,-0.208290087397818,-0.09572012317027262,-0.0036443922203692747,-1.570791679640393,-0.2474429028961016,-0.20504420210760216,0.6919754513239267,-0.1020387282013829,0.45733958779947526,0.3550603982299172,0.2849571631221154,-0.043485944428087175,0.008481374632397412,0.004633915709058856,0.0032458852902158553,-0.006318605031110286,0.00797456499629042,0.006144670571287043,0.005075304578286059,-0.0002792738585116099,0.7245665120400071,-0.8768551887358479,-0.11207990567279338,0.1707319413438939,-1.5707922987379463,0.6905766180526293,0.8312673244839871,-0.7893194330920669,-0.9668800690168139,0,sac,0,-0.1707319413438939,-0.17437633356426296,2.4496237820676035,1.2865922786733046,1.399399899030792,-0.4592401806702748,0.32433562589719445,2.4510236099777347,1.2276992594043983,1.559666335102775,-0.18349043822592703,0.08694359612155267,-0.01971325317425016,0.017559043294253788,-0.015057758599760176,0.11207077961350786,0.6819088926518957,-2.490856056409926,-2.946432590496417,0.5299840000001697,-0.3403601348400116,-4.028056950211578e-06,6.190975536668475e-07,-0.9048672318458557,-0.9789071083068848,-0.871878981590271,1,-0.1330309145301,0.596629281522789,-9.0,-9.0,-0.1330309145301,0.3600072371093317,-8.075279957818406,-5.682622260835806,0.004612541473592501,-0.0007905388407284747,-0.0038364820980782512,0.013345961542631108,-0.01877782730942711,-0.007589183573774149,0.1583946710479589,0.0,0.1572905820924711,-0.00626626949470159,0.017586314793682528,-0.2494485552786424,3.9775285434852603,-30.0,-30.0,42.61317821866811,0.23662204441345736,-0.924720042181594,-3.3173777391641943,-0.2494485552786424,3.820237961392789,-35.52342469910023,-58.19601893523087,68.28870159056908,4.749999999999943
-0.28975374563419914,-0.2768237078616211,-1.3261477581730952,-0.2851164194489833,-0.3531069971453581,-1.398096959788939,1.9543037414550781,-1.9933054447174072,-1.6832846403121948,-0.14487687281714898,-0.13841185393085775,-0.6630738790867737,0,0.0,-1.5707963267948966,nan,-0.25129010987286704,-0.20717525019702734,-0.09697101986801568,-0.0037688745237356436,-1.5707916755713294,-0.24759139352882317,-0.2048172104845571,0.6911366618916407,-0.10199455581390082,0.18275862654749683,-0.09351993650149881,-0.08878455777455996,0.12950690852251423,0.00666909043864935,0.0036987163440438675,0.0023580397124702557,-0.005023535945885144,0.004499080681629341,0.003466844894167667,0.002786707187877678,0.0006760003762016735,5.9708536564524675,-7.242118015229848,-0.1069545904217372,0.10770242908930272,-1.5707920456713464,0.6894765604077963,0.681467993242886,0.7893279467185269,0.02200274533969815,0,sac,0,-0.1077024290893025,-0.11147130361303859,2.4504625708388756,1.2864020949663333,1.3995692999873492,-0.45938545047043755,0.2057259852817114,2.4521233325822838,1.2421882419027217,1.5039691568799307,-0.2877281524355435,0.08084104288491983,-0.018329583964215482,0.016326577635279723,-0.01400085760211875,0.10689936497315422,1.901839117209278,-7.298297098276967,-14.782584877019193,0.5000000000001705,-0.14174197614192963,-4.281123549887411e-06,3.70100017299535e-07,0.9771518707275391,-0.9966527223587036,-0.8416423201560974,0,-0.17233062837724816,-1.3620613978079732,2.781379968908125,1.1302224386668163,-0.17233062837724816,0.258756175578485,-4.6725360856778515,-4.965987114170346,0.0037813339814720646,0.0007905473675075072,8.730466301799286e-05,0.04083286016502412,-0.06788810579795636,-0.1098547826396937,0.1545651396232549,0.0,0.153726820690495,-0.005354587208063005,0.015158343675347106,-0.32314012446511936,-9.080409318719822,9.271266563027083,3.7674081288893877,13.516952342442396,-1.6208175733864583,7.453916054585976,6.096209552837163,-0.32314012446511936,-9.234136139410317,9.276621150235146,3.7522497852140404,13.620160358704734,4.759999999999943
-0.2309431483877595,-0.33459607939516745,-1.3392216124046807,-0.11332195389488026,-0.45014082246226017,-1.3653693208678521,1.9935088157653809,-1.6401317119598389,-0.9640083312988281,-0.10854697483266064,-0.1572655108530562,-0.6294555853762273,0,0.0,-1.5707963267948966,nan,-0.24600668101150297,-0.20241645195216154,-0.09716058222815363,-0.0038844215359898904,-1.5707916717978392,-0.2477290350682433,-0.2046064138412055,0.6903580804164018,-0.10195355361404262,0.7079935230915644,-0.5421070400784184,-0.45480016015142233,0.023056455999614922,0.0055439166009406664,-0.0017223540567403162,-0.0021899618890439676,-0.004792971385888994,0.001851807460105844,-0.00130051524452401,-0.0011721217573273616,0.0006033088380457642,8.20975774608906,-9.977536501464341,-0.08946228683811955,-0.012500486019395352,-1.5707916549443894,0.6885007346270404,-0.12613569254124404,0.7893193910362377,0.9669561809646936,0,sac,0,0.012500486019395574,0.008616064483405239,2.4512411516996533,1.286225562567056,1.3997265414134268,-0.45952029286452933,0.03078171930997997,2.453098453321354,1.2650491736488045,1.4197134399967493,-0.4693258582111761,0.07490312415275709,-0.01698324334205401,0.015127361399157645,-0.012972469648980746,0.08938189126878654,2.406116946247581,-8.587621384367985,-19.1024707329008,0.4700160000001709,-0.09634904563426971,-4.671850507342867e-06,-1.6853449746889737e-08,0.9967544078826904,-0.8200658559799194,-0.48200416564941406,1,-0.1557310076338675,-3.8283399872976354,9.0,9.0,-0.1557310076338675,-0.42884938862846916,1.0481958731341028,-1.5225701006861352,-0.0006999025415896856,0.000790538798607674,0.003836784102571722,0.055575598982058216,-0.08797267636005641,-0.16014297527606944,0.14824866847686854,0.0,0.14674385172099824,-0.003926879133947181,0.020699983273363393,-0.2920138901816379,-25.522266581984237,30.0,30.0,49.512335468991246,-3.3994905986691664,7.951804126865897,10.522570100686135,-0.2920138901816379,-25.669010433705235,51.08728180760814,66.94166394293131,88.03453925986123,4.769999999999943
-0.1526091997908463,-0.4012558533939724,-1.301878875570622,0.004058697402979997,-0.5345754013915823,-1.2271934019025048,1.9179558753967285,-1.9112852811813354,1.0257716178894043,-0.06716758188557166,-0.17660393624265078,-0.572993345747369,0,0.0,-1.5707963267948966,nan,-0.23883177735945998,-0.19620828984739658,-0.09491689729939157,-0.003991282546109476,-1.5707916683110112,-0.24785616639635366,-0.20441137922020228,0.689638027138216,-0.10191563324975586,0.9713022922924093,-0.730203498015336,-0.6013127483761732,-0.22057645644752988,0.014061030461895961,-0.009024389036893676,-0.0082030893728057,-0.006998735950364293,0.007535012995709363,-0.005724901077740243,-0.004781703105451609,-0.0010664163853354924,6.57370733751936,-8.001607754392884,-0.06632641219073011,-0.1306040923385805,-1.5707912800875572,0.687739597848752,-0.6809274768720699,0.7893194330939534,0.966880064825107,0,sac,0,0.13060409233858028,0.12661280979247103,2.451961204408802,1.286062300613474,1.399871962551476,-0.4596449987699339,0.18568192333957886,2.453858819216438,1.2862218356821467,1.3480357234519493,-0.6379345233576271,0.06913653368032682,-0.015675749023826048,0.013962746450127099,-0.011973754031603528,0.06626040717070673,1.766466635053417,-5.7408788148449394,-14.330056177428416,0.4401280000001707,-0.2892684042453766,-5.046707339140255e-06,-3.8822345427291793e-07,0.9589779376983643,-0.9556426405906677,0.5128858089447021,1,-0.10354095810945291,-4.5,9.0,9.0,-0.10354095810945291,-1.3966742543814163,5.178905335425215,2.113865799366154,-0.00377833476075917,0.000790538840730364,0.003836482081445983,0.04703871673488639,-0.06827442083551688,-0.13456539186688785,0.13425019571027605,0.0,0.1305035388938684,-0.0065321292696180824,0.030810268931461746,-0.19415143091965667,-30.0,30.0,30.0,51.961886943972004,-3.1033257456185837,3.821094664574785,6.886134200633846,-0.19415143091965667,-34.67437877241913,66.0221146821523,95.59028688667428,121.23849558705058,4.7799999999999425
-0.10884589579677101,-0.38232630470932655,-1.2958835484302242,-0.021319287808620413,-0.3444672073400348,-1.2838928941494283,-0.17821907997131348,0.8308796882629395,-1.634438395500183,-0.044673838703678824,-0.15691894989452332,-0.5318720765495341,0,0.0,-1.5707963267948966,nan,-0.2330104878440728,-0.1912174559142456,-0.09294490724257212,-0.00408971682594883,-1.5707916651016953,-0.24797313364398132,-0.20423165297640056,0.6889747550297252,-0.10188070281406716,0.7884278696102915,-0.5938256763014849,-0.4811107689349253,-0.1937059621130749,0.021750828421043488,-0.014962645799908525,-0.013014197062154953,-0.008935795571495042,0.010246629377453903,-0.0077617012570127195,-0.006383908425222049,-0.0019987797312779323,2.252893312472505,-2.745254607477454,-0.04460054111731913,-0.1958614847489737,-1.5707911126831795,0.6872051028101253,-0.8152967741259406,0.789319433094429,0.9668800690167666,0,sac,0,0.1958614847489737,0.19177176792302486,2.452624475992478,1.2859119129916643,1.4000059162291838,-0.45975987075405467,0.2717435540222228,2.4543928954112486,1.294621923079372,1.3227029141394213,-0.7201246407164484,0.06354803117122085,-0.014408633678459877,0.012834097971287468,-0.011005881462833492,0.044582298555134604,0.11933358960853224,-0.14096566350946538,-3.572963223743399,0.41043200000017,-0.5439724326133728,-5.214111717055658e-06,-5.524185158201078e-07,-0.08910953998565674,0.4154398441314697,-0.8172191977500916,1,-0.043333496227601895,-4.156223596561517,9.0,9.0,-0.043333496227601895,-2.2353926233712698,7.295842286895852,4.746270329025007,-0.004523923981104973,0.0007905388407308404,0.0038364820980780635,0.015621828505786025,-0.01955902131039768,-0.05482195684215552,0.12752455798106002,0.0,0.12215767953360246,-0.003913925104841169,0.03639636533369939,-0.08125538388824657,-27.70815731041012,30.0,30.0,50.67295712681316,-1.9208309731902475,1.7041577131041477,4.253729670974993,-0.08125538388824657,-27.830314989943723,47.25827136415934,78.52820134449215,95.78390080596279,4.789999999999942
-0.11039234541268922,-0.3132283078559813,-1.3095163525496845,-0.11348524464452563,-0.17503231414929085,-1.336781960788605,-1.2470109462738037,1.9088044166564941,-1.9872511625289917,-0.04206213301854312,-0.11934750277257027,-0.49895715871411184,0,0.0,-1.5707963267948966,nan,-0.2310784157457173,-0.18949493648386723,-0.0941597179685138,-0.004179993728115727,-1.5707916621604916,-0.24808029053186467,-0.2040667607326886,0.6883664491367157,-0.10184866681105523,0.28529430552433666,-0.20392289862388446,-0.15576271866664104,0.12468467289536156,0.023675340387956222,-0.01700187478614737,-0.014571824248821363,-0.0076889488425414265,0.00840972587504387,-0.006522409593319421,-0.00528500323694627,-0.0005004030134048284,-3.483771816528168,4.248165158675972,-0.029870837179135988,-0.1782258418795648,-1.5707912927392331,0.686850830309112,-0.8320961388622821,-0.5650907792278264,0.9668800690167921,0,sac,0,0.17822584187956458,0.17404584815144908,2.4532327814036163,1.2857739881862507,1.4001287689926625,-0.4598652231485317,0.22142259084494156,2.4547473810321203,1.2845775841824396,1.3580014632245565,-0.6772347896720722,0.05814444227736923,-0.013183444927753748,0.01174279446459977,-0.010070034077107602,0.029912592077496258,-1.6911951441601005,5.8250718260728584,9.627834400857028,0.38102400000016867,-0.49753567576408386,-5.034055663433179e-06,-3.694212584726131e-07,-0.6235054731369019,0.9544022083282471,-0.9936255812644958,0,0.022753729152287457,-1.3923489874257078,1.2833585742929803,8.45575468441372,0.022753729152287457,-2.4558538988079976,5.676718411283551,6.284004684957823,-0.004617140404142512,-0.0005659637794132578,0.003836482098078165,-0.03402313061649405,0.05089840497629652,0.062163820344237605,0.12213743794981956,0.0,0.1165295966636617,-0.0006692814716098144,0.03657812068248052,0.042665908779837725,-9.282326582838053,4.277861914309934,28.185848948045734,29.981754295741073,1.0635049113822899,-4.393359836990571,2.171749999455896,0.042665908779837725,-9.398856179501715,4.278531195781544,28.149270827363253,29.9837888727934,4.799999999999942
-0.06608973027871085,-0.220431812116157,-1.3329404769625643,0.022515499989245916,-0.034838820636508394,-1.3797887257883243,1.9749164581298828,1.977752447128296,-1.9971857070922852,-0.02326358505811724,-0.07759199786492403,-0.469195047891045,0,0.0,-1.5707963267948966,nan,-0.2349935588642977,-0.1925936179452721,-0.09751491913745394,-0.004262392783848101,-1.5707916594777445,-0.24817799871974225,-0.20391620733725369,0.6878112259186375,-0.10181942612182765,0.6048535632396533,0.3817434930702829,0.32492348568397833,0.33844418581677194,0.01790416893407148,-0.01318443985544454,-0.01132258939198158,-0.004304506984373707,0.002959661659435444,-0.001800130421424486,-0.0013547811159380033,0.0019192956343648693,-7.99908576153973,9.759913820376086,-0.029395586390813404,-0.07599083178655741,-1.5707917328207588,0.6865661809052745,-0.18902033590601766,-0.7893868373395617,-0.964891173896343,0,sac,0,0.07599083178655741,0.07172843900270909,2.4537880041814164,1.285648099130873,1.400240901239639,-0.45996138216345794,0.07280982306727803,2.4550327648055625,1.2620924530365702,1.437750737960977,-0.5177356376090751,0.05293265859900467,-0.01200174534636783,0.01069022775087946,-0.009167405430447223,0.029473390725023467,-2.406445205879394,8.772981154078717,18.985620169118697,0.3520000000001668,-0.31113120913505554,-4.593974137989676e-06,7.334301432848633e-08,0.9874582290649414,0.988876223564148,-0.9985928535461426,1,0.08276554451218754,1.2755219882750992,-9.0,-9.0,0.08276554451218754,-1.9407474127233761,0.13495585542503558,3.6856718622080895,-0.0010488372549229043,-0.0007906063491077705,-0.0038285903638609967,-0.05560750975566923,0.08691594271457066,0.15070176830630957,0.12261244596048518,0.0,0.1191056126423197,0.011217878439508187,0.026866785159877456,0.15519509565383,8.503479921833994,-30.0,-30.0,43.27046632864902,3.2162694009984754,-9.134955855425035,-12.685671862208089,0.15519509565383,8.384374309191674,-45.26931529842558,-39.72920719488066,60.81153369219012,4.809999999999942
-0.07156990345280864,-0.10420747497362148,-1.3647851271198672,-0.08253024980100424,0.12824119931144956,-1.428474427434473,-1.2880070209503174,1.9997036457061768,-1.9871784448623657,-0.023149714691243432,-0.033706533025084834,-0.44144793807790805,0,0.0,-1.5707963267948966,nan,-0.24271729493034805,-0.1987776957580434,-0.09871440031301643,-0.0043372038008919755,-1.5707916570435354,-0.24826662816229822,-0.20377947682188818,0.687307132589127,-0.10179287797049799,0.9987523165608719,0.763510662349437,0.6320808328136807,0.12260293268921418,0.008080218921383001,-0.005549333231950171,-0.0050017810638447735,-0.0030784776574815653,0.005511976969917628,0.0038831114815224867,0.0033048356355595172,0.0020931786261345394,-8.313282773982909,10.150749585389738,-0.042162791118592016,0.058592809083482855,-1.5707921458869651,0.6862061336748787,0.5494609509929933,-0.7893194324913383,-0.9668837950185787,0,sac,0,-0.058592809083482855,-0.06293001288437505,2.454292097110816,1.2855338030586618,1.4003427073526422,-0.4600486860015939,0.187368430999446,2.455393583976173,1.2410637634499453,1.5194827866465304,-0.32244863969010157,0.04791963768470963,-0.010865112461834869,0.009677802969805954,-0.008299200500466283,0.04223258478637805,-1.7698485716786885,7.270567385698906,18.621251628129755,0.32345600000016433,-0.19389864802360535,-4.1809079314170106e-06,4.888434297356525e-07,-0.6440035104751587,0.9998518228530884,-0.9935892224311829,1,0.07366951782540801,2.076939031742623,-9.0,-9.0,0.07366951782540801,-1.0485783519872645,-4.4937057882242515,-0.39557371763776406,0.0030488524568772213,-0.0007905388401268181,-0.003836496882475537,-0.046621375392831545,0.08016268428902552,0.16342368524670986,0.12435108849032045,0.0,0.12165682924451757,0.022179143797637045,0.013072669478784354,0.13813897960886556,13.846260211617489,-30.0,-30.0,44.628892034482654,3.1255173837298873,-4.5062942117757485,-8.604426282362237,0.13813897960886556,13.72460338237297,-73.8890431150916,-92.9845706495478,119.55795620420142,4.819999999999942
-0.1393669692771468,-0.039184327845086145,-1.3992359229454232,-0.27496110092582315,0.09086196641198452,-1.468137514596535,-1.9816604852676392,-0.24066030979156494,-1.8199156522750854,-0.041181267017788036,-0.011578498666295135,-0.4134574243995229,0,0.0,-1.5707963267948966,nan,-0.2502559628881754,-0.20474366310225345,-0.09742481277526682,-0.004404726961372507,-1.5707916548476748,-0.24834655747074538,-0.20365603236090474,0.6868521464565163,-0.10176891589015988,0.9711618102635415,0.7458738649380209,0.6089411805193484,-0.126562545741149,0.004868264737096933,0.0019094054174300379,0.0010876307413487107,-0.004344103114893055,0.009816226279636799,0.007547874565348247,0.006251766731201199,0.0005507273894105767,-5.034356809655872,6.153348477181374,-0.05569423156672262,0.16236863056816775,-1.5707923585267867,0.6857085076548817,0.7677427247805437,-0.7893194330894296,-0.9668800690074392,0,sac,0,-0.16236863056816775,-0.16677335752954026,2.454747082881985,1.2854306413527072,1.4004345958321924,-0.46012748497258427,0.3303155933972798,2.4558917051761187,1.230413357588861,1.56797933441179,-0.18082667913281666,0.043112403031387,-0.009775138754553558,0.008706938579916697,-0.0074666356863661906,0.0557313532708034,-0.5647632478175378,2.9861186279717815,10.371729014764174,0.2954880000001613,-0.3049710690975189,-3.96826810966644e-06,7.036791118686381e-07,-0.9908302426338196,-0.12033015489578247,-0.9099578261375427,1,-0.02106669294415154,1.4667204396865836,-9.0,-9.0,-0.02106669294415154,-0.25601418107608015,-6.983103433208524,-3.619179023526161,0.004260055766413548,-0.0007905388407258334,-0.003836482098041053,-0.02229106946547802,0.043811834916086104,0.10703868546567898,0.11974751882635838,0.0,0.1172196249432739,0.024328159167464496,0.00267739887759882,-0.03950251817767024,9.778136264577224,-30.0,-30.0,43.53864386102974,1.7227346207626637,-2.016896566791476,-5.380820976473839,-0.03950251817767024,9.66091663963395,-66.68795677775024,-98.72523282327154,119.52945262974794,4.8299999999999415
-0.2264599301295171,-0.04769171564052077,-1.422650131913034,-0.40064585183425766,-0.06470649123139002,-1.4694785498482557,-1.9293248653411865,-1.9568551778793335,-1.4857892990112305,-0.060734741581331145,-0.012790536601070065,-0.3815433841782447,0,0.0,-1.5707963267948966,nan,-0.25477568193527284,-0.20818644502722305,-0.09687292601243538,-0.004465272919673913,-1.570791652879695,-0.24841817427873772,-0.20354531623021455,0.6864441742643541,-0.10174742968885822,0.5717891807019496,0.44481022391050784,0.35534980556597984,-0.05304005615297813,0.009258442968706133,0.006357507656535116,0.004641128797008509,-0.004874503676422837,0.010310719991715768,0.007983188559522467,0.006525294183671475,1.3527276889123765e-05,0.34491888078463484,-0.42208217683247573,-0.06291878775338348,0.19269689307153048,-1.570792329419547,0.685108759227731,0.8132090633029427,-0.7893194330934891,-0.9668800690167739,0,sac,0,-0.19269689307153026,-0.1971621659912044,2.4551550547498047,1.2853381393965302,1.4005169894299896,-0.46019814160717454,0.35413855573430475,2.4564915760126325,1.232550029293175,1.5651883754070552,-0.1511527073412699,0.038518044084265256,-0.008733431657789696,0.00777906635860821,-0.006670938808936731,0.06291213939583663,0.7366567351573644,-2.557094827322862,-2.3655277988087304,0.26819200000015764,-0.3904642164707184,-3.9973753498401265e-06,6.765398516961341e-07,-0.9646624326705933,-0.9784275889396667,-0.7428946495056152,1,-0.11975561791257909,0.3036745952760883,-9.0,-9.0,-0.11975561791257909,0.13341453815677146,-8.103494473475008,-5.7291233746868535,0.004512339677870242,-0.000790538840729899,-0.0038364820980780925,0.014938901187786196,-0.01948998853796224,0.009064391701750964,0.10756127342625453,0.0,0.10587529637179095,0.01892365941368668,-0.0013207095281352367,-0.2245558183247311,2.0244973018405887,-30.0,-30.0,42.475275333312474,0.17026005711931685,-0.8965055265249919,-3.2708766253131465,-0.2245558183247311,1.918622005468798,-35.11551795634011,-62.94913206300306,72.10703408505205,4.839999999999941
-0.2333621308154109,-0.09595560563197611,-1.4418676773336823,-0.24716653218719853,-0.1924833856148868,-1.480302768174979,1.9212961196899414,-1.9978042840957642,-1.6332348585128784,-0.056395225981411265,-0.023189015479460597,-0.3484475103753882,0,0.0,-1.5707963267948966,nan,-0.25465308615182497,-0.20782443973905398,-0.09828772718251852,-0.004519162900315177,-1.5707916511288411,-0.24848187561124463,-0.2034467497660696,0.6860810515319334,-0.10172830541555491,0.1469778488959233,-0.01862971159547755,-0.026343882402413143,0.14339254433864412,0.008311774035269589,0.006171210540580341,0.004377689972984378,-0.0034405782330363954,0.006724318194151699,0.00518874415871003,0.004167194792337648,0.0009632636162370568,5.73428289330512,-7.0262398314021866,-0.05933891511440959,0.13427494572226872,-1.5707920756251863,0.6844920245542068,0.6631038945294494,0.7893129071441015,-0.24955263027278657,0,sac,0,-0.13427494572226895,-0.13879410862258368,2.455518177193342,1.2852558064245572,1.4005903252821008,-0.4602610307714241,0.2384840614962647,2.457108004792214,1.2469404379850422,1.5090268319663498,-0.2513457929465563,0.03414371623690348,-0.007741613557677329,0.006895631402137103,-0.005913349110556932,0.05928552582951668,1.8490970390486376,-7.341864581600964,-14.561949015416017,0.24166400000015342,-0.19025610387325287,-4.251169710478564e-06,4.2449634518604284e-07,0.9606480598449707,-0.9989021420478821,-0.8166174292564392,0,-0.1735929557282397,-1.5057685011222124,2.8512795836758786,-0.1293019585797996,-0.1735929557282397,0.025449903121572685,-4.661198574946033,-5.234677346109147,0.0036794351524841048,0.0007905323046986712,-0.0009901995389598182,0.04015989757306266,-0.06827557048220616,-0.10713978572874591,0.09751157521677116,0.0,0.0961575803003479,0.016102817282065567,-0.0017106512264556326,-0.3255071361864611,-10.038456674148083,9.504265278919595,-0.431006528599332,13.834500078218523,-1.531218404243785,7.512478158621912,5.105375387529348,-0.3255071361864611,-10.134614254448431,9.488162461637529,-0.42929587737287633,13.89337550168909,4.849999999999941
-0.18405313454250605,-0.16714564935070397,-1.4506787429572714,-0.08543514199669638,-0.30952573678815964,-1.4683008742044497,1.990633249282837,-1.8119423389434814,-1.3142383098602295,-0.039755477061208654,-0.0361034602597769,-0.3133466084789862,0,0.0,-1.5707963267948966,nan,-0.24952057613804773,-0.20342478808293435,-0.0987912763046142,-0.004566728795825092,-1.5707916495840637,-0.24853806825495123,-0.20335973332292642,0.6857605418947851,-0.10171142532608593,0.676700113139004,-0.5188702657483835,-0.4312635212976451,0.05204292115646714,0.0030816917707241153,0.0009825078830965062,6.505476000792654e-05,-0.002920149021471724,0.000992113577930977,2.7618602433917075e-08,-9.678897525917146e-05,0.0009873810029671914,8.303249171139845,-10.18456451982815,-0.04321069734089901,0.014029013854578887,-1.5707916873250978,0.6839843130952267,-0.10085299251697599,0.7893194662046202,0.9672735540999311,0,sac,0,-0.014029013854578665,-0.018595742650403757,2.455838686575353,1.285183135372586,1.4006550550421522,-0.46031653978092657,0.038430709947285785,2.4576150243691663,1.268784845564833,1.4240761807903035,-0.43469797129701426,0.02999664083118888,-0.006801321793218183,0.0060580921256195705,-0.0051951172551946345,0.04312933845872175,2.279138192273884,-8.67890635190229,-19.54013754980648,0.2160000000001486,-0.07343831658363342,-4.6394697985618905e-06,3.7741034297766873e-08,0.9953166246414185,-0.9059711694717407,-0.6571191549301147,1,-0.16670354740943708,-3.8087871064253758,9.0,9.0,-0.16670354740943708,-0.6234085376373043,1.0670558816911462,-1.862132950655357,-0.0005596137331745041,0.0007905388738921831,0.0038380434069991962,0.05310048012137234,-0.08872158768674727,-0.16266856169108976,0.08703047545011174,0.0,0.08592554826776982,0.01367719816211569,0.0020094930678853096,-0.3125886881857061,-25.39191404283584,30.0,30.0,49.445394228853566,-3.1853785687880714,7.932944118308853,10.862132950655358,-0.3125886881857061,-25.47783959110361,51.15958155428792,64.41796584501847,86.11733350689506,4.859999999999941
-0.11503957914432704,-0.24450334491249692,-1.4091775825440342,0.022987531652030962,-0.39921873603608277,-1.3261752617175597,1.9112696647644043,-1.961306095123291,1.1490750312805176,-0.022006611332009658,-0.04677251186841602,-0.26957003483054537,0,0.0,-1.5707963267948966,nan,-0.2418979639230756,-0.19708700392684392,-0.09649496183849798,-0.0046083132646193015,-1.5707916482340116,-0.24858716912864467,-0.20328364622987094,0.6854803364452215,-0.10169666784910938,1.0162161882134886,-0.7671713088665572,-0.6261697063034949,-0.2281556989139677,0.010497694391375045,-0.006689205205569065,-0.006196642303027022,-0.005201706010611401,0.006686755263708354,-0.005105420981985117,-0.00423150142954167,-0.0008612596619047667,6.942186037501955,-8.520452043937768,-0.021295068463166106,-0.10891708308005432,-1.57079130938387,0.6836777252896384,-0.6570968231818667,0.7893194330948553,0.9668800124162835,0,sac,0,0.10891708308005432,0.10430876981543502,2.4561188918017445,1.2851196027282625,1.4007116450145132,-0.46036506851502096,0.1584420574744252,2.4579208229259235,1.2885210935814113,1.3511704698271614,-0.6108135329205603,0.02608410515732912,-0.005914208656279932,0.005267920263029847,-0.004517505328405171,0.021225176793724227,1.616757757358562,-5.881138137304625,-15.254924164075963,0.19129600000014318,-0.20804136991500854,-5.017411026653207e-06,-3.3885014172341243e-07,0.9556348323822021,-0.9806530475616455,0.5745375156402588,1,-0.11209383278956095,-4.5,9.0,9.0,-0.11209383278956095,-1.5392903091612322,5.19120627272225,1.8569731739729007,-0.0036461030763763926,0.0007905388407312674,0.0038364818734930844,0.04390609403635358,-0.06952277109410693,-0.1414463620086806,0.07296234662623861,0.0,0.07192449967289173,0.009540780080633315,0.0077034983912883485,-0.21018907329750788,-30.0,30.0,30.0,51.961949342249795,-2.960709690838768,3.8087937272777497,7.143026826027099,-0.21018907329750788,-33.98566011277084,66.47212440197646,96.42669857307358,121.94966499733215,4.869999999999941
-0.0056267004440331,-0.28251790327795484,-1.3659989020547554,0.21319905695655475,-0.35854702000887073,-1.2796415410761974,0.8238675594329834,-0.22797167301177979,-1.1302464008331299,-0.0009433050760420328,-0.047363561448781316,-0.22900698393186295,0,0.0,-1.5707963267948966,nan,-0.2352658119385629,-0.19164706251689395,-0.09385904284399174,-0.004644269828875558,-1.5707916470670247,-0.24862960565201117,-0.20321784674496038,0.6852380530728357,-0.10168390755203971,0.8961723870546131,-0.6674588507879192,-0.5374141925039405,-0.2623158697436567,0.019331387373060543,-0.013363793713448258,-0.011570784228066427,-0.007824864708047968,0.010377746814770548,-0.007839464724176456,-0.006392448350406695,-0.002318841494638204,2.7898309210828685,-3.424745408253599,-0.0008981336810764493,-0.18204001205568487,-1.570791124745191,0.6835846214789255,-0.80182775089879,0.7893194330944511,0.9668800690170761,0,sac,0,0.1820400120556851,0.17739574222680954,2.4563611749810725,1.2850646683815479,1.4007605762874886,-0.4604070295310111,0.2554492186555149,2.4580134584552287,1.2954049918128143,1.3243025208079937,-0.7039205132124396,0.0224134624538714,-0.0050819413916005215,0.004526600867204057,-0.0038817868373346594,0.0008743167294957294,-0.03279791422450418,-0.2997018563905789,-4.749742997341583,0.16764800000013713,-0.4641949534416199,-5.2020497056659565e-06,-5.223218337846447e-07,0.4119337797164917,-0.11398583650588989,-0.5651232004165649,1,-0.038962911257514644,-4.032840634144912,9.0,9.0,-0.038962911257514644,-2.316785552065399,7.3027524088360565,4.581079597386488,-0.004449186978441506,0.0007905388407308626,0.0038364820980792916,0.012405200693539373,-0.02103492704136981,-0.06407480960489295,0.0632267431879532,0.0,0.06175503035097265,0.009204457087087642,0.0099606852293301,-0.07306002485939367,-26.885604227632747,30.0,30.0,50.227891180619324,-1.7160550820795129,1.6972475911639435,4.418920402613512,-0.07306002485939367,-26.94735925798372,48.08252702709169,82.08316777731827,98.87234874532139,4.87999999999994
0.044988566381279835,-0.2476588260454005,-1.3551482831144777,0.1462191000319057,-0.1779406715802918,-1.333447045233922,-0.6215589046478271,1.8923141956329346,-1.9502089023590088,0.0065301803873814,-0.03594817391817429,-0.1967024835908095,0,0.0,-1.5707963267948966,nan,-0.23240344016456083,-0.1893433736754767,-0.09406848381024907,-0.0046749629724092134,-1.570791646071124,-0.24866581611115246,-0.20316167200682608,0.6850312358050276,-0.10167301510696652,0.3674458520503221,-0.28985822331433764,-0.22475141032829438,0.022033341133051443,0.022654781756733175,-0.016262375946591634,-0.013818298331349371,-0.007604531296717454,0.0092777434743514,-0.007146050298252245,-0.005749798498225926,-0.0013965336875699985,-2.914747888532809,3.5775264385550365,0.01229467359881742,-0.17337556957832723,-1.570791278025652,0.6836570717873963,-0.8080268119594914,-0.5138633813272019,0.9668800690167962,0,sac,0,0.17337556957832723,0.1687006066059178,2.4565679920840178,1.2850177754751926,1.4008023448665052,-0.4604428481783799,0.21678469458898947,2.4579411589203013,1.283775404212134,1.3581966737220774,-0.6729915050098423,0.01899213190768721,-0.004306202196784709,0.0038356323098371406,-0.0032892467107173717,-0.01225816192103232,-1.8583983965887563,5.71123605395219,8.467428789433256,0.14515200000013048,-0.5140153169631958,-5.0487692444534105e-06,-3.6804547187685444e-07,-0.3107794523239136,0.9461570978164673,-0.9751044511795044,1,0.04427251478987708,-1.2020092976518546,1.6154977505258121,9.0,0.04427251478987708,-2.4684341391038247,5.7899035375863255,6.293831106175199,-0.004483584368303506,-0.0005146572410815552,0.0038364820980781814,-0.037444610352199134,0.049663409180773145,0.052485720000338826,0.05579995547485747,0.0,0.05415132643378462,0.009511175984006146,0.009529239626488585,0.08301615374062832,-8.01339531767903,5.384992501752707,30.0,31.515385773350687,1.26642484145197,-4.174405787060513,2.7061688938248007,0.08301615374062832,-8.067546644112815,5.3754813257687015,33.40203739890575,34.78051325697055,4.88999999999994
0.11999842819446915,-0.17434836520081165,-1.363225320897031,0.27001815182084776,-0.027727443511633948,-1.3793793964621381,1.9209065437316895,1.9753999710083008,-1.991897702217102,0.01486828524702229,-0.021602459841862848,-0.1689090701605937,0,0.0,-1.5707963267948966,nan,-0.23546987875642242,-0.1918904439714457,-0.09659915856638154,-0.004700768238552477,-1.5707916452340043,-0.2486962500190762,-0.20311443798280454,0.6848573541475161,-0.10166385725655419,0.4732704196850075,0.30360046839378596,0.2594304319990526,0.2539832606544806,0.01807114028407752,-0.013226371262653774,-0.011223994011358845,-0.005064698690172648,0.003531279059766199,-0.0027351894441084122,-0.0020999461264360614,0.0007608526590919852,-7.535011525074726,9.246074755177707,0.010755906625220898,-0.07887084726638172,-1.5707916987519133,0.6837817512859946,-0.08265030455466049,-0.7893243008469422,-0.9686601363209429,0,sac,0,0.07887084726638172,0.07417007902782924,2.456741873602874,1.284978350255206,1.4008374618073023,-0.46047296271300575,0.07730889853039805,2.4578171690541204,1.259451650907758,1.4373784739124793,-0.5236287351050066,0.015827598653962154,-0.0035886882223017586,0.0031965262814807904,-0.002741181298873965,-0.010681427629021438,-2.5989870709980942,8.751132877634456,18.079689498108262,0.12390400000012321,-0.3156888484954834,-4.6280429835121595e-06,5.351790921537258e-08,0.9604532718658447,0.9876999855041504,-0.995948851108551,1,0.11958658483669786,1.5854582202866776,-9.0,-9.0,0.11958658483669786,-1.875391790412938,0.24573507540193018,3.7731327823907193,-0.0004586105411999343,-0.0007905437160034707,-0.0038435452246898174,-0.05961927998235949,0.08656312961493183,0.14290776334731362,0.05183092192615883,0.0,0.04996862718261497,0.012570866442384945,0.005617302029277428,0.2242388614976521,10.569721468577852,-30.0,-30.0,43.72378408818616,3.4608500106996156,-9.24573507540193,-12.77313278239072,0.2242388614976521,10.519752841395237,-44.295451799760784,-34.07256127901604,56.86600008061305,4.89999999999994
0.1352766387272008,-0.07100026212230973,-1.3850696030060514,0.1658330597926641,0.1356959440346941,-1.4287581672240919,-1.0226150751113892,1.999880313873291,-1.9920259714126587,0.014068770427644478,-0.007384027260728396,-0.14404723871278902,0,0.0,-1.5707963267948966,nan,-0.242528345130109,-0.19765284399543465,-0.09739817437485049,-0.004722072328023019,-1.5707916445430297,-0.24872136846932155,-0.20307543941283338,0.6847138024248651,-0.10165629677991922,0.9152856054908194,0.7033347923441235,0.5801398593960116,0.0806576285103916,0.009267668830799537,-0.006193023339212539,-0.005422595417398729,-0.004258122405068732,0.0039163183712808336,0.002860376454419793,0.002463275269203962,0.0010431064530338043,-7.976933695853916,9.787862013500115,-0.004773472267516284,0.050015683501587915,-1.5707921039274808,0.6838072551333945,0.6238687971491288,-0.7893194330954425,-0.9668766216128826,0,sac,0,-0.050015683501587915,-0.05473775582961071,2.4568854252110235,1.284945801921329,1.4008664533491166,-0.46049782441137743,0.1785955743845522,2.4577924156112743,1.2365245304356796,1.5192215629664692,-0.33582623561369074,0.012927413776232804,-0.0029311115714938003,0.002610807791550904,-0.002238898373717871,0.0048415081042042325,-1.9512556219468367,7.296357967198342,17.97180869673319,0.10400000000011528,-0.20314669609069824,-4.22286741574851e-06,4.593844513678391e-07,-0.5113075375556946,0.9999401569366455,-0.9960129857063293,1,0.11576532439651482,2.47698506797119,-9.0,-9.0,0.11576532439651482,-0.8982688500735582,-4.431691368600978,-0.3153200164497193,0.0034617271919318124,-0.0007905388407318555,-0.0038364684191289264,-0.05059938089446286,0.0803493375871629,0.15777304917456555,0.048023985031740685,0.0,0.045731135211639275,0.014632823008171661,0.0009202724570158446,0.21707355034036158,16.5132337864746,-30.0,-30.0,45.52728864113284,3.375253918044748,-4.568308631399022,-8.68467998355028,0.21707355034036158,16.46750265126296,-73.56332507349514,-88.2082957218577,116.03228858606137,4.90999999999994
0.0856627618514702,0.024070624501420224,-1.4131786976707124,-0.013564991899990997,0.21421239774888007,-1.469396887000034,-1.9808845520019531,1.0752415657043457,-1.9150502681732178,0.007327249997736498,0.002058904937356049,-0.12087765308411287,0,0.0,-1.5707963267948966,nan,-0.2495832782118076,-0.20334393098983333,-0.09600263763384034,-0.004739273196809224,-1.5707916439852225,-0.2487416444808048,-0.20304394974826606,0.6845978991209896,-0.10165019245848211,0.917413789747209,0.7034657070215333,0.5722576658966,-0.1389432419573039,0.005717797791089544,0.0008416337310027944,0.0002999812415672709,-0.005647554824641771,0.008549389761861852,0.0065850342758776515,0.005447593016239533,-0.0002304760620173256,-4.7999838711078,5.891386735673066,-0.02130146031328181,0.14975943963785143,-1.570792314726516,0.6836664657358279,0.8005795547990114,-0.7893194330944482,-0.9668800690251106,0,sac,0,-0.14975943963785143,-0.15449871283466088,2.4570013284224297,1.2849195224775047,1.4008898610478755,-0.4605178976848115,0.31581571267713354,2.457933689190601,1.2243867047167567,1.5679859656204855,-0.19945590334674784,0.0102991943063435,-0.0023351993005660296,0.0020800151683188516,-0.0017837171287478069,0.021337444804399246,-0.6857299024412824,3.007236928495812,9.920735999129134,0.08553600000010672,-0.2944648265838623,-4.012068380632172e-06,6.707412936179935e-07,-0.9904422760009766,0.5376207828521729,-0.9575251340866089,1,0.013061080114717408,1.8423690766819114,-9.0,-9.0,0.013061080114717408,-0.03411360517018801,-6.953738449569315,-3.5622685517460853,0.004442260979899486,-0.0007905388407308596,-0.003836482098111172,-0.025183078081665082,0.04405407674897425,0.10310102661833806,0.04257555201867598,0.0,0.04003431073871239,0.014297998360656216,-0.0023449597544252165,0.02449105590608927,12.282460511212744,-30.0,-30.0,44.16853445634482,1.8764826818520994,-2.0462615504306854,-5.437731448253915,0.02449105590608927,12.242426200474032,-66.83967405182952,-94.94360057258871,116.75490103686418,4.9199999999999395
0.010094451420793182,0.03631664266747307,-1.4270092780065455,-0.14104216944056083,0.06080867899957876,-1.4546704386782119,-1.8082507848739624,-1.9454798698425293,-1.2620707750320435,0.000692560123078763,0.002491612220133534,-0.09790425254561225,0,0.0,-1.5707963267948966,nan,-0.25372215101947165,-0.20660129323606324,-0.0954113491100434,-0.004752780154036351,-1.570791643547258,-0.2487575633318829,-0.20301922108473797,0.6845068862196784,-0.10164539904178566,0.5302343498746265,0.4122953956585962,0.32820909097580064,-0.05864951071004876,0.00873737662897243,0.004964587687588756,0.0035820721513252773,-0.006234049931742258,0.009210130629563634,0.00712604655263839,0.005809507135792319,-0.0005436851868819729,0.5115080094166295,-0.6281435666575148,-0.03132442935888054,0.17713158106050608,-1.5707922858519414,0.6833946852414019,0.8337675274170044,-0.7893194330944422,-0.9668800690168075,0,sac,0,-0.17713158106050608,-0.18188436121454243,2.457092341251116,1.2848988865823492,1.4009082419093826,-0.46053366019366754,0.33600506170165967,2.458205579732963,1.2258520507668533,1.5651741133635488,-0.17343026967937944,0.007950623224480662,-0.0018026934185944902,0.0016057000589184104,-0.0013769681790537225,0.03131648745402356,0.7089330300081262,-2.5791126594864853,-2.680244486665558,0.06860800000009752,-0.35768941044807434,-4.040942955363391e-06,6.423046832182422e-07,-0.9041253924369812,-0.9727399349212646,-0.6310353875160217,1,-0.09887529858009414,0.5693130010689946,-9.0,-9.0,-0.09887529858009414,0.39150734289181854,-8.090403996919651,-5.692605193334332,0.004626414615698861,-0.0007905388407308537,-0.0038364820980782257,0.013919798027302057,-0.019593186909598923,0.006324447764219328,0.034201031772165394,0.0,0.03218545502772136,0.011169882148009425,-0.0030067909369912945,-0.18540277251095844,3.795420007126631,-30.0,-30.0,42.59623912059082,0.17780565817717608,-0.9095960030803489,-3.307394806665668,-0.18540277251095844,3.7632345520989094,-35.31370841961274,-59.94597712472188,69.67621175311751,4.929999999999939
0.007265704790764271,-0.001917055801541799,-1.4417688273428129,0.0016082115307064493,-0.07838445273957154,-1.4712879260153475,1.9667057991027832,-1.9958562850952148,-1.7002041339874268,0.00038734925380586185,-0.00010220207889196446,-0.07686357972342645,0,0.0,-1.5707963267948966,nan,-0.2533039290551024,-0.20612824189706494,-0.09669721934375172,-0.004763013959848017,-1.5707916432154565,-0.24876962288154622,-0.20300048408812457,0.6844379285451142,-0.10164176721328305,0.14333036215195413,-0.04302815140325711,-0.04543143423849094,0.12895020622109288,0.007402118279318698,0.004534306173556185,0.003127757808940368,-0.004944547869531329,0.0057273656748214035,0.004455956836595804,0.0035638209825894574,0.0004963327992110311,5.782841884280984,-7.106197745438353,-0.03008122409696465,0.11690304992841005,-1.5707920315499697,0.6830801517407621,0.6688947318325746,0.7893083025262115,-0.09834614605809955,0,sac,0,-0.11690304992841005,-0.12166606388825807,2.457161298870647,1.2848832513996244,1.4009221685225068,-0.4605456029615634,0.21856520314626726,2.45851979042188,1.2405775892025206,1.5085525923966188,-0.27555478513259807,0.005889449459143546,-0.0013353508875194433,0.0011894274293398563,-0.001019993561311735,0.030026756071752893,1.921931723785531,-7.395951198670367,-14.635859344125667,0.05331200000008767,-0.15996809303760529,-4.295244926844077e-06,3.8833451299069566e-07,0.9833528995513916,-0.9979281425476074,-0.8501020669937134,0,-0.16484169917760955,-1.392187652000597,2.8901425933347316,0.6109564928525285,-0.16484169917760955,0.27410691515843816,-4.642449981276179,-5.06743457370283,0.0037115673877359504,0.0007905276929671768,-0.0003902275378895277,0.04130318263447476,-0.06877236036691883,-0.10832718236724687,0.026766607179912725,0.0,0.025223973211166612,0.008605035212377226,-0.0024810893494295284,-0.3090975045520524,-9.281251013337313,9.633808644449106,2.0365216428417616,13.534949244068867,-1.666294567159035,7.53259257461091,5.678391066555358,-0.3090975045520524,-9.30647498654848,9.625203609236728,2.039002732191191,13.546515958124424,4.939999999999939
0.05590902151583204,-0.06779116442023497,-1.4354746075183245,0.15319565496596757,-0.1995393816576213,-1.4228861678693479,1.994983196258545,-1.6715718507766724,-0.8348047733306885,0.0022220481511295432,-0.00269429203872305,-0.057051502801319064,0,0.0,-1.5707963267948966,nan,-0.24816562560175787,-0.2018535732234587,-0.09705715059825992,-0.004770406923278792,-1.5707916429757776,-0.2487783338755722,-0.2029869479125949,0.6843881131023861,-0.10163914355608342,0.6691819928211482,-0.5147014447370507,-0.4261132498076553,0.03625549117078353,0.004759685817395846,-0.0006127082738143219,-0.0011333746891361851,-0.004581992957823494,0.0008680719732340398,-0.00045989112035124067,-0.00046405302407664505,0.0005715801772121221,8.148765088410592,-10.018180370441142,-0.01578886744001018,-0.0023534791871668848,-1.570791642157675,0.6828538297836811,-0.14765773964147513,0.7893194889802594,0.9670709012566304,0,sac,0,0.0023534791871666627,-0.002416927736112129,2.4572111142736146,1.284871956448708,1.4009322291923716,-0.4605542304895919,0.03098682657036643,2.4587454119769716,1.2635972850422845,1.4231558366376786,-0.45718837545334384,0.004123487887177305,-0.0009349436221528632,0.0008327755644366411,-0.0007141467337898532,0.01570805480427505,2.420847764586878,-8.714497790977092,-19.20745321185627,0.03974400000007717,-0.08705746382474899,-4.684637221252785e-06,-8.181024746534149e-10,0.9974915981292725,-0.8357859253883362,-0.41740238666534424,1,-0.16358902414450316,-3.8467667485538817,9.0,9.0,-0.16358902414450316,-0.42572176439629456,1.082437356992331,-1.657513208486289,-0.0008193242148859988,0.000790538896703008,0.0038372393010605577,0.05588733082452497,-0.0891011379791148,-0.16059448560278086,0.01968849272014829,0.0,0.01863883744708604,0.006227636946043528,-0.0012029223918062972,-0.306748592057947,-25.64511165702588,30.0,30.0,49.57585951448603,-3.421044984157587,7.917562643007669,10.65751320848629,-0.306748592057947,-25.663750494472964,51.586268283606685,65.74631876380369,87.42107120460845,4.949999999999939
0.12143718919097499,-0.14403453416598563,-1.383280259935323,0.25249352454126084,-0.29652127365748693,-1.2788915647693204,1.9203758239746094,-1.9255026578903198,1.1397509574890137,0.003400241297355314,-0.004032966956657103,-0.038731847278280336,0,0.0,-1.5707963267948966,nan,-0.24088535485728885,-0.19591455371688785,-0.09492147556944822,-0.004775403000129241,-1.570791642813813,-0.24878422023537086,-0.20297780010968783,0.6843544484180044,-0.10163737051865254,0.9633535253415656,-0.7286157104267693,-0.5929871703663797,-0.21339019913808321,0.012545308638499607,-0.007898865378082015,-0.007063246392799982,-0.006715894949204326,0.006764601015243937,-0.005154908564455602,-0.004255085481492097,-0.0010397077150510886,6.637978967189697,-8.16153219205698,0.004332495764174077,-0.12147625530924788,-1.5707912674460889,0.6828102336059699,-0.6884074919467763,0.7893194330951839,0.9668800533009179,0,sac,0,0.12147625530924788,0.11670085230911864,2.4572447789311247,1.284864323455065,1.4009390280735436,-0.460560060870537,0.1751062306609422,2.458788230171603,1.2849466822700146,1.350024047807568,-0.6280935434228085,0.00266061933373485,-0.00060325849016979,0.0005373360679176908,-0.0004607925763413738,-0.004399982243631226,1.7870276882065261,-5.897088973776163,-14.630202537687675,0.028000000000065996,-0.2527487576007843,-5.059348807456843e-06,-3.753677240148079e-07,0.9601879119873047,-0.9627513289451599,0.5698754787445068,1,-0.1049164692533302,-4.5,9.0,9.0,-0.1049164692533302,-1.3992923446596608,5.199484971881675,2.0105214933701037,-0.0038198399164882223,0.0007905388407315966,0.003836482035719169,0.04743962410460067,-0.06969938006616937,-0.13674600241800527,0.013027840537090484,0.0,0.012419466884810321,0.003934649953594006,-1.0486374967789892e-06,-0.19673067551721396,-30.0,30.0,30.0,51.96189664512536,-3.100707655340339,3.8005150281183253,6.989478506629896,-0.19673067551721396,-34.72219760678428,66.82180063655923,95.65314386233352,121.73884622692793,4.959999999999939
0.20996502994312194,-0.14560515683208786,-1.3457961265474976,0.38702071144741573,-0.1487464021642923,-1.2708278597718468,0.8801865577697754,0.39298439025878906,-1.2412669658660889,0.0038163243842575557,-0.0026465193305879146,-0.024461190396200202,0,0.0,-1.5707963267948966,nan,-0.234813191130621,-0.19103474829693068,-0.0928717279921622,-0.004778457890839416,-1.5707916427147812,-0.24878781932717042,-0.2029722065272959,0.6843338638804275,-0.10163628638046654,0.8054182562522234,-0.6075762818467417,-0.4874211837565229,-0.20486634391000125,0.020361989735178252,-0.013974628196549432,-0.011937458230365211,-0.008764558388304339,0.00984856209362927,-0.007473886350515763,-0.006075445384899514,-0.0020552765037212687,2.407731476273522,-2.9594575536854526,0.022692074357849232,-0.18902581571861932,-1.5707910950616202,0.6829606448858354,-0.8181315546123633,0.7893194330944595,0.966880069016807,0,sac,0,0.18902581571861932,0.1842473578277799,2.4572653634522696,1.2848596562007195,1.4009431853032202,-0.46056362590308825,0.26526601222670015,2.4586373824645724,1.2935881034699852,1.323045553394106,-0.7139801761868168,0.0015087905723162563,-0.00034209731211726403,0.0003047138623553633,-0.00026130739041170525,-0.022712280401715454,0.14473092219284922,-0.3080982866536708,-3.97854218177693,0.01817600000005416,-0.4998496472835541,-5.231733276378492e-06,-5.476531610426605e-07,0.4400932788848877,0.19649219512939453,-0.6206334829330444,1,-0.02190575446109818,-4.199945074473441,9.0,9.0,-0.02190575446109818,-2.245371445057672,7.306629466612934,4.679337427635636,-0.004539653629290377,0.000790538840730871,0.003836482098078224,0.016155562120606648,-0.02112635321920934,-0.05798723215138239,0.008446308558637873,0.0,0.008001611195583477,0.0026875391006330324,0.0003024568151011929,-0.04107585685561256,-27.999633829822944,30.0,30.0,50.83287501047115,-1.9545736294157692,1.693370533387066,4.320662572364364,-0.04107585685561256,-28.00763544101853,48.34119842175807,79.6544153252944,97.29402178905595,4.9699999999999385
0.26344471608975983,-0.0832259709423813,-1.3405772350139082,0.3704040883830356,0.04153240083703183,-1.3301394519467293,0.20725369453430176,1.9097857475280762,-1.9124906063079834,0.0027313948164296013,-0.0008628868667340752,-0.01389910477268003,0,0.0,-1.5707963267948966,nan,-0.2325978895892146,-0.18934608164590216,-0.09388936937912742,-0.0047800391383634455,-1.5707916426635231,-0.24878968220909756,-0.20296931119734704,0.6843232090805699,-0.10163572521760617,0.29655319016226966,-0.22171644233335286,-0.16857713210796654,0.10182025498255975,0.022533809274798415,-0.01619179261988296,-0.013623229551444876,-0.007746355838478741,0.008291373162748868,-0.006449286033866308,-0.005165003019357805,-0.0006901611314424298,-3.324197233245691,4.083438544394634,0.03354972895956522,-0.1739930996260317,-1.5707912669494437,0.683254563972726,-0.8345109296783302,-0.5074964673141573,0.9668800690167928,0,sac,0,0.1739930996260317,0.16921306048766827,2.457276018243622,1.2848572403747263,1.4009453371344187,-0.4605654712060579,0.21883800734312234,2.4583436570972688,1.283710330325486,1.3569425917178275,-0.6749281932412295,0.0006760143247357128,-0.0001532768614068327,0.00013652718917877375,-0.00011707889903264406,-0.03350925428589037,-1.6855905449569344,5.719499668587326,9.299339742434976,0.010368000000041646,-0.4623362720012665,-5.059845452848322e-06,-3.757140794036218e-07,0.10362684726715088,0.9548928737640381,-0.9562453031539917,0,0.07190272881001765,-1.4331423342102496,1.659722331643443,8.987048542830257,0.07190272881001765,-2.4741134980328603,5.806098576021233,6.348723179183425,-0.004630539610945193,-0.0005082804909194911,0.0038364820980781675,-0.03375309225009243,0.04969560686121023,0.05916958444267546,0.005009821690130063,0.0,0.00469986817673198,0.0017242006265499685,0.00019153247151421408,0.13482604314647975,-9.554282228068331,5.53240777214481,29.956828476100856,31.92681623744072,1.0409711638226107,-4.14637624437779,2.638325363646832,0.13482604314647975,-9.558982096245064,5.53068357151826,29.95663694362934,31.92774458866339,4.979999999999938
0.34041442945813155,0.007900615060855432,-1.3539243376125847,0.49435385619487493,0.19015378706732883,-1.3806185428099373,1.989532470703125,1.982940673828125,-1.9895366430282593,0.0015904162144380763,3.691167356454137e-05,-0.006325534505364518,0,0.0,-1.5707963267948966,nan,-0.23631927729225474,-0.19250161425324896,-0.09709046569886282,-0.004780626226045914,-1.5707916426444914,-0.24879037385360409,-0.20296823621094734,0.6843192531523169,-0.1016355168682917,0.5835760639793762,0.3720696058533618,0.3156607593746502,0.3201304669049859,0.016903724878872112,-0.012471096561349343,-0.010466621957698374,-0.004545051169428882,0.002806493294279314,-0.001815846148236721,-0.0013365647204973963,0.0016711379729664267,-7.9413516509940205,9.748790548999704,0.029344287809381687,-0.07297533245345789,-1.570791703909207,0.6835756880808644,-0.1914805743768608,-0.7893146980910828,-0.9671098412657311,0,sac,0,0.07297533245345811,0.06819470622741175,2.457279974168717,1.2848563434236406,1.4009461360691662,-0.4605661563325971,0.07086570329627849,2.4580232617612325,1.2610535647670962,1.436384242542712,-0.5171255389762237,0.00017036926113804784,-3.8628864318297045e-05,3.440760867713218e-05,-2.950624682523672e-05,-0.029266258197874352,-2.4373572151507856,8.789609218609685,18.926192809929827,0.004672000000028453,-0.28743067383766174,-4.622885689364864e-06,6.126471552292401e-08,0.9947662353515625,0.9914703369140625,-0.9947683215141296,1,0.1549501604335139,1.282699114602486,-9.0,-9.0,0.1549501604335139,-1.9587920798645413,0.2606825227961629,3.80076453247922,-0.0010624886419646554,-0.0007905340984124592,-0.0038373938110691937,-0.05613263395309237,0.08686529032338645,0.1497774427455283,0.002491791024449251,0.0,0.0022916338577159056,0.0009781467403411784,-2.580166769591518e-05,0.29054971016972414,8.55132743068324,-30.0,-30.0,43.28059172378349,3.2414911944670273,-9.260682522796163,-12.80076453247922,0.29054971016972414,8.549035796825525,-44.401195871149184,-38.147797940584056,59.15987757503618,4.989999999999938
0.34981273050986694,0.11788901886218944,-1.3790481338888019,0.3686093326133378,0.3378658264648574,-1.4292957264412365,-1.0462478399276733,1.9998979568481445,-1.977003574371338,0.0004141782729287802,0.00013958059833455027,-0.0016327929905444378,0,0.0,-1.5707963267948966,nan,-0.24397298150517005,-0.1988148770491996,-0.09817235376042702,-0.004780710675490241,-1.5707916426417543,-0.24879047334260124,-0.20296808157966648,0.6843186841130531,-0.10163548689834867,0.9980353275678826,0.7653604723918156,0.6313417427231488,0.10819180315072285,0.007242280483837799,-0.004817491837431187,-0.004153204530466886,-0.0034631331379216534,0.005423950561279529,0.0038849631200798245,0.0033120398812440544,0.00183212801732658,-8.364100921715497,10.263715223387536,0.010866770617057068,0.06219190275578157,-1.570792118954415,0.6837695810620189,0.5541739625283629,-0.7893194330866556,-0.966879585829237,0,sac,0,-0.06219190275578157,-0.06697261343127181,2.4572805432075264,1.284856214401992,1.4009462509916852,-0.4605662548844101,0.1881931568839432,0.6746987673579999,1.2749698005,1.4161152989999999,-0.45050822999999995,0.0,-0.0,0.0,-0.0,0.0,0.0,0.0,0.0,0.0011840000000145727,-0.18431909382343292,-4.207840481385006e-06,4.7631266042458265e-07,-0.5231239199638367,0.9999489784240723,-0.988501787185669,1,0.153389930775872,2.1320283413572247,-9.0,-9.0,0.153389930775872,-1.0548258511621524,-4.4237842896488555,-0.30277831721528353,0.0030750040455805386,-0.0007905388407230551,-0.0038364801808389287,-0.04759048654256319,0.08094415769628968,0.16447658379005592,0.000696775234634318,0.0,0.0006274528554584752,0.0002984740626915382,-5.2075672603650285e-05,0.28762409671080447,14.213522275714832,-30.0,-30.0,44.744909689295945,3.186854192519377,-4.5762157103511445,-8.697221682784717,0.28762409671080447,14.212894822859374,-73.972211426795,-92.68919146418231,119.43727803546504,4.999999999999938
