t,task_mode,des_x,des_y,des_z,sol_x,sol_y,sol_z,residual_norm,q_jnt_1,q_jnt_2,q_jnt_3,q_jnt_4,q_act_1,q_act_2,q_act_3,q_act_4,joint_margin_1,joint_margin_2,joint_margin_3,joint_margin_4,act_margin_1,act_margin_2,act_margin_3,act_margin_4,joint_margin_min,act_margin_min,active_limit_joint,active_limit_actuator,success
0.0,xyz,0.25,-0.2,-0.1,0.25000032037865044,-0.20000005427222964,-0.10000026715232341,4.206641397447178e-07,0.6747446831943159,1.27497468573782,1.416190933113277,-0.4505547168052535,1.2652253575741907,8.499831238252133,4.720636443710923,-1.5018490560175117,2.466855316805684,0.29592531426218005,0.15470906688672303,1.1203452831947465,4.6256746424258095,1.9721687617478665,0.5153635562890768,3.7341509439824883,0.15470906688672303,0.5153635562890768,jnt3,q3_act,True
0.01,xyz,0.2499805952,-0.20001164288,-0.10000388096,0.24998076615751905,-0.2000114876390772,-0.10000389164686807,2.311718550923428e-07,0.6748107257410993,1.274982292028595,1.4162028088652803,-0.4505608036678815,1.2653491950892544,8.4998819468573,4.720676029550934,-1.501869345559605,2.4667892742589004,0.29591770797140504,0.1546971911347197,1.1203391963321185,4.625550804910746,1.9721180531426992,0.5153239704490655,3.7341306544403947,0.1546971911347197,0.5153239704490655,jnt3,q3_act,True
0.02,xyz,0.2498494464,-0.20009033216000002,-0.10003011072000001,0.24985056079776985,-0.20008927041937233,-0.10003011305424844,1.5392144095741396e-06,0.6752545951270754,1.2750415851276047,1.4162751350439422,-0.450594539256446,1.2661815022071543,8.500277234184031,4.7209171168131405,-1.5019817975214866,2.4663454048729245,0.2958584148723953,0.15462486495605776,1.120305460743554,4.624718497792846,1.9717227658159686,0.5150828831868592,3.734018202478513,0.15462486495605776,0.5150828831868592,jnt3,q3_act,True
0.03,xyz,0.2495074336,-0.20029553984,-0.10009851328000001,0.24951034947618808,-0.20029276171837093,-0.10009851531069525,4.027443091331928e-06,0.6764156866244736,1.27519659210972,1.4164631325047277,-0.4506820509586808,1.2683586848386905,8.5013106140648,4.721543775015759,-1.5022735031956027,2.4651843133755262,0.29570340789028005,0.1544368674952723,1.120217949041319,4.6225413151613095,1.9706893859352004,0.514456224984241,3.733726496804397,0.1544368674952723,0.514456224984241,jnt3,q3_act,True
0.04,xyz,0.2488686848,-0.20067878912,-0.10022626304,0.2488741490774186,-0.2006735833602611,-0.10022624994911275,7.547081127037406e-06,0.6785903370238959,1.275487398364478,1.4168113851853334,-0.4508434322082513,1.2724364091953795,8.503249322429854,4.722704617284445,-1.502811440694171,2.463009662976104,0.29541260163552185,0.1540886148146665,1.1200565677917487,4.6184635908046205,1.9687506775701458,0.5132953827155546,3.7331885593058285,0.1540886148146665,0.5132953827155546,jnt3,q3_act,True
0.05,xyz,0.24786,-0.20128400000000002,-0.100428,0.2478686616732628,-0.201275746204538,-0.10042793083439416,1.1964719266297814e-05,0.6820350936519604,1.2759503073985667,1.4173531218756086,-0.45109239348681285,1.2788957315806495,8.506335382657111,4.724510406252029,-1.5036413116227096,2.4595649063480396,0.2949496926014332,0.15354687812439138,1.119807606513187,4.6120042684193505,1.9656646173428882,0.5114895937479709,3.73235868837729,0.15354687812439138,0.5114895937479709,jnt3,q3_act,True
0.06,xyz,0.2464202752,-0.20214783488000002,-0.10071594496000001,0.24643269511761717,-0.20213599270733482,-0.10071574034357036,1.7161971767043086e-05,0.6869703390585253,1.2766189622110515,1.4181084480349624,-0.45143494325618233,1.288149895103179,8.51079308140701,4.727028160116541,-1.5047831441872745,2.4546296609414746,0.29428103778894843,0.15279155196503758,1.1194650567438176,4.602750104896821,1.961206918592989,0.5089718398834586,3.7312168558127254,0.15279155196503758,0.5089718398834586,jnt3,q3_act,True
0.07,xyz,0.2444999264,-0.20330004416,-0.10110001472,0.24451658906723428,-0.20328414585601173,-0.10109955417461011,2.3035030955468934e-05,0.6935836739532417,1.2775253488761282,1.4190828231939476,-0.45186795002474694,1.3005506730793956,8.51683565917419,4.730276077313159,-1.50622650008249,2.4480163260467585,0.29337465112387173,0.15181717680605233,1.119032049975253,4.590349326920604,1.9551643408258101,0.5057239226868404,3.72977349991751,0.15181717680605233,0.5057239226868404,jnt3,q3_act,True
0.08,xyz,0.2420603136,-0.20476381184,-0.10158793728000001,0.24208163319717324,-0.2047434509380247,-0.10158703429232285,2.94941848441737e-05,0.7020328243789132,1.2787005048022773,1.4202656625558656,-0.45237866310945385,1.3163938203242327,8.524670032015182,4.734218875186219,-1.507928877031513,2.439567175621087,0.2921994951977227,0.15063433744413435,1.118521336890546,4.574506179675767,1.9473299679848175,0.5017811248137809,3.728071122968487,0.15063433744413435,0.5017811248137809,jnt3,q3_act,True
0.09,xyz,0.2390731648,-0.20655610112,-0.10218536704,0.23909949757682497,-0.20653093151142082,-0.10218377645615373,3.6461682466878293e-05,0.7124479117597385,1.2801749548490446,1.4216297298539673,-0.45294383034915936,1.3359233297576196,8.534499698993631,4.738765766179891,-1.5098127678305313,2.4291520882402615,0.2907250451509553,0.14927027014603267,1.1179561696508407,4.554976670242381,1.9375003010063683,0.4972342338201088,3.7261872321694685,0.14927027014603267,0.4972342338201088,jnt3,q3_act,True
0.1,xyz,0.23552,-0.208688,-0.102896,0.23555165237956366,-0.20865773487156594,-0.10289341400727736,4.386956222181598e-05,0.7249329507169316,1.2819786415580785,1.4231310551728036,-0.45352977629659413,1.3593342409843083,8.546524277053857,4.743770183909345,-1.5117659209886471,2.416667049283068,0.28892135844192146,0.14776894482719638,1.1173702237034058,4.531565759015692,1.9254757229461426,0.49222981609065464,3.7242340790113526,0.14776894482719638,0.49222981609065464,jnt3,q3_act,True
0.11,xyz,0.2313915552,-0.21116506688,-0.10372168896,0.2314287909924533,-0.21112948222546962,-0.10371774027798664,5.1656209378118265e-05,0.7395665156383341,1.2841405228082068,1.4247095102120069,-0.4540928608035781,1.3867738901900133,8.560936818721379,4.74903170070669,-1.5136428693452604,2.4020334843616657,0.2867594771917932,0.1461904897879931,1.1168071391964218,4.504126109809987,1.911063181278621,0.4869682992933102,3.722357130654739,0.1461904897879931,0.4869682992933102,jnt3,q3_act,True
0.12,xyz,0.2266872064,-0.21398767616,-0.10466255872,0.22673025155933715,-0.2139466179411187,-0.10465682794504996,5.9762068752630326e-05,0.7564015593614599,1.286687816148416,1.426290056878858,-0.45458044857835644,1.4183415701508717,8.577918774322775,4.754300189596194,-1.515268161927855,2.38519844063854,0.28421218385158387,0.14460994312114206,1.1163195514216435,4.472558429849128,1.8940812256772244,0.48169981040380616,3.720731838072145,0.14460994312114206,0.48169981040380616,jnt3,q3_act,True
0.13,xyz,0.22141439359999998,-0.21715136384,-0.10571712128,0.2214634373786398,-0.21710475807682372,-0.10570914785353405,6.812462780905802e-05,0.7754644309327161,1.289644990882328,1.4277846294823928,-0.45493235023345047,1.4540866884168688,8.597633272548853,4.759282098274643,-1.516441167444835,2.366135569067284,0.281255009117672,0.14311537051760714,1.1159676497665494,4.436813311583132,1.8743667274511466,0.47671790172535644,3.7195588325551645,0.14311537051760714,0.47671790172535644,jnt3,q3_act,True
0.14,xyz,0.2155880448,-0.22064717312,-0.10688239104000001,0.21564323622904807,-0.22059503775321337,-0.1068716871904268,7.667308984273945e-05,0.7967532058940484,1.2930326286768998,1.4290945930369787,-0.4550826767979745,1.494005636403616,8.620217524512666,4.763648643456596,-1.5169422559932484,2.3448467941059516,0.27786737132310013,0.14180540696302124,1.1158173232020254,4.396894363596385,1.851782475487333,0.47235135654340343,3.7190577440067516,0.14180540696302124,0.47235135654340343,jnt3,q3_act,True
0.15,xyz,0.20923000000000003,-0.224462,-0.108154,0.20929143897186253,-0.22440445680676752,-0.10814006682422575,8.532350050289848e-05,0.8202355166920915,1.2968662915485267,1.430113700301027,-0.45496202883006215,1.5380377211552438,8.645775276990179,4.76704566767009,-1.5165400961002071,2.3213644833079083,0.27403370845147323,0.14078629969897305,1.1159379711699378,4.352862278844756,1.8262247230098207,0.46895433232990946,3.719459903899793,0.14078629969897305,0.46895433232990946,jnt3,q3_act,True
0.16,xyz,0.20236843519999997,-0.22857893888000003,-0.10952631296000001,0.20243615792567912,-0.22851622339002634,-0.1095086577185001,9.397503822012214e-05,0.8458461509715852,1.3011555401968802,1.4307314519720518,-0.45449992720130944,1.5860606618630888,8.674370267979201,4.76910483990684,-1.514999757337698,2.2957538490284146,0.2697444598031198,0.1401685480279482,1.1164000727986905,4.304839338136912,1.7976297320207983,0.4668951600931601,3.721000242662302,0.1401685480279482,0.4668951600931601,jnt3,q3_act,True
0.17,xyz,0.1950372864,-0.23297762816,-0.11099254272,0.19511124599964932,-0.23291009512749355,-0.11097069636836521,0.00010250851642451665,0.8734847619924674,1.3059032311806325,1.430836751957702,-0.4536273791336557,1.6378862966294157,8.706021541204217,4.769455839859007,-1.5120912637788524,2.2681152380075327,0.2649967688193675,0.14006324804229786,1.1172726208663444,4.253013703370584,1.7659784587957823,0.46654416014099276,3.7239087362211474,0.14006324804229786,0.46654416014099276,jnt3,q3_act,True
0.18,xyz,0.1872756736,-0.23763459584000002,-0.11254486528,0.18735571753432795,-0.23756271795647027,-0.11251839933951155,0.000110787668850606,0.9030140999868695,1.3111051896126626,1.4303217370316599,-0.45227946786786916,1.6932572660545089,8.740701264084418,4.767739123438867,-1.5075982262262306,2.2385859000131303,0.2597948103873373,0.14057826296834008,1.1186205321321308,4.197642733945491,1.7312987359155816,0.4682608765611329,3.7284017737737694,0.14057826296834008,0.4682608765611329,jnt3,q3_act,True
0.19,xyz,0.1791273248,-0.24252360512,-0.11417453504000001,0.17921317199937997,-0.24244796308578564,-0.11414307705456703,0.00011866365841729441,0.9342592059300776,1.3167503069363473,1.4290856446151519,-0.4503978631533937,1.751845501462737,8.77833537957565,4.76361881538384,-1.5013262105113123,2.207340794069922,0.25414969306365265,0.1418143553848481,1.1205021368466062,4.139054498537263,1.6936646204243502,0.4723811846161601,3.7346737894886877,0.1418143553848481,0.4723811846161601,jnt3,q3_act,True
0.2,xyz,0.17064,-0.247616,-0.115872,0.1707312214368393,-0.24753726295744843,-0.11583524694275507,0.00012598277511487947,0.9670079943961325,1.32282104887505,1.4270385863888475,-0.44793313924310774,1.8132533178251125,8.818806992500335,4.7567952879628255,-1.4931104641436925,2.1745920056038672,0.24807895112494993,0.14386141361115246,1.1229668607568923,4.077646682174888,1.6531930074996648,0.4792047120371743,3.7428895358563072,0.14386141361115246,0.4792047120371743,jnt3,q3_act,True
0.21,xyz,0.16186491520000001,-0.25288105088,-0.11762701696,0.16196092196629328,-0.25279994772170056,-0.11758474640429217,0.00013259646051114497,1.0010135747860929,1.329294300495937,1.4241050760447147,-0.4448468237236777,1.87701776633432,8.861962003306248,4.747016920149049,-1.4828227457455923,2.140586425213907,0.24160569950406297,0.14679492395528526,1.1260531762763222,4.01388223366568,1.6100379966937517,0.4889830798509509,3.7531772542544077,0.14679492395528526,0.4889830798509509,jnt3,q3_act,True
0.22,xyz,0.15285616640000002,-0.25828630016,-0.11942876672,0.1529562089990878,-0.2582035838054272,-0.11938084565642051,0.00013837248744110462,1.0359985127136178,1.3361424129892336,1.4202271761532126,-0.44111309966401097,1.942618625002096,8.907616086594892,4.734090587177375,-1.4703769988800366,2.105601487286382,0.23475758701076632,0.15067282384678737,1.129786900335989,3.9482813749979044,1.5643839134051074,0.5019094128226245,3.7656230011199634,0.15067282384678737,0.5019094128226245,jnt3,q3_act,True
0.23,xyz,0.14367015360000002,-0.26379790784,-0.12126596928,0.14377333499688055,-0.26371431619072466,-0.12121236082455852,0.00014320555500961607,1.0716610264066389,1.34333427999719,1.415367140286847,-0.4367201021713688,2.00949001763855,8.955561866647933,4.717890467622824,-1.4557336739045628,2.069938973593361,0.22756572000281006,0.1555328597131529,1.134179897828631,3.88140998236145,1.5164381333520662,0.518109532377176,3.780266326095437,0.1555328597131529,0.518109532377176,jnt3,q3_act,True
0.24,xyz,0.13436500480000002,-0.26938099711999997,-0.12312699903999999,0.13447030764211676,-0.26929721546266144,-0.12306776723448459,0.0001470253768873463,1.1076828725979542,1.3508362688492708,1.4095094214766868,-0.4316708155252134,2.0770352008212156,9.005575125661805,4.698364738255623,-1.4389027184173782,2.033917127402046,0.2200637311507292,0.16139057852331318,1.1392291844747866,3.8138647991787846,1.4664248743381947,0.5376352617443771,3.7970972815826216,0.16139057852331318,0.5376352617443771,jnt3,q3_act,True
0.25,xyz,0.125,-0.275,-0.125,0.12510632623767856,-0.2749166297773392,-0.12493531291159604,0.0001498008085811681,1.143738441390724,1.3586128632416132,1.4026619223572139,-0.42598363505621506,2.144643617833722,9.057419088277422,4.675539741190713,-1.4199454501873836,1.997861558609276,0.21228713675838673,0.1682380776427861,1.1449163649437848,3.7462563821662784,1.4145809117225774,0.5604602588092868,3.816054549812616,0.1682380776427861,0.5604602588092868,jnt3,q3_act,True
0.26,xyz,0.11563499519999998,-0.28061900288,-0.12687300096,0.11574121407532431,-0.28053654184849636,-0.12680313346941424,0.00015153790757618056,1.1795044008938158,1.366626856247181,1.3948566495668715,-0.41969225502391044,2.2117089834873727,9.11084570831454,4.649522165222905,-1.398974183413035,1.9620955991061841,0.2042731437528189,0.17604335043312846,1.1512077449760896,3.6791910165126276,1.3611542916854589,0.5864778347770949,3.837025816586965,0.17604335043312846,0.5864778347770949,jnt3,q3_act,True
0.27,xyz,0.10632984639999996,-0.28620209216000003,-0.12873403072,0.10643484517930799,-0.28612092776333314,-0.128659365788711,0.00015227361855182377,1.2146691411663728,1.3748391329342002,1.3861495259266896,-0.4128453043891724,2.277646992623988,9.165594219561335,4.6204984197556325,-1.3761510146305747,1.9269308588336271,0.19606086706579973,0.18475047407331036,1.1580546956108275,3.613253007376012,1.3064057804386646,0.6155015802443673,3.859848985369425,0.18475047407331036,0.6155015802443673,jnt3,q3_act,True
0.28,xyz,0.09714383360000003,-0.29171369983999995,-0.13057123327999998,0.09724656516685957,-0.2916341166161207,-0.1304922621956408,0.00015206477737231893,1.2489412953862624,1.3832080709099785,1.3766194927433506,-0.40550556626794093,2.3419112983053862,9.221387139399857,4.5887316424778355,-1.3516852208931365,1.8926587046137375,0.18769192909002141,0.19428050725664936,1.165394433732059,3.548988701694614,1.2506128606001425,0.6472683575221643,3.8843147791068633,0.18769192909002141,0.6472683575221643,jnt2,q3_act,True
0.29,xyz,0.08813508480000004,-0.29711894912,-0.13237298304,0.08823460686677381,-0.29704114851146546,-0.13229030460055202,0.00015097450385021208,1.2820567465181831,1.3916886669032902,1.3663670214511388,-0.3977487023639645,2.404006650137227,9.277924446021935,4.554556738170462,-1.3258290078798816,1.8595432534818168,0.17921133309670978,0.2045329785488612,1.1731512976360354,3.486893349862773,1.194075553978065,0.6814432618295374,3.9101709921201184,0.17921133309670978,0.6814432618295374,jnt2,q3_act,True
0.3,xyz,0.0793600000000001,-0.30238399999999993,-0.13412799999999997,0.0794555024054007,-0.3023081286363946,-0.13404231758943305,0.00014905921217150093,1.3137837363693419,1.400231601658279,1.3555119786733554,-0.3896617211743273,2.463498474347163,9.334877344388527,4.518373262244518,-1.2988724039144244,1.827816263630658,0.17066839834172098,0.21538802132664459,1.1812382788256728,3.4274015256528374,1.1371226556114724,0.7176267377554817,3.9371275960855754,0.17066839834172098,0.7176267377554817,jnt2,q3_act,True
0.31,xyz,0.07087267519999996,-0.30747639488,-0.13582546496,0.07096349391789102,-0.3074025769424689,-0.1357375811472609,0.00014635809496669987,1.3439259371232044,1.4087824242652323,1.3441909855527001,-0.3813411062209924,2.520018633270588,9.391882828434882,4.480636618509001,-1.2711370207366413,1.7976740628767955,0.1621175757347677,0.22670901444729985,1.1895588937790076,3.3708813667294124,1.0801171715651172,0.7553633814909988,3.9648629792633585,0.1621175757347677,0.7553633814909988,jnt2,q3_act,True
0.32,xyz,0.06272432639999978,-0.31236540416000014,-0.13745513472000004,0.06280994491676141,-0.31229377305645756,-0.13736594273479477,0.0001428872129759893,1.3723235739574242,1.4172810478725286,1.3325543321660338,-0.3728906559492568,2.5732675303908197,9.448540319150192,4.44184777388678,-1.2429688531641894,1.7692764260425757,0.15361895212747134,0.23834566783396616,1.198009344050743,3.3176324696091806,1.0234596808498075,0.7941522261132201,3.9930311468358104,0.15361895212747134,0.7941522261132201,jnt2,q3_act,True
0.33,xyz,0.05496271359999999,-0.31702237184,-0.13900745728,0.05504275393300515,-0.316953097040228,-0.13891792866666314,0.00013863919141803203,1.3988528688167914,1.4256617148661113,1.3207625020233298,-0.3644190815795041,2.623013067348193,9.504411432440742,4.4025416734111,-1.2147302719316804,1.7427471311832086,0.1452382851338887,0.2501374979766702,1.2064809184204959,3.267886932651807,0.9675885675592575,0.8334583265889002,4.02126972806832,0.1452382851338887,0.8334583265889002,jnt2,q3_act,True
0.34,xyz,0.047631564800000165,-0.3214210611199999,-0.14047368703999996,0.04770577151757344,-0.3213543670066981,-0.14038485505759202,0.00013358840810728215,1.4234241896918118,1.4338535411260065,1.308982351719661,-0.3560374105334026,2.6690871736204986,9.55902360750671,4.363274505732203,-1.1867913684446754,1.7181758103081881,0.13704645887399347,0.2619176482803389,1.2148625894665974,3.2218128263795016,0.9129763924932899,0.8727254942677964,4.049208631555325,0.13704645887399347,0.8727254942677964,jnt2,q3_act,True
0.35000000000000003,xyz,0.040770000000000084,-0.32553799999999994,-0.14184599999999997,0.04083822064942785,-0.32547417481101515,-0.14175893830405856,0.00012770062904107445,1.4459793377462182,1.4417816903269112,1.2973829878226313,-0.34785624363607204,2.7113807195691324,9.61187793551274,4.324609959408771,-1.1595208121202403,1.6956206622537817,0.1291183096730888,0.2735170121773687,1.223043756363928,3.179519280430868,0.8601220644872587,0.911390040591229,4.07647918787976,0.1291183096730888,0.8601220644872587,jnt2,q2_act,True
0.36,xyz,0.0344119551999999,-0.32935282688,-0.14311760896000003,0.03447412048003981,-0.3292922210652415,-0.14303340554082986,0.0001209454530973946,1.4664883934522068,1.4493691732896983,1.2861313857502439,-0.33998291288029797,2.7498376025730487,9.662461155264655,4.28710461916748,-1.1332763762676599,1.6751116065477931,0.12153082671030169,0.2847686142497561,1.230917087119702,3.1410623974269516,0.8095388447353447,0.9488953808325196,4.10272362373234,0.12153082671030169,0.8095388447353447,jnt2,q2_act,True
0.37,xyz,0.02858560640000002,-0.33284863615999993,-0.14428287872,0.02864171258100495,-0.3327916504728665,-0.144202605323696,0.00011330970937746669,1.4849464951749272,1.4565392149412697,1.275387801947582,-0.3325186022970789,2.7844487064971446,9.710261432941799,4.2512926731586065,-1.1083953409902632,1.6566535048250728,0.11436078505873026,0.295512198052418,1.238381397702921,3.1064512935028556,0.7617385670582006,0.9847073268413933,4.127604659009736,0.11436078505873026,0.7617385670582006,jnt2,q2_act,True
0.38,xyz,0.023312793599999826,-0.3360123238400001,-0.14533744128000003,0.02336288894824106,-0.3359593883614715,-0.14526211886409537,0.00010481018624246903,1.5013708533638723,1.4632180827657935,1.2653010621293541,-0.32555548323471567,2.815246302951195,9.754787218438624,4.217670207097847,-1.0851849441157189,1.6402291466361276,0.1076819172342065,0.30559893787064585,1.2453445167652843,3.0756536970488053,0.7172127815613756,1.0183297929021524,4.150815055884281,0.1076819172342065,0.7172127815613756,jnt2,q2_act,True
0.39,xyz,0.018608444800000234,-0.33883493311999985,-0.14627831103999994,0.01865262089242218,-0.33878647912800663,-0.1462088723623262,9.550416974577783e-05,1.515798228908719,1.4693382359426548,1.2560038269196103,-0.3191739384758623,2.84229932291153,9.795588239617699,4.186679423065368,-1.0639131282528744,1.6258017710912809,0.10156176405734518,0.31489617308038964,1.2517260615241377,3.04860067708847,0.676411760382301,1.0493205769346314,4.172086871747125,0.10156176405734518,0.676411760382301,jnt2,q2_act,True
0.4,xyz,0.014479999999999882,-0.34131200000000006,-0.147104,0.014518388050779964,-0.34126842704202237,-0.14704125082755234,8.549680551042111e-05,1.5282830342067673,1.4748416229510863,1.2476079779821028,-0.3134399413160922,2.8657097959999387,9.832277486340576,4.158693259940343,-1.0447998043869742,1.6133169657932327,0.09605837704891362,0.3232920220178972,1.2574600586839078,3.0251902040000616,0.6397225136594233,1.0773067400596572,4.191200195613026,0.09605837704891362,0.6397225136594233,jnt2,q2_act,True
0.41000000000000003,xyz,0.010926835200000262,-0.3434438988799998,-0.14781463295999994,0.01095960692781253,-0.3434055397762221,-0.1477592138224049,7.494456483433782e-05,1.5388961559137322,1.4796829399191045,1.2402002921158555,-0.3084026647875369,2.8856106430034356,9.86455293279403,4.134000973719519,-1.028008882625123,1.6027038440862678,0.09121706008089547,0.3306997078841445,1.262497335212463,3.0052893569965646,0.6074470672059693,1.101999026280481,4.207991117374877,0.09121706008089547,0.6074470672059693,jnt2,q2_act,True
0.42,xyz,0.007939686400000201,-0.34523618815999985,-0.14841206271999996,0.007967060062422152,-0.34520327537802187,-0.14836441248119467,6.40555529998936e-05,1.5477245461630402,1.4838326638768473,1.2338385544795083,-0.30409245445835087,2.9021649093625355,9.892217759178983,4.112795181598361,-1.0136415148611697,1.5938754538369597,0.08706733612315265,0.33706144552049166,1.2668075455416492,2.988735090637465,0.5797822408210163,1.1232048184016383,4.22235848513883,0.08706733612315265,0.5797822408210163,jnt2,q2_act,True
0.43,xyz,0.005500073599999933,-0.34669995584,-0.14889998528,0.005522316223944394,-0.346672588747996,-0.14886031366616104,5.308040117858367e-05,1.5548716225505688,1.487279665299927,1.228548450947759,-0.30051895040079873,2.9155665151895156,9.91519776866618,4.095161503159197,-1.001729834669329,1.5867283774494312,0.08362033470007302,0.34235154905224086,1.2703810495992012,2.9753334848104847,0.556802231333819,1.1408384968408027,4.2342701653306705,0.08362033470007302,0.556802231333819,jnt2,q2_act,True
0.44,xyz,0.003579724800000239,-0.34785216511999983,-0.14928405503999995,0.0035971668119084413,-0.347830286763486,-0.14925231477078488,4.2312302619900334e-05,1.5604583870336552,1.4900332716554616,1.2243211107193286,-0.29766993759848487,2.926042353335187,9.933555144369745,4.081070369064429,-0.9922331253282829,1.5811416129663447,0.08086672834453834,0.3465788892806714,1.2732300624015152,2.964857646664813,0.5384448556302548,1.1549296309355706,4.243766874671717,0.08086672834453834,0.5384448556302548,jnt2,q2_act,True
0.45,xyz,0.0021399999999995867,-0.34871600000000025,-0.1495720000000001,0.0021530424296243977,-0.34869937862542233,-0.14954787296085575,3.207006518936485e-05,1.564625321904144,1.4921247130209399,1.2211116155195365,-0.2955105089873101,2.933855844560555,9.947498086806267,4.0703720517317885,-0.9850350299577004,1.576974678095856,0.07877528697906011,0.34978838448046345,1.2753894910126897,2.957044155439445,0.524501913193733,1.1656279482682113,4.2509649700423,0.07877528697906011,0.524501913193733,jnt2,q2_act,True
0.46,xyz,0.0011313152000000937,-0.3493212108799999,-0.14977373695999996,0.0011404392439275477,-0.3493094297640292,-0.14975662713779236,2.268895958569297e-05,1.5675349031030201,1.4936078672725082,1.2188384538121722,-0.2939826866649488,2.939311650296306,9.957385781816722,4.062794846040574,-0.9799422888831627,1.5740650968969798,0.0772921327274918,0.3520615461878278,1.276917313335051,2.951588349703694,0.5146142181832776,1.173205153959426,4.256057711116837,0.0772921327274918,0.5146142181832776,jnt2,q2_act,True
0.47000000000000003,xyz,0.0004925663999997276,-0.3497044601600001,-0.14990148672000003,0.0004983427401822548,-0.34969691480040876,-0.14989052116934742,1.4510060591949469e-05,1.5693746571936824,1.4945593889741162,1.2173838202072733,-0.293005452104601,2.9427614048259563,9.963729259827442,4.057946067357578,-0.97668484034867,1.5722253428063175,0.07634061102588374,0.35351617979272665,1.277894547895399,2.948138595174044,0.5082707401725575,1.1780539326424222,4.2593151596513295,0.07634061102588374,0.5082707401725575,jnt2,q2_act,True
0.48,xyz,0.00015055359999993634,-0.34990966784,-0.14996988928,0.00015365131328351437,-0.34990556906246023,-0.14996392548094248,7.871639226114476e-06,1.5703606021625647,1.4950783445322262,1.2165945717028457,-0.29247510144849714,2.944610167190258,9.967188963548175,4.055315239009486,-0.9749170048283239,1.5712393978374353,0.07582165546777375,0.3543054282971543,1.2784248985515028,2.946289832809742,0.5048110364518248,1.1806847609905136,4.261082995171676,0.07582165546777375,0.5048110364518248,jnt2,q2_act,True
0.49,xyz,1.9404800000177858e-05,-0.34998835711999987,-0.14999611903999996,2.0599856612976804e-05,-0.3499867377523347,-0.14999375588932612,3.1040285195384856e-06,1.5707408645338592,1.4952855575620476,1.2162835403982606,-0.292265778864445,2.9453232037012174,9.968570383746984,4.0542784679942026,-0.9742192628814833,1.5708591354661408,0.07561444243795234,0.3546164596017394,1.278634221135555,2.945576796298783,0.5034296162530154,1.1817215320057972,4.261780737118516,0.07561444243795234,0.5034296162530154,jnt2,q2_act,True
0.5,xyz,0.0,-0.35,-0.15,1.8333809601440287e-07,-0.34999972208853813,-0.1499995887264136,5.29144215624836e-07,1.5707991995642547,1.4953229369993497,1.2162307900962452,-0.2922299858059963,2.9454325887197728,9.968819579995666,4.054102633654151,-0.9740999526866544,1.5708008004357452,0.07557706300065026,0.3546692099037547,1.2786700141940037,2.9454674112802275,0.5031804200043339,1.181897366345849,4.261900047313345,0.07557706300065026,0.5031804200043339,jnt2,q2_act,True
0.51,xyz,-1.9404800000000052e-05,-0.34998835712,-0.14999611904,-1.9230473075188758e-05,-0.34998856345603,-0.14999641514155268,4.0079990458371244e-07,1.5708546691902092,1.4952981259934803,1.2162709687027156,-0.29225676935337536,2.9455366007691905,9.968654173289869,4.0542365623423855,-0.9741892311779179,1.5707453308097907,0.07560187400651963,0.3546290312972844,1.2786432306466247,2.9453633992308097,0.503345826710131,1.1817634376576143,4.261810768822082,0.07560187400651963,0.503345826710131,jnt2,q2_act,True
0.52,xyz,-0.0001505536000000004,-0.34990966784,-0.14996988928,-0.0001493848717155412,-0.3499111407174712,-0.14997201673148822,2.8392505495019116e-06,1.5712266440612075,1.495116598075724,1.2165562740528462,-0.2924476903100339,2.946234097245842,9.967443987171494,4.055187580176154,-0.9748256343667798,1.5703733559387925,0.07578340192427602,0.3543437259471538,1.278452309689966,2.944665902754158,0.5045560128285054,1.1808124198238454,4.26117436563322,0.07578340192427602,0.5045560128285054,jnt2,q2_act,True
0.53,xyz,-0.0004925664000000012,-0.34970446015999995,-0.14990148672,-0.0004895117642581868,-0.3497083300530922,-0.1499070819669117,7.457456675258593e-06,1.5721994886934854,1.4946376676945266,1.2173053870868413,-0.29294952687306874,2.948058294943719,9.96425111796351,4.057684623622805,-0.9764984229102291,1.5694005113065146,0.07626233230547341,0.35359461291315863,1.277950473126931,2.9428417050562814,0.5077488820364895,1.1783153763771947,4.259501577089771,0.07626233230547341,0.5077488820364895,jnt2,q2_act,True
0.54,xyz,-0.0011313152000000028,-0.34932121087999995,-0.14977373696,-0.0011256000199012408,-0.34932845641508775,-0.149784218345892,1.3964974489314259e-05,1.5740218824073666,1.4937382177027776,1.2187076417378695,-0.29389023137288056,2.951475496732358,9.958254784685185,4.062358805792899,-0.9796341045762685,1.5675781175926333,0.07716178229722237,0.35219235826213047,1.2770097686271193,2.939424503267642,0.513745215314815,1.173641194207101,4.256365895423731,0.07716178229722237,0.513745215314815,jnt2,q2_act,True
0.55,xyz,-0.0021400000000000056,-0.34871599999999997,-0.14957199999999998,-0.002130958848943651,-0.3487274255460218,-0.14958853429598865,2.2037886880594967e-05,1.576910295797059,1.4923165682881905,1.2209188988077055,-0.2953753516518308,2.9568916103451324,9.948777121921271,4.069729662692352,-0.9845845055061028,1.5646897042029408,0.07858343171180948,0.3499811011922944,1.2755246483481693,2.934008389654868,0.5232228780787285,1.1662703373076475,4.251415494493897,0.07858343171180948,0.5232228780787285,jnt2,q2_act,True
0.56,xyz,-0.003579724800000009,-0.34785216511999995,-0.14928405504,-0.003566792721012796,-0.34786838876839493,-0.1493075332363627,3.133163159845055e-05,1.5810526069312179,1.490293372936271,1.2240594156807887,-0.2974886856253886,2.964658929179107,9.935289152908474,4.080198052269296,-0.9916289520846288,1.560547393068782,0.0806066270637289,0.3468405843192113,1.2734113143746113,2.9262410708208932,0.5367108470915252,1.155801947730704,4.244371047915371,0.0806066270637289,0.5367108470915252,jnt2,q2_act,True
0.5700000000000001,xyz,-0.005500073600000013,-0.34669995583999996,-0.14889998527999998,-0.005482776750934523,-0.3467214103351366,-0.1489310231129597,4.1506908147886114e-05,1.5866115498731048,1.4876120257404546,1.228213273148687,-0.3002908739495693,2.9750825986744887,9.917413504936365,4.094044243828957,-1.0009695798318978,1.5549884501268951,0.08328797425954537,0.34268672685131296,1.2706091260504306,2.9158174013255116,0.554586495063635,1.1419557561710425,4.235030420168102,0.08328797425954537,0.554586495063635,jnt2,q2_act,True
0.58,xyz,-0.00793968639999999,-0.34523618816,-0.14841206272,-0.007917632009143463,-0.3452631237775928,-0.14845099758432032,5.222879771541954e-05,1.5937277847627396,1.4842386105054532,1.2334279033396174,-0.3038194949435428,2.988426373078454,9.894924070036355,4.111426344465391,-1.0127316498118095,1.5478722152372604,0.08666138949454671,0.3374720966603826,1.267080505056457,2.9024736269215463,0.5770759299636445,1.1245736555346086,4.2232683501881905,0.08666138949454671,0.5770759299636445,jnt2,q2_act,True
0.59,xyz,-0.01092683519999999,-0.34344389888,-0.14781463296,-0.010899701183712234,-0.3434763944948733,-0.14786153066843272,6.317922824901389e-05,1.6025224352951162,1.4801612587078072,1.239714549779869,-0.30808928402314334,3.0049173735141874,9.867741724718716,4.132381832599563,-1.0269642800771446,1.5390775647048838,0.09073874129219273,0.331185450220131,1.2628107159768567,2.885982626485813,0.6042582752812837,1.1036181674004366,4.209035719922856,0.09073874129219273,0.6042582752812837,jnt2,q2_act,True
0.6,xyz,-0.014479999999999991,-0.341312,-0.14710399999999998,-0.014447524756017625,-0.3413499819598372,-0.1471586702262769,7.406824141260972e-05,1.6130989824435435,1.4753888229931917,1.2470496687512749,-0.3130928143304141,3.0247496389340776,9.835925486621278,4.1568322291709165,-1.0436427144347136,1.5285010175564564,0.09551117700680822,0.3238503312487251,1.2578071856695858,2.8661503610659227,0.6360745133787216,1.0791677708290832,4.192357285565286,0.09551117700680822,0.6360745133787216,jnt2,q2_act,True
0.61,xyz,-0.018608444799999995,-0.33883493311999996,-0.14627831104,-0.018570417969546164,-0.3388782010878493,-0.1463403308622861,8.464405019003229e-05,1.6255444387693985,1.4699488872031288,1.2553772583526293,-0.31880165280125106,3.048086328088128,9.799659248020859,4.184590861175431,-1.0626721760041702,1.5160555612306015,0.10095111279687119,0.3155227416473707,1.252098347198749,2.8428136719118724,0.6723407519791404,1.0514091388245683,4.173327823995829,0.10095111279687119,0.6723407519791404,jnt2,q2_act,True
0.62,xyz,-0.023312793599999996,-0.33601232383999996,-0.14533744128,-0.023269048811767824,-0.33606058192822547,-0.14540618555998747,9.470071598278705e-05,1.6399297574366898,1.4638851986635444,1.2646120199742195,-0.32516797870212355,3.075060486474198,9.759234657756963,4.215373399914065,-1.0838932623404118,1.5016702425633102,0.10701480133645558,0.3062879800257805,1.2457320212978764,2.8158395135258023,0.7127653422430367,1.0206266000859348,4.152106737659588,0.10701480133645558,0.7127653422430367,jnt2,q2_act,True
0.63,xyz,-0.028585606400000005,-0.33284863616,-0.14428287872,-0.028536017101857863,-0.33290152691449365,-0.14435755534156763,0.0001040823145875108,1.6563094581847142,1.4572546620683575,1.2746432024376062,-0.3321266165797146,3.105774344992901,9.715031080455717,4.248810674792021,-1.107088721932382,1.4852905418152857,0.11364533793164244,0.29625679756239376,1.2387733834202854,2.785125655007099,0.756968919544283,0.9871893252079786,4.128911278067617,0.11364533793164244,0.756968919544283,jnt2,q2_act,True
0.64,xyz,-0.034411955200000004,-0.32935282688,-0.14311760896,-0.034356434872704816,-0.3294099661319714,-0.14319729803708234,0.00011268429289411594,1.6747204836759457,1.450124031471709,1.2853391280561701,-0.33959709643075686,3.140297175465865,9.667493543144728,4.284463760187234,-1.1319903214358562,1.4668795163240542,0.12077596852829098,0.28556087194382984,1.231302903569243,2.7506028245341354,0.8045064568552718,0.951536239812766,4.104009678564143,0.12077596852829098,0.8045064568552718,jnt2,q2_act,True
0.65,xyz,-0.04077000000000002,-0.325538,-0.141846,-0.040708506284353324,-0.32559900574063233,-0.1419296887403371,0.00012044493643713943,1.6951803332169972,1.4425667050321413,1.2965512676967035,-0.3474873176865031,3.178661791143816,9.617111366880943,4.321837558989012,-1.1582910589550104,1.4464196667830027,0.1283332949678586,0.2743487323032965,1.223412682313497,2.712238208856184,0.8548886331190566,0.9141624410109879,4.077708941044989,0.1283332949678586,0.8548886331190566,jnt2,q2_act,True
0.66,xyz,-0.04763156480000002,-0.32142106111999996,-0.14047368704,-0.04756411007198698,-0.3214855813185697,-0.14056031029689675,0.00012734435594164675,1.7176845779371432,1.4346594212880648,1.308119549326645,-0.355695426705096,3.2208598873751044,9.564396141920433,4.360398497755484,-1.18565142235032,1.4239154220628567,0.13624057871193518,0.26278045067335487,1.215204573294904,2.670040112624896,0.9076038580795665,0.8756015022445158,4.05034857764968,0.13624057871193518,0.8756015022445158,jnt2,q3_act,True
0.67,xyz,-0.05496271360000003,-0.31702237184,-0.13900745728,-0.05488937953809453,-0.31709010158039147,-0.1390959310690443,0.00013338970618797754,1.7422039040320576,1.4264793949435404,1.3198769622226778,-0.36411307686637756,3.266836497341192,9.509862632956937,4.399589874075593,-1.2137102562212585,1.3993960959679423,0.1444206050564596,0.25102303777732216,1.2067869231336223,2.6240635026588084,0.9621373670430629,0.8364101259244068,4.0222897437787415,0.1444206050564596,0.8364101259244068,jnt2,q3_act,True
0.68,xyz,-0.06272432640000003,-0.31236540415999997,-0.13745513471999998,-0.06264528232459897,-0.3124360937378539,-0.13754438681831177,0.0001386034607296453,1.7686809144292208,1.4181018939690475,1.3316541846188583,-0.37262840715340445,3.3164839948044644,9.454012626460317,4.438847282062861,-1.2420946905113481,1.3729190855707791,0.15279810603095245,0.23924581538114165,1.1982715928465955,2.574416005195536,1.0179873735396825,0.7971527179371387,3.9939053094886514,0.15279810603095245,0.7971527179371387,jnt2,q3_act,True
0.6900000000000001,xyz,-0.07087267520000007,-0.30747639487999995,-0.13582546495999998,-0.07078819790058319,-0.30754984730998663,-0.13591446113743386,0.00014301046530083413,1.7970269843108972,1.4095983826531309,1.3432840080111794,-0.3811289786754167,3.3696361978452978,9.397322551020872,4.477613360037265,-1.2704299289180556,1.3445730156891027,0.1613016173468691,0.22761599198882054,1.1897710213245833,2.5212638021547025,1.074677448979127,0.758386639962735,3.9655700710819444,0.1613016173468691,0.758386639962735,jnt2,q3_act,True
0.7000000000000001,xyz,-0.07936000000000007,-0.30238399999999993,-0.13412799999999997,-0.07927049226279034,-0.3024600579926242,-0.1342157656367521,0.00014662626046158645,1.82711953832596,1.4010352973827145,1.3546054936513645,-0.3895046086325856,3.426063263315132,9.340235315884764,4.515351645504548,-1.298348695441952,1.31448046167404,0.16986470261728548,0.21629450634863545,1.1813953913674142,2.4648367366848682,1.131764684115236,0.7206483544954514,3.937651304558048,0.16986470261728548,0.7206483544954514,jnt2,q3_act,True
0.71,xyz,-0.08813508479999994,-0.29711894912000003,-0.13237298304,-0.08804108924293222,-0.29719747270026164,-0.13245862013410303,0.00014944841682662706,1.8588001660960154,1.3924734621053712,1.365467818559083,-0.39765004410267796,3.4854681531896032,9.283156414035808,4.551559395196944,-1.3255001470089265,1.2827998339039846,0.1784265378946288,0.20543218144091702,1.173249955897322,2.405431846810397,1.1888435859641913,0.684440604803056,3.910499852991073,0.1784265378946288,0.684440604803056,jnt2,q3_act,True
0.72,xyz,-0.09714383359999999,-0.29171369984,-0.13057123328,-0.09704603831893513,-0.29179453714658643,-0.13065393322371904,0.0001514525266406449,1.8918740048127596,1.3839680932617027,1.375733768767765,-0.40546742590017126,3.5474854768662283,9.226453955078018,4.585779229225884,-1.3515580863339043,1.2497259951872404,0.1869319067382973,0.19516623123223487,1.1654325740998286,2.343414523133772,1.2455460449219817,0.6502207707741157,3.8844419136660955,0.1869319067382973,0.6502207707741157,jnt2,q3_act,True
0.73,xyz,-0.10632984640000001,-0.28620209216,-0.12873403072,-0.10622907948041316,-0.28628504710922226,-0.12881308325279628,0.0001525935733410836,1.9261107749917081,1.3755692837804157,1.3852828379272708,-0.412868490898871,3.6116834333240355,9.170461891869438,4.61760945975757,-1.3762283029962368,1.2154892250082918,0.1953307162195843,0.18561716207272916,1.158031509101129,2.2792165666759647,1.3015381081305613,0.6183905402424301,3.859771697003763,0.18561716207272916,0.6183905402424301,jnt3,q3_act,True
0.74,xyz,-0.11563499519999998,-0.28061900288,-0.12687300096,-0.11553220638035615,-0.28070380430860953,-0.12694779992920935,0.00015281266155906255,1.9612477456788528,1.367322809285793,1.3940138701154925,-0.41977647898043585,3.677569371233551,9.11548539523862,4.646712900384975,-1.3992549299347863,1.180352254321147,0.203577190714207,0.17688612988450747,1.151123521019564,2.213330628766449,1.3565146047613794,0.5892870996150243,3.8367450700652137,0.17688612988450747,0.5892870996150243,jnt3,q3_act,True
0.75,xyz,-0.125,-0.275,-0.125,-0.12489622953233756,-0.2750862771506331,-0.12507004653159565,0.00015204793082717499,1.9969947292796157,1.3592710631583522,1.4018471842453004,-0.4261277036126655,3.7445991548464574,9.061807087722348,4.672823947484335,-1.4204256787088851,1.1446052707203842,0.21162893684164774,0.16905281575469955,1.1447722963873344,2.146300845153543,1.410192912277651,0.563176052515665,3.8155743212911144,0.16905281575469955,0.563176052515665,jnt3,q3_act,True
0.76,xyz,-0.13436500480000002,-0.26938099711999997,-0.12312699903999999,-0.13426134116973507,-0.26946826522536815,-0.12319190166069055,0.00015024719839905562,2.033040980352941,1.3514539726309198,1.4087259221922714,-0.43187306573522916,3.8121901000430167,9.009693150872799,4.695753073974238,-1.4395768857840971,1.1085590196470592,0.21944602736908014,0.16217407780772852,1.1390269342647708,2.0787098999569835,1.4623068491272004,0.5402469260257616,3.7964231142159024,0.16217407780772852,0.5402469260257616,jnt3,q3_act,True
0.77,xyz,-0.14367015360000004,-0.26379790783999996,-0.12126596928,-0.14356768727105945,-0.263885569962901,-0.12132544741963405,0.00014738264976723572,2.069063637315369,1.3439094307763335,1.414617566160257,-0.43697778573666435,3.8797368035165363,8.959396205175556,4.715391887200856,-1.4565926191222145,1.0725363626846312,0.22699056922366645,0.15628243383974305,1.1339222142633356,2.011163196483464,1.512603794824443,0.5206081127991435,3.7794073808777853,0.15628243383974305,0.5206081127991435,jnt3,q3_act,True
0.78,xyz,-0.15285616639999997,-0.25828630016000004,-0.11942876672000001,-0.15275593892574726,-0.2583736591289659,-0.11948264503120379,0.00014345734025148464,2.1047371168344835,1.3366737141311495,1.419513388093191,-0.44142303516921316,3.946628758362054,8.911158094207664,4.73171129364397,-1.4714101172307106,1.0368628831655164,0.23422628586885041,0.15138661190680902,1.1294769648307867,1.9442712416379462,1.5608419057923353,0.5042887063560295,3.764589882769289,0.15138661190680902,0.5042887063560295,jnt3,q3_act,True
0.79,xyz,-0.16186491520000001,-0.25288105088,-0.11762701696,-0.16176787580307178,-0.25296733702965923,-0.11767522419703783,0.000138513110866914,2.1397427619715574,1.3297812308438062,1.4234280720361099,-0.4452055371223066,4.012268445474512,8.865208205625375,4.744760240120367,-1.4840184570743553,1.0018572380284425,0.2411187691561938,0.14747192796389008,1.1256944628776933,1.8786315545254881,1.6067917943746242,0.4912397598796332,3.7519815429256447,0.14747192796389008,0.4912397598796332,jnt3,q3_act,True
0.8,xyz,-0.17064000000000007,-0.24761599999999995,-0.11587199999999999,-0.17054697169503608,-0.24770040787853062,-0.11591456619045107,0.0001326304491888656,2.1737779819516825,1.3232638524933102,1.4263985366018002,-0.44833689940066374,4.076088471688886,8.82175901662207,4.754661788672667,-1.494456331335546,0.9678220180483175,0.24763614750668972,0.1445014633981998,1.1225631005993362,1.8148115283111146,1.6502409833779303,0.48133821132733257,3.7415436686644536,0.1445014633981998,0.48133821132733257,jnt3,q3_act,True
0.81,xyz,-0.17912732480000007,-0.24252360511999996,-0.11417453504,-0.1790389833746816,-0.2426053341224226,-0.11421158643089149,0.00012592316240983572,2.206564219882404,1.3171499784121348,1.4284819139876979,-0.45084275782284483,4.137566510186394,8.780999856080898,4.761606379958993,-1.5028091927428162,0.9350357801175959,0.2537500215878652,0.1424180860123021,1.120057242177155,1.7533334898136061,1.6910001439191014,0.47439362004100705,3.7331908072571833,0.1424180860123021,0.47439362004100705,jnt3,q3_act,True
0.8200000000000001,xyz,-0.18727567360000003,-0.23763459584,-0.11254486527999999,-0.18719254056977647,-0.23771288989978573,-0.11257661760590443,0.00011852961955657163,2.237853253542928,1.3114634474560063,1.4297529142777718,-0.45276149000500754,4.196237115212691,8.74308964970671,4.765843047592573,-1.5092049666833585,0.9037467464570721,0.25943655254399367,0.14114708572222812,1.1181385099949925,1.6946628847873093,1.7289103502932903,0.47015695240742694,3.726795033316641,0.14114708572222812,0.47015695240742694,jnt3,q3_act,True
0.8300000000000001,xyz,-0.19503728640000007,-0.23297762815999995,-0.11099254271999999,-0.19495973463344887,-0.2330518100824186,-0.11101929255663046,0.00011060193429001865,2.2674315666866747,1.3062224655633905,1.4303007154377774,-0.45414248271785934,4.251699918782439,8.708149770422605,4.767669051459258,-1.513808275726198,0.8741684333133253,0.26467753443660946,0.1405992845622226,1.1167575172821407,1.6392000812175613,1.763850229577395,0.46833094854074186,3.722191724273802,0.1405992845622226,0.46833094854074186,jnt3,q3_act,True
0.84,xyz,-0.2023684352000001,-0.22857893887999994,-0.10952631295999998,-0.20229670412963438,-0.22864843608437532,-0.10954842677771617,0.00010229481319105011,2.295122771176928,1.3014387351581818,1.430225461832151,-0.45504407647681555,4.3036241724675195,8.676258234387879,4.767418206107171,-1.5168135882560518,0.8464772288230717,0.2694612648418182,0.14067453816784892,1.1158559235231844,1.5872758275324808,1.7957417656121208,0.46858179389282917,3.719186411743948,0.14067453816784892,0.46858179389282917,jnt3,q3_act,True
0.85,xyz,-0.20922999999999992,-0.22446200000000005,-0.10815400000000003,-0.20916421653039913,-0.22452636024575243,-0.10817190095384902,9.375580117906149e-05,2.320788271244359,1.2971169192973753,1.4296345210433243,-0.45553123680837343,4.351749992957733,8.647446128649168,4.765448403477748,-1.5184374560279115,0.8208117287556411,0.2737830807026247,0.14126547895667563,1.1153687631916265,1.5391500070422675,1.8245538713508314,0.47055159652225154,3.7175625439720883,0.14126547895667563,0.47055159652225154,jnt3,q3_act,True
0.86,xyz,-0.2155880448000001,-0.22064717311999996,-0.10688239103999998,-0.2155282459691891,-0.22070607045774004,-0.10689654380672611,8.51181376983616e-05,2.344326513035541,1.293254522132455,1.4286386329361467,-0.45567305081221987,4.395886954876319,8.621696814216367,4.762128776453823,-1.5189101693740663,0.7972734869644591,0.277645477867545,0.14226136706385328,1.1152269491877802,1.495013045123681,1.8503031857836323,0.47387122354617706,3.7170898306259335,0.14226136706385328,0.47387122354617706,jnt3,q3_act,True
0.87,xyz,-0.22141439359999998,-0.21715136384000003,-0.10571712128,-0.22136054759138835,-0.21720459623018948,-0.10572801540275159,7.649680986297928e-05,2.365671245435396,1.289842198142496,1.4273480958024922,-0.4555401392917206,4.435910829618218,8.59894798761664,4.757826986008308,-1.518467130972402,0.7759287545646041,0.28105780185750406,0.14355190419750774,1.1153598607082793,1.4549891703817819,1.8730520123833596,0.4781730139916922,3.7175328690275977,0.14355190419750774,0.4781730139916922,jnt3,q3_act,True
0.88,xyz,-0.22668720640000017,-0.2139876761599999,-0.10466255871999997,-0.22663922955556287,-0.21403515696003222,-0.10467069125191528,6.798780809251959e-05,2.384789236745299,1.2868644458689038,1.4258691156532126,-0.45520209796688244,4.4717593038539265,8.579096305792692,4.752897052177375,-1.5173403265562748,0.756810763254701,0.28403555413109616,0.14503088434678735,1.1156979020331175,1.4191406961460737,1.8929036942073072,0.48310294782262453,3.718659673443725,0.14503088434678735,0.48310294782262453,jnt3,q3_act,True
0.89,xyz,-0.23139155519999977,-0.21116506688000014,-0.10372168896000006,-0.23134932369495362,-0.2112068126849715,-0.10372754728387876,5.967019532259339e-05,2.4016778601033626,1.2843005897539748,1.4243004417564487,-0.4547250725268035,4.503427451909549,8.562003931693166,4.747668139188162,-1.5157502417560118,0.7399221398966374,0.2865994102460252,0.1465995582435513,1.1161749274731965,1.387472548090451,1.9099960683068335,0.48833186081183744,3.720249758243988,0.1465995582435513,0.48833186081183744,jnt3,q3_act,True
0.9,xyz,-0.23552000000000012,-0.20868799999999993,-0.10289599999999999,-0.23548335587584207,-0.20872411718357536,-0.10290004573395697,5.1610180662179026e-05,2.416362898047088,1.2821259215966323,1.4227303975659717,-0.45416957024507787,4.530963619064482,8.547506143977548,4.74243465855324,-1.513898567483593,0.7252371019529118,0.28877407840336766,0.1481696024340282,1.116730429754922,1.359936380935518,1.9244938560224512,0.49356534144676,3.722101432516407,0.1481696024340282,0.49356534144676,jnt3,q3_act,True
0.91,xyz,-0.23907316479999974,-0.20655610112000017,-0.10218536704000006,-0.239041916780438,-0.20658677306083173,-0.10218802198431728,4.386633572835001e-05,2.4288968385691985,1.2803128591100568,1.4212344015666627,-0.45358860172794707,4.554466226456401,8.535419060733712,4.737448005222209,-1.5119620057598235,0.7127031614308015,0.2905871408899432,0.14966559843333727,1.1173113982720528,1.3364337735435994,1.9365809392662872,0.4985519947777908,3.7240379942401765,0.14966559843333727,0.4985519947777908,jnt3,q3_act,True
0.92,xyz,-0.24206031360000002,-0.20476381184,-0.10158793728,-0.24203423360408216,-0.20478928836796603,-0.10158957223325624,3.6495105650340705e-05,2.43935785472071,1.2788319811680944,1.4198730576239245,-0.45302622935950665,4.574081857717439,8.52554654112063,4.732910192079748,-1.5100874311983556,0.70224214527929,0.2920680188319056,0.1510269423760755,1.1178737706404933,1.3168181422825613,1.94645345887937,0.5030898079202517,3.725912568801644,0.1510269423760755,0.5030898079202517,jnt3,q3_act,True
0.93,xyz,-0.24449992639999973,-0.20330004416000017,-0.10110001472000006,-0.24447874286369972,-0.203320634233268,-0.10110094182512769,2.9555927514898633e-05,2.4478495844067463,1.2776528177706314,1.4186908730939076,-0.45251658142282764,4.590004846065528,8.51768545180421,4.728969576979693,-1.5083886047427588,0.6937504155932537,0.2932471822293685,0.15220912690609234,1.1183834185771724,1.300895153934472,1.9543145481957893,0.5070304230203071,3.7276113952572407,0.15220912690609234,0.5070304230203071,jnt3,q3_act,True
0.9400000000000001,xyz,-0.24642027519999987,-0.2021478348800001,-0.10071594496000003,-0.24640366430361463,-0.20216390304848683,-0.10071641405364182,2.311553516759038e-05,2.4545017592114236,1.2767443023183285,1.417715639351496,-0.4520833637076428,4.602478453424758,8.51162868212219,4.72571879783832,-1.5069445456921426,0.6870982407885764,0.2941556976816715,0.15318436064850394,1.1188166362923573,1.2884215465752424,1.9603713178778097,0.5102812021616794,3.729055454307857,0.15318436064850394,0.5102812021616794,jnt3,q3_act,True
0.9500000000000001,xyz,-0.24785999999999997,-0.20128400000000002,-0.10042800000000002,-0.24784757501880286,-0.20129596671831018,-0.10042819910021153,1.7251728775907665e-05,2.459471669512786,1.2760748320263005,1.416958477637194,-0.4517398756626521,4.611797617687579,8.507165546842003,4.723194925457314,-1.5057995855421737,0.6821283304872141,0.2948251679736995,0.153941522362806,1.119160124337348,1.2791023823124217,1.9648344531579962,0.512805074542686,3.7302004144578262,0.153941522362806,0.512805074542686,jnt3,q3_act,True
0.96,xyz,-0.24886868480000035,-0.2006787891199998,-0.10022626303999993,-0.24885998835576184,-0.20068713508776662,-0.10022632301599677,1.205350229096238e-05,2.462946407503658,1.2756119325187478,1.4164144957347977,-0.4514895061275778,4.618313158641774,8.504079550124986,4.721381652449326,-1.5049650204252594,0.6786535924963419,0.29528806748125214,0.15448550426520224,1.119410493872422,1.2725868413582262,1.9679204498750131,0.514618347550674,3.7310349795747406,0.15448550426520224,0.514618347550674,jnt3,q3_act,True
0.97,xyz,-0.24950743359999983,-0.20029553984000012,-0.10009851328000004,-0.24950192381869624,-0.20030081299008606,-0.10009851582284143,7.626520065425864e-06,2.465145744973373,1.2753215468581776,1.4160640140407597,-0.4513266373793789,4.622437174148459,8.502143645721183,4.720213380135866,-1.5044221245979297,0.676454255026627,0.2955784531418224,0.1548359859592403,1.119573362620621,1.2684628258515414,1.9698563542788161,0.5157866198641337,3.73157787540207,0.1548359859592403,0.5157866198641337,jnt3,q3_act,True
0.98,xyz,-0.24984944640000006,-0.20009033215999997,-0.10003011072,-0.24984648854649472,-0.20009315747282347,-0.10003009915611225,4.0904062919516e-06,2.466325510362229,1.2751670524857963,1.4158741526071037,-0.45123785212003464,4.624649372514961,8.501113683238643,4.7195805086903455,-1.5041261737334488,0.6752744896377711,0.29573294751420365,0.15502584739289627,1.1196621478799653,1.2662506274850394,1.9708863167613568,0.5164194913096543,3.731873826266551,0.15502584739289627,0.5164194913096543,jnt3,q3_act,True
0.99,xyz,-0.24998059519999982,-0.20001164288000012,-0.10000388096000004,-0.24997945208655256,-0.2000127334811431,-0.10000387235966457,1.5799345467907411e-06,2.466781206631492,1.2751081103315405,1.4158006207307825,-0.4512032903185918,4.625503856425074,8.500720735543604,4.7193354024359415,-1.5040109677286393,0.6748187933685079,0.2957918896684595,0.15509937926921746,1.119696709681408,1.2653961435749261,1.9712792644563955,0.5166645975640582,3.7319890322713603,0.15509937926921746,0.5166645975640582,jnt3,q3_act,True
1.0,xyz,-0.25,-0.2,-0.1,-0.24999982157229844,-0.2000001693010917,-0.09999999676770757,2.4598730058482717e-07,2.4668515980297885,1.2750995125819697,1.415789402851653,-0.45119793817754683,4.625635848546388,8.500663417213133,4.7192980095055095,-1.5039931272584894,0.6747484019702115,0.2958004874180302,0.15511059714834707,1.1197020618224531,1.2652641514536125,1.9713365827868667,0.5167019904944903,3.7320068727415103,0.15511059714834707,0.5167019904944903,jnt3,q3_act,True
0.0,xyz_pitch,0.25,-0.2,-0.1,0.2500018897346628,-0.20000130974245994,-0.10000051820964967,2.4339153120924936e-06,0.6747446839733385,1.2749341283866145,1.4163231097572249,-0.4503314335627226,1.2652253590349494,8.499560855910763,4.721077032524083,-1.5011047785424088,2.4668553160266615,0.2959658716133855,0.1545768902427751,1.1205685664372773,4.625674640965051,1.9724391440892362,0.5149229674759166,3.734895221457591,0.1545768902427751,0.5149229674759166,jnt3,q3_act,True
0.01,xyz_pitch,0.2499805952,-0.20001164288,-0.10000388096,0.24998117941000841,-0.20001181811589686,-0.10000398805888228,6.377027755252314e-07,0.6748107263462589,1.2749293136947708,1.4163731568970148,-0.4502857456494599,1.2653491962239996,8.49952875796514,4.721243856323383,-1.5009524854981997,2.466789273653741,0.29597068630522916,0.15452684310298515,1.12061425435054,4.625550803776001,1.9724712420348602,0.5147561436766166,3.7350475145018,0.15452684310298515,0.5147561436766166,jnt3,q3_act,True
0.02,xyz_pitch,0.2498494464,-0.20009033216000002,-0.10003011072000001,0.2498525494609214,-0.20009086300764817,-0.1000304394919451,3.2571176655295232e-06,0.675254597162371,1.2749366044841932,1.4166140914170862,-0.4500381336000592,1.2661815060235722,8.499577363227955,4.722046971390287,-1.5001271120001973,2.466345402837629,0.29596339551580675,0.1542859085829138,1.1208618663999408,4.624718493976428,1.9724226367720448,0.5139530286097127,3.735872887999802,0.1542859085829138,0.5139530286097127,jnt3,q3_act,True
0.03,xyz_pitch,0.2495074336,-0.20029553984,-0.10009851328000001,0.2495155799064033,-0.2002969604782204,-0.10009938969304072,8.557085402723255e-06,0.6764156915418303,1.2749539164027355,1.4172481480637757,-0.44938800899076575,1.2683586940593106,8.499692776018238,4.724160493545919,-1.4979600299692193,2.4651843084581695,0.2959460835972645,0.15365185193622422,1.1215119910092342,4.62254130594069,1.9723072239817618,0.5118395064540806,3.7380399700307807,0.15365185193622422,0.5118395064540806,jnt3,q3_act,True
0.04,xyz_pitch,0.2488686848,-0.20067878912,-0.10022626304,0.2488839497482816,-0.20068148623083648,-0.100227920218596,1.6042359618564728e-05,0.6785903476956262,1.274984572767271,1.418437629746329,-0.4481696237254263,1.2724364292061245,8.499897151781807,4.728125432487763,-1.493898745751421,2.4630096523043736,0.2959154272327289,0.15246237025367093,1.1227303762745737,4.6184635707938755,1.9721028482181922,0.5078745675122365,3.7421012542485785,0.15246237025367093,0.5078745675122365,jnt3,q3_act,True
0.05,xyz_pitch,0.24786,-0.20128400000000002,-0.100428,0.24788405247493922,-0.2012882448977806,-0.10043059426493087,2.5273213879816503e-05,0.6820351138899731,1.275036347112426,1.4203085415555938,-0.44624908918497036,1.278895769529295,8.50024231408284,4.734361805185313,-1.4874969639499012,2.459564886110027,0.295863652887574,0.15059145844440613,1.1246509108150295,4.612004230470705,1.9717576859171597,0.5016381948146869,3.7485030360500984,0.15059145844440613,0.5016381948146869,jnt3,q3_act,True
0.06,xyz_pitch,0.2464202752,-0.20214783488000002,-0.10071594496000001,0.24645434513361733,-0.20215375301886454,-0.10071953449690035,3.576920452131926e-05,0.6869703730468085,1.2751232409050193,1.4229469807333393,-0.44352618520537646,1.2881499588351932,8.500821606033462,4.743156602444464,-1.4784206173512549,2.4546296269531913,0.2957767590949807,0.1479530192666607,1.1273738147946235,4.602750041164807,1.9711783939665377,0.49284339755553574,3.757579382648745,0.1479530192666607,0.49284339755553574,jnt3,q3_act,True
0.07,xyz_pitch,0.2444999264,-0.20330004416,-0.10110001472,0.24454480187729769,-0.2033076043364043,-0.10110455490411305,4.704505423788827e-05,0.6935837259980713,1.2752674296296695,1.4263950561183927,-0.43993650127224687,1.3005507706695505,8.501782864197798,4.754650187061309,-1.4664550042408229,2.4480162740019287,0.2956325703703304,0.14450494388160728,1.130963498727753,4.5903492293304495,1.9702171358022014,0.4813498129386904,3.769544995759177,0.14450494388160728,0.4813498129386904,jnt3,q3_act,True
0.08,xyz_pitch,0.2420603136,-0.20476381184,-0.10158793728000001,0.24211632301429434,-0.2047727954191382,-0.10159326158909099,5.859251921976575e-05,0.7020329001045408,1.2755003835078371,1.4306483672055332,-0.435452832736806,1.316393962318659,8.503335890052249,4.768827890685111,-1.4515094424560202,2.4395670998954593,0.29539961649216284,0.14025163279446673,1.135447167263194,4.574506037681341,1.9686641099477509,0.4671721093148884,3.78449055754398,0.14025163279446673,0.4671721093148884,jnt3,q3_act,True
0.09,xyz_pitch,0.2390731648,-0.20655610112,-0.10218536704,0.23914018999577308,-0.206566088824551,-0.10219118268153299,6.991902771898656e-05,0.7124480162924967,1.2758634494226468,1.4356545206782987,-0.43008608984215596,1.3359235257687918,8.505756329484313,4.785515068927663,-1.4336202994738532,2.429151983707503,0.2950365505773531,0.13524547932170128,1.140813910157844,4.554976474231209,1.966243670515686,0.4504849310723369,3.8023797005261466,0.13524547932170128,0.4504849310723369,jnt3,q3_act,True
0.1,xyz_pitch,0.23552,-0.208688,-0.102896,0.23559750570997132,-0.20869836384100202,-0.10290188829646871,8.056981555004203e-05,0.7249330888270731,1.27640749291755,1.4413135019176588,-0.4238852882862514,1.3593344999570094,8.509383286117,4.804378339725529,-1.4129509609541713,2.4166669111729266,0.29449250708245,0.12958649808234113,1.1470147117137486,4.531565500042991,1.9626167138829995,0.43162166027447046,3.8230490390458285,0.12958649808234113,0.43162166027447046,jnt3,q3_act,True
0.11,xyz_pitch,0.2313915552,-0.21116506688,-0.10372168896,0.23147863592283685,-0.21117496963870336,-0.10372711206289009,9.015370191467511e-05,0.7395666914179301,1.277191688955331,1.447479799610668,-0.4169366383964025,1.3867742197973563,8.514611259702207,4.824932665368894,-1.389788794654675,2.40203330858207,0.293708311044669,0.12342020038933188,1.1539633616035974,4.504125780202644,1.9573887402977928,0.411067334631106,3.846211205345325,0.12342020038933188,0.411067334631106,jnt3,q3_act,True
0.12,xyz_pitch,0.2266872064,-0.21398767616,-0.10466255872,0.22678264806929188,-0.2139960786339639,-0.10466687216273535,9.836874664096488e-05,0.7564017757987744,1.2782815307948208,1.4539662578798809,-0.40936168834240527,1.418341975996202,8.521876871965473,4.8465541929329365,-1.364538961141351,2.3851982242012255,0.2926184692051792,0.11693374212011909,1.1615383116575946,4.472558024003798,1.9501231280345266,0.3894458070670632,3.871461038858649,0.11693374212011909,0.3894458070670632,jnt3,q3_act,True
0.13,xyz_pitch,0.22141439359999998,-0.21715136384,-0.10571712128,0.22151674581071126,-0.21715703968458858,-0.10571959149263668,0.00010502683974650907,0.7754646895675661,1.2797462120338323,1.460549513754808,-0.4013145082321923,1.4540871733875231,8.531641413558882,4.868498379182693,-1.337715027440641,2.366135310432434,0.29115378796616764,0.11035048624519206,1.1695854917678077,4.436812826612477,1.9403585864411177,0.36750162081730675,3.8982849725593587,0.11035048624519206,0.36750162081730675,jnt3,q3_act,True
0.14,xyz_pitch,0.2155880448,-0.22064717312,-0.10688239104000001,0.21569569867852958,-0.22064873084189768,-0.10688221650752555,0.00011007715387393383,0.7967535064709051,1.2816555948634076,1.4669768086914718,-0.3929779132191169,1.4940062000204484,8.544370632422718,4.88992269563824,-1.3099263773970564,2.344846493529095,0.28924440513659233,0.10392319130852812,1.177922086780883,4.396893799979551,1.927629367577282,0.34607730436176,3.926073622602943,0.10392319130852812,0.34607730436176,jnt3,q3_act,True
0.15,xyz_pitch,0.20923000000000003,-0.224462,-0.108154,0.20934126676211617,-0.22445791152408784,-0.10815033471406263,0.00011362855320590623,0.8202358569772455,1.2840770166938587,1.4729739190356963,-0.3845587285863286,1.5380383592297873,8.560513444625725,4.909913063452321,-1.2818624286210953,2.3213641430227545,0.2868229833061413,0.09792608096430366,1.1863412714136714,4.352861640770213,1.9114865553742746,0.3260869365476786,3.9541375713789044,0.09792608096430366,0.3260869365476786,jnt3,q3_act,True
0.16,xyz_pitch,0.20236843519999997,-0.22857893888000003,-0.10952631296000001,0.20248162078557938,-0.2285675739514219,-0.109518290766874,0.00011596973339509238,0.845846526714041,1.2870722008885271,1.478253927803024,-0.3762821087308109,1.5860613664242285,8.580481339256847,4.9275130926767465,-1.2542736957693699,2.295753473285959,0.2838277991114728,0.09264607219697596,1.1946178912691892,4.304838633575772,1.8915186607431522,0.30848690732325323,3.98172630423063,0.09264607219697596,0.30848690732325323,jnt3,q3_act,True
0.17,xyz_pitch,0.1950372864,-0.23297762816,-0.11099254272,0.1951507586304409,-0.2329572935844054,-0.11097930116810376,0.0001175826723107444,0.8734851668938296,1.2906945257725735,1.4825265465691357,-0.36838494721911363,1.6378870558669223,8.604630171817156,4.941755155230453,-1.2279498240637121,2.2681148331061705,0.2802054742274265,0.08837345343086422,1.2025150527808863,4.2530129441330775,1.8673698281828432,0.2942448447695467,4.008050175936288,0.08837345343086422,0.2942448447695467,jnt3,q3_act,True
0.18,xyz_pitch,0.1872756736,-0.23763459584000002,-0.11254486528,0.18738791939663293,-0.23760357858256964,-0.11252556797866645,0.00011913782110237845,0.9030145253985704,1.2949868683836057,1.4855076863704866,-0.36110846262376917,1.693258063751304,8.633245789224038,4.951692287901622,-1.203694875412564,2.2385854746014298,0.2759131316163943,0.08539231362951338,1.2097915373762307,4.197641936248696,1.8387542107759618,0.2843077120983777,4.0323051245874355,0.08539231362951338,0.2843077120983777,jnt3,q3_act,True
0.19,xyz_pitch,0.1791273248,-0.24252360512,-0.11417453504000001,0.1792369958665232,-0.24248021835106237,-0.11414839203238122,0.00012145052900606187,0.9342596412357821,1.2999801733433427,1.4869289687507452,-0.3546901186300159,1.7518463177119483,8.666534488955618,4.956429895835818,-1.1823003954333864,2.2073403587642177,0.27091982665665726,0.08397103124925476,1.216209881369984,4.139053682288052,1.8054655110443818,0.2795701041641818,4.053699604566614,0.08397103124925476,0.2795701041641818,jnt3,q3_act,True
0.2,xyz_pitch,0.17064,-0.247616,-0.115872,0.1707459466654648,-0.247558630608535,-0.11583828563671483,0.00012537853223557112,0.9670084274922938,1.305692806061483,1.4865468630479246,-0.34935513306266025,1.8132541299311715,8.704618707076554,4.955156210159749,-1.1645171102088676,2.174591572507706,0.265207193938517,0.08435313695207536,1.2215448669373397,4.077645870068829,1.7673812929234458,0.28084378984025093,4.071482889791132,0.08435313695207536,0.28084378984025093,jnt3,q3_act,True
0.21,xyz_pitch,0.16186491520000001,-0.25288105088,-0.11762701696,0.16196620870513442,-0.25280820717157565,-0.1175850855083003,0.00013166387759512707,1.0010139926541857,1.3121306506870705,1.4841511306693456,-0.34530793453421116,1.877018549885966,8.747537671247137,4.947170435564486,-1.1510264484473707,2.1405860073458145,0.2587693493129295,0.0867488693306544,1.2255920654657888,4.0138814501140345,1.7244623287528622,0.2888295644355141,4.084973551552629,0.0867488693306544,0.2888295644355141,jnt3,q3_act,True
0.22,xyz_pitch,0.15285616640000002,-0.25828630016,-0.11942876672,0.15295211048535745,-0.2581966585675473,-0.11937806609614868,0.0001407708805946458,1.0359989020802938,1.319287809952391,1.479572268795729,-0.34272401706011546,1.9426193551102453,8.795252066349274,4.93190756265243,-1.142413390200385,2.105601097919706,0.25161219004760893,0.09132773120427107,1.2281759829398844,3.948280644889755,1.6767479336507254,0.3040924373475695,4.0935866097996145,0.09132773120427107,0.3040924373475695,jnt3,q3_act,True
0.23,xyz_pitch,0.14367015360000002,-0.26379790784,-0.12126596928,0.14376028643019767,-0.2636903576241855,-0.12120605377350016,0.00015279815086017556,1.0716613744971453,1.3271476836733425,1.4726876757642515,-0.3417426935423618,2.0094906703490443,8.847651224488951,4.908958919214172,-1.1391423118078727,2.0699386255028545,0.2437523163266575,0.09821232423574844,1.2291573064576382,3.881409329650956,1.6243487755110486,0.32704108078582816,4.096857688192127,0.09821232423574844,0.32704108078582816,jnt3,q3_act,True
0.24,xyz_pitch,0.13436500480000002,-0.26938099711999997,-0.12312699903999999,0.13444909220944076,-0.26925468239705946,-0.12305754181116876,0.00016750185356663824,1.1076831676894003,1.3356841560630452,1.463426315186449,-0.34246124098272046,2.07703575415226,8.904561040420303,4.878087717288164,-1.1415374699424017,2.0339168323105996,0.23521584393695472,0.10747368481355091,1.2284387590172794,3.81386424584774,1.5674389595796967,0.35791228271183595,4.094462530057598,0.10747368481355091,0.35791228271183595,jnt3,q3_act,True
0.25,xyz_pitch,0.125,-0.275,-0.125,0.12507802084695394,-0.2748543586914375,-0.1249208061919449,0.00018439422293814602,1.143738673408089,1.3448626267097181,1.4517717330713438,-0.34493084844545097,2.1446440528934727,8.965750844731454,4.839239110237813,-1.14976949481817,1.997861326591911,0.22603737329028184,0.11912826692865619,1.225969151554549,3.7462559471065275,1.506249155268545,0.39676088976218704,4.086230505181829,0.11912826692865619,0.39676088976218704,jnt3,q3_act,True
0.26,xyz_pitch,0.11563499519999998,-0.28061900288,-0.12687300096,0.11570711913589991,-0.28045380241703255,-0.1267840218382369,0.00020285255345804155,1.1795045619014422,1.3546406722743407,1.4377633772134537,-0.34915463175557077,2.2117092853955413,9.030937815162272,4.792544590711513,-1.1638487725185693,1.9620954380985578,0.21625932772565926,0.13313662278654625,1.2217453682444293,3.679190714604459,1.4410621848377279,0.4434554092884868,4.072151227481431,0.13313662278654625,0.4434554092884868,jnt3,q3_act,True
0.27,xyz_pitch,0.10632984639999996,-0.28620209216000003,-0.12873403072,0.10639640506789141,-0.2860174618796105,-0.1286353789343555,0.00022219921866649725,1.2146692254442446,1.3649682206945006,1.4214962624414442,-0.35508778993644413,2.2776471506548748,9.099788137963339,4.738320874804814,-1.1836259664548139,1.9269307745557553,0.20593177930549933,0.14940373755855574,1.2158122100635558,3.6132528493451255,1.3722118620366608,0.49767912519518553,4.052374033545186,0.14940373755855574,0.49767912519518553,jnt3,q3_act,True
0.28,xyz_pitch,0.09714383360000003,-0.29171369983999995,-0.13057123327999998,0.09720528584311348,-0.2915101601416511,-0.13046319902741715,0.00024174628344809332,1.2489412994068465,1.3757872318698925,1.4031191143610118,-0.3626397771344609,2.3419113058444525,9.171914879132617,4.677063714536706,-1.2087992571148696,1.8926587005931534,0.19511276813010747,0.1677808856389882,1.208260222865539,3.5489886941555477,1.300085120867383,0.558936285463294,4.02720074288513,0.1677808856389882,0.558936285463294,jnt3,q3_act,True
0.29,xyz_pitch,0.08813508480000004,-0.29711894912,-0.13237298304,0.08819197693796024,-0.2968974371213417,-0.13225605038892457,0.0002608152653183362,1.282056668870844,1.3870309864738422,1.3828311864666047,-0.3716781937464555,2.404006504539366,9.246873243158948,4.609437288222016,-1.238927312488185,1.859543331129156,0.1838690135261578,0.18806881353339522,1.1992218062535445,3.486893495460634,1.2251267568410515,0.626562711777984,3.9970726875118148,0.1838690135261578,0.626562711777984,jnt2,q3_act,True
0.3,xyz_pitch,0.0793600000000001,-0.30238399999999993,-0.13412799999999997,0.07941292309930212,-0.3021458913101125,-0.13400286243109227,0.00027874360411396374,1.31378357740987,1.3986231703328542,1.3608779700269398,-0.38203399006304783,2.463498176279524,9.324154468885695,4.536259900089799,-1.2734466335434929,1.8278164225901299,0.17227682966714575,0.2100220299730602,1.1888660099369521,3.4274018237204764,1.1478455311143048,0.6997400999102004,3.9625533664565067,0.17227682966714575,0.6997400999102004,jnt2,q3_act,True
0.31,xyz_pitch,0.07087267519999996,-0.30747639488,-0.13582546496,0.07092222127897244,-0.3072235203844977,-0.13569303881518255,0.0002948861375156577,1.3439256986944197,1.4104769881323154,1.3375460111409339,-0.39350753413851647,2.5200181861886737,9.403179920882103,4.458486703803113,-1.3116917804617216,1.7976743013055803,0.1604230118676846,0.2333539888590661,1.1773924658614834,3.3708818138113266,1.0688200791178968,0.7775132961968865,3.924308219538278,0.1604230118676846,0.7775132961968865,jnt2,q3_act,True
0.32,xyz_pitch,0.06272432639999978,-0.31236540416000014,-0.13745513472000004,0.0627710461356141,-0.312100060479958,-0.137316569324458,0.0003086160226457658,1.3723232591119081,1.4224945547770356,1.3131569984142604,-0.40587513192332036,2.573266940018579,9.483297031846904,4.377189994714201,-1.3529171064110679,1.7692767408880918,0.1484054452229644,0.2577430015857396,1.1650248680766797,3.3176330599814214,0.9887029681530954,0.8588100052857985,3.8830828935889317,0.1484054452229644,0.8588100052857985,jnt2,q3_act,True
0.33,xyz_pitch,0.05496271359999999,-0.31702237184,-0.13900745728,0.05500707801744534,-0.316747322514833,-0.1388641396626789,0.00031932891387036465,1.3988524814671794,1.4345667884760456,1.2880612268958809,-0.4188956694250547,2.6230123410222754,9.563778589840304,4.29353742298627,-1.3963188980835157,1.7427475185328205,0.1363332115239544,0.2828387731041191,1.1520043305749452,3.267887658977725,0.9082214101596957,0.94246257701373,3.839681101916484,0.1363332115239544,0.9082214101596957,jnt2,q2_act,True
0.34,xyz_pitch,0.047631564800000165,-0.3214210611199999,-0.14047368703999996,0.04767393354912775,-0.321139525109239,-0.14032723935493768,0.0003264517141559643,1.4234237344852338,1.4465739991550661,1.262630451659476,-0.432317169557102,2.669086320054817,9.643826661033774,4.208768172198253,-1.4410572318570067,1.718176265514766,0.12432600084493384,0.308269548340524,1.138582830442898,3.2218136799451833,0.8281733389662254,1.0272318278017467,3.794942768142993,0.12432600084493384,0.8281733389662254,jnt2,q2_act,True
0.35000000000000003,xyz_pitch,0.040770000000000084,-0.32553799999999994,-0.14184599999999997,0.040810598554792465,-0.32525362240324474,-0.14169826676045463,0.0003294582735382714,1.4459788195348025,1.4583873129605283,1.2372500807916924,-0.44588317257071436,2.711379747861996,9.722582086403522,4.124166935972308,-1.4862772419023813,1.6956211804651975,0.1125126870394717,0.33364991920830755,1.1250168274292855,3.1795202521380044,0.7494179135964778,1.1118330640276914,3.7497227580976187,0.1125126870394717,0.7494179135964778,jnt2,q2_act,True
0.36,xyz_pitch,0.0344119551999999,-0.32935282688,-0.14311760896000003,0.03445086260194499,-0.3290696258146275,-0.14297063128953116,0.0003278929702747408,1.4664878176267468,1.469871029639643,1.212310597581063,-0.45933895312683476,2.7498365228328274,9.79914019759762,4.041035325270211,-1.5311298437561158,1.675112182373253,0.10102897036035707,0.3585894024189369,1.1115610468731651,3.141063477167173,0.67285980240238,1.194964674729789,3.704870156243884,0.10102897036035707,0.67285980240238,jnt2,q2_act,True
0.37,xyz_pitch,0.02858560640000002,-0.33284863615999993,-0.14428287872,0.02862275552462385,-0.3325709193716426,-0.14413885211229915,0.0003214029270424101,1.48494586717122,1.4808859541461852,1.18819808890592,-0.47243765546735694,2.7844475289165946,9.872573027641234,3.960660296353067,-1.5747921848911899,1.65665413282878,0.09001404585381478,0.3827019110940799,1.098462344532643,3.1064524710834056,0.5994269723587653,1.275339703646933,3.66120781510881,0.09001404585381478,0.5994269723587653,jnt2,q2_act,True
0.38,xyz_pitch,0.023312793599999826,-0.3360123238400001,-0.14533744128000003,0.023347984377742693,-0.3357445692090776,-0.14519865417395145,0.0003097777254829586,1.5013701786647438,1.4912936896042097,1.1652837922156576,-0.48494644725987984,2.8152450378112577,9.941957930694732,3.8842793073855253,-1.6164881575329328,1.6402298213352562,0.07960631039579025,0.4056162077843424,1.08595355274012,3.0756549621887426,0.5300420693052672,1.3517206926144745,3.619511842467067,0.07960631039579025,0.5300420693052672,jnt2,q2_act,True
0.39,xyz_pitch,0.018608444800000234,-0.33883493311999985,-0.14627831103999994,0.018641370565855787,-0.33858162942411124,-0.14614706250227566,0.00029299406553227387,1.5157975129222396,1.5009618071831226,1.1439126716422026,-0.4966527664537395,2.8422979803529715,10.006412047887483,3.813042238807342,-1.6555092215124652,1.6258024870777603,0.06993819281687741,0.4269873283577974,1.0742472335462605,3.0486020196470287,0.46558795211251613,1.4229577611926576,3.5804907784875346,0.06993819281687741,0.46558795211251613,jnt2,q2_act,True
0.4,xyz_pitch,0.014479999999999882,-0.34131200000000006,-0.147104,0.014510285723668012,-0.34107744884347824,-0.14698249702490246,0.0002712599403847458,1.5282822822463287,1.509769725766629,1.124391188374792,-0.5073706641074558,2.8657083859859904,10.06513150511086,3.747970627915973,-1.6912355470248528,1.6133177177536713,0.06113027423337103,0.44650881162520806,1.0635293358925442,3.02519161401401,0.4068684948891388,1.4880293720840267,3.544764452975147,0.06113027423337103,0.4068684948891388,jnt2,q2_act,True
0.41000000000000003,xyz_pitch,0.010926835200000262,-0.3434438988799998,-0.14781463295999994,0.010954085055000961,-0.34323198455322107,-0.14770487110774802,0.00024505128421234364,1.5388953730427026,1.5176150363891543,1.1069746382151928,-0.5169471365141309,2.885609175028507,10.117433575927695,3.6899154607173097,-1.7231571217137698,1.6027046269572973,0.05328496361084567,0.46392536178480714,1.053952863485869,3.0052908249714934,0.35456642407230454,1.54608453928269,3.51284287828623,0.05328496361084567,0.35456642407230454,jnt2,q2_act,True
0.42,xyz_pitch,0.007939686400000201,-0.34523618815999985,-0.14841206271999996,0.00796353650388395,-0.34505012966273657,-0.14831569740832937,0.000215132374939774,1.547723741383024,1.524419908551709,1.0918546463007313,-0.5252682210832206,2.9021634003056893,10.162799390344727,3.6395154876691045,-1.750894070277402,1.593876258616976,0.04648009144829102,0.4790453536992687,1.0456317789167793,2.988736599694311,0.30920060965527263,1.5964845123308953,3.4851059297225975,0.04648009144829102,0.30920060965527263,jnt2,q2_act,True
0.43,xyz_pitch,0.005500073599999933,-0.34669995584,-0.14889998528,0.0055202446471013245,-0.34654206199916565,-0.14881820453356287,0.00018255209798331053,1.5548707944185598,1.5301371362434912,1.0791475983729466,-0.5322645201808385,2.915564962344946,10.200914241623275,3.5971586612431556,-1.7742150672694617,1.5867292055814401,0.04076286375650873,0.49175240162705336,1.0386354798191615,2.975335037655054,0.27108575837672433,1.6388413387568441,3.461784932730538,0.04076286375650873,0.27108575837672433,jnt2,q2_act,True
0.44,xyz_pitch,0.003579724800000239,-0.34785216511999983,-0.14928405503999995,0.0035960686217490555,-0.3477236177756899,-0.14921746677570538,0.00014861121907152328,1.5604575404208334,1.5347553481914558,1.0688848851028945,-0.5379157526659247,2.9260407658369276,10.231702321276373,3.5629496170096484,-1.7930525088864158,1.5811424595791665,0.036144651808544204,0.5020151148971055,1.0329842473340753,2.9648592341630726,0.24029767872362662,1.6730503829903514,3.442947491113584,0.036144651808544204,0.24029767872362662,jnt2,q2_act,True
0.45,xyz_pitch,0.0021399999999995867,-0.34871600000000025,-0.1495720000000001,0.002152535319775215,-0.34861669712128746,-0.1495205499804427,0.00011479313582153308,1.5646244597738304,1.5383029784564355,1.061005713988806,-0.5422539838486836,2.93385422796518,10.25535318970957,3.5366857132960203,-1.8075132794956121,1.5769755402261696,0.032597021543564475,0.5098942860111939,1.0286460161513165,2.9570457720348204,0.21664681029042931,1.6993142867039794,3.4284867205043876,0.032597021543564475,0.21664681029042931,jnt2,q2_act,True
0.46,xyz_pitch,0.0011313152000000937,-0.3493212108799999,-0.14977373695999996,0.001140245731948964,-0.349249648040606,-0.14973664754637822,8.271771610916513e-05,1.5675340317591981,1.5408504625572972,1.0553535441876312,-0.5453650031915092,2.939310016424523,10.272336417048649,3.517845147292104,-1.8178833439716973,1.5740659682408018,0.03004953744270278,0.5155464558123688,1.0255349968084908,2.9515899835754773,0.19966358295135045,1.7181548527078956,3.4181166560283023,0.03004953744270278,0.19966358295135045,jnt2,q2_act,True
0.47000000000000003,xyz_pitch,0.0004925663999997276,-0.3497044601600001,-0.14990148672000003,0.0004982875864845557,-0.34965774549616563,-0.14987726291487682,5.3989196141840557e-05,1.5693737795296339,1.542511162059103,1.0516750722589074,-0.5473884404342253,2.9427597591030072,10.283407747060687,3.505583574196358,-1.8246281347807511,1.572226220470366,0.02838883794089697,0.5192249277410925,1.0235115595657747,2.948140240896993,0.18859225293931203,1.7304164258036416,3.4113718652192486,0.02838883794089697,0.18859225293931203,jnt2,q2_act,True
0.48,xyz_pitch,0.00015055359999993634,-0.34990966784,-0.14996988928,0.00015364184067624155,-0.34988356547457494,-0.14995634112878597,3.0160959934207175e-05,1.570359720769636,1.5434403058209796,1.0496232285482103,-0.5485158347698023,2.944608514475222,10.289602038806532,3.4987440951607014,-1.8283861158993409,1.571240279230364,0.02745969417902039,0.5212767714517896,1.0223841652301977,2.946291485524778,0.18239796119346785,1.7372559048392984,3.407613884100659,0.02745969417902039,0.18239796119346785,jnt2,q2_act,True
0.49,xyz_pitch,1.9404800000177858e-05,-0.34998835711999987,-0.14999611903999996,2.0599334009676376e-05,-0.34997738947296153,-0.14999041404949826,1.2668068897219279e-05,1.5707399814895109,1.5438330971225582,1.048761783029509,-0.5489879336691417,2.9453215478895762,10.292220647483722,3.4958726100983637,-1.829959778897139,1.570860018510489,0.027066902877441734,0.5221382169704909,1.0219120663308583,2.945578452110424,0.1797793525162774,1.740127389901636,3.406040221102861,0.027066902877441734,0.1797793525162774,jnt2,q2_act,True
0.5,xyz_pitch,0.0,-0.35,-0.15,1.8333692284103892e-07,-0.34999756573586194,-0.14999872386911828,2.8094055987728065e-06,1.5707983161462407,1.5439223967043423,1.0485706787416738,-0.5490916794743977,2.945430932207464,10.29281597802895,3.495235595805579,-1.8303055982479925,1.5708016838537593,0.02697760329565768,0.5223293212583262,1.021808320525602,2.945469067792536,0.1791840219710501,1.7407644041944206,3.405694401752007,0.02697760329565768,0.1791840219710501,jnt2,q2_act,True
0.51,xyz_pitch,-1.9404800000000052e-05,-0.34998835712,-0.14999611904,-1.9230511275602283e-05,-0.3499892631281674,-0.14999658150960773,1.0525866115020692e-06,1.5708537859607001,1.5438918474220715,1.0486418874762804,-0.5490517792475587,2.9455349446103507,10.292612316147144,3.4954729582542683,-1.8301725974918623,1.5707462140392998,0.027008152577928435,0.5222581125237196,1.0218482207524413,2.9453650553896495,0.17938768385285542,1.7405270417457315,3.4058274025081374,0.027008152577928435,0.17938768385285542,jnt2,q2_act,True
0.52,xyz_pitch,-0.0001505536000000004,-0.34990966784,-0.14996988928,-0.00014938771709142033,-0.3499177640612057,-0.14997406615481565,9.367851768300755e-06,1.571225762494208,1.5436092357763107,1.0492782933917477,-0.5486996225447618,2.946232444204403,10.290728238508738,3.497594311305826,-1.8289987418158726,1.5703742375057919,0.027290764223689257,0.5216217066082522,1.0222003774552382,2.9446675557955975,0.18127176149126178,1.738405688694174,3.407001258184127,0.027290764223689257,0.18127176149126178,jnt2,q2_act,True
0.53,xyz_pitch,-0.0004925664000000012,-0.34970446015999995,-0.14990148672,-0.0004895368732241676,-0.34972616131501405,-0.1499126934871873,2.5102800246738068e-05,1.5721986118181828,1.5428483865810163,1.0509863124808312,-0.547755551892248,2.9480566506997614,10.28565591054011,3.5032877082694376,-1.8258518396408268,1.5694013881818172,0.028051613418983656,0.5199136875191688,1.023144448107752,2.942843349300239,0.18634408945989023,1.7327122917305622,3.410148160359173,0.028051613418983656,0.18634408945989023,jnt2,q2_act,True
0.54,xyz_pitch,-0.0011313152000000028,-0.34932121087999995,-0.14977373696,-0.0011257094033870975,-0.3493622364879902,-0.14979493481088604,4.744742282728778e-05,1.5740210148315759,1.5414035126224779,1.0542237300711546,-0.545967412447574,2.951473869926075,10.276023417483186,3.514079100237182,-1.8198913748252465,1.567578985168424,0.029496487377522085,0.5166762699288454,1.024932587552426,2.939426130073925,0.19597658251681338,1.721920899762818,3.416108625174753,0.029496487377522085,0.19597658251681338,jnt2,q2_act,True
0.55,xyz_pitch,-0.0021400000000000056,-0.34871599999999997,-0.14957199999999998,-0.002131286964587051,-0.3487808999066978,-0.14960554734712853,7.504805659475067e-05,1.5769094435985833,1.5391054003324736,1.0593660615496292,-0.5431286397431792,2.956890012373117,10.260702668883157,3.5312202051654307,-1.8104287991439305,1.5646905564014166,0.0317945996675264,0.5115339384503708,1.0277713602568208,2.934009987626883,0.21129733111684246,1.704779794834569,3.4255712008560693,0.0317945996675264,0.21129733111684246,jnt2,q2_act,True
0.56,xyz_pitch,-0.003579724800000009,-0.34785216511999995,-0.14928405504,-0.0035675724424328167,-0.3479441628688197,-0.14933162438729547,0.00010636965866890105,1.5810517775702206,1.5358253699331434,1.066697746875486,-0.5390831763736285,2.9646573740300406,10.23883579955429,3.55565915625162,-1.7969439212454283,1.5605482224297793,0.035074630066856516,0.504202253124514,1.0318168236263716,2.9262426259699597,0.23316420044571018,1.6803408437483798,3.4390560787545716,0.035074630066856516,0.23316420044571018,jnt2,q2_act,True
0.5700000000000001,xyz_pitch,-0.005500073600000013,-0.34669995583999996,-0.14889998527999998,-0.00548435455954281,-0.34682087335012013,-0.1489625243505336,0.00013979064706553517,1.5866107518208685,1.5314772442858355,1.076407347856087,-0.5337283231550867,2.975081102233018,10.209848295238904,3.588024492853623,-1.7790944105169557,1.5549892481791314,0.039422755714164426,0.494492652143913,1.0371716768449133,2.9158188977669823,0.26215170476109506,1.6479755071463766,3.456905589483044,0.039422755714164426,0.26215170476109506,jnt2,q2_act,True
0.58,xyz_pitch,-0.00793968639999999,-0.34523618816,-0.14841206272,-0.007920467962240097,-0.34538644194339246,-0.14848979218313382,0.00017368584978950843,1.5937270271629937,1.5260178255402206,1.088585733761348,-0.5270160915842615,2.988424952490144,10.173452170268138,3.628619112537827,-1.756720305280872,1.5478729728370062,0.04488217445977938,0.4823142662386519,1.0438839084157383,2.9024750475098564,0.2985478297318611,1.6073808874621727,3.4792796947191276,0.04488217445977938,0.2985478297318611,jnt2,q2_act,True
0.59,xyz_pitch,-0.01092683519999999,-0.34344389888,-0.14781463296,-0.010904351939265011,-0.34362257671924146,-0.14790708574227068,0.00020651986825501257,1.6025217276721264,1.5194456455124812,1.1032277594031104,-0.5189527920479627,3.004916046638152,10.129637636749875,3.677425864677035,-1.7298426401598759,1.5390782723278735,0.05145435448751878,0.4676722405968896,1.0519472079520371,2.885983953361848,0.3423623632501247,1.558574135322965,3.506157359840124,0.05145435448751878,0.3423623632501247,jnt2,q2_act,True
0.6,xyz_pitch,-0.014479999999999991,-0.341312,-0.14710399999999998,-0.014454610930128705,-0.34151701437073667,-0.14721010036096882,0.00023693602092126449,1.613098334273453,1.5117978843156872,1.1202376689860913,-0.509596727403207,3.024748423539196,10.078652562104581,3.7341255632869714,-1.6986557580106902,1.5285016657265469,0.059102115684312784,0.4506623310139086,1.0613032725967928,2.8661515764608043,0.39334743789541804,1.5018744367130283,3.5373442419893095,0.059102115684312784,0.39334743789541804,jnt2,q2_act,True
0.61,xyz_pitch,-0.018608444799999995,-0.33883493311999996,-0.14627831104,-0.018580579751353025,-0.3390632346996152,-0.14639648492626095,0.0002638258702527335,1.6255438591659273,1.5031456287350982,1.139437914135646,-0.499054129404545,3.0480852412636925,10.020970858233989,3.7981263804521537,-1.6635137646818168,1.5160561408340727,0.0677543712649018,0.43146208586435386,1.071845870595455,2.8428147587363077,0.4510291417660106,1.437873619547846,3.572486235318183,0.0677543712649018,0.4510291417660106,jnt2,q2_act,True
0.62,xyz_pitch,-0.023312793599999996,-0.33601232383999996,-0.14533744128,-0.023282894983299655,-0.3362601498265751,-0.1454657450265157,0.00028636942961033577,1.6399292547399966,1.493587869292671,1.1605806372516765,-0.48747368603343033,3.075059543858985,9.95725246195114,3.8686021241722552,-1.6249122867781012,1.5016707452600033,0.07731213070732901,0.4103193627483235,1.0834263139665696,2.8158404561410153,0.5147475380488586,1.3673978758277445,3.611087713221899,0.07731213070732901,0.5147475380488586,jnt2,q2_act,True
0.63,xyz_pitch,-0.028585606400000005,-0.33284863616,-0.14428287872,-0.02855407289793369,-0.3331117661620479,-0.14441913196371362,0.0003040438004845058,1.6563090396734133,1.4832447707653813,1.183360823477476,-0.47504012129088535,3.1057735602351646,9.88829847176921,3.9445360782582535,-1.583467070969618,1.4852909603265867,0.08765522923461866,0.387539176522524,1.0958598787091147,2.7851264397648356,0.5837015282307902,1.2914639217417463,3.652532929030382,0.08765522923461866,0.5837015282307902,jnt2,q2_act,True
0.64,xyz_pitch,-0.034411955200000004,-0.32935282688,-0.14311760896,-0.034379092845895194,-0.3296268226810246,-0.14325951955503038,0.0003166045501694145,1.6747201546454609,1.472250779100902,1.2074300985270388,-0.46196728790419034,3.140296558495145,9.815005194006014,4.024766995090129,-1.5398909596806345,1.466879845354539,0.09864922089909789,0.3634699014729612,1.1089327120958097,2.7506034415048553,0.6569948059939854,1.2112330049098707,3.6961090403193655,0.09864922089909789,0.6569948059939854,jnt2,q2_act,True
0.65,xyz_pitch,-0.04077000000000002,-0.325538,-0.141846,-0.04073598466381228,-0.32581841263659983,-0.14199127233402403,0.00032404822384190694,1.6951800981986136,1.4607480649235103,1.2324103032142477,-0.4484911433677377,3.178661350456804,9.738320432823402,4.108034344047493,-1.494970477892459,1.4464199018013864,0.11015193507648968,0.33848969678575225,1.1224088566322623,2.7122386495431963,0.7336795671765977,1.127965655952507,3.7410295221075405,0.11015193507648968,0.7336795671765977,jnt2,q2_act,True
0.66,xyz_pitch,-0.04763156480000002,-0.32142106111999996,-0.14047368704,-0.04759641812074498,-0.32170359674226373,-0.1406201090127632,0.000326565388298419,1.7176844391429804,1.4488806849037854,1.2579062359672146,-0.43486283848827423,3.220859627119783,9.659204566025236,4.1930207865573825,-1.449542794960914,1.4239155608570195,0.12201931509621455,0.31299376403278534,1.1360371615117257,2.670040372880217,0.8127954339747632,1.0429792134426172,3.7864572050390857,0.12201931509621455,0.8127954339747632,jnt2,q2_act,True
0.67,xyz_pitch,-0.05496271360000003,-0.31702237184,-0.13900745728,-0.05492629302655523,-0.3173030149613418,-0.13915296530784582,0.0003244928045453563,1.7422038614506121,1.436789710470065,1.2835172324930615,-0.4213420011920567,3.266836417495991,9.578598069800435,4.278390774976872,-1.4044733373068559,1.3993961385493878,0.13411028952993487,0.2873827675069385,1.1495579988079432,2.624063582504009,0.8934019301995644,0.9576092250231278,3.831526662693144,0.13411028952993487,0.8934019301995644,jnt2,q2_act,True
0.68,xyz_pitch,-0.06272432640000003,-0.31236540415999997,-0.13745513471999998,-0.06268632888702108,-0.3126405023103951,-0.13759785837362007,0.0003182709179659271,1.7686809657202138,1.424609445559784,1.3088474928523686,-0.40819018492104747,3.316484090981087,9.497396303731893,4.362824976174562,-1.360633949736825,1.3729190342797861,0.146290554440216,0.2620525071476314,1.1627098150789525,2.574415909018913,0.9746036962681064,0.8731750238254374,3.8753660502631746,0.146290554440216,0.8731750238254374,jnt2,q3_act,True
0.6900000000000001,xyz_pitch,-0.07087267520000007,-0.30747639487999995,-0.13582546495999998,-0.07083265304017745,-0.3077427110119033,-0.13596375437675506,0.0003084096569855855,1.7970271244521052,1.4124647532675014,1.3335152350813206,-0.39566438300115214,3.3696364606264866,9.41643168845001,4.445050783604402,-1.3188812766705071,1.3445728755478947,0.15843524673249854,0.23738476491867933,1.1752356169988478,2.5212635393735137,1.0555683115499903,0.7909492163955978,3.9171187233294926,0.15843524673249854,0.7909492163955978,jnt2,q3_act,True
0.7000000000000001,xyz_pitch,-0.07936000000000007,-0.30238399999999993,-0.13412799999999997,-0.07931738734623685,-0.30263873993656826,-0.13426043961116818,0.0002954636088682503,1.8271197599732345,1.4004694339876265,1.357160830504082,-0.3840105114995903,3.4260636789297476,9.336462893250843,4.523869435013607,-1.2800350383319679,1.3144802400267654,0.1704305660123735,0.21373916949591787,1.1868894885004098,2.4648363210702526,1.1355371067491564,0.7121305649863929,3.955964961668032,0.1704305660123735,0.7121305649863929,jnt2,q3_act,True
0.71,xyz_pitch,-0.08813508479999994,-0.29711894912000003,-0.13237298304,-0.08808923239313277,-0.2973597709835187,-0.13249839482072082,0.00028001615021365224,1.8588004594481626,1.3887255363165056,1.3794540838855425,-0.37345681588901714,3.485468703259259,9.258170242110038,4.598180279618475,-1.2448560529633905,1.2827995405518373,0.18217446368349433,0.1914459161144575,1.1974431841109827,2.4054312967407414,1.213829757889961,0.6378197203815246,3.9911439470366092,0.18217446368349433,0.6378197203815246,jnt2,q3_act,True
0.72,xyz_pitch,-0.09714383359999999,-0.29171369984,-0.13057123328,-0.097094049667834,-0.2919387108954229,-0.13068867235285878,0.0002626707888516452,1.8918743581365403,1.377323433004249,1.4001007729957542,-0.364207254249386,3.547486139389725,9.182156220028327,4.667002576652514,-1.2140241808312866,1.2497256418634597,0.193576566995751,0.17079922700424577,1.206692745750614,2.3434138606102755,1.2898437799716724,0.5689974233474855,4.021975819168713,0.17079922700424577,0.5689974233474855,jnt3,q3_act,True
0.73,xyz_pitch,-0.10632984640000001,-0.28620209216,-0.12873403072,-0.10627544117062525,-0.2864098375067675,-0.12884277557173948,0.0002440482353549252,1.9261111752917282,1.3663424519959804,1.4188484793472664,-0.356435034712632,3.611684183933486,9.108949679973202,4.729494931157555,-1.18811678237544,1.2154888247082718,0.2045575480040196,0.15205152065273353,1.214464965287368,2.279215816066514,1.3630503200267974,0.5065050688424444,4.04788321762456,0.15205152065273353,0.5065050688424444,jnt3,q3_act,True
0.74,xyz_pitch,-0.11563499519999998,-0.28061900288,-0.12687300096,-0.11557532712914552,-0.280808449086053,-0.12697254011629727,0.0002247868893470088,1.961248180834495,1.355851820133383,1.435491652530583,-0.3502766066876622,3.677570187201378,9.039012134222553,4.784972175101943,-1.167588688958874,1.180351819165505,0.21504817986661706,0.135408347469417,1.2206233933123378,2.213329812798622,1.4329878657774469,0.4510278248980564,4.0684113110411255,0.135408347469417,0.4510278248980564,jnt3,q3_act,True
0.75,xyz_pitch,-0.125,-0.275,-0.125,-0.12493451854223145,-0.2751705135251841,-0.12509001538778336,0.0002055423858582007,1.9969951854181154,1.3459116517654999,1.4498757953730215,-0.34582648538821037,3.7446000101596013,8.972744345103333,4.832919317910072,-1.1527549512940347,1.1446048145818846,0.2249883482345001,0.1210242046269785,1.2250735146117897,2.146299989840399,1.4992556548966665,0.40308068208992776,4.083245048705965,0.1210242046269785,0.40308068208992776,jnt3,q3_act,True
0.76,xyz_pitch,-0.13436500480000002,-0.26938099711999997,-0.12312699903999999,-0.13429329247029534,-0.26953232248094455,-0.12320734982356715,0.00018698710833021267,2.033041444891496,1.3365737667832713,1.4619005174860797,-0.3431333787622583,3.812190971107249,8.910491778555143,4.8730017249536,-1.1437779292075276,1.108558555108504,0.23432623321672863,0.10899948251392022,1.2277666212377416,2.078709028892751,1.561508221444857,0.36299827504640003,4.092222070792472,0.10899948251392022,0.36299827504640003,jnt3,q3_act,True
0.77,xyz_pitch,-0.14367015360000004,-0.26379790783999996,-0.12126596928,-0.14359196269913474,-0.26393014282629523,-0.12133667535310877,0.00016979576644610177,2.0690640971753904,1.3278821098645042,1.471521317485627,-0.3421979830827063,3.87973766580797,8.852547399096695,4.905071058285423,-1.1406599436090212,1.0725359028246095,0.2430178901354958,0.09937868251437298,1.2287020169172935,2.01116233419203,1.6194526009033048,0.33092894171457665,4.095340056390978,0.09937868251437298,0.33092894171457665,jnt3,q3_act,True
0.78,xyz_pitch,-0.15285616639999997,-0.25828630016000004,-0.11942876672000001,-0.15277144988315514,-0.2583998684647455,-0.11948999306497074,0.00015460921647867447,2.1047375615960178,1.3198726753495098,1.478749870674825,-0.3429727668229769,3.9466295923420547,8.799151168996733,4.92916623558275,-1.1432425560765898,1.0368624384039822,0.25102732465049016,0.09215012932517497,1.227927233177023,1.9442704076579456,1.6728488310032663,0.30683376441724963,4.09275744392341,0.09215012932517497,0.30683376441724963,jnt3,q3_act,True
0.79,xyz_pitch,-0.16186491520000001,-0.25288105088,-0.11762701696,-0.16177385086996227,-0.252976671805671,-0.11767905932561765,0.00014196377719622214,2.139743183387587,1.3125729305149518,1.4836526961970475,-0.34536387625835285,4.012269235678955,8.750486203433013,4.945508987323492,-1.1512129208611763,1.0018568166124129,0.25832706948504813,0.08724730380295243,1.225536123741647,1.878630764321045,1.7215137965669864,0.2904910126765081,4.084787079138824,0.08724730380295243,0.2904910126765081,jnt3,q3_act,True
0.8,xyz_pitch,-0.17064000000000007,-0.24761599999999995,-0.11587199999999999,-0.17054300703622202,-0.24769465471262964,-0.11591527192467341,0.00013218510582166347,2.173778373852147,1.3060008453090672,1.4863481583217202,-0.34923510030689153,4.076089206548185,8.706672302060449,4.954493861072401,-1.1641170010229718,0.9678216261478529,0.2648991546909327,0.08455184167827978,1.2216648996931085,1.814810793451815,1.7653276979395507,0.28150613892759857,4.071882998977028,0.08455184167827978,0.28150613892759857,jnt3,q3_act,True
0.81,xyz_pitch,-0.17912732480000007,-0.24252360511999996,-0.11417453504,-0.1790250720168328,-0.24258649928109194,-0.11420955585053189,0.00012527677375306977,2.2065645781517085,1.3001637330944869,1.4870018487905643,-0.35441364362211175,4.137567181983328,8.667758220629914,4.956672829301882,-1.1813788120737059,0.9350354218482915,0.2707362669055131,0.08389815120943567,1.2164863563778883,1.7533328180166725,1.804241779370086,0.2793271706981182,4.054621187926294,0.08389815120943567,0.2793271706981182,jnt3,q3_act,True
0.8200000000000001,xyz_pitch,-0.18727567360000003,-0.23763459584,-0.11254486527999999,-0.18716907831347654,-0.2376831186150446,-0.11257224826280013,0.00012086751840014277,2.2378535759537326,1.2950571626792908,1.485820495255434,-0.36069730278442574,4.196237719770735,8.63371441786194,4.95273498418478,-1.2023243426147525,0.9037464240462674,0.27584283732070913,0.08507950474456605,1.2102026972155742,1.6946622802292657,1.8382855821380595,0.28326501581521946,4.033675657385247,0.08507950474456605,0.28326501581521946,jnt3,q3_act,True
0.8300000000000001,xyz_pitch,-0.19503728640000007,-0.23297762815999995,-0.11099254271999999,-0.19492750276362403,-0.23301330828767697,-0.11101298253901801,0.00011826992307083056,2.2674318525778228,1.290664211564879,1.4830446144720433,-0.36786255725541456,4.2517004548618464,8.604428077099193,4.943482048240145,-1.2262085241847152,0.8741681474221772,0.280235788435121,0.08785538552795669,1.2030374427445854,1.6391995451381538,1.8675719229008063,0.29251795175985507,4.009791475815285,0.08785538552795669,0.29251795175985507,jnt3,q3_act,True
0.84,xyz_pitch,-0.2023684352000001,-0.22857893887999994,-0.10952631295999998,-0.2022568310151326,-0.2286033988065508,-0.10954057151847046,0.00011663302315327103,2.2951230211774853,1.286955289586508,1.4789401843476206,-0.37567307183345594,4.303624641247863,8.57970193057672,4.929800614492069,-1.2522435727781864,0.8464769788225146,0.283944710413492,0.09195981565237932,1.195226928166544,1.5872753587521373,1.8922980694232798,0.3061993855079308,3.983756427221813,0.09195981565237932,0.3061993855079308,jnt3,q3_act,True
0.85,xyz_pitch,-0.20922999999999992,-0.22446200000000005,-0.10815400000000003,-0.20911812123509038,-0.22447690940952078,-0.1081628900245854,0.00011511218899054312,2.320788486867182,1.2838886831438614,1.4737896382187043,-0.3838881570001474,4.351750397275796,8.559257887625742,4.912632127395681,-1.2796271900004914,0.820811513132818,0.28701131685613857,0.09711036178129562,1.1870118429998526,1.539149602724204,1.9127421123742572,0.32336787260431876,3.9563728099995084,0.09711036178129562,0.32336787260431876,jnt3,q3_act,True
0.86,xyz_pitch,-0.2155880448000001,-0.22064717311999996,-0.10688239103999998,-0.2154775677545013,-0.22065420324536755,-0.1068867571804521,0.0001129907508986027,2.3443266964536953,1.2814118731391824,1.4678824912409683,-0.39227082405786656,4.395887298806854,8.542745820927882,4.892941637469894,-1.307569413526222,0.7972733035463047,0.2894881268608176,0.1030175087590317,1.1786291759421335,1.4950127011931462,1.9292541790721174,0.3430583625301056,3.9284305864737776,0.1030175087590317,0.3430583625301056,jnt3,q3_act,True
0.87,xyz_pitch,-0.22141439359999998,-0.21715136384000003,-0.10571712128,-0.22130706529406327,-0.21715214393805937,-0.10571781882076706,0.00010973826034752384,2.365671399206973,1.279463577843147,1.4615059042455045,-0.4005951783680899,4.435911117957947,8.52975718562098,4.871686347485015,-1.3353172612269664,0.7759286007930268,0.29143642215685306,0.10939409575449544,1.17030482163191,1.454988882042053,1.9422428143790196,0.3643136525149844,3.9006827387730336,0.10939409575449544,0.3643136525149844,jnt3,q3_act,True
0.88,xyz_pitch,-0.22668720640000017,-0.2139876761599999,-0.10466255871999997,-0.22658477497496687,-0.21398375334378236,-0.10466043053610855,0.00010502293934672868,2.3847893636290562,1.2779763850810142,1.4549354768562892,-0.4086529944827947,4.471759541775842,8.519842567206762,4.8497849228542975,-1.3621766482759823,0.7568106363709437,0.2929236149189858,0.11596452314371075,1.1622470055172052,1.4191404582241587,1.9521574327932374,0.38621507714570225,3.8738233517240177,0.11596452314371075,0.38621507714570225,jnt3,q3_act,True
0.89,xyz_pitch,-0.23139155519999977,-0.21116506688000014,-0.10372168896000006,-0.23129569299466718,-0.2111578702725891,-0.10371754157667717,9.87007403234544e-05,2.4016779629590324,1.2768797702608814,1.448426552377341,-0.4162593941234561,4.503427644775984,8.51253180173921,4.82808850792447,-1.3875313137448537,0.7399220370409676,0.29402022973911857,0.12247344762265899,1.154640605876544,1.3874723552240162,1.9594681982607902,0.40791149207553,3.848468686255146,0.12247344762265899,0.40791149207553,jnt3,q3_act,True
0.9,xyz_pitch,-0.23552000000000012,-0.20868799999999993,-0.10289599999999999,-0.23543222310154113,-0.2086788100816152,-0.10289058002946641,9.07951056923502e-05,2.416362979750903,1.276103257745388,1.4422063048194051,-0.42325759923048184,4.53096377226871,8.507355051635919,4.807354349398017,-1.410858664101606,0.725237020249097,0.29479674225461205,0.1286936951805948,1.147642400769518,1.35993622773129,1.9646449483640804,0.42864565060198245,3.825141335898394,0.1286936951805948,0.42864565060198245,jnt3,q3_act,True
0.91,xyz_pitch,-0.23907316479999974,-0.20655610112000017,-0.10218536704000006,-0.23899475360764355,-0.20654602496311508,-0.10217933933482773,8.147373344227954e-05,2.4288969019245923,1.2755794671489826,1.4364668702934145,-0.42952275636380616,4.5544663452551895,8.50386311432655,4.788222900978049,-1.4317425212126873,0.7127030980754077,0.29532053285101734,0.1344331297065855,1.1413772436361938,1.3364336547448108,1.9681368856734487,0.44777709902195095,3.8042574787873127,0.1344331297065855,0.44777709902195095,jnt3,q3_act,True
0.92,xyz_pitch,-0.24206031360000002,-0.20476381184,-0.10158793728,-0.24199223937444175,-0.20475376482230295,-0.10158186626858301,7.10241469522891e-05,2.439357902470173,1.275246796839804,1.4313597671719696,-0.43496483585184664,4.574081947253278,8.50164531226536,4.7711992239065655,-1.4498827861728223,0.7022420975298269,0.29565320316019594,0.1395402328280304,1.1359351641481532,1.3168180527467221,1.9703546877346394,0.4648007760934343,3.7861172138271773,0.1395402328280304,0.4648007760934343,jnt3,q3_act,True
0.93,xyz_pitch,-0.24449992639999973,-0.20330004416000017,-0.10110001472000006,-0.24444278864383812,-0.20329073874684495,-0.10109435022471097,5.982826726969378e-05,2.4478496191778114,1.2750515283211268,1.4269918177416427,-0.4395306093071065,4.590004911265351,8.500343522140845,4.756639392472143,-1.4651020310236884,0.6937503808221885,0.2958484716788732,0.14390818225835722,1.1313693906928934,1.3008950887346495,1.9716564778591543,0.47936060752785714,3.7708979689763114,0.14390818225835722,0.47936060752785714,jnt3,q3_act,True
0.9400000000000001,xyz_pitch,-0.24642027519999987,-0.2021478348800001,-0.10071594496000003,-0.2463742540110289,-0.20213977684544548,-0.10071101362264662,4.833607135940424e-05,2.45450178352036,1.2749491871021421,1.4234227292688173,-0.44320471187208116,4.602478499006863,8.499661247347614,4.744742430896058,-1.477349039573604,0.6870982164796398,0.29595081289785785,0.14747727073118266,1.1276952881279187,1.2884215009931372,1.9723387526523855,0.4912575691039418,3.7586509604263956,0.14747727073118266,0.4912575691039418,jnt3,q3_act,True
0.9500000000000001,xyz_pitch,-0.24785999999999997,-0.20128400000000002,-0.10042800000000002,-0.24782482622162194,-0.20127749188639263,-0.10042400315148153,3.703898857352455e-05,2.4594716880428287,1.2749050638663555,1.420664409126683,-0.44600981057834943,4.611797652433581,8.49936709244237,4.735548030422277,-1.4866993685944982,0.6821283119571713,0.29599493613364447,0.15023559087331706,1.1248901894216505,1.2791023475664192,1.9726329075576299,0.500451969577723,3.7493006314055015,0.15023559087331706,0.500451969577723,jnt3,q3_act,True
0.96,xyz_pitch,-0.24886868480000035,-0.2006787891199998,-0.10022626303999993,-0.24884362864035503,-0.2006739429560731,-0.10022328024551266,2.6444393534417936e-05,2.4629464186717804,1.274893879393724,1.418681967139221,-0.4480059414019751,4.618313179583312,8.499292529291493,4.72893989046407,-1.4933531380065836,0.6786535813282195,0.29600612060627607,0.15221803286077895,1.122894058598025,1.272586820416688,1.9727074707085066,0.5070601095359297,3.742646861993416,0.15221803286077895,0.5070601095359297,jnt3,q3_act,True
0.97,xyz_pitch,-0.24950743359999983,-0.20029553984000012,-0.10009851328000004,-0.24949131077743125,-0.20029229319763414,-0.1000965130689625,1.705319062197857e-05,2.465145751652519,1.2748986725087268,1.4173962344609756,-0.4492891072047475,4.622437186672641,8.499324483391513,4.724654114869919,-1.4976303573491585,0.6764542483474809,0.29600132749127317,0.15350376553902434,1.1216108927952524,1.2684628133273597,1.9726755166084864,0.5113458851300807,3.7383696426508415,0.15350376553902434,0.5113458851300807,jnt3,q3_act,True
0.98,xyz_pitch,-0.24984944640000006,-0.20009033215999997,-0.10003011072,-0.24984063800450462,-0.20008847212252567,-0.10002896494012944,9.342155734828351e-06,2.4663255146830863,1.2749090744897011,1.4166874134275684,-0.44998935627114856,4.624649380617075,8.499393829931341,4.722291378091895,-1.4999645209038286,0.6752744853169137,0.2959909255102988,0.15421258657243153,1.1209106437288514,1.2662506193829248,1.9726061700686586,0.5137086219081048,3.736035479096171,0.15421258657243153,0.5137086219081048,jnt3,q3_act,True
0.99,xyz_pitch,-0.24998059519999982,-0.20001164288000012,-0.10000388096000004,-0.24997707535328723,-0.20001083184855598,-0.10000338201312281,3.7541475221382654e-06,2.4667812100385227,1.27491923400338,1.4163993327247437,-0.450268604089715,4.625503862813656,8.499461560022533,4.721331109082479,-1.5008953469657167,0.6748187899614773,0.29598076599662004,0.15450066727525624,1.120631395910285,1.265396137186344,1.9725384399774661,0.5146688909175205,3.7351046530342833,0.15450066727525624,0.5146688909175205,jnt3,q3_act,True
1.0,xyz_pitch,-0.25,-0.2,-0.1,-0.249999363796039,-0.1999998007858774,-0.09999987783849809,6.979984101907608e-07,2.466851606894873,1.2749257403936387,1.4163435325816336,-0.4503186244782299,4.6256358651694605,8.499504935957592,4.7211451086054455,-1.5010620815940998,0.6747483931051268,0.29597425960636126,0.15455646741836637,1.1205813755217702,1.2652641348305398,1.9724950640424073,0.5148548913945543,3.7349379184059,0.15455646741836637,0.5148548913945543,jnt3,q3_act,True
0.0,xyz_roll_pitch,0.25,-0.2,-0.1,0.2500018898137445,-0.2000013099297351,-0.10000051815019775,7.2045388963977665e-06,0.6747446842757915,1.2749341285043383,1.416323108787094,-0.4503314344465235,1.2652253596020842,8.49956085669559,4.7210770292903135,-1.5011047814884118,2.4668553157242084,0.29596587149566167,0.15457689121290596,1.1205685655534765,4.625674640397916,1.9724391433044097,0.5149229707096863,3.7348952185115882,0.15457689121290596,0.5149229707096863,jnt3,q3_act,True
0.01,xyz_roll_pitch,0.2499805952,-0.20001164288,-0.10000388096,0.24998117949587897,-0.200011818309106,-0.10000398800159052,6.81083315366956e-06,0.6748107266499082,1.274929313838907,1.4163731558639294,-0.45028574657162107,1.2653491967933774,8.499528758926047,4.721243852879765,-1.5009524885720702,2.466789273350092,0.2959706861610929,0.15452684413607054,1.120614253428379,4.625550803206623,1.9724712410739524,0.5147561471202344,3.7350475114279296,0.15452684413607054,0.5147561471202344,jnt3,q3_act,True
0.02,xyz_roll_pitch,0.2498494464,-0.20009033216000002,-0.10003011072000001,0.24985254954726113,-0.2000908632015033,-0.10003043943472273,7.522288186407869e-06,0.6752545974664678,1.2749366046302049,1.4166140903782396,-0.45003813452687824,1.2661815065937891,8.499577364201366,4.722046967927466,-1.5001271150895943,2.4663454025335323,0.2959633953697951,0.15428590962176036,1.1208618654731217,4.6247184934062116,1.9724226357986332,0.5139530320725338,3.7358728849104055,0.15428590962176036,0.5139530320725338,jnt3,q3_act,True
0.03,xyz_roll_pitch,0.2495074336,-0.20029553984,-0.10009851328000001,0.2495155799922195,-0.20029696067387753,-0.10009938963534737,1.0917281227499439e-05,0.6764156918507863,1.2749539165479982,1.4172481470214056,-0.4493880099221901,1.2683586946386394,8.499692776986654,4.724160490071352,-1.497960033073967,2.4651843081492135,0.2959460834520018,0.1536518529785944,1.1215119900778099,4.622541305361361,1.9723072230133454,0.5118395099286479,3.7380399669260327,0.1536518529785944,0.5118395099286479,jnt3,q3_act,True
0.04,xyz_roll_pitch,0.2488686848,-0.20067878912,-0.10022626304,0.24888394983286738,-0.20068148642428743,-0.10022792015998933,1.7415396341118964e-05,0.6785903480005789,1.2749845729034244,1.4184376287217328,-0.4481696246472391,1.2724364297779467,8.499897152689496,4.728125429072443,-1.4938987488241304,2.463009651999421,0.2959154270965756,0.15246237127826712,1.1227303753527609,4.618463570222054,1.972102847310504,0.507874570927557,3.7421012511758693,0.15246237127826712,0.507874570927557,jnt3,q3_act,True
0.05,xyz_roll_pitch,0.24786,-0.20128400000000002,-0.100428,0.2478840525598651,-0.20128824509304186,-0.10043059420733219,2.6165494249100686e-05,0.6820351141970117,1.2750363472543553,1.4203085405190032,-0.44624909011358993,1.2788957701050285,8.500242315029036,4.734361801730011,-1.4874969670452998,2.459564885802988,0.29586365274564463,0.15059145948099673,1.1246509098864101,4.612004229894971,1.9717576849709637,0.5016381982699887,3.7485030329546998,0.15059145948099673,0.5016381982699887,jnt3,q3_act,True
0.06,xyz_roll_pitch,0.2464202752,-0.20214783488000002,-0.10071594496000001,0.24645434521666842,-0.20215375321585013,-0.10071953443985499,3.6404262409310887e-05,0.6869703733593691,1.2751232410469084,1.4229469796973466,-0.44352618613340683,1.2881499594212809,8.50082160697939,4.743156598991155,-1.4784206204446895,2.4546296266406307,0.2957767589530915,0.14795302030265334,1.1273738138665932,4.602750040578719,1.97117839302061,0.4928434010088445,3.7575793795553105,0.14795302030265334,0.4928434010088445,jnt3,q3_act,True
0.07,xyz_roll_pitch,0.2444999264,-0.20330004416,-0.10110001472,0.24454480195938816,-0.20330760453483956,-0.10110455484691028,4.752870822100931e-05,0.6935837263128536,1.2752674297693551,1.4263950550811162,-0.43993650220402436,1.3005507712598041,8.501782865129035,4.7546501836037205,-1.466455007346748,2.4480162736871462,0.2956325702306448,0.14450494491888377,1.1309634977959755,4.590349228740196,1.970217134870964,0.4813498163962793,3.769544992653252,0.14450494491888377,0.4813498163962793,jnt3,q3_act,True
0.08,xyz_roll_pitch,0.2420603136,-0.20476381184,-0.10158793728000001,0.2421163230916912,-0.20477279562030853,-0.10159326153195367,5.898042644481849e-05,0.7020329004313064,1.2755003836419592,1.4306483661784442,-0.43545283366411186,1.3163939629313828,8.503335890946396,4.768827887261481,-1.4515094455470396,2.4395670995686936,0.2953996163580408,0.1402516338215558,1.135447166335888,4.574506037068618,1.968664109053604,0.46717211273851866,3.78449055445296,0.1402516338215558,0.46717211273851866,jnt3,q3_act,True
0.09,xyz_roll_pitch,0.2390731648,-0.20655610112,-0.10218536704,0.23914019007083837,-0.2065660890275094,-0.10219118262500237,7.024309335237479e-05,0.7124480166232551,1.2758634495551118,1.4356545196525232,-0.43008609076946924,1.3359235263890026,8.505756330367412,4.785515065508411,-1.4336203025648975,2.429151983376745,0.2950365504448882,0.13524548034747674,1.1408139092305307,4.5549764736109974,1.966243669632588,0.45048493449158844,3.8023796974351023,0.13524548034747674,0.45048493449158844,jnt3,q3_act,True
0.1,xyz_roll_pitch,0.23552,-0.208688,-0.102896,0.2355975057801573,-0.20869836404652362,-0.10290188824103672,8.084963562324346e-05,0.7249330891679919,1.276407493047611,1.4413135008991824,-0.42388528920860186,1.359334500596272,8.509383286984074,4.8043783363306085,-1.4129509640286728,2.4166669108320082,0.29449250695238893,0.12958649910081754,1.1470147107913982,4.531565499403728,1.962616713015926,0.43162166366939125,3.823049035971327,0.12958649910081754,0.43162166366939125,jnt3,q3_act,True
0.11,xyz_roll_pitch,0.2313915552,-0.21116506688,-0.10372168896,0.2314786359878206,-0.2111749698457909,-0.10372711200593204,9.040199100707594e-05,0.7395666917664078,1.277191689070565,1.4474797986116836,-0.4169366393131301,1.3867742204507927,8.514611260470433,4.824932662038946,-1.3897887977104337,2.4020333082335923,0.29370831092943495,0.12342020138831633,1.1539633606868698,4.504125779549208,1.9573887395295664,0.4110673379610539,3.846211202289566,0.12342020138831633,0.4110673379610539,jnt3,q3_act,True
0.12,xyz_roll_pitch,0.2266872064,-0.21398767616,-0.10466255872,0.2267826481366273,-0.2139960788409134,-0.10466687210698894,9.85941116566994e-05,0.75640177613328,1.2782815309146003,1.4539662568631582,-0.4093616892737048,1.4183419766234389,8.521876872764002,4.846554189543861,-1.3645389642456827,2.3851982238667198,0.2926184690853997,0.1169337431368418,1.161538310726295,4.472558023376561,1.9501231272359973,0.3894458104561389,3.871461035754317,0.1169337431368418,0.3894458104561389,jnt3,q3_act,True
0.13,xyz_roll_pitch,0.22141439359999998,-0.21715136384,-0.10571712128,0.2215167458688351,-0.21715703989513907,-0.1057195914384203,0.000105235241945139,0.7754646899210811,1.279746212148788,1.4605495127546544,-0.4013145091512729,1.454087174050405,8.531641414325254,4.868498375848848,-1.3377150305042431,2.366135310078919,0.29115378785121204,0.11035048724534557,1.169585490848727,4.436812825949595,1.9403585856747458,0.36750162415115195,3.898284969495757,0.11035048724534557,0.36750162415115195,jnt3,q3_act,True
0.14,xyz_roll_pitch,0.2155880448,-0.22064717312,-0.10688239104000001,0.21569569872703173,-0.22064873106037744,-0.10688221645358531,0.0001102727604635429,0.7967535068534501,1.2816555949743762,1.4669768076904859,-0.3929779141437665,1.4940062007377652,8.544370633162508,4.88992269230162,-1.3099263804792216,2.34484649314655,0.28924440502562376,0.10392319230951408,1.1779220858562334,4.3968937992622354,1.9276293668374915,0.34607730769837985,3.9260736195207784,0.10392319230951408,0.34607730769837985,jnt3,q3_act,True
0.15,xyz_roll_pitch,0.20923000000000003,-0.224462,-0.108154,0.20934126680767612,-0.2244579117302893,-0.10815033465305718,0.00011381417118665486,0.8202358573269006,1.2840770167546736,1.4729739181125234,-0.3845587294816616,1.5380383598854315,8.560513445031157,4.909913060375079,-1.2818624316055387,2.321364142673099,0.2868229832453264,0.09792608188747653,1.1863412705183385,4.352861640114568,1.9114865549688425,0.3260869396249211,3.954137568394461,0.09792608188747653,0.3260869396249211,jnt3,q3_act,True
0.16,xyz_roll_pitch,0.20236843519999997,-0.22857893888000003,-0.10952631296000001,0.2024816208236667,-0.2285675741686666,-0.10951829071691146,0.00011614699034722279,0.8458465270924297,1.2870722009968376,1.478253926820765,-0.376282109638327,1.5860613671337516,8.580481339978919,4.9275130894025505,-1.2542736987944234,2.2957534729075704,0.28382779900316235,0.0926460731792349,1.1946178903616729,4.3048386328662485,1.891518660021081,0.30848691059744926,3.981726301205576,0.0926460731792349,0.30848691059744926,jnt3,q3_act,True
0.17,xyz_roll_pitch,0.1950372864,-0.23297762816,-0.11099254272,0.19515075865438405,-0.23295729379972502,-0.11097930111897808,0.00011775207927845497,0.8734851672884165,1.2906945258655695,1.4825265456350034,-0.36838494809334144,1.6378870566068189,8.604630172437131,4.941755152116678,-1.2279498269778049,2.2681148327115834,0.2802054741344304,0.08837345436499655,1.2025150519066585,4.253012943393181,1.867369827562868,0.2942448478833217,4.008050173022195,0.08837345436499655,0.2942448478833217,jnt3,q3_act,True
0.18,xyz_roll_pitch,0.1872756736,-0.23763459584000002,-0.11254486528,0.18738791940892188,-0.23760357879844882,-0.11252556793075785,0.00011929878235464093,0.9030145258084492,1.2949868684699828,1.485507685459487,-0.3611084634801593,1.6932580645198747,8.633245789799886,4.951692284864957,-1.2036948782671977,2.2385854741915505,0.2759131315300172,0.08539231454051288,1.2097915365198406,4.197641935480125,1.838754210200113,0.2843077151350428,4.0323051217328025,0.08539231454051288,0.2843077151350428,jnt3,q3_act,True
0.19,xyz_roll_pitch,0.1791273248,-0.24252360512,-0.11417453504000001,0.17923699586630468,-0.24248021856917928,-0.11414839198726887,0.0001216014289796923,0.9342596416663335,1.2999801734330407,1.4869289678476143,-0.35469011947503987,1.7518463185192827,8.666534489553605,4.956429892825382,-1.182300398250133,2.2073403583336666,0.27091982656695923,0.08397103215238566,1.2162098805249602,4.139053681480718,1.8054655104463944,0.27957010717461817,4.053699601749867,0.08397103215238566,0.27957010717461817,jnt3,q3_act,True
0.2,xyz_roll_pitch,0.17064,-0.247616,-0.115872,0.17074594666826504,-0.24755863081742183,-0.11583828558954659,0.00012551712169743144,0.9670084278789898,1.3056928061359008,1.486546862164755,-0.3493551339031442,1.813254130656272,8.704618707572672,4.95515620721585,-1.1645171130104808,2.17459157212101,0.2652071938640992,0.0843531378352449,1.2215448660968558,4.077645869343728,1.767381292427327,0.2808437927841494,4.071482886989519,0.0843531378352449,0.2808437927841494,jnt3,q3_act,True
0.21,xyz_roll_pitch,0.16186491520000001,-0.25288105088,-0.11762701696,0.1619662086982307,-0.2528082073729992,-0.11758508546255911,0.00013178789382492555,1.0010139930354423,1.3121306507522132,1.4841511298308132,-0.34530793533720233,1.8770185506008668,8.747537671681423,4.9471704327693775,-1.1510264511240078,2.1405860069645577,0.2587693492477867,0.08674887016918675,1.2255920646627976,4.0138814493991335,1.7244623283185767,0.28882956723062225,4.0849735488759915,0.08674887016918675,0.28882956723062225,jnt3,q3_act,True
0.22,xyz_roll_pitch,0.15285616640000002,-0.25828630016,-0.11942876672,0.15295211046865156,-0.25819665876659853,-0.11937806605407777,0.00014087883861185955,1.0359989024662368,1.319287810025813,1.4795722679665988,-0.342724017844477,1.9426193558339337,8.795252066838753,4.931907559888663,-1.1424133928149234,2.1056010975337633,0.251612189974187,0.09132773203340117,1.228175982155523,3.9482806441660667,1.6767479331612467,0.3040924401113365,4.093586607185077,0.09132773203340117,0.3040924401113365,jnt3,q3_act,True
0.23,xyz_roll_pitch,0.14367015360000002,-0.26379790784,-0.12126596928,0.1437602864088105,-0.2636903578160208,-0.12120605373237645,0.0001528897825113926,1.0716613748654074,1.3271476837432867,1.4726876749584603,-0.34174269430675963,2.0094906710395786,8.847651224955245,4.908958916528201,-1.1391423143558654,2.0699386251345926,0.24375231625671323,0.09821232504153965,1.2291573056932403,3.8814093289604217,1.624348775044755,0.3270410834717987,4.096857685644134,0.09821232504153965,0.3270410834717987,jnt3,q3_act,True
0.24,xyz_roll_pitch,0.13436500480000002,-0.26938099711999997,-0.12312699903999999,0.13444909217906625,-0.2692546825676468,-0.12305754176836989,0.00016757803797769568,1.1076831680329087,1.3356841560974675,1.4634263144984123,-0.34246124166072955,2.0770357547963787,8.904561040649783,4.878087714994708,-1.1415374722024318,2.0339168319670913,0.23521584390253247,0.10747368550158765,1.2284387583392704,3.8138642452036216,1.5674389593502163,0.35791228500529204,4.0944625277975675,0.10747368550158765,0.35791228500529204,jnt3,q3_act,True
0.25,xyz_roll_pitch,0.125,-0.275,-0.125,0.1250780208040876,-0.2748543588656388,-0.12492080616087897,0.00018445655694736542,1.1437386737762252,1.3448626267970774,1.4517717323329467,-0.3449308491221166,2.144644053583771,8.965750845313849,4.839239107776489,-1.149769497073722,1.9978613262237748,0.2260373732029226,0.11912826766705331,1.2259691508778834,3.746255946416229,1.5062491546861505,0.39676089222351063,4.086230502926278,0.11912826766705331,0.39676089222351063,jnt3,q3_act,True
0.26,xyz_roll_pitch,0.11563499519999998,-0.28061900288,-0.12687300096,0.11570711909187933,-0.28045380257396924,-0.12678402180092366,0.0002029030046743863,1.179504562232853,1.3546406723192588,1.4377633765662785,-0.34915463238052125,2.2117092860169754,9.030937815461726,4.792544588554262,-1.1638487746017376,1.962095437767147,0.2162593276807412,0.13313662343372146,1.2217453676194787,3.679190713983025,1.4410621845382732,0.4434554114457381,4.072151225398262,0.13313662343372146,0.4434554114457381,jnt3,q3_act,True
0.27,xyz_roll_pitch,0.10632984639999996,-0.28620209216000003,-0.12873403072,0.10639640503234696,-0.28601746202536005,-0.12863537890326265,0.00022223971676449555,1.2146692257199243,1.3649682207622158,1.4214962617944469,-0.35508779053732753,2.277647151171806,9.099788138414773,4.738320872648156,-1.1836259684577586,1.9269307742800756,0.20593177923778416,0.14940373820555308,1.2158122094626724,3.613252848828194,1.3722118615852263,0.4976791273518435,4.052374031542241,0.14940373820555308,0.4976791273518435,jnt3,q3_act,True
0.28,xyz_roll_pitch,0.09714383360000003,-0.29171369983999995,-0.13057123327999998,0.09720528578919106,-0.29151016028298227,-0.1304631990130647,0.00024177857643487637,1.248941299718798,1.3757872319995919,1.4031191136969117,-0.3626397776892846,2.3419113064293984,9.17191487999728,4.677063712323039,-1.2087992589642822,1.8926587002812019,0.1951127680004081,0.1677808863030883,1.2082602223107153,3.548988693570602,1.30008512000272,0.5589362876769606,4.027200741035718,0.1677808863030883,0.5589362876769606,jnt3,q3_act,True
0.29,xyz_roll_pitch,0.08813508480000004,-0.29711894912,-0.13237298304,0.08819197688035538,-0.296897437273768,-0.13225605038490607,0.00026084087575507087,1.2820566691892668,1.387030986672975,1.3828311856805036,-0.37167819435805155,2.4040065051364463,9.246873244486501,4.609437285601679,-1.2389273145268385,1.8595433308107332,0.18386901332702488,0.1880688143194964,1.1992218056419484,3.486893494863554,1.2251267555134984,0.6265627143983208,3.997072685473161,0.18386901332702488,0.6265627143983208,jnt2,q3_act,True
0.3,xyz_roll_pitch,0.0793600000000001,-0.30238399999999993,-0.13412799999999997,0.0794129230343511,-0.3021458914319239,-0.1340028624228576,0.00027876386142697116,1.313783577710055,1.3986231704720649,1.3608779694239734,-0.38203399054432285,2.463498176842406,9.324154469813767,4.536259898079912,-1.273446635147743,1.827816422289945,0.1722768295279351,0.21002203057602653,1.188866009455677,3.4274018231575942,1.147845530186233,0.6997401019200877,3.9625533648522566,0.1722768295279351,0.6997401019200877,jnt2,q3_act,True
0.31,xyz_roll_pitch,0.07087267519999996,-0.30747639488,-0.13582546496,0.0709222212340974,-0.3072235205081505,-0.13569303881147457,0.0002949020766409344,1.3439256989213035,1.4104769883123511,1.3375460104555192,-0.3935075346637053,2.5200181866141076,9.40317992208234,4.458486701518398,-1.311691782212351,1.7976743010786964,0.16042301168764883,0.23335398954448072,1.1773924653362946,3.3708818133858927,1.0688200779176587,0.777513298481602,3.9243082177876487,0.16042301168764883,0.777513298481602,jnt2,q3_act,True
0.32,xyz_roll_pitch,0.06272432639999978,-0.31236540416000014,-0.13745513472000004,0.06277104608100614,-0.3121000605774409,-0.13731656931713174,0.00030862853777306287,1.3723232593404495,1.4224945549021561,1.3131569978951803,-0.4058751323322448,2.573266940447121,9.483297032681042,4.377189992983935,-1.3529171077741495,1.7692767406595504,0.1484054450978438,0.2577430021048197,1.1650248676677553,3.3176330595528793,0.9887029673189573,0.8588100070160651,3.8830828922258505,0.1484054450978438,0.8588100070160651,jnt2,q3_act,True
0.33,xyz_roll_pitch,0.05496271359999999,-0.31702237184,-0.13900745728,0.055007077969571445,-0.3167473225986433,-0.13886413965697383,0.00031933870199083743,1.3988524816584997,1.4345667885939053,1.288061226430091,-0.4188956697863058,2.623012341381023,9.563778590626036,4.293537421433637,-1.396318899287686,1.7427475183415002,0.13633321140609467,0.28283877356990894,1.1520043302136942,3.267887658618977,0.9082214093739633,0.9424625785663627,3.8396811007123137,0.13633321140609467,0.9082214093739633,jnt2,q2_act,True
0.34,xyz_roll_pitch,0.047631564800000165,-0.3214210611199999,-0.14047368703999996,0.04767393354169841,-0.3211395252043306,-0.14032723933179125,0.00032645933908461306,1.4234237345508762,1.4465739992427027,1.2626304511242414,-0.4323171700213467,2.6690863201779043,9.643826661618018,4.208768170414138,-1.4410572334044889,1.7181762654491237,0.12432600075729727,0.3082695488757585,1.1385828299786533,3.221813679822096,0.8281733383819816,1.0272318295858618,3.794942766595511,0.12432600075729727,0.8281733383819816,jnt2,q2_act,True
0.35000000000000003,xyz_roll_pitch,0.040770000000000084,-0.32553799999999994,-0.14184599999999997,0.04081059851183105,-0.32525362247482803,-0.1416982667668164,0.00032946419883102745,1.445978819692026,1.4583873131214082,1.2372500803243582,-0.44588317288861595,2.7113797481568085,9.722582087476056,4.124166934414528,-1.4862772429620532,1.695621180307974,0.11251268687859173,0.3336499196756417,1.125016827111384,3.1795202518431918,0.7494179125239437,1.111833065585472,3.7497227570379463,0.11251268687859173,0.7494179125239437,jnt2,q2_act,True
0.36,xyz_roll_pitch,0.0344119551999999,-0.32935282688,-0.14311760896000003,0.03445086257154394,-0.32906962587328253,-0.14297063129214352,0.0003278975796894612,1.4664878177365863,1.4698710297672999,1.2123105971926431,-0.459338953396162,2.7498365230387893,9.799140198448667,4.0410353239754775,-1.5311298446538733,1.6751121822634136,0.10102897023270008,0.35858940280735685,1.111561046603838,3.141063476961211,0.6728598015513327,1.1949646760245223,3.7048701553461267,0.10102897023270008,0.6728598015513327,jnt2,q2_act,True
0.37,xyz_roll_pitch,0.02858560640000002,-0.33284863615999993,-0.14428287872,0.028622755494788047,-0.33257091942929035,-0.14413885211365202,0.0003214065056234227,1.4849458672750797,1.4808859542722237,1.1881980885170373,-0.4724376557388304,2.7844475291113437,9.872573028481492,3.9606602950567913,-1.5747921857961014,1.6566541327249202,0.09001404572777627,0.3827019114829626,1.0984623442611696,3.1064524708886565,0.5994269715185077,1.2753397049432085,3.661207814203898,0.09001404572777627,0.5994269715185077,jnt2,q2_act,True
0.38,xyz_roll_pitch,0.023312793599999826,-0.3360123238400001,-0.14533744128000003,0.023347984359086114,-0.33574456922505197,-0.1451986541540629,0.0003097805583896931,1.5013701787233362,1.4912936895543083,1.1652837921867956,-0.4849464473412677,2.8152450379211253,9.941957930362056,3.8842793072893187,-1.6164881578042256,1.6402298212766637,0.07960631044569166,0.4056162078132044,1.0859535526587323,3.075654962078875,0.5300420696379433,1.351720692710681,3.619511842195774,0.07960631044569166,0.5300420696379433,jnt2,q2_act,True
0.39,xyz_roll_pitch,0.018608444800000234,-0.33883493311999985,-0.14627831103999994,0.01864137053150627,-0.33858162944707315,-0.1461470624835198,0.00029299628621481434,1.5157975130271057,1.5009618071547595,1.1439126715588335,-0.4966527665715695,2.8422979805496076,10.006412047698397,3.813042238529445,-1.6555092219052316,1.6258024869728942,0.0699381928452405,0.4269873284411665,1.0742472334284305,3.0486020194503927,0.4655879523016022,1.4229577614705549,3.5804907780947683,0.0699381928452405,0.4655879523016022,jnt2,q2_act,True
0.4,xyz_roll_pitch,0.014479999999999882,-0.34131200000000006,-0.147104,0.014510285696445305,-0.3410774488735077,-0.14698249701451635,0.0002712617014338492,1.528282282329736,1.5097697257919764,1.1243911882044737,-0.5073706642560405,2.865708386142389,10.065131505279844,3.747970627348246,-1.691235547520135,1.613317717670264,0.06113027420802353,0.44650881179552626,1.0635293357439595,3.0251916138576114,0.40686849472015574,1.488029372651754,3.544764452479865,0.06113027420802353,0.40686849472015574,jnt2,q2_act,True
0.41000000000000003,xyz_roll_pitch,0.010926835200000262,-0.3434438988799998,-0.14781463295999994,0.010954085035874438,-0.34323198458279525,-0.1477048711212063,0.00024505270748180876,1.5388953731011168,1.5176150365167231,1.106974637948304,-0.5169471366560304,2.88560917513804,10.117433576778154,3.6899154598276804,-1.723157122186768,1.6027046268988832,0.053284963483276826,0.4639253620516959,1.0539528633439694,3.00529082486196,0.3545664232218453,1.5460845401723193,3.512842877813232,0.053284963483276826,0.3545664232218453,jnt2,q2_act,True
0.42,xyz_roll_pitch,0.007939686400000201,-0.34523618815999985,-0.14841206271999996,0.00796353647932539,-0.34505012968891363,-0.14831569741153577,0.0002151335768017053,1.5477237414559093,1.524419908630424,1.0918546460930425,-0.5252682212171856,2.9021634004423578,10.162799390869493,3.6395154869768085,-1.7508940707239522,1.5938762585440907,0.04648009136957598,0.47904535390695746,1.0456317787828144,2.9887365995576425,0.3092006091305066,1.5964845130231913,3.4851059292760476,0.04648009136957598,0.3092006091305066,jnt2,q2_act,True
0.43,xyz_roll_pitch,0.005500073599999933,-0.34669995584,-0.14889998528,0.005520244629378961,-0.3465420620233512,-0.14881820453966108,0.00018255316047935882,1.554870794470798,1.530137136331223,1.079147598164756,-0.5322645203056889,2.915564962442899,10.200914242208155,3.5971586605491868,-1.7742150676856299,1.586729205529202,0.040762863668776905,0.49175240183524394,1.0386354796943111,2.9753350375571013,0.27108575779184463,1.638841339450813,3.46178493231437,0.040762863668776905,0.27108575779184463,jnt2,q2_act,True
0.44,xyz_roll_pitch,0.003579724800000239,-0.34785216511999983,-0.14928405503999995,0.0035960686158191583,-0.3477236177944605,-0.1492174667703766,0.0001486122356182921,1.5604575404384426,1.5347553482185525,1.0688848849777453,-0.5379157527688768,2.926040765869947,10.231702321457018,3.5629496165924843,-1.7930525092295895,1.5811424595615573,0.036144651781447434,0.5020151150222547,1.032984247231123,2.9648592341300533,0.24029767854298179,1.6730503834075154,3.4429474907704103,0.036144651781447434,0.24029767854298179,jnt2,q2_act,True
0.45,xyz_roll_pitch,0.0021399999999995867,-0.34871600000000025,-0.1495720000000001,0.0021525353074365945,-0.3486166971435843,-0.1495205499818489,0.00011479418614767046,1.5646244598096166,1.5383029785188753,1.0610057138173092,-0.5422539839562371,2.933854228032283,10.255353190125836,3.5366857127243643,-1.8075132798541238,1.5769755401903833,0.032597021481124644,0.5098942861826907,1.028646016043763,2.9570457719677172,0.21664680987416318,1.6993142872756355,3.4284867201458757,0.032597021481124644,0.21664680987416318,jnt2,q2_act,True
0.46,xyz_roll_pitch,0.0011313152000000937,-0.3493212108799999,-0.14977373695999996,0.0011402457245340432,-0.34924964804760744,-0.1497366475433304,8.271896172467005e-05,1.5675340317804942,1.540850462563652,1.0553535441434923,-0.5453650032320471,2.939310016464456,10.272336417091015,3.5178451471449743,-1.8178833441068236,1.5740659682195057,0.030049537436347862,0.5155464558565077,1.025534996767953,2.9515899835355444,0.19966358290898434,1.7181548528550254,3.418116655893176,0.030049537436347862,0.19966358290898434,jnt2,q2_act,True
0.47000000000000003,xyz_roll_pitch,0.0004925663999997276,-0.3497044601600001,-0.14990148672000003,0.0004982875797804605,-0.34965774550505707,-0.14987726291314096,5.399089144605262e-05,1.569373779548843,1.5425111620758354,1.0516750721955446,-0.5473884404829903,2.942759759139027,10.283407747172236,3.505583573985149,-1.8246281349433011,1.572226220451157,0.02838883792416458,0.5192249278044554,1.0235115595170097,2.9481402408609734,0.18859225282776393,1.730416426014851,3.4113718650566986,0.02838883792416458,0.18859225282776393,jnt2,q2_act,True
0.48,xyz_roll_pitch,0.00015055359999993634,-0.34990966784,-0.14996988928,0.00015364183275119533,-0.3498835654880933,-0.1499563411275557,3.0163796704309942e-05,1.5703597207923032,1.5434403058523238,1.0496232284465286,-0.548515834842837,2.944608514517726,10.289602039015493,3.498744094821762,-1.82838611614279,1.5712402792076967,0.027459694147676128,0.5212767715534714,1.022384165157163,2.9462914854822744,0.1823979609845061,1.737255905178238,3.40761388385721,0.027459694147676128,0.1823979609845061,jnt2,q2_act,True
0.49,xyz_roll_pitch,1.9404800000177858e-05,-0.34998835711999987,-0.14999611903999996,2.0599325360595654e-05,-0.3499773894867437,-0.14999041404952873,1.267465170095896e-05,1.5707399815142258,1.54383309715994,1.048761782920781,-0.5489879337429749,2.945321547935919,10.292220647732934,3.4958726097359367,-1.8299597791432498,1.5708600184857742,0.02706690284005986,0.522138217079219,1.0219120662570251,2.945578452064081,0.1797793522670652,1.740127390264063,3.4060402208567497,0.02706690284005986,0.1797793522670652,jnt2,q2_act,True
0.5,xyz_roll_pitch,0.0,-0.35,-0.15,1.8332841101212363e-07,-0.3499975657488557,-0.1499987238688699,2.8388346965889483e-06,1.5707983161705599,1.5439223967384075,1.0485706786403035,-0.5490916795440384,2.9454309322530654,10.29281597825605,3.4952355954676784,-1.830305598480128,1.57080168382944,0.026977603261592487,0.5223293213596965,1.0218083204559616,2.945469067746935,0.17918402174394998,1.7407644045323214,3.405694401519872,0.026977603261592487,0.17918402174394998,jnt2,q2_act,True
0.51,xyz_roll_pitch,-1.9404800000000052e-05,-0.34998835712,-0.14999611904,-1.9230519868749988e-05,-0.34998926314100176,-0.14999658150923253,1.1287718342917226e-06,1.5708537859852503,1.5438918474551642,1.048641887376686,-0.5490517793163726,2.9455349446563854,10.292612316367762,3.495472957922287,-1.8301725977212422,1.5707462140147497,0.027008152544835795,0.5222581126233139,1.0218482206836272,2.945365055343615,0.17938768363223723,1.7405270420777126,3.4058274022787574,0.027008152544835795,0.17938768363223723,jnt2,q2_act,True
0.52,xyz_roll_pitch,-0.0001505536000000004,-0.34990966784,-0.14996988928,-0.000149387725753749,-0.3499177640740033,-0.14997406615425443,9.376704343890544e-06,1.5712257625189472,1.5436092358085292,1.0492782932931153,-0.5486996226135754,2.946232444250792,10.290728238723528,3.497594310977051,-1.8289987420452514,1.5703742374810528,0.027290764191470807,0.5216217067068847,1.0222003773864246,2.9446675557492084,0.18127176127647182,1.7384056890229487,3.4070012579547484,0.027290764191470807,0.18127176127647182,jnt2,q2_act,True
0.53,xyz_roll_pitch,-0.0004925664000000012,-0.34970446015999995,-0.14990148672,-0.0004895368821444036,-0.3497261613289865,-0.14991269348728187,2.5106092951051038e-05,1.5721986118436322,1.5428483866181448,1.0509863123732368,-0.5477555519632077,2.948056650747482,10.285655910787632,3.5032877079107894,-1.825851839877359,1.5694013881563678,0.028051613381855134,0.5199136876267632,1.0231444480367924,2.9428433492525183,0.18634408921236734,1.7327122920892104,3.410148160122641,0.028051613381855134,0.18634408921236734,jnt2,q2_act,True
0.54,xyz_roll_pitch,-0.0011313152000000028,-0.34932121087999995,-0.14977373696,-0.0011257094124903417,-0.3493622365029344,-0.1497949348123671,4.744915387637724e-05,1.574021014857494,1.5414035126690224,1.0542237299474244,-0.5459674125276046,2.9514738699746745,10.276023417793484,3.514079099824748,-1.8198913750920154,1.567578985142506,0.02949648733097754,0.5166762700525755,1.0249325874723954,2.9394261300253257,0.19597658220651581,1.7219209001752516,3.4161086249079844,0.02949648733097754,0.19597658220651581,jnt2,q2_act,True
0.55,xyz_roll_pitch,-0.0021400000000000056,-0.34871599999999997,-0.14957199999999998,-0.0021312869739232815,-0.3487808999199474,-0.1496055473485414,7.504913633872235e-05,1.5769094436251179,1.5391054003739955,1.0593660614397034,-0.5431286398141637,2.9568900124228725,10.26070266915997,3.5312202047990113,-1.8104287993805457,1.564690556374882,0.031794599626004505,0.5115339385602966,1.0277713601858363,2.9340099875771277,0.21129733084002922,1.7047797952009884,3.425571200619454,0.031794599626004505,0.21129733084002922,jnt2,q2_act,True
0.56,xyz_roll_pitch,-0.003579724800000009,-0.34785216511999995,-0.14928405504,-0.0035675724491106126,-0.34794416288740787,-0.14933162438962352,0.00010637041103599392,1.5810517775888624,1.535825369992331,1.0666977467208008,-0.5390831764728418,2.964657374064996,10.238835799948873,3.5556591557360027,-1.7969439215761394,1.5605482224111376,0.03507463000766897,0.5042022532791992,1.031816823527158,2.926242625935004,0.23316420005112626,1.680340844263997,3.43905607842386,0.03507463000766897,0.23316420005112626,jnt2,q2_act,True
0.5700000000000001,xyz_roll_pitch,-0.005500073600000013,-0.34669995583999996,-0.14889998527999998,-0.0054843545663384174,-0.3468208733622155,-0.1489625243489076,0.00013979119638056963,1.5866107518399057,1.5314772443105726,1.076407347768875,-0.5337283232197411,2.975081102268715,10.209848295403818,3.5880244925629166,-1.7790944107324702,1.5549892481600942,0.039422755689427325,0.49449265223112504,1.0371716767802588,2.915818897731285,0.26215170459618165,1.6479755074370832,3.4569055892675298,0.039422755689427325,0.26215170459618165,jnt2,q2_act,True
0.58,xyz_roll_pitch,-0.00793968639999999,-0.34523618816,-0.14841206272,-0.00792046796849026,-0.3453864419621321,-0.1484897921834428,0.0001736862793642356,1.5937270271798367,1.5260178255898822,1.0885857336157287,-0.5270160916841524,2.9884249525217266,10.173452170599216,3.628619112052429,-1.7567203056138414,1.5478729728201632,0.04488217441011777,0.4823142663842712,1.0438839083158475,2.9024750474782737,0.2985478294007837,1.6073808879475706,3.4792796943861584,0.04488217441011777,0.2985478294007837,jnt2,q2_act,True
0.59,xyz_roll_pitch,-0.01092683519999999,-0.34344389888,-0.14781463296,-0.010904351947861312,-0.3436225767301835,-0.14790708573962028,0.00020652019966483544,1.6025217276961083,1.519445645529342,1.1032277593290705,-0.5189527921074143,3.004916046683121,10.12963763686228,3.677425864430235,-1.7298426403580478,1.5390782723038916,0.05145435447065805,0.4676722406709295,1.0519472078925856,2.885983953316879,0.3423623631377204,1.5585741355697649,3.5061573596419517,0.05145435447065805,0.3423623631377204,jnt2,q2_act,True
0.6,xyz_roll_pitch,-0.014479999999999991,-0.341312,-0.14710399999999998,-0.014454610938520825,-0.34151701438131477,-0.1472101003567307,0.00023693628325413365,1.613098334296673,1.5117978843249595,1.120237668920078,-0.5095967274632487,3.0247484235827358,10.078652562166397,3.7341255630669266,-1.698655758210829,1.528501665703327,0.05910211567504042,0.45066233107992204,1.0613032725367513,2.8661515764172645,0.3933474378336026,1.5018744369330732,3.537344241789171,0.05910211567504042,0.3933474378336026,jnt2,q2_act,True
0.61,xyz_roll_pitch,-0.018608444799999995,-0.33883493311999996,-0.14627831104,-0.01858057975622255,-0.3390632347181238,-0.14639648493164306,0.00026382608814587536,1.6255438591772629,1.5031456288019032,1.1394379139784776,-0.49905412949790656,3.048085241284948,10.020970858679355,3.798126379928259,-1.6635137649930218,1.516056140822737,0.0677543711980968,0.43146208602152236,1.0718458705020935,2.8428147587150523,0.4510291413206442,1.4378736200717408,3.572486235006978,0.0677543711980968,0.4510291413206442,jnt2,q2_act,True
0.62,xyz_roll_pitch,-0.023312793599999996,-0.33601232383999996,-0.14533744128,-0.023282894991812304,-0.3362601498434132,-0.14546574502656667,0.0002863695943823253,1.6399292547617403,1.4935878693321367,1.1605806371286873,-0.4874736861185451,3.0750595438997568,9.957252462214246,3.868602123762291,-1.624912287061817,1.5016707452382596,0.07731213066786324,0.41031936287131265,1.0834263138814548,2.8158404561002435,0.5147475377857536,1.3673978762377086,3.6110877129381826,0.07731213066786324,0.5147475377857536,jnt2,q2_act,True
0.63,xyz_roll_pitch,-0.028585606400000005,-0.33284863616,-0.14428287872,-0.02855407289486892,-0.3331117661553475,-0.14441913195706663,0.00030404389857791725,1.6563090396659919,1.48324477072222,1.1833608235514546,-0.4750401212587723,3.1057735602212486,9.888298471481468,3.9445360785048487,-1.5834670708625744,1.485290960334008,0.08765522927777991,0.3875391764485454,1.0958598787412277,2.7851264397787516,0.5837015285185316,1.291463921495151,3.6525329291374256,0.08765522927777991,0.5837015285185316,jnt2,q2_act,True
0.64,xyz_roll_pitch,-0.034411955200000004,-0.32935282688,-0.14311760896,-0.03437909285253056,-0.32962682268034743,-0.14325951956357635,0.00031660461924794926,1.674720154665586,1.4722507791357002,1.2074300984979107,-0.4619672878963268,3.1402965585328824,9.815005194238003,4.024766994993036,-1.5398909596544228,1.4668798453344138,0.09864922086429972,0.36346990150208924,1.1089327121036732,2.750603441467118,0.6569948057619968,1.2112330050069637,3.696109040345577,0.09864922086429972,0.6569948057619968,jnt2,q2_act,True
0.65,xyz_roll_pitch,-0.04077000000000002,-0.325538,-0.141846,-0.04073598467556233,-0.32581841265418277,-0.14199127234207296,0.00032404827535666245,1.6951800982274778,1.46074806499701,1.2324103030529792,-0.4484911434618506,3.178661350510928,9.7383204333134,4.108034343509931,-1.4949704782061688,1.446419901772522,0.11015193500299003,0.3384896969470208,1.1224088565381494,2.7122386494890725,0.7336795666866003,1.127965656490069,3.741029521793831,0.11015193500299003,0.7336795666866003,jnt2,q2_act,True
0.66,xyz_roll_pitch,-0.04763156480000002,-0.32142106111999996,-0.14047368704,-0.04759641812840011,-0.3217035967607072,-0.14062010901741034,0.00032656541466907324,1.7176844391579658,1.4488806849623872,1.2579062358185111,-0.4348628385843095,3.2208596271478824,9.659204566415916,4.193020786061704,-1.4495427952810318,1.4239155608420342,0.12201931503761276,0.31299376418148883,1.1360371614156906,2.670040372852118,0.8127954335840837,1.0429792139382954,3.786457204718968,0.12201931503761276,0.8127954335840837,jnt2,q2_act,True
0.67,xyz_roll_pitch,-0.05496271360000003,-0.31702237184,-0.13900745728,-0.054926293034472676,-0.3173030149583443,-0.13915296529477805,0.0003244927957163502,1.7422038614764257,1.4367897104132883,1.2835172325484974,-0.42134200119417525,3.2668364175443947,9.578598069421922,4.278390775161658,-1.4044733373139175,1.3993961385235743,0.13411028958671167,0.2873827674515026,1.1495579988058247,2.6240635824556056,0.8934019305780776,0.9576092248383414,3.831526662686082,0.13411028958671167,0.8934019305780776,jnt2,q2_act,True
0.68,xyz_roll_pitch,-0.06272432640000003,-0.31236540415999997,-0.13745513471999998,-0.06268632886837522,-0.31264050231272594,-0.13759785836355684,0.00031827093952110946,1.7686809656614424,1.424609445515622,1.3088474928963747,-0.40819018492083414,3.316484090870884,9.49739630343748,4.362824976321249,-1.360633949736114,1.3729190343385576,0.146290554484378,0.26205250710362527,1.162709815079166,2.574415909129116,0.9746036965625198,0.8731750236787503,3.875366050263886,0.146290554484378,0.8731750236787503,jnt2,q3_act,True
0.6900000000000001,xyz_roll_pitch,-0.07087267520000007,-0.30747639487999995,-0.13582546495999998,-0.07083265304059631,-0.30774271099990524,-0.1359637543833667,0.00030840974016327924,1.7970271244619203,1.4124647532741228,1.333515235132313,-0.39566438294137923,3.369636460644891,9.416431688494152,4.445050783774377,-1.318881276471264,1.3445728755380797,0.15843524672587717,0.237384764867687,1.1752356170586207,2.5212635393551093,1.0555683115058478,0.7909492162256226,3.917118723528736,0.15843524672587717,0.7909492162256226,jnt2,q3_act,True
0.7000000000000001,xyz_roll_pitch,-0.07936000000000007,-0.30238399999999993,-0.13412799999999997,-0.07931738734063087,-0.3026387399421618,-0.13426043962930123,0.00029546385747104316,1.8271197599513687,1.400469434069191,1.3571608304183933,-0.38401051150410126,3.4260636788887466,9.336462893794607,4.5238694347279775,-1.2800350383470043,1.3144802400486313,0.17043056593080896,0.21373916958160666,1.1868894884958987,2.4648363211112536,1.1355371062053923,0.7121305652720222,3.9559649616529953,0.17043056593080896,0.7121305652720222,jnt2,q3_act,True
0.71,xyz_roll_pitch,-0.08813508479999994,-0.29711894912000003,-0.13237298304,-0.08808923237822357,-0.29735977097942207,-0.13249839483232617,0.00028001664550063776,1.8588004594058218,1.3887255363507076,1.3794540838974407,-0.3734568158413332,3.4854687031798646,9.258170242338052,4.598180279658136,-1.2448560528044441,1.2827995405941781,0.18217446364929235,0.19144591610255923,1.1974431841586668,2.4054312968201357,1.213829757661948,0.6378197203418638,3.991143947195556,0.18217446364929235,0.6378197203418638,jnt2,q3_act,True
0.72,xyz_roll_pitch,-0.09714383359999999,-0.29171369984,-0.13057123328,-0.09709404964857042,-0.29193871088032364,-0.13068867236407697,0.0002626716982215433,1.891874358092616,1.3773234330172888,1.400100773083704,-0.3642072541443966,3.547486139307362,9.182156220115258,4.667002576945681,-1.214024180481322,1.2497256419073839,0.1935765669827112,0.1707992269162959,1.2066927458556034,2.3434138606926385,1.289843779884741,0.5689974230543191,4.021975819518678,0.1707992269162959,0.5689974230543191,jnt3,q3_act,True
0.73,xyz_roll_pitch,-0.10632984640000001,-0.28620209216,-0.12873403072,-0.10627544114897793,-0.28640983749897675,-0.1288427755839094,0.00024404981412252312,1.9261111752341658,1.3663424520227452,1.4188484793970195,-0.3564350346338489,3.61168418382555,9.108949680151635,4.729494931323399,-1.1881167821128298,1.2154888247658342,0.20455754797725478,0.15205152060298044,1.214464965366151,2.2792158161744505,1.3630503198483641,0.5065050686766011,4.04788321788717,0.15205152060298044,0.5065050686766011,jnt3,q3_act,True
0.74,xyz_roll_pitch,-0.11563499519999998,-0.28061900288,-0.12687300096,-0.11557532709364131,-0.2808084490688055,-0.12697254012004341,0.00022478945520107966,1.9612481807479933,1.3558518201031546,1.4354916526943113,-0.35027660654938375,3.6775701870391777,9.039012134021032,4.784972175647705,-1.1675886884979458,1.1803518192520066,0.21504817989684533,0.13540834730568863,1.2206233934506163,2.2133298129608225,1.4329878659789674,0.4510278243522947,4.068411311502054,0.13540834730568863,0.4510278243522947,jnt3,q3_act,True
0.75,xyz_roll_pitch,-0.125,-0.275,-0.125,-0.12493451849765831,-0.2751705135096795,-0.12509001540024564,0.00020554640991645663,1.9969951853050276,1.3459116517667924,1.449875795527824,-0.3458264852256443,3.7446000099475487,8.97274434511195,4.832919318426081,-1.1527549507521477,1.1446048146949723,0.22498834823320757,0.12102420447217588,1.2250735147743557,2.1462999900524515,1.4992556548880493,0.4030806815739192,4.083245049247852,0.12102420447217588,0.4030806815739192,jnt3,q3_act,True
0.76,xyz_roll_pitch,-0.13436500480000002,-0.26938099711999997,-0.12312699903999999,-0.13429329242495475,-0.26953232245825687,-0.12320734983694528,0.00018699317491429717,2.033041444790331,1.3365737667769975,1.4619005176833373,-0.34313337856476084,3.812190970917553,8.910491778513316,4.873001725611124,-1.143777928549203,1.1085585552096688,0.2343262332230025,0.10899948231666268,1.2277666214352392,2.078709029082447,1.5615082214866831,0.36299827438887533,4.092222071450797,0.10899948231666268,0.36299827438887533,jnt3,q3_act,True
0.77,xyz_roll_pitch,-0.14367015360000004,-0.26379790783999996,-0.12126596928,-0.14359196264445187,-0.2639301427982808,-0.12133667536853404,0.00016980462936091092,2.0690640970600835,1.3278821098513296,1.4715213177367168,-0.34219798283626973,3.8797376655917564,8.852547399008865,4.905071059122389,-1.1406599427875659,1.0725359029399164,0.24301789014867037,0.09937868226328317,1.2287020171637302,2.011162334408244,1.619452600991135,0.3309289408776106,4.095340057212434,0.09937868226328317,0.3309289408776106,jnt3,q3_act,True
0.78,xyz_roll_pitch,-0.15285616639999997,-0.25828630016000004,-0.11942876672000001,-0.1527714498181304,-0.25839986843756163,-0.11948999308038821,0.0001546217539595751,2.1047375614556407,1.3198726753274472,1.4787498709596996,-0.3429727665507684,3.9466295920788315,8.799151168849649,4.929166236532332,-1.143242555169228,1.0368624385443592,0.25102732467255273,0.0921501290403004,1.2279272334492315,1.9442704079211688,1.6728488311503504,0.3068337634676679,4.092757444830772,0.0921501290403004,0.3068337634676679,jnt3,q3_act,True
0.79,xyz_roll_pitch,-0.16186491520000001,-0.25288105088,-0.11762701696,-0.16177385079634687,-0.2529766717702239,-0.1176790593421567,0.0001419808976229414,2.1397431832446494,1.3125729304767175,1.4836526965567962,-0.34536387592404827,4.012269235410931,8.750486203178117,4.945508988522654,-1.1512129197468277,1.0018568167553505,0.25832706952328244,0.08724730344320375,1.2255361240759517,1.8786307645890696,1.721513796821883,0.2904910114773456,4.084787080253172,0.08724730344320375,0.2904910114773456,jnt3,q3_act,True
0.8,xyz_roll_pitch,-0.17064000000000007,-0.24761599999999995,-0.11587199999999999,-0.17054300695126312,-0.24769465468159613,-0.11591527194071591,0.00013220763710416618,2.173778373677982,1.3060008452610483,1.4863481587089213,-0.3492350999541013,4.076089206221605,8.706672301740323,4.954493862363071,-1.1641169998470045,0.9678216263220181,0.26489915473895165,0.08455184129107862,1.2216649000458988,1.8148107937783955,1.7653276982596768,0.2815061376369288,4.0718830001529955,0.08455184129107862,0.2815061376369288,jnt3,q3_act,True
0.81,xyz_roll_pitch,-0.17912732480000007,-0.24252360511999996,-0.11417453504,-0.17902507192636358,-0.24258649924811584,-0.11420955586848486,0.0001253052841508494,2.2065645779752163,1.3001637330424174,1.487001849212019,-0.35441364323815105,4.137567181652384,8.667758220282783,4.95667283070673,-1.181378810793837,0.9350354220247836,0.27073626695758257,0.08389815078798102,1.216486356761849,1.7533328183476167,1.8042417797172163,0.2793271692932695,4.054621189206163,0.08389815078798102,0.2793271692932695,jnt3,q3_act,True
0.8200000000000001,xyz_roll_pitch,-0.18727567360000003,-0.23763459584,-0.11254486527999999,-0.18716907821869286,-0.2376831185835076,-0.11257224828490167,0.00012090228397496861,2.2378535757720837,1.2950571626369873,1.4858204956852308,-0.3606973023823953,4.196237719430122,8.633714417579917,4.952734985617436,-1.202324341274651,0.9037464242279163,0.2758428373630126,0.08507950431476918,1.2102026976176048,1.6946622805698786,1.8382855824200828,0.2832650143825637,4.033675658725349,0.08507950431476918,0.2832650143825637,jnt3,q3_act,True
0.8300000000000001,xyz_roll_pitch,-0.19503728640000007,-0.23297762815999995,-0.11099254271999999,-0.1949275026649113,-0.23301330825271302,-0.11101298256601719,0.00011831099549548666,2.267431852402448,1.2906642115287912,1.4830446149308594,-0.3678625568168092,4.251700454532998,8.604428076858609,4.943482049769531,-1.2262085227226973,0.874168147597552,0.2802357884712088,0.08785538506914059,1.2030374431831907,1.6391995454670019,1.8675719231413908,0.29251795023046867,4.009791477277302,0.08785538506914059,0.29251795023046867,jnt3,q3_act,True
0.84,xyz_roll_pitch,-0.2023684352000001,-0.22857893887999994,-0.10952631295999998,-0.20225683090716384,-0.22860339877362498,-0.10954057154437355,0.00011668041244829917,2.2951230209840454,1.2869552895326413,1.4789401848492472,-0.37567307136866995,4.303624640885141,8.57970193021761,4.929800616164157,-1.2522435712289,0.8464769790159545,0.2839447104673587,0.0919598151507528,1.19522692863133,1.5872753591148596,1.89229806978239,0.30619938383584255,3.9837564287711,0.0919598151507528,0.30619938383584255,jnt3,q3_act,True
0.85,xyz_roll_pitch,-0.20922999999999992,-0.22446200000000005,-0.10815400000000003,-0.20911812112460534,-0.22447690937986464,-0.10816289005373975,0.00011516601871694304,2.320788486669568,1.2838886830982013,1.4737896387196026,-0.38388815652801206,4.3517503969052465,8.559257887321342,4.912632129065342,-1.279627188426707,0.8208115133304319,0.2870113169017987,0.0971103612803974,1.1870118434719878,1.5391496030947538,1.9127421126786572,0.3233678709346579,3.956372811573293,0.0971103612803974,0.3233678709346579,jnt3,q3_act,True
0.86,xyz_roll_pitch,-0.2155880448000001,-0.22064717311999996,-0.10688239103999998,-0.21547756763284992,-0.22065420321257517,-0.10688675720853752,0.00011305141511536748,2.3443266962457803,1.2814118730655395,1.4678824918185054,-0.3922708235347186,4.395887298416989,8.54274582043693,4.892941639395018,-1.3075694117823953,0.7972733037542197,0.28948812693446047,0.10301750818149458,1.1786291764652814,1.4950127015830112,1.9292541795630687,0.3430583606049815,3.9284305882176045,0.10301750818149458,0.3430583606049815,jnt3,q3_act,True
0.87,xyz_roll_pitch,-0.22141439359999998,-0.21715136384000003,-0.10571712128,-0.22130706517130957,-0.21715214391102253,-0.1057178188537437,0.000109806488557517,2.3656713989919296,1.2794635777880843,1.461505904803335,-0.4005951778455501,4.435911117554715,8.529757185253896,4.87168634934445,-1.335317259485167,0.7759286010080704,0.2914364222119157,0.10939409519666499,1.1703048221544499,1.454988882445285,1.9422428147461037,0.36431365065555,3.9006827405148328,0.10939409519666499,0.36431365065555,jnt3,q3_act,True
0.88,xyz_roll_pitch,-0.22668720640000017,-0.2139876761599999,-0.10466255871999997,-0.22658477484525655,-0.21398375331246616,-0.10466043056860533,0.00010509992600344483,2.384789363416352,1.277976385003324,1.454935477476572,-0.40865299391872256,4.471759541376996,8.519842566688826,4.849784924921907,-1.3621766463957419,0.7568106365836478,0.2929236149966761,0.11596452252342804,1.1622470060812775,1.419140458623004,1.9521574333111733,0.38621507507809305,3.8738233536042577,0.11596452252342804,0.38621507507809305,jnt3,q3_act,True
0.89,xyz_roll_pitch,-0.23139155519999977,-0.21116506688000014,-0.10372168896000006,-0.23129569286281773,-0.2111578702403342,-0.10371754161122324,9.878825746855027e-05,2.4016779627512506,1.2768797701814572,1.448426553016082,-0.41625939354290553,4.5034276443863686,8.512531801209715,4.828088510053607,-1.3875313118096853,0.7399220372487494,0.2940202298185428,0.12247344698391793,1.1546406064570944,1.3874723556136317,1.9594681987902849,0.40791148994639315,3.8484686881903145,0.12247344698391793,0.40791148994639315,jnt3,q3_act,True
0.9,xyz_roll_pitch,-0.23552000000000012,-0.20868799999999993,-0.10289599999999999,-0.23543222296628524,-0.20867881005082942,-0.10289058006640467,9.089574752693456e-05,2.4163629795389627,1.2761032576667495,1.442206305472106,-0.4232575986342479,4.530963771871297,8.507355051111663,4.807354351573687,-1.4108586621141597,0.7252370204610372,0.2947967423332505,0.12869369452789403,1.147642401365752,1.3599362281287029,1.9646449488883366,0.42864564842631303,3.82514133788584,0.12869369452789403,0.42864564842631303,jnt3,q3_act,True
0.91,xyz_roll_pitch,-0.23907316479999974,-0.20655610112000017,-0.10218536704000006,-0.23899475347259547,-0.20654602493141302,-0.102179339372867,8.1591293243208e-05,2.428896901720976,1.2755794670688068,1.4364668709547874,-0.4295227557604734,4.554466344873385,8.503863113792045,4.788222903182625,-1.431742519201578,0.7127030982790239,0.2953205329311932,0.13443312904521254,1.1413772442395267,1.3364336551266156,1.9681368862079545,0.4477770968173749,3.8042574807984217,0.13443312904521254,0.4477770968173749,jnt3,q3_act,True
0.92,xyz_roll_pitch,-0.24206031360000002,-0.20476381184,-0.10158793728,-0.24199223923716465,-0.20475376479537002,-0.10158186630405905,7.11643083202874e-05,2.439357902255312,1.275246796747632,1.4313597678392946,-0.4349648352547964,4.574081946850388,8.501645311650881,4.771199226130983,-1.4498827841826547,0.7022420977446879,0.295653203252368,0.13954023216070532,1.1359351647452036,1.3168180531496123,1.9703546883491185,0.4648007738690172,3.7861172158173453,0.13954023216070532,0.4648007738690172,jnt3,q3_act,True
0.93,xyz_roll_pitch,-0.24449992639999973,-0.20330004416000017,-0.10110001472000006,-0.24444278850426554,-0.2032907387183551,-0.1010943502625915,5.999984837106025e-05,2.447849618966004,1.275051528229505,1.4269918184261454,-0.4395306086919589,4.590004910868187,8.500343521530034,4.756639394753818,-1.4651020289731964,0.693750381033996,0.295848471770495,0.14390818157385454,1.131369391308041,1.3008950891318136,1.9716564784699653,0.47936060524618185,3.7708979710268036,0.14390818157385454,0.47936060524618185,jnt3,q3_act,True
0.9400000000000001,xyz_roll_pitch,-0.24642027519999987,-0.2021478348800001,-0.10071594496000003,-0.24637425387146344,-0.20213977681723397,-0.10071101366279267,4.855346587289926e-05,2.454501783311019,1.274949187016715,1.4234227299516795,-0.4432047112520685,4.602478498614325,8.4996612467781,4.744742433172266,-1.4773490375068952,0.6870982166889807,0.29595081298328507,0.14747727004832045,1.1276952887479315,1.2884215013856757,1.9723387532218997,0.49125756682773414,3.7586509624931046,0.14747727004832045,0.49125756682773414,jnt3,q3_act,True
0.9500000000000001,xyz_roll_pitch,-0.24785999999999997,-0.20128400000000002,-0.10042800000000002,-0.24782482607880457,-0.20127749185666705,-0.10042400319074546,3.732735168561587e-05,2.4594716878330876,1.274905063768088,1.4206644098384587,-0.446009809941026,4.611797652040292,8.499367091787255,4.7355480327948625,-1.4866993664700867,0.6821283121669124,0.29599493623191186,0.1502355901615413,1.124890190058974,1.2791023479597081,1.972632908212745,0.5004519672051373,3.749300633529913,0.1502355901615413,0.5004519672051373,jnt3,q3_act,True
0.96,xyz_roll_pitch,-0.24886868480000035,-0.2006787891199998,-0.10022626303999993,-0.24884362849733974,-0.20067394292748075,-0.10022328028438582,2.6851801760559498e-05,2.4629464184605716,1.274893879293494,1.4186819678508231,-0.4480059407673837,4.618313179187271,8.499292528623295,4.7289398928360775,-1.493353135891279,0.6786535815394283,0.2960061207065059,0.15221803214917684,1.1228940592326162,1.2725868208127293,1.9727074713767045,0.5070601071639222,3.7426468641087207,0.15221803214917684,0.5070601071639222,jnt3,q3_act,True
0.97,xyz_roll_pitch,-0.24950743359999983,-0.20029553984000012,-0.10009851328000004,-0.24949131063327448,-0.20029229316801314,-0.10009651310766104,1.7683204487372083e-05,2.4651457514426482,1.2748986724036544,1.4173962351847134,-0.44928910656244603,4.622437186279108,8.49932448269103,4.724654117282378,-1.4976303552081536,0.6764542485573517,0.29600132759634556,0.1535037648152866,1.121610893437554,1.268462813720892,1.9726755173089696,0.511345882717622,3.738369644791846,0.1535037648152866,0.511345882717622,jnt3,q3_act,True
0.98,xyz_roll_pitch,-0.24984944640000006,-0.20009033215999997,-0.10003011072,-0.2498406378603399,-0.20008847209307465,-0.10002896498002625,1.0452373842230753e-05,2.466325514473363,1.2749090743890317,1.4166874141483026,-0.4499893556276035,4.624649380223819,8.499393829260212,4.722291380494342,-1.4999645187586783,0.675274485526637,0.2959909256109683,0.1542125858516974,1.1209106443723964,1.266250619776181,1.9726061707397875,0.5137086195056577,3.7360354812413217,0.1542125858516974,0.5137086195056577,jnt3,q3_act,True
0.99,xyz_roll_pitch,-0.24998059519999982,-0.20001164288000012,-0.10000388096000004,-0.24997707520924956,-0.20001083181951926,-0.10000338205272624,6.008754760730855e-06,2.4667812098282607,1.2749192339019901,1.4163993334444955,-0.45026860344784075,4.62550386241939,8.499461559346601,4.721331111481652,-1.500895344826136,0.6748187901717393,0.29598076609800983,0.15450066655550443,1.1206313965521593,1.26539613758061,1.9725384406533983,0.5146688885183481,3.735104655173864,0.15450066655550443,0.5146688885183481,jnt3,q3_act,True
1.0,xyz_roll_pitch,-0.25,-0.2,-0.1,-0.24999936365202055,-0.19999980075682444,-0.09999987787801715,4.74383098556091e-06,2.466851606684724,1.2749257402918839,1.416343533301646,-0.4503186238364623,4.625635864775406,8.499504935279226,4.721145111005487,-1.5010620794548744,0.674748393315276,0.2959742597081161,0.15455646669835388,1.1205813761635377,1.2652641352245944,1.972495064720773,0.5148548889945124,3.7349379205451254,0.15455646669835388,0.5148548889945124,jnt3,q3_act,True
